[2024-05-08T11:22:29.922+0200] {processor.py:161} INFO - Started process (PID=156493) to work on /home/munya/.local/lib/python3.11/site-packages/airflow/example_dags/tutorial_dag.py
[2024-05-08T11:22:29.923+0200] {processor.py:830} INFO - Processing file /home/munya/.local/lib/python3.11/site-packages/airflow/example_dags/tutorial_dag.py for tasks to queue
[2024-05-08T11:22:29.925+0200] {logging_mixin.py:188} INFO - [2024-05-08T11:22:29.925+0200] {dagbag.py:540} INFO - Filling up the DagBag from /home/munya/.local/lib/python3.11/site-packages/airflow/example_dags/tutorial_dag.py
[2024-05-08T11:22:29.933+0200] {processor.py:840} INFO - DAG(s) 'tutorial_dag' retrieved from /home/munya/.local/lib/python3.11/site-packages/airflow/example_dags/tutorial_dag.py
[2024-05-08T11:22:30.041+0200] {logging_mixin.py:188} INFO - [2024-05-08T11:22:30.041+0200] {dag.py:3096} INFO - Sync 1 DAGs
[2024-05-08T11:22:30.050+0200] {logging_mixin.py:188} INFO - [2024-05-08T11:22:30.049+0200] {dag.py:3954} INFO - Setting next_dagrun for tutorial_dag to None, run_after=None
[2024-05-08T11:22:30.071+0200] {processor.py:183} INFO - Processing /home/munya/.local/lib/python3.11/site-packages/airflow/example_dags/tutorial_dag.py took 0.156 seconds
[2024-05-08T11:27:08.661+0200] {processor.py:161} INFO - Started process (PID=160379) to work on /home/munya/.local/lib/python3.11/site-packages/airflow/example_dags/tutorial_dag.py
[2024-05-08T11:27:08.662+0200] {processor.py:830} INFO - Processing file /home/munya/.local/lib/python3.11/site-packages/airflow/example_dags/tutorial_dag.py for tasks to queue
[2024-05-08T11:27:08.663+0200] {logging_mixin.py:188} INFO - [2024-05-08T11:27:08.663+0200] {dagbag.py:540} INFO - Filling up the DagBag from /home/munya/.local/lib/python3.11/site-packages/airflow/example_dags/tutorial_dag.py
[2024-05-08T11:27:08.668+0200] {processor.py:840} INFO - DAG(s) 'tutorial_dag' retrieved from /home/munya/.local/lib/python3.11/site-packages/airflow/example_dags/tutorial_dag.py
[2024-05-08T11:27:08.682+0200] {logging_mixin.py:188} INFO - [2024-05-08T11:27:08.681+0200] {dag.py:3096} INFO - Sync 1 DAGs
[2024-05-08T11:27:08.692+0200] {logging_mixin.py:188} INFO - [2024-05-08T11:27:08.692+0200] {dag.py:3954} INFO - Setting next_dagrun for tutorial_dag to None, run_after=None
[2024-05-08T11:27:08.708+0200] {processor.py:183} INFO - Processing /home/munya/.local/lib/python3.11/site-packages/airflow/example_dags/tutorial_dag.py took 0.053 seconds
[2024-05-08T11:28:05.411+0200] {processor.py:161} INFO - Started process (PID=161137) to work on /home/munya/.local/lib/python3.11/site-packages/airflow/example_dags/tutorial_dag.py
[2024-05-08T11:28:05.412+0200] {processor.py:830} INFO - Processing file /home/munya/.local/lib/python3.11/site-packages/airflow/example_dags/tutorial_dag.py for tasks to queue
[2024-05-08T11:28:05.414+0200] {logging_mixin.py:188} INFO - [2024-05-08T11:28:05.413+0200] {dagbag.py:540} INFO - Filling up the DagBag from /home/munya/.local/lib/python3.11/site-packages/airflow/example_dags/tutorial_dag.py
[2024-05-08T11:28:05.420+0200] {processor.py:840} INFO - DAG(s) 'tutorial_dag' retrieved from /home/munya/.local/lib/python3.11/site-packages/airflow/example_dags/tutorial_dag.py
[2024-05-08T11:28:05.436+0200] {logging_mixin.py:188} INFO - [2024-05-08T11:28:05.436+0200] {dag.py:3096} INFO - Sync 1 DAGs
[2024-05-08T11:28:05.446+0200] {logging_mixin.py:188} INFO - [2024-05-08T11:28:05.445+0200] {dag.py:3954} INFO - Setting next_dagrun for tutorial_dag to None, run_after=None
[2024-05-08T11:28:05.460+0200] {processor.py:183} INFO - Processing /home/munya/.local/lib/python3.11/site-packages/airflow/example_dags/tutorial_dag.py took 0.054 seconds
[2024-05-08T11:28:59.442+0200] {processor.py:161} INFO - Started process (PID=161857) to work on /home/munya/.local/lib/python3.11/site-packages/airflow/example_dags/tutorial_dag.py
[2024-05-08T11:28:59.444+0200] {processor.py:830} INFO - Processing file /home/munya/.local/lib/python3.11/site-packages/airflow/example_dags/tutorial_dag.py for tasks to queue
[2024-05-08T11:28:59.451+0200] {logging_mixin.py:188} INFO - [2024-05-08T11:28:59.450+0200] {dagbag.py:540} INFO - Filling up the DagBag from /home/munya/.local/lib/python3.11/site-packages/airflow/example_dags/tutorial_dag.py
[2024-05-08T11:28:59.469+0200] {processor.py:840} INFO - DAG(s) 'tutorial_dag' retrieved from /home/munya/.local/lib/python3.11/site-packages/airflow/example_dags/tutorial_dag.py
[2024-05-08T11:28:59.532+0200] {logging_mixin.py:188} INFO - [2024-05-08T11:28:59.531+0200] {dag.py:3096} INFO - Sync 1 DAGs
[2024-05-08T11:28:59.581+0200] {logging_mixin.py:188} INFO - [2024-05-08T11:28:59.581+0200] {dag.py:3954} INFO - Setting next_dagrun for tutorial_dag to None, run_after=None
[2024-05-08T11:28:59.663+0200] {processor.py:183} INFO - Processing /home/munya/.local/lib/python3.11/site-packages/airflow/example_dags/tutorial_dag.py took 0.245 seconds
[2024-05-08T11:30:00.577+0200] {processor.py:161} INFO - Started process (PID=162652) to work on /home/munya/.local/lib/python3.11/site-packages/airflow/example_dags/tutorial_dag.py
[2024-05-08T11:30:00.578+0200] {processor.py:830} INFO - Processing file /home/munya/.local/lib/python3.11/site-packages/airflow/example_dags/tutorial_dag.py for tasks to queue
[2024-05-08T11:30:00.580+0200] {logging_mixin.py:188} INFO - [2024-05-08T11:30:00.579+0200] {dagbag.py:540} INFO - Filling up the DagBag from /home/munya/.local/lib/python3.11/site-packages/airflow/example_dags/tutorial_dag.py
[2024-05-08T11:30:00.585+0200] {processor.py:840} INFO - DAG(s) 'tutorial_dag' retrieved from /home/munya/.local/lib/python3.11/site-packages/airflow/example_dags/tutorial_dag.py
[2024-05-08T11:30:00.598+0200] {logging_mixin.py:188} INFO - [2024-05-08T11:30:00.598+0200] {dag.py:3096} INFO - Sync 1 DAGs
[2024-05-08T11:30:00.607+0200] {logging_mixin.py:188} INFO - [2024-05-08T11:30:00.607+0200] {dag.py:3954} INFO - Setting next_dagrun for tutorial_dag to None, run_after=None
[2024-05-08T11:30:00.622+0200] {processor.py:183} INFO - Processing /home/munya/.local/lib/python3.11/site-packages/airflow/example_dags/tutorial_dag.py took 0.050 seconds
[2024-05-08T11:30:54.041+0200] {processor.py:161} INFO - Started process (PID=163348) to work on /home/munya/.local/lib/python3.11/site-packages/airflow/example_dags/tutorial_dag.py
[2024-05-08T11:30:54.042+0200] {processor.py:830} INFO - Processing file /home/munya/.local/lib/python3.11/site-packages/airflow/example_dags/tutorial_dag.py for tasks to queue
[2024-05-08T11:30:54.044+0200] {logging_mixin.py:188} INFO - [2024-05-08T11:30:54.043+0200] {dagbag.py:540} INFO - Filling up the DagBag from /home/munya/.local/lib/python3.11/site-packages/airflow/example_dags/tutorial_dag.py
[2024-05-08T11:30:54.049+0200] {processor.py:840} INFO - DAG(s) 'tutorial_dag' retrieved from /home/munya/.local/lib/python3.11/site-packages/airflow/example_dags/tutorial_dag.py
[2024-05-08T11:30:54.063+0200] {logging_mixin.py:188} INFO - [2024-05-08T11:30:54.063+0200] {dag.py:3096} INFO - Sync 1 DAGs
[2024-05-08T11:30:54.074+0200] {logging_mixin.py:188} INFO - [2024-05-08T11:30:54.074+0200] {dag.py:3954} INFO - Setting next_dagrun for tutorial_dag to None, run_after=None
[2024-05-08T11:30:54.106+0200] {processor.py:183} INFO - Processing /home/munya/.local/lib/python3.11/site-packages/airflow/example_dags/tutorial_dag.py took 0.070 seconds
[2024-05-08T11:31:49.311+0200] {processor.py:161} INFO - Started process (PID=164153) to work on /home/munya/.local/lib/python3.11/site-packages/airflow/example_dags/tutorial_dag.py
[2024-05-08T11:31:49.312+0200] {processor.py:830} INFO - Processing file /home/munya/.local/lib/python3.11/site-packages/airflow/example_dags/tutorial_dag.py for tasks to queue
[2024-05-08T11:31:49.315+0200] {logging_mixin.py:188} INFO - [2024-05-08T11:31:49.314+0200] {dagbag.py:540} INFO - Filling up the DagBag from /home/munya/.local/lib/python3.11/site-packages/airflow/example_dags/tutorial_dag.py
[2024-05-08T11:31:49.323+0200] {processor.py:840} INFO - DAG(s) 'tutorial_dag' retrieved from /home/munya/.local/lib/python3.11/site-packages/airflow/example_dags/tutorial_dag.py
[2024-05-08T11:31:49.340+0200] {logging_mixin.py:188} INFO - [2024-05-08T11:31:49.339+0200] {dag.py:3096} INFO - Sync 1 DAGs
[2024-05-08T11:31:49.352+0200] {logging_mixin.py:188} INFO - [2024-05-08T11:31:49.351+0200] {dag.py:3954} INFO - Setting next_dagrun for tutorial_dag to None, run_after=None
[2024-05-08T11:31:49.375+0200] {processor.py:183} INFO - Processing /home/munya/.local/lib/python3.11/site-packages/airflow/example_dags/tutorial_dag.py took 0.071 seconds
[2024-05-08T11:32:46.264+0200] {processor.py:161} INFO - Started process (PID=164946) to work on /home/munya/.local/lib/python3.11/site-packages/airflow/example_dags/tutorial_dag.py
[2024-05-08T11:32:46.265+0200] {processor.py:830} INFO - Processing file /home/munya/.local/lib/python3.11/site-packages/airflow/example_dags/tutorial_dag.py for tasks to queue
[2024-05-08T11:32:46.267+0200] {logging_mixin.py:188} INFO - [2024-05-08T11:32:46.266+0200] {dagbag.py:540} INFO - Filling up the DagBag from /home/munya/.local/lib/python3.11/site-packages/airflow/example_dags/tutorial_dag.py
[2024-05-08T11:32:46.272+0200] {processor.py:840} INFO - DAG(s) 'tutorial_dag' retrieved from /home/munya/.local/lib/python3.11/site-packages/airflow/example_dags/tutorial_dag.py
[2024-05-08T11:32:46.285+0200] {logging_mixin.py:188} INFO - [2024-05-08T11:32:46.285+0200] {dag.py:3096} INFO - Sync 1 DAGs
[2024-05-08T11:32:46.295+0200] {logging_mixin.py:188} INFO - [2024-05-08T11:32:46.295+0200] {dag.py:3954} INFO - Setting next_dagrun for tutorial_dag to None, run_after=None
[2024-05-08T11:32:46.309+0200] {processor.py:183} INFO - Processing /home/munya/.local/lib/python3.11/site-packages/airflow/example_dags/tutorial_dag.py took 0.050 seconds
[2024-05-08T11:33:42.683+0200] {processor.py:161} INFO - Started process (PID=165735) to work on /home/munya/.local/lib/python3.11/site-packages/airflow/example_dags/tutorial_dag.py
[2024-05-08T11:33:42.684+0200] {processor.py:830} INFO - Processing file /home/munya/.local/lib/python3.11/site-packages/airflow/example_dags/tutorial_dag.py for tasks to queue
[2024-05-08T11:33:42.687+0200] {logging_mixin.py:188} INFO - [2024-05-08T11:33:42.686+0200] {dagbag.py:540} INFO - Filling up the DagBag from /home/munya/.local/lib/python3.11/site-packages/airflow/example_dags/tutorial_dag.py
[2024-05-08T11:33:42.695+0200] {processor.py:840} INFO - DAG(s) 'tutorial_dag' retrieved from /home/munya/.local/lib/python3.11/site-packages/airflow/example_dags/tutorial_dag.py
[2024-05-08T11:33:42.713+0200] {logging_mixin.py:188} INFO - [2024-05-08T11:33:42.713+0200] {dag.py:3096} INFO - Sync 1 DAGs
[2024-05-08T11:33:42.724+0200] {logging_mixin.py:188} INFO - [2024-05-08T11:33:42.723+0200] {dag.py:3954} INFO - Setting next_dagrun for tutorial_dag to None, run_after=None
[2024-05-08T11:33:42.744+0200] {processor.py:183} INFO - Processing /home/munya/.local/lib/python3.11/site-packages/airflow/example_dags/tutorial_dag.py took 0.068 seconds
[2024-05-08T11:34:48.480+0200] {processor.py:161} INFO - Started process (PID=166555) to work on /home/munya/.local/lib/python3.11/site-packages/airflow/example_dags/tutorial_dag.py
[2024-05-08T11:34:48.485+0200] {processor.py:830} INFO - Processing file /home/munya/.local/lib/python3.11/site-packages/airflow/example_dags/tutorial_dag.py for tasks to queue
[2024-05-08T11:34:48.491+0200] {logging_mixin.py:188} INFO - [2024-05-08T11:34:48.490+0200] {dagbag.py:540} INFO - Filling up the DagBag from /home/munya/.local/lib/python3.11/site-packages/airflow/example_dags/tutorial_dag.py
[2024-05-08T11:34:48.514+0200] {processor.py:840} INFO - DAG(s) 'tutorial_dag' retrieved from /home/munya/.local/lib/python3.11/site-packages/airflow/example_dags/tutorial_dag.py
[2024-05-08T11:34:48.576+0200] {logging_mixin.py:188} INFO - [2024-05-08T11:34:48.576+0200] {dag.py:3096} INFO - Sync 1 DAGs
[2024-05-08T11:34:48.627+0200] {logging_mixin.py:188} INFO - [2024-05-08T11:34:48.627+0200] {dag.py:3954} INFO - Setting next_dagrun for tutorial_dag to None, run_after=None
[2024-05-08T11:34:48.727+0200] {processor.py:183} INFO - Processing /home/munya/.local/lib/python3.11/site-packages/airflow/example_dags/tutorial_dag.py took 0.268 seconds
[2024-05-08T11:35:44.462+0200] {processor.py:161} INFO - Started process (PID=167281) to work on /home/munya/.local/lib/python3.11/site-packages/airflow/example_dags/tutorial_dag.py
[2024-05-08T11:35:44.463+0200] {processor.py:830} INFO - Processing file /home/munya/.local/lib/python3.11/site-packages/airflow/example_dags/tutorial_dag.py for tasks to queue
[2024-05-08T11:35:44.464+0200] {logging_mixin.py:188} INFO - [2024-05-08T11:35:44.464+0200] {dagbag.py:540} INFO - Filling up the DagBag from /home/munya/.local/lib/python3.11/site-packages/airflow/example_dags/tutorial_dag.py
[2024-05-08T11:35:44.471+0200] {processor.py:840} INFO - DAG(s) 'tutorial_dag' retrieved from /home/munya/.local/lib/python3.11/site-packages/airflow/example_dags/tutorial_dag.py
[2024-05-08T11:35:44.486+0200] {logging_mixin.py:188} INFO - [2024-05-08T11:35:44.486+0200] {dag.py:3096} INFO - Sync 1 DAGs
[2024-05-08T11:35:44.496+0200] {logging_mixin.py:188} INFO - [2024-05-08T11:35:44.496+0200] {dag.py:3954} INFO - Setting next_dagrun for tutorial_dag to None, run_after=None
[2024-05-08T11:35:44.515+0200] {processor.py:183} INFO - Processing /home/munya/.local/lib/python3.11/site-packages/airflow/example_dags/tutorial_dag.py took 0.058 seconds
[2024-05-08T11:36:45.266+0200] {processor.py:161} INFO - Started process (PID=168123) to work on /home/munya/.local/lib/python3.11/site-packages/airflow/example_dags/tutorial_dag.py
[2024-05-08T11:36:45.270+0200] {processor.py:830} INFO - Processing file /home/munya/.local/lib/python3.11/site-packages/airflow/example_dags/tutorial_dag.py for tasks to queue
[2024-05-08T11:36:45.275+0200] {logging_mixin.py:188} INFO - [2024-05-08T11:36:45.274+0200] {dagbag.py:540} INFO - Filling up the DagBag from /home/munya/.local/lib/python3.11/site-packages/airflow/example_dags/tutorial_dag.py
[2024-05-08T11:36:45.296+0200] {processor.py:840} INFO - DAG(s) 'tutorial_dag' retrieved from /home/munya/.local/lib/python3.11/site-packages/airflow/example_dags/tutorial_dag.py
[2024-05-08T11:36:45.355+0200] {logging_mixin.py:188} INFO - [2024-05-08T11:36:45.354+0200] {dag.py:3096} INFO - Sync 1 DAGs
[2024-05-08T11:36:45.396+0200] {logging_mixin.py:188} INFO - [2024-05-08T11:36:45.396+0200] {dag.py:3954} INFO - Setting next_dagrun for tutorial_dag to None, run_after=None
[2024-05-08T11:36:45.462+0200] {processor.py:183} INFO - Processing /home/munya/.local/lib/python3.11/site-packages/airflow/example_dags/tutorial_dag.py took 0.218 seconds
[2024-05-08T11:37:48.531+0200] {processor.py:161} INFO - Started process (PID=168923) to work on /home/munya/.local/lib/python3.11/site-packages/airflow/example_dags/tutorial_dag.py
[2024-05-08T11:37:48.535+0200] {processor.py:830} INFO - Processing file /home/munya/.local/lib/python3.11/site-packages/airflow/example_dags/tutorial_dag.py for tasks to queue
[2024-05-08T11:37:48.545+0200] {logging_mixin.py:188} INFO - [2024-05-08T11:37:48.543+0200] {dagbag.py:540} INFO - Filling up the DagBag from /home/munya/.local/lib/python3.11/site-packages/airflow/example_dags/tutorial_dag.py
[2024-05-08T11:37:48.578+0200] {processor.py:840} INFO - DAG(s) 'tutorial_dag' retrieved from /home/munya/.local/lib/python3.11/site-packages/airflow/example_dags/tutorial_dag.py
[2024-05-08T11:37:48.658+0200] {logging_mixin.py:188} INFO - [2024-05-08T11:37:48.657+0200] {dag.py:3096} INFO - Sync 1 DAGs
[2024-05-08T11:37:48.718+0200] {logging_mixin.py:188} INFO - [2024-05-08T11:37:48.716+0200] {dag.py:3954} INFO - Setting next_dagrun for tutorial_dag to None, run_after=None
[2024-05-08T11:37:48.821+0200] {processor.py:183} INFO - Processing /home/munya/.local/lib/python3.11/site-packages/airflow/example_dags/tutorial_dag.py took 0.317 seconds
[2024-05-08T11:38:44.794+0200] {processor.py:161} INFO - Started process (PID=169674) to work on /home/munya/.local/lib/python3.11/site-packages/airflow/example_dags/tutorial_dag.py
[2024-05-08T11:38:44.795+0200] {processor.py:830} INFO - Processing file /home/munya/.local/lib/python3.11/site-packages/airflow/example_dags/tutorial_dag.py for tasks to queue
[2024-05-08T11:38:44.798+0200] {logging_mixin.py:188} INFO - [2024-05-08T11:38:44.797+0200] {dagbag.py:540} INFO - Filling up the DagBag from /home/munya/.local/lib/python3.11/site-packages/airflow/example_dags/tutorial_dag.py
[2024-05-08T11:38:44.804+0200] {processor.py:840} INFO - DAG(s) 'tutorial_dag' retrieved from /home/munya/.local/lib/python3.11/site-packages/airflow/example_dags/tutorial_dag.py
[2024-05-08T11:38:44.820+0200] {logging_mixin.py:188} INFO - [2024-05-08T11:38:44.820+0200] {dag.py:3096} INFO - Sync 1 DAGs
[2024-05-08T11:38:44.831+0200] {logging_mixin.py:188} INFO - [2024-05-08T11:38:44.831+0200] {dag.py:3954} INFO - Setting next_dagrun for tutorial_dag to None, run_after=None
[2024-05-08T11:38:44.851+0200] {processor.py:183} INFO - Processing /home/munya/.local/lib/python3.11/site-packages/airflow/example_dags/tutorial_dag.py took 0.063 seconds
[2024-05-08T11:39:37.899+0200] {processor.py:161} INFO - Started process (PID=170431) to work on /home/munya/.local/lib/python3.11/site-packages/airflow/example_dags/tutorial_dag.py
[2024-05-08T11:39:37.900+0200] {processor.py:830} INFO - Processing file /home/munya/.local/lib/python3.11/site-packages/airflow/example_dags/tutorial_dag.py for tasks to queue
[2024-05-08T11:39:37.902+0200] {logging_mixin.py:188} INFO - [2024-05-08T11:39:37.902+0200] {dagbag.py:540} INFO - Filling up the DagBag from /home/munya/.local/lib/python3.11/site-packages/airflow/example_dags/tutorial_dag.py
[2024-05-08T11:39:37.909+0200] {processor.py:840} INFO - DAG(s) 'tutorial_dag' retrieved from /home/munya/.local/lib/python3.11/site-packages/airflow/example_dags/tutorial_dag.py
[2024-05-08T11:39:37.926+0200] {logging_mixin.py:188} INFO - [2024-05-08T11:39:37.926+0200] {dag.py:3096} INFO - Sync 1 DAGs
[2024-05-08T11:39:37.940+0200] {logging_mixin.py:188} INFO - [2024-05-08T11:39:37.940+0200] {dag.py:3954} INFO - Setting next_dagrun for tutorial_dag to None, run_after=None
[2024-05-08T11:39:37.962+0200] {processor.py:183} INFO - Processing /home/munya/.local/lib/python3.11/site-packages/airflow/example_dags/tutorial_dag.py took 0.070 seconds
[2024-05-08T11:40:35.028+0200] {processor.py:161} INFO - Started process (PID=171198) to work on /home/munya/.local/lib/python3.11/site-packages/airflow/example_dags/tutorial_dag.py
[2024-05-08T11:40:35.028+0200] {processor.py:830} INFO - Processing file /home/munya/.local/lib/python3.11/site-packages/airflow/example_dags/tutorial_dag.py for tasks to queue
[2024-05-08T11:40:35.030+0200] {logging_mixin.py:188} INFO - [2024-05-08T11:40:35.030+0200] {dagbag.py:540} INFO - Filling up the DagBag from /home/munya/.local/lib/python3.11/site-packages/airflow/example_dags/tutorial_dag.py
[2024-05-08T11:40:35.035+0200] {processor.py:840} INFO - DAG(s) 'tutorial_dag' retrieved from /home/munya/.local/lib/python3.11/site-packages/airflow/example_dags/tutorial_dag.py
[2024-05-08T11:40:35.048+0200] {logging_mixin.py:188} INFO - [2024-05-08T11:40:35.048+0200] {dag.py:3096} INFO - Sync 1 DAGs
[2024-05-08T11:40:35.058+0200] {logging_mixin.py:188} INFO - [2024-05-08T11:40:35.057+0200] {dag.py:3954} INFO - Setting next_dagrun for tutorial_dag to None, run_after=None
[2024-05-08T11:40:35.074+0200] {processor.py:183} INFO - Processing /home/munya/.local/lib/python3.11/site-packages/airflow/example_dags/tutorial_dag.py took 0.052 seconds
[2024-05-08T11:41:30.509+0200] {processor.py:161} INFO - Started process (PID=171937) to work on /home/munya/.local/lib/python3.11/site-packages/airflow/example_dags/tutorial_dag.py
[2024-05-08T11:41:30.510+0200] {processor.py:830} INFO - Processing file /home/munya/.local/lib/python3.11/site-packages/airflow/example_dags/tutorial_dag.py for tasks to queue
[2024-05-08T11:41:30.512+0200] {logging_mixin.py:188} INFO - [2024-05-08T11:41:30.511+0200] {dagbag.py:540} INFO - Filling up the DagBag from /home/munya/.local/lib/python3.11/site-packages/airflow/example_dags/tutorial_dag.py
[2024-05-08T11:41:30.518+0200] {processor.py:840} INFO - DAG(s) 'tutorial_dag' retrieved from /home/munya/.local/lib/python3.11/site-packages/airflow/example_dags/tutorial_dag.py
[2024-05-08T11:41:30.531+0200] {logging_mixin.py:188} INFO - [2024-05-08T11:41:30.531+0200] {dag.py:3096} INFO - Sync 1 DAGs
[2024-05-08T11:41:30.541+0200] {logging_mixin.py:188} INFO - [2024-05-08T11:41:30.541+0200] {dag.py:3954} INFO - Setting next_dagrun for tutorial_dag to None, run_after=None
[2024-05-08T11:41:30.556+0200] {processor.py:183} INFO - Processing /home/munya/.local/lib/python3.11/site-packages/airflow/example_dags/tutorial_dag.py took 0.053 seconds
[2024-05-08T11:42:24.107+0200] {processor.py:161} INFO - Started process (PID=172646) to work on /home/munya/.local/lib/python3.11/site-packages/airflow/example_dags/tutorial_dag.py
[2024-05-08T11:42:24.108+0200] {processor.py:830} INFO - Processing file /home/munya/.local/lib/python3.11/site-packages/airflow/example_dags/tutorial_dag.py for tasks to queue
[2024-05-08T11:42:24.110+0200] {logging_mixin.py:188} INFO - [2024-05-08T11:42:24.109+0200] {dagbag.py:540} INFO - Filling up the DagBag from /home/munya/.local/lib/python3.11/site-packages/airflow/example_dags/tutorial_dag.py
[2024-05-08T11:42:24.115+0200] {processor.py:840} INFO - DAG(s) 'tutorial_dag' retrieved from /home/munya/.local/lib/python3.11/site-packages/airflow/example_dags/tutorial_dag.py
[2024-05-08T11:42:24.128+0200] {logging_mixin.py:188} INFO - [2024-05-08T11:42:24.128+0200] {dag.py:3096} INFO - Sync 1 DAGs
[2024-05-08T11:42:24.137+0200] {logging_mixin.py:188} INFO - [2024-05-08T11:42:24.137+0200] {dag.py:3954} INFO - Setting next_dagrun for tutorial_dag to None, run_after=None
[2024-05-08T11:42:24.155+0200] {processor.py:183} INFO - Processing /home/munya/.local/lib/python3.11/site-packages/airflow/example_dags/tutorial_dag.py took 0.053 seconds
[2024-05-08T11:43:17.823+0200] {processor.py:161} INFO - Started process (PID=173404) to work on /home/munya/.local/lib/python3.11/site-packages/airflow/example_dags/tutorial_dag.py
[2024-05-08T11:43:17.824+0200] {processor.py:830} INFO - Processing file /home/munya/.local/lib/python3.11/site-packages/airflow/example_dags/tutorial_dag.py for tasks to queue
[2024-05-08T11:43:17.826+0200] {logging_mixin.py:188} INFO - [2024-05-08T11:43:17.826+0200] {dagbag.py:540} INFO - Filling up the DagBag from /home/munya/.local/lib/python3.11/site-packages/airflow/example_dags/tutorial_dag.py
[2024-05-08T11:43:17.831+0200] {processor.py:840} INFO - DAG(s) 'tutorial_dag' retrieved from /home/munya/.local/lib/python3.11/site-packages/airflow/example_dags/tutorial_dag.py
[2024-05-08T11:43:17.845+0200] {logging_mixin.py:188} INFO - [2024-05-08T11:43:17.845+0200] {dag.py:3096} INFO - Sync 1 DAGs
[2024-05-08T11:43:17.854+0200] {logging_mixin.py:188} INFO - [2024-05-08T11:43:17.854+0200] {dag.py:3954} INFO - Setting next_dagrun for tutorial_dag to None, run_after=None
[2024-05-08T11:43:17.871+0200] {processor.py:183} INFO - Processing /home/munya/.local/lib/python3.11/site-packages/airflow/example_dags/tutorial_dag.py took 0.053 seconds
[2024-05-08T11:44:15.419+0200] {processor.py:161} INFO - Started process (PID=174366) to work on /home/munya/.local/lib/python3.11/site-packages/airflow/example_dags/tutorial_dag.py
[2024-05-08T11:44:15.420+0200] {processor.py:830} INFO - Processing file /home/munya/.local/lib/python3.11/site-packages/airflow/example_dags/tutorial_dag.py for tasks to queue
[2024-05-08T11:44:15.422+0200] {logging_mixin.py:188} INFO - [2024-05-08T11:44:15.421+0200] {dagbag.py:540} INFO - Filling up the DagBag from /home/munya/.local/lib/python3.11/site-packages/airflow/example_dags/tutorial_dag.py
[2024-05-08T11:44:15.428+0200] {processor.py:840} INFO - DAG(s) 'tutorial_dag' retrieved from /home/munya/.local/lib/python3.11/site-packages/airflow/example_dags/tutorial_dag.py
[2024-05-08T11:44:15.448+0200] {logging_mixin.py:188} INFO - [2024-05-08T11:44:15.447+0200] {dag.py:3096} INFO - Sync 1 DAGs
[2024-05-08T11:44:15.464+0200] {logging_mixin.py:188} INFO - [2024-05-08T11:44:15.464+0200] {dag.py:3954} INFO - Setting next_dagrun for tutorial_dag to None, run_after=None
[2024-05-08T11:44:15.494+0200] {processor.py:183} INFO - Processing /home/munya/.local/lib/python3.11/site-packages/airflow/example_dags/tutorial_dag.py took 0.081 seconds
[2024-05-08T11:45:12.556+0200] {processor.py:161} INFO - Started process (PID=175111) to work on /home/munya/.local/lib/python3.11/site-packages/airflow/example_dags/tutorial_dag.py
[2024-05-08T11:45:12.557+0200] {processor.py:830} INFO - Processing file /home/munya/.local/lib/python3.11/site-packages/airflow/example_dags/tutorial_dag.py for tasks to queue
[2024-05-08T11:45:12.558+0200] {logging_mixin.py:188} INFO - [2024-05-08T11:45:12.558+0200] {dagbag.py:540} INFO - Filling up the DagBag from /home/munya/.local/lib/python3.11/site-packages/airflow/example_dags/tutorial_dag.py
[2024-05-08T11:45:12.564+0200] {processor.py:840} INFO - DAG(s) 'tutorial_dag' retrieved from /home/munya/.local/lib/python3.11/site-packages/airflow/example_dags/tutorial_dag.py
[2024-05-08T11:45:12.578+0200] {logging_mixin.py:188} INFO - [2024-05-08T11:45:12.577+0200] {dag.py:3096} INFO - Sync 1 DAGs
[2024-05-08T11:45:12.587+0200] {logging_mixin.py:188} INFO - [2024-05-08T11:45:12.587+0200] {dag.py:3954} INFO - Setting next_dagrun for tutorial_dag to None, run_after=None
[2024-05-08T11:45:12.604+0200] {processor.py:183} INFO - Processing /home/munya/.local/lib/python3.11/site-packages/airflow/example_dags/tutorial_dag.py took 0.053 seconds
[2024-05-08T11:46:05.601+0200] {processor.py:161} INFO - Started process (PID=175817) to work on /home/munya/.local/lib/python3.11/site-packages/airflow/example_dags/tutorial_dag.py
[2024-05-08T11:46:05.602+0200] {processor.py:830} INFO - Processing file /home/munya/.local/lib/python3.11/site-packages/airflow/example_dags/tutorial_dag.py for tasks to queue
[2024-05-08T11:46:05.603+0200] {logging_mixin.py:188} INFO - [2024-05-08T11:46:05.603+0200] {dagbag.py:540} INFO - Filling up the DagBag from /home/munya/.local/lib/python3.11/site-packages/airflow/example_dags/tutorial_dag.py
[2024-05-08T11:46:05.608+0200] {processor.py:840} INFO - DAG(s) 'tutorial_dag' retrieved from /home/munya/.local/lib/python3.11/site-packages/airflow/example_dags/tutorial_dag.py
[2024-05-08T11:46:05.621+0200] {logging_mixin.py:188} INFO - [2024-05-08T11:46:05.621+0200] {dag.py:3096} INFO - Sync 1 DAGs
[2024-05-08T11:46:05.631+0200] {logging_mixin.py:188} INFO - [2024-05-08T11:46:05.631+0200] {dag.py:3954} INFO - Setting next_dagrun for tutorial_dag to None, run_after=None
[2024-05-08T11:46:05.650+0200] {processor.py:183} INFO - Processing /home/munya/.local/lib/python3.11/site-packages/airflow/example_dags/tutorial_dag.py took 0.054 seconds
[2024-05-08T11:47:04.255+0200] {processor.py:161} INFO - Started process (PID=176589) to work on /home/munya/.local/lib/python3.11/site-packages/airflow/example_dags/tutorial_dag.py
[2024-05-08T11:47:04.258+0200] {processor.py:830} INFO - Processing file /home/munya/.local/lib/python3.11/site-packages/airflow/example_dags/tutorial_dag.py for tasks to queue
[2024-05-08T11:47:04.264+0200] {logging_mixin.py:188} INFO - [2024-05-08T11:47:04.263+0200] {dagbag.py:540} INFO - Filling up the DagBag from /home/munya/.local/lib/python3.11/site-packages/airflow/example_dags/tutorial_dag.py
[2024-05-08T11:47:04.283+0200] {processor.py:840} INFO - DAG(s) 'tutorial_dag' retrieved from /home/munya/.local/lib/python3.11/site-packages/airflow/example_dags/tutorial_dag.py
[2024-05-08T11:47:04.333+0200] {logging_mixin.py:188} INFO - [2024-05-08T11:47:04.332+0200] {dag.py:3096} INFO - Sync 1 DAGs
[2024-05-08T11:47:04.370+0200] {logging_mixin.py:188} INFO - [2024-05-08T11:47:04.369+0200] {dag.py:3954} INFO - Setting next_dagrun for tutorial_dag to None, run_after=None
[2024-05-08T11:47:04.427+0200] {processor.py:183} INFO - Processing /home/munya/.local/lib/python3.11/site-packages/airflow/example_dags/tutorial_dag.py took 0.191 seconds
[2024-05-08T11:48:01.927+0200] {processor.py:161} INFO - Started process (PID=177565) to work on /home/munya/.local/lib/python3.11/site-packages/airflow/example_dags/tutorial_dag.py
[2024-05-08T11:48:01.928+0200] {processor.py:830} INFO - Processing file /home/munya/.local/lib/python3.11/site-packages/airflow/example_dags/tutorial_dag.py for tasks to queue
[2024-05-08T11:48:01.930+0200] {logging_mixin.py:188} INFO - [2024-05-08T11:48:01.929+0200] {dagbag.py:540} INFO - Filling up the DagBag from /home/munya/.local/lib/python3.11/site-packages/airflow/example_dags/tutorial_dag.py
[2024-05-08T11:48:01.936+0200] {processor.py:840} INFO - DAG(s) 'tutorial_dag' retrieved from /home/munya/.local/lib/python3.11/site-packages/airflow/example_dags/tutorial_dag.py
[2024-05-08T11:48:01.952+0200] {logging_mixin.py:188} INFO - [2024-05-08T11:48:01.951+0200] {dag.py:3096} INFO - Sync 1 DAGs
[2024-05-08T11:48:01.962+0200] {logging_mixin.py:188} INFO - [2024-05-08T11:48:01.962+0200] {dag.py:3954} INFO - Setting next_dagrun for tutorial_dag to None, run_after=None
[2024-05-08T11:48:01.981+0200] {processor.py:183} INFO - Processing /home/munya/.local/lib/python3.11/site-packages/airflow/example_dags/tutorial_dag.py took 0.062 seconds
[2024-05-08T11:48:59.487+0200] {processor.py:161} INFO - Started process (PID=178319) to work on /home/munya/.local/lib/python3.11/site-packages/airflow/example_dags/tutorial_dag.py
[2024-05-08T11:48:59.488+0200] {processor.py:830} INFO - Processing file /home/munya/.local/lib/python3.11/site-packages/airflow/example_dags/tutorial_dag.py for tasks to queue
[2024-05-08T11:48:59.490+0200] {logging_mixin.py:188} INFO - [2024-05-08T11:48:59.489+0200] {dagbag.py:540} INFO - Filling up the DagBag from /home/munya/.local/lib/python3.11/site-packages/airflow/example_dags/tutorial_dag.py
[2024-05-08T11:48:59.495+0200] {processor.py:840} INFO - DAG(s) 'tutorial_dag' retrieved from /home/munya/.local/lib/python3.11/site-packages/airflow/example_dags/tutorial_dag.py
[2024-05-08T11:48:59.508+0200] {logging_mixin.py:188} INFO - [2024-05-08T11:48:59.508+0200] {dag.py:3096} INFO - Sync 1 DAGs
[2024-05-08T11:48:59.517+0200] {logging_mixin.py:188} INFO - [2024-05-08T11:48:59.517+0200] {dag.py:3954} INFO - Setting next_dagrun for tutorial_dag to None, run_after=None
[2024-05-08T11:48:59.532+0200] {processor.py:183} INFO - Processing /home/munya/.local/lib/python3.11/site-packages/airflow/example_dags/tutorial_dag.py took 0.050 seconds
[2024-05-08T11:49:57.603+0200] {processor.py:161} INFO - Started process (PID=179091) to work on /home/munya/.local/lib/python3.11/site-packages/airflow/example_dags/tutorial_dag.py
[2024-05-08T11:49:57.604+0200] {processor.py:830} INFO - Processing file /home/munya/.local/lib/python3.11/site-packages/airflow/example_dags/tutorial_dag.py for tasks to queue
[2024-05-08T11:49:57.606+0200] {logging_mixin.py:188} INFO - [2024-05-08T11:49:57.605+0200] {dagbag.py:540} INFO - Filling up the DagBag from /home/munya/.local/lib/python3.11/site-packages/airflow/example_dags/tutorial_dag.py
[2024-05-08T11:49:57.611+0200] {processor.py:840} INFO - DAG(s) 'tutorial_dag' retrieved from /home/munya/.local/lib/python3.11/site-packages/airflow/example_dags/tutorial_dag.py
[2024-05-08T11:49:57.625+0200] {logging_mixin.py:188} INFO - [2024-05-08T11:49:57.624+0200] {dag.py:3096} INFO - Sync 1 DAGs
[2024-05-08T11:49:57.634+0200] {logging_mixin.py:188} INFO - [2024-05-08T11:49:57.634+0200] {dag.py:3954} INFO - Setting next_dagrun for tutorial_dag to None, run_after=None
[2024-05-08T11:49:57.649+0200] {processor.py:183} INFO - Processing /home/munya/.local/lib/python3.11/site-packages/airflow/example_dags/tutorial_dag.py took 0.051 seconds
[2024-05-08T11:50:55.147+0200] {processor.py:161} INFO - Started process (PID=179832) to work on /home/munya/.local/lib/python3.11/site-packages/airflow/example_dags/tutorial_dag.py
[2024-05-08T11:50:55.148+0200] {processor.py:830} INFO - Processing file /home/munya/.local/lib/python3.11/site-packages/airflow/example_dags/tutorial_dag.py for tasks to queue
[2024-05-08T11:50:55.149+0200] {logging_mixin.py:188} INFO - [2024-05-08T11:50:55.149+0200] {dagbag.py:540} INFO - Filling up the DagBag from /home/munya/.local/lib/python3.11/site-packages/airflow/example_dags/tutorial_dag.py
[2024-05-08T11:50:55.154+0200] {processor.py:840} INFO - DAG(s) 'tutorial_dag' retrieved from /home/munya/.local/lib/python3.11/site-packages/airflow/example_dags/tutorial_dag.py
[2024-05-08T11:50:55.167+0200] {logging_mixin.py:188} INFO - [2024-05-08T11:50:55.167+0200] {dag.py:3096} INFO - Sync 1 DAGs
[2024-05-08T11:50:55.176+0200] {logging_mixin.py:188} INFO - [2024-05-08T11:50:55.176+0200] {dag.py:3954} INFO - Setting next_dagrun for tutorial_dag to None, run_after=None
[2024-05-08T11:50:55.193+0200] {processor.py:183} INFO - Processing /home/munya/.local/lib/python3.11/site-packages/airflow/example_dags/tutorial_dag.py took 0.051 seconds
[2024-05-08T11:51:48.713+0200] {processor.py:161} INFO - Started process (PID=180540) to work on /home/munya/.local/lib/python3.11/site-packages/airflow/example_dags/tutorial_dag.py
[2024-05-08T11:51:48.717+0200] {processor.py:830} INFO - Processing file /home/munya/.local/lib/python3.11/site-packages/airflow/example_dags/tutorial_dag.py for tasks to queue
[2024-05-08T11:51:48.724+0200] {logging_mixin.py:188} INFO - [2024-05-08T11:51:48.723+0200] {dagbag.py:540} INFO - Filling up the DagBag from /home/munya/.local/lib/python3.11/site-packages/airflow/example_dags/tutorial_dag.py
[2024-05-08T11:51:48.748+0200] {processor.py:840} INFO - DAG(s) 'tutorial_dag' retrieved from /home/munya/.local/lib/python3.11/site-packages/airflow/example_dags/tutorial_dag.py
[2024-05-08T11:51:48.808+0200] {logging_mixin.py:188} INFO - [2024-05-08T11:51:48.807+0200] {dag.py:3096} INFO - Sync 1 DAGs
[2024-05-08T11:51:48.860+0200] {logging_mixin.py:188} INFO - [2024-05-08T11:51:48.860+0200] {dag.py:3954} INFO - Setting next_dagrun for tutorial_dag to None, run_after=None
[2024-05-08T11:51:48.931+0200] {processor.py:183} INFO - Processing /home/munya/.local/lib/python3.11/site-packages/airflow/example_dags/tutorial_dag.py took 0.239 seconds
[2024-05-08T11:52:54.515+0200] {processor.py:161} INFO - Started process (PID=181376) to work on /home/munya/.local/lib/python3.11/site-packages/airflow/example_dags/tutorial_dag.py
[2024-05-08T11:52:54.516+0200] {processor.py:830} INFO - Processing file /home/munya/.local/lib/python3.11/site-packages/airflow/example_dags/tutorial_dag.py for tasks to queue
[2024-05-08T11:52:54.518+0200] {logging_mixin.py:188} INFO - [2024-05-08T11:52:54.517+0200] {dagbag.py:540} INFO - Filling up the DagBag from /home/munya/.local/lib/python3.11/site-packages/airflow/example_dags/tutorial_dag.py
[2024-05-08T11:52:54.524+0200] {processor.py:840} INFO - DAG(s) 'tutorial_dag' retrieved from /home/munya/.local/lib/python3.11/site-packages/airflow/example_dags/tutorial_dag.py
[2024-05-08T11:52:54.540+0200] {logging_mixin.py:188} INFO - [2024-05-08T11:52:54.539+0200] {dag.py:3096} INFO - Sync 1 DAGs
[2024-05-08T11:52:54.553+0200] {logging_mixin.py:188} INFO - [2024-05-08T11:52:54.552+0200] {dag.py:3954} INFO - Setting next_dagrun for tutorial_dag to None, run_after=None
[2024-05-08T11:52:54.584+0200] {processor.py:183} INFO - Processing /home/munya/.local/lib/python3.11/site-packages/airflow/example_dags/tutorial_dag.py took 0.075 seconds
[2024-05-08T11:53:48.040+0200] {processor.py:161} INFO - Started process (PID=182065) to work on /home/munya/.local/lib/python3.11/site-packages/airflow/example_dags/tutorial_dag.py
[2024-05-08T11:53:48.040+0200] {processor.py:830} INFO - Processing file /home/munya/.local/lib/python3.11/site-packages/airflow/example_dags/tutorial_dag.py for tasks to queue
[2024-05-08T11:53:48.042+0200] {logging_mixin.py:188} INFO - [2024-05-08T11:53:48.042+0200] {dagbag.py:540} INFO - Filling up the DagBag from /home/munya/.local/lib/python3.11/site-packages/airflow/example_dags/tutorial_dag.py
[2024-05-08T11:53:48.048+0200] {processor.py:840} INFO - DAG(s) 'tutorial_dag' retrieved from /home/munya/.local/lib/python3.11/site-packages/airflow/example_dags/tutorial_dag.py
[2024-05-08T11:53:48.065+0200] {logging_mixin.py:188} INFO - [2024-05-08T11:53:48.065+0200] {dag.py:3096} INFO - Sync 1 DAGs
[2024-05-08T11:53:48.078+0200] {logging_mixin.py:188} INFO - [2024-05-08T11:53:48.077+0200] {dag.py:3954} INFO - Setting next_dagrun for tutorial_dag to None, run_after=None
[2024-05-08T11:53:48.098+0200] {processor.py:183} INFO - Processing /home/munya/.local/lib/python3.11/site-packages/airflow/example_dags/tutorial_dag.py took 0.065 seconds
[2024-05-08T11:54:46.725+0200] {processor.py:161} INFO - Started process (PID=182843) to work on /home/munya/.local/lib/python3.11/site-packages/airflow/example_dags/tutorial_dag.py
[2024-05-08T11:54:46.726+0200] {processor.py:830} INFO - Processing file /home/munya/.local/lib/python3.11/site-packages/airflow/example_dags/tutorial_dag.py for tasks to queue
[2024-05-08T11:54:46.728+0200] {logging_mixin.py:188} INFO - [2024-05-08T11:54:46.727+0200] {dagbag.py:540} INFO - Filling up the DagBag from /home/munya/.local/lib/python3.11/site-packages/airflow/example_dags/tutorial_dag.py
[2024-05-08T11:54:46.734+0200] {processor.py:840} INFO - DAG(s) 'tutorial_dag' retrieved from /home/munya/.local/lib/python3.11/site-packages/airflow/example_dags/tutorial_dag.py
[2024-05-08T11:54:46.751+0200] {logging_mixin.py:188} INFO - [2024-05-08T11:54:46.751+0200] {dag.py:3096} INFO - Sync 1 DAGs
[2024-05-08T11:54:46.766+0200] {logging_mixin.py:188} INFO - [2024-05-08T11:54:46.766+0200] {dag.py:3954} INFO - Setting next_dagrun for tutorial_dag to None, run_after=None
[2024-05-08T11:54:46.782+0200] {processor.py:183} INFO - Processing /home/munya/.local/lib/python3.11/site-packages/airflow/example_dags/tutorial_dag.py took 0.063 seconds
[2024-05-08T11:55:50.288+0200] {processor.py:161} INFO - Started process (PID=183664) to work on /home/munya/.local/lib/python3.11/site-packages/airflow/example_dags/tutorial_dag.py
[2024-05-08T11:55:50.289+0200] {processor.py:830} INFO - Processing file /home/munya/.local/lib/python3.11/site-packages/airflow/example_dags/tutorial_dag.py for tasks to queue
[2024-05-08T11:55:50.291+0200] {logging_mixin.py:188} INFO - [2024-05-08T11:55:50.291+0200] {dagbag.py:540} INFO - Filling up the DagBag from /home/munya/.local/lib/python3.11/site-packages/airflow/example_dags/tutorial_dag.py
[2024-05-08T11:55:50.297+0200] {processor.py:840} INFO - DAG(s) 'tutorial_dag' retrieved from /home/munya/.local/lib/python3.11/site-packages/airflow/example_dags/tutorial_dag.py
[2024-05-08T11:55:50.312+0200] {logging_mixin.py:188} INFO - [2024-05-08T11:55:50.312+0200] {dag.py:3096} INFO - Sync 1 DAGs
[2024-05-08T11:55:50.324+0200] {logging_mixin.py:188} INFO - [2024-05-08T11:55:50.324+0200] {dag.py:3954} INFO - Setting next_dagrun for tutorial_dag to None, run_after=None
[2024-05-08T11:55:50.349+0200] {processor.py:183} INFO - Processing /home/munya/.local/lib/python3.11/site-packages/airflow/example_dags/tutorial_dag.py took 0.068 seconds
[2024-05-08T11:56:46.893+0200] {processor.py:161} INFO - Started process (PID=184448) to work on /home/munya/.local/lib/python3.11/site-packages/airflow/example_dags/tutorial_dag.py
[2024-05-08T11:56:46.894+0200] {processor.py:830} INFO - Processing file /home/munya/.local/lib/python3.11/site-packages/airflow/example_dags/tutorial_dag.py for tasks to queue
[2024-05-08T11:56:46.895+0200] {logging_mixin.py:188} INFO - [2024-05-08T11:56:46.895+0200] {dagbag.py:540} INFO - Filling up the DagBag from /home/munya/.local/lib/python3.11/site-packages/airflow/example_dags/tutorial_dag.py
[2024-05-08T11:56:46.900+0200] {processor.py:840} INFO - DAG(s) 'tutorial_dag' retrieved from /home/munya/.local/lib/python3.11/site-packages/airflow/example_dags/tutorial_dag.py
[2024-05-08T11:56:46.913+0200] {logging_mixin.py:188} INFO - [2024-05-08T11:56:46.913+0200] {dag.py:3096} INFO - Sync 1 DAGs
[2024-05-08T11:56:46.922+0200] {logging_mixin.py:188} INFO - [2024-05-08T11:56:46.922+0200] {dag.py:3954} INFO - Setting next_dagrun for tutorial_dag to None, run_after=None
[2024-05-08T11:56:46.938+0200] {processor.py:183} INFO - Processing /home/munya/.local/lib/python3.11/site-packages/airflow/example_dags/tutorial_dag.py took 0.051 seconds
[2024-05-08T11:57:36.081+0200] {processor.py:161} INFO - Started process (PID=185108) to work on /home/munya/.local/lib/python3.11/site-packages/airflow/example_dags/tutorial_dag.py
[2024-05-08T11:57:36.082+0200] {processor.py:830} INFO - Processing file /home/munya/.local/lib/python3.11/site-packages/airflow/example_dags/tutorial_dag.py for tasks to queue
[2024-05-08T11:57:36.084+0200] {logging_mixin.py:188} INFO - [2024-05-08T11:57:36.083+0200] {dagbag.py:540} INFO - Filling up the DagBag from /home/munya/.local/lib/python3.11/site-packages/airflow/example_dags/tutorial_dag.py
[2024-05-08T11:57:36.089+0200] {processor.py:840} INFO - DAG(s) 'tutorial_dag' retrieved from /home/munya/.local/lib/python3.11/site-packages/airflow/example_dags/tutorial_dag.py
[2024-05-08T11:57:36.104+0200] {logging_mixin.py:188} INFO - [2024-05-08T11:57:36.104+0200] {dag.py:3096} INFO - Sync 1 DAGs
[2024-05-08T11:57:36.115+0200] {logging_mixin.py:188} INFO - [2024-05-08T11:57:36.114+0200] {dag.py:3954} INFO - Setting next_dagrun for tutorial_dag to None, run_after=None
[2024-05-08T11:57:36.133+0200] {processor.py:183} INFO - Processing /home/munya/.local/lib/python3.11/site-packages/airflow/example_dags/tutorial_dag.py took 0.057 seconds
[2024-05-08T11:58:30.460+0200] {processor.py:161} INFO - Started process (PID=185811) to work on /home/munya/.local/lib/python3.11/site-packages/airflow/example_dags/tutorial_dag.py
[2024-05-08T11:58:30.461+0200] {processor.py:830} INFO - Processing file /home/munya/.local/lib/python3.11/site-packages/airflow/example_dags/tutorial_dag.py for tasks to queue
[2024-05-08T11:58:30.463+0200] {logging_mixin.py:188} INFO - [2024-05-08T11:58:30.463+0200] {dagbag.py:540} INFO - Filling up the DagBag from /home/munya/.local/lib/python3.11/site-packages/airflow/example_dags/tutorial_dag.py
[2024-05-08T11:58:30.469+0200] {processor.py:840} INFO - DAG(s) 'tutorial_dag' retrieved from /home/munya/.local/lib/python3.11/site-packages/airflow/example_dags/tutorial_dag.py
[2024-05-08T11:58:30.485+0200] {logging_mixin.py:188} INFO - [2024-05-08T11:58:30.484+0200] {dag.py:3096} INFO - Sync 1 DAGs
[2024-05-08T11:58:30.496+0200] {logging_mixin.py:188} INFO - [2024-05-08T11:58:30.495+0200] {dag.py:3954} INFO - Setting next_dagrun for tutorial_dag to None, run_after=None
[2024-05-08T11:58:30.514+0200] {processor.py:183} INFO - Processing /home/munya/.local/lib/python3.11/site-packages/airflow/example_dags/tutorial_dag.py took 0.059 seconds
[2024-05-08T11:59:27.144+0200] {processor.py:161} INFO - Started process (PID=186533) to work on /home/munya/.local/lib/python3.11/site-packages/airflow/example_dags/tutorial_dag.py
[2024-05-08T11:59:27.147+0200] {processor.py:830} INFO - Processing file /home/munya/.local/lib/python3.11/site-packages/airflow/example_dags/tutorial_dag.py for tasks to queue
[2024-05-08T11:59:27.154+0200] {logging_mixin.py:188} INFO - [2024-05-08T11:59:27.152+0200] {dagbag.py:540} INFO - Filling up the DagBag from /home/munya/.local/lib/python3.11/site-packages/airflow/example_dags/tutorial_dag.py
[2024-05-08T11:59:27.173+0200] {processor.py:840} INFO - DAG(s) 'tutorial_dag' retrieved from /home/munya/.local/lib/python3.11/site-packages/airflow/example_dags/tutorial_dag.py
[2024-05-08T11:59:27.220+0200] {logging_mixin.py:188} INFO - [2024-05-08T11:59:27.219+0200] {dag.py:3096} INFO - Sync 1 DAGs
[2024-05-08T11:59:27.257+0200] {logging_mixin.py:188} INFO - [2024-05-08T11:59:27.256+0200] {dag.py:3954} INFO - Setting next_dagrun for tutorial_dag to None, run_after=None
[2024-05-08T11:59:27.310+0200] {processor.py:183} INFO - Processing /home/munya/.local/lib/python3.11/site-packages/airflow/example_dags/tutorial_dag.py took 0.185 seconds
[2024-05-08T12:00:42.560+0200] {processor.py:161} INFO - Started process (PID=187537) to work on /home/munya/.local/lib/python3.11/site-packages/airflow/example_dags/tutorial_dag.py
[2024-05-08T12:00:42.561+0200] {processor.py:830} INFO - Processing file /home/munya/.local/lib/python3.11/site-packages/airflow/example_dags/tutorial_dag.py for tasks to queue
[2024-05-08T12:00:42.562+0200] {logging_mixin.py:188} INFO - [2024-05-08T12:00:42.562+0200] {dagbag.py:540} INFO - Filling up the DagBag from /home/munya/.local/lib/python3.11/site-packages/airflow/example_dags/tutorial_dag.py
[2024-05-08T12:00:42.568+0200] {processor.py:840} INFO - DAG(s) 'tutorial_dag' retrieved from /home/munya/.local/lib/python3.11/site-packages/airflow/example_dags/tutorial_dag.py
[2024-05-08T12:00:42.586+0200] {logging_mixin.py:188} INFO - [2024-05-08T12:00:42.586+0200] {dag.py:3096} INFO - Sync 1 DAGs
[2024-05-08T12:00:42.601+0200] {logging_mixin.py:188} INFO - [2024-05-08T12:00:42.601+0200] {dag.py:3954} INFO - Setting next_dagrun for tutorial_dag to None, run_after=None
[2024-05-08T12:00:42.622+0200] {processor.py:183} INFO - Processing /home/munya/.local/lib/python3.11/site-packages/airflow/example_dags/tutorial_dag.py took 0.070 seconds
[2024-05-08T12:01:21.632+0200] {processor.py:161} INFO - Started process (PID=188231) to work on /home/munya/.local/lib/python3.11/site-packages/airflow/example_dags/tutorial_dag.py
[2024-05-08T12:01:21.633+0200] {processor.py:830} INFO - Processing file /home/munya/.local/lib/python3.11/site-packages/airflow/example_dags/tutorial_dag.py for tasks to queue
[2024-05-08T12:01:21.635+0200] {logging_mixin.py:188} INFO - [2024-05-08T12:01:21.635+0200] {dagbag.py:540} INFO - Filling up the DagBag from /home/munya/.local/lib/python3.11/site-packages/airflow/example_dags/tutorial_dag.py
[2024-05-08T12:01:21.641+0200] {processor.py:840} INFO - DAG(s) 'tutorial_dag' retrieved from /home/munya/.local/lib/python3.11/site-packages/airflow/example_dags/tutorial_dag.py
[2024-05-08T12:01:21.656+0200] {logging_mixin.py:188} INFO - [2024-05-08T12:01:21.655+0200] {dag.py:3096} INFO - Sync 1 DAGs
[2024-05-08T12:01:21.670+0200] {logging_mixin.py:188} INFO - [2024-05-08T12:01:21.670+0200] {dag.py:3954} INFO - Setting next_dagrun for tutorial_dag to None, run_after=None
[2024-05-08T12:01:21.689+0200] {processor.py:183} INFO - Processing /home/munya/.local/lib/python3.11/site-packages/airflow/example_dags/tutorial_dag.py took 0.062 seconds
[2024-05-08T12:02:18.583+0200] {processor.py:161} INFO - Started process (PID=188984) to work on /home/munya/.local/lib/python3.11/site-packages/airflow/example_dags/tutorial_dag.py
[2024-05-08T12:02:18.584+0200] {processor.py:830} INFO - Processing file /home/munya/.local/lib/python3.11/site-packages/airflow/example_dags/tutorial_dag.py for tasks to queue
[2024-05-08T12:02:18.586+0200] {logging_mixin.py:188} INFO - [2024-05-08T12:02:18.586+0200] {dagbag.py:540} INFO - Filling up the DagBag from /home/munya/.local/lib/python3.11/site-packages/airflow/example_dags/tutorial_dag.py
[2024-05-08T12:02:18.592+0200] {processor.py:840} INFO - DAG(s) 'tutorial_dag' retrieved from /home/munya/.local/lib/python3.11/site-packages/airflow/example_dags/tutorial_dag.py
[2024-05-08T12:02:18.610+0200] {logging_mixin.py:188} INFO - [2024-05-08T12:02:18.609+0200] {dag.py:3096} INFO - Sync 1 DAGs
[2024-05-08T12:02:18.622+0200] {logging_mixin.py:188} INFO - [2024-05-08T12:02:18.622+0200] {dag.py:3954} INFO - Setting next_dagrun for tutorial_dag to None, run_after=None
[2024-05-08T12:02:18.643+0200] {processor.py:183} INFO - Processing /home/munya/.local/lib/python3.11/site-packages/airflow/example_dags/tutorial_dag.py took 0.067 seconds
[2024-05-08T12:03:20.300+0200] {processor.py:161} INFO - Started process (PID=189771) to work on /home/munya/.local/lib/python3.11/site-packages/airflow/example_dags/tutorial_dag.py
[2024-05-08T12:03:20.303+0200] {processor.py:830} INFO - Processing file /home/munya/.local/lib/python3.11/site-packages/airflow/example_dags/tutorial_dag.py for tasks to queue
[2024-05-08T12:03:20.311+0200] {logging_mixin.py:188} INFO - [2024-05-08T12:03:20.309+0200] {dagbag.py:540} INFO - Filling up the DagBag from /home/munya/.local/lib/python3.11/site-packages/airflow/example_dags/tutorial_dag.py
[2024-05-08T12:03:20.338+0200] {processor.py:840} INFO - DAG(s) 'tutorial_dag' retrieved from /home/munya/.local/lib/python3.11/site-packages/airflow/example_dags/tutorial_dag.py
[2024-05-08T12:03:20.409+0200] {logging_mixin.py:188} INFO - [2024-05-08T12:03:20.408+0200] {dag.py:3096} INFO - Sync 1 DAGs
[2024-05-08T12:03:20.460+0200] {logging_mixin.py:188} INFO - [2024-05-08T12:03:20.459+0200] {dag.py:3954} INFO - Setting next_dagrun for tutorial_dag to None, run_after=None
[2024-05-08T12:03:20.534+0200] {processor.py:183} INFO - Processing /home/munya/.local/lib/python3.11/site-packages/airflow/example_dags/tutorial_dag.py took 0.260 seconds
[2024-05-08T12:04:18.912+0200] {processor.py:161} INFO - Started process (PID=190585) to work on /home/munya/.local/lib/python3.11/site-packages/airflow/example_dags/tutorial_dag.py
[2024-05-08T12:04:18.913+0200] {processor.py:830} INFO - Processing file /home/munya/.local/lib/python3.11/site-packages/airflow/example_dags/tutorial_dag.py for tasks to queue
[2024-05-08T12:04:18.916+0200] {logging_mixin.py:188} INFO - [2024-05-08T12:04:18.916+0200] {dagbag.py:540} INFO - Filling up the DagBag from /home/munya/.local/lib/python3.11/site-packages/airflow/example_dags/tutorial_dag.py
[2024-05-08T12:04:18.933+0200] {processor.py:840} INFO - DAG(s) 'tutorial_dag' retrieved from /home/munya/.local/lib/python3.11/site-packages/airflow/example_dags/tutorial_dag.py
[2024-05-08T12:04:18.968+0200] {logging_mixin.py:188} INFO - [2024-05-08T12:04:18.967+0200] {dag.py:3096} INFO - Sync 1 DAGs
[2024-05-08T12:04:18.987+0200] {logging_mixin.py:188} INFO - [2024-05-08T12:04:18.987+0200] {dag.py:3954} INFO - Setting next_dagrun for tutorial_dag to None, run_after=None
[2024-05-08T12:04:19.024+0200] {processor.py:183} INFO - Processing /home/munya/.local/lib/python3.11/site-packages/airflow/example_dags/tutorial_dag.py took 0.125 seconds
[2024-05-08T12:05:15.668+0200] {processor.py:161} INFO - Started process (PID=191333) to work on /home/munya/.local/lib/python3.11/site-packages/airflow/example_dags/tutorial_dag.py
[2024-05-08T12:05:15.669+0200] {processor.py:830} INFO - Processing file /home/munya/.local/lib/python3.11/site-packages/airflow/example_dags/tutorial_dag.py for tasks to queue
[2024-05-08T12:05:15.671+0200] {logging_mixin.py:188} INFO - [2024-05-08T12:05:15.670+0200] {dagbag.py:540} INFO - Filling up the DagBag from /home/munya/.local/lib/python3.11/site-packages/airflow/example_dags/tutorial_dag.py
[2024-05-08T12:05:15.677+0200] {processor.py:840} INFO - DAG(s) 'tutorial_dag' retrieved from /home/munya/.local/lib/python3.11/site-packages/airflow/example_dags/tutorial_dag.py
[2024-05-08T12:05:15.695+0200] {logging_mixin.py:188} INFO - [2024-05-08T12:05:15.694+0200] {dag.py:3096} INFO - Sync 1 DAGs
[2024-05-08T12:05:15.706+0200] {logging_mixin.py:188} INFO - [2024-05-08T12:05:15.706+0200] {dag.py:3954} INFO - Setting next_dagrun for tutorial_dag to None, run_after=None
[2024-05-08T12:05:15.726+0200] {processor.py:183} INFO - Processing /home/munya/.local/lib/python3.11/site-packages/airflow/example_dags/tutorial_dag.py took 0.065 seconds
[2024-05-08T12:06:18.294+0200] {processor.py:161} INFO - Started process (PID=192134) to work on /home/munya/.local/lib/python3.11/site-packages/airflow/example_dags/tutorial_dag.py
[2024-05-08T12:06:18.295+0200] {processor.py:830} INFO - Processing file /home/munya/.local/lib/python3.11/site-packages/airflow/example_dags/tutorial_dag.py for tasks to queue
[2024-05-08T12:06:18.297+0200] {logging_mixin.py:188} INFO - [2024-05-08T12:06:18.297+0200] {dagbag.py:540} INFO - Filling up the DagBag from /home/munya/.local/lib/python3.11/site-packages/airflow/example_dags/tutorial_dag.py
[2024-05-08T12:06:18.303+0200] {processor.py:840} INFO - DAG(s) 'tutorial_dag' retrieved from /home/munya/.local/lib/python3.11/site-packages/airflow/example_dags/tutorial_dag.py
[2024-05-08T12:06:18.319+0200] {logging_mixin.py:188} INFO - [2024-05-08T12:06:18.319+0200] {dag.py:3096} INFO - Sync 1 DAGs
[2024-05-08T12:06:18.331+0200] {logging_mixin.py:188} INFO - [2024-05-08T12:06:18.331+0200] {dag.py:3954} INFO - Setting next_dagrun for tutorial_dag to None, run_after=None
[2024-05-08T12:06:18.352+0200] {processor.py:183} INFO - Processing /home/munya/.local/lib/python3.11/site-packages/airflow/example_dags/tutorial_dag.py took 0.063 seconds
[2024-05-08T12:07:17.098+0200] {processor.py:161} INFO - Started process (PID=192913) to work on /home/munya/.local/lib/python3.11/site-packages/airflow/example_dags/tutorial_dag.py
[2024-05-08T12:07:17.099+0200] {processor.py:830} INFO - Processing file /home/munya/.local/lib/python3.11/site-packages/airflow/example_dags/tutorial_dag.py for tasks to queue
[2024-05-08T12:07:17.102+0200] {logging_mixin.py:188} INFO - [2024-05-08T12:07:17.101+0200] {dagbag.py:540} INFO - Filling up the DagBag from /home/munya/.local/lib/python3.11/site-packages/airflow/example_dags/tutorial_dag.py
[2024-05-08T12:07:17.110+0200] {processor.py:840} INFO - DAG(s) 'tutorial_dag' retrieved from /home/munya/.local/lib/python3.11/site-packages/airflow/example_dags/tutorial_dag.py
[2024-05-08T12:07:17.125+0200] {logging_mixin.py:188} INFO - [2024-05-08T12:07:17.124+0200] {dag.py:3096} INFO - Sync 1 DAGs
[2024-05-08T12:07:17.138+0200] {logging_mixin.py:188} INFO - [2024-05-08T12:07:17.137+0200] {dag.py:3954} INFO - Setting next_dagrun for tutorial_dag to None, run_after=None
[2024-05-08T12:07:17.158+0200] {processor.py:183} INFO - Processing /home/munya/.local/lib/python3.11/site-packages/airflow/example_dags/tutorial_dag.py took 0.069 seconds
[2024-05-08T12:08:12.040+0200] {processor.py:161} INFO - Started process (PID=193652) to work on /home/munya/.local/lib/python3.11/site-packages/airflow/example_dags/tutorial_dag.py
[2024-05-08T12:08:12.041+0200] {processor.py:830} INFO - Processing file /home/munya/.local/lib/python3.11/site-packages/airflow/example_dags/tutorial_dag.py for tasks to queue
[2024-05-08T12:08:12.043+0200] {logging_mixin.py:188} INFO - [2024-05-08T12:08:12.043+0200] {dagbag.py:540} INFO - Filling up the DagBag from /home/munya/.local/lib/python3.11/site-packages/airflow/example_dags/tutorial_dag.py
[2024-05-08T12:08:12.049+0200] {processor.py:840} INFO - DAG(s) 'tutorial_dag' retrieved from /home/munya/.local/lib/python3.11/site-packages/airflow/example_dags/tutorial_dag.py
[2024-05-08T12:08:12.066+0200] {logging_mixin.py:188} INFO - [2024-05-08T12:08:12.065+0200] {dag.py:3096} INFO - Sync 1 DAGs
[2024-05-08T12:08:12.077+0200] {logging_mixin.py:188} INFO - [2024-05-08T12:08:12.077+0200] {dag.py:3954} INFO - Setting next_dagrun for tutorial_dag to None, run_after=None
[2024-05-08T12:08:12.100+0200] {processor.py:183} INFO - Processing /home/munya/.local/lib/python3.11/site-packages/airflow/example_dags/tutorial_dag.py took 0.067 seconds
[2024-05-08T12:09:11.397+0200] {processor.py:161} INFO - Started process (PID=194465) to work on /home/munya/.local/lib/python3.11/site-packages/airflow/example_dags/tutorial_dag.py
[2024-05-08T12:09:11.398+0200] {processor.py:830} INFO - Processing file /home/munya/.local/lib/python3.11/site-packages/airflow/example_dags/tutorial_dag.py for tasks to queue
[2024-05-08T12:09:11.400+0200] {logging_mixin.py:188} INFO - [2024-05-08T12:09:11.400+0200] {dagbag.py:540} INFO - Filling up the DagBag from /home/munya/.local/lib/python3.11/site-packages/airflow/example_dags/tutorial_dag.py
[2024-05-08T12:09:11.407+0200] {processor.py:840} INFO - DAG(s) 'tutorial_dag' retrieved from /home/munya/.local/lib/python3.11/site-packages/airflow/example_dags/tutorial_dag.py
[2024-05-08T12:09:11.427+0200] {logging_mixin.py:188} INFO - [2024-05-08T12:09:11.426+0200] {dag.py:3096} INFO - Sync 1 DAGs
[2024-05-08T12:09:11.440+0200] {logging_mixin.py:188} INFO - [2024-05-08T12:09:11.440+0200] {dag.py:3954} INFO - Setting next_dagrun for tutorial_dag to None, run_after=None
[2024-05-08T12:09:11.461+0200] {processor.py:183} INFO - Processing /home/munya/.local/lib/python3.11/site-packages/airflow/example_dags/tutorial_dag.py took 0.072 seconds
[2024-05-08T12:10:08.119+0200] {processor.py:161} INFO - Started process (PID=195187) to work on /home/munya/.local/lib/python3.11/site-packages/airflow/example_dags/tutorial_dag.py
[2024-05-08T12:10:08.120+0200] {processor.py:830} INFO - Processing file /home/munya/.local/lib/python3.11/site-packages/airflow/example_dags/tutorial_dag.py for tasks to queue
[2024-05-08T12:10:08.122+0200] {logging_mixin.py:188} INFO - [2024-05-08T12:10:08.122+0200] {dagbag.py:540} INFO - Filling up the DagBag from /home/munya/.local/lib/python3.11/site-packages/airflow/example_dags/tutorial_dag.py
[2024-05-08T12:10:08.127+0200] {processor.py:840} INFO - DAG(s) 'tutorial_dag' retrieved from /home/munya/.local/lib/python3.11/site-packages/airflow/example_dags/tutorial_dag.py
[2024-05-08T12:10:08.142+0200] {logging_mixin.py:188} INFO - [2024-05-08T12:10:08.142+0200] {dag.py:3096} INFO - Sync 1 DAGs
[2024-05-08T12:10:08.158+0200] {logging_mixin.py:188} INFO - [2024-05-08T12:10:08.158+0200] {dag.py:3954} INFO - Setting next_dagrun for tutorial_dag to None, run_after=None
[2024-05-08T12:10:08.179+0200] {processor.py:183} INFO - Processing /home/munya/.local/lib/python3.11/site-packages/airflow/example_dags/tutorial_dag.py took 0.065 seconds
[2024-05-08T12:11:05.212+0200] {processor.py:161} INFO - Started process (PID=195931) to work on /home/munya/.local/lib/python3.11/site-packages/airflow/example_dags/tutorial_dag.py
[2024-05-08T12:11:05.213+0200] {processor.py:830} INFO - Processing file /home/munya/.local/lib/python3.11/site-packages/airflow/example_dags/tutorial_dag.py for tasks to queue
[2024-05-08T12:11:05.215+0200] {logging_mixin.py:188} INFO - [2024-05-08T12:11:05.214+0200] {dagbag.py:540} INFO - Filling up the DagBag from /home/munya/.local/lib/python3.11/site-packages/airflow/example_dags/tutorial_dag.py
[2024-05-08T12:11:05.220+0200] {processor.py:840} INFO - DAG(s) 'tutorial_dag' retrieved from /home/munya/.local/lib/python3.11/site-packages/airflow/example_dags/tutorial_dag.py
[2024-05-08T12:11:05.236+0200] {logging_mixin.py:188} INFO - [2024-05-08T12:11:05.236+0200] {dag.py:3096} INFO - Sync 1 DAGs
[2024-05-08T12:11:05.249+0200] {logging_mixin.py:188} INFO - [2024-05-08T12:11:05.248+0200] {dag.py:3954} INFO - Setting next_dagrun for tutorial_dag to None, run_after=None
[2024-05-08T12:11:05.266+0200] {processor.py:183} INFO - Processing /home/munya/.local/lib/python3.11/site-packages/airflow/example_dags/tutorial_dag.py took 0.060 seconds
[2024-05-08T12:12:01.713+0200] {processor.py:161} INFO - Started process (PID=196680) to work on /home/munya/.local/lib/python3.11/site-packages/airflow/example_dags/tutorial_dag.py
[2024-05-08T12:12:01.714+0200] {processor.py:830} INFO - Processing file /home/munya/.local/lib/python3.11/site-packages/airflow/example_dags/tutorial_dag.py for tasks to queue
[2024-05-08T12:12:01.716+0200] {logging_mixin.py:188} INFO - [2024-05-08T12:12:01.716+0200] {dagbag.py:540} INFO - Filling up the DagBag from /home/munya/.local/lib/python3.11/site-packages/airflow/example_dags/tutorial_dag.py
[2024-05-08T12:12:01.723+0200] {processor.py:840} INFO - DAG(s) 'tutorial_dag' retrieved from /home/munya/.local/lib/python3.11/site-packages/airflow/example_dags/tutorial_dag.py
[2024-05-08T12:12:01.744+0200] {logging_mixin.py:188} INFO - [2024-05-08T12:12:01.744+0200] {dag.py:3096} INFO - Sync 1 DAGs
[2024-05-08T12:12:01.755+0200] {logging_mixin.py:188} INFO - [2024-05-08T12:12:01.755+0200] {dag.py:3954} INFO - Setting next_dagrun for tutorial_dag to None, run_after=None
[2024-05-08T12:12:01.777+0200] {processor.py:183} INFO - Processing /home/munya/.local/lib/python3.11/site-packages/airflow/example_dags/tutorial_dag.py took 0.069 seconds
[2024-05-08T12:12:56.128+0200] {processor.py:161} INFO - Started process (PID=197368) to work on /home/munya/.local/lib/python3.11/site-packages/airflow/example_dags/tutorial_dag.py
[2024-05-08T12:12:56.130+0200] {processor.py:830} INFO - Processing file /home/munya/.local/lib/python3.11/site-packages/airflow/example_dags/tutorial_dag.py for tasks to queue
[2024-05-08T12:12:56.132+0200] {logging_mixin.py:188} INFO - [2024-05-08T12:12:56.131+0200] {dagbag.py:540} INFO - Filling up the DagBag from /home/munya/.local/lib/python3.11/site-packages/airflow/example_dags/tutorial_dag.py
[2024-05-08T12:12:56.137+0200] {processor.py:840} INFO - DAG(s) 'tutorial_dag' retrieved from /home/munya/.local/lib/python3.11/site-packages/airflow/example_dags/tutorial_dag.py
[2024-05-08T12:12:56.152+0200] {logging_mixin.py:188} INFO - [2024-05-08T12:12:56.152+0200] {dag.py:3096} INFO - Sync 1 DAGs
[2024-05-08T12:12:56.165+0200] {logging_mixin.py:188} INFO - [2024-05-08T12:12:56.164+0200] {dag.py:3954} INFO - Setting next_dagrun for tutorial_dag to None, run_after=None
[2024-05-08T12:12:56.187+0200] {processor.py:183} INFO - Processing /home/munya/.local/lib/python3.11/site-packages/airflow/example_dags/tutorial_dag.py took 0.065 seconds
[2024-05-08T12:13:33.940+0200] {processor.py:161} INFO - Started process (PID=197872) to work on /home/munya/.local/lib/python3.11/site-packages/airflow/example_dags/tutorial_dag.py
[2024-05-08T12:13:33.941+0200] {processor.py:830} INFO - Processing file /home/munya/.local/lib/python3.11/site-packages/airflow/example_dags/tutorial_dag.py for tasks to queue
[2024-05-08T12:13:33.943+0200] {logging_mixin.py:188} INFO - [2024-05-08T12:13:33.942+0200] {dagbag.py:540} INFO - Filling up the DagBag from /home/munya/.local/lib/python3.11/site-packages/airflow/example_dags/tutorial_dag.py
[2024-05-08T12:13:33.948+0200] {processor.py:840} INFO - DAG(s) 'tutorial_dag' retrieved from /home/munya/.local/lib/python3.11/site-packages/airflow/example_dags/tutorial_dag.py
[2024-05-08T12:13:33.966+0200] {logging_mixin.py:188} INFO - [2024-05-08T12:13:33.965+0200] {dag.py:3096} INFO - Sync 1 DAGs
[2024-05-08T12:13:33.978+0200] {logging_mixin.py:188} INFO - [2024-05-08T12:13:33.978+0200] {dag.py:3954} INFO - Setting next_dagrun for tutorial_dag to None, run_after=None
[2024-05-08T12:13:34.001+0200] {processor.py:183} INFO - Processing /home/munya/.local/lib/python3.11/site-packages/airflow/example_dags/tutorial_dag.py took 0.069 seconds
[2024-05-08T12:14:33.131+0200] {processor.py:161} INFO - Started process (PID=198847) to work on /home/munya/.local/lib/python3.11/site-packages/airflow/example_dags/tutorial_dag.py
[2024-05-08T12:14:33.132+0200] {processor.py:830} INFO - Processing file /home/munya/.local/lib/python3.11/site-packages/airflow/example_dags/tutorial_dag.py for tasks to queue
[2024-05-08T12:14:33.134+0200] {logging_mixin.py:188} INFO - [2024-05-08T12:14:33.134+0200] {dagbag.py:540} INFO - Filling up the DagBag from /home/munya/.local/lib/python3.11/site-packages/airflow/example_dags/tutorial_dag.py
[2024-05-08T12:14:33.140+0200] {processor.py:840} INFO - DAG(s) 'tutorial_dag' retrieved from /home/munya/.local/lib/python3.11/site-packages/airflow/example_dags/tutorial_dag.py
[2024-05-08T12:14:33.155+0200] {logging_mixin.py:188} INFO - [2024-05-08T12:14:33.154+0200] {dag.py:3096} INFO - Sync 1 DAGs
[2024-05-08T12:14:33.168+0200] {logging_mixin.py:188} INFO - [2024-05-08T12:14:33.167+0200] {dag.py:3954} INFO - Setting next_dagrun for tutorial_dag to None, run_after=None
[2024-05-08T12:14:33.204+0200] {processor.py:183} INFO - Processing /home/munya/.local/lib/python3.11/site-packages/airflow/example_dags/tutorial_dag.py took 0.079 seconds
[2024-05-08T12:15:35.050+0200] {processor.py:161} INFO - Started process (PID=199676) to work on /home/munya/.local/lib/python3.11/site-packages/airflow/example_dags/tutorial_dag.py
[2024-05-08T12:15:35.051+0200] {processor.py:830} INFO - Processing file /home/munya/.local/lib/python3.11/site-packages/airflow/example_dags/tutorial_dag.py for tasks to queue
[2024-05-08T12:15:35.053+0200] {logging_mixin.py:188} INFO - [2024-05-08T12:15:35.052+0200] {dagbag.py:540} INFO - Filling up the DagBag from /home/munya/.local/lib/python3.11/site-packages/airflow/example_dags/tutorial_dag.py
[2024-05-08T12:15:35.058+0200] {processor.py:840} INFO - DAG(s) 'tutorial_dag' retrieved from /home/munya/.local/lib/python3.11/site-packages/airflow/example_dags/tutorial_dag.py
[2024-05-08T12:15:35.071+0200] {logging_mixin.py:188} INFO - [2024-05-08T12:15:35.071+0200] {dag.py:3096} INFO - Sync 1 DAGs
[2024-05-08T12:15:35.081+0200] {logging_mixin.py:188} INFO - [2024-05-08T12:15:35.081+0200] {dag.py:3954} INFO - Setting next_dagrun for tutorial_dag to None, run_after=None
[2024-05-08T12:15:35.099+0200] {processor.py:183} INFO - Processing /home/munya/.local/lib/python3.11/site-packages/airflow/example_dags/tutorial_dag.py took 0.054 seconds
[2024-05-08T12:16:36.359+0200] {processor.py:161} INFO - Started process (PID=200480) to work on /home/munya/.local/lib/python3.11/site-packages/airflow/example_dags/tutorial_dag.py
[2024-05-08T12:16:36.364+0200] {processor.py:830} INFO - Processing file /home/munya/.local/lib/python3.11/site-packages/airflow/example_dags/tutorial_dag.py for tasks to queue
[2024-05-08T12:16:36.372+0200] {logging_mixin.py:188} INFO - [2024-05-08T12:16:36.371+0200] {dagbag.py:540} INFO - Filling up the DagBag from /home/munya/.local/lib/python3.11/site-packages/airflow/example_dags/tutorial_dag.py
[2024-05-08T12:16:36.400+0200] {processor.py:840} INFO - DAG(s) 'tutorial_dag' retrieved from /home/munya/.local/lib/python3.11/site-packages/airflow/example_dags/tutorial_dag.py
[2024-05-08T12:16:36.452+0200] {logging_mixin.py:188} INFO - [2024-05-08T12:16:36.452+0200] {dag.py:3096} INFO - Sync 1 DAGs
[2024-05-08T12:16:36.489+0200] {logging_mixin.py:188} INFO - [2024-05-08T12:16:36.488+0200] {dag.py:3954} INFO - Setting next_dagrun for tutorial_dag to None, run_after=None
[2024-05-08T12:16:36.544+0200] {processor.py:183} INFO - Processing /home/munya/.local/lib/python3.11/site-packages/airflow/example_dags/tutorial_dag.py took 0.212 seconds
[2024-05-08T12:17:34.672+0200] {processor.py:161} INFO - Started process (PID=201249) to work on /home/munya/.local/lib/python3.11/site-packages/airflow/example_dags/tutorial_dag.py
[2024-05-08T12:17:34.673+0200] {processor.py:830} INFO - Processing file /home/munya/.local/lib/python3.11/site-packages/airflow/example_dags/tutorial_dag.py for tasks to queue
[2024-05-08T12:17:34.675+0200] {logging_mixin.py:188} INFO - [2024-05-08T12:17:34.675+0200] {dagbag.py:540} INFO - Filling up the DagBag from /home/munya/.local/lib/python3.11/site-packages/airflow/example_dags/tutorial_dag.py
[2024-05-08T12:17:34.680+0200] {processor.py:840} INFO - DAG(s) 'tutorial_dag' retrieved from /home/munya/.local/lib/python3.11/site-packages/airflow/example_dags/tutorial_dag.py
[2024-05-08T12:17:34.693+0200] {logging_mixin.py:188} INFO - [2024-05-08T12:17:34.693+0200] {dag.py:3096} INFO - Sync 1 DAGs
[2024-05-08T12:17:34.707+0200] {logging_mixin.py:188} INFO - [2024-05-08T12:17:34.706+0200] {dag.py:3954} INFO - Setting next_dagrun for tutorial_dag to None, run_after=None
[2024-05-08T12:17:34.724+0200] {processor.py:183} INFO - Processing /home/munya/.local/lib/python3.11/site-packages/airflow/example_dags/tutorial_dag.py took 0.056 seconds
[2024-05-08T12:18:35.612+0200] {processor.py:161} INFO - Started process (PID=202030) to work on /home/munya/.local/lib/python3.11/site-packages/airflow/example_dags/tutorial_dag.py
[2024-05-08T12:18:35.615+0200] {processor.py:830} INFO - Processing file /home/munya/.local/lib/python3.11/site-packages/airflow/example_dags/tutorial_dag.py for tasks to queue
[2024-05-08T12:18:35.621+0200] {logging_mixin.py:188} INFO - [2024-05-08T12:18:35.620+0200] {dagbag.py:540} INFO - Filling up the DagBag from /home/munya/.local/lib/python3.11/site-packages/airflow/example_dags/tutorial_dag.py
[2024-05-08T12:18:35.640+0200] {processor.py:840} INFO - DAG(s) 'tutorial_dag' retrieved from /home/munya/.local/lib/python3.11/site-packages/airflow/example_dags/tutorial_dag.py
[2024-05-08T12:18:35.688+0200] {logging_mixin.py:188} INFO - [2024-05-08T12:18:35.687+0200] {dag.py:3096} INFO - Sync 1 DAGs
[2024-05-08T12:18:35.723+0200] {logging_mixin.py:188} INFO - [2024-05-08T12:18:35.722+0200] {dag.py:3954} INFO - Setting next_dagrun for tutorial_dag to None, run_after=None
[2024-05-08T12:18:35.795+0200] {processor.py:183} INFO - Processing /home/munya/.local/lib/python3.11/site-packages/airflow/example_dags/tutorial_dag.py took 0.201 seconds
[2024-05-08T12:19:33.684+0200] {processor.py:161} INFO - Started process (PID=202772) to work on /home/munya/.local/lib/python3.11/site-packages/airflow/example_dags/tutorial_dag.py
[2024-05-08T12:19:33.687+0200] {processor.py:830} INFO - Processing file /home/munya/.local/lib/python3.11/site-packages/airflow/example_dags/tutorial_dag.py for tasks to queue
[2024-05-08T12:19:33.693+0200] {logging_mixin.py:188} INFO - [2024-05-08T12:19:33.692+0200] {dagbag.py:540} INFO - Filling up the DagBag from /home/munya/.local/lib/python3.11/site-packages/airflow/example_dags/tutorial_dag.py
[2024-05-08T12:19:33.713+0200] {processor.py:840} INFO - DAG(s) 'tutorial_dag' retrieved from /home/munya/.local/lib/python3.11/site-packages/airflow/example_dags/tutorial_dag.py
[2024-05-08T12:19:33.778+0200] {logging_mixin.py:188} INFO - [2024-05-08T12:19:33.777+0200] {dag.py:3096} INFO - Sync 1 DAGs
[2024-05-08T12:19:33.835+0200] {logging_mixin.py:188} INFO - [2024-05-08T12:19:33.834+0200] {dag.py:3954} INFO - Setting next_dagrun for tutorial_dag to None, run_after=None
[2024-05-08T12:19:33.918+0200] {processor.py:183} INFO - Processing /home/munya/.local/lib/python3.11/site-packages/airflow/example_dags/tutorial_dag.py took 0.259 seconds
[2024-05-08T12:20:38.427+0200] {processor.py:161} INFO - Started process (PID=203601) to work on /home/munya/.local/lib/python3.11/site-packages/airflow/example_dags/tutorial_dag.py
[2024-05-08T12:20:38.428+0200] {processor.py:830} INFO - Processing file /home/munya/.local/lib/python3.11/site-packages/airflow/example_dags/tutorial_dag.py for tasks to queue
[2024-05-08T12:20:38.431+0200] {logging_mixin.py:188} INFO - [2024-05-08T12:20:38.430+0200] {dagbag.py:540} INFO - Filling up the DagBag from /home/munya/.local/lib/python3.11/site-packages/airflow/example_dags/tutorial_dag.py
[2024-05-08T12:20:38.437+0200] {processor.py:840} INFO - DAG(s) 'tutorial_dag' retrieved from /home/munya/.local/lib/python3.11/site-packages/airflow/example_dags/tutorial_dag.py
[2024-05-08T12:20:38.454+0200] {logging_mixin.py:188} INFO - [2024-05-08T12:20:38.453+0200] {dag.py:3096} INFO - Sync 1 DAGs
[2024-05-08T12:20:38.466+0200] {logging_mixin.py:188} INFO - [2024-05-08T12:20:38.465+0200] {dag.py:3954} INFO - Setting next_dagrun for tutorial_dag to None, run_after=None
[2024-05-08T12:20:38.490+0200] {processor.py:183} INFO - Processing /home/munya/.local/lib/python3.11/site-packages/airflow/example_dags/tutorial_dag.py took 0.070 seconds
[2024-05-08T12:21:40.407+0200] {processor.py:161} INFO - Started process (PID=204366) to work on /home/munya/.local/lib/python3.11/site-packages/airflow/example_dags/tutorial_dag.py
[2024-05-08T12:21:40.410+0200] {processor.py:830} INFO - Processing file /home/munya/.local/lib/python3.11/site-packages/airflow/example_dags/tutorial_dag.py for tasks to queue
[2024-05-08T12:21:40.416+0200] {logging_mixin.py:188} INFO - [2024-05-08T12:21:40.415+0200] {dagbag.py:540} INFO - Filling up the DagBag from /home/munya/.local/lib/python3.11/site-packages/airflow/example_dags/tutorial_dag.py
[2024-05-08T12:21:40.441+0200] {processor.py:840} INFO - DAG(s) 'tutorial_dag' retrieved from /home/munya/.local/lib/python3.11/site-packages/airflow/example_dags/tutorial_dag.py
[2024-05-08T12:21:40.491+0200] {logging_mixin.py:188} INFO - [2024-05-08T12:21:40.490+0200] {dag.py:3096} INFO - Sync 1 DAGs
[2024-05-08T12:21:40.528+0200] {logging_mixin.py:188} INFO - [2024-05-08T12:21:40.527+0200] {dag.py:3954} INFO - Setting next_dagrun for tutorial_dag to None, run_after=None
[2024-05-08T12:21:40.594+0200] {processor.py:183} INFO - Processing /home/munya/.local/lib/python3.11/site-packages/airflow/example_dags/tutorial_dag.py took 0.206 seconds
[2024-05-08T12:22:39.718+0200] {processor.py:161} INFO - Started process (PID=205164) to work on /home/munya/.local/lib/python3.11/site-packages/airflow/example_dags/tutorial_dag.py
[2024-05-08T12:22:39.722+0200] {processor.py:830} INFO - Processing file /home/munya/.local/lib/python3.11/site-packages/airflow/example_dags/tutorial_dag.py for tasks to queue
[2024-05-08T12:22:39.730+0200] {logging_mixin.py:188} INFO - [2024-05-08T12:22:39.729+0200] {dagbag.py:540} INFO - Filling up the DagBag from /home/munya/.local/lib/python3.11/site-packages/airflow/example_dags/tutorial_dag.py
[2024-05-08T12:22:39.757+0200] {processor.py:840} INFO - DAG(s) 'tutorial_dag' retrieved from /home/munya/.local/lib/python3.11/site-packages/airflow/example_dags/tutorial_dag.py
[2024-05-08T12:22:39.849+0200] {logging_mixin.py:188} INFO - [2024-05-08T12:22:39.847+0200] {dag.py:3096} INFO - Sync 1 DAGs
[2024-05-08T12:22:39.906+0200] {logging_mixin.py:188} INFO - [2024-05-08T12:22:39.906+0200] {dag.py:3954} INFO - Setting next_dagrun for tutorial_dag to None, run_after=None
[2024-05-08T12:22:39.983+0200] {processor.py:183} INFO - Processing /home/munya/.local/lib/python3.11/site-packages/airflow/example_dags/tutorial_dag.py took 0.292 seconds
[2024-05-08T12:23:37.047+0200] {processor.py:161} INFO - Started process (PID=205907) to work on /home/munya/.local/lib/python3.11/site-packages/airflow/example_dags/tutorial_dag.py
[2024-05-08T12:23:37.049+0200] {processor.py:830} INFO - Processing file /home/munya/.local/lib/python3.11/site-packages/airflow/example_dags/tutorial_dag.py for tasks to queue
[2024-05-08T12:23:37.051+0200] {logging_mixin.py:188} INFO - [2024-05-08T12:23:37.050+0200] {dagbag.py:540} INFO - Filling up the DagBag from /home/munya/.local/lib/python3.11/site-packages/airflow/example_dags/tutorial_dag.py
[2024-05-08T12:23:37.057+0200] {processor.py:840} INFO - DAG(s) 'tutorial_dag' retrieved from /home/munya/.local/lib/python3.11/site-packages/airflow/example_dags/tutorial_dag.py
[2024-05-08T12:23:37.072+0200] {logging_mixin.py:188} INFO - [2024-05-08T12:23:37.072+0200] {dag.py:3096} INFO - Sync 1 DAGs
[2024-05-08T12:23:37.084+0200] {logging_mixin.py:188} INFO - [2024-05-08T12:23:37.084+0200] {dag.py:3954} INFO - Setting next_dagrun for tutorial_dag to None, run_after=None
[2024-05-08T12:23:37.107+0200] {processor.py:183} INFO - Processing /home/munya/.local/lib/python3.11/site-packages/airflow/example_dags/tutorial_dag.py took 0.066 seconds
[2024-05-08T12:24:32.794+0200] {processor.py:161} INFO - Started process (PID=206610) to work on /home/munya/.local/lib/python3.11/site-packages/airflow/example_dags/tutorial_dag.py
[2024-05-08T12:24:32.795+0200] {processor.py:830} INFO - Processing file /home/munya/.local/lib/python3.11/site-packages/airflow/example_dags/tutorial_dag.py for tasks to queue
[2024-05-08T12:24:32.797+0200] {logging_mixin.py:188} INFO - [2024-05-08T12:24:32.796+0200] {dagbag.py:540} INFO - Filling up the DagBag from /home/munya/.local/lib/python3.11/site-packages/airflow/example_dags/tutorial_dag.py
[2024-05-08T12:24:32.803+0200] {processor.py:840} INFO - DAG(s) 'tutorial_dag' retrieved from /home/munya/.local/lib/python3.11/site-packages/airflow/example_dags/tutorial_dag.py
[2024-05-08T12:24:32.820+0200] {logging_mixin.py:188} INFO - [2024-05-08T12:24:32.820+0200] {dag.py:3096} INFO - Sync 1 DAGs
[2024-05-08T12:24:32.831+0200] {logging_mixin.py:188} INFO - [2024-05-08T12:24:32.831+0200] {dag.py:3954} INFO - Setting next_dagrun for tutorial_dag to None, run_after=None
[2024-05-08T12:24:32.851+0200] {processor.py:183} INFO - Processing /home/munya/.local/lib/python3.11/site-packages/airflow/example_dags/tutorial_dag.py took 0.063 seconds
[2024-05-08T12:25:32.421+0200] {processor.py:161} INFO - Started process (PID=207392) to work on /home/munya/.local/lib/python3.11/site-packages/airflow/example_dags/tutorial_dag.py
[2024-05-08T12:25:32.422+0200] {processor.py:830} INFO - Processing file /home/munya/.local/lib/python3.11/site-packages/airflow/example_dags/tutorial_dag.py for tasks to queue
[2024-05-08T12:25:32.423+0200] {logging_mixin.py:188} INFO - [2024-05-08T12:25:32.423+0200] {dagbag.py:540} INFO - Filling up the DagBag from /home/munya/.local/lib/python3.11/site-packages/airflow/example_dags/tutorial_dag.py
[2024-05-08T12:25:32.429+0200] {processor.py:840} INFO - DAG(s) 'tutorial_dag' retrieved from /home/munya/.local/lib/python3.11/site-packages/airflow/example_dags/tutorial_dag.py
[2024-05-08T12:25:32.442+0200] {logging_mixin.py:188} INFO - [2024-05-08T12:25:32.442+0200] {dag.py:3096} INFO - Sync 1 DAGs
[2024-05-08T12:25:32.452+0200] {logging_mixin.py:188} INFO - [2024-05-08T12:25:32.452+0200] {dag.py:3954} INFO - Setting next_dagrun for tutorial_dag to None, run_after=None
[2024-05-08T12:25:32.472+0200] {processor.py:183} INFO - Processing /home/munya/.local/lib/python3.11/site-packages/airflow/example_dags/tutorial_dag.py took 0.057 seconds
[2024-05-08T12:26:34.370+0200] {processor.py:161} INFO - Started process (PID=208199) to work on /home/munya/.local/lib/python3.11/site-packages/airflow/example_dags/tutorial_dag.py
[2024-05-08T12:26:34.373+0200] {processor.py:830} INFO - Processing file /home/munya/.local/lib/python3.11/site-packages/airflow/example_dags/tutorial_dag.py for tasks to queue
[2024-05-08T12:26:34.379+0200] {logging_mixin.py:188} INFO - [2024-05-08T12:26:34.378+0200] {dagbag.py:540} INFO - Filling up the DagBag from /home/munya/.local/lib/python3.11/site-packages/airflow/example_dags/tutorial_dag.py
[2024-05-08T12:26:34.399+0200] {processor.py:840} INFO - DAG(s) 'tutorial_dag' retrieved from /home/munya/.local/lib/python3.11/site-packages/airflow/example_dags/tutorial_dag.py
[2024-05-08T12:26:34.455+0200] {logging_mixin.py:188} INFO - [2024-05-08T12:26:34.455+0200] {dag.py:3096} INFO - Sync 1 DAGs
[2024-05-08T12:26:34.507+0200] {logging_mixin.py:188} INFO - [2024-05-08T12:26:34.506+0200] {dag.py:3954} INFO - Setting next_dagrun for tutorial_dag to None, run_after=None
[2024-05-08T12:26:34.595+0200] {processor.py:183} INFO - Processing /home/munya/.local/lib/python3.11/site-packages/airflow/example_dags/tutorial_dag.py took 0.244 seconds
[2024-05-08T12:27:40.045+0200] {processor.py:161} INFO - Started process (PID=209089) to work on /home/munya/.local/lib/python3.11/site-packages/airflow/example_dags/tutorial_dag.py
[2024-05-08T12:27:40.046+0200] {processor.py:830} INFO - Processing file /home/munya/.local/lib/python3.11/site-packages/airflow/example_dags/tutorial_dag.py for tasks to queue
[2024-05-08T12:27:40.048+0200] {logging_mixin.py:188} INFO - [2024-05-08T12:27:40.048+0200] {dagbag.py:540} INFO - Filling up the DagBag from /home/munya/.local/lib/python3.11/site-packages/airflow/example_dags/tutorial_dag.py
[2024-05-08T12:27:40.054+0200] {processor.py:840} INFO - DAG(s) 'tutorial_dag' retrieved from /home/munya/.local/lib/python3.11/site-packages/airflow/example_dags/tutorial_dag.py
[2024-05-08T12:27:40.068+0200] {logging_mixin.py:188} INFO - [2024-05-08T12:27:40.068+0200] {dag.py:3096} INFO - Sync 1 DAGs
[2024-05-08T12:27:40.078+0200] {logging_mixin.py:188} INFO - [2024-05-08T12:27:40.078+0200] {dag.py:3954} INFO - Setting next_dagrun for tutorial_dag to None, run_after=None
[2024-05-08T12:27:40.097+0200] {processor.py:183} INFO - Processing /home/munya/.local/lib/python3.11/site-packages/airflow/example_dags/tutorial_dag.py took 0.057 seconds
[2024-05-08T12:28:41.876+0200] {processor.py:161} INFO - Started process (PID=209889) to work on /home/munya/.local/lib/python3.11/site-packages/airflow/example_dags/tutorial_dag.py
[2024-05-08T12:28:41.883+0200] {processor.py:830} INFO - Processing file /home/munya/.local/lib/python3.11/site-packages/airflow/example_dags/tutorial_dag.py for tasks to queue
[2024-05-08T12:28:41.893+0200] {logging_mixin.py:188} INFO - [2024-05-08T12:28:41.891+0200] {dagbag.py:540} INFO - Filling up the DagBag from /home/munya/.local/lib/python3.11/site-packages/airflow/example_dags/tutorial_dag.py
[2024-05-08T12:28:41.932+0200] {processor.py:840} INFO - DAG(s) 'tutorial_dag' retrieved from /home/munya/.local/lib/python3.11/site-packages/airflow/example_dags/tutorial_dag.py
[2024-05-08T12:28:42.002+0200] {logging_mixin.py:188} INFO - [2024-05-08T12:28:42.001+0200] {dag.py:3096} INFO - Sync 1 DAGs
[2024-05-08T12:28:42.053+0200] {logging_mixin.py:188} INFO - [2024-05-08T12:28:42.052+0200] {dag.py:3954} INFO - Setting next_dagrun for tutorial_dag to None, run_after=None
[2024-05-08T12:28:42.139+0200] {processor.py:183} INFO - Processing /home/munya/.local/lib/python3.11/site-packages/airflow/example_dags/tutorial_dag.py took 0.290 seconds
[2024-05-08T12:29:47.805+0200] {processor.py:161} INFO - Started process (PID=210756) to work on /home/munya/.local/lib/python3.11/site-packages/airflow/example_dags/tutorial_dag.py
[2024-05-08T12:29:47.806+0200] {processor.py:830} INFO - Processing file /home/munya/.local/lib/python3.11/site-packages/airflow/example_dags/tutorial_dag.py for tasks to queue
[2024-05-08T12:29:47.808+0200] {logging_mixin.py:188} INFO - [2024-05-08T12:29:47.807+0200] {dagbag.py:540} INFO - Filling up the DagBag from /home/munya/.local/lib/python3.11/site-packages/airflow/example_dags/tutorial_dag.py
[2024-05-08T12:29:47.813+0200] {processor.py:840} INFO - DAG(s) 'tutorial_dag' retrieved from /home/munya/.local/lib/python3.11/site-packages/airflow/example_dags/tutorial_dag.py
[2024-05-08T12:29:47.826+0200] {logging_mixin.py:188} INFO - [2024-05-08T12:29:47.826+0200] {dag.py:3096} INFO - Sync 1 DAGs
[2024-05-08T12:29:47.836+0200] {logging_mixin.py:188} INFO - [2024-05-08T12:29:47.836+0200] {dag.py:3954} INFO - Setting next_dagrun for tutorial_dag to None, run_after=None
[2024-05-08T12:29:47.856+0200] {processor.py:183} INFO - Processing /home/munya/.local/lib/python3.11/site-packages/airflow/example_dags/tutorial_dag.py took 0.056 seconds
[2024-05-08T12:30:42.659+0200] {processor.py:161} INFO - Started process (PID=211506) to work on /home/munya/.local/lib/python3.11/site-packages/airflow/example_dags/tutorial_dag.py
[2024-05-08T12:30:42.660+0200] {processor.py:830} INFO - Processing file /home/munya/.local/lib/python3.11/site-packages/airflow/example_dags/tutorial_dag.py for tasks to queue
[2024-05-08T12:30:42.661+0200] {logging_mixin.py:188} INFO - [2024-05-08T12:30:42.661+0200] {dagbag.py:540} INFO - Filling up the DagBag from /home/munya/.local/lib/python3.11/site-packages/airflow/example_dags/tutorial_dag.py
[2024-05-08T12:30:42.668+0200] {processor.py:840} INFO - DAG(s) 'tutorial_dag' retrieved from /home/munya/.local/lib/python3.11/site-packages/airflow/example_dags/tutorial_dag.py
[2024-05-08T12:30:42.682+0200] {logging_mixin.py:188} INFO - [2024-05-08T12:30:42.681+0200] {dag.py:3096} INFO - Sync 1 DAGs
[2024-05-08T12:30:42.692+0200] {logging_mixin.py:188} INFO - [2024-05-08T12:30:42.692+0200] {dag.py:3954} INFO - Setting next_dagrun for tutorial_dag to None, run_after=None
[2024-05-08T12:30:42.710+0200] {processor.py:183} INFO - Processing /home/munya/.local/lib/python3.11/site-packages/airflow/example_dags/tutorial_dag.py took 0.059 seconds
[2024-05-08T12:31:34.796+0200] {processor.py:161} INFO - Started process (PID=212201) to work on /home/munya/.local/lib/python3.11/site-packages/airflow/example_dags/tutorial_dag.py
[2024-05-08T12:31:34.797+0200] {processor.py:830} INFO - Processing file /home/munya/.local/lib/python3.11/site-packages/airflow/example_dags/tutorial_dag.py for tasks to queue
[2024-05-08T12:31:34.800+0200] {logging_mixin.py:188} INFO - [2024-05-08T12:31:34.799+0200] {dagbag.py:540} INFO - Filling up the DagBag from /home/munya/.local/lib/python3.11/site-packages/airflow/example_dags/tutorial_dag.py
[2024-05-08T12:31:34.808+0200] {processor.py:840} INFO - DAG(s) 'tutorial_dag' retrieved from /home/munya/.local/lib/python3.11/site-packages/airflow/example_dags/tutorial_dag.py
[2024-05-08T12:31:34.827+0200] {logging_mixin.py:188} INFO - [2024-05-08T12:31:34.827+0200] {dag.py:3096} INFO - Sync 1 DAGs
[2024-05-08T12:31:34.843+0200] {logging_mixin.py:188} INFO - [2024-05-08T12:31:34.843+0200] {dag.py:3954} INFO - Setting next_dagrun for tutorial_dag to None, run_after=None
[2024-05-08T12:31:34.871+0200] {processor.py:183} INFO - Processing /home/munya/.local/lib/python3.11/site-packages/airflow/example_dags/tutorial_dag.py took 0.083 seconds
[2024-05-08T12:32:36.421+0200] {processor.py:161} INFO - Started process (PID=213001) to work on /home/munya/.local/lib/python3.11/site-packages/airflow/example_dags/tutorial_dag.py
[2024-05-08T12:32:36.422+0200] {processor.py:830} INFO - Processing file /home/munya/.local/lib/python3.11/site-packages/airflow/example_dags/tutorial_dag.py for tasks to queue
[2024-05-08T12:32:36.424+0200] {logging_mixin.py:188} INFO - [2024-05-08T12:32:36.423+0200] {dagbag.py:540} INFO - Filling up the DagBag from /home/munya/.local/lib/python3.11/site-packages/airflow/example_dags/tutorial_dag.py
[2024-05-08T12:32:36.429+0200] {processor.py:840} INFO - DAG(s) 'tutorial_dag' retrieved from /home/munya/.local/lib/python3.11/site-packages/airflow/example_dags/tutorial_dag.py
[2024-05-08T12:32:36.449+0200] {logging_mixin.py:188} INFO - [2024-05-08T12:32:36.449+0200] {dag.py:3096} INFO - Sync 1 DAGs
[2024-05-08T12:32:36.460+0200] {logging_mixin.py:188} INFO - [2024-05-08T12:32:36.460+0200] {dag.py:3954} INFO - Setting next_dagrun for tutorial_dag to None, run_after=None
[2024-05-08T12:32:36.485+0200] {processor.py:183} INFO - Processing /home/munya/.local/lib/python3.11/site-packages/airflow/example_dags/tutorial_dag.py took 0.069 seconds
[2024-05-08T12:33:34.565+0200] {processor.py:161} INFO - Started process (PID=213758) to work on /home/munya/.local/lib/python3.11/site-packages/airflow/example_dags/tutorial_dag.py
[2024-05-08T12:33:34.567+0200] {processor.py:830} INFO - Processing file /home/munya/.local/lib/python3.11/site-packages/airflow/example_dags/tutorial_dag.py for tasks to queue
[2024-05-08T12:33:34.569+0200] {logging_mixin.py:188} INFO - [2024-05-08T12:33:34.569+0200] {dagbag.py:540} INFO - Filling up the DagBag from /home/munya/.local/lib/python3.11/site-packages/airflow/example_dags/tutorial_dag.py
[2024-05-08T12:33:34.575+0200] {processor.py:840} INFO - DAG(s) 'tutorial_dag' retrieved from /home/munya/.local/lib/python3.11/site-packages/airflow/example_dags/tutorial_dag.py
[2024-05-08T12:33:34.591+0200] {logging_mixin.py:188} INFO - [2024-05-08T12:33:34.591+0200] {dag.py:3096} INFO - Sync 1 DAGs
[2024-05-08T12:33:34.603+0200] {logging_mixin.py:188} INFO - [2024-05-08T12:33:34.603+0200] {dag.py:3954} INFO - Setting next_dagrun for tutorial_dag to None, run_after=None
[2024-05-08T12:33:34.619+0200] {processor.py:183} INFO - Processing /home/munya/.local/lib/python3.11/site-packages/airflow/example_dags/tutorial_dag.py took 0.060 seconds
[2024-05-08T12:34:31.872+0200] {processor.py:161} INFO - Started process (PID=214498) to work on /home/munya/.local/lib/python3.11/site-packages/airflow/example_dags/tutorial_dag.py
[2024-05-08T12:34:31.875+0200] {processor.py:830} INFO - Processing file /home/munya/.local/lib/python3.11/site-packages/airflow/example_dags/tutorial_dag.py for tasks to queue
[2024-05-08T12:34:31.883+0200] {logging_mixin.py:188} INFO - [2024-05-08T12:34:31.882+0200] {dagbag.py:540} INFO - Filling up the DagBag from /home/munya/.local/lib/python3.11/site-packages/airflow/example_dags/tutorial_dag.py
[2024-05-08T12:34:31.907+0200] {processor.py:840} INFO - DAG(s) 'tutorial_dag' retrieved from /home/munya/.local/lib/python3.11/site-packages/airflow/example_dags/tutorial_dag.py
[2024-05-08T12:34:31.976+0200] {logging_mixin.py:188} INFO - [2024-05-08T12:34:31.975+0200] {dag.py:3096} INFO - Sync 1 DAGs
[2024-05-08T12:34:32.019+0200] {logging_mixin.py:188} INFO - [2024-05-08T12:34:32.019+0200] {dag.py:3954} INFO - Setting next_dagrun for tutorial_dag to None, run_after=None
[2024-05-08T12:34:32.088+0200] {processor.py:183} INFO - Processing /home/munya/.local/lib/python3.11/site-packages/airflow/example_dags/tutorial_dag.py took 0.247 seconds
[2024-05-08T12:35:31.281+0200] {processor.py:161} INFO - Started process (PID=215267) to work on /home/munya/.local/lib/python3.11/site-packages/airflow/example_dags/tutorial_dag.py
[2024-05-08T12:35:31.284+0200] {processor.py:830} INFO - Processing file /home/munya/.local/lib/python3.11/site-packages/airflow/example_dags/tutorial_dag.py for tasks to queue
[2024-05-08T12:35:31.290+0200] {logging_mixin.py:188} INFO - [2024-05-08T12:35:31.289+0200] {dagbag.py:540} INFO - Filling up the DagBag from /home/munya/.local/lib/python3.11/site-packages/airflow/example_dags/tutorial_dag.py
[2024-05-08T12:35:31.308+0200] {processor.py:840} INFO - DAG(s) 'tutorial_dag' retrieved from /home/munya/.local/lib/python3.11/site-packages/airflow/example_dags/tutorial_dag.py
[2024-05-08T12:35:31.363+0200] {logging_mixin.py:188} INFO - [2024-05-08T12:35:31.362+0200] {dag.py:3096} INFO - Sync 1 DAGs
[2024-05-08T12:35:31.405+0200] {logging_mixin.py:188} INFO - [2024-05-08T12:35:31.404+0200] {dag.py:3954} INFO - Setting next_dagrun for tutorial_dag to None, run_after=None
[2024-05-08T12:35:31.466+0200] {processor.py:183} INFO - Processing /home/munya/.local/lib/python3.11/site-packages/airflow/example_dags/tutorial_dag.py took 0.206 seconds
[2024-05-08T12:36:30.457+0200] {processor.py:161} INFO - Started process (PID=216014) to work on /home/munya/.local/lib/python3.11/site-packages/airflow/example_dags/tutorial_dag.py
[2024-05-08T12:36:30.458+0200] {processor.py:830} INFO - Processing file /home/munya/.local/lib/python3.11/site-packages/airflow/example_dags/tutorial_dag.py for tasks to queue
[2024-05-08T12:36:30.460+0200] {logging_mixin.py:188} INFO - [2024-05-08T12:36:30.459+0200] {dagbag.py:540} INFO - Filling up the DagBag from /home/munya/.local/lib/python3.11/site-packages/airflow/example_dags/tutorial_dag.py
[2024-05-08T12:36:30.465+0200] {processor.py:840} INFO - DAG(s) 'tutorial_dag' retrieved from /home/munya/.local/lib/python3.11/site-packages/airflow/example_dags/tutorial_dag.py
[2024-05-08T12:36:30.479+0200] {logging_mixin.py:188} INFO - [2024-05-08T12:36:30.479+0200] {dag.py:3096} INFO - Sync 1 DAGs
[2024-05-08T12:36:30.488+0200] {logging_mixin.py:188} INFO - [2024-05-08T12:36:30.488+0200] {dag.py:3954} INFO - Setting next_dagrun for tutorial_dag to None, run_after=None
[2024-05-08T12:36:30.505+0200] {processor.py:183} INFO - Processing /home/munya/.local/lib/python3.11/site-packages/airflow/example_dags/tutorial_dag.py took 0.054 seconds
[2024-05-08T12:37:09.746+0200] {processor.py:161} INFO - Started process (PID=216520) to work on /home/munya/.local/lib/python3.11/site-packages/airflow/example_dags/tutorial_dag.py
[2024-05-08T12:37:09.747+0200] {processor.py:830} INFO - Processing file /home/munya/.local/lib/python3.11/site-packages/airflow/example_dags/tutorial_dag.py for tasks to queue
[2024-05-08T12:37:09.748+0200] {logging_mixin.py:188} INFO - [2024-05-08T12:37:09.748+0200] {dagbag.py:540} INFO - Filling up the DagBag from /home/munya/.local/lib/python3.11/site-packages/airflow/example_dags/tutorial_dag.py
[2024-05-08T12:37:09.755+0200] {processor.py:840} INFO - DAG(s) 'tutorial_dag' retrieved from /home/munya/.local/lib/python3.11/site-packages/airflow/example_dags/tutorial_dag.py
[2024-05-08T12:37:09.771+0200] {logging_mixin.py:188} INFO - [2024-05-08T12:37:09.771+0200] {dag.py:3096} INFO - Sync 1 DAGs
[2024-05-08T12:37:09.781+0200] {logging_mixin.py:188} INFO - [2024-05-08T12:37:09.781+0200] {dag.py:3954} INFO - Setting next_dagrun for tutorial_dag to None, run_after=None
[2024-05-08T12:37:09.799+0200] {processor.py:183} INFO - Processing /home/munya/.local/lib/python3.11/site-packages/airflow/example_dags/tutorial_dag.py took 0.059 seconds
[2024-05-08T12:38:10.783+0200] {processor.py:161} INFO - Started process (PID=217324) to work on /home/munya/.local/lib/python3.11/site-packages/airflow/example_dags/tutorial_dag.py
[2024-05-08T12:38:10.784+0200] {processor.py:830} INFO - Processing file /home/munya/.local/lib/python3.11/site-packages/airflow/example_dags/tutorial_dag.py for tasks to queue
[2024-05-08T12:38:10.786+0200] {logging_mixin.py:188} INFO - [2024-05-08T12:38:10.786+0200] {dagbag.py:540} INFO - Filling up the DagBag from /home/munya/.local/lib/python3.11/site-packages/airflow/example_dags/tutorial_dag.py
[2024-05-08T12:38:10.791+0200] {processor.py:840} INFO - DAG(s) 'tutorial_dag' retrieved from /home/munya/.local/lib/python3.11/site-packages/airflow/example_dags/tutorial_dag.py
[2024-05-08T12:38:10.806+0200] {logging_mixin.py:188} INFO - [2024-05-08T12:38:10.806+0200] {dag.py:3096} INFO - Sync 1 DAGs
[2024-05-08T12:38:10.816+0200] {logging_mixin.py:188} INFO - [2024-05-08T12:38:10.816+0200] {dag.py:3954} INFO - Setting next_dagrun for tutorial_dag to None, run_after=None
[2024-05-08T12:38:10.834+0200] {processor.py:183} INFO - Processing /home/munya/.local/lib/python3.11/site-packages/airflow/example_dags/tutorial_dag.py took 0.056 seconds
[2024-05-08T12:39:14.101+0200] {processor.py:161} INFO - Started process (PID=218179) to work on /home/munya/.local/lib/python3.11/site-packages/airflow/example_dags/tutorial_dag.py
[2024-05-08T12:39:14.102+0200] {processor.py:830} INFO - Processing file /home/munya/.local/lib/python3.11/site-packages/airflow/example_dags/tutorial_dag.py for tasks to queue
[2024-05-08T12:39:14.103+0200] {logging_mixin.py:188} INFO - [2024-05-08T12:39:14.103+0200] {dagbag.py:540} INFO - Filling up the DagBag from /home/munya/.local/lib/python3.11/site-packages/airflow/example_dags/tutorial_dag.py
[2024-05-08T12:39:14.110+0200] {processor.py:840} INFO - DAG(s) 'tutorial_dag' retrieved from /home/munya/.local/lib/python3.11/site-packages/airflow/example_dags/tutorial_dag.py
[2024-05-08T12:39:14.124+0200] {logging_mixin.py:188} INFO - [2024-05-08T12:39:14.124+0200] {dag.py:3096} INFO - Sync 1 DAGs
[2024-05-08T12:39:14.135+0200] {logging_mixin.py:188} INFO - [2024-05-08T12:39:14.134+0200] {dag.py:3954} INFO - Setting next_dagrun for tutorial_dag to None, run_after=None
[2024-05-08T12:39:14.155+0200] {processor.py:183} INFO - Processing /home/munya/.local/lib/python3.11/site-packages/airflow/example_dags/tutorial_dag.py took 0.061 seconds
[2024-05-08T12:40:14.001+0200] {processor.py:161} INFO - Started process (PID=218948) to work on /home/munya/.local/lib/python3.11/site-packages/airflow/example_dags/tutorial_dag.py
[2024-05-08T12:40:14.003+0200] {processor.py:830} INFO - Processing file /home/munya/.local/lib/python3.11/site-packages/airflow/example_dags/tutorial_dag.py for tasks to queue
[2024-05-08T12:40:14.005+0200] {logging_mixin.py:188} INFO - [2024-05-08T12:40:14.005+0200] {dagbag.py:540} INFO - Filling up the DagBag from /home/munya/.local/lib/python3.11/site-packages/airflow/example_dags/tutorial_dag.py
[2024-05-08T12:40:14.011+0200] {processor.py:840} INFO - DAG(s) 'tutorial_dag' retrieved from /home/munya/.local/lib/python3.11/site-packages/airflow/example_dags/tutorial_dag.py
[2024-05-08T12:40:14.026+0200] {logging_mixin.py:188} INFO - [2024-05-08T12:40:14.026+0200] {dag.py:3096} INFO - Sync 1 DAGs
[2024-05-08T12:40:14.038+0200] {logging_mixin.py:188} INFO - [2024-05-08T12:40:14.038+0200] {dag.py:3954} INFO - Setting next_dagrun for tutorial_dag to None, run_after=None
[2024-05-08T12:40:14.058+0200] {processor.py:183} INFO - Processing /home/munya/.local/lib/python3.11/site-packages/airflow/example_dags/tutorial_dag.py took 0.062 seconds
[2024-05-08T12:41:13.807+0200] {processor.py:161} INFO - Started process (PID=219726) to work on /home/munya/.local/lib/python3.11/site-packages/airflow/example_dags/tutorial_dag.py
[2024-05-08T12:41:13.808+0200] {processor.py:830} INFO - Processing file /home/munya/.local/lib/python3.11/site-packages/airflow/example_dags/tutorial_dag.py for tasks to queue
[2024-05-08T12:41:13.810+0200] {logging_mixin.py:188} INFO - [2024-05-08T12:41:13.810+0200] {dagbag.py:540} INFO - Filling up the DagBag from /home/munya/.local/lib/python3.11/site-packages/airflow/example_dags/tutorial_dag.py
[2024-05-08T12:41:13.817+0200] {processor.py:840} INFO - DAG(s) 'tutorial_dag' retrieved from /home/munya/.local/lib/python3.11/site-packages/airflow/example_dags/tutorial_dag.py
[2024-05-08T12:41:13.832+0200] {logging_mixin.py:188} INFO - [2024-05-08T12:41:13.832+0200] {dag.py:3096} INFO - Sync 1 DAGs
[2024-05-08T12:41:13.842+0200] {logging_mixin.py:188} INFO - [2024-05-08T12:41:13.841+0200] {dag.py:3954} INFO - Setting next_dagrun for tutorial_dag to None, run_after=None
[2024-05-08T12:41:13.857+0200] {processor.py:183} INFO - Processing /home/munya/.local/lib/python3.11/site-packages/airflow/example_dags/tutorial_dag.py took 0.055 seconds
[2024-05-08T12:42:11.273+0200] {processor.py:161} INFO - Started process (PID=220455) to work on /home/munya/.local/lib/python3.11/site-packages/airflow/example_dags/tutorial_dag.py
[2024-05-08T12:42:11.277+0200] {processor.py:830} INFO - Processing file /home/munya/.local/lib/python3.11/site-packages/airflow/example_dags/tutorial_dag.py for tasks to queue
[2024-05-08T12:42:11.283+0200] {logging_mixin.py:188} INFO - [2024-05-08T12:42:11.282+0200] {dagbag.py:540} INFO - Filling up the DagBag from /home/munya/.local/lib/python3.11/site-packages/airflow/example_dags/tutorial_dag.py
[2024-05-08T12:42:11.306+0200] {processor.py:840} INFO - DAG(s) 'tutorial_dag' retrieved from /home/munya/.local/lib/python3.11/site-packages/airflow/example_dags/tutorial_dag.py
[2024-05-08T12:42:11.365+0200] {logging_mixin.py:188} INFO - [2024-05-08T12:42:11.364+0200] {dag.py:3096} INFO - Sync 1 DAGs
[2024-05-08T12:42:11.406+0200] {logging_mixin.py:188} INFO - [2024-05-08T12:42:11.405+0200] {dag.py:3954} INFO - Setting next_dagrun for tutorial_dag to None, run_after=None
[2024-05-08T12:42:11.490+0200] {processor.py:183} INFO - Processing /home/munya/.local/lib/python3.11/site-packages/airflow/example_dags/tutorial_dag.py took 0.240 seconds
[2024-05-08T12:43:08.369+0200] {processor.py:161} INFO - Started process (PID=221214) to work on /home/munya/.local/lib/python3.11/site-packages/airflow/example_dags/tutorial_dag.py
[2024-05-08T12:43:08.370+0200] {processor.py:830} INFO - Processing file /home/munya/.local/lib/python3.11/site-packages/airflow/example_dags/tutorial_dag.py for tasks to queue
[2024-05-08T12:43:08.372+0200] {logging_mixin.py:188} INFO - [2024-05-08T12:43:08.372+0200] {dagbag.py:540} INFO - Filling up the DagBag from /home/munya/.local/lib/python3.11/site-packages/airflow/example_dags/tutorial_dag.py
[2024-05-08T12:43:08.377+0200] {processor.py:840} INFO - DAG(s) 'tutorial_dag' retrieved from /home/munya/.local/lib/python3.11/site-packages/airflow/example_dags/tutorial_dag.py
[2024-05-08T12:43:08.390+0200] {logging_mixin.py:188} INFO - [2024-05-08T12:43:08.390+0200] {dag.py:3096} INFO - Sync 1 DAGs
[2024-05-08T12:43:08.400+0200] {logging_mixin.py:188} INFO - [2024-05-08T12:43:08.399+0200] {dag.py:3954} INFO - Setting next_dagrun for tutorial_dag to None, run_after=None
[2024-05-08T12:43:08.416+0200] {processor.py:183} INFO - Processing /home/munya/.local/lib/python3.11/site-packages/airflow/example_dags/tutorial_dag.py took 0.053 seconds
[2024-05-08T12:44:13.163+0200] {processor.py:161} INFO - Started process (PID=222053) to work on /home/munya/.local/lib/python3.11/site-packages/airflow/example_dags/tutorial_dag.py
[2024-05-08T12:44:13.164+0200] {processor.py:830} INFO - Processing file /home/munya/.local/lib/python3.11/site-packages/airflow/example_dags/tutorial_dag.py for tasks to queue
[2024-05-08T12:44:13.166+0200] {logging_mixin.py:188} INFO - [2024-05-08T12:44:13.166+0200] {dagbag.py:540} INFO - Filling up the DagBag from /home/munya/.local/lib/python3.11/site-packages/airflow/example_dags/tutorial_dag.py
[2024-05-08T12:44:13.175+0200] {processor.py:840} INFO - DAG(s) 'tutorial_dag' retrieved from /home/munya/.local/lib/python3.11/site-packages/airflow/example_dags/tutorial_dag.py
[2024-05-08T12:44:13.196+0200] {logging_mixin.py:188} INFO - [2024-05-08T12:44:13.196+0200] {dag.py:3096} INFO - Sync 1 DAGs
[2024-05-08T12:44:13.214+0200] {logging_mixin.py:188} INFO - [2024-05-08T12:44:13.213+0200] {dag.py:3954} INFO - Setting next_dagrun for tutorial_dag to None, run_after=None
[2024-05-08T12:44:13.243+0200] {processor.py:183} INFO - Processing /home/munya/.local/lib/python3.11/site-packages/airflow/example_dags/tutorial_dag.py took 0.087 seconds
[2024-05-08T12:45:15.869+0200] {processor.py:161} INFO - Started process (PID=222886) to work on /home/munya/.local/lib/python3.11/site-packages/airflow/example_dags/tutorial_dag.py
[2024-05-08T12:45:15.870+0200] {processor.py:830} INFO - Processing file /home/munya/.local/lib/python3.11/site-packages/airflow/example_dags/tutorial_dag.py for tasks to queue
[2024-05-08T12:45:15.872+0200] {logging_mixin.py:188} INFO - [2024-05-08T12:45:15.872+0200] {dagbag.py:540} INFO - Filling up the DagBag from /home/munya/.local/lib/python3.11/site-packages/airflow/example_dags/tutorial_dag.py
[2024-05-08T12:45:15.878+0200] {processor.py:840} INFO - DAG(s) 'tutorial_dag' retrieved from /home/munya/.local/lib/python3.11/site-packages/airflow/example_dags/tutorial_dag.py
[2024-05-08T12:45:15.898+0200] {logging_mixin.py:188} INFO - [2024-05-08T12:45:15.898+0200] {dag.py:3096} INFO - Sync 1 DAGs
[2024-05-08T12:45:15.910+0200] {logging_mixin.py:188} INFO - [2024-05-08T12:45:15.910+0200] {dag.py:3954} INFO - Setting next_dagrun for tutorial_dag to None, run_after=None
[2024-05-08T12:45:15.929+0200] {processor.py:183} INFO - Processing /home/munya/.local/lib/python3.11/site-packages/airflow/example_dags/tutorial_dag.py took 0.069 seconds
[2024-05-08T12:46:13.425+0200] {processor.py:161} INFO - Started process (PID=223655) to work on /home/munya/.local/lib/python3.11/site-packages/airflow/example_dags/tutorial_dag.py
[2024-05-08T12:46:13.427+0200] {processor.py:830} INFO - Processing file /home/munya/.local/lib/python3.11/site-packages/airflow/example_dags/tutorial_dag.py for tasks to queue
[2024-05-08T12:46:13.429+0200] {logging_mixin.py:188} INFO - [2024-05-08T12:46:13.429+0200] {dagbag.py:540} INFO - Filling up the DagBag from /home/munya/.local/lib/python3.11/site-packages/airflow/example_dags/tutorial_dag.py
[2024-05-08T12:46:13.437+0200] {processor.py:840} INFO - DAG(s) 'tutorial_dag' retrieved from /home/munya/.local/lib/python3.11/site-packages/airflow/example_dags/tutorial_dag.py
[2024-05-08T12:46:13.463+0200] {logging_mixin.py:188} INFO - [2024-05-08T12:46:13.463+0200] {dag.py:3096} INFO - Sync 1 DAGs
[2024-05-08T12:46:13.480+0200] {logging_mixin.py:188} INFO - [2024-05-08T12:46:13.480+0200] {dag.py:3954} INFO - Setting next_dagrun for tutorial_dag to None, run_after=None
[2024-05-08T12:46:13.505+0200] {processor.py:183} INFO - Processing /home/munya/.local/lib/python3.11/site-packages/airflow/example_dags/tutorial_dag.py took 0.089 seconds
[2024-05-08T12:47:12.143+0200] {processor.py:161} INFO - Started process (PID=224379) to work on /home/munya/.local/lib/python3.11/site-packages/airflow/example_dags/tutorial_dag.py
[2024-05-08T12:47:12.144+0200] {processor.py:830} INFO - Processing file /home/munya/.local/lib/python3.11/site-packages/airflow/example_dags/tutorial_dag.py for tasks to queue
[2024-05-08T12:47:12.146+0200] {logging_mixin.py:188} INFO - [2024-05-08T12:47:12.146+0200] {dagbag.py:540} INFO - Filling up the DagBag from /home/munya/.local/lib/python3.11/site-packages/airflow/example_dags/tutorial_dag.py
[2024-05-08T12:47:12.152+0200] {processor.py:840} INFO - DAG(s) 'tutorial_dag' retrieved from /home/munya/.local/lib/python3.11/site-packages/airflow/example_dags/tutorial_dag.py
[2024-05-08T12:47:12.169+0200] {logging_mixin.py:188} INFO - [2024-05-08T12:47:12.169+0200] {dag.py:3096} INFO - Sync 1 DAGs
[2024-05-08T12:47:12.183+0200] {logging_mixin.py:188} INFO - [2024-05-08T12:47:12.182+0200] {dag.py:3954} INFO - Setting next_dagrun for tutorial_dag to None, run_after=None
[2024-05-08T12:47:12.209+0200] {processor.py:183} INFO - Processing /home/munya/.local/lib/python3.11/site-packages/airflow/example_dags/tutorial_dag.py took 0.074 seconds
[2024-05-08T12:48:14.885+0200] {processor.py:161} INFO - Started process (PID=225197) to work on /home/munya/.local/lib/python3.11/site-packages/airflow/example_dags/tutorial_dag.py
[2024-05-08T12:48:14.886+0200] {processor.py:830} INFO - Processing file /home/munya/.local/lib/python3.11/site-packages/airflow/example_dags/tutorial_dag.py for tasks to queue
[2024-05-08T12:48:14.888+0200] {logging_mixin.py:188} INFO - [2024-05-08T12:48:14.888+0200] {dagbag.py:540} INFO - Filling up the DagBag from /home/munya/.local/lib/python3.11/site-packages/airflow/example_dags/tutorial_dag.py
[2024-05-08T12:48:14.894+0200] {processor.py:840} INFO - DAG(s) 'tutorial_dag' retrieved from /home/munya/.local/lib/python3.11/site-packages/airflow/example_dags/tutorial_dag.py
[2024-05-08T12:48:14.908+0200] {logging_mixin.py:188} INFO - [2024-05-08T12:48:14.908+0200] {dag.py:3096} INFO - Sync 1 DAGs
[2024-05-08T12:48:14.917+0200] {logging_mixin.py:188} INFO - [2024-05-08T12:48:14.917+0200] {dag.py:3954} INFO - Setting next_dagrun for tutorial_dag to None, run_after=None
[2024-05-08T12:48:14.932+0200] {processor.py:183} INFO - Processing /home/munya/.local/lib/python3.11/site-packages/airflow/example_dags/tutorial_dag.py took 0.053 seconds
[2024-05-08T12:49:16.104+0200] {processor.py:161} INFO - Started process (PID=225994) to work on /home/munya/.local/lib/python3.11/site-packages/airflow/example_dags/tutorial_dag.py
[2024-05-08T12:49:16.107+0200] {processor.py:830} INFO - Processing file /home/munya/.local/lib/python3.11/site-packages/airflow/example_dags/tutorial_dag.py for tasks to queue
[2024-05-08T12:49:16.113+0200] {logging_mixin.py:188} INFO - [2024-05-08T12:49:16.111+0200] {dagbag.py:540} INFO - Filling up the DagBag from /home/munya/.local/lib/python3.11/site-packages/airflow/example_dags/tutorial_dag.py
[2024-05-08T12:49:16.132+0200] {processor.py:840} INFO - DAG(s) 'tutorial_dag' retrieved from /home/munya/.local/lib/python3.11/site-packages/airflow/example_dags/tutorial_dag.py
[2024-05-08T12:49:16.193+0200] {logging_mixin.py:188} INFO - [2024-05-08T12:49:16.192+0200] {dag.py:3096} INFO - Sync 1 DAGs
[2024-05-08T12:49:16.243+0200] {logging_mixin.py:188} INFO - [2024-05-08T12:49:16.243+0200] {dag.py:3954} INFO - Setting next_dagrun for tutorial_dag to None, run_after=None
[2024-05-08T12:49:16.318+0200] {processor.py:183} INFO - Processing /home/munya/.local/lib/python3.11/site-packages/airflow/example_dags/tutorial_dag.py took 0.234 seconds
[2024-05-08T12:50:13.721+0200] {processor.py:161} INFO - Started process (PID=226768) to work on /home/munya/.local/lib/python3.11/site-packages/airflow/example_dags/tutorial_dag.py
[2024-05-08T12:50:13.722+0200] {processor.py:830} INFO - Processing file /home/munya/.local/lib/python3.11/site-packages/airflow/example_dags/tutorial_dag.py for tasks to queue
[2024-05-08T12:50:13.724+0200] {logging_mixin.py:188} INFO - [2024-05-08T12:50:13.724+0200] {dagbag.py:540} INFO - Filling up the DagBag from /home/munya/.local/lib/python3.11/site-packages/airflow/example_dags/tutorial_dag.py
[2024-05-08T12:50:13.729+0200] {processor.py:840} INFO - DAG(s) 'tutorial_dag' retrieved from /home/munya/.local/lib/python3.11/site-packages/airflow/example_dags/tutorial_dag.py
[2024-05-08T12:50:13.742+0200] {logging_mixin.py:188} INFO - [2024-05-08T12:50:13.742+0200] {dag.py:3096} INFO - Sync 1 DAGs
[2024-05-08T12:50:13.752+0200] {logging_mixin.py:188} INFO - [2024-05-08T12:50:13.752+0200] {dag.py:3954} INFO - Setting next_dagrun for tutorial_dag to None, run_after=None
[2024-05-08T12:50:13.768+0200] {processor.py:183} INFO - Processing /home/munya/.local/lib/python3.11/site-packages/airflow/example_dags/tutorial_dag.py took 0.052 seconds
[2024-05-08T12:51:38.590+0200] {processor.py:161} INFO - Started process (PID=227836) to work on /home/munya/.local/lib/python3.11/site-packages/airflow/example_dags/tutorial_dag.py
[2024-05-08T12:51:38.592+0200] {processor.py:830} INFO - Processing file /home/munya/.local/lib/python3.11/site-packages/airflow/example_dags/tutorial_dag.py for tasks to queue
[2024-05-08T12:51:38.593+0200] {logging_mixin.py:188} INFO - [2024-05-08T12:51:38.593+0200] {dagbag.py:540} INFO - Filling up the DagBag from /home/munya/.local/lib/python3.11/site-packages/airflow/example_dags/tutorial_dag.py
[2024-05-08T12:51:38.599+0200] {processor.py:840} INFO - DAG(s) 'tutorial_dag' retrieved from /home/munya/.local/lib/python3.11/site-packages/airflow/example_dags/tutorial_dag.py
[2024-05-08T12:51:38.614+0200] {logging_mixin.py:188} INFO - [2024-05-08T12:51:38.613+0200] {dag.py:3096} INFO - Sync 1 DAGs
[2024-05-08T12:51:38.624+0200] {logging_mixin.py:188} INFO - [2024-05-08T12:51:38.624+0200] {dag.py:3954} INFO - Setting next_dagrun for tutorial_dag to None, run_after=None
[2024-05-08T12:51:38.754+0200] {processor.py:183} INFO - Processing /home/munya/.local/lib/python3.11/site-packages/airflow/example_dags/tutorial_dag.py took 0.170 seconds
[2024-05-08T12:52:29.769+0200] {processor.py:161} INFO - Started process (PID=228538) to work on /home/munya/.local/lib/python3.11/site-packages/airflow/example_dags/tutorial_dag.py
[2024-05-08T12:52:29.770+0200] {processor.py:830} INFO - Processing file /home/munya/.local/lib/python3.11/site-packages/airflow/example_dags/tutorial_dag.py for tasks to queue
[2024-05-08T12:52:29.771+0200] {logging_mixin.py:188} INFO - [2024-05-08T12:52:29.771+0200] {dagbag.py:540} INFO - Filling up the DagBag from /home/munya/.local/lib/python3.11/site-packages/airflow/example_dags/tutorial_dag.py
[2024-05-08T12:52:29.776+0200] {processor.py:840} INFO - DAG(s) 'tutorial_dag' retrieved from /home/munya/.local/lib/python3.11/site-packages/airflow/example_dags/tutorial_dag.py
[2024-05-08T12:52:29.790+0200] {logging_mixin.py:188} INFO - [2024-05-08T12:52:29.790+0200] {dag.py:3096} INFO - Sync 1 DAGs
[2024-05-08T12:52:29.805+0200] {logging_mixin.py:188} INFO - [2024-05-08T12:52:29.805+0200] {dag.py:3954} INFO - Setting next_dagrun for tutorial_dag to None, run_after=None
[2024-05-08T12:52:29.825+0200] {processor.py:183} INFO - Processing /home/munya/.local/lib/python3.11/site-packages/airflow/example_dags/tutorial_dag.py took 0.062 seconds
[2024-05-08T12:53:27.731+0200] {processor.py:161} INFO - Started process (PID=229290) to work on /home/munya/.local/lib/python3.11/site-packages/airflow/example_dags/tutorial_dag.py
[2024-05-08T12:53:27.733+0200] {processor.py:830} INFO - Processing file /home/munya/.local/lib/python3.11/site-packages/airflow/example_dags/tutorial_dag.py for tasks to queue
[2024-05-08T12:53:27.736+0200] {logging_mixin.py:188} INFO - [2024-05-08T12:53:27.735+0200] {dagbag.py:540} INFO - Filling up the DagBag from /home/munya/.local/lib/python3.11/site-packages/airflow/example_dags/tutorial_dag.py
[2024-05-08T12:53:27.746+0200] {processor.py:840} INFO - DAG(s) 'tutorial_dag' retrieved from /home/munya/.local/lib/python3.11/site-packages/airflow/example_dags/tutorial_dag.py
[2024-05-08T12:53:27.769+0200] {logging_mixin.py:188} INFO - [2024-05-08T12:53:27.769+0200] {dag.py:3096} INFO - Sync 1 DAGs
[2024-05-08T12:53:27.790+0200] {logging_mixin.py:188} INFO - [2024-05-08T12:53:27.789+0200] {dag.py:3954} INFO - Setting next_dagrun for tutorial_dag to None, run_after=None
[2024-05-08T12:53:27.852+0200] {processor.py:183} INFO - Processing /home/munya/.local/lib/python3.11/site-packages/airflow/example_dags/tutorial_dag.py took 0.130 seconds
[2024-05-08T12:54:31.381+0200] {processor.py:161} INFO - Started process (PID=230106) to work on /home/munya/.local/lib/python3.11/site-packages/airflow/example_dags/tutorial_dag.py
[2024-05-08T12:54:31.383+0200] {processor.py:830} INFO - Processing file /home/munya/.local/lib/python3.11/site-packages/airflow/example_dags/tutorial_dag.py for tasks to queue
[2024-05-08T12:54:31.384+0200] {logging_mixin.py:188} INFO - [2024-05-08T12:54:31.384+0200] {dagbag.py:540} INFO - Filling up the DagBag from /home/munya/.local/lib/python3.11/site-packages/airflow/example_dags/tutorial_dag.py
[2024-05-08T12:54:31.390+0200] {processor.py:840} INFO - DAG(s) 'tutorial_dag' retrieved from /home/munya/.local/lib/python3.11/site-packages/airflow/example_dags/tutorial_dag.py
[2024-05-08T12:54:31.403+0200] {logging_mixin.py:188} INFO - [2024-05-08T12:54:31.403+0200] {dag.py:3096} INFO - Sync 1 DAGs
[2024-05-08T12:54:31.412+0200] {logging_mixin.py:188} INFO - [2024-05-08T12:54:31.412+0200] {dag.py:3954} INFO - Setting next_dagrun for tutorial_dag to None, run_after=None
[2024-05-08T12:54:31.429+0200] {processor.py:183} INFO - Processing /home/munya/.local/lib/python3.11/site-packages/airflow/example_dags/tutorial_dag.py took 0.054 seconds
[2024-05-08T12:55:30.337+0200] {processor.py:161} INFO - Started process (PID=230873) to work on /home/munya/.local/lib/python3.11/site-packages/airflow/example_dags/tutorial_dag.py
[2024-05-08T12:55:30.339+0200] {processor.py:830} INFO - Processing file /home/munya/.local/lib/python3.11/site-packages/airflow/example_dags/tutorial_dag.py for tasks to queue
[2024-05-08T12:55:30.345+0200] {logging_mixin.py:188} INFO - [2024-05-08T12:55:30.344+0200] {dagbag.py:540} INFO - Filling up the DagBag from /home/munya/.local/lib/python3.11/site-packages/airflow/example_dags/tutorial_dag.py
[2024-05-08T12:55:30.364+0200] {processor.py:840} INFO - DAG(s) 'tutorial_dag' retrieved from /home/munya/.local/lib/python3.11/site-packages/airflow/example_dags/tutorial_dag.py
[2024-05-08T12:55:30.412+0200] {logging_mixin.py:188} INFO - [2024-05-08T12:55:30.411+0200] {dag.py:3096} INFO - Sync 1 DAGs
[2024-05-08T12:55:30.446+0200] {logging_mixin.py:188} INFO - [2024-05-08T12:55:30.445+0200] {dag.py:3954} INFO - Setting next_dagrun for tutorial_dag to None, run_after=None
[2024-05-08T12:55:30.500+0200] {processor.py:183} INFO - Processing /home/munya/.local/lib/python3.11/site-packages/airflow/example_dags/tutorial_dag.py took 0.182 seconds
[2024-05-08T12:56:30.603+0200] {processor.py:161} INFO - Started process (PID=231720) to work on /home/munya/.local/lib/python3.11/site-packages/airflow/example_dags/tutorial_dag.py
[2024-05-08T12:56:30.604+0200] {processor.py:830} INFO - Processing file /home/munya/.local/lib/python3.11/site-packages/airflow/example_dags/tutorial_dag.py for tasks to queue
[2024-05-08T12:56:30.605+0200] {logging_mixin.py:188} INFO - [2024-05-08T12:56:30.605+0200] {dagbag.py:540} INFO - Filling up the DagBag from /home/munya/.local/lib/python3.11/site-packages/airflow/example_dags/tutorial_dag.py
[2024-05-08T12:56:30.612+0200] {processor.py:840} INFO - DAG(s) 'tutorial_dag' retrieved from /home/munya/.local/lib/python3.11/site-packages/airflow/example_dags/tutorial_dag.py
[2024-05-08T12:56:30.628+0200] {logging_mixin.py:188} INFO - [2024-05-08T12:56:30.627+0200] {dag.py:3096} INFO - Sync 1 DAGs
[2024-05-08T12:56:30.637+0200] {logging_mixin.py:188} INFO - [2024-05-08T12:56:30.636+0200] {dag.py:3954} INFO - Setting next_dagrun for tutorial_dag to None, run_after=None
[2024-05-08T12:56:30.653+0200] {processor.py:183} INFO - Processing /home/munya/.local/lib/python3.11/site-packages/airflow/example_dags/tutorial_dag.py took 0.055 seconds
[2024-05-08T12:57:23.416+0200] {processor.py:161} INFO - Started process (PID=232416) to work on /home/munya/.local/lib/python3.11/site-packages/airflow/example_dags/tutorial_dag.py
[2024-05-08T12:57:23.419+0200] {processor.py:830} INFO - Processing file /home/munya/.local/lib/python3.11/site-packages/airflow/example_dags/tutorial_dag.py for tasks to queue
[2024-05-08T12:57:23.425+0200] {logging_mixin.py:188} INFO - [2024-05-08T12:57:23.423+0200] {dagbag.py:540} INFO - Filling up the DagBag from /home/munya/.local/lib/python3.11/site-packages/airflow/example_dags/tutorial_dag.py
[2024-05-08T12:57:23.443+0200] {processor.py:840} INFO - DAG(s) 'tutorial_dag' retrieved from /home/munya/.local/lib/python3.11/site-packages/airflow/example_dags/tutorial_dag.py
[2024-05-08T12:57:23.491+0200] {logging_mixin.py:188} INFO - [2024-05-08T12:57:23.490+0200] {dag.py:3096} INFO - Sync 1 DAGs
[2024-05-08T12:57:23.528+0200] {logging_mixin.py:188} INFO - [2024-05-08T12:57:23.527+0200] {dag.py:3954} INFO - Setting next_dagrun for tutorial_dag to None, run_after=None
[2024-05-08T12:57:23.583+0200] {processor.py:183} INFO - Processing /home/munya/.local/lib/python3.11/site-packages/airflow/example_dags/tutorial_dag.py took 0.186 seconds
[2024-05-08T12:58:19.791+0200] {processor.py:161} INFO - Started process (PID=233150) to work on /home/munya/.local/lib/python3.11/site-packages/airflow/example_dags/tutorial_dag.py
[2024-05-08T12:58:19.795+0200] {processor.py:830} INFO - Processing file /home/munya/.local/lib/python3.11/site-packages/airflow/example_dags/tutorial_dag.py for tasks to queue
[2024-05-08T12:58:19.803+0200] {logging_mixin.py:188} INFO - [2024-05-08T12:58:19.801+0200] {dagbag.py:540} INFO - Filling up the DagBag from /home/munya/.local/lib/python3.11/site-packages/airflow/example_dags/tutorial_dag.py
[2024-05-08T12:58:19.828+0200] {processor.py:840} INFO - DAG(s) 'tutorial_dag' retrieved from /home/munya/.local/lib/python3.11/site-packages/airflow/example_dags/tutorial_dag.py
[2024-05-08T12:58:19.892+0200] {logging_mixin.py:188} INFO - [2024-05-08T12:58:19.891+0200] {dag.py:3096} INFO - Sync 1 DAGs
[2024-05-08T12:58:19.941+0200] {logging_mixin.py:188} INFO - [2024-05-08T12:58:19.940+0200] {dag.py:3954} INFO - Setting next_dagrun for tutorial_dag to None, run_after=None
[2024-05-08T12:58:20.013+0200] {processor.py:183} INFO - Processing /home/munya/.local/lib/python3.11/site-packages/airflow/example_dags/tutorial_dag.py took 0.260 seconds
[2024-05-08T12:59:16.907+0200] {processor.py:161} INFO - Started process (PID=233883) to work on /home/munya/.local/lib/python3.11/site-packages/airflow/example_dags/tutorial_dag.py
[2024-05-08T12:59:16.908+0200] {processor.py:830} INFO - Processing file /home/munya/.local/lib/python3.11/site-packages/airflow/example_dags/tutorial_dag.py for tasks to queue
[2024-05-08T12:59:16.910+0200] {logging_mixin.py:188} INFO - [2024-05-08T12:59:16.910+0200] {dagbag.py:540} INFO - Filling up the DagBag from /home/munya/.local/lib/python3.11/site-packages/airflow/example_dags/tutorial_dag.py
[2024-05-08T12:59:16.915+0200] {processor.py:840} INFO - DAG(s) 'tutorial_dag' retrieved from /home/munya/.local/lib/python3.11/site-packages/airflow/example_dags/tutorial_dag.py
[2024-05-08T12:59:16.928+0200] {logging_mixin.py:188} INFO - [2024-05-08T12:59:16.928+0200] {dag.py:3096} INFO - Sync 1 DAGs
[2024-05-08T12:59:16.937+0200] {logging_mixin.py:188} INFO - [2024-05-08T12:59:16.937+0200] {dag.py:3954} INFO - Setting next_dagrun for tutorial_dag to None, run_after=None
[2024-05-08T12:59:16.952+0200] {processor.py:183} INFO - Processing /home/munya/.local/lib/python3.11/site-packages/airflow/example_dags/tutorial_dag.py took 0.050 seconds
[2024-05-08T13:00:39.888+0200] {processor.py:161} INFO - Started process (PID=235081) to work on /home/munya/.local/lib/python3.11/site-packages/airflow/example_dags/tutorial_dag.py
[2024-05-08T13:00:39.892+0200] {processor.py:830} INFO - Processing file /home/munya/.local/lib/python3.11/site-packages/airflow/example_dags/tutorial_dag.py for tasks to queue
[2024-05-08T13:00:39.901+0200] {logging_mixin.py:188} INFO - [2024-05-08T13:00:39.899+0200] {dagbag.py:540} INFO - Filling up the DagBag from /home/munya/.local/lib/python3.11/site-packages/airflow/example_dags/tutorial_dag.py
[2024-05-08T13:00:39.927+0200] {processor.py:840} INFO - DAG(s) 'tutorial_dag' retrieved from /home/munya/.local/lib/python3.11/site-packages/airflow/example_dags/tutorial_dag.py
[2024-05-08T13:00:40.001+0200] {logging_mixin.py:188} INFO - [2024-05-08T13:00:40.000+0200] {dag.py:3096} INFO - Sync 1 DAGs
[2024-05-08T13:00:40.053+0200] {logging_mixin.py:188} INFO - [2024-05-08T13:00:40.052+0200] {dag.py:3954} INFO - Setting next_dagrun for tutorial_dag to None, run_after=None
[2024-05-08T13:00:40.131+0200] {processor.py:183} INFO - Processing /home/munya/.local/lib/python3.11/site-packages/airflow/example_dags/tutorial_dag.py took 0.265 seconds
[2024-05-08T13:01:26.758+0200] {processor.py:161} INFO - Started process (PID=235724) to work on /home/munya/.local/lib/python3.11/site-packages/airflow/example_dags/tutorial_dag.py
[2024-05-08T13:01:26.759+0200] {processor.py:830} INFO - Processing file /home/munya/.local/lib/python3.11/site-packages/airflow/example_dags/tutorial_dag.py for tasks to queue
[2024-05-08T13:01:26.761+0200] {logging_mixin.py:188} INFO - [2024-05-08T13:01:26.760+0200] {dagbag.py:540} INFO - Filling up the DagBag from /home/munya/.local/lib/python3.11/site-packages/airflow/example_dags/tutorial_dag.py
[2024-05-08T13:01:26.766+0200] {processor.py:840} INFO - DAG(s) 'tutorial_dag' retrieved from /home/munya/.local/lib/python3.11/site-packages/airflow/example_dags/tutorial_dag.py
[2024-05-08T13:01:26.781+0200] {logging_mixin.py:188} INFO - [2024-05-08T13:01:26.781+0200] {dag.py:3096} INFO - Sync 1 DAGs
[2024-05-08T13:01:26.791+0200] {logging_mixin.py:188} INFO - [2024-05-08T13:01:26.791+0200] {dag.py:3954} INFO - Setting next_dagrun for tutorial_dag to None, run_after=None
[2024-05-08T13:01:26.812+0200] {processor.py:183} INFO - Processing /home/munya/.local/lib/python3.11/site-packages/airflow/example_dags/tutorial_dag.py took 0.060 seconds
[2024-05-08T13:02:24.189+0200] {processor.py:161} INFO - Started process (PID=236559) to work on /home/munya/.local/lib/python3.11/site-packages/airflow/example_dags/tutorial_dag.py
[2024-05-08T13:02:24.190+0200] {processor.py:830} INFO - Processing file /home/munya/.local/lib/python3.11/site-packages/airflow/example_dags/tutorial_dag.py for tasks to queue
[2024-05-08T13:02:24.192+0200] {logging_mixin.py:188} INFO - [2024-05-08T13:02:24.191+0200] {dagbag.py:540} INFO - Filling up the DagBag from /home/munya/.local/lib/python3.11/site-packages/airflow/example_dags/tutorial_dag.py
[2024-05-08T13:02:24.198+0200] {processor.py:840} INFO - DAG(s) 'tutorial_dag' retrieved from /home/munya/.local/lib/python3.11/site-packages/airflow/example_dags/tutorial_dag.py
[2024-05-08T13:02:24.213+0200] {logging_mixin.py:188} INFO - [2024-05-08T13:02:24.213+0200] {dag.py:3096} INFO - Sync 1 DAGs
[2024-05-08T13:02:24.224+0200] {logging_mixin.py:188} INFO - [2024-05-08T13:02:24.224+0200] {dag.py:3954} INFO - Setting next_dagrun for tutorial_dag to None, run_after=None
[2024-05-08T13:02:24.248+0200] {processor.py:183} INFO - Processing /home/munya/.local/lib/python3.11/site-packages/airflow/example_dags/tutorial_dag.py took 0.066 seconds
[2024-05-08T13:03:22.714+0200] {processor.py:161} INFO - Started process (PID=237481) to work on /home/munya/.local/lib/python3.11/site-packages/airflow/example_dags/tutorial_dag.py
[2024-05-08T13:03:22.715+0200] {processor.py:830} INFO - Processing file /home/munya/.local/lib/python3.11/site-packages/airflow/example_dags/tutorial_dag.py for tasks to queue
[2024-05-08T13:03:22.717+0200] {logging_mixin.py:188} INFO - [2024-05-08T13:03:22.717+0200] {dagbag.py:540} INFO - Filling up the DagBag from /home/munya/.local/lib/python3.11/site-packages/airflow/example_dags/tutorial_dag.py
[2024-05-08T13:03:22.724+0200] {processor.py:840} INFO - DAG(s) 'tutorial_dag' retrieved from /home/munya/.local/lib/python3.11/site-packages/airflow/example_dags/tutorial_dag.py
[2024-05-08T13:03:22.740+0200] {logging_mixin.py:188} INFO - [2024-05-08T13:03:22.740+0200] {dag.py:3096} INFO - Sync 1 DAGs
[2024-05-08T13:03:22.751+0200] {logging_mixin.py:188} INFO - [2024-05-08T13:03:22.750+0200] {dag.py:3954} INFO - Setting next_dagrun for tutorial_dag to None, run_after=None
[2024-05-08T13:03:22.773+0200] {processor.py:183} INFO - Processing /home/munya/.local/lib/python3.11/site-packages/airflow/example_dags/tutorial_dag.py took 0.065 seconds
[2024-05-08T13:04:28.340+0200] {processor.py:161} INFO - Started process (PID=238356) to work on /home/munya/.local/lib/python3.11/site-packages/airflow/example_dags/tutorial_dag.py
[2024-05-08T13:04:28.342+0200] {processor.py:830} INFO - Processing file /home/munya/.local/lib/python3.11/site-packages/airflow/example_dags/tutorial_dag.py for tasks to queue
[2024-05-08T13:04:28.344+0200] {logging_mixin.py:188} INFO - [2024-05-08T13:04:28.343+0200] {dagbag.py:540} INFO - Filling up the DagBag from /home/munya/.local/lib/python3.11/site-packages/airflow/example_dags/tutorial_dag.py
[2024-05-08T13:04:28.351+0200] {processor.py:840} INFO - DAG(s) 'tutorial_dag' retrieved from /home/munya/.local/lib/python3.11/site-packages/airflow/example_dags/tutorial_dag.py
[2024-05-08T13:04:28.369+0200] {logging_mixin.py:188} INFO - [2024-05-08T13:04:28.368+0200] {dag.py:3096} INFO - Sync 1 DAGs
[2024-05-08T13:04:28.382+0200] {logging_mixin.py:188} INFO - [2024-05-08T13:04:28.382+0200] {dag.py:3954} INFO - Setting next_dagrun for tutorial_dag to None, run_after=None
[2024-05-08T13:04:28.411+0200] {processor.py:183} INFO - Processing /home/munya/.local/lib/python3.11/site-packages/airflow/example_dags/tutorial_dag.py took 0.079 seconds
[2024-05-08T13:05:31.539+0200] {processor.py:161} INFO - Started process (PID=239162) to work on /home/munya/.local/lib/python3.11/site-packages/airflow/example_dags/tutorial_dag.py
[2024-05-08T13:05:31.540+0200] {processor.py:830} INFO - Processing file /home/munya/.local/lib/python3.11/site-packages/airflow/example_dags/tutorial_dag.py for tasks to queue
[2024-05-08T13:05:31.542+0200] {logging_mixin.py:188} INFO - [2024-05-08T13:05:31.541+0200] {dagbag.py:540} INFO - Filling up the DagBag from /home/munya/.local/lib/python3.11/site-packages/airflow/example_dags/tutorial_dag.py
[2024-05-08T13:05:31.547+0200] {processor.py:840} INFO - DAG(s) 'tutorial_dag' retrieved from /home/munya/.local/lib/python3.11/site-packages/airflow/example_dags/tutorial_dag.py
[2024-05-08T13:05:31.560+0200] {logging_mixin.py:188} INFO - [2024-05-08T13:05:31.560+0200] {dag.py:3096} INFO - Sync 1 DAGs
[2024-05-08T13:05:31.569+0200] {logging_mixin.py:188} INFO - [2024-05-08T13:05:31.569+0200] {dag.py:3954} INFO - Setting next_dagrun for tutorial_dag to None, run_after=None
[2024-05-08T13:05:31.585+0200] {processor.py:183} INFO - Processing /home/munya/.local/lib/python3.11/site-packages/airflow/example_dags/tutorial_dag.py took 0.051 seconds
[2024-05-08T13:06:28.659+0200] {processor.py:161} INFO - Started process (PID=239937) to work on /home/munya/.local/lib/python3.11/site-packages/airflow/example_dags/tutorial_dag.py
[2024-05-08T13:06:28.660+0200] {processor.py:830} INFO - Processing file /home/munya/.local/lib/python3.11/site-packages/airflow/example_dags/tutorial_dag.py for tasks to queue
[2024-05-08T13:06:28.662+0200] {logging_mixin.py:188} INFO - [2024-05-08T13:06:28.662+0200] {dagbag.py:540} INFO - Filling up the DagBag from /home/munya/.local/lib/python3.11/site-packages/airflow/example_dags/tutorial_dag.py
[2024-05-08T13:06:28.669+0200] {processor.py:840} INFO - DAG(s) 'tutorial_dag' retrieved from /home/munya/.local/lib/python3.11/site-packages/airflow/example_dags/tutorial_dag.py
[2024-05-08T13:06:28.690+0200] {logging_mixin.py:188} INFO - [2024-05-08T13:06:28.690+0200] {dag.py:3096} INFO - Sync 1 DAGs
[2024-05-08T13:06:28.707+0200] {logging_mixin.py:188} INFO - [2024-05-08T13:06:28.706+0200] {dag.py:3954} INFO - Setting next_dagrun for tutorial_dag to None, run_after=None
[2024-05-08T13:06:28.736+0200] {processor.py:183} INFO - Processing /home/munya/.local/lib/python3.11/site-packages/airflow/example_dags/tutorial_dag.py took 0.083 seconds
[2024-05-08T13:07:32.736+0200] {processor.py:161} INFO - Started process (PID=240946) to work on /home/munya/.local/lib/python3.11/site-packages/airflow/example_dags/tutorial_dag.py
[2024-05-08T13:07:32.739+0200] {processor.py:830} INFO - Processing file /home/munya/.local/lib/python3.11/site-packages/airflow/example_dags/tutorial_dag.py for tasks to queue
[2024-05-08T13:07:32.745+0200] {logging_mixin.py:188} INFO - [2024-05-08T13:07:32.744+0200] {dagbag.py:540} INFO - Filling up the DagBag from /home/munya/.local/lib/python3.11/site-packages/airflow/example_dags/tutorial_dag.py
[2024-05-08T13:07:32.766+0200] {processor.py:840} INFO - DAG(s) 'tutorial_dag' retrieved from /home/munya/.local/lib/python3.11/site-packages/airflow/example_dags/tutorial_dag.py
[2024-05-08T13:07:32.823+0200] {logging_mixin.py:188} INFO - [2024-05-08T13:07:32.822+0200] {dag.py:3096} INFO - Sync 1 DAGs
[2024-05-08T13:07:32.859+0200] {logging_mixin.py:188} INFO - [2024-05-08T13:07:32.858+0200] {dag.py:3954} INFO - Setting next_dagrun for tutorial_dag to None, run_after=None
[2024-05-08T13:07:32.916+0200] {processor.py:183} INFO - Processing /home/munya/.local/lib/python3.11/site-packages/airflow/example_dags/tutorial_dag.py took 0.199 seconds
[2024-05-08T13:08:42.064+0200] {processor.py:161} INFO - Started process (PID=241849) to work on /home/munya/.local/lib/python3.11/site-packages/airflow/example_dags/tutorial_dag.py
[2024-05-08T13:08:42.065+0200] {processor.py:830} INFO - Processing file /home/munya/.local/lib/python3.11/site-packages/airflow/example_dags/tutorial_dag.py for tasks to queue
[2024-05-08T13:08:42.067+0200] {logging_mixin.py:188} INFO - [2024-05-08T13:08:42.066+0200] {dagbag.py:540} INFO - Filling up the DagBag from /home/munya/.local/lib/python3.11/site-packages/airflow/example_dags/tutorial_dag.py
[2024-05-08T13:08:42.072+0200] {processor.py:840} INFO - DAG(s) 'tutorial_dag' retrieved from /home/munya/.local/lib/python3.11/site-packages/airflow/example_dags/tutorial_dag.py
[2024-05-08T13:08:42.090+0200] {logging_mixin.py:188} INFO - [2024-05-08T13:08:42.089+0200] {dag.py:3096} INFO - Sync 1 DAGs
[2024-05-08T13:08:42.103+0200] {logging_mixin.py:188} INFO - [2024-05-08T13:08:42.103+0200] {dag.py:3954} INFO - Setting next_dagrun for tutorial_dag to None, run_after=None
[2024-05-08T13:08:42.123+0200] {processor.py:183} INFO - Processing /home/munya/.local/lib/python3.11/site-packages/airflow/example_dags/tutorial_dag.py took 0.067 seconds
[2024-05-08T13:09:44.960+0200] {processor.py:161} INFO - Started process (PID=242691) to work on /home/munya/.local/lib/python3.11/site-packages/airflow/example_dags/tutorial_dag.py
[2024-05-08T13:09:44.961+0200] {processor.py:830} INFO - Processing file /home/munya/.local/lib/python3.11/site-packages/airflow/example_dags/tutorial_dag.py for tasks to queue
[2024-05-08T13:09:44.962+0200] {logging_mixin.py:188} INFO - [2024-05-08T13:09:44.962+0200] {dagbag.py:540} INFO - Filling up the DagBag from /home/munya/.local/lib/python3.11/site-packages/airflow/example_dags/tutorial_dag.py
[2024-05-08T13:09:44.967+0200] {processor.py:840} INFO - DAG(s) 'tutorial_dag' retrieved from /home/munya/.local/lib/python3.11/site-packages/airflow/example_dags/tutorial_dag.py
[2024-05-08T13:09:44.980+0200] {logging_mixin.py:188} INFO - [2024-05-08T13:09:44.980+0200] {dag.py:3096} INFO - Sync 1 DAGs
[2024-05-08T13:09:44.989+0200] {logging_mixin.py:188} INFO - [2024-05-08T13:09:44.989+0200] {dag.py:3954} INFO - Setting next_dagrun for tutorial_dag to None, run_after=None
[2024-05-08T13:09:45.006+0200] {processor.py:183} INFO - Processing /home/munya/.local/lib/python3.11/site-packages/airflow/example_dags/tutorial_dag.py took 0.051 seconds
[2024-05-08T13:10:50.546+0200] {processor.py:161} INFO - Started process (PID=243552) to work on /home/munya/.local/lib/python3.11/site-packages/airflow/example_dags/tutorial_dag.py
[2024-05-08T13:10:50.547+0200] {processor.py:830} INFO - Processing file /home/munya/.local/lib/python3.11/site-packages/airflow/example_dags/tutorial_dag.py for tasks to queue
[2024-05-08T13:10:50.549+0200] {logging_mixin.py:188} INFO - [2024-05-08T13:10:50.548+0200] {dagbag.py:540} INFO - Filling up the DagBag from /home/munya/.local/lib/python3.11/site-packages/airflow/example_dags/tutorial_dag.py
[2024-05-08T13:10:50.555+0200] {processor.py:840} INFO - DAG(s) 'tutorial_dag' retrieved from /home/munya/.local/lib/python3.11/site-packages/airflow/example_dags/tutorial_dag.py
[2024-05-08T13:10:50.570+0200] {logging_mixin.py:188} INFO - [2024-05-08T13:10:50.570+0200] {dag.py:3096} INFO - Sync 1 DAGs
[2024-05-08T13:10:50.583+0200] {logging_mixin.py:188} INFO - [2024-05-08T13:10:50.583+0200] {dag.py:3954} INFO - Setting next_dagrun for tutorial_dag to None, run_after=None
[2024-05-08T13:10:50.603+0200] {processor.py:183} INFO - Processing /home/munya/.local/lib/python3.11/site-packages/airflow/example_dags/tutorial_dag.py took 0.064 seconds
[2024-05-08T13:11:59.104+0200] {processor.py:161} INFO - Started process (PID=244440) to work on /home/munya/.local/lib/python3.11/site-packages/airflow/example_dags/tutorial_dag.py
[2024-05-08T13:11:59.105+0200] {processor.py:830} INFO - Processing file /home/munya/.local/lib/python3.11/site-packages/airflow/example_dags/tutorial_dag.py for tasks to queue
[2024-05-08T13:11:59.107+0200] {logging_mixin.py:188} INFO - [2024-05-08T13:11:59.106+0200] {dagbag.py:540} INFO - Filling up the DagBag from /home/munya/.local/lib/python3.11/site-packages/airflow/example_dags/tutorial_dag.py
[2024-05-08T13:11:59.112+0200] {processor.py:840} INFO - DAG(s) 'tutorial_dag' retrieved from /home/munya/.local/lib/python3.11/site-packages/airflow/example_dags/tutorial_dag.py
[2024-05-08T13:11:59.125+0200] {logging_mixin.py:188} INFO - [2024-05-08T13:11:59.125+0200] {dag.py:3096} INFO - Sync 1 DAGs
[2024-05-08T13:11:59.134+0200] {logging_mixin.py:188} INFO - [2024-05-08T13:11:59.134+0200] {dag.py:3954} INFO - Setting next_dagrun for tutorial_dag to None, run_after=None
[2024-05-08T13:11:59.151+0200] {processor.py:183} INFO - Processing /home/munya/.local/lib/python3.11/site-packages/airflow/example_dags/tutorial_dag.py took 0.052 seconds
[2024-05-08T13:13:02.544+0200] {processor.py:161} INFO - Started process (PID=245250) to work on /home/munya/.local/lib/python3.11/site-packages/airflow/example_dags/tutorial_dag.py
[2024-05-08T13:13:02.545+0200] {processor.py:830} INFO - Processing file /home/munya/.local/lib/python3.11/site-packages/airflow/example_dags/tutorial_dag.py for tasks to queue
[2024-05-08T13:13:02.547+0200] {logging_mixin.py:188} INFO - [2024-05-08T13:13:02.547+0200] {dagbag.py:540} INFO - Filling up the DagBag from /home/munya/.local/lib/python3.11/site-packages/airflow/example_dags/tutorial_dag.py
[2024-05-08T13:13:02.553+0200] {processor.py:840} INFO - DAG(s) 'tutorial_dag' retrieved from /home/munya/.local/lib/python3.11/site-packages/airflow/example_dags/tutorial_dag.py
[2024-05-08T13:13:02.567+0200] {logging_mixin.py:188} INFO - [2024-05-08T13:13:02.567+0200] {dag.py:3096} INFO - Sync 1 DAGs
[2024-05-08T13:13:02.578+0200] {logging_mixin.py:188} INFO - [2024-05-08T13:13:02.578+0200] {dag.py:3954} INFO - Setting next_dagrun for tutorial_dag to None, run_after=None
[2024-05-08T13:13:02.596+0200] {processor.py:183} INFO - Processing /home/munya/.local/lib/python3.11/site-packages/airflow/example_dags/tutorial_dag.py took 0.057 seconds
[2024-05-08T13:14:02.923+0200] {processor.py:161} INFO - Started process (PID=246031) to work on /home/munya/.local/lib/python3.11/site-packages/airflow/example_dags/tutorial_dag.py
[2024-05-08T13:14:02.926+0200] {processor.py:830} INFO - Processing file /home/munya/.local/lib/python3.11/site-packages/airflow/example_dags/tutorial_dag.py for tasks to queue
[2024-05-08T13:14:02.932+0200] {logging_mixin.py:188} INFO - [2024-05-08T13:14:02.931+0200] {dagbag.py:540} INFO - Filling up the DagBag from /home/munya/.local/lib/python3.11/site-packages/airflow/example_dags/tutorial_dag.py
[2024-05-08T13:14:02.951+0200] {processor.py:840} INFO - DAG(s) 'tutorial_dag' retrieved from /home/munya/.local/lib/python3.11/site-packages/airflow/example_dags/tutorial_dag.py
[2024-05-08T13:14:03.003+0200] {logging_mixin.py:188} INFO - [2024-05-08T13:14:03.003+0200] {dag.py:3096} INFO - Sync 1 DAGs
[2024-05-08T13:14:03.038+0200] {logging_mixin.py:188} INFO - [2024-05-08T13:14:03.037+0200] {dag.py:3954} INFO - Setting next_dagrun for tutorial_dag to None, run_after=None
[2024-05-08T13:14:03.094+0200] {processor.py:183} INFO - Processing /home/munya/.local/lib/python3.11/site-packages/airflow/example_dags/tutorial_dag.py took 0.190 seconds
[2024-05-08T13:15:02.471+0200] {processor.py:161} INFO - Started process (PID=246813) to work on /home/munya/.local/lib/python3.11/site-packages/airflow/example_dags/tutorial_dag.py
[2024-05-08T13:15:02.471+0200] {processor.py:830} INFO - Processing file /home/munya/.local/lib/python3.11/site-packages/airflow/example_dags/tutorial_dag.py for tasks to queue
[2024-05-08T13:15:02.473+0200] {logging_mixin.py:188} INFO - [2024-05-08T13:15:02.473+0200] {dagbag.py:540} INFO - Filling up the DagBag from /home/munya/.local/lib/python3.11/site-packages/airflow/example_dags/tutorial_dag.py
[2024-05-08T13:15:02.478+0200] {processor.py:840} INFO - DAG(s) 'tutorial_dag' retrieved from /home/munya/.local/lib/python3.11/site-packages/airflow/example_dags/tutorial_dag.py
[2024-05-08T13:15:02.491+0200] {logging_mixin.py:188} INFO - [2024-05-08T13:15:02.491+0200] {dag.py:3096} INFO - Sync 1 DAGs
[2024-05-08T13:15:02.501+0200] {logging_mixin.py:188} INFO - [2024-05-08T13:15:02.501+0200] {dag.py:3954} INFO - Setting next_dagrun for tutorial_dag to None, run_after=None
[2024-05-08T13:15:02.518+0200] {processor.py:183} INFO - Processing /home/munya/.local/lib/python3.11/site-packages/airflow/example_dags/tutorial_dag.py took 0.052 seconds
[2024-05-08T13:16:05.343+0200] {processor.py:161} INFO - Started process (PID=247616) to work on /home/munya/.local/lib/python3.11/site-packages/airflow/example_dags/tutorial_dag.py
[2024-05-08T13:16:05.346+0200] {processor.py:830} INFO - Processing file /home/munya/.local/lib/python3.11/site-packages/airflow/example_dags/tutorial_dag.py for tasks to queue
[2024-05-08T13:16:05.352+0200] {logging_mixin.py:188} INFO - [2024-05-08T13:16:05.351+0200] {dagbag.py:540} INFO - Filling up the DagBag from /home/munya/.local/lib/python3.11/site-packages/airflow/example_dags/tutorial_dag.py
[2024-05-08T13:16:05.370+0200] {processor.py:840} INFO - DAG(s) 'tutorial_dag' retrieved from /home/munya/.local/lib/python3.11/site-packages/airflow/example_dags/tutorial_dag.py
[2024-05-08T13:16:05.418+0200] {logging_mixin.py:188} INFO - [2024-05-08T13:16:05.417+0200] {dag.py:3096} INFO - Sync 1 DAGs
[2024-05-08T13:16:05.453+0200] {logging_mixin.py:188} INFO - [2024-05-08T13:16:05.452+0200] {dag.py:3954} INFO - Setting next_dagrun for tutorial_dag to None, run_after=None
[2024-05-08T13:16:05.507+0200] {processor.py:183} INFO - Processing /home/munya/.local/lib/python3.11/site-packages/airflow/example_dags/tutorial_dag.py took 0.183 seconds
[2024-05-08T13:17:03.045+0200] {processor.py:161} INFO - Started process (PID=248389) to work on /home/munya/.local/lib/python3.11/site-packages/airflow/example_dags/tutorial_dag.py
[2024-05-08T13:17:03.046+0200] {processor.py:830} INFO - Processing file /home/munya/.local/lib/python3.11/site-packages/airflow/example_dags/tutorial_dag.py for tasks to queue
[2024-05-08T13:17:03.048+0200] {logging_mixin.py:188} INFO - [2024-05-08T13:17:03.047+0200] {dagbag.py:540} INFO - Filling up the DagBag from /home/munya/.local/lib/python3.11/site-packages/airflow/example_dags/tutorial_dag.py
[2024-05-08T13:17:03.056+0200] {processor.py:840} INFO - DAG(s) 'tutorial_dag' retrieved from /home/munya/.local/lib/python3.11/site-packages/airflow/example_dags/tutorial_dag.py
[2024-05-08T13:17:03.073+0200] {logging_mixin.py:188} INFO - [2024-05-08T13:17:03.072+0200] {dag.py:3096} INFO - Sync 1 DAGs
[2024-05-08T13:17:03.084+0200] {logging_mixin.py:188} INFO - [2024-05-08T13:17:03.084+0200] {dag.py:3954} INFO - Setting next_dagrun for tutorial_dag to None, run_after=None
[2024-05-08T13:17:03.106+0200] {processor.py:183} INFO - Processing /home/munya/.local/lib/python3.11/site-packages/airflow/example_dags/tutorial_dag.py took 0.070 seconds
[2024-05-08T13:17:55.668+0200] {processor.py:161} INFO - Started process (PID=249091) to work on /home/munya/.local/lib/python3.11/site-packages/airflow/example_dags/tutorial_dag.py
[2024-05-08T13:17:55.670+0200] {processor.py:830} INFO - Processing file /home/munya/.local/lib/python3.11/site-packages/airflow/example_dags/tutorial_dag.py for tasks to queue
[2024-05-08T13:17:55.671+0200] {logging_mixin.py:188} INFO - [2024-05-08T13:17:55.671+0200] {dagbag.py:540} INFO - Filling up the DagBag from /home/munya/.local/lib/python3.11/site-packages/airflow/example_dags/tutorial_dag.py
[2024-05-08T13:17:55.676+0200] {processor.py:840} INFO - DAG(s) 'tutorial_dag' retrieved from /home/munya/.local/lib/python3.11/site-packages/airflow/example_dags/tutorial_dag.py
[2024-05-08T13:17:55.690+0200] {logging_mixin.py:188} INFO - [2024-05-08T13:17:55.690+0200] {dag.py:3096} INFO - Sync 1 DAGs
[2024-05-08T13:17:55.699+0200] {logging_mixin.py:188} INFO - [2024-05-08T13:17:55.699+0200] {dag.py:3954} INFO - Setting next_dagrun for tutorial_dag to None, run_after=None
[2024-05-08T13:17:55.717+0200] {processor.py:183} INFO - Processing /home/munya/.local/lib/python3.11/site-packages/airflow/example_dags/tutorial_dag.py took 0.054 seconds
[2024-05-08T13:19:03.818+0200] {processor.py:161} INFO - Started process (PID=249963) to work on /home/munya/.local/lib/python3.11/site-packages/airflow/example_dags/tutorial_dag.py
[2024-05-08T13:19:03.819+0200] {processor.py:830} INFO - Processing file /home/munya/.local/lib/python3.11/site-packages/airflow/example_dags/tutorial_dag.py for tasks to queue
[2024-05-08T13:19:03.821+0200] {logging_mixin.py:188} INFO - [2024-05-08T13:19:03.820+0200] {dagbag.py:540} INFO - Filling up the DagBag from /home/munya/.local/lib/python3.11/site-packages/airflow/example_dags/tutorial_dag.py
[2024-05-08T13:19:03.827+0200] {processor.py:840} INFO - DAG(s) 'tutorial_dag' retrieved from /home/munya/.local/lib/python3.11/site-packages/airflow/example_dags/tutorial_dag.py
[2024-05-08T13:19:03.843+0200] {logging_mixin.py:188} INFO - [2024-05-08T13:19:03.843+0200] {dag.py:3096} INFO - Sync 1 DAGs
[2024-05-08T13:19:03.854+0200] {logging_mixin.py:188} INFO - [2024-05-08T13:19:03.854+0200] {dag.py:3954} INFO - Setting next_dagrun for tutorial_dag to None, run_after=None
[2024-05-08T13:19:03.873+0200] {processor.py:183} INFO - Processing /home/munya/.local/lib/python3.11/site-packages/airflow/example_dags/tutorial_dag.py took 0.061 seconds
[2024-05-08T13:20:05.892+0200] {processor.py:161} INFO - Started process (PID=250757) to work on /home/munya/.local/lib/python3.11/site-packages/airflow/example_dags/tutorial_dag.py
[2024-05-08T13:20:05.893+0200] {processor.py:830} INFO - Processing file /home/munya/.local/lib/python3.11/site-packages/airflow/example_dags/tutorial_dag.py for tasks to queue
[2024-05-08T13:20:05.895+0200] {logging_mixin.py:188} INFO - [2024-05-08T13:20:05.894+0200] {dagbag.py:540} INFO - Filling up the DagBag from /home/munya/.local/lib/python3.11/site-packages/airflow/example_dags/tutorial_dag.py
[2024-05-08T13:20:05.900+0200] {processor.py:840} INFO - DAG(s) 'tutorial_dag' retrieved from /home/munya/.local/lib/python3.11/site-packages/airflow/example_dags/tutorial_dag.py
[2024-05-08T13:20:05.913+0200] {logging_mixin.py:188} INFO - [2024-05-08T13:20:05.913+0200] {dag.py:3096} INFO - Sync 1 DAGs
[2024-05-08T13:20:05.923+0200] {logging_mixin.py:188} INFO - [2024-05-08T13:20:05.922+0200] {dag.py:3954} INFO - Setting next_dagrun for tutorial_dag to None, run_after=None
[2024-05-08T13:20:05.939+0200] {processor.py:183} INFO - Processing /home/munya/.local/lib/python3.11/site-packages/airflow/example_dags/tutorial_dag.py took 0.052 seconds
[2024-05-08T13:21:07.360+0200] {processor.py:161} INFO - Started process (PID=251552) to work on /home/munya/.local/lib/python3.11/site-packages/airflow/example_dags/tutorial_dag.py
[2024-05-08T13:21:07.361+0200] {processor.py:830} INFO - Processing file /home/munya/.local/lib/python3.11/site-packages/airflow/example_dags/tutorial_dag.py for tasks to queue
[2024-05-08T13:21:07.363+0200] {logging_mixin.py:188} INFO - [2024-05-08T13:21:07.363+0200] {dagbag.py:540} INFO - Filling up the DagBag from /home/munya/.local/lib/python3.11/site-packages/airflow/example_dags/tutorial_dag.py
[2024-05-08T13:21:07.369+0200] {processor.py:840} INFO - DAG(s) 'tutorial_dag' retrieved from /home/munya/.local/lib/python3.11/site-packages/airflow/example_dags/tutorial_dag.py
[2024-05-08T13:21:07.384+0200] {logging_mixin.py:188} INFO - [2024-05-08T13:21:07.383+0200] {dag.py:3096} INFO - Sync 1 DAGs
[2024-05-08T13:21:07.395+0200] {logging_mixin.py:188} INFO - [2024-05-08T13:21:07.395+0200] {dag.py:3954} INFO - Setting next_dagrun for tutorial_dag to None, run_after=None
[2024-05-08T13:21:07.414+0200] {processor.py:183} INFO - Processing /home/munya/.local/lib/python3.11/site-packages/airflow/example_dags/tutorial_dag.py took 0.061 seconds
[2024-05-08T13:22:11.650+0200] {processor.py:161} INFO - Started process (PID=252397) to work on /home/munya/.local/lib/python3.11/site-packages/airflow/example_dags/tutorial_dag.py
[2024-05-08T13:22:11.651+0200] {processor.py:830} INFO - Processing file /home/munya/.local/lib/python3.11/site-packages/airflow/example_dags/tutorial_dag.py for tasks to queue
[2024-05-08T13:22:11.654+0200] {logging_mixin.py:188} INFO - [2024-05-08T13:22:11.653+0200] {dagbag.py:540} INFO - Filling up the DagBag from /home/munya/.local/lib/python3.11/site-packages/airflow/example_dags/tutorial_dag.py
[2024-05-08T13:22:11.659+0200] {processor.py:840} INFO - DAG(s) 'tutorial_dag' retrieved from /home/munya/.local/lib/python3.11/site-packages/airflow/example_dags/tutorial_dag.py
[2024-05-08T13:22:11.674+0200] {logging_mixin.py:188} INFO - [2024-05-08T13:22:11.674+0200] {dag.py:3096} INFO - Sync 1 DAGs
[2024-05-08T13:22:11.684+0200] {logging_mixin.py:188} INFO - [2024-05-08T13:22:11.684+0200] {dag.py:3954} INFO - Setting next_dagrun for tutorial_dag to None, run_after=None
[2024-05-08T13:22:11.704+0200] {processor.py:183} INFO - Processing /home/munya/.local/lib/python3.11/site-packages/airflow/example_dags/tutorial_dag.py took 0.060 seconds
[2024-05-08T13:23:21.838+0200] {processor.py:161} INFO - Started process (PID=253527) to work on /home/munya/.local/lib/python3.11/site-packages/airflow/example_dags/tutorial_dag.py
[2024-05-08T13:23:21.841+0200] {processor.py:830} INFO - Processing file /home/munya/.local/lib/python3.11/site-packages/airflow/example_dags/tutorial_dag.py for tasks to queue
[2024-05-08T13:23:21.844+0200] {logging_mixin.py:188} INFO - [2024-05-08T13:23:21.843+0200] {dagbag.py:540} INFO - Filling up the DagBag from /home/munya/.local/lib/python3.11/site-packages/airflow/example_dags/tutorial_dag.py
[2024-05-08T13:23:21.853+0200] {processor.py:840} INFO - DAG(s) 'tutorial_dag' retrieved from /home/munya/.local/lib/python3.11/site-packages/airflow/example_dags/tutorial_dag.py
[2024-05-08T13:23:21.875+0200] {logging_mixin.py:188} INFO - [2024-05-08T13:23:21.875+0200] {dag.py:3096} INFO - Sync 1 DAGs
[2024-05-08T13:23:21.892+0200] {logging_mixin.py:188} INFO - [2024-05-08T13:23:21.892+0200] {dag.py:3954} INFO - Setting next_dagrun for tutorial_dag to None, run_after=None
[2024-05-08T13:23:21.939+0200] {processor.py:183} INFO - Processing /home/munya/.local/lib/python3.11/site-packages/airflow/example_dags/tutorial_dag.py took 0.109 seconds
[2024-05-08T13:24:00.490+0200] {processor.py:161} INFO - Started process (PID=254075) to work on /home/munya/.local/lib/python3.11/site-packages/airflow/example_dags/tutorial_dag.py
[2024-05-08T13:24:00.491+0200] {processor.py:830} INFO - Processing file /home/munya/.local/lib/python3.11/site-packages/airflow/example_dags/tutorial_dag.py for tasks to queue
[2024-05-08T13:24:00.492+0200] {logging_mixin.py:188} INFO - [2024-05-08T13:24:00.492+0200] {dagbag.py:540} INFO - Filling up the DagBag from /home/munya/.local/lib/python3.11/site-packages/airflow/example_dags/tutorial_dag.py
[2024-05-08T13:24:00.498+0200] {processor.py:840} INFO - DAG(s) 'tutorial_dag' retrieved from /home/munya/.local/lib/python3.11/site-packages/airflow/example_dags/tutorial_dag.py
[2024-05-08T13:24:00.511+0200] {logging_mixin.py:188} INFO - [2024-05-08T13:24:00.511+0200] {dag.py:3096} INFO - Sync 1 DAGs
[2024-05-08T13:24:00.521+0200] {logging_mixin.py:188} INFO - [2024-05-08T13:24:00.521+0200] {dag.py:3954} INFO - Setting next_dagrun for tutorial_dag to None, run_after=None
[2024-05-08T13:24:00.537+0200] {processor.py:183} INFO - Processing /home/munya/.local/lib/python3.11/site-packages/airflow/example_dags/tutorial_dag.py took 0.053 seconds
[2024-05-08T13:24:40.036+0200] {processor.py:161} INFO - Started process (PID=254628) to work on /home/munya/.local/lib/python3.11/site-packages/airflow/example_dags/tutorial_dag.py
[2024-05-08T13:24:40.036+0200] {processor.py:830} INFO - Processing file /home/munya/.local/lib/python3.11/site-packages/airflow/example_dags/tutorial_dag.py for tasks to queue
[2024-05-08T13:24:40.039+0200] {logging_mixin.py:188} INFO - [2024-05-08T13:24:40.038+0200] {dagbag.py:540} INFO - Filling up the DagBag from /home/munya/.local/lib/python3.11/site-packages/airflow/example_dags/tutorial_dag.py
[2024-05-08T13:24:40.044+0200] {processor.py:840} INFO - DAG(s) 'tutorial_dag' retrieved from /home/munya/.local/lib/python3.11/site-packages/airflow/example_dags/tutorial_dag.py
[2024-05-08T13:24:40.057+0200] {logging_mixin.py:188} INFO - [2024-05-08T13:24:40.057+0200] {dag.py:3096} INFO - Sync 1 DAGs
[2024-05-08T13:24:40.068+0200] {logging_mixin.py:188} INFO - [2024-05-08T13:24:40.068+0200] {dag.py:3954} INFO - Setting next_dagrun for tutorial_dag to None, run_after=None
[2024-05-08T13:24:40.205+0200] {processor.py:183} INFO - Processing /home/munya/.local/lib/python3.11/site-packages/airflow/example_dags/tutorial_dag.py took 0.175 seconds
[2024-05-08T13:25:21.829+0200] {processor.py:161} INFO - Started process (PID=255147) to work on /home/munya/.local/lib/python3.11/site-packages/airflow/example_dags/tutorial_dag.py
[2024-05-08T13:25:21.830+0200] {processor.py:830} INFO - Processing file /home/munya/.local/lib/python3.11/site-packages/airflow/example_dags/tutorial_dag.py for tasks to queue
[2024-05-08T13:25:21.833+0200] {logging_mixin.py:188} INFO - [2024-05-08T13:25:21.832+0200] {dagbag.py:540} INFO - Filling up the DagBag from /home/munya/.local/lib/python3.11/site-packages/airflow/example_dags/tutorial_dag.py
[2024-05-08T13:25:21.839+0200] {processor.py:840} INFO - DAG(s) 'tutorial_dag' retrieved from /home/munya/.local/lib/python3.11/site-packages/airflow/example_dags/tutorial_dag.py
[2024-05-08T13:25:21.854+0200] {logging_mixin.py:188} INFO - [2024-05-08T13:25:21.854+0200] {dag.py:3096} INFO - Sync 1 DAGs
[2024-05-08T13:25:21.865+0200] {logging_mixin.py:188} INFO - [2024-05-08T13:25:21.865+0200] {dag.py:3954} INFO - Setting next_dagrun for tutorial_dag to None, run_after=None
[2024-05-08T13:25:21.886+0200] {processor.py:183} INFO - Processing /home/munya/.local/lib/python3.11/site-packages/airflow/example_dags/tutorial_dag.py took 0.065 seconds
[2024-05-08T13:26:31.172+0200] {processor.py:161} INFO - Started process (PID=256066) to work on /home/munya/.local/lib/python3.11/site-packages/airflow/example_dags/tutorial_dag.py
[2024-05-08T13:26:31.173+0200] {processor.py:830} INFO - Processing file /home/munya/.local/lib/python3.11/site-packages/airflow/example_dags/tutorial_dag.py for tasks to queue
[2024-05-08T13:26:31.175+0200] {logging_mixin.py:188} INFO - [2024-05-08T13:26:31.174+0200] {dagbag.py:540} INFO - Filling up the DagBag from /home/munya/.local/lib/python3.11/site-packages/airflow/example_dags/tutorial_dag.py
[2024-05-08T13:26:31.180+0200] {processor.py:840} INFO - DAG(s) 'tutorial_dag' retrieved from /home/munya/.local/lib/python3.11/site-packages/airflow/example_dags/tutorial_dag.py
[2024-05-08T13:26:31.194+0200] {logging_mixin.py:188} INFO - [2024-05-08T13:26:31.193+0200] {dag.py:3096} INFO - Sync 1 DAGs
[2024-05-08T13:26:31.322+0200] {logging_mixin.py:188} INFO - [2024-05-08T13:26:31.322+0200] {dag.py:3954} INFO - Setting next_dagrun for tutorial_dag to None, run_after=None
[2024-05-08T13:26:31.338+0200] {processor.py:183} INFO - Processing /home/munya/.local/lib/python3.11/site-packages/airflow/example_dags/tutorial_dag.py took 0.171 seconds
[2024-05-08T13:27:13.130+0200] {processor.py:161} INFO - Started process (PID=256648) to work on /home/munya/.local/lib/python3.11/site-packages/airflow/example_dags/tutorial_dag.py
[2024-05-08T13:27:13.131+0200] {processor.py:830} INFO - Processing file /home/munya/.local/lib/python3.11/site-packages/airflow/example_dags/tutorial_dag.py for tasks to queue
[2024-05-08T13:27:13.133+0200] {logging_mixin.py:188} INFO - [2024-05-08T13:27:13.132+0200] {dagbag.py:540} INFO - Filling up the DagBag from /home/munya/.local/lib/python3.11/site-packages/airflow/example_dags/tutorial_dag.py
[2024-05-08T13:27:13.138+0200] {processor.py:840} INFO - DAG(s) 'tutorial_dag' retrieved from /home/munya/.local/lib/python3.11/site-packages/airflow/example_dags/tutorial_dag.py
[2024-05-08T13:27:13.152+0200] {logging_mixin.py:188} INFO - [2024-05-08T13:27:13.152+0200] {dag.py:3096} INFO - Sync 1 DAGs
[2024-05-08T13:27:13.162+0200] {logging_mixin.py:188} INFO - [2024-05-08T13:27:13.162+0200] {dag.py:3954} INFO - Setting next_dagrun for tutorial_dag to None, run_after=None
[2024-05-08T13:27:13.180+0200] {processor.py:183} INFO - Processing /home/munya/.local/lib/python3.11/site-packages/airflow/example_dags/tutorial_dag.py took 0.056 seconds
[2024-05-08T13:27:50.974+0200] {processor.py:161} INFO - Started process (PID=257152) to work on /home/munya/.local/lib/python3.11/site-packages/airflow/example_dags/tutorial_dag.py
[2024-05-08T13:27:50.977+0200] {processor.py:830} INFO - Processing file /home/munya/.local/lib/python3.11/site-packages/airflow/example_dags/tutorial_dag.py for tasks to queue
[2024-05-08T13:27:50.980+0200] {logging_mixin.py:188} INFO - [2024-05-08T13:27:50.980+0200] {dagbag.py:540} INFO - Filling up the DagBag from /home/munya/.local/lib/python3.11/site-packages/airflow/example_dags/tutorial_dag.py
[2024-05-08T13:27:50.990+0200] {processor.py:840} INFO - DAG(s) 'tutorial_dag' retrieved from /home/munya/.local/lib/python3.11/site-packages/airflow/example_dags/tutorial_dag.py
[2024-05-08T13:27:51.010+0200] {logging_mixin.py:188} INFO - [2024-05-08T13:27:51.010+0200] {dag.py:3096} INFO - Sync 1 DAGs
[2024-05-08T13:27:51.027+0200] {logging_mixin.py:188} INFO - [2024-05-08T13:27:51.026+0200] {dag.py:3954} INFO - Setting next_dagrun for tutorial_dag to None, run_after=None
[2024-05-08T13:27:51.049+0200] {processor.py:183} INFO - Processing /home/munya/.local/lib/python3.11/site-packages/airflow/example_dags/tutorial_dag.py took 0.083 seconds
[2024-05-08T13:28:50.029+0200] {processor.py:161} INFO - Started process (PID=257936) to work on /home/munya/.local/lib/python3.11/site-packages/airflow/example_dags/tutorial_dag.py
[2024-05-08T13:28:50.031+0200] {processor.py:830} INFO - Processing file /home/munya/.local/lib/python3.11/site-packages/airflow/example_dags/tutorial_dag.py for tasks to queue
[2024-05-08T13:28:50.033+0200] {logging_mixin.py:188} INFO - [2024-05-08T13:28:50.032+0200] {dagbag.py:540} INFO - Filling up the DagBag from /home/munya/.local/lib/python3.11/site-packages/airflow/example_dags/tutorial_dag.py
[2024-05-08T13:28:50.040+0200] {processor.py:840} INFO - DAG(s) 'tutorial_dag' retrieved from /home/munya/.local/lib/python3.11/site-packages/airflow/example_dags/tutorial_dag.py
[2024-05-08T13:28:50.055+0200] {logging_mixin.py:188} INFO - [2024-05-08T13:28:50.055+0200] {dag.py:3096} INFO - Sync 1 DAGs
[2024-05-08T13:28:50.068+0200] {logging_mixin.py:188} INFO - [2024-05-08T13:28:50.068+0200] {dag.py:3954} INFO - Setting next_dagrun for tutorial_dag to None, run_after=None
[2024-05-08T13:28:50.091+0200] {processor.py:183} INFO - Processing /home/munya/.local/lib/python3.11/site-packages/airflow/example_dags/tutorial_dag.py took 0.068 seconds
[2024-05-08T13:29:54.257+0200] {processor.py:161} INFO - Started process (PID=258785) to work on /home/munya/.local/lib/python3.11/site-packages/airflow/example_dags/tutorial_dag.py
[2024-05-08T13:29:54.258+0200] {processor.py:830} INFO - Processing file /home/munya/.local/lib/python3.11/site-packages/airflow/example_dags/tutorial_dag.py for tasks to queue
[2024-05-08T13:29:54.260+0200] {logging_mixin.py:188} INFO - [2024-05-08T13:29:54.260+0200] {dagbag.py:540} INFO - Filling up the DagBag from /home/munya/.local/lib/python3.11/site-packages/airflow/example_dags/tutorial_dag.py
[2024-05-08T13:29:54.266+0200] {processor.py:840} INFO - DAG(s) 'tutorial_dag' retrieved from /home/munya/.local/lib/python3.11/site-packages/airflow/example_dags/tutorial_dag.py
[2024-05-08T13:29:54.279+0200] {logging_mixin.py:188} INFO - [2024-05-08T13:29:54.279+0200] {dag.py:3096} INFO - Sync 1 DAGs
[2024-05-08T13:29:54.288+0200] {logging_mixin.py:188} INFO - [2024-05-08T13:29:54.288+0200] {dag.py:3954} INFO - Setting next_dagrun for tutorial_dag to None, run_after=None
[2024-05-08T13:29:54.304+0200] {processor.py:183} INFO - Processing /home/munya/.local/lib/python3.11/site-packages/airflow/example_dags/tutorial_dag.py took 0.052 seconds
[2024-05-08T13:31:03.444+0200] {processor.py:161} INFO - Started process (PID=259915) to work on /home/munya/.local/lib/python3.11/site-packages/airflow/example_dags/tutorial_dag.py
[2024-05-08T13:31:03.446+0200] {processor.py:830} INFO - Processing file /home/munya/.local/lib/python3.11/site-packages/airflow/example_dags/tutorial_dag.py for tasks to queue
[2024-05-08T13:31:03.448+0200] {logging_mixin.py:188} INFO - [2024-05-08T13:31:03.447+0200] {dagbag.py:540} INFO - Filling up the DagBag from /home/munya/.local/lib/python3.11/site-packages/airflow/example_dags/tutorial_dag.py
[2024-05-08T13:31:03.453+0200] {processor.py:840} INFO - DAG(s) 'tutorial_dag' retrieved from /home/munya/.local/lib/python3.11/site-packages/airflow/example_dags/tutorial_dag.py
[2024-05-08T13:31:03.467+0200] {logging_mixin.py:188} INFO - [2024-05-08T13:31:03.466+0200] {dag.py:3096} INFO - Sync 1 DAGs
[2024-05-08T13:31:03.476+0200] {logging_mixin.py:188} INFO - [2024-05-08T13:31:03.476+0200] {dag.py:3954} INFO - Setting next_dagrun for tutorial_dag to None, run_after=None
[2024-05-08T13:31:03.492+0200] {processor.py:183} INFO - Processing /home/munya/.local/lib/python3.11/site-packages/airflow/example_dags/tutorial_dag.py took 0.055 seconds
[2024-05-08T13:32:04.034+0200] {processor.py:161} INFO - Started process (PID=260712) to work on /home/munya/.local/lib/python3.11/site-packages/airflow/example_dags/tutorial_dag.py
[2024-05-08T13:32:04.035+0200] {processor.py:830} INFO - Processing file /home/munya/.local/lib/python3.11/site-packages/airflow/example_dags/tutorial_dag.py for tasks to queue
[2024-05-08T13:32:04.036+0200] {logging_mixin.py:188} INFO - [2024-05-08T13:32:04.036+0200] {dagbag.py:540} INFO - Filling up the DagBag from /home/munya/.local/lib/python3.11/site-packages/airflow/example_dags/tutorial_dag.py
[2024-05-08T13:32:04.042+0200] {processor.py:840} INFO - DAG(s) 'tutorial_dag' retrieved from /home/munya/.local/lib/python3.11/site-packages/airflow/example_dags/tutorial_dag.py
[2024-05-08T13:32:04.058+0200] {logging_mixin.py:188} INFO - [2024-05-08T13:32:04.058+0200] {dag.py:3096} INFO - Sync 1 DAGs
[2024-05-08T13:32:04.069+0200] {logging_mixin.py:188} INFO - [2024-05-08T13:32:04.069+0200] {dag.py:3954} INFO - Setting next_dagrun for tutorial_dag to None, run_after=None
[2024-05-08T13:32:04.089+0200] {processor.py:183} INFO - Processing /home/munya/.local/lib/python3.11/site-packages/airflow/example_dags/tutorial_dag.py took 0.060 seconds
[2024-05-08T13:33:06.268+0200] {processor.py:161} INFO - Started process (PID=261497) to work on /home/munya/.local/lib/python3.11/site-packages/airflow/example_dags/tutorial_dag.py
[2024-05-08T13:33:06.271+0200] {processor.py:830} INFO - Processing file /home/munya/.local/lib/python3.11/site-packages/airflow/example_dags/tutorial_dag.py for tasks to queue
[2024-05-08T13:33:06.274+0200] {logging_mixin.py:188} INFO - [2024-05-08T13:33:06.273+0200] {dagbag.py:540} INFO - Filling up the DagBag from /home/munya/.local/lib/python3.11/site-packages/airflow/example_dags/tutorial_dag.py
[2024-05-08T13:33:06.296+0200] {processor.py:840} INFO - DAG(s) 'tutorial_dag' retrieved from /home/munya/.local/lib/python3.11/site-packages/airflow/example_dags/tutorial_dag.py
[2024-05-08T13:33:06.347+0200] {logging_mixin.py:188} INFO - [2024-05-08T13:33:06.346+0200] {dag.py:3096} INFO - Sync 1 DAGs
[2024-05-08T13:33:06.386+0200] {logging_mixin.py:188} INFO - [2024-05-08T13:33:06.385+0200] {dag.py:3954} INFO - Setting next_dagrun for tutorial_dag to None, run_after=None
[2024-05-08T13:33:06.465+0200] {processor.py:183} INFO - Processing /home/munya/.local/lib/python3.11/site-packages/airflow/example_dags/tutorial_dag.py took 0.216 seconds
[2024-05-08T13:34:10.741+0200] {processor.py:161} INFO - Started process (PID=262394) to work on /home/munya/.local/lib/python3.11/site-packages/airflow/example_dags/tutorial_dag.py
[2024-05-08T13:34:10.748+0200] {processor.py:830} INFO - Processing file /home/munya/.local/lib/python3.11/site-packages/airflow/example_dags/tutorial_dag.py for tasks to queue
[2024-05-08T13:34:10.754+0200] {logging_mixin.py:188} INFO - [2024-05-08T13:34:10.752+0200] {dagbag.py:540} INFO - Filling up the DagBag from /home/munya/.local/lib/python3.11/site-packages/airflow/example_dags/tutorial_dag.py
[2024-05-08T13:34:10.785+0200] {processor.py:840} INFO - DAG(s) 'tutorial_dag' retrieved from /home/munya/.local/lib/python3.11/site-packages/airflow/example_dags/tutorial_dag.py
[2024-05-08T13:34:10.967+0200] {logging_mixin.py:188} INFO - [2024-05-08T13:34:10.965+0200] {dag.py:3096} INFO - Sync 1 DAGs
[2024-05-08T13:34:11.125+0200] {logging_mixin.py:188} INFO - [2024-05-08T13:34:11.120+0200] {dag.py:3954} INFO - Setting next_dagrun for tutorial_dag to None, run_after=None
[2024-05-08T13:34:11.265+0200] {processor.py:183} INFO - Processing /home/munya/.local/lib/python3.11/site-packages/airflow/example_dags/tutorial_dag.py took 0.673 seconds
[2024-05-08T13:35:12.379+0200] {processor.py:161} INFO - Started process (PID=263236) to work on /home/munya/.local/lib/python3.11/site-packages/airflow/example_dags/tutorial_dag.py
[2024-05-08T13:35:12.380+0200] {processor.py:830} INFO - Processing file /home/munya/.local/lib/python3.11/site-packages/airflow/example_dags/tutorial_dag.py for tasks to queue
[2024-05-08T13:35:12.381+0200] {logging_mixin.py:188} INFO - [2024-05-08T13:35:12.381+0200] {dagbag.py:540} INFO - Filling up the DagBag from /home/munya/.local/lib/python3.11/site-packages/airflow/example_dags/tutorial_dag.py
[2024-05-08T13:35:12.387+0200] {processor.py:840} INFO - DAG(s) 'tutorial_dag' retrieved from /home/munya/.local/lib/python3.11/site-packages/airflow/example_dags/tutorial_dag.py
[2024-05-08T13:35:12.403+0200] {logging_mixin.py:188} INFO - [2024-05-08T13:35:12.402+0200] {dag.py:3096} INFO - Sync 1 DAGs
[2024-05-08T13:35:12.413+0200] {logging_mixin.py:188} INFO - [2024-05-08T13:35:12.413+0200] {dag.py:3954} INFO - Setting next_dagrun for tutorial_dag to None, run_after=None
[2024-05-08T13:35:12.434+0200] {processor.py:183} INFO - Processing /home/munya/.local/lib/python3.11/site-packages/airflow/example_dags/tutorial_dag.py took 0.061 seconds
[2024-05-08T13:36:22.003+0200] {processor.py:161} INFO - Started process (PID=264115) to work on /home/munya/.local/lib/python3.11/site-packages/airflow/example_dags/tutorial_dag.py
[2024-05-08T13:36:22.004+0200] {processor.py:830} INFO - Processing file /home/munya/.local/lib/python3.11/site-packages/airflow/example_dags/tutorial_dag.py for tasks to queue
[2024-05-08T13:36:22.005+0200] {logging_mixin.py:188} INFO - [2024-05-08T13:36:22.005+0200] {dagbag.py:540} INFO - Filling up the DagBag from /home/munya/.local/lib/python3.11/site-packages/airflow/example_dags/tutorial_dag.py
[2024-05-08T13:36:22.012+0200] {processor.py:840} INFO - DAG(s) 'tutorial_dag' retrieved from /home/munya/.local/lib/python3.11/site-packages/airflow/example_dags/tutorial_dag.py
[2024-05-08T13:36:22.028+0200] {logging_mixin.py:188} INFO - [2024-05-08T13:36:22.028+0200] {dag.py:3096} INFO - Sync 1 DAGs
[2024-05-08T13:36:22.040+0200] {logging_mixin.py:188} INFO - [2024-05-08T13:36:22.040+0200] {dag.py:3954} INFO - Setting next_dagrun for tutorial_dag to None, run_after=None
[2024-05-08T13:36:22.057+0200] {processor.py:183} INFO - Processing /home/munya/.local/lib/python3.11/site-packages/airflow/example_dags/tutorial_dag.py took 0.060 seconds
[2024-05-08T13:37:26.607+0200] {processor.py:161} INFO - Started process (PID=264930) to work on /home/munya/.local/lib/python3.11/site-packages/airflow/example_dags/tutorial_dag.py
[2024-05-08T13:37:26.608+0200] {processor.py:830} INFO - Processing file /home/munya/.local/lib/python3.11/site-packages/airflow/example_dags/tutorial_dag.py for tasks to queue
[2024-05-08T13:37:26.609+0200] {logging_mixin.py:188} INFO - [2024-05-08T13:37:26.609+0200] {dagbag.py:540} INFO - Filling up the DagBag from /home/munya/.local/lib/python3.11/site-packages/airflow/example_dags/tutorial_dag.py
[2024-05-08T13:37:26.615+0200] {processor.py:840} INFO - DAG(s) 'tutorial_dag' retrieved from /home/munya/.local/lib/python3.11/site-packages/airflow/example_dags/tutorial_dag.py
[2024-05-08T13:37:26.630+0200] {logging_mixin.py:188} INFO - [2024-05-08T13:37:26.630+0200] {dag.py:3096} INFO - Sync 1 DAGs
[2024-05-08T13:37:26.644+0200] {logging_mixin.py:188} INFO - [2024-05-08T13:37:26.644+0200] {dag.py:3954} INFO - Setting next_dagrun for tutorial_dag to None, run_after=None
[2024-05-08T13:37:26.661+0200] {processor.py:183} INFO - Processing /home/munya/.local/lib/python3.11/site-packages/airflow/example_dags/tutorial_dag.py took 0.060 seconds
[2024-05-08T13:38:28.062+0200] {processor.py:161} INFO - Started process (PID=265736) to work on /home/munya/.local/lib/python3.11/site-packages/airflow/example_dags/tutorial_dag.py
[2024-05-08T13:38:28.063+0200] {processor.py:830} INFO - Processing file /home/munya/.local/lib/python3.11/site-packages/airflow/example_dags/tutorial_dag.py for tasks to queue
[2024-05-08T13:38:28.063+0200] {logging_mixin.py:188} INFO - [2024-05-08T13:38:28.063+0200] {dagbag.py:540} INFO - Filling up the DagBag from /home/munya/.local/lib/python3.11/site-packages/airflow/example_dags/tutorial_dag.py
[2024-05-08T13:38:28.069+0200] {processor.py:840} INFO - DAG(s) 'tutorial_dag' retrieved from /home/munya/.local/lib/python3.11/site-packages/airflow/example_dags/tutorial_dag.py
[2024-05-08T13:38:28.084+0200] {logging_mixin.py:188} INFO - [2024-05-08T13:38:28.084+0200] {dag.py:3096} INFO - Sync 1 DAGs
[2024-05-08T13:38:28.094+0200] {logging_mixin.py:188} INFO - [2024-05-08T13:38:28.094+0200] {dag.py:3954} INFO - Setting next_dagrun for tutorial_dag to None, run_after=None
[2024-05-08T13:38:28.114+0200] {processor.py:183} INFO - Processing /home/munya/.local/lib/python3.11/site-packages/airflow/example_dags/tutorial_dag.py took 0.058 seconds
[2024-05-08T13:39:28.073+0200] {processor.py:161} INFO - Started process (PID=266583) to work on /home/munya/.local/lib/python3.11/site-packages/airflow/example_dags/tutorial_dag.py
[2024-05-08T13:39:28.074+0200] {processor.py:830} INFO - Processing file /home/munya/.local/lib/python3.11/site-packages/airflow/example_dags/tutorial_dag.py for tasks to queue
[2024-05-08T13:39:28.075+0200] {logging_mixin.py:188} INFO - [2024-05-08T13:39:28.074+0200] {dagbag.py:540} INFO - Filling up the DagBag from /home/munya/.local/lib/python3.11/site-packages/airflow/example_dags/tutorial_dag.py
[2024-05-08T13:39:28.080+0200] {processor.py:840} INFO - DAG(s) 'tutorial_dag' retrieved from /home/munya/.local/lib/python3.11/site-packages/airflow/example_dags/tutorial_dag.py
[2024-05-08T13:39:28.096+0200] {logging_mixin.py:188} INFO - [2024-05-08T13:39:28.096+0200] {dag.py:3096} INFO - Sync 1 DAGs
[2024-05-08T13:39:28.107+0200] {logging_mixin.py:188} INFO - [2024-05-08T13:39:28.106+0200] {dag.py:3954} INFO - Setting next_dagrun for tutorial_dag to None, run_after=None
[2024-05-08T13:39:28.128+0200] {processor.py:183} INFO - Processing /home/munya/.local/lib/python3.11/site-packages/airflow/example_dags/tutorial_dag.py took 0.060 seconds
[2024-05-08T13:40:26.833+0200] {processor.py:161} INFO - Started process (PID=267489) to work on /home/munya/.local/lib/python3.11/site-packages/airflow/example_dags/tutorial_dag.py
[2024-05-08T13:40:26.834+0200] {processor.py:830} INFO - Processing file /home/munya/.local/lib/python3.11/site-packages/airflow/example_dags/tutorial_dag.py for tasks to queue
[2024-05-08T13:40:26.835+0200] {logging_mixin.py:188} INFO - [2024-05-08T13:40:26.834+0200] {dagbag.py:540} INFO - Filling up the DagBag from /home/munya/.local/lib/python3.11/site-packages/airflow/example_dags/tutorial_dag.py
[2024-05-08T13:40:26.840+0200] {processor.py:840} INFO - DAG(s) 'tutorial_dag' retrieved from /home/munya/.local/lib/python3.11/site-packages/airflow/example_dags/tutorial_dag.py
[2024-05-08T13:40:26.856+0200] {logging_mixin.py:188} INFO - [2024-05-08T13:40:26.856+0200] {dag.py:3096} INFO - Sync 1 DAGs
[2024-05-08T13:40:26.867+0200] {logging_mixin.py:188} INFO - [2024-05-08T13:40:26.867+0200] {dag.py:3954} INFO - Setting next_dagrun for tutorial_dag to None, run_after=None
[2024-05-08T13:40:26.887+0200] {processor.py:183} INFO - Processing /home/munya/.local/lib/python3.11/site-packages/airflow/example_dags/tutorial_dag.py took 0.059 seconds
[2024-05-08T13:41:26.992+0200] {processor.py:161} INFO - Started process (PID=268420) to work on /home/munya/.local/lib/python3.11/site-packages/airflow/example_dags/tutorial_dag.py
[2024-05-08T13:41:26.993+0200] {processor.py:830} INFO - Processing file /home/munya/.local/lib/python3.11/site-packages/airflow/example_dags/tutorial_dag.py for tasks to queue
[2024-05-08T13:41:26.994+0200] {logging_mixin.py:188} INFO - [2024-05-08T13:41:26.994+0200] {dagbag.py:540} INFO - Filling up the DagBag from /home/munya/.local/lib/python3.11/site-packages/airflow/example_dags/tutorial_dag.py
[2024-05-08T13:41:27.001+0200] {processor.py:840} INFO - DAG(s) 'tutorial_dag' retrieved from /home/munya/.local/lib/python3.11/site-packages/airflow/example_dags/tutorial_dag.py
[2024-05-08T13:41:27.016+0200] {logging_mixin.py:188} INFO - [2024-05-08T13:41:27.016+0200] {dag.py:3096} INFO - Sync 1 DAGs
[2024-05-08T13:41:27.029+0200] {logging_mixin.py:188} INFO - [2024-05-08T13:41:27.029+0200] {dag.py:3954} INFO - Setting next_dagrun for tutorial_dag to None, run_after=None
[2024-05-08T13:41:27.047+0200] {processor.py:183} INFO - Processing /home/munya/.local/lib/python3.11/site-packages/airflow/example_dags/tutorial_dag.py took 0.062 seconds
[2024-05-08T13:42:29.933+0200] {processor.py:161} INFO - Started process (PID=269301) to work on /home/munya/.local/lib/python3.11/site-packages/airflow/example_dags/tutorial_dag.py
[2024-05-08T13:42:29.936+0200] {processor.py:830} INFO - Processing file /home/munya/.local/lib/python3.11/site-packages/airflow/example_dags/tutorial_dag.py for tasks to queue
[2024-05-08T13:42:29.939+0200] {logging_mixin.py:188} INFO - [2024-05-08T13:42:29.938+0200] {dagbag.py:540} INFO - Filling up the DagBag from /home/munya/.local/lib/python3.11/site-packages/airflow/example_dags/tutorial_dag.py
[2024-05-08T13:42:29.959+0200] {processor.py:840} INFO - DAG(s) 'tutorial_dag' retrieved from /home/munya/.local/lib/python3.11/site-packages/airflow/example_dags/tutorial_dag.py
[2024-05-08T13:42:30.011+0200] {logging_mixin.py:188} INFO - [2024-05-08T13:42:30.011+0200] {dag.py:3096} INFO - Sync 1 DAGs
[2024-05-08T13:42:30.054+0200] {logging_mixin.py:188} INFO - [2024-05-08T13:42:30.053+0200] {dag.py:3954} INFO - Setting next_dagrun for tutorial_dag to None, run_after=None
[2024-05-08T13:42:30.091+0200] {processor.py:183} INFO - Processing /home/munya/.local/lib/python3.11/site-packages/airflow/example_dags/tutorial_dag.py took 0.178 seconds
[2024-05-08T13:43:38.978+0200] {processor.py:161} INFO - Started process (PID=270181) to work on /home/munya/.local/lib/python3.11/site-packages/airflow/example_dags/tutorial_dag.py
[2024-05-08T13:43:38.979+0200] {processor.py:830} INFO - Processing file /home/munya/.local/lib/python3.11/site-packages/airflow/example_dags/tutorial_dag.py for tasks to queue
[2024-05-08T13:43:38.980+0200] {logging_mixin.py:188} INFO - [2024-05-08T13:43:38.980+0200] {dagbag.py:540} INFO - Filling up the DagBag from /home/munya/.local/lib/python3.11/site-packages/airflow/example_dags/tutorial_dag.py
[2024-05-08T13:43:38.985+0200] {processor.py:840} INFO - DAG(s) 'tutorial_dag' retrieved from /home/munya/.local/lib/python3.11/site-packages/airflow/example_dags/tutorial_dag.py
[2024-05-08T13:43:39.000+0200] {logging_mixin.py:188} INFO - [2024-05-08T13:43:39.000+0200] {dag.py:3096} INFO - Sync 1 DAGs
[2024-05-08T13:43:39.010+0200] {logging_mixin.py:188} INFO - [2024-05-08T13:43:39.009+0200] {dag.py:3954} INFO - Setting next_dagrun for tutorial_dag to None, run_after=None
[2024-05-08T13:43:39.027+0200] {processor.py:183} INFO - Processing /home/munya/.local/lib/python3.11/site-packages/airflow/example_dags/tutorial_dag.py took 0.054 seconds
[2024-05-08T13:44:41.497+0200] {processor.py:161} INFO - Started process (PID=270998) to work on /home/munya/.local/lib/python3.11/site-packages/airflow/example_dags/tutorial_dag.py
[2024-05-08T13:44:41.500+0200] {processor.py:830} INFO - Processing file /home/munya/.local/lib/python3.11/site-packages/airflow/example_dags/tutorial_dag.py for tasks to queue
[2024-05-08T13:44:41.504+0200] {logging_mixin.py:188} INFO - [2024-05-08T13:44:41.503+0200] {dagbag.py:540} INFO - Filling up the DagBag from /home/munya/.local/lib/python3.11/site-packages/airflow/example_dags/tutorial_dag.py
[2024-05-08T13:44:41.526+0200] {processor.py:840} INFO - DAG(s) 'tutorial_dag' retrieved from /home/munya/.local/lib/python3.11/site-packages/airflow/example_dags/tutorial_dag.py
[2024-05-08T13:44:41.594+0200] {logging_mixin.py:188} INFO - [2024-05-08T13:44:41.593+0200] {dag.py:3096} INFO - Sync 1 DAGs
[2024-05-08T13:44:41.651+0200] {logging_mixin.py:188} INFO - [2024-05-08T13:44:41.650+0200] {dag.py:3954} INFO - Setting next_dagrun for tutorial_dag to None, run_after=None
[2024-05-08T13:44:41.709+0200] {processor.py:183} INFO - Processing /home/munya/.local/lib/python3.11/site-packages/airflow/example_dags/tutorial_dag.py took 0.230 seconds
[2024-05-08T13:45:53.323+0200] {processor.py:161} INFO - Started process (PID=271939) to work on /home/munya/.local/lib/python3.11/site-packages/airflow/example_dags/tutorial_dag.py
[2024-05-08T13:45:53.324+0200] {processor.py:830} INFO - Processing file /home/munya/.local/lib/python3.11/site-packages/airflow/example_dags/tutorial_dag.py for tasks to queue
[2024-05-08T13:45:53.325+0200] {logging_mixin.py:188} INFO - [2024-05-08T13:45:53.325+0200] {dagbag.py:540} INFO - Filling up the DagBag from /home/munya/.local/lib/python3.11/site-packages/airflow/example_dags/tutorial_dag.py
[2024-05-08T13:45:53.332+0200] {processor.py:840} INFO - DAG(s) 'tutorial_dag' retrieved from /home/munya/.local/lib/python3.11/site-packages/airflow/example_dags/tutorial_dag.py
[2024-05-08T13:45:53.352+0200] {logging_mixin.py:188} INFO - [2024-05-08T13:45:53.352+0200] {dag.py:3096} INFO - Sync 1 DAGs
[2024-05-08T13:45:53.366+0200] {logging_mixin.py:188} INFO - [2024-05-08T13:45:53.365+0200] {dag.py:3954} INFO - Setting next_dagrun for tutorial_dag to None, run_after=None
[2024-05-08T13:45:53.392+0200] {processor.py:183} INFO - Processing /home/munya/.local/lib/python3.11/site-packages/airflow/example_dags/tutorial_dag.py took 0.078 seconds
[2024-05-08T13:46:54.934+0200] {processor.py:161} INFO - Started process (PID=272776) to work on /home/munya/.local/lib/python3.11/site-packages/airflow/example_dags/tutorial_dag.py
[2024-05-08T13:46:54.936+0200] {processor.py:830} INFO - Processing file /home/munya/.local/lib/python3.11/site-packages/airflow/example_dags/tutorial_dag.py for tasks to queue
[2024-05-08T13:46:54.938+0200] {logging_mixin.py:188} INFO - [2024-05-08T13:46:54.937+0200] {dagbag.py:540} INFO - Filling up the DagBag from /home/munya/.local/lib/python3.11/site-packages/airflow/example_dags/tutorial_dag.py
[2024-05-08T13:46:54.944+0200] {processor.py:840} INFO - DAG(s) 'tutorial_dag' retrieved from /home/munya/.local/lib/python3.11/site-packages/airflow/example_dags/tutorial_dag.py
[2024-05-08T13:46:54.965+0200] {logging_mixin.py:188} INFO - [2024-05-08T13:46:54.964+0200] {dag.py:3096} INFO - Sync 1 DAGs
[2024-05-08T13:46:54.979+0200] {logging_mixin.py:188} INFO - [2024-05-08T13:46:54.979+0200] {dag.py:3954} INFO - Setting next_dagrun for tutorial_dag to None, run_after=None
[2024-05-08T13:46:55.007+0200] {processor.py:183} INFO - Processing /home/munya/.local/lib/python3.11/site-packages/airflow/example_dags/tutorial_dag.py took 0.081 seconds
[2024-05-08T13:47:58.855+0200] {processor.py:161} INFO - Started process (PID=273641) to work on /home/munya/.local/lib/python3.11/site-packages/airflow/example_dags/tutorial_dag.py
[2024-05-08T13:47:58.856+0200] {processor.py:830} INFO - Processing file /home/munya/.local/lib/python3.11/site-packages/airflow/example_dags/tutorial_dag.py for tasks to queue
[2024-05-08T13:47:58.857+0200] {logging_mixin.py:188} INFO - [2024-05-08T13:47:58.857+0200] {dagbag.py:540} INFO - Filling up the DagBag from /home/munya/.local/lib/python3.11/site-packages/airflow/example_dags/tutorial_dag.py
[2024-05-08T13:47:58.865+0200] {processor.py:840} INFO - DAG(s) 'tutorial_dag' retrieved from /home/munya/.local/lib/python3.11/site-packages/airflow/example_dags/tutorial_dag.py
[2024-05-08T13:47:58.883+0200] {logging_mixin.py:188} INFO - [2024-05-08T13:47:58.883+0200] {dag.py:3096} INFO - Sync 1 DAGs
[2024-05-08T13:47:58.900+0200] {logging_mixin.py:188} INFO - [2024-05-08T13:47:58.899+0200] {dag.py:3954} INFO - Setting next_dagrun for tutorial_dag to None, run_after=None
[2024-05-08T13:47:58.923+0200] {processor.py:183} INFO - Processing /home/munya/.local/lib/python3.11/site-packages/airflow/example_dags/tutorial_dag.py took 0.076 seconds
[2024-05-08T13:48:58.113+0200] {processor.py:161} INFO - Started process (PID=274452) to work on /home/munya/.local/lib/python3.11/site-packages/airflow/example_dags/tutorial_dag.py
[2024-05-08T13:48:58.114+0200] {processor.py:830} INFO - Processing file /home/munya/.local/lib/python3.11/site-packages/airflow/example_dags/tutorial_dag.py for tasks to queue
[2024-05-08T13:48:58.115+0200] {logging_mixin.py:188} INFO - [2024-05-08T13:48:58.115+0200] {dagbag.py:540} INFO - Filling up the DagBag from /home/munya/.local/lib/python3.11/site-packages/airflow/example_dags/tutorial_dag.py
[2024-05-08T13:48:58.122+0200] {processor.py:840} INFO - DAG(s) 'tutorial_dag' retrieved from /home/munya/.local/lib/python3.11/site-packages/airflow/example_dags/tutorial_dag.py
[2024-05-08T13:48:58.140+0200] {logging_mixin.py:188} INFO - [2024-05-08T13:48:58.140+0200] {dag.py:3096} INFO - Sync 1 DAGs
[2024-05-08T13:48:58.153+0200] {logging_mixin.py:188} INFO - [2024-05-08T13:48:58.153+0200] {dag.py:3954} INFO - Setting next_dagrun for tutorial_dag to None, run_after=None
[2024-05-08T13:48:58.172+0200] {processor.py:183} INFO - Processing /home/munya/.local/lib/python3.11/site-packages/airflow/example_dags/tutorial_dag.py took 0.065 seconds
[2024-05-08T13:50:01.120+0200] {processor.py:161} INFO - Started process (PID=275303) to work on /home/munya/.local/lib/python3.11/site-packages/airflow/example_dags/tutorial_dag.py
[2024-05-08T13:50:01.121+0200] {processor.py:830} INFO - Processing file /home/munya/.local/lib/python3.11/site-packages/airflow/example_dags/tutorial_dag.py for tasks to queue
[2024-05-08T13:50:01.122+0200] {logging_mixin.py:188} INFO - [2024-05-08T13:50:01.122+0200] {dagbag.py:540} INFO - Filling up the DagBag from /home/munya/.local/lib/python3.11/site-packages/airflow/example_dags/tutorial_dag.py
[2024-05-08T13:50:01.128+0200] {processor.py:840} INFO - DAG(s) 'tutorial_dag' retrieved from /home/munya/.local/lib/python3.11/site-packages/airflow/example_dags/tutorial_dag.py
[2024-05-08T13:50:01.144+0200] {logging_mixin.py:188} INFO - [2024-05-08T13:50:01.144+0200] {dag.py:3096} INFO - Sync 1 DAGs
[2024-05-08T13:50:01.156+0200] {logging_mixin.py:188} INFO - [2024-05-08T13:50:01.156+0200] {dag.py:3954} INFO - Setting next_dagrun for tutorial_dag to None, run_after=None
[2024-05-08T13:50:01.175+0200] {processor.py:183} INFO - Processing /home/munya/.local/lib/python3.11/site-packages/airflow/example_dags/tutorial_dag.py took 0.061 seconds
[2024-05-08T13:51:09.187+0200] {processor.py:161} INFO - Started process (PID=276452) to work on /home/munya/.local/lib/python3.11/site-packages/airflow/example_dags/tutorial_dag.py
[2024-05-08T13:51:09.188+0200] {processor.py:830} INFO - Processing file /home/munya/.local/lib/python3.11/site-packages/airflow/example_dags/tutorial_dag.py for tasks to queue
[2024-05-08T13:51:09.189+0200] {logging_mixin.py:188} INFO - [2024-05-08T13:51:09.189+0200] {dagbag.py:540} INFO - Filling up the DagBag from /home/munya/.local/lib/python3.11/site-packages/airflow/example_dags/tutorial_dag.py
[2024-05-08T13:51:09.199+0200] {processor.py:840} INFO - DAG(s) 'tutorial_dag' retrieved from /home/munya/.local/lib/python3.11/site-packages/airflow/example_dags/tutorial_dag.py
[2024-05-08T13:51:09.217+0200] {logging_mixin.py:188} INFO - [2024-05-08T13:51:09.217+0200] {dag.py:3096} INFO - Sync 1 DAGs
[2024-05-08T13:51:09.233+0200] {logging_mixin.py:188} INFO - [2024-05-08T13:51:09.233+0200] {dag.py:3954} INFO - Setting next_dagrun for tutorial_dag to None, run_after=None
[2024-05-08T13:51:09.254+0200] {processor.py:183} INFO - Processing /home/munya/.local/lib/python3.11/site-packages/airflow/example_dags/tutorial_dag.py took 0.079 seconds
[2024-05-08T13:52:09.148+0200] {processor.py:161} INFO - Started process (PID=277305) to work on /home/munya/.local/lib/python3.11/site-packages/airflow/example_dags/tutorial_dag.py
[2024-05-08T13:52:09.149+0200] {processor.py:830} INFO - Processing file /home/munya/.local/lib/python3.11/site-packages/airflow/example_dags/tutorial_dag.py for tasks to queue
[2024-05-08T13:52:09.150+0200] {logging_mixin.py:188} INFO - [2024-05-08T13:52:09.150+0200] {dagbag.py:540} INFO - Filling up the DagBag from /home/munya/.local/lib/python3.11/site-packages/airflow/example_dags/tutorial_dag.py
[2024-05-08T13:52:09.156+0200] {processor.py:840} INFO - DAG(s) 'tutorial_dag' retrieved from /home/munya/.local/lib/python3.11/site-packages/airflow/example_dags/tutorial_dag.py
[2024-05-08T13:52:09.172+0200] {logging_mixin.py:188} INFO - [2024-05-08T13:52:09.172+0200] {dag.py:3096} INFO - Sync 1 DAGs
[2024-05-08T13:52:09.183+0200] {logging_mixin.py:188} INFO - [2024-05-08T13:52:09.183+0200] {dag.py:3954} INFO - Setting next_dagrun for tutorial_dag to None, run_after=None
[2024-05-08T13:52:09.204+0200] {processor.py:183} INFO - Processing /home/munya/.local/lib/python3.11/site-packages/airflow/example_dags/tutorial_dag.py took 0.062 seconds
[2024-05-08T13:53:18.417+0200] {processor.py:161} INFO - Started process (PID=278271) to work on /home/munya/.local/lib/python3.11/site-packages/airflow/example_dags/tutorial_dag.py
[2024-05-08T13:53:18.419+0200] {processor.py:830} INFO - Processing file /home/munya/.local/lib/python3.11/site-packages/airflow/example_dags/tutorial_dag.py for tasks to queue
[2024-05-08T13:53:18.420+0200] {logging_mixin.py:188} INFO - [2024-05-08T13:53:18.419+0200] {dagbag.py:540} INFO - Filling up the DagBag from /home/munya/.local/lib/python3.11/site-packages/airflow/example_dags/tutorial_dag.py
[2024-05-08T13:53:18.427+0200] {processor.py:840} INFO - DAG(s) 'tutorial_dag' retrieved from /home/munya/.local/lib/python3.11/site-packages/airflow/example_dags/tutorial_dag.py
[2024-05-08T13:53:18.446+0200] {logging_mixin.py:188} INFO - [2024-05-08T13:53:18.446+0200] {dag.py:3096} INFO - Sync 1 DAGs
[2024-05-08T13:53:18.460+0200] {logging_mixin.py:188} INFO - [2024-05-08T13:53:18.459+0200] {dag.py:3954} INFO - Setting next_dagrun for tutorial_dag to None, run_after=None
[2024-05-08T13:53:18.479+0200] {processor.py:183} INFO - Processing /home/munya/.local/lib/python3.11/site-packages/airflow/example_dags/tutorial_dag.py took 0.068 seconds
[2024-05-08T13:54:10.933+0200] {processor.py:161} INFO - Started process (PID=278968) to work on /home/munya/.local/lib/python3.11/site-packages/airflow/example_dags/tutorial_dag.py
[2024-05-08T13:54:10.936+0200] {processor.py:830} INFO - Processing file /home/munya/.local/lib/python3.11/site-packages/airflow/example_dags/tutorial_dag.py for tasks to queue
[2024-05-08T13:54:10.939+0200] {logging_mixin.py:188} INFO - [2024-05-08T13:54:10.938+0200] {dagbag.py:540} INFO - Filling up the DagBag from /home/munya/.local/lib/python3.11/site-packages/airflow/example_dags/tutorial_dag.py
[2024-05-08T13:54:10.959+0200] {processor.py:840} INFO - DAG(s) 'tutorial_dag' retrieved from /home/munya/.local/lib/python3.11/site-packages/airflow/example_dags/tutorial_dag.py
[2024-05-08T13:54:11.009+0200] {logging_mixin.py:188} INFO - [2024-05-08T13:54:11.009+0200] {dag.py:3096} INFO - Sync 1 DAGs
[2024-05-08T13:54:11.047+0200] {logging_mixin.py:188} INFO - [2024-05-08T13:54:11.046+0200] {dag.py:3954} INFO - Setting next_dagrun for tutorial_dag to None, run_after=None
[2024-05-08T13:54:11.106+0200] {processor.py:183} INFO - Processing /home/munya/.local/lib/python3.11/site-packages/airflow/example_dags/tutorial_dag.py took 0.192 seconds
[2024-05-08T13:55:15.570+0200] {processor.py:161} INFO - Started process (PID=279836) to work on /home/munya/.local/lib/python3.11/site-packages/airflow/example_dags/tutorial_dag.py
[2024-05-08T13:55:15.577+0200] {processor.py:830} INFO - Processing file /home/munya/.local/lib/python3.11/site-packages/airflow/example_dags/tutorial_dag.py for tasks to queue
[2024-05-08T13:55:15.584+0200] {logging_mixin.py:188} INFO - [2024-05-08T13:55:15.582+0200] {dagbag.py:540} INFO - Filling up the DagBag from /home/munya/.local/lib/python3.11/site-packages/airflow/example_dags/tutorial_dag.py
[2024-05-08T13:55:15.615+0200] {processor.py:840} INFO - DAG(s) 'tutorial_dag' retrieved from /home/munya/.local/lib/python3.11/site-packages/airflow/example_dags/tutorial_dag.py
[2024-05-08T13:55:15.710+0200] {logging_mixin.py:188} INFO - [2024-05-08T13:55:15.709+0200] {dag.py:3096} INFO - Sync 1 DAGs
[2024-05-08T13:55:15.815+0200] {logging_mixin.py:188} INFO - [2024-05-08T13:55:15.800+0200] {dag.py:3954} INFO - Setting next_dagrun for tutorial_dag to None, run_after=None
[2024-05-08T13:55:15.999+0200] {processor.py:183} INFO - Processing /home/munya/.local/lib/python3.11/site-packages/airflow/example_dags/tutorial_dag.py took 0.458 seconds
[2024-05-08T13:56:14.589+0200] {processor.py:161} INFO - Started process (PID=280660) to work on /home/munya/.local/lib/python3.11/site-packages/airflow/example_dags/tutorial_dag.py
[2024-05-08T13:56:14.590+0200] {processor.py:830} INFO - Processing file /home/munya/.local/lib/python3.11/site-packages/airflow/example_dags/tutorial_dag.py for tasks to queue
[2024-05-08T13:56:14.593+0200] {logging_mixin.py:188} INFO - [2024-05-08T13:56:14.591+0200] {dagbag.py:540} INFO - Filling up the DagBag from /home/munya/.local/lib/python3.11/site-packages/airflow/example_dags/tutorial_dag.py
[2024-05-08T13:56:14.600+0200] {processor.py:840} INFO - DAG(s) 'tutorial_dag' retrieved from /home/munya/.local/lib/python3.11/site-packages/airflow/example_dags/tutorial_dag.py
[2024-05-08T13:56:14.619+0200] {logging_mixin.py:188} INFO - [2024-05-08T13:56:14.619+0200] {dag.py:3096} INFO - Sync 1 DAGs
[2024-05-08T13:56:14.633+0200] {logging_mixin.py:188} INFO - [2024-05-08T13:56:14.633+0200] {dag.py:3954} INFO - Setting next_dagrun for tutorial_dag to None, run_after=None
[2024-05-08T13:56:14.654+0200] {processor.py:183} INFO - Processing /home/munya/.local/lib/python3.11/site-packages/airflow/example_dags/tutorial_dag.py took 0.072 seconds
[2024-05-08T13:57:20.877+0200] {processor.py:161} INFO - Started process (PID=281558) to work on /home/munya/.local/lib/python3.11/site-packages/airflow/example_dags/tutorial_dag.py
[2024-05-08T13:57:20.878+0200] {processor.py:830} INFO - Processing file /home/munya/.local/lib/python3.11/site-packages/airflow/example_dags/tutorial_dag.py for tasks to queue
[2024-05-08T13:57:20.879+0200] {logging_mixin.py:188} INFO - [2024-05-08T13:57:20.878+0200] {dagbag.py:540} INFO - Filling up the DagBag from /home/munya/.local/lib/python3.11/site-packages/airflow/example_dags/tutorial_dag.py
[2024-05-08T13:57:20.886+0200] {processor.py:840} INFO - DAG(s) 'tutorial_dag' retrieved from /home/munya/.local/lib/python3.11/site-packages/airflow/example_dags/tutorial_dag.py
[2024-05-08T13:57:20.904+0200] {logging_mixin.py:188} INFO - [2024-05-08T13:57:20.904+0200] {dag.py:3096} INFO - Sync 1 DAGs
[2024-05-08T13:57:20.915+0200] {logging_mixin.py:188} INFO - [2024-05-08T13:57:20.915+0200] {dag.py:3954} INFO - Setting next_dagrun for tutorial_dag to None, run_after=None
[2024-05-08T13:57:20.935+0200] {processor.py:183} INFO - Processing /home/munya/.local/lib/python3.11/site-packages/airflow/example_dags/tutorial_dag.py took 0.064 seconds
[2024-05-08T13:58:25.179+0200] {processor.py:161} INFO - Started process (PID=282447) to work on /home/munya/.local/lib/python3.11/site-packages/airflow/example_dags/tutorial_dag.py
[2024-05-08T13:58:25.182+0200] {processor.py:830} INFO - Processing file /home/munya/.local/lib/python3.11/site-packages/airflow/example_dags/tutorial_dag.py for tasks to queue
[2024-05-08T13:58:25.185+0200] {logging_mixin.py:188} INFO - [2024-05-08T13:58:25.183+0200] {dagbag.py:540} INFO - Filling up the DagBag from /home/munya/.local/lib/python3.11/site-packages/airflow/example_dags/tutorial_dag.py
[2024-05-08T13:58:25.203+0200] {processor.py:840} INFO - DAG(s) 'tutorial_dag' retrieved from /home/munya/.local/lib/python3.11/site-packages/airflow/example_dags/tutorial_dag.py
[2024-05-08T13:58:25.258+0200] {logging_mixin.py:188} INFO - [2024-05-08T13:58:25.257+0200] {dag.py:3096} INFO - Sync 1 DAGs
[2024-05-08T13:58:25.297+0200] {logging_mixin.py:188} INFO - [2024-05-08T13:58:25.296+0200] {dag.py:3954} INFO - Setting next_dagrun for tutorial_dag to None, run_after=None
[2024-05-08T13:58:25.357+0200] {processor.py:183} INFO - Processing /home/munya/.local/lib/python3.11/site-packages/airflow/example_dags/tutorial_dag.py took 0.197 seconds
[2024-05-08T13:59:04.756+0200] {processor.py:161} INFO - Started process (PID=282978) to work on /home/munya/.local/lib/python3.11/site-packages/airflow/example_dags/tutorial_dag.py
[2024-05-08T13:59:04.757+0200] {processor.py:830} INFO - Processing file /home/munya/.local/lib/python3.11/site-packages/airflow/example_dags/tutorial_dag.py for tasks to queue
[2024-05-08T13:59:04.758+0200] {logging_mixin.py:188} INFO - [2024-05-08T13:59:04.757+0200] {dagbag.py:540} INFO - Filling up the DagBag from /home/munya/.local/lib/python3.11/site-packages/airflow/example_dags/tutorial_dag.py
[2024-05-08T13:59:04.764+0200] {processor.py:840} INFO - DAG(s) 'tutorial_dag' retrieved from /home/munya/.local/lib/python3.11/site-packages/airflow/example_dags/tutorial_dag.py
[2024-05-08T13:59:04.778+0200] {logging_mixin.py:188} INFO - [2024-05-08T13:59:04.778+0200] {dag.py:3096} INFO - Sync 1 DAGs
[2024-05-08T13:59:04.787+0200] {logging_mixin.py:188} INFO - [2024-05-08T13:59:04.787+0200] {dag.py:3954} INFO - Setting next_dagrun for tutorial_dag to None, run_after=None
[2024-05-08T13:59:04.804+0200] {processor.py:183} INFO - Processing /home/munya/.local/lib/python3.11/site-packages/airflow/example_dags/tutorial_dag.py took 0.054 seconds
[2024-05-08T14:00:26.125+0200] {processor.py:161} INFO - Started process (PID=284051) to work on /home/munya/.local/lib/python3.11/site-packages/airflow/example_dags/tutorial_dag.py
[2024-05-08T14:00:26.128+0200] {processor.py:830} INFO - Processing file /home/munya/.local/lib/python3.11/site-packages/airflow/example_dags/tutorial_dag.py for tasks to queue
[2024-05-08T14:00:26.133+0200] {logging_mixin.py:188} INFO - [2024-05-08T14:00:26.131+0200] {dagbag.py:540} INFO - Filling up the DagBag from /home/munya/.local/lib/python3.11/site-packages/airflow/example_dags/tutorial_dag.py
[2024-05-08T14:00:26.160+0200] {processor.py:840} INFO - DAG(s) 'tutorial_dag' retrieved from /home/munya/.local/lib/python3.11/site-packages/airflow/example_dags/tutorial_dag.py
[2024-05-08T14:00:26.227+0200] {logging_mixin.py:188} INFO - [2024-05-08T14:00:26.226+0200] {dag.py:3096} INFO - Sync 1 DAGs
[2024-05-08T14:00:26.261+0200] {logging_mixin.py:188} INFO - [2024-05-08T14:00:26.261+0200] {dag.py:3954} INFO - Setting next_dagrun for tutorial_dag to None, run_after=None
[2024-05-08T14:00:26.335+0200] {processor.py:183} INFO - Processing /home/munya/.local/lib/python3.11/site-packages/airflow/example_dags/tutorial_dag.py took 0.238 seconds
[2024-05-08T14:01:08.531+0200] {processor.py:161} INFO - Started process (PID=284687) to work on /home/munya/.local/lib/python3.11/site-packages/airflow/example_dags/tutorial_dag.py
[2024-05-08T14:01:08.533+0200] {processor.py:830} INFO - Processing file /home/munya/.local/lib/python3.11/site-packages/airflow/example_dags/tutorial_dag.py for tasks to queue
[2024-05-08T14:01:08.536+0200] {logging_mixin.py:188} INFO - [2024-05-08T14:01:08.535+0200] {dagbag.py:540} INFO - Filling up the DagBag from /home/munya/.local/lib/python3.11/site-packages/airflow/example_dags/tutorial_dag.py
[2024-05-08T14:01:08.555+0200] {processor.py:840} INFO - DAG(s) 'tutorial_dag' retrieved from /home/munya/.local/lib/python3.11/site-packages/airflow/example_dags/tutorial_dag.py
[2024-05-08T14:01:08.606+0200] {logging_mixin.py:188} INFO - [2024-05-08T14:01:08.605+0200] {dag.py:3096} INFO - Sync 1 DAGs
[2024-05-08T14:01:08.641+0200] {logging_mixin.py:188} INFO - [2024-05-08T14:01:08.640+0200] {dag.py:3954} INFO - Setting next_dagrun for tutorial_dag to None, run_after=None
[2024-05-08T14:01:08.697+0200] {processor.py:183} INFO - Processing /home/munya/.local/lib/python3.11/site-packages/airflow/example_dags/tutorial_dag.py took 0.185 seconds
[2024-05-08T14:02:12.604+0200] {processor.py:161} INFO - Started process (PID=285555) to work on /home/munya/.local/lib/python3.11/site-packages/airflow/example_dags/tutorial_dag.py
[2024-05-08T14:02:12.605+0200] {processor.py:830} INFO - Processing file /home/munya/.local/lib/python3.11/site-packages/airflow/example_dags/tutorial_dag.py for tasks to queue
[2024-05-08T14:02:12.606+0200] {logging_mixin.py:188} INFO - [2024-05-08T14:02:12.605+0200] {dagbag.py:540} INFO - Filling up the DagBag from /home/munya/.local/lib/python3.11/site-packages/airflow/example_dags/tutorial_dag.py
[2024-05-08T14:02:12.611+0200] {processor.py:840} INFO - DAG(s) 'tutorial_dag' retrieved from /home/munya/.local/lib/python3.11/site-packages/airflow/example_dags/tutorial_dag.py
[2024-05-08T14:02:12.625+0200] {logging_mixin.py:188} INFO - [2024-05-08T14:02:12.625+0200] {dag.py:3096} INFO - Sync 1 DAGs
[2024-05-08T14:02:12.635+0200] {logging_mixin.py:188} INFO - [2024-05-08T14:02:12.635+0200] {dag.py:3954} INFO - Setting next_dagrun for tutorial_dag to None, run_after=None
[2024-05-08T14:02:12.651+0200] {processor.py:183} INFO - Processing /home/munya/.local/lib/python3.11/site-packages/airflow/example_dags/tutorial_dag.py took 0.053 seconds
[2024-05-08T14:03:18.179+0200] {processor.py:161} INFO - Started process (PID=286417) to work on /home/munya/.local/lib/python3.11/site-packages/airflow/example_dags/tutorial_dag.py
[2024-05-08T14:03:18.180+0200] {processor.py:830} INFO - Processing file /home/munya/.local/lib/python3.11/site-packages/airflow/example_dags/tutorial_dag.py for tasks to queue
[2024-05-08T14:03:18.182+0200] {logging_mixin.py:188} INFO - [2024-05-08T14:03:18.181+0200] {dagbag.py:540} INFO - Filling up the DagBag from /home/munya/.local/lib/python3.11/site-packages/airflow/example_dags/tutorial_dag.py
[2024-05-08T14:03:18.188+0200] {processor.py:840} INFO - DAG(s) 'tutorial_dag' retrieved from /home/munya/.local/lib/python3.11/site-packages/airflow/example_dags/tutorial_dag.py
[2024-05-08T14:03:18.205+0200] {logging_mixin.py:188} INFO - [2024-05-08T14:03:18.205+0200] {dag.py:3096} INFO - Sync 1 DAGs
[2024-05-08T14:03:18.219+0200] {logging_mixin.py:188} INFO - [2024-05-08T14:03:18.218+0200] {dag.py:3954} INFO - Setting next_dagrun for tutorial_dag to None, run_after=None
[2024-05-08T14:03:18.242+0200] {processor.py:183} INFO - Processing /home/munya/.local/lib/python3.11/site-packages/airflow/example_dags/tutorial_dag.py took 0.069 seconds
[2024-05-08T14:04:21.062+0200] {processor.py:161} INFO - Started process (PID=287229) to work on /home/munya/.local/lib/python3.11/site-packages/airflow/example_dags/tutorial_dag.py
[2024-05-08T14:04:21.064+0200] {processor.py:830} INFO - Processing file /home/munya/.local/lib/python3.11/site-packages/airflow/example_dags/tutorial_dag.py for tasks to queue
[2024-05-08T14:04:21.067+0200] {logging_mixin.py:188} INFO - [2024-05-08T14:04:21.066+0200] {dagbag.py:540} INFO - Filling up the DagBag from /home/munya/.local/lib/python3.11/site-packages/airflow/example_dags/tutorial_dag.py
[2024-05-08T14:04:21.087+0200] {processor.py:840} INFO - DAG(s) 'tutorial_dag' retrieved from /home/munya/.local/lib/python3.11/site-packages/airflow/example_dags/tutorial_dag.py
[2024-05-08T14:04:21.137+0200] {logging_mixin.py:188} INFO - [2024-05-08T14:04:21.136+0200] {dag.py:3096} INFO - Sync 1 DAGs
[2024-05-08T14:04:21.173+0200] {logging_mixin.py:188} INFO - [2024-05-08T14:04:21.172+0200] {dag.py:3954} INFO - Setting next_dagrun for tutorial_dag to None, run_after=None
[2024-05-08T14:04:21.231+0200] {processor.py:183} INFO - Processing /home/munya/.local/lib/python3.11/site-packages/airflow/example_dags/tutorial_dag.py took 0.188 seconds
[2024-05-08T14:05:26.393+0200] {processor.py:161} INFO - Started process (PID=288088) to work on /home/munya/.local/lib/python3.11/site-packages/airflow/example_dags/tutorial_dag.py
[2024-05-08T14:05:26.394+0200] {processor.py:830} INFO - Processing file /home/munya/.local/lib/python3.11/site-packages/airflow/example_dags/tutorial_dag.py for tasks to queue
[2024-05-08T14:05:26.395+0200] {logging_mixin.py:188} INFO - [2024-05-08T14:05:26.395+0200] {dagbag.py:540} INFO - Filling up the DagBag from /home/munya/.local/lib/python3.11/site-packages/airflow/example_dags/tutorial_dag.py
[2024-05-08T14:05:26.401+0200] {processor.py:840} INFO - DAG(s) 'tutorial_dag' retrieved from /home/munya/.local/lib/python3.11/site-packages/airflow/example_dags/tutorial_dag.py
[2024-05-08T14:05:26.418+0200] {logging_mixin.py:188} INFO - [2024-05-08T14:05:26.417+0200] {dag.py:3096} INFO - Sync 1 DAGs
[2024-05-08T14:05:26.429+0200] {logging_mixin.py:188} INFO - [2024-05-08T14:05:26.428+0200] {dag.py:3954} INFO - Setting next_dagrun for tutorial_dag to None, run_after=None
[2024-05-08T14:05:26.448+0200] {processor.py:183} INFO - Processing /home/munya/.local/lib/python3.11/site-packages/airflow/example_dags/tutorial_dag.py took 0.062 seconds
[2024-05-08T14:07:05.773+0200] {processor.py:161} INFO - Started process (PID=289443) to work on /home/munya/.local/lib/python3.11/site-packages/airflow/example_dags/tutorial_dag.py
[2024-05-08T14:07:05.774+0200] {processor.py:830} INFO - Processing file /home/munya/.local/lib/python3.11/site-packages/airflow/example_dags/tutorial_dag.py for tasks to queue
[2024-05-08T14:07:05.775+0200] {logging_mixin.py:188} INFO - [2024-05-08T14:07:05.775+0200] {dagbag.py:540} INFO - Filling up the DagBag from /home/munya/.local/lib/python3.11/site-packages/airflow/example_dags/tutorial_dag.py
[2024-05-08T14:07:05.781+0200] {processor.py:840} INFO - DAG(s) 'tutorial_dag' retrieved from /home/munya/.local/lib/python3.11/site-packages/airflow/example_dags/tutorial_dag.py
[2024-05-08T14:07:05.797+0200] {logging_mixin.py:188} INFO - [2024-05-08T14:07:05.797+0200] {dag.py:3096} INFO - Sync 1 DAGs
[2024-05-08T14:07:05.808+0200] {logging_mixin.py:188} INFO - [2024-05-08T14:07:05.808+0200] {dag.py:3954} INFO - Setting next_dagrun for tutorial_dag to None, run_after=None
[2024-05-08T14:07:05.829+0200] {processor.py:183} INFO - Processing /home/munya/.local/lib/python3.11/site-packages/airflow/example_dags/tutorial_dag.py took 0.061 seconds
[2024-05-08T14:08:06.230+0200] {processor.py:161} INFO - Started process (PID=290311) to work on /home/munya/.local/lib/python3.11/site-packages/airflow/example_dags/tutorial_dag.py
[2024-05-08T14:08:06.233+0200] {processor.py:830} INFO - Processing file /home/munya/.local/lib/python3.11/site-packages/airflow/example_dags/tutorial_dag.py for tasks to queue
[2024-05-08T14:08:06.234+0200] {logging_mixin.py:188} INFO - [2024-05-08T14:08:06.233+0200] {dagbag.py:540} INFO - Filling up the DagBag from /home/munya/.local/lib/python3.11/site-packages/airflow/example_dags/tutorial_dag.py
[2024-05-08T14:08:06.239+0200] {processor.py:840} INFO - DAG(s) 'tutorial_dag' retrieved from /home/munya/.local/lib/python3.11/site-packages/airflow/example_dags/tutorial_dag.py
[2024-05-08T14:08:06.253+0200] {logging_mixin.py:188} INFO - [2024-05-08T14:08:06.253+0200] {dag.py:3096} INFO - Sync 1 DAGs
[2024-05-08T14:08:06.262+0200] {logging_mixin.py:188} INFO - [2024-05-08T14:08:06.262+0200] {dag.py:3954} INFO - Setting next_dagrun for tutorial_dag to None, run_after=None
[2024-05-08T14:08:06.281+0200] {processor.py:183} INFO - Processing /home/munya/.local/lib/python3.11/site-packages/airflow/example_dags/tutorial_dag.py took 0.056 seconds
[2024-05-08T14:09:20.712+0200] {processor.py:161} INFO - Started process (PID=291342) to work on /home/munya/.local/lib/python3.11/site-packages/airflow/example_dags/tutorial_dag.py
[2024-05-08T14:09:20.713+0200] {processor.py:830} INFO - Processing file /home/munya/.local/lib/python3.11/site-packages/airflow/example_dags/tutorial_dag.py for tasks to queue
[2024-05-08T14:09:20.714+0200] {logging_mixin.py:188} INFO - [2024-05-08T14:09:20.714+0200] {dagbag.py:540} INFO - Filling up the DagBag from /home/munya/.local/lib/python3.11/site-packages/airflow/example_dags/tutorial_dag.py
[2024-05-08T14:09:20.719+0200] {processor.py:840} INFO - DAG(s) 'tutorial_dag' retrieved from /home/munya/.local/lib/python3.11/site-packages/airflow/example_dags/tutorial_dag.py
[2024-05-08T14:09:20.734+0200] {logging_mixin.py:188} INFO - [2024-05-08T14:09:20.734+0200] {dag.py:3096} INFO - Sync 1 DAGs
[2024-05-08T14:09:20.743+0200] {logging_mixin.py:188} INFO - [2024-05-08T14:09:20.743+0200] {dag.py:3954} INFO - Setting next_dagrun for tutorial_dag to None, run_after=None
[2024-05-08T14:09:20.759+0200] {processor.py:183} INFO - Processing /home/munya/.local/lib/python3.11/site-packages/airflow/example_dags/tutorial_dag.py took 0.051 seconds
[2024-05-08T14:10:19.444+0200] {processor.py:161} INFO - Started process (PID=292114) to work on /home/munya/.local/lib/python3.11/site-packages/airflow/example_dags/tutorial_dag.py
[2024-05-08T14:10:19.454+0200] {processor.py:830} INFO - Processing file /home/munya/.local/lib/python3.11/site-packages/airflow/example_dags/tutorial_dag.py for tasks to queue
[2024-05-08T14:10:19.459+0200] {logging_mixin.py:188} INFO - [2024-05-08T14:10:19.457+0200] {dagbag.py:540} INFO - Filling up the DagBag from /home/munya/.local/lib/python3.11/site-packages/airflow/example_dags/tutorial_dag.py
[2024-05-08T14:10:19.483+0200] {processor.py:840} INFO - DAG(s) 'tutorial_dag' retrieved from /home/munya/.local/lib/python3.11/site-packages/airflow/example_dags/tutorial_dag.py
[2024-05-08T14:10:19.563+0200] {logging_mixin.py:188} INFO - [2024-05-08T14:10:19.562+0200] {dag.py:3096} INFO - Sync 1 DAGs
[2024-05-08T14:10:19.594+0200] {logging_mixin.py:188} INFO - [2024-05-08T14:10:19.594+0200] {dag.py:3954} INFO - Setting next_dagrun for tutorial_dag to None, run_after=None
[2024-05-08T14:10:19.618+0200] {processor.py:183} INFO - Processing /home/munya/.local/lib/python3.11/site-packages/airflow/example_dags/tutorial_dag.py took 0.238 seconds
[2024-05-08T14:11:31.025+0200] {processor.py:161} INFO - Started process (PID=293014) to work on /home/munya/.local/lib/python3.11/site-packages/airflow/example_dags/tutorial_dag.py
[2024-05-08T14:11:31.026+0200] {processor.py:830} INFO - Processing file /home/munya/.local/lib/python3.11/site-packages/airflow/example_dags/tutorial_dag.py for tasks to queue
[2024-05-08T14:11:31.027+0200] {logging_mixin.py:188} INFO - [2024-05-08T14:11:31.027+0200] {dagbag.py:540} INFO - Filling up the DagBag from /home/munya/.local/lib/python3.11/site-packages/airflow/example_dags/tutorial_dag.py
[2024-05-08T14:11:31.033+0200] {processor.py:840} INFO - DAG(s) 'tutorial_dag' retrieved from /home/munya/.local/lib/python3.11/site-packages/airflow/example_dags/tutorial_dag.py
[2024-05-08T14:11:31.047+0200] {logging_mixin.py:188} INFO - [2024-05-08T14:11:31.047+0200] {dag.py:3096} INFO - Sync 1 DAGs
[2024-05-08T14:11:31.056+0200] {logging_mixin.py:188} INFO - [2024-05-08T14:11:31.056+0200] {dag.py:3954} INFO - Setting next_dagrun for tutorial_dag to None, run_after=None
[2024-05-08T14:11:31.073+0200] {processor.py:183} INFO - Processing /home/munya/.local/lib/python3.11/site-packages/airflow/example_dags/tutorial_dag.py took 0.053 seconds
[2024-05-08T14:12:28.517+0200] {processor.py:161} INFO - Started process (PID=293757) to work on /home/munya/.local/lib/python3.11/site-packages/airflow/example_dags/tutorial_dag.py
[2024-05-08T14:12:28.518+0200] {processor.py:830} INFO - Processing file /home/munya/.local/lib/python3.11/site-packages/airflow/example_dags/tutorial_dag.py for tasks to queue
[2024-05-08T14:12:28.519+0200] {logging_mixin.py:188} INFO - [2024-05-08T14:12:28.519+0200] {dagbag.py:540} INFO - Filling up the DagBag from /home/munya/.local/lib/python3.11/site-packages/airflow/example_dags/tutorial_dag.py
[2024-05-08T14:12:28.524+0200] {processor.py:840} INFO - DAG(s) 'tutorial_dag' retrieved from /home/munya/.local/lib/python3.11/site-packages/airflow/example_dags/tutorial_dag.py
[2024-05-08T14:12:28.538+0200] {logging_mixin.py:188} INFO - [2024-05-08T14:12:28.538+0200] {dag.py:3096} INFO - Sync 1 DAGs
[2024-05-08T14:12:28.548+0200] {logging_mixin.py:188} INFO - [2024-05-08T14:12:28.547+0200] {dag.py:3954} INFO - Setting next_dagrun for tutorial_dag to None, run_after=None
[2024-05-08T14:12:28.564+0200] {processor.py:183} INFO - Processing /home/munya/.local/lib/python3.11/site-packages/airflow/example_dags/tutorial_dag.py took 0.054 seconds
[2024-05-08T14:13:36.927+0200] {processor.py:161} INFO - Started process (PID=294639) to work on /home/munya/.local/lib/python3.11/site-packages/airflow/example_dags/tutorial_dag.py
[2024-05-08T14:13:36.930+0200] {processor.py:830} INFO - Processing file /home/munya/.local/lib/python3.11/site-packages/airflow/example_dags/tutorial_dag.py for tasks to queue
[2024-05-08T14:13:36.934+0200] {logging_mixin.py:188} INFO - [2024-05-08T14:13:36.932+0200] {dagbag.py:540} INFO - Filling up the DagBag from /home/munya/.local/lib/python3.11/site-packages/airflow/example_dags/tutorial_dag.py
[2024-05-08T14:13:36.969+0200] {processor.py:840} INFO - DAG(s) 'tutorial_dag' retrieved from /home/munya/.local/lib/python3.11/site-packages/airflow/example_dags/tutorial_dag.py
[2024-05-08T14:13:37.040+0200] {logging_mixin.py:188} INFO - [2024-05-08T14:13:37.039+0200] {dag.py:3096} INFO - Sync 1 DAGs
[2024-05-08T14:13:37.088+0200] {logging_mixin.py:188} INFO - [2024-05-08T14:13:37.087+0200] {dag.py:3954} INFO - Setting next_dagrun for tutorial_dag to None, run_after=None
[2024-05-08T14:13:37.170+0200] {processor.py:183} INFO - Processing /home/munya/.local/lib/python3.11/site-packages/airflow/example_dags/tutorial_dag.py took 0.270 seconds
[2024-05-08T14:14:38.177+0200] {processor.py:161} INFO - Started process (PID=295466) to work on /home/munya/.local/lib/python3.11/site-packages/airflow/example_dags/tutorial_dag.py
[2024-05-08T14:14:38.178+0200] {processor.py:830} INFO - Processing file /home/munya/.local/lib/python3.11/site-packages/airflow/example_dags/tutorial_dag.py for tasks to queue
[2024-05-08T14:14:38.179+0200] {logging_mixin.py:188} INFO - [2024-05-08T14:14:38.178+0200] {dagbag.py:540} INFO - Filling up the DagBag from /home/munya/.local/lib/python3.11/site-packages/airflow/example_dags/tutorial_dag.py
[2024-05-08T14:14:38.183+0200] {processor.py:840} INFO - DAG(s) 'tutorial_dag' retrieved from /home/munya/.local/lib/python3.11/site-packages/airflow/example_dags/tutorial_dag.py
[2024-05-08T14:14:38.198+0200] {logging_mixin.py:188} INFO - [2024-05-08T14:14:38.197+0200] {dag.py:3096} INFO - Sync 1 DAGs
[2024-05-08T14:14:38.207+0200] {logging_mixin.py:188} INFO - [2024-05-08T14:14:38.207+0200] {dag.py:3954} INFO - Setting next_dagrun for tutorial_dag to None, run_after=None
[2024-05-08T14:14:38.224+0200] {processor.py:183} INFO - Processing /home/munya/.local/lib/python3.11/site-packages/airflow/example_dags/tutorial_dag.py took 0.053 seconds
[2024-05-08T14:15:46.029+0200] {processor.py:161} INFO - Started process (PID=296353) to work on /home/munya/.local/lib/python3.11/site-packages/airflow/example_dags/tutorial_dag.py
[2024-05-08T14:15:46.032+0200] {processor.py:830} INFO - Processing file /home/munya/.local/lib/python3.11/site-packages/airflow/example_dags/tutorial_dag.py for tasks to queue
[2024-05-08T14:15:46.035+0200] {logging_mixin.py:188} INFO - [2024-05-08T14:15:46.034+0200] {dagbag.py:540} INFO - Filling up the DagBag from /home/munya/.local/lib/python3.11/site-packages/airflow/example_dags/tutorial_dag.py
[2024-05-08T14:15:46.056+0200] {processor.py:840} INFO - DAG(s) 'tutorial_dag' retrieved from /home/munya/.local/lib/python3.11/site-packages/airflow/example_dags/tutorial_dag.py
[2024-05-08T14:15:46.119+0200] {logging_mixin.py:188} INFO - [2024-05-08T14:15:46.118+0200] {dag.py:3096} INFO - Sync 1 DAGs
[2024-05-08T14:15:46.166+0200] {logging_mixin.py:188} INFO - [2024-05-08T14:15:46.165+0200] {dag.py:3954} INFO - Setting next_dagrun for tutorial_dag to None, run_after=None
[2024-05-08T14:15:46.225+0200] {processor.py:183} INFO - Processing /home/munya/.local/lib/python3.11/site-packages/airflow/example_dags/tutorial_dag.py took 0.215 seconds
[2024-05-08T14:16:47.424+0200] {processor.py:161} INFO - Started process (PID=297202) to work on /home/munya/.local/lib/python3.11/site-packages/airflow/example_dags/tutorial_dag.py
[2024-05-08T14:16:47.425+0200] {processor.py:830} INFO - Processing file /home/munya/.local/lib/python3.11/site-packages/airflow/example_dags/tutorial_dag.py for tasks to queue
[2024-05-08T14:16:47.426+0200] {logging_mixin.py:188} INFO - [2024-05-08T14:16:47.426+0200] {dagbag.py:540} INFO - Filling up the DagBag from /home/munya/.local/lib/python3.11/site-packages/airflow/example_dags/tutorial_dag.py
[2024-05-08T14:16:47.432+0200] {processor.py:840} INFO - DAG(s) 'tutorial_dag' retrieved from /home/munya/.local/lib/python3.11/site-packages/airflow/example_dags/tutorial_dag.py
[2024-05-08T14:16:47.445+0200] {logging_mixin.py:188} INFO - [2024-05-08T14:16:47.445+0200] {dag.py:3096} INFO - Sync 1 DAGs
[2024-05-08T14:16:47.454+0200] {logging_mixin.py:188} INFO - [2024-05-08T14:16:47.454+0200] {dag.py:3954} INFO - Setting next_dagrun for tutorial_dag to None, run_after=None
[2024-05-08T14:16:47.471+0200] {processor.py:183} INFO - Processing /home/munya/.local/lib/python3.11/site-packages/airflow/example_dags/tutorial_dag.py took 0.052 seconds
[2024-05-08T14:17:49.821+0200] {processor.py:161} INFO - Started process (PID=298015) to work on /home/munya/.local/lib/python3.11/site-packages/airflow/example_dags/tutorial_dag.py
[2024-05-08T14:17:49.824+0200] {processor.py:830} INFO - Processing file /home/munya/.local/lib/python3.11/site-packages/airflow/example_dags/tutorial_dag.py for tasks to queue
[2024-05-08T14:17:49.827+0200] {logging_mixin.py:188} INFO - [2024-05-08T14:17:49.826+0200] {dagbag.py:540} INFO - Filling up the DagBag from /home/munya/.local/lib/python3.11/site-packages/airflow/example_dags/tutorial_dag.py
[2024-05-08T14:17:49.847+0200] {processor.py:840} INFO - DAG(s) 'tutorial_dag' retrieved from /home/munya/.local/lib/python3.11/site-packages/airflow/example_dags/tutorial_dag.py
[2024-05-08T14:17:49.910+0200] {logging_mixin.py:188} INFO - [2024-05-08T14:17:49.909+0200] {dag.py:3096} INFO - Sync 1 DAGs
[2024-05-08T14:17:49.954+0200] {logging_mixin.py:188} INFO - [2024-05-08T14:17:49.953+0200] {dag.py:3954} INFO - Setting next_dagrun for tutorial_dag to None, run_after=None
[2024-05-08T14:17:50.048+0200] {processor.py:183} INFO - Processing /home/munya/.local/lib/python3.11/site-packages/airflow/example_dags/tutorial_dag.py took 0.246 seconds
[2024-05-08T14:18:50.191+0200] {processor.py:161} INFO - Started process (PID=298823) to work on /home/munya/.local/lib/python3.11/site-packages/airflow/example_dags/tutorial_dag.py
[2024-05-08T14:18:50.192+0200] {processor.py:830} INFO - Processing file /home/munya/.local/lib/python3.11/site-packages/airflow/example_dags/tutorial_dag.py for tasks to queue
[2024-05-08T14:18:50.193+0200] {logging_mixin.py:188} INFO - [2024-05-08T14:18:50.193+0200] {dagbag.py:540} INFO - Filling up the DagBag from /home/munya/.local/lib/python3.11/site-packages/airflow/example_dags/tutorial_dag.py
[2024-05-08T14:18:50.199+0200] {processor.py:840} INFO - DAG(s) 'tutorial_dag' retrieved from /home/munya/.local/lib/python3.11/site-packages/airflow/example_dags/tutorial_dag.py
[2024-05-08T14:18:50.216+0200] {logging_mixin.py:188} INFO - [2024-05-08T14:18:50.215+0200] {dag.py:3096} INFO - Sync 1 DAGs
[2024-05-08T14:18:50.227+0200] {logging_mixin.py:188} INFO - [2024-05-08T14:18:50.227+0200] {dag.py:3954} INFO - Setting next_dagrun for tutorial_dag to None, run_after=None
[2024-05-08T14:18:50.247+0200] {processor.py:183} INFO - Processing /home/munya/.local/lib/python3.11/site-packages/airflow/example_dags/tutorial_dag.py took 0.064 seconds
[2024-05-08T14:20:03.591+0200] {processor.py:161} INFO - Started process (PID=299766) to work on /home/munya/.local/lib/python3.11/site-packages/airflow/example_dags/tutorial_dag.py
[2024-05-08T14:20:03.605+0200] {processor.py:830} INFO - Processing file /home/munya/.local/lib/python3.11/site-packages/airflow/example_dags/tutorial_dag.py for tasks to queue
[2024-05-08T14:20:03.606+0200] {logging_mixin.py:188} INFO - [2024-05-08T14:20:03.606+0200] {dagbag.py:540} INFO - Filling up the DagBag from /home/munya/.local/lib/python3.11/site-packages/airflow/example_dags/tutorial_dag.py
[2024-05-08T14:20:03.613+0200] {processor.py:840} INFO - DAG(s) 'tutorial_dag' retrieved from /home/munya/.local/lib/python3.11/site-packages/airflow/example_dags/tutorial_dag.py
[2024-05-08T14:20:03.630+0200] {logging_mixin.py:188} INFO - [2024-05-08T14:20:03.630+0200] {dag.py:3096} INFO - Sync 1 DAGs
[2024-05-08T14:20:03.641+0200] {logging_mixin.py:188} INFO - [2024-05-08T14:20:03.641+0200] {dag.py:3954} INFO - Setting next_dagrun for tutorial_dag to None, run_after=None
[2024-05-08T14:20:03.807+0200] {processor.py:183} INFO - Processing /home/munya/.local/lib/python3.11/site-packages/airflow/example_dags/tutorial_dag.py took 0.222 seconds
[2024-05-08T14:20:47.911+0200] {processor.py:161} INFO - Started process (PID=300340) to work on /home/munya/.local/lib/python3.11/site-packages/airflow/example_dags/tutorial_dag.py
[2024-05-08T14:20:47.928+0200] {processor.py:830} INFO - Processing file /home/munya/.local/lib/python3.11/site-packages/airflow/example_dags/tutorial_dag.py for tasks to queue
[2024-05-08T14:20:47.932+0200] {logging_mixin.py:188} INFO - [2024-05-08T14:20:47.930+0200] {dagbag.py:540} INFO - Filling up the DagBag from /home/munya/.local/lib/python3.11/site-packages/airflow/example_dags/tutorial_dag.py
[2024-05-08T14:20:47.994+0200] {processor.py:840} INFO - DAG(s) 'tutorial_dag' retrieved from /home/munya/.local/lib/python3.11/site-packages/airflow/example_dags/tutorial_dag.py
[2024-05-08T14:20:48.129+0200] {logging_mixin.py:188} INFO - [2024-05-08T14:20:48.128+0200] {dag.py:3096} INFO - Sync 1 DAGs
[2024-05-08T14:20:48.223+0200] {logging_mixin.py:188} INFO - [2024-05-08T14:20:48.222+0200] {dag.py:3954} INFO - Setting next_dagrun for tutorial_dag to None, run_after=None
[2024-05-08T14:20:48.619+0200] {processor.py:183} INFO - Processing /home/munya/.local/lib/python3.11/site-packages/airflow/example_dags/tutorial_dag.py took 0.790 seconds
[2024-05-08T14:21:55.119+0200] {processor.py:161} INFO - Started process (PID=301298) to work on /home/munya/.local/lib/python3.11/site-packages/airflow/example_dags/tutorial_dag.py
[2024-05-08T14:21:55.121+0200] {processor.py:830} INFO - Processing file /home/munya/.local/lib/python3.11/site-packages/airflow/example_dags/tutorial_dag.py for tasks to queue
[2024-05-08T14:21:55.123+0200] {logging_mixin.py:188} INFO - [2024-05-08T14:21:55.122+0200] {dagbag.py:540} INFO - Filling up the DagBag from /home/munya/.local/lib/python3.11/site-packages/airflow/example_dags/tutorial_dag.py
[2024-05-08T14:21:55.139+0200] {processor.py:840} INFO - DAG(s) 'tutorial_dag' retrieved from /home/munya/.local/lib/python3.11/site-packages/airflow/example_dags/tutorial_dag.py
[2024-05-08T14:21:55.172+0200] {logging_mixin.py:188} INFO - [2024-05-08T14:21:55.171+0200] {dag.py:3096} INFO - Sync 1 DAGs
[2024-05-08T14:21:55.190+0200] {logging_mixin.py:188} INFO - [2024-05-08T14:21:55.189+0200] {dag.py:3954} INFO - Setting next_dagrun for tutorial_dag to None, run_after=None
[2024-05-08T14:21:55.217+0200] {processor.py:183} INFO - Processing /home/munya/.local/lib/python3.11/site-packages/airflow/example_dags/tutorial_dag.py took 0.111 seconds
[2024-05-08T14:22:53.429+0200] {processor.py:161} INFO - Started process (PID=302236) to work on /home/munya/.local/lib/python3.11/site-packages/airflow/example_dags/tutorial_dag.py
[2024-05-08T14:22:53.430+0200] {processor.py:830} INFO - Processing file /home/munya/.local/lib/python3.11/site-packages/airflow/example_dags/tutorial_dag.py for tasks to queue
[2024-05-08T14:22:53.431+0200] {logging_mixin.py:188} INFO - [2024-05-08T14:22:53.431+0200] {dagbag.py:540} INFO - Filling up the DagBag from /home/munya/.local/lib/python3.11/site-packages/airflow/example_dags/tutorial_dag.py
[2024-05-08T14:22:53.438+0200] {processor.py:840} INFO - DAG(s) 'tutorial_dag' retrieved from /home/munya/.local/lib/python3.11/site-packages/airflow/example_dags/tutorial_dag.py
[2024-05-08T14:22:53.454+0200] {logging_mixin.py:188} INFO - [2024-05-08T14:22:53.454+0200] {dag.py:3096} INFO - Sync 1 DAGs
[2024-05-08T14:22:53.464+0200] {logging_mixin.py:188} INFO - [2024-05-08T14:22:53.464+0200] {dag.py:3954} INFO - Setting next_dagrun for tutorial_dag to None, run_after=None
[2024-05-08T14:22:53.484+0200] {processor.py:183} INFO - Processing /home/munya/.local/lib/python3.11/site-packages/airflow/example_dags/tutorial_dag.py took 0.060 seconds
[2024-05-08T14:23:48.016+0200] {processor.py:161} INFO - Started process (PID=303015) to work on /home/munya/.local/lib/python3.11/site-packages/airflow/example_dags/tutorial_dag.py
[2024-05-08T14:23:48.017+0200] {processor.py:830} INFO - Processing file /home/munya/.local/lib/python3.11/site-packages/airflow/example_dags/tutorial_dag.py for tasks to queue
[2024-05-08T14:23:48.018+0200] {logging_mixin.py:188} INFO - [2024-05-08T14:23:48.017+0200] {dagbag.py:540} INFO - Filling up the DagBag from /home/munya/.local/lib/python3.11/site-packages/airflow/example_dags/tutorial_dag.py
[2024-05-08T14:23:48.025+0200] {processor.py:840} INFO - DAG(s) 'tutorial_dag' retrieved from /home/munya/.local/lib/python3.11/site-packages/airflow/example_dags/tutorial_dag.py
[2024-05-08T14:23:48.045+0200] {logging_mixin.py:188} INFO - [2024-05-08T14:23:48.045+0200] {dag.py:3096} INFO - Sync 1 DAGs
[2024-05-08T14:23:48.058+0200] {logging_mixin.py:188} INFO - [2024-05-08T14:23:48.057+0200] {dag.py:3954} INFO - Setting next_dagrun for tutorial_dag to None, run_after=None
[2024-05-08T14:23:48.088+0200] {processor.py:183} INFO - Processing /home/munya/.local/lib/python3.11/site-packages/airflow/example_dags/tutorial_dag.py took 0.078 seconds
[2024-05-08T14:24:33.019+0200] {processor.py:161} INFO - Started process (PID=303649) to work on /home/munya/.local/lib/python3.11/site-packages/airflow/example_dags/tutorial_dag.py
[2024-05-08T14:24:33.020+0200] {processor.py:830} INFO - Processing file /home/munya/.local/lib/python3.11/site-packages/airflow/example_dags/tutorial_dag.py for tasks to queue
[2024-05-08T14:24:33.022+0200] {logging_mixin.py:188} INFO - [2024-05-08T14:24:33.021+0200] {dagbag.py:540} INFO - Filling up the DagBag from /home/munya/.local/lib/python3.11/site-packages/airflow/example_dags/tutorial_dag.py
[2024-05-08T14:24:33.028+0200] {processor.py:840} INFO - DAG(s) 'tutorial_dag' retrieved from /home/munya/.local/lib/python3.11/site-packages/airflow/example_dags/tutorial_dag.py
[2024-05-08T14:24:33.046+0200] {logging_mixin.py:188} INFO - [2024-05-08T14:24:33.046+0200] {dag.py:3096} INFO - Sync 1 DAGs
[2024-05-08T14:24:33.058+0200] {logging_mixin.py:188} INFO - [2024-05-08T14:24:33.058+0200] {dag.py:3954} INFO - Setting next_dagrun for tutorial_dag to None, run_after=None
[2024-05-08T14:24:33.077+0200] {processor.py:183} INFO - Processing /home/munya/.local/lib/python3.11/site-packages/airflow/example_dags/tutorial_dag.py took 0.065 seconds
[2024-05-08T14:25:33.047+0200] {processor.py:161} INFO - Started process (PID=304534) to work on /home/munya/.local/lib/python3.11/site-packages/airflow/example_dags/tutorial_dag.py
[2024-05-08T14:25:33.048+0200] {processor.py:830} INFO - Processing file /home/munya/.local/lib/python3.11/site-packages/airflow/example_dags/tutorial_dag.py for tasks to queue
[2024-05-08T14:25:33.049+0200] {logging_mixin.py:188} INFO - [2024-05-08T14:25:33.048+0200] {dagbag.py:540} INFO - Filling up the DagBag from /home/munya/.local/lib/python3.11/site-packages/airflow/example_dags/tutorial_dag.py
[2024-05-08T14:25:33.055+0200] {processor.py:840} INFO - DAG(s) 'tutorial_dag' retrieved from /home/munya/.local/lib/python3.11/site-packages/airflow/example_dags/tutorial_dag.py
[2024-05-08T14:25:33.072+0200] {logging_mixin.py:188} INFO - [2024-05-08T14:25:33.072+0200] {dag.py:3096} INFO - Sync 1 DAGs
[2024-05-08T14:25:33.084+0200] {logging_mixin.py:188} INFO - [2024-05-08T14:25:33.083+0200] {dag.py:3954} INFO - Setting next_dagrun for tutorial_dag to None, run_after=None
[2024-05-08T14:25:33.103+0200] {processor.py:183} INFO - Processing /home/munya/.local/lib/python3.11/site-packages/airflow/example_dags/tutorial_dag.py took 0.063 seconds
[2024-05-08T14:26:40.858+0200] {processor.py:161} INFO - Started process (PID=305504) to work on /home/munya/.local/lib/python3.11/site-packages/airflow/example_dags/tutorial_dag.py
[2024-05-08T14:26:40.859+0200] {processor.py:830} INFO - Processing file /home/munya/.local/lib/python3.11/site-packages/airflow/example_dags/tutorial_dag.py for tasks to queue
[2024-05-08T14:26:40.860+0200] {logging_mixin.py:188} INFO - [2024-05-08T14:26:40.860+0200] {dagbag.py:540} INFO - Filling up the DagBag from /home/munya/.local/lib/python3.11/site-packages/airflow/example_dags/tutorial_dag.py
[2024-05-08T14:26:40.866+0200] {processor.py:840} INFO - DAG(s) 'tutorial_dag' retrieved from /home/munya/.local/lib/python3.11/site-packages/airflow/example_dags/tutorial_dag.py
[2024-05-08T14:26:40.882+0200] {logging_mixin.py:188} INFO - [2024-05-08T14:26:40.882+0200] {dag.py:3096} INFO - Sync 1 DAGs
[2024-05-08T14:26:40.896+0200] {logging_mixin.py:188} INFO - [2024-05-08T14:26:40.895+0200] {dag.py:3954} INFO - Setting next_dagrun for tutorial_dag to None, run_after=None
[2024-05-08T14:26:40.924+0200] {processor.py:183} INFO - Processing /home/munya/.local/lib/python3.11/site-packages/airflow/example_dags/tutorial_dag.py took 0.071 seconds
[2024-05-08T14:27:25.834+0200] {processor.py:161} INFO - Started process (PID=306265) to work on /home/munya/.local/lib/python3.11/site-packages/airflow/example_dags/tutorial_dag.py
[2024-05-08T14:27:25.835+0200] {processor.py:830} INFO - Processing file /home/munya/.local/lib/python3.11/site-packages/airflow/example_dags/tutorial_dag.py for tasks to queue
[2024-05-08T14:27:25.836+0200] {logging_mixin.py:188} INFO - [2024-05-08T14:27:25.836+0200] {dagbag.py:540} INFO - Filling up the DagBag from /home/munya/.local/lib/python3.11/site-packages/airflow/example_dags/tutorial_dag.py
[2024-05-08T14:27:25.844+0200] {processor.py:840} INFO - DAG(s) 'tutorial_dag' retrieved from /home/munya/.local/lib/python3.11/site-packages/airflow/example_dags/tutorial_dag.py
[2024-05-08T14:27:25.868+0200] {logging_mixin.py:188} INFO - [2024-05-08T14:27:25.867+0200] {dag.py:3096} INFO - Sync 1 DAGs
[2024-05-08T14:27:25.880+0200] {logging_mixin.py:188} INFO - [2024-05-08T14:27:25.880+0200] {dag.py:3954} INFO - Setting next_dagrun for tutorial_dag to None, run_after=None
[2024-05-08T14:27:25.898+0200] {processor.py:183} INFO - Processing /home/munya/.local/lib/python3.11/site-packages/airflow/example_dags/tutorial_dag.py took 0.070 seconds
[2024-05-08T14:28:58.748+0200] {processor.py:161} INFO - Started process (PID=307578) to work on /home/munya/.local/lib/python3.11/site-packages/airflow/example_dags/tutorial_dag.py
[2024-05-08T14:28:58.751+0200] {processor.py:830} INFO - Processing file /home/munya/.local/lib/python3.11/site-packages/airflow/example_dags/tutorial_dag.py for tasks to queue
[2024-05-08T14:28:58.755+0200] {logging_mixin.py:188} INFO - [2024-05-08T14:28:58.753+0200] {dagbag.py:540} INFO - Filling up the DagBag from /home/munya/.local/lib/python3.11/site-packages/airflow/example_dags/tutorial_dag.py
[2024-05-08T14:28:58.777+0200] {processor.py:840} INFO - DAG(s) 'tutorial_dag' retrieved from /home/munya/.local/lib/python3.11/site-packages/airflow/example_dags/tutorial_dag.py
[2024-05-08T14:28:58.854+0200] {logging_mixin.py:188} INFO - [2024-05-08T14:28:58.853+0200] {dag.py:3096} INFO - Sync 1 DAGs
[2024-05-08T14:28:58.903+0200] {logging_mixin.py:188} INFO - [2024-05-08T14:28:58.902+0200] {dag.py:3954} INFO - Setting next_dagrun for tutorial_dag to None, run_after=None
[2024-05-08T14:28:58.981+0200] {processor.py:183} INFO - Processing /home/munya/.local/lib/python3.11/site-packages/airflow/example_dags/tutorial_dag.py took 0.262 seconds
[2024-05-08T14:30:06.096+0200] {processor.py:161} INFO - Started process (PID=308483) to work on /home/munya/.local/lib/python3.11/site-packages/airflow/example_dags/tutorial_dag.py
[2024-05-08T14:30:06.097+0200] {processor.py:830} INFO - Processing file /home/munya/.local/lib/python3.11/site-packages/airflow/example_dags/tutorial_dag.py for tasks to queue
[2024-05-08T14:30:06.098+0200] {logging_mixin.py:188} INFO - [2024-05-08T14:30:06.097+0200] {dagbag.py:540} INFO - Filling up the DagBag from /home/munya/.local/lib/python3.11/site-packages/airflow/example_dags/tutorial_dag.py
[2024-05-08T14:30:06.103+0200] {processor.py:840} INFO - DAG(s) 'tutorial_dag' retrieved from /home/munya/.local/lib/python3.11/site-packages/airflow/example_dags/tutorial_dag.py
[2024-05-08T14:30:06.117+0200] {logging_mixin.py:188} INFO - [2024-05-08T14:30:06.117+0200] {dag.py:3096} INFO - Sync 1 DAGs
[2024-05-08T14:30:06.126+0200] {logging_mixin.py:188} INFO - [2024-05-08T14:30:06.126+0200] {dag.py:3954} INFO - Setting next_dagrun for tutorial_dag to None, run_after=None
[2024-05-08T14:30:06.142+0200] {processor.py:183} INFO - Processing /home/munya/.local/lib/python3.11/site-packages/airflow/example_dags/tutorial_dag.py took 0.052 seconds
[2024-05-08T14:31:21.386+0200] {processor.py:161} INFO - Started process (PID=309435) to work on /home/munya/.local/lib/python3.11/site-packages/airflow/example_dags/tutorial_dag.py
[2024-05-08T14:31:21.387+0200] {processor.py:830} INFO - Processing file /home/munya/.local/lib/python3.11/site-packages/airflow/example_dags/tutorial_dag.py for tasks to queue
[2024-05-08T14:31:21.388+0200] {logging_mixin.py:188} INFO - [2024-05-08T14:31:21.388+0200] {dagbag.py:540} INFO - Filling up the DagBag from /home/munya/.local/lib/python3.11/site-packages/airflow/example_dags/tutorial_dag.py
[2024-05-08T14:31:21.394+0200] {processor.py:840} INFO - DAG(s) 'tutorial_dag' retrieved from /home/munya/.local/lib/python3.11/site-packages/airflow/example_dags/tutorial_dag.py
[2024-05-08T14:31:21.408+0200] {logging_mixin.py:188} INFO - [2024-05-08T14:31:21.408+0200] {dag.py:3096} INFO - Sync 1 DAGs
[2024-05-08T14:31:21.417+0200] {logging_mixin.py:188} INFO - [2024-05-08T14:31:21.417+0200] {dag.py:3954} INFO - Setting next_dagrun for tutorial_dag to None, run_after=None
[2024-05-08T14:31:21.434+0200] {processor.py:183} INFO - Processing /home/munya/.local/lib/python3.11/site-packages/airflow/example_dags/tutorial_dag.py took 0.052 seconds
[2024-05-08T14:32:20.612+0200] {processor.py:161} INFO - Started process (PID=310310) to work on /home/munya/.local/lib/python3.11/site-packages/airflow/example_dags/tutorial_dag.py
[2024-05-08T14:32:20.615+0200] {processor.py:830} INFO - Processing file /home/munya/.local/lib/python3.11/site-packages/airflow/example_dags/tutorial_dag.py for tasks to queue
[2024-05-08T14:32:20.618+0200] {logging_mixin.py:188} INFO - [2024-05-08T14:32:20.616+0200] {dagbag.py:540} INFO - Filling up the DagBag from /home/munya/.local/lib/python3.11/site-packages/airflow/example_dags/tutorial_dag.py
[2024-05-08T14:32:20.638+0200] {processor.py:840} INFO - DAG(s) 'tutorial_dag' retrieved from /home/munya/.local/lib/python3.11/site-packages/airflow/example_dags/tutorial_dag.py
[2024-05-08T14:32:20.690+0200] {logging_mixin.py:188} INFO - [2024-05-08T14:32:20.689+0200] {dag.py:3096} INFO - Sync 1 DAGs
[2024-05-08T14:32:20.728+0200] {logging_mixin.py:188} INFO - [2024-05-08T14:32:20.727+0200] {dag.py:3954} INFO - Setting next_dagrun for tutorial_dag to None, run_after=None
[2024-05-08T14:32:20.800+0200] {processor.py:183} INFO - Processing /home/munya/.local/lib/python3.11/site-packages/airflow/example_dags/tutorial_dag.py took 0.207 seconds
[2024-05-08T14:34:03.222+0200] {processor.py:161} INFO - Started process (PID=311708) to work on /home/munya/.local/lib/python3.11/site-packages/airflow/example_dags/tutorial_dag.py
[2024-05-08T14:34:03.223+0200] {processor.py:830} INFO - Processing file /home/munya/.local/lib/python3.11/site-packages/airflow/example_dags/tutorial_dag.py for tasks to queue
[2024-05-08T14:34:03.224+0200] {logging_mixin.py:188} INFO - [2024-05-08T14:34:03.224+0200] {dagbag.py:540} INFO - Filling up the DagBag from /home/munya/.local/lib/python3.11/site-packages/airflow/example_dags/tutorial_dag.py
[2024-05-08T14:34:03.231+0200] {processor.py:840} INFO - DAG(s) 'tutorial_dag' retrieved from /home/munya/.local/lib/python3.11/site-packages/airflow/example_dags/tutorial_dag.py
[2024-05-08T14:34:03.245+0200] {logging_mixin.py:188} INFO - [2024-05-08T14:34:03.245+0200] {dag.py:3096} INFO - Sync 1 DAGs
[2024-05-08T14:34:03.255+0200] {logging_mixin.py:188} INFO - [2024-05-08T14:34:03.255+0200] {dag.py:3954} INFO - Setting next_dagrun for tutorial_dag to None, run_after=None
[2024-05-08T14:34:03.273+0200] {processor.py:183} INFO - Processing /home/munya/.local/lib/python3.11/site-packages/airflow/example_dags/tutorial_dag.py took 0.055 seconds
[2024-05-08T14:34:51.672+0200] {processor.py:161} INFO - Started process (PID=312335) to work on /home/munya/.local/lib/python3.11/site-packages/airflow/example_dags/tutorial_dag.py
[2024-05-08T14:34:51.673+0200] {processor.py:830} INFO - Processing file /home/munya/.local/lib/python3.11/site-packages/airflow/example_dags/tutorial_dag.py for tasks to queue
[2024-05-08T14:34:51.674+0200] {logging_mixin.py:188} INFO - [2024-05-08T14:34:51.674+0200] {dagbag.py:540} INFO - Filling up the DagBag from /home/munya/.local/lib/python3.11/site-packages/airflow/example_dags/tutorial_dag.py
[2024-05-08T14:34:51.682+0200] {processor.py:840} INFO - DAG(s) 'tutorial_dag' retrieved from /home/munya/.local/lib/python3.11/site-packages/airflow/example_dags/tutorial_dag.py
[2024-05-08T14:34:51.699+0200] {logging_mixin.py:188} INFO - [2024-05-08T14:34:51.699+0200] {dag.py:3096} INFO - Sync 1 DAGs
[2024-05-08T14:34:51.710+0200] {logging_mixin.py:188} INFO - [2024-05-08T14:34:51.710+0200] {dag.py:3954} INFO - Setting next_dagrun for tutorial_dag to None, run_after=None
[2024-05-08T14:34:51.738+0200] {processor.py:183} INFO - Processing /home/munya/.local/lib/python3.11/site-packages/airflow/example_dags/tutorial_dag.py took 0.071 seconds
[2024-05-08T14:35:53.046+0200] {processor.py:161} INFO - Started process (PID=313137) to work on /home/munya/.local/lib/python3.11/site-packages/airflow/example_dags/tutorial_dag.py
[2024-05-08T14:35:53.047+0200] {processor.py:830} INFO - Processing file /home/munya/.local/lib/python3.11/site-packages/airflow/example_dags/tutorial_dag.py for tasks to queue
[2024-05-08T14:35:53.048+0200] {logging_mixin.py:188} INFO - [2024-05-08T14:35:53.048+0200] {dagbag.py:540} INFO - Filling up the DagBag from /home/munya/.local/lib/python3.11/site-packages/airflow/example_dags/tutorial_dag.py
[2024-05-08T14:35:53.054+0200] {processor.py:840} INFO - DAG(s) 'tutorial_dag' retrieved from /home/munya/.local/lib/python3.11/site-packages/airflow/example_dags/tutorial_dag.py
[2024-05-08T14:35:53.069+0200] {logging_mixin.py:188} INFO - [2024-05-08T14:35:53.069+0200] {dag.py:3096} INFO - Sync 1 DAGs
[2024-05-08T14:35:53.080+0200] {logging_mixin.py:188} INFO - [2024-05-08T14:35:53.080+0200] {dag.py:3954} INFO - Setting next_dagrun for tutorial_dag to None, run_after=None
[2024-05-08T14:35:53.098+0200] {processor.py:183} INFO - Processing /home/munya/.local/lib/python3.11/site-packages/airflow/example_dags/tutorial_dag.py took 0.059 seconds
[2024-05-08T14:36:55.878+0200] {processor.py:161} INFO - Started process (PID=314058) to work on /home/munya/.local/lib/python3.11/site-packages/airflow/example_dags/tutorial_dag.py
[2024-05-08T14:36:55.879+0200] {processor.py:830} INFO - Processing file /home/munya/.local/lib/python3.11/site-packages/airflow/example_dags/tutorial_dag.py for tasks to queue
[2024-05-08T14:36:55.880+0200] {logging_mixin.py:188} INFO - [2024-05-08T14:36:55.880+0200] {dagbag.py:540} INFO - Filling up the DagBag from /home/munya/.local/lib/python3.11/site-packages/airflow/example_dags/tutorial_dag.py
[2024-05-08T14:36:55.886+0200] {processor.py:840} INFO - DAG(s) 'tutorial_dag' retrieved from /home/munya/.local/lib/python3.11/site-packages/airflow/example_dags/tutorial_dag.py
[2024-05-08T14:36:55.903+0200] {logging_mixin.py:188} INFO - [2024-05-08T14:36:55.902+0200] {dag.py:3096} INFO - Sync 1 DAGs
[2024-05-08T14:36:55.914+0200] {logging_mixin.py:188} INFO - [2024-05-08T14:36:55.914+0200] {dag.py:3954} INFO - Setting next_dagrun for tutorial_dag to None, run_after=None
[2024-05-08T14:36:55.935+0200] {processor.py:183} INFO - Processing /home/munya/.local/lib/python3.11/site-packages/airflow/example_dags/tutorial_dag.py took 0.063 seconds
[2024-05-08T14:37:59.260+0200] {processor.py:161} INFO - Started process (PID=314968) to work on /home/munya/.local/lib/python3.11/site-packages/airflow/example_dags/tutorial_dag.py
[2024-05-08T14:37:59.262+0200] {processor.py:830} INFO - Processing file /home/munya/.local/lib/python3.11/site-packages/airflow/example_dags/tutorial_dag.py for tasks to queue
[2024-05-08T14:37:59.263+0200] {logging_mixin.py:188} INFO - [2024-05-08T14:37:59.262+0200] {dagbag.py:540} INFO - Filling up the DagBag from /home/munya/.local/lib/python3.11/site-packages/airflow/example_dags/tutorial_dag.py
[2024-05-08T14:37:59.268+0200] {processor.py:840} INFO - DAG(s) 'tutorial_dag' retrieved from /home/munya/.local/lib/python3.11/site-packages/airflow/example_dags/tutorial_dag.py
[2024-05-08T14:37:59.281+0200] {logging_mixin.py:188} INFO - [2024-05-08T14:37:59.281+0200] {dag.py:3096} INFO - Sync 1 DAGs
[2024-05-08T14:37:59.291+0200] {logging_mixin.py:188} INFO - [2024-05-08T14:37:59.290+0200] {dag.py:3954} INFO - Setting next_dagrun for tutorial_dag to None, run_after=None
[2024-05-08T14:37:59.307+0200] {processor.py:183} INFO - Processing /home/munya/.local/lib/python3.11/site-packages/airflow/example_dags/tutorial_dag.py took 0.051 seconds
[2024-05-08T14:38:58.442+0200] {processor.py:161} INFO - Started process (PID=315855) to work on /home/munya/.local/lib/python3.11/site-packages/airflow/example_dags/tutorial_dag.py
[2024-05-08T14:38:58.443+0200] {processor.py:830} INFO - Processing file /home/munya/.local/lib/python3.11/site-packages/airflow/example_dags/tutorial_dag.py for tasks to queue
[2024-05-08T14:38:58.444+0200] {logging_mixin.py:188} INFO - [2024-05-08T14:38:58.444+0200] {dagbag.py:540} INFO - Filling up the DagBag from /home/munya/.local/lib/python3.11/site-packages/airflow/example_dags/tutorial_dag.py
[2024-05-08T14:38:58.450+0200] {processor.py:840} INFO - DAG(s) 'tutorial_dag' retrieved from /home/munya/.local/lib/python3.11/site-packages/airflow/example_dags/tutorial_dag.py
[2024-05-08T14:38:58.464+0200] {logging_mixin.py:188} INFO - [2024-05-08T14:38:58.464+0200] {dag.py:3096} INFO - Sync 1 DAGs
[2024-05-08T14:38:58.474+0200] {logging_mixin.py:188} INFO - [2024-05-08T14:38:58.474+0200] {dag.py:3954} INFO - Setting next_dagrun for tutorial_dag to None, run_after=None
[2024-05-08T14:38:58.489+0200] {processor.py:183} INFO - Processing /home/munya/.local/lib/python3.11/site-packages/airflow/example_dags/tutorial_dag.py took 0.052 seconds
[2024-05-08T14:40:04.554+0200] {processor.py:161} INFO - Started process (PID=316770) to work on /home/munya/.local/lib/python3.11/site-packages/airflow/example_dags/tutorial_dag.py
[2024-05-08T14:40:04.555+0200] {processor.py:830} INFO - Processing file /home/munya/.local/lib/python3.11/site-packages/airflow/example_dags/tutorial_dag.py for tasks to queue
[2024-05-08T14:40:04.556+0200] {logging_mixin.py:188} INFO - [2024-05-08T14:40:04.556+0200] {dagbag.py:540} INFO - Filling up the DagBag from /home/munya/.local/lib/python3.11/site-packages/airflow/example_dags/tutorial_dag.py
[2024-05-08T14:40:04.563+0200] {processor.py:840} INFO - DAG(s) 'tutorial_dag' retrieved from /home/munya/.local/lib/python3.11/site-packages/airflow/example_dags/tutorial_dag.py
[2024-05-08T14:40:04.579+0200] {logging_mixin.py:188} INFO - [2024-05-08T14:40:04.579+0200] {dag.py:3096} INFO - Sync 1 DAGs
[2024-05-08T14:40:04.590+0200] {logging_mixin.py:188} INFO - [2024-05-08T14:40:04.590+0200] {dag.py:3954} INFO - Setting next_dagrun for tutorial_dag to None, run_after=None
[2024-05-08T14:40:04.611+0200] {processor.py:183} INFO - Processing /home/munya/.local/lib/python3.11/site-packages/airflow/example_dags/tutorial_dag.py took 0.063 seconds
[2024-05-08T14:41:05.539+0200] {processor.py:161} INFO - Started process (PID=317618) to work on /home/munya/.local/lib/python3.11/site-packages/airflow/example_dags/tutorial_dag.py
[2024-05-08T14:41:05.540+0200] {processor.py:830} INFO - Processing file /home/munya/.local/lib/python3.11/site-packages/airflow/example_dags/tutorial_dag.py for tasks to queue
[2024-05-08T14:41:05.541+0200] {logging_mixin.py:188} INFO - [2024-05-08T14:41:05.541+0200] {dagbag.py:540} INFO - Filling up the DagBag from /home/munya/.local/lib/python3.11/site-packages/airflow/example_dags/tutorial_dag.py
[2024-05-08T14:41:05.547+0200] {processor.py:840} INFO - DAG(s) 'tutorial_dag' retrieved from /home/munya/.local/lib/python3.11/site-packages/airflow/example_dags/tutorial_dag.py
[2024-05-08T14:41:05.561+0200] {logging_mixin.py:188} INFO - [2024-05-08T14:41:05.561+0200] {dag.py:3096} INFO - Sync 1 DAGs
[2024-05-08T14:41:05.571+0200] {logging_mixin.py:188} INFO - [2024-05-08T14:41:05.571+0200] {dag.py:3954} INFO - Setting next_dagrun for tutorial_dag to None, run_after=None
[2024-05-08T14:41:05.590+0200] {processor.py:183} INFO - Processing /home/munya/.local/lib/python3.11/site-packages/airflow/example_dags/tutorial_dag.py took 0.058 seconds
[2024-05-08T14:42:14.497+0200] {processor.py:161} INFO - Started process (PID=318515) to work on /home/munya/.local/lib/python3.11/site-packages/airflow/example_dags/tutorial_dag.py
[2024-05-08T14:42:14.500+0200] {processor.py:830} INFO - Processing file /home/munya/.local/lib/python3.11/site-packages/airflow/example_dags/tutorial_dag.py for tasks to queue
[2024-05-08T14:42:14.503+0200] {logging_mixin.py:188} INFO - [2024-05-08T14:42:14.502+0200] {dagbag.py:540} INFO - Filling up the DagBag from /home/munya/.local/lib/python3.11/site-packages/airflow/example_dags/tutorial_dag.py
[2024-05-08T14:42:14.523+0200] {processor.py:840} INFO - DAG(s) 'tutorial_dag' retrieved from /home/munya/.local/lib/python3.11/site-packages/airflow/example_dags/tutorial_dag.py
[2024-05-08T14:42:14.576+0200] {logging_mixin.py:188} INFO - [2024-05-08T14:42:14.575+0200] {dag.py:3096} INFO - Sync 1 DAGs
[2024-05-08T14:42:14.613+0200] {logging_mixin.py:188} INFO - [2024-05-08T14:42:14.613+0200] {dag.py:3954} INFO - Setting next_dagrun for tutorial_dag to None, run_after=None
[2024-05-08T14:42:14.672+0200] {processor.py:183} INFO - Processing /home/munya/.local/lib/python3.11/site-packages/airflow/example_dags/tutorial_dag.py took 0.194 seconds
[2024-05-08T14:43:16.507+0200] {processor.py:161} INFO - Started process (PID=319463) to work on /home/munya/.local/lib/python3.11/site-packages/airflow/example_dags/tutorial_dag.py
[2024-05-08T14:43:16.508+0200] {processor.py:830} INFO - Processing file /home/munya/.local/lib/python3.11/site-packages/airflow/example_dags/tutorial_dag.py for tasks to queue
[2024-05-08T14:43:16.509+0200] {logging_mixin.py:188} INFO - [2024-05-08T14:43:16.509+0200] {dagbag.py:540} INFO - Filling up the DagBag from /home/munya/.local/lib/python3.11/site-packages/airflow/example_dags/tutorial_dag.py
[2024-05-08T14:43:16.515+0200] {processor.py:840} INFO - DAG(s) 'tutorial_dag' retrieved from /home/munya/.local/lib/python3.11/site-packages/airflow/example_dags/tutorial_dag.py
[2024-05-08T14:43:16.531+0200] {logging_mixin.py:188} INFO - [2024-05-08T14:43:16.531+0200] {dag.py:3096} INFO - Sync 1 DAGs
[2024-05-08T14:43:16.541+0200] {logging_mixin.py:188} INFO - [2024-05-08T14:43:16.541+0200] {dag.py:3954} INFO - Setting next_dagrun for tutorial_dag to None, run_after=None
[2024-05-08T14:43:16.560+0200] {processor.py:183} INFO - Processing /home/munya/.local/lib/python3.11/site-packages/airflow/example_dags/tutorial_dag.py took 0.058 seconds
[2024-05-08T14:44:15.282+0200] {processor.py:161} INFO - Started process (PID=320293) to work on /home/munya/.local/lib/python3.11/site-packages/airflow/example_dags/tutorial_dag.py
[2024-05-08T14:44:15.283+0200] {processor.py:830} INFO - Processing file /home/munya/.local/lib/python3.11/site-packages/airflow/example_dags/tutorial_dag.py for tasks to queue
[2024-05-08T14:44:15.284+0200] {logging_mixin.py:188} INFO - [2024-05-08T14:44:15.283+0200] {dagbag.py:540} INFO - Filling up the DagBag from /home/munya/.local/lib/python3.11/site-packages/airflow/example_dags/tutorial_dag.py
[2024-05-08T14:44:15.289+0200] {processor.py:840} INFO - DAG(s) 'tutorial_dag' retrieved from /home/munya/.local/lib/python3.11/site-packages/airflow/example_dags/tutorial_dag.py
[2024-05-08T14:44:15.303+0200] {logging_mixin.py:188} INFO - [2024-05-08T14:44:15.303+0200] {dag.py:3096} INFO - Sync 1 DAGs
[2024-05-08T14:44:15.312+0200] {logging_mixin.py:188} INFO - [2024-05-08T14:44:15.312+0200] {dag.py:3954} INFO - Setting next_dagrun for tutorial_dag to None, run_after=None
[2024-05-08T14:44:15.330+0200] {processor.py:183} INFO - Processing /home/munya/.local/lib/python3.11/site-packages/airflow/example_dags/tutorial_dag.py took 0.054 seconds
[2024-05-08T14:45:18.175+0200] {processor.py:161} INFO - Started process (PID=321194) to work on /home/munya/.local/lib/python3.11/site-packages/airflow/example_dags/tutorial_dag.py
[2024-05-08T14:45:18.176+0200] {processor.py:830} INFO - Processing file /home/munya/.local/lib/python3.11/site-packages/airflow/example_dags/tutorial_dag.py for tasks to queue
[2024-05-08T14:45:18.177+0200] {logging_mixin.py:188} INFO - [2024-05-08T14:45:18.177+0200] {dagbag.py:540} INFO - Filling up the DagBag from /home/munya/.local/lib/python3.11/site-packages/airflow/example_dags/tutorial_dag.py
[2024-05-08T14:45:18.184+0200] {processor.py:840} INFO - DAG(s) 'tutorial_dag' retrieved from /home/munya/.local/lib/python3.11/site-packages/airflow/example_dags/tutorial_dag.py
[2024-05-08T14:45:18.201+0200] {logging_mixin.py:188} INFO - [2024-05-08T14:45:18.200+0200] {dag.py:3096} INFO - Sync 1 DAGs
[2024-05-08T14:45:18.213+0200] {logging_mixin.py:188} INFO - [2024-05-08T14:45:18.213+0200] {dag.py:3954} INFO - Setting next_dagrun for tutorial_dag to None, run_after=None
[2024-05-08T14:45:18.234+0200] {processor.py:183} INFO - Processing /home/munya/.local/lib/python3.11/site-packages/airflow/example_dags/tutorial_dag.py took 0.065 seconds
[2024-05-08T14:46:19.988+0200] {processor.py:161} INFO - Started process (PID=322045) to work on /home/munya/.local/lib/python3.11/site-packages/airflow/example_dags/tutorial_dag.py
[2024-05-08T14:46:19.989+0200] {processor.py:830} INFO - Processing file /home/munya/.local/lib/python3.11/site-packages/airflow/example_dags/tutorial_dag.py for tasks to queue
[2024-05-08T14:46:19.990+0200] {logging_mixin.py:188} INFO - [2024-05-08T14:46:19.989+0200] {dagbag.py:540} INFO - Filling up the DagBag from /home/munya/.local/lib/python3.11/site-packages/airflow/example_dags/tutorial_dag.py
[2024-05-08T14:46:19.996+0200] {processor.py:840} INFO - DAG(s) 'tutorial_dag' retrieved from /home/munya/.local/lib/python3.11/site-packages/airflow/example_dags/tutorial_dag.py
[2024-05-08T14:46:20.013+0200] {logging_mixin.py:188} INFO - [2024-05-08T14:46:20.013+0200] {dag.py:3096} INFO - Sync 1 DAGs
[2024-05-08T14:46:20.024+0200] {logging_mixin.py:188} INFO - [2024-05-08T14:46:20.023+0200] {dag.py:3954} INFO - Setting next_dagrun for tutorial_dag to None, run_after=None
[2024-05-08T14:46:20.041+0200] {processor.py:183} INFO - Processing /home/munya/.local/lib/python3.11/site-packages/airflow/example_dags/tutorial_dag.py took 0.058 seconds
[2024-05-08T14:47:19.114+0200] {processor.py:161} INFO - Started process (PID=322849) to work on /home/munya/.local/lib/python3.11/site-packages/airflow/example_dags/tutorial_dag.py
[2024-05-08T14:47:19.115+0200] {processor.py:830} INFO - Processing file /home/munya/.local/lib/python3.11/site-packages/airflow/example_dags/tutorial_dag.py for tasks to queue
[2024-05-08T14:47:19.116+0200] {logging_mixin.py:188} INFO - [2024-05-08T14:47:19.116+0200] {dagbag.py:540} INFO - Filling up the DagBag from /home/munya/.local/lib/python3.11/site-packages/airflow/example_dags/tutorial_dag.py
[2024-05-08T14:47:19.121+0200] {processor.py:840} INFO - DAG(s) 'tutorial_dag' retrieved from /home/munya/.local/lib/python3.11/site-packages/airflow/example_dags/tutorial_dag.py
[2024-05-08T14:47:19.138+0200] {logging_mixin.py:188} INFO - [2024-05-08T14:47:19.137+0200] {dag.py:3096} INFO - Sync 1 DAGs
[2024-05-08T14:47:19.147+0200] {logging_mixin.py:188} INFO - [2024-05-08T14:47:19.147+0200] {dag.py:3954} INFO - Setting next_dagrun for tutorial_dag to None, run_after=None
[2024-05-08T14:47:19.165+0200] {processor.py:183} INFO - Processing /home/munya/.local/lib/python3.11/site-packages/airflow/example_dags/tutorial_dag.py took 0.056 seconds
[2024-05-08T14:48:36.866+0200] {processor.py:161} INFO - Started process (PID=323897) to work on /home/munya/.local/lib/python3.11/site-packages/airflow/example_dags/tutorial_dag.py
[2024-05-08T14:48:36.983+0200] {processor.py:830} INFO - Processing file /home/munya/.local/lib/python3.11/site-packages/airflow/example_dags/tutorial_dag.py for tasks to queue
[2024-05-08T14:48:36.984+0200] {logging_mixin.py:188} INFO - [2024-05-08T14:48:36.984+0200] {dagbag.py:540} INFO - Filling up the DagBag from /home/munya/.local/lib/python3.11/site-packages/airflow/example_dags/tutorial_dag.py
[2024-05-08T14:48:36.989+0200] {processor.py:840} INFO - DAG(s) 'tutorial_dag' retrieved from /home/munya/.local/lib/python3.11/site-packages/airflow/example_dags/tutorial_dag.py
[2024-05-08T14:48:37.003+0200] {logging_mixin.py:188} INFO - [2024-05-08T14:48:37.003+0200] {dag.py:3096} INFO - Sync 1 DAGs
[2024-05-08T14:48:37.012+0200] {logging_mixin.py:188} INFO - [2024-05-08T14:48:37.012+0200] {dag.py:3954} INFO - Setting next_dagrun for tutorial_dag to None, run_after=None
[2024-05-08T14:48:38.066+0200] {processor.py:183} INFO - Processing /home/munya/.local/lib/python3.11/site-packages/airflow/example_dags/tutorial_dag.py took 1.205 seconds
[2024-05-08T14:50:08.727+0200] {processor.py:161} INFO - Started process (PID=324994) to work on /home/munya/.local/lib/python3.11/site-packages/airflow/example_dags/tutorial_dag.py
[2024-05-08T14:50:08.728+0200] {processor.py:830} INFO - Processing file /home/munya/.local/lib/python3.11/site-packages/airflow/example_dags/tutorial_dag.py for tasks to queue
[2024-05-08T14:50:08.729+0200] {logging_mixin.py:188} INFO - [2024-05-08T14:50:08.728+0200] {dagbag.py:540} INFO - Filling up the DagBag from /home/munya/.local/lib/python3.11/site-packages/airflow/example_dags/tutorial_dag.py
[2024-05-08T14:50:08.736+0200] {processor.py:840} INFO - DAG(s) 'tutorial_dag' retrieved from /home/munya/.local/lib/python3.11/site-packages/airflow/example_dags/tutorial_dag.py
[2024-05-08T14:50:08.756+0200] {logging_mixin.py:188} INFO - [2024-05-08T14:50:08.756+0200] {dag.py:3096} INFO - Sync 1 DAGs
[2024-05-08T14:50:08.768+0200] {logging_mixin.py:188} INFO - [2024-05-08T14:50:08.768+0200] {dag.py:3954} INFO - Setting next_dagrun for tutorial_dag to None, run_after=None
[2024-05-08T14:50:09.224+0200] {processor.py:183} INFO - Processing /home/munya/.local/lib/python3.11/site-packages/airflow/example_dags/tutorial_dag.py took 0.504 seconds
[2024-05-08T14:51:20.987+0200] {processor.py:161} INFO - Started process (PID=325886) to work on /home/munya/.local/lib/python3.11/site-packages/airflow/example_dags/tutorial_dag.py
[2024-05-08T14:51:20.991+0200] {processor.py:830} INFO - Processing file /home/munya/.local/lib/python3.11/site-packages/airflow/example_dags/tutorial_dag.py for tasks to queue
[2024-05-08T14:51:20.992+0200] {logging_mixin.py:188} INFO - [2024-05-08T14:51:20.991+0200] {dagbag.py:540} INFO - Filling up the DagBag from /home/munya/.local/lib/python3.11/site-packages/airflow/example_dags/tutorial_dag.py
[2024-05-08T14:51:20.996+0200] {processor.py:840} INFO - DAG(s) 'tutorial_dag' retrieved from /home/munya/.local/lib/python3.11/site-packages/airflow/example_dags/tutorial_dag.py
[2024-05-08T14:51:21.011+0200] {logging_mixin.py:188} INFO - [2024-05-08T14:51:21.011+0200] {dag.py:3096} INFO - Sync 1 DAGs
[2024-05-08T14:51:21.020+0200] {logging_mixin.py:188} INFO - [2024-05-08T14:51:21.020+0200] {dag.py:3954} INFO - Setting next_dagrun for tutorial_dag to None, run_after=None
[2024-05-08T14:51:21.203+0200] {processor.py:183} INFO - Processing /home/munya/.local/lib/python3.11/site-packages/airflow/example_dags/tutorial_dag.py took 0.221 seconds
