[2024-05-21T08:26:50.831+0200] {processor.py:161} INFO - Started process (PID=351278) to work on /home/munya/anaconda3/lib/python3.11/site-packages/airflow/example_dags/example_subdag_operator.py
[2024-05-21T08:26:50.832+0200] {processor.py:830} INFO - Processing file /home/munya/anaconda3/lib/python3.11/site-packages/airflow/example_dags/example_subdag_operator.py for tasks to queue
[2024-05-21T08:26:50.837+0200] {logging_mixin.py:188} INFO - [2024-05-21T08:26:50.834+0200] {dagbag.py:545} INFO - Filling up the DagBag from /home/munya/anaconda3/lib/python3.11/site-packages/airflow/example_dags/example_subdag_operator.py
[2024-05-21T08:26:50.880+0200] {processor.py:840} INFO - DAG(s) 'example_subdag_operator.section-1', 'example_subdag_operator.section-2', 'example_subdag_operator' retrieved from /home/munya/anaconda3/lib/python3.11/site-packages/airflow/example_dags/example_subdag_operator.py
[2024-05-21T08:26:50.917+0200] {logging_mixin.py:188} INFO - [2024-05-21T08:26:50.917+0200] {dag.py:3096} INFO - Sync 3 DAGs
[2024-05-21T08:26:50.950+0200] {logging_mixin.py:188} INFO - [2024-05-21T08:26:50.950+0200] {dag.py:3954} INFO - Setting next_dagrun for example_subdag_operator to 2022-01-01 00:00:00+00:00, run_after=2022-01-01 00:00:00+00:00
[2024-05-21T08:26:50.956+0200] {logging_mixin.py:188} INFO - [2024-05-21T08:26:50.955+0200] {dag.py:3954} INFO - Setting next_dagrun for example_subdag_operator.section-1 to None, run_after=None
[2024-05-21T08:26:50.958+0200] {logging_mixin.py:188} INFO - [2024-05-21T08:26:50.957+0200] {dag.py:3954} INFO - Setting next_dagrun for example_subdag_operator.section-2 to None, run_after=None
[2024-05-21T08:26:50.968+0200] {logging_mixin.py:188} INFO - [2024-05-21T08:26:50.968+0200] {dag.py:3096} INFO - Sync 2 DAGs
[2024-05-21T08:26:50.976+0200] {logging_mixin.py:188} INFO - [2024-05-21T08:26:50.976+0200] {dag.py:3954} INFO - Setting next_dagrun for example_subdag_operator.section-1 to None, run_after=None
[2024-05-21T08:26:50.977+0200] {logging_mixin.py:188} INFO - [2024-05-21T08:26:50.977+0200] {dag.py:3954} INFO - Setting next_dagrun for example_subdag_operator.section-2 to None, run_after=None
[2024-05-21T08:26:50.998+0200] {processor.py:183} INFO - Processing /home/munya/anaconda3/lib/python3.11/site-packages/airflow/example_dags/example_subdag_operator.py took 0.206 seconds
[2024-05-21T08:28:02.795+0200] {processor.py:161} INFO - Started process (PID=352446) to work on /home/munya/anaconda3/lib/python3.11/site-packages/airflow/example_dags/example_subdag_operator.py
[2024-05-21T08:28:02.796+0200] {processor.py:830} INFO - Processing file /home/munya/anaconda3/lib/python3.11/site-packages/airflow/example_dags/example_subdag_operator.py for tasks to queue
[2024-05-21T08:28:02.798+0200] {logging_mixin.py:188} INFO - [2024-05-21T08:28:02.797+0200] {dagbag.py:545} INFO - Filling up the DagBag from /home/munya/anaconda3/lib/python3.11/site-packages/airflow/example_dags/example_subdag_operator.py
[2024-05-21T08:28:02.834+0200] {processor.py:840} INFO - DAG(s) 'example_subdag_operator.section-1', 'example_subdag_operator.section-2', 'example_subdag_operator' retrieved from /home/munya/anaconda3/lib/python3.11/site-packages/airflow/example_dags/example_subdag_operator.py
[2024-05-21T08:28:02.859+0200] {logging_mixin.py:188} INFO - [2024-05-21T08:28:02.859+0200] {dag.py:3096} INFO - Sync 3 DAGs
[2024-05-21T08:28:02.894+0200] {logging_mixin.py:188} INFO - [2024-05-21T08:28:02.893+0200] {dag.py:3954} INFO - Setting next_dagrun for example_subdag_operator to 2022-01-01 00:00:00+00:00, run_after=2022-01-01 00:00:00+00:00
[2024-05-21T08:28:02.900+0200] {logging_mixin.py:188} INFO - [2024-05-21T08:28:02.899+0200] {dag.py:3954} INFO - Setting next_dagrun for example_subdag_operator.section-1 to None, run_after=None
[2024-05-21T08:28:02.902+0200] {logging_mixin.py:188} INFO - [2024-05-21T08:28:02.902+0200] {dag.py:3954} INFO - Setting next_dagrun for example_subdag_operator.section-2 to None, run_after=None
[2024-05-21T08:28:02.913+0200] {logging_mixin.py:188} INFO - [2024-05-21T08:28:02.913+0200] {dag.py:3096} INFO - Sync 2 DAGs
[2024-05-21T08:28:02.921+0200] {logging_mixin.py:188} INFO - [2024-05-21T08:28:02.920+0200] {dag.py:3954} INFO - Setting next_dagrun for example_subdag_operator.section-1 to None, run_after=None
[2024-05-21T08:28:02.921+0200] {logging_mixin.py:188} INFO - [2024-05-21T08:28:02.921+0200] {dag.py:3954} INFO - Setting next_dagrun for example_subdag_operator.section-2 to None, run_after=None
[2024-05-21T08:28:02.945+0200] {processor.py:183} INFO - Processing /home/munya/anaconda3/lib/python3.11/site-packages/airflow/example_dags/example_subdag_operator.py took 0.162 seconds
[2024-05-21T08:29:25.957+0200] {processor.py:161} INFO - Started process (PID=353804) to work on /home/munya/anaconda3/lib/python3.11/site-packages/airflow/example_dags/example_subdag_operator.py
[2024-05-21T08:29:25.959+0200] {processor.py:830} INFO - Processing file /home/munya/anaconda3/lib/python3.11/site-packages/airflow/example_dags/example_subdag_operator.py for tasks to queue
[2024-05-21T08:29:25.961+0200] {logging_mixin.py:188} INFO - [2024-05-21T08:29:25.960+0200] {dagbag.py:545} INFO - Filling up the DagBag from /home/munya/anaconda3/lib/python3.11/site-packages/airflow/example_dags/example_subdag_operator.py
[2024-05-21T08:29:26.000+0200] {processor.py:840} INFO - DAG(s) 'example_subdag_operator.section-1', 'example_subdag_operator.section-2', 'example_subdag_operator' retrieved from /home/munya/anaconda3/lib/python3.11/site-packages/airflow/example_dags/example_subdag_operator.py
[2024-05-21T08:29:26.030+0200] {logging_mixin.py:188} INFO - [2024-05-21T08:29:26.030+0200] {dag.py:3096} INFO - Sync 3 DAGs
[2024-05-21T08:29:26.056+0200] {logging_mixin.py:188} INFO - [2024-05-21T08:29:26.056+0200] {dag.py:3954} INFO - Setting next_dagrun for example_subdag_operator to 2022-01-01 00:00:00+00:00, run_after=2022-01-01 00:00:00+00:00
[2024-05-21T08:29:26.061+0200] {logging_mixin.py:188} INFO - [2024-05-21T08:29:26.061+0200] {dag.py:3954} INFO - Setting next_dagrun for example_subdag_operator.section-1 to None, run_after=None
[2024-05-21T08:29:26.063+0200] {logging_mixin.py:188} INFO - [2024-05-21T08:29:26.062+0200] {dag.py:3954} INFO - Setting next_dagrun for example_subdag_operator.section-2 to None, run_after=None
[2024-05-21T08:29:26.073+0200] {logging_mixin.py:188} INFO - [2024-05-21T08:29:26.072+0200] {dag.py:3096} INFO - Sync 2 DAGs
[2024-05-21T08:29:26.078+0200] {logging_mixin.py:188} INFO - [2024-05-21T08:29:26.078+0200] {dag.py:3954} INFO - Setting next_dagrun for example_subdag_operator.section-1 to None, run_after=None
[2024-05-21T08:29:26.079+0200] {logging_mixin.py:188} INFO - [2024-05-21T08:29:26.078+0200] {dag.py:3954} INFO - Setting next_dagrun for example_subdag_operator.section-2 to None, run_after=None
[2024-05-21T08:29:26.104+0200] {processor.py:183} INFO - Processing /home/munya/anaconda3/lib/python3.11/site-packages/airflow/example_dags/example_subdag_operator.py took 0.161 seconds
[2024-05-21T08:31:55.456+0200] {processor.py:161} INFO - Started process (PID=356313) to work on /home/munya/anaconda3/lib/python3.11/site-packages/airflow/example_dags/example_subdag_operator.py
[2024-05-21T08:31:55.458+0200] {processor.py:830} INFO - Processing file /home/munya/anaconda3/lib/python3.11/site-packages/airflow/example_dags/example_subdag_operator.py for tasks to queue
[2024-05-21T08:31:55.461+0200] {logging_mixin.py:188} INFO - [2024-05-21T08:31:55.459+0200] {dagbag.py:545} INFO - Filling up the DagBag from /home/munya/anaconda3/lib/python3.11/site-packages/airflow/example_dags/example_subdag_operator.py
[2024-05-21T08:31:55.515+0200] {processor.py:840} INFO - DAG(s) 'example_subdag_operator.section-1', 'example_subdag_operator.section-2', 'example_subdag_operator' retrieved from /home/munya/anaconda3/lib/python3.11/site-packages/airflow/example_dags/example_subdag_operator.py
[2024-05-21T08:31:55.568+0200] {logging_mixin.py:188} INFO - [2024-05-21T08:31:55.567+0200] {dag.py:3096} INFO - Sync 3 DAGs
[2024-05-21T08:31:55.605+0200] {logging_mixin.py:188} INFO - [2024-05-21T08:31:55.605+0200] {dag.py:3954} INFO - Setting next_dagrun for example_subdag_operator to 2022-01-01 00:00:00+00:00, run_after=2022-01-01 00:00:00+00:00
[2024-05-21T08:31:55.613+0200] {logging_mixin.py:188} INFO - [2024-05-21T08:31:55.613+0200] {dag.py:3954} INFO - Setting next_dagrun for example_subdag_operator.section-1 to None, run_after=None
[2024-05-21T08:31:55.616+0200] {logging_mixin.py:188} INFO - [2024-05-21T08:31:55.615+0200] {dag.py:3954} INFO - Setting next_dagrun for example_subdag_operator.section-2 to None, run_after=None
[2024-05-21T08:31:55.626+0200] {logging_mixin.py:188} INFO - [2024-05-21T08:31:55.625+0200] {dag.py:3096} INFO - Sync 2 DAGs
[2024-05-21T08:31:55.637+0200] {logging_mixin.py:188} INFO - [2024-05-21T08:31:55.636+0200] {dag.py:3954} INFO - Setting next_dagrun for example_subdag_operator.section-1 to None, run_after=None
[2024-05-21T08:31:55.637+0200] {logging_mixin.py:188} INFO - [2024-05-21T08:31:55.637+0200] {dag.py:3954} INFO - Setting next_dagrun for example_subdag_operator.section-2 to None, run_after=None
[2024-05-21T08:31:55.665+0200] {processor.py:183} INFO - Processing /home/munya/anaconda3/lib/python3.11/site-packages/airflow/example_dags/example_subdag_operator.py took 0.223 seconds
[2024-05-21T08:33:39.554+0200] {processor.py:161} INFO - Started process (PID=358231) to work on /home/munya/anaconda3/lib/python3.11/site-packages/airflow/example_dags/example_subdag_operator.py
[2024-05-21T08:33:39.556+0200] {processor.py:830} INFO - Processing file /home/munya/anaconda3/lib/python3.11/site-packages/airflow/example_dags/example_subdag_operator.py for tasks to queue
[2024-05-21T08:33:39.559+0200] {logging_mixin.py:188} INFO - [2024-05-21T08:33:39.558+0200] {dagbag.py:545} INFO - Filling up the DagBag from /home/munya/anaconda3/lib/python3.11/site-packages/airflow/example_dags/example_subdag_operator.py
[2024-05-21T08:33:39.605+0200] {processor.py:840} INFO - DAG(s) 'example_subdag_operator.section-1', 'example_subdag_operator.section-2', 'example_subdag_operator' retrieved from /home/munya/anaconda3/lib/python3.11/site-packages/airflow/example_dags/example_subdag_operator.py
[2024-05-21T08:33:39.632+0200] {logging_mixin.py:188} INFO - [2024-05-21T08:33:39.632+0200] {dag.py:3096} INFO - Sync 3 DAGs
[2024-05-21T08:33:39.661+0200] {logging_mixin.py:188} INFO - [2024-05-21T08:33:39.660+0200] {dag.py:3954} INFO - Setting next_dagrun for example_subdag_operator to 2022-01-01 00:00:00+00:00, run_after=2022-01-01 00:00:00+00:00
[2024-05-21T08:33:39.666+0200] {logging_mixin.py:188} INFO - [2024-05-21T08:33:39.666+0200] {dag.py:3954} INFO - Setting next_dagrun for example_subdag_operator.section-1 to None, run_after=None
[2024-05-21T08:33:39.668+0200] {logging_mixin.py:188} INFO - [2024-05-21T08:33:39.668+0200] {dag.py:3954} INFO - Setting next_dagrun for example_subdag_operator.section-2 to None, run_after=None
[2024-05-21T08:33:39.679+0200] {logging_mixin.py:188} INFO - [2024-05-21T08:33:39.679+0200] {dag.py:3096} INFO - Sync 2 DAGs
[2024-05-21T08:33:39.687+0200] {logging_mixin.py:188} INFO - [2024-05-21T08:33:39.686+0200] {dag.py:3954} INFO - Setting next_dagrun for example_subdag_operator.section-1 to None, run_after=None
[2024-05-21T08:33:39.688+0200] {logging_mixin.py:188} INFO - [2024-05-21T08:33:39.687+0200] {dag.py:3954} INFO - Setting next_dagrun for example_subdag_operator.section-2 to None, run_after=None
[2024-05-21T08:33:39.715+0200] {processor.py:183} INFO - Processing /home/munya/anaconda3/lib/python3.11/site-packages/airflow/example_dags/example_subdag_operator.py took 0.192 seconds
[2024-05-21T08:35:26.498+0200] {processor.py:161} INFO - Started process (PID=359885) to work on /home/munya/anaconda3/lib/python3.11/site-packages/airflow/example_dags/example_subdag_operator.py
[2024-05-21T08:35:26.514+0200] {processor.py:830} INFO - Processing file /home/munya/anaconda3/lib/python3.11/site-packages/airflow/example_dags/example_subdag_operator.py for tasks to queue
[2024-05-21T08:35:26.518+0200] {logging_mixin.py:188} INFO - [2024-05-21T08:35:26.517+0200] {dagbag.py:545} INFO - Filling up the DagBag from /home/munya/anaconda3/lib/python3.11/site-packages/airflow/example_dags/example_subdag_operator.py
[2024-05-21T08:35:26.580+0200] {processor.py:840} INFO - DAG(s) 'example_subdag_operator.section-1', 'example_subdag_operator.section-2', 'example_subdag_operator' retrieved from /home/munya/anaconda3/lib/python3.11/site-packages/airflow/example_dags/example_subdag_operator.py
[2024-05-21T08:35:26.620+0200] {logging_mixin.py:188} INFO - [2024-05-21T08:35:26.619+0200] {dag.py:3096} INFO - Sync 3 DAGs
[2024-05-21T08:35:26.660+0200] {logging_mixin.py:188} INFO - [2024-05-21T08:35:26.660+0200] {dag.py:3954} INFO - Setting next_dagrun for example_subdag_operator to 2022-01-01 00:00:00+00:00, run_after=2022-01-01 00:00:00+00:00
[2024-05-21T08:35:26.669+0200] {logging_mixin.py:188} INFO - [2024-05-21T08:35:26.668+0200] {dag.py:3954} INFO - Setting next_dagrun for example_subdag_operator.section-1 to None, run_after=None
[2024-05-21T08:35:26.671+0200] {logging_mixin.py:188} INFO - [2024-05-21T08:35:26.671+0200] {dag.py:3954} INFO - Setting next_dagrun for example_subdag_operator.section-2 to None, run_after=None
[2024-05-21T08:35:26.690+0200] {logging_mixin.py:188} INFO - [2024-05-21T08:35:26.690+0200] {dag.py:3096} INFO - Sync 2 DAGs
[2024-05-21T08:35:26.700+0200] {logging_mixin.py:188} INFO - [2024-05-21T08:35:26.699+0200] {dag.py:3954} INFO - Setting next_dagrun for example_subdag_operator.section-1 to None, run_after=None
[2024-05-21T08:35:26.700+0200] {logging_mixin.py:188} INFO - [2024-05-21T08:35:26.700+0200] {dag.py:3954} INFO - Setting next_dagrun for example_subdag_operator.section-2 to None, run_after=None
[2024-05-21T08:35:26.728+0200] {processor.py:183} INFO - Processing /home/munya/anaconda3/lib/python3.11/site-packages/airflow/example_dags/example_subdag_operator.py took 0.273 seconds
[2024-05-21T08:36:40.027+0200] {processor.py:161} INFO - Started process (PID=361057) to work on /home/munya/anaconda3/lib/python3.11/site-packages/airflow/example_dags/example_subdag_operator.py
[2024-05-21T08:36:40.030+0200] {processor.py:830} INFO - Processing file /home/munya/anaconda3/lib/python3.11/site-packages/airflow/example_dags/example_subdag_operator.py for tasks to queue
[2024-05-21T08:36:40.035+0200] {logging_mixin.py:188} INFO - [2024-05-21T08:36:40.032+0200] {dagbag.py:545} INFO - Filling up the DagBag from /home/munya/anaconda3/lib/python3.11/site-packages/airflow/example_dags/example_subdag_operator.py
[2024-05-21T08:36:40.099+0200] {processor.py:840} INFO - DAG(s) 'example_subdag_operator.section-1', 'example_subdag_operator.section-2', 'example_subdag_operator' retrieved from /home/munya/anaconda3/lib/python3.11/site-packages/airflow/example_dags/example_subdag_operator.py
[2024-05-21T08:36:40.145+0200] {logging_mixin.py:188} INFO - [2024-05-21T08:36:40.144+0200] {dag.py:3096} INFO - Sync 3 DAGs
[2024-05-21T08:36:40.203+0200] {logging_mixin.py:188} INFO - [2024-05-21T08:36:40.203+0200] {dag.py:3954} INFO - Setting next_dagrun for example_subdag_operator to 2022-01-01 00:00:00+00:00, run_after=2022-01-01 00:00:00+00:00
[2024-05-21T08:36:40.212+0200] {logging_mixin.py:188} INFO - [2024-05-21T08:36:40.211+0200] {dag.py:3954} INFO - Setting next_dagrun for example_subdag_operator.section-1 to None, run_after=None
[2024-05-21T08:36:40.217+0200] {logging_mixin.py:188} INFO - [2024-05-21T08:36:40.216+0200] {dag.py:3954} INFO - Setting next_dagrun for example_subdag_operator.section-2 to None, run_after=None
[2024-05-21T08:36:40.233+0200] {logging_mixin.py:188} INFO - [2024-05-21T08:36:40.232+0200] {dag.py:3096} INFO - Sync 2 DAGs
[2024-05-21T08:36:40.243+0200] {logging_mixin.py:188} INFO - [2024-05-21T08:36:40.242+0200] {dag.py:3954} INFO - Setting next_dagrun for example_subdag_operator.section-1 to None, run_after=None
[2024-05-21T08:36:40.244+0200] {logging_mixin.py:188} INFO - [2024-05-21T08:36:40.243+0200] {dag.py:3954} INFO - Setting next_dagrun for example_subdag_operator.section-2 to None, run_after=None
[2024-05-21T08:36:40.274+0200] {processor.py:183} INFO - Processing /home/munya/anaconda3/lib/python3.11/site-packages/airflow/example_dags/example_subdag_operator.py took 0.269 seconds
[2024-05-21T08:37:45.938+0200] {processor.py:161} INFO - Started process (PID=362097) to work on /home/munya/anaconda3/lib/python3.11/site-packages/airflow/example_dags/example_subdag_operator.py
[2024-05-21T08:37:45.942+0200] {processor.py:830} INFO - Processing file /home/munya/anaconda3/lib/python3.11/site-packages/airflow/example_dags/example_subdag_operator.py for tasks to queue
[2024-05-21T08:37:45.949+0200] {logging_mixin.py:188} INFO - [2024-05-21T08:37:45.945+0200] {dagbag.py:545} INFO - Filling up the DagBag from /home/munya/anaconda3/lib/python3.11/site-packages/airflow/example_dags/example_subdag_operator.py
[2024-05-21T08:37:46.060+0200] {processor.py:840} INFO - DAG(s) 'example_subdag_operator.section-1', 'example_subdag_operator.section-2', 'example_subdag_operator' retrieved from /home/munya/anaconda3/lib/python3.11/site-packages/airflow/example_dags/example_subdag_operator.py
[2024-05-21T08:37:46.150+0200] {logging_mixin.py:188} INFO - [2024-05-21T08:37:46.150+0200] {dag.py:3096} INFO - Sync 3 DAGs
[2024-05-21T08:37:46.214+0200] {logging_mixin.py:188} INFO - [2024-05-21T08:37:46.213+0200] {dag.py:3954} INFO - Setting next_dagrun for example_subdag_operator to 2022-01-01 00:00:00+00:00, run_after=2022-01-01 00:00:00+00:00
[2024-05-21T08:37:46.224+0200] {logging_mixin.py:188} INFO - [2024-05-21T08:37:46.224+0200] {dag.py:3954} INFO - Setting next_dagrun for example_subdag_operator.section-1 to None, run_after=None
[2024-05-21T08:37:46.226+0200] {logging_mixin.py:188} INFO - [2024-05-21T08:37:46.226+0200] {dag.py:3954} INFO - Setting next_dagrun for example_subdag_operator.section-2 to None, run_after=None
[2024-05-21T08:37:46.242+0200] {logging_mixin.py:188} INFO - [2024-05-21T08:37:46.242+0200] {dag.py:3096} INFO - Sync 2 DAGs
[2024-05-21T08:37:46.255+0200] {logging_mixin.py:188} INFO - [2024-05-21T08:37:46.254+0200] {dag.py:3954} INFO - Setting next_dagrun for example_subdag_operator.section-1 to None, run_after=None
[2024-05-21T08:37:46.256+0200] {logging_mixin.py:188} INFO - [2024-05-21T08:37:46.256+0200] {dag.py:3954} INFO - Setting next_dagrun for example_subdag_operator.section-2 to None, run_after=None
[2024-05-21T08:37:46.304+0200] {processor.py:183} INFO - Processing /home/munya/anaconda3/lib/python3.11/site-packages/airflow/example_dags/example_subdag_operator.py took 0.397 seconds
[2024-05-21T08:39:15.382+0200] {processor.py:161} INFO - Started process (PID=363564) to work on /home/munya/anaconda3/lib/python3.11/site-packages/airflow/example_dags/example_subdag_operator.py
[2024-05-21T08:39:15.387+0200] {processor.py:830} INFO - Processing file /home/munya/anaconda3/lib/python3.11/site-packages/airflow/example_dags/example_subdag_operator.py for tasks to queue
[2024-05-21T08:39:15.390+0200] {logging_mixin.py:188} INFO - [2024-05-21T08:39:15.389+0200] {dagbag.py:545} INFO - Filling up the DagBag from /home/munya/anaconda3/lib/python3.11/site-packages/airflow/example_dags/example_subdag_operator.py
[2024-05-21T08:39:15.538+0200] {processor.py:840} INFO - DAG(s) 'example_subdag_operator.section-1', 'example_subdag_operator.section-2', 'example_subdag_operator' retrieved from /home/munya/anaconda3/lib/python3.11/site-packages/airflow/example_dags/example_subdag_operator.py
[2024-05-21T08:39:15.595+0200] {logging_mixin.py:188} INFO - [2024-05-21T08:39:15.594+0200] {dag.py:3096} INFO - Sync 3 DAGs
[2024-05-21T08:39:15.627+0200] {logging_mixin.py:188} INFO - [2024-05-21T08:39:15.626+0200] {dag.py:3954} INFO - Setting next_dagrun for example_subdag_operator to 2022-01-01 00:00:00+00:00, run_after=2022-01-01 00:00:00+00:00
[2024-05-21T08:39:15.633+0200] {logging_mixin.py:188} INFO - [2024-05-21T08:39:15.633+0200] {dag.py:3954} INFO - Setting next_dagrun for example_subdag_operator.section-1 to None, run_after=None
[2024-05-21T08:39:15.635+0200] {logging_mixin.py:188} INFO - [2024-05-21T08:39:15.635+0200] {dag.py:3954} INFO - Setting next_dagrun for example_subdag_operator.section-2 to None, run_after=None
[2024-05-21T08:39:15.644+0200] {logging_mixin.py:188} INFO - [2024-05-21T08:39:15.644+0200] {dag.py:3096} INFO - Sync 2 DAGs
[2024-05-21T08:39:15.654+0200] {logging_mixin.py:188} INFO - [2024-05-21T08:39:15.654+0200] {dag.py:3954} INFO - Setting next_dagrun for example_subdag_operator.section-1 to None, run_after=None
[2024-05-21T08:39:15.654+0200] {logging_mixin.py:188} INFO - [2024-05-21T08:39:15.654+0200] {dag.py:3954} INFO - Setting next_dagrun for example_subdag_operator.section-2 to None, run_after=None
[2024-05-21T08:39:15.678+0200] {processor.py:183} INFO - Processing /home/munya/anaconda3/lib/python3.11/site-packages/airflow/example_dags/example_subdag_operator.py took 0.357 seconds
[2024-05-21T08:40:49.245+0200] {processor.py:161} INFO - Started process (PID=365064) to work on /home/munya/anaconda3/lib/python3.11/site-packages/airflow/example_dags/example_subdag_operator.py
[2024-05-21T08:40:49.250+0200] {processor.py:830} INFO - Processing file /home/munya/anaconda3/lib/python3.11/site-packages/airflow/example_dags/example_subdag_operator.py for tasks to queue
[2024-05-21T08:40:49.254+0200] {logging_mixin.py:188} INFO - [2024-05-21T08:40:49.252+0200] {dagbag.py:545} INFO - Filling up the DagBag from /home/munya/anaconda3/lib/python3.11/site-packages/airflow/example_dags/example_subdag_operator.py
[2024-05-21T08:40:49.298+0200] {processor.py:840} INFO - DAG(s) 'example_subdag_operator.section-1', 'example_subdag_operator.section-2', 'example_subdag_operator' retrieved from /home/munya/anaconda3/lib/python3.11/site-packages/airflow/example_dags/example_subdag_operator.py
[2024-05-21T08:40:49.324+0200] {logging_mixin.py:188} INFO - [2024-05-21T08:40:49.324+0200] {dag.py:3096} INFO - Sync 3 DAGs
[2024-05-21T08:40:49.355+0200] {logging_mixin.py:188} INFO - [2024-05-21T08:40:49.354+0200] {dag.py:3954} INFO - Setting next_dagrun for example_subdag_operator to 2022-01-01 00:00:00+00:00, run_after=2022-01-01 00:00:00+00:00
[2024-05-21T08:40:49.359+0200] {logging_mixin.py:188} INFO - [2024-05-21T08:40:49.359+0200] {dag.py:3954} INFO - Setting next_dagrun for example_subdag_operator.section-1 to None, run_after=None
[2024-05-21T08:40:49.361+0200] {logging_mixin.py:188} INFO - [2024-05-21T08:40:49.360+0200] {dag.py:3954} INFO - Setting next_dagrun for example_subdag_operator.section-2 to None, run_after=None
[2024-05-21T08:40:49.373+0200] {logging_mixin.py:188} INFO - [2024-05-21T08:40:49.372+0200] {dag.py:3096} INFO - Sync 2 DAGs
[2024-05-21T08:40:49.384+0200] {logging_mixin.py:188} INFO - [2024-05-21T08:40:49.383+0200] {dag.py:3954} INFO - Setting next_dagrun for example_subdag_operator.section-1 to None, run_after=None
[2024-05-21T08:40:49.385+0200] {logging_mixin.py:188} INFO - [2024-05-21T08:40:49.384+0200] {dag.py:3954} INFO - Setting next_dagrun for example_subdag_operator.section-2 to None, run_after=None
[2024-05-21T08:40:49.423+0200] {processor.py:183} INFO - Processing /home/munya/anaconda3/lib/python3.11/site-packages/airflow/example_dags/example_subdag_operator.py took 0.209 seconds
[2024-05-21T08:42:16.240+0200] {processor.py:161} INFO - Started process (PID=366494) to work on /home/munya/anaconda3/lib/python3.11/site-packages/airflow/example_dags/example_subdag_operator.py
[2024-05-21T08:42:16.242+0200] {processor.py:830} INFO - Processing file /home/munya/anaconda3/lib/python3.11/site-packages/airflow/example_dags/example_subdag_operator.py for tasks to queue
[2024-05-21T08:42:16.244+0200] {logging_mixin.py:188} INFO - [2024-05-21T08:42:16.243+0200] {dagbag.py:545} INFO - Filling up the DagBag from /home/munya/anaconda3/lib/python3.11/site-packages/airflow/example_dags/example_subdag_operator.py
[2024-05-21T08:42:16.297+0200] {processor.py:840} INFO - DAG(s) 'example_subdag_operator.section-1', 'example_subdag_operator.section-2', 'example_subdag_operator' retrieved from /home/munya/anaconda3/lib/python3.11/site-packages/airflow/example_dags/example_subdag_operator.py
[2024-05-21T08:42:16.340+0200] {logging_mixin.py:188} INFO - [2024-05-21T08:42:16.340+0200] {dag.py:3096} INFO - Sync 3 DAGs
[2024-05-21T08:42:16.368+0200] {logging_mixin.py:188} INFO - [2024-05-21T08:42:16.367+0200] {dag.py:3954} INFO - Setting next_dagrun for example_subdag_operator to 2022-01-01 00:00:00+00:00, run_after=2022-01-01 00:00:00+00:00
[2024-05-21T08:42:16.373+0200] {logging_mixin.py:188} INFO - [2024-05-21T08:42:16.372+0200] {dag.py:3954} INFO - Setting next_dagrun for example_subdag_operator.section-1 to None, run_after=None
[2024-05-21T08:42:16.375+0200] {logging_mixin.py:188} INFO - [2024-05-21T08:42:16.375+0200] {dag.py:3954} INFO - Setting next_dagrun for example_subdag_operator.section-2 to None, run_after=None
[2024-05-21T08:42:16.384+0200] {logging_mixin.py:188} INFO - [2024-05-21T08:42:16.383+0200] {dag.py:3096} INFO - Sync 2 DAGs
[2024-05-21T08:42:16.393+0200] {logging_mixin.py:188} INFO - [2024-05-21T08:42:16.392+0200] {dag.py:3954} INFO - Setting next_dagrun for example_subdag_operator.section-1 to None, run_after=None
[2024-05-21T08:42:16.393+0200] {logging_mixin.py:188} INFO - [2024-05-21T08:42:16.393+0200] {dag.py:3954} INFO - Setting next_dagrun for example_subdag_operator.section-2 to None, run_after=None
[2024-05-21T08:42:16.415+0200] {processor.py:183} INFO - Processing /home/munya/anaconda3/lib/python3.11/site-packages/airflow/example_dags/example_subdag_operator.py took 0.192 seconds
[2024-05-21T08:43:48.603+0200] {processor.py:161} INFO - Started process (PID=367940) to work on /home/munya/anaconda3/lib/python3.11/site-packages/airflow/example_dags/example_subdag_operator.py
[2024-05-21T08:43:48.606+0200] {processor.py:830} INFO - Processing file /home/munya/anaconda3/lib/python3.11/site-packages/airflow/example_dags/example_subdag_operator.py for tasks to queue
[2024-05-21T08:43:48.611+0200] {logging_mixin.py:188} INFO - [2024-05-21T08:43:48.607+0200] {dagbag.py:545} INFO - Filling up the DagBag from /home/munya/anaconda3/lib/python3.11/site-packages/airflow/example_dags/example_subdag_operator.py
[2024-05-21T08:43:48.662+0200] {processor.py:840} INFO - DAG(s) 'example_subdag_operator.section-1', 'example_subdag_operator.section-2', 'example_subdag_operator' retrieved from /home/munya/anaconda3/lib/python3.11/site-packages/airflow/example_dags/example_subdag_operator.py
[2024-05-21T08:43:48.698+0200] {logging_mixin.py:188} INFO - [2024-05-21T08:43:48.698+0200] {dag.py:3096} INFO - Sync 3 DAGs
[2024-05-21T08:43:48.738+0200] {logging_mixin.py:188} INFO - [2024-05-21T08:43:48.738+0200] {dag.py:3954} INFO - Setting next_dagrun for example_subdag_operator to 2022-01-01 00:00:00+00:00, run_after=2022-01-01 00:00:00+00:00
[2024-05-21T08:43:48.745+0200] {logging_mixin.py:188} INFO - [2024-05-21T08:43:48.745+0200] {dag.py:3954} INFO - Setting next_dagrun for example_subdag_operator.section-1 to None, run_after=None
[2024-05-21T08:43:48.748+0200] {logging_mixin.py:188} INFO - [2024-05-21T08:43:48.748+0200] {dag.py:3954} INFO - Setting next_dagrun for example_subdag_operator.section-2 to None, run_after=None
[2024-05-21T08:43:48.761+0200] {logging_mixin.py:188} INFO - [2024-05-21T08:43:48.760+0200] {dag.py:3096} INFO - Sync 2 DAGs
[2024-05-21T08:43:48.771+0200] {logging_mixin.py:188} INFO - [2024-05-21T08:43:48.770+0200] {dag.py:3954} INFO - Setting next_dagrun for example_subdag_operator.section-1 to None, run_after=None
[2024-05-21T08:43:48.772+0200] {logging_mixin.py:188} INFO - [2024-05-21T08:43:48.771+0200] {dag.py:3954} INFO - Setting next_dagrun for example_subdag_operator.section-2 to None, run_after=None
[2024-05-21T08:43:48.800+0200] {processor.py:183} INFO - Processing /home/munya/anaconda3/lib/python3.11/site-packages/airflow/example_dags/example_subdag_operator.py took 0.225 seconds
[2024-05-21T08:45:12.832+0200] {processor.py:161} INFO - Started process (PID=369314) to work on /home/munya/anaconda3/lib/python3.11/site-packages/airflow/example_dags/example_subdag_operator.py
[2024-05-21T08:45:12.834+0200] {processor.py:830} INFO - Processing file /home/munya/anaconda3/lib/python3.11/site-packages/airflow/example_dags/example_subdag_operator.py for tasks to queue
[2024-05-21T08:45:12.836+0200] {logging_mixin.py:188} INFO - [2024-05-21T08:45:12.835+0200] {dagbag.py:545} INFO - Filling up the DagBag from /home/munya/anaconda3/lib/python3.11/site-packages/airflow/example_dags/example_subdag_operator.py
[2024-05-21T08:45:12.877+0200] {processor.py:840} INFO - DAG(s) 'example_subdag_operator.section-1', 'example_subdag_operator.section-2', 'example_subdag_operator' retrieved from /home/munya/anaconda3/lib/python3.11/site-packages/airflow/example_dags/example_subdag_operator.py
[2024-05-21T08:45:12.913+0200] {logging_mixin.py:188} INFO - [2024-05-21T08:45:12.913+0200] {dag.py:3096} INFO - Sync 3 DAGs
[2024-05-21T08:45:12.945+0200] {logging_mixin.py:188} INFO - [2024-05-21T08:45:12.945+0200] {dag.py:3954} INFO - Setting next_dagrun for example_subdag_operator to 2022-01-01 00:00:00+00:00, run_after=2022-01-01 00:00:00+00:00
[2024-05-21T08:45:12.949+0200] {logging_mixin.py:188} INFO - [2024-05-21T08:45:12.949+0200] {dag.py:3954} INFO - Setting next_dagrun for example_subdag_operator.section-1 to None, run_after=None
[2024-05-21T08:45:12.951+0200] {logging_mixin.py:188} INFO - [2024-05-21T08:45:12.951+0200] {dag.py:3954} INFO - Setting next_dagrun for example_subdag_operator.section-2 to None, run_after=None
[2024-05-21T08:45:12.959+0200] {logging_mixin.py:188} INFO - [2024-05-21T08:45:12.959+0200] {dag.py:3096} INFO - Sync 2 DAGs
[2024-05-21T08:45:12.967+0200] {logging_mixin.py:188} INFO - [2024-05-21T08:45:12.966+0200] {dag.py:3954} INFO - Setting next_dagrun for example_subdag_operator.section-1 to None, run_after=None
[2024-05-21T08:45:12.968+0200] {logging_mixin.py:188} INFO - [2024-05-21T08:45:12.968+0200] {dag.py:3954} INFO - Setting next_dagrun for example_subdag_operator.section-2 to None, run_after=None
[2024-05-21T08:45:12.991+0200] {processor.py:183} INFO - Processing /home/munya/anaconda3/lib/python3.11/site-packages/airflow/example_dags/example_subdag_operator.py took 0.171 seconds
[2024-05-21T08:46:25.252+0200] {processor.py:161} INFO - Started process (PID=370659) to work on /home/munya/anaconda3/lib/python3.11/site-packages/airflow/example_dags/example_subdag_operator.py
[2024-05-21T08:46:25.254+0200] {processor.py:830} INFO - Processing file /home/munya/anaconda3/lib/python3.11/site-packages/airflow/example_dags/example_subdag_operator.py for tasks to queue
[2024-05-21T08:46:25.256+0200] {logging_mixin.py:188} INFO - [2024-05-21T08:46:25.255+0200] {dagbag.py:545} INFO - Filling up the DagBag from /home/munya/anaconda3/lib/python3.11/site-packages/airflow/example_dags/example_subdag_operator.py
[2024-05-21T08:46:25.300+0200] {processor.py:840} INFO - DAG(s) 'example_subdag_operator.section-1', 'example_subdag_operator.section-2', 'example_subdag_operator' retrieved from /home/munya/anaconda3/lib/python3.11/site-packages/airflow/example_dags/example_subdag_operator.py
[2024-05-21T08:46:25.332+0200] {logging_mixin.py:188} INFO - [2024-05-21T08:46:25.332+0200] {dag.py:3096} INFO - Sync 3 DAGs
[2024-05-21T08:46:25.365+0200] {logging_mixin.py:188} INFO - [2024-05-21T08:46:25.365+0200] {dag.py:3954} INFO - Setting next_dagrun for example_subdag_operator to 2022-01-01 00:00:00+00:00, run_after=2022-01-01 00:00:00+00:00
[2024-05-21T08:46:25.370+0200] {logging_mixin.py:188} INFO - [2024-05-21T08:46:25.370+0200] {dag.py:3954} INFO - Setting next_dagrun for example_subdag_operator.section-1 to None, run_after=None
[2024-05-21T08:46:25.372+0200] {logging_mixin.py:188} INFO - [2024-05-21T08:46:25.372+0200] {dag.py:3954} INFO - Setting next_dagrun for example_subdag_operator.section-2 to None, run_after=None
[2024-05-21T08:46:25.381+0200] {logging_mixin.py:188} INFO - [2024-05-21T08:46:25.381+0200] {dag.py:3096} INFO - Sync 2 DAGs
[2024-05-21T08:46:25.386+0200] {logging_mixin.py:188} INFO - [2024-05-21T08:46:25.386+0200] {dag.py:3954} INFO - Setting next_dagrun for example_subdag_operator.section-1 to None, run_after=None
[2024-05-21T08:46:25.387+0200] {logging_mixin.py:188} INFO - [2024-05-21T08:46:25.387+0200] {dag.py:3954} INFO - Setting next_dagrun for example_subdag_operator.section-2 to None, run_after=None
[2024-05-21T08:46:25.404+0200] {processor.py:183} INFO - Processing /home/munya/anaconda3/lib/python3.11/site-packages/airflow/example_dags/example_subdag_operator.py took 0.168 seconds
[2024-05-21T08:54:18.548+0200] {processor.py:161} INFO - Started process (PID=8711) to work on /home/munya/anaconda3/lib/python3.11/site-packages/airflow/example_dags/example_subdag_operator.py
[2024-05-21T08:54:18.549+0200] {processor.py:830} INFO - Processing file /home/munya/anaconda3/lib/python3.11/site-packages/airflow/example_dags/example_subdag_operator.py for tasks to queue
[2024-05-21T08:54:18.551+0200] {logging_mixin.py:188} INFO - [2024-05-21T08:54:18.550+0200] {dagbag.py:545} INFO - Filling up the DagBag from /home/munya/anaconda3/lib/python3.11/site-packages/airflow/example_dags/example_subdag_operator.py
[2024-05-21T08:54:18.568+0200] {processor.py:840} INFO - DAG(s) 'example_subdag_operator.section-1', 'example_subdag_operator.section-2', 'example_subdag_operator' retrieved from /home/munya/anaconda3/lib/python3.11/site-packages/airflow/example_dags/example_subdag_operator.py
[2024-05-21T08:54:18.571+0200] {logging_mixin.py:188} INFO - [2024-05-21T08:54:18.570+0200] {dag.py:3096} INFO - Sync 3 DAGs
[2024-05-21T08:54:18.587+0200] {logging_mixin.py:188} INFO - [2024-05-21T08:54:18.587+0200] {dag.py:3954} INFO - Setting next_dagrun for example_subdag_operator to 2022-01-01 00:00:00+00:00, run_after=2022-01-01 00:00:00+00:00
[2024-05-21T08:54:18.590+0200] {logging_mixin.py:188} INFO - [2024-05-21T08:54:18.590+0200] {dag.py:3954} INFO - Setting next_dagrun for example_subdag_operator.section-1 to None, run_after=None
[2024-05-21T08:54:18.591+0200] {logging_mixin.py:188} INFO - [2024-05-21T08:54:18.591+0200] {dag.py:3954} INFO - Setting next_dagrun for example_subdag_operator.section-2 to None, run_after=None
[2024-05-21T08:54:18.596+0200] {logging_mixin.py:188} INFO - [2024-05-21T08:54:18.595+0200] {dag.py:3096} INFO - Sync 2 DAGs
[2024-05-21T08:54:18.599+0200] {logging_mixin.py:188} INFO - [2024-05-21T08:54:18.599+0200] {dag.py:3954} INFO - Setting next_dagrun for example_subdag_operator.section-1 to None, run_after=None
[2024-05-21T08:54:18.600+0200] {logging_mixin.py:188} INFO - [2024-05-21T08:54:18.600+0200] {dag.py:3954} INFO - Setting next_dagrun for example_subdag_operator.section-2 to None, run_after=None
[2024-05-21T08:54:18.612+0200] {processor.py:183} INFO - Processing /home/munya/anaconda3/lib/python3.11/site-packages/airflow/example_dags/example_subdag_operator.py took 0.069 seconds
[2024-05-21T08:55:16.275+0200] {processor.py:161} INFO - Started process (PID=9493) to work on /home/munya/anaconda3/lib/python3.11/site-packages/airflow/example_dags/example_subdag_operator.py
[2024-05-21T08:55:16.276+0200] {processor.py:830} INFO - Processing file /home/munya/anaconda3/lib/python3.11/site-packages/airflow/example_dags/example_subdag_operator.py for tasks to queue
[2024-05-21T08:55:16.278+0200] {logging_mixin.py:188} INFO - [2024-05-21T08:55:16.278+0200] {dagbag.py:545} INFO - Filling up the DagBag from /home/munya/anaconda3/lib/python3.11/site-packages/airflow/example_dags/example_subdag_operator.py
[2024-05-21T08:55:16.299+0200] {processor.py:840} INFO - DAG(s) 'example_subdag_operator.section-1', 'example_subdag_operator.section-2', 'example_subdag_operator' retrieved from /home/munya/anaconda3/lib/python3.11/site-packages/airflow/example_dags/example_subdag_operator.py
[2024-05-21T08:55:16.405+0200] {logging_mixin.py:188} INFO - [2024-05-21T08:55:16.405+0200] {dag.py:3096} INFO - Sync 3 DAGs
[2024-05-21T08:55:16.425+0200] {logging_mixin.py:188} INFO - [2024-05-21T08:55:16.425+0200] {dag.py:3954} INFO - Setting next_dagrun for example_subdag_operator to 2022-01-01 00:00:00+00:00, run_after=2022-01-01 00:00:00+00:00
[2024-05-21T08:55:16.429+0200] {logging_mixin.py:188} INFO - [2024-05-21T08:55:16.428+0200] {dag.py:3954} INFO - Setting next_dagrun for example_subdag_operator.section-1 to None, run_after=None
[2024-05-21T08:55:16.430+0200] {logging_mixin.py:188} INFO - [2024-05-21T08:55:16.430+0200] {dag.py:3954} INFO - Setting next_dagrun for example_subdag_operator.section-2 to None, run_after=None
[2024-05-21T08:55:16.438+0200] {logging_mixin.py:188} INFO - [2024-05-21T08:55:16.437+0200] {dag.py:3096} INFO - Sync 2 DAGs
[2024-05-21T08:55:16.443+0200] {logging_mixin.py:188} INFO - [2024-05-21T08:55:16.442+0200] {dag.py:3954} INFO - Setting next_dagrun for example_subdag_operator.section-1 to None, run_after=None
[2024-05-21T08:55:16.443+0200] {logging_mixin.py:188} INFO - [2024-05-21T08:55:16.443+0200] {dag.py:3954} INFO - Setting next_dagrun for example_subdag_operator.section-2 to None, run_after=None
[2024-05-21T08:55:16.459+0200] {processor.py:183} INFO - Processing /home/munya/anaconda3/lib/python3.11/site-packages/airflow/example_dags/example_subdag_operator.py took 0.191 seconds
[2024-05-21T08:56:13.734+0200] {processor.py:161} INFO - Started process (PID=10279) to work on /home/munya/anaconda3/lib/python3.11/site-packages/airflow/example_dags/example_subdag_operator.py
[2024-05-21T08:56:13.738+0200] {processor.py:830} INFO - Processing file /home/munya/anaconda3/lib/python3.11/site-packages/airflow/example_dags/example_subdag_operator.py for tasks to queue
[2024-05-21T08:56:13.742+0200] {logging_mixin.py:188} INFO - [2024-05-21T08:56:13.740+0200] {dagbag.py:545} INFO - Filling up the DagBag from /home/munya/anaconda3/lib/python3.11/site-packages/airflow/example_dags/example_subdag_operator.py
[2024-05-21T08:56:13.832+0200] {processor.py:840} INFO - DAG(s) 'example_subdag_operator.section-1', 'example_subdag_operator.section-2', 'example_subdag_operator' retrieved from /home/munya/anaconda3/lib/python3.11/site-packages/airflow/example_dags/example_subdag_operator.py
[2024-05-21T08:56:13.909+0200] {logging_mixin.py:188} INFO - [2024-05-21T08:56:13.908+0200] {dag.py:3096} INFO - Sync 3 DAGs
[2024-05-21T08:56:13.976+0200] {logging_mixin.py:188} INFO - [2024-05-21T08:56:13.976+0200] {dag.py:3954} INFO - Setting next_dagrun for example_subdag_operator to 2022-01-01 00:00:00+00:00, run_after=2022-01-01 00:00:00+00:00
[2024-05-21T08:56:13.986+0200] {logging_mixin.py:188} INFO - [2024-05-21T08:56:13.985+0200] {dag.py:3954} INFO - Setting next_dagrun for example_subdag_operator.section-1 to None, run_after=None
[2024-05-21T08:56:13.989+0200] {logging_mixin.py:188} INFO - [2024-05-21T08:56:13.988+0200] {dag.py:3954} INFO - Setting next_dagrun for example_subdag_operator.section-2 to None, run_after=None
[2024-05-21T08:56:14.005+0200] {logging_mixin.py:188} INFO - [2024-05-21T08:56:14.005+0200] {dag.py:3096} INFO - Sync 2 DAGs
[2024-05-21T08:56:14.017+0200] {logging_mixin.py:188} INFO - [2024-05-21T08:56:14.016+0200] {dag.py:3954} INFO - Setting next_dagrun for example_subdag_operator.section-1 to None, run_after=None
[2024-05-21T08:56:14.018+0200] {logging_mixin.py:188} INFO - [2024-05-21T08:56:14.017+0200] {dag.py:3954} INFO - Setting next_dagrun for example_subdag_operator.section-2 to None, run_after=None
[2024-05-21T08:56:14.054+0200] {processor.py:183} INFO - Processing /home/munya/anaconda3/lib/python3.11/site-packages/airflow/example_dags/example_subdag_operator.py took 0.345 seconds
[2024-05-21T08:57:09.586+0200] {processor.py:161} INFO - Started process (PID=11011) to work on /home/munya/anaconda3/lib/python3.11/site-packages/airflow/example_dags/example_subdag_operator.py
[2024-05-21T08:57:09.587+0200] {processor.py:830} INFO - Processing file /home/munya/anaconda3/lib/python3.11/site-packages/airflow/example_dags/example_subdag_operator.py for tasks to queue
[2024-05-21T08:57:09.588+0200] {logging_mixin.py:188} INFO - [2024-05-21T08:57:09.587+0200] {dagbag.py:545} INFO - Filling up the DagBag from /home/munya/anaconda3/lib/python3.11/site-packages/airflow/example_dags/example_subdag_operator.py
[2024-05-21T08:57:09.606+0200] {processor.py:840} INFO - DAG(s) 'example_subdag_operator.section-1', 'example_subdag_operator.section-2', 'example_subdag_operator' retrieved from /home/munya/anaconda3/lib/python3.11/site-packages/airflow/example_dags/example_subdag_operator.py
[2024-05-21T08:57:09.618+0200] {logging_mixin.py:188} INFO - [2024-05-21T08:57:09.618+0200] {dag.py:3096} INFO - Sync 3 DAGs
[2024-05-21T08:57:09.640+0200] {logging_mixin.py:188} INFO - [2024-05-21T08:57:09.640+0200] {dag.py:3954} INFO - Setting next_dagrun for example_subdag_operator to 2022-01-01 00:00:00+00:00, run_after=2022-01-01 00:00:00+00:00
[2024-05-21T08:57:09.644+0200] {logging_mixin.py:188} INFO - [2024-05-21T08:57:09.644+0200] {dag.py:3954} INFO - Setting next_dagrun for example_subdag_operator.section-1 to None, run_after=None
[2024-05-21T08:57:09.645+0200] {logging_mixin.py:188} INFO - [2024-05-21T08:57:09.645+0200] {dag.py:3954} INFO - Setting next_dagrun for example_subdag_operator.section-2 to None, run_after=None
[2024-05-21T08:57:09.649+0200] {logging_mixin.py:188} INFO - [2024-05-21T08:57:09.649+0200] {dag.py:3096} INFO - Sync 2 DAGs
[2024-05-21T08:57:09.652+0200] {logging_mixin.py:188} INFO - [2024-05-21T08:57:09.652+0200] {dag.py:3954} INFO - Setting next_dagrun for example_subdag_operator.section-1 to None, run_after=None
[2024-05-21T08:57:09.653+0200] {logging_mixin.py:188} INFO - [2024-05-21T08:57:09.653+0200] {dag.py:3954} INFO - Setting next_dagrun for example_subdag_operator.section-2 to None, run_after=None
[2024-05-21T08:57:09.663+0200] {processor.py:183} INFO - Processing /home/munya/anaconda3/lib/python3.11/site-packages/airflow/example_dags/example_subdag_operator.py took 0.082 seconds
[2024-05-21T08:58:08.676+0200] {processor.py:161} INFO - Started process (PID=11786) to work on /home/munya/anaconda3/lib/python3.11/site-packages/airflow/example_dags/example_subdag_operator.py
[2024-05-21T08:58:08.677+0200] {processor.py:830} INFO - Processing file /home/munya/anaconda3/lib/python3.11/site-packages/airflow/example_dags/example_subdag_operator.py for tasks to queue
[2024-05-21T08:58:08.677+0200] {logging_mixin.py:188} INFO - [2024-05-21T08:58:08.677+0200] {dagbag.py:545} INFO - Filling up the DagBag from /home/munya/anaconda3/lib/python3.11/site-packages/airflow/example_dags/example_subdag_operator.py
[2024-05-21T08:58:08.694+0200] {processor.py:840} INFO - DAG(s) 'example_subdag_operator.section-1', 'example_subdag_operator.section-2', 'example_subdag_operator' retrieved from /home/munya/anaconda3/lib/python3.11/site-packages/airflow/example_dags/example_subdag_operator.py
[2024-05-21T08:58:08.707+0200] {logging_mixin.py:188} INFO - [2024-05-21T08:58:08.707+0200] {dag.py:3096} INFO - Sync 3 DAGs
[2024-05-21T08:58:08.723+0200] {logging_mixin.py:188} INFO - [2024-05-21T08:58:08.722+0200] {dag.py:3954} INFO - Setting next_dagrun for example_subdag_operator to 2022-01-01 00:00:00+00:00, run_after=2022-01-01 00:00:00+00:00
[2024-05-21T08:58:08.725+0200] {logging_mixin.py:188} INFO - [2024-05-21T08:58:08.725+0200] {dag.py:3954} INFO - Setting next_dagrun for example_subdag_operator.section-1 to None, run_after=None
[2024-05-21T08:58:08.726+0200] {logging_mixin.py:188} INFO - [2024-05-21T08:58:08.726+0200] {dag.py:3954} INFO - Setting next_dagrun for example_subdag_operator.section-2 to None, run_after=None
[2024-05-21T08:58:08.730+0200] {logging_mixin.py:188} INFO - [2024-05-21T08:58:08.730+0200] {dag.py:3096} INFO - Sync 2 DAGs
[2024-05-21T08:58:08.733+0200] {logging_mixin.py:188} INFO - [2024-05-21T08:58:08.733+0200] {dag.py:3954} INFO - Setting next_dagrun for example_subdag_operator.section-1 to None, run_after=None
[2024-05-21T08:58:08.734+0200] {logging_mixin.py:188} INFO - [2024-05-21T08:58:08.734+0200] {dag.py:3954} INFO - Setting next_dagrun for example_subdag_operator.section-2 to None, run_after=None
[2024-05-21T08:58:08.744+0200] {processor.py:183} INFO - Processing /home/munya/anaconda3/lib/python3.11/site-packages/airflow/example_dags/example_subdag_operator.py took 0.073 seconds
[2024-05-21T08:59:06.785+0200] {processor.py:161} INFO - Started process (PID=12984) to work on /home/munya/anaconda3/lib/python3.11/site-packages/airflow/example_dags/example_subdag_operator.py
[2024-05-21T08:59:06.786+0200] {processor.py:830} INFO - Processing file /home/munya/anaconda3/lib/python3.11/site-packages/airflow/example_dags/example_subdag_operator.py for tasks to queue
[2024-05-21T08:59:06.786+0200] {logging_mixin.py:188} INFO - [2024-05-21T08:59:06.786+0200] {dagbag.py:545} INFO - Filling up the DagBag from /home/munya/anaconda3/lib/python3.11/site-packages/airflow/example_dags/example_subdag_operator.py
[2024-05-21T08:59:06.804+0200] {processor.py:840} INFO - DAG(s) 'example_subdag_operator.section-1', 'example_subdag_operator.section-2', 'example_subdag_operator' retrieved from /home/munya/anaconda3/lib/python3.11/site-packages/airflow/example_dags/example_subdag_operator.py
[2024-05-21T08:59:06.819+0200] {logging_mixin.py:188} INFO - [2024-05-21T08:59:06.818+0200] {dag.py:3096} INFO - Sync 3 DAGs
[2024-05-21T08:59:06.835+0200] {logging_mixin.py:188} INFO - [2024-05-21T08:59:06.834+0200] {dag.py:3954} INFO - Setting next_dagrun for example_subdag_operator to 2022-01-01 00:00:00+00:00, run_after=2022-01-01 00:00:00+00:00
[2024-05-21T08:59:06.837+0200] {logging_mixin.py:188} INFO - [2024-05-21T08:59:06.837+0200] {dag.py:3954} INFO - Setting next_dagrun for example_subdag_operator.section-1 to None, run_after=None
[2024-05-21T08:59:06.838+0200] {logging_mixin.py:188} INFO - [2024-05-21T08:59:06.838+0200] {dag.py:3954} INFO - Setting next_dagrun for example_subdag_operator.section-2 to None, run_after=None
[2024-05-21T08:59:06.843+0200] {logging_mixin.py:188} INFO - [2024-05-21T08:59:06.842+0200] {dag.py:3096} INFO - Sync 2 DAGs
[2024-05-21T08:59:06.846+0200] {logging_mixin.py:188} INFO - [2024-05-21T08:59:06.846+0200] {dag.py:3954} INFO - Setting next_dagrun for example_subdag_operator.section-1 to None, run_after=None
[2024-05-21T08:59:06.846+0200] {logging_mixin.py:188} INFO - [2024-05-21T08:59:06.846+0200] {dag.py:3954} INFO - Setting next_dagrun for example_subdag_operator.section-2 to None, run_after=None
[2024-05-21T08:59:06.857+0200] {processor.py:183} INFO - Processing /home/munya/anaconda3/lib/python3.11/site-packages/airflow/example_dags/example_subdag_operator.py took 0.079 seconds
[2024-05-21T09:00:05.379+0200] {processor.py:161} INFO - Started process (PID=13798) to work on /home/munya/anaconda3/lib/python3.11/site-packages/airflow/example_dags/example_subdag_operator.py
[2024-05-21T09:00:05.380+0200] {processor.py:830} INFO - Processing file /home/munya/anaconda3/lib/python3.11/site-packages/airflow/example_dags/example_subdag_operator.py for tasks to queue
[2024-05-21T09:00:05.381+0200] {logging_mixin.py:188} INFO - [2024-05-21T09:00:05.381+0200] {dagbag.py:545} INFO - Filling up the DagBag from /home/munya/anaconda3/lib/python3.11/site-packages/airflow/example_dags/example_subdag_operator.py
[2024-05-21T09:00:05.396+0200] {processor.py:840} INFO - DAG(s) 'example_subdag_operator.section-1', 'example_subdag_operator.section-2', 'example_subdag_operator' retrieved from /home/munya/anaconda3/lib/python3.11/site-packages/airflow/example_dags/example_subdag_operator.py
[2024-05-21T09:00:05.409+0200] {logging_mixin.py:188} INFO - [2024-05-21T09:00:05.409+0200] {dag.py:3096} INFO - Sync 3 DAGs
[2024-05-21T09:00:05.428+0200] {logging_mixin.py:188} INFO - [2024-05-21T09:00:05.428+0200] {dag.py:3954} INFO - Setting next_dagrun for example_subdag_operator to 2022-01-01 00:00:00+00:00, run_after=2022-01-01 00:00:00+00:00
[2024-05-21T09:00:05.431+0200] {logging_mixin.py:188} INFO - [2024-05-21T09:00:05.431+0200] {dag.py:3954} INFO - Setting next_dagrun for example_subdag_operator.section-1 to None, run_after=None
[2024-05-21T09:00:05.432+0200] {logging_mixin.py:188} INFO - [2024-05-21T09:00:05.432+0200] {dag.py:3954} INFO - Setting next_dagrun for example_subdag_operator.section-2 to None, run_after=None
[2024-05-21T09:00:05.437+0200] {logging_mixin.py:188} INFO - [2024-05-21T09:00:05.437+0200] {dag.py:3096} INFO - Sync 2 DAGs
[2024-05-21T09:00:05.440+0200] {logging_mixin.py:188} INFO - [2024-05-21T09:00:05.440+0200] {dag.py:3954} INFO - Setting next_dagrun for example_subdag_operator.section-1 to None, run_after=None
[2024-05-21T09:00:05.441+0200] {logging_mixin.py:188} INFO - [2024-05-21T09:00:05.441+0200] {dag.py:3954} INFO - Setting next_dagrun for example_subdag_operator.section-2 to None, run_after=None
[2024-05-21T09:00:05.451+0200] {processor.py:183} INFO - Processing /home/munya/anaconda3/lib/python3.11/site-packages/airflow/example_dags/example_subdag_operator.py took 0.076 seconds
[2024-05-21T09:01:03.192+0200] {processor.py:161} INFO - Started process (PID=14549) to work on /home/munya/anaconda3/lib/python3.11/site-packages/airflow/example_dags/example_subdag_operator.py
[2024-05-21T09:01:03.193+0200] {processor.py:830} INFO - Processing file /home/munya/anaconda3/lib/python3.11/site-packages/airflow/example_dags/example_subdag_operator.py for tasks to queue
[2024-05-21T09:01:03.194+0200] {logging_mixin.py:188} INFO - [2024-05-21T09:01:03.193+0200] {dagbag.py:545} INFO - Filling up the DagBag from /home/munya/anaconda3/lib/python3.11/site-packages/airflow/example_dags/example_subdag_operator.py
[2024-05-21T09:01:03.213+0200] {processor.py:840} INFO - DAG(s) 'example_subdag_operator.section-1', 'example_subdag_operator.section-2', 'example_subdag_operator' retrieved from /home/munya/anaconda3/lib/python3.11/site-packages/airflow/example_dags/example_subdag_operator.py
[2024-05-21T09:01:03.227+0200] {logging_mixin.py:188} INFO - [2024-05-21T09:01:03.227+0200] {dag.py:3096} INFO - Sync 3 DAGs
[2024-05-21T09:01:03.243+0200] {logging_mixin.py:188} INFO - [2024-05-21T09:01:03.243+0200] {dag.py:3954} INFO - Setting next_dagrun for example_subdag_operator to 2022-01-01 00:00:00+00:00, run_after=2022-01-01 00:00:00+00:00
[2024-05-21T09:01:03.246+0200] {logging_mixin.py:188} INFO - [2024-05-21T09:01:03.246+0200] {dag.py:3954} INFO - Setting next_dagrun for example_subdag_operator.section-1 to None, run_after=None
[2024-05-21T09:01:03.248+0200] {logging_mixin.py:188} INFO - [2024-05-21T09:01:03.247+0200] {dag.py:3954} INFO - Setting next_dagrun for example_subdag_operator.section-2 to None, run_after=None
[2024-05-21T09:01:03.254+0200] {logging_mixin.py:188} INFO - [2024-05-21T09:01:03.253+0200] {dag.py:3096} INFO - Sync 2 DAGs
[2024-05-21T09:01:03.257+0200] {logging_mixin.py:188} INFO - [2024-05-21T09:01:03.257+0200] {dag.py:3954} INFO - Setting next_dagrun for example_subdag_operator.section-1 to None, run_after=None
[2024-05-21T09:01:03.257+0200] {logging_mixin.py:188} INFO - [2024-05-21T09:01:03.257+0200] {dag.py:3954} INFO - Setting next_dagrun for example_subdag_operator.section-2 to None, run_after=None
[2024-05-21T09:01:03.271+0200] {processor.py:183} INFO - Processing /home/munya/anaconda3/lib/python3.11/site-packages/airflow/example_dags/example_subdag_operator.py took 0.086 seconds
[2024-05-21T09:02:01.870+0200] {processor.py:161} INFO - Started process (PID=15321) to work on /home/munya/anaconda3/lib/python3.11/site-packages/airflow/example_dags/example_subdag_operator.py
[2024-05-21T09:02:01.871+0200] {processor.py:830} INFO - Processing file /home/munya/anaconda3/lib/python3.11/site-packages/airflow/example_dags/example_subdag_operator.py for tasks to queue
[2024-05-21T09:02:01.872+0200] {logging_mixin.py:188} INFO - [2024-05-21T09:02:01.872+0200] {dagbag.py:545} INFO - Filling up the DagBag from /home/munya/anaconda3/lib/python3.11/site-packages/airflow/example_dags/example_subdag_operator.py
[2024-05-21T09:02:01.891+0200] {processor.py:840} INFO - DAG(s) 'example_subdag_operator.section-1', 'example_subdag_operator.section-2', 'example_subdag_operator' retrieved from /home/munya/anaconda3/lib/python3.11/site-packages/airflow/example_dags/example_subdag_operator.py
[2024-05-21T09:02:01.903+0200] {logging_mixin.py:188} INFO - [2024-05-21T09:02:01.903+0200] {dag.py:3096} INFO - Sync 3 DAGs
[2024-05-21T09:02:01.919+0200] {logging_mixin.py:188} INFO - [2024-05-21T09:02:01.919+0200] {dag.py:3954} INFO - Setting next_dagrun for example_subdag_operator to 2022-01-01 00:00:00+00:00, run_after=2022-01-01 00:00:00+00:00
[2024-05-21T09:02:01.922+0200] {logging_mixin.py:188} INFO - [2024-05-21T09:02:01.922+0200] {dag.py:3954} INFO - Setting next_dagrun for example_subdag_operator.section-1 to None, run_after=None
[2024-05-21T09:02:01.923+0200] {logging_mixin.py:188} INFO - [2024-05-21T09:02:01.923+0200] {dag.py:3954} INFO - Setting next_dagrun for example_subdag_operator.section-2 to None, run_after=None
[2024-05-21T09:02:01.929+0200] {logging_mixin.py:188} INFO - [2024-05-21T09:02:01.929+0200] {dag.py:3096} INFO - Sync 2 DAGs
[2024-05-21T09:02:01.932+0200] {logging_mixin.py:188} INFO - [2024-05-21T09:02:01.932+0200] {dag.py:3954} INFO - Setting next_dagrun for example_subdag_operator.section-1 to None, run_after=None
[2024-05-21T09:02:01.932+0200] {logging_mixin.py:188} INFO - [2024-05-21T09:02:01.932+0200] {dag.py:3954} INFO - Setting next_dagrun for example_subdag_operator.section-2 to None, run_after=None
[2024-05-21T09:02:01.943+0200] {processor.py:183} INFO - Processing /home/munya/anaconda3/lib/python3.11/site-packages/airflow/example_dags/example_subdag_operator.py took 0.078 seconds
[2024-05-21T09:03:02.410+0200] {processor.py:161} INFO - Started process (PID=16110) to work on /home/munya/anaconda3/lib/python3.11/site-packages/airflow/example_dags/example_subdag_operator.py
[2024-05-21T09:03:02.413+0200] {processor.py:830} INFO - Processing file /home/munya/anaconda3/lib/python3.11/site-packages/airflow/example_dags/example_subdag_operator.py for tasks to queue
[2024-05-21T09:03:02.415+0200] {logging_mixin.py:188} INFO - [2024-05-21T09:03:02.414+0200] {dagbag.py:545} INFO - Filling up the DagBag from /home/munya/anaconda3/lib/python3.11/site-packages/airflow/example_dags/example_subdag_operator.py
[2024-05-21T09:03:02.476+0200] {processor.py:840} INFO - DAG(s) 'example_subdag_operator.section-1', 'example_subdag_operator.section-2', 'example_subdag_operator' retrieved from /home/munya/anaconda3/lib/python3.11/site-packages/airflow/example_dags/example_subdag_operator.py
[2024-05-21T09:03:02.527+0200] {logging_mixin.py:188} INFO - [2024-05-21T09:03:02.526+0200] {dag.py:3096} INFO - Sync 3 DAGs
[2024-05-21T09:03:02.583+0200] {logging_mixin.py:188} INFO - [2024-05-21T09:03:02.582+0200] {dag.py:3954} INFO - Setting next_dagrun for example_subdag_operator to 2022-01-01 00:00:00+00:00, run_after=2022-01-01 00:00:00+00:00
[2024-05-21T09:03:02.593+0200] {logging_mixin.py:188} INFO - [2024-05-21T09:03:02.592+0200] {dag.py:3954} INFO - Setting next_dagrun for example_subdag_operator.section-1 to None, run_after=None
[2024-05-21T09:03:02.596+0200] {logging_mixin.py:188} INFO - [2024-05-21T09:03:02.595+0200] {dag.py:3954} INFO - Setting next_dagrun for example_subdag_operator.section-2 to None, run_after=None
[2024-05-21T09:03:02.614+0200] {logging_mixin.py:188} INFO - [2024-05-21T09:03:02.613+0200] {dag.py:3096} INFO - Sync 2 DAGs
[2024-05-21T09:03:02.629+0200] {logging_mixin.py:188} INFO - [2024-05-21T09:03:02.628+0200] {dag.py:3954} INFO - Setting next_dagrun for example_subdag_operator.section-1 to None, run_after=None
[2024-05-21T09:03:02.630+0200] {logging_mixin.py:188} INFO - [2024-05-21T09:03:02.629+0200] {dag.py:3954} INFO - Setting next_dagrun for example_subdag_operator.section-2 to None, run_after=None
[2024-05-21T09:03:02.677+0200] {processor.py:183} INFO - Processing /home/munya/anaconda3/lib/python3.11/site-packages/airflow/example_dags/example_subdag_operator.py took 0.287 seconds
[2024-05-21T09:04:01.788+0200] {processor.py:161} INFO - Started process (PID=16914) to work on /home/munya/anaconda3/lib/python3.11/site-packages/airflow/example_dags/example_subdag_operator.py
[2024-05-21T09:04:01.789+0200] {processor.py:830} INFO - Processing file /home/munya/anaconda3/lib/python3.11/site-packages/airflow/example_dags/example_subdag_operator.py for tasks to queue
[2024-05-21T09:04:01.790+0200] {logging_mixin.py:188} INFO - [2024-05-21T09:04:01.790+0200] {dagbag.py:545} INFO - Filling up the DagBag from /home/munya/anaconda3/lib/python3.11/site-packages/airflow/example_dags/example_subdag_operator.py
[2024-05-21T09:04:01.808+0200] {processor.py:840} INFO - DAG(s) 'example_subdag_operator.section-1', 'example_subdag_operator.section-2', 'example_subdag_operator' retrieved from /home/munya/anaconda3/lib/python3.11/site-packages/airflow/example_dags/example_subdag_operator.py
[2024-05-21T09:04:01.821+0200] {logging_mixin.py:188} INFO - [2024-05-21T09:04:01.821+0200] {dag.py:3096} INFO - Sync 3 DAGs
[2024-05-21T09:04:01.838+0200] {logging_mixin.py:188} INFO - [2024-05-21T09:04:01.837+0200] {dag.py:3954} INFO - Setting next_dagrun for example_subdag_operator to 2022-01-01 00:00:00+00:00, run_after=2022-01-01 00:00:00+00:00
[2024-05-21T09:04:01.841+0200] {logging_mixin.py:188} INFO - [2024-05-21T09:04:01.840+0200] {dag.py:3954} INFO - Setting next_dagrun for example_subdag_operator.section-1 to None, run_after=None
[2024-05-21T09:04:01.842+0200] {logging_mixin.py:188} INFO - [2024-05-21T09:04:01.841+0200] {dag.py:3954} INFO - Setting next_dagrun for example_subdag_operator.section-2 to None, run_after=None
[2024-05-21T09:04:01.847+0200] {logging_mixin.py:188} INFO - [2024-05-21T09:04:01.847+0200] {dag.py:3096} INFO - Sync 2 DAGs
[2024-05-21T09:04:01.850+0200] {logging_mixin.py:188} INFO - [2024-05-21T09:04:01.850+0200] {dag.py:3954} INFO - Setting next_dagrun for example_subdag_operator.section-1 to None, run_after=None
[2024-05-21T09:04:01.851+0200] {logging_mixin.py:188} INFO - [2024-05-21T09:04:01.851+0200] {dag.py:3954} INFO - Setting next_dagrun for example_subdag_operator.section-2 to None, run_after=None
[2024-05-21T09:04:01.868+0200] {processor.py:183} INFO - Processing /home/munya/anaconda3/lib/python3.11/site-packages/airflow/example_dags/example_subdag_operator.py took 0.086 seconds
[2024-05-21T09:05:01.310+0200] {processor.py:161} INFO - Started process (PID=17695) to work on /home/munya/anaconda3/lib/python3.11/site-packages/airflow/example_dags/example_subdag_operator.py
[2024-05-21T09:05:01.313+0200] {processor.py:830} INFO - Processing file /home/munya/anaconda3/lib/python3.11/site-packages/airflow/example_dags/example_subdag_operator.py for tasks to queue
[2024-05-21T09:05:01.315+0200] {logging_mixin.py:188} INFO - [2024-05-21T09:05:01.314+0200] {dagbag.py:545} INFO - Filling up the DagBag from /home/munya/anaconda3/lib/python3.11/site-packages/airflow/example_dags/example_subdag_operator.py
[2024-05-21T09:05:01.392+0200] {processor.py:840} INFO - DAG(s) 'example_subdag_operator.section-1', 'example_subdag_operator.section-2', 'example_subdag_operator' retrieved from /home/munya/anaconda3/lib/python3.11/site-packages/airflow/example_dags/example_subdag_operator.py
[2024-05-21T09:05:01.464+0200] {logging_mixin.py:188} INFO - [2024-05-21T09:05:01.463+0200] {dag.py:3096} INFO - Sync 3 DAGs
[2024-05-21T09:05:01.552+0200] {logging_mixin.py:188} INFO - [2024-05-21T09:05:01.551+0200] {dag.py:3954} INFO - Setting next_dagrun for example_subdag_operator to 2022-01-01 00:00:00+00:00, run_after=2022-01-01 00:00:00+00:00
[2024-05-21T09:05:01.566+0200] {logging_mixin.py:188} INFO - [2024-05-21T09:05:01.565+0200] {dag.py:3954} INFO - Setting next_dagrun for example_subdag_operator.section-1 to None, run_after=None
[2024-05-21T09:05:01.570+0200] {logging_mixin.py:188} INFO - [2024-05-21T09:05:01.570+0200] {dag.py:3954} INFO - Setting next_dagrun for example_subdag_operator.section-2 to None, run_after=None
[2024-05-21T09:05:01.595+0200] {logging_mixin.py:188} INFO - [2024-05-21T09:05:01.594+0200] {dag.py:3096} INFO - Sync 2 DAGs
[2024-05-21T09:05:01.607+0200] {logging_mixin.py:188} INFO - [2024-05-21T09:05:01.607+0200] {dag.py:3954} INFO - Setting next_dagrun for example_subdag_operator.section-1 to None, run_after=None
[2024-05-21T09:05:01.608+0200] {logging_mixin.py:188} INFO - [2024-05-21T09:05:01.608+0200] {dag.py:3954} INFO - Setting next_dagrun for example_subdag_operator.section-2 to None, run_after=None
[2024-05-21T09:05:01.644+0200] {processor.py:183} INFO - Processing /home/munya/anaconda3/lib/python3.11/site-packages/airflow/example_dags/example_subdag_operator.py took 0.355 seconds
[2024-05-21T09:06:02.183+0200] {processor.py:161} INFO - Started process (PID=18490) to work on /home/munya/anaconda3/lib/python3.11/site-packages/airflow/example_dags/example_subdag_operator.py
[2024-05-21T09:06:02.184+0200] {processor.py:830} INFO - Processing file /home/munya/anaconda3/lib/python3.11/site-packages/airflow/example_dags/example_subdag_operator.py for tasks to queue
[2024-05-21T09:06:02.184+0200] {logging_mixin.py:188} INFO - [2024-05-21T09:06:02.184+0200] {dagbag.py:545} INFO - Filling up the DagBag from /home/munya/anaconda3/lib/python3.11/site-packages/airflow/example_dags/example_subdag_operator.py
[2024-05-21T09:06:02.202+0200] {processor.py:840} INFO - DAG(s) 'example_subdag_operator.section-1', 'example_subdag_operator.section-2', 'example_subdag_operator' retrieved from /home/munya/anaconda3/lib/python3.11/site-packages/airflow/example_dags/example_subdag_operator.py
[2024-05-21T09:06:02.214+0200] {logging_mixin.py:188} INFO - [2024-05-21T09:06:02.214+0200] {dag.py:3096} INFO - Sync 3 DAGs
[2024-05-21T09:06:02.229+0200] {logging_mixin.py:188} INFO - [2024-05-21T09:06:02.228+0200] {dag.py:3954} INFO - Setting next_dagrun for example_subdag_operator to 2022-01-01 00:00:00+00:00, run_after=2022-01-01 00:00:00+00:00
[2024-05-21T09:06:02.232+0200] {logging_mixin.py:188} INFO - [2024-05-21T09:06:02.232+0200] {dag.py:3954} INFO - Setting next_dagrun for example_subdag_operator.section-1 to None, run_after=None
[2024-05-21T09:06:02.233+0200] {logging_mixin.py:188} INFO - [2024-05-21T09:06:02.232+0200] {dag.py:3954} INFO - Setting next_dagrun for example_subdag_operator.section-2 to None, run_after=None
[2024-05-21T09:06:02.237+0200] {logging_mixin.py:188} INFO - [2024-05-21T09:06:02.236+0200] {dag.py:3096} INFO - Sync 2 DAGs
[2024-05-21T09:06:02.240+0200] {logging_mixin.py:188} INFO - [2024-05-21T09:06:02.240+0200] {dag.py:3954} INFO - Setting next_dagrun for example_subdag_operator.section-1 to None, run_after=None
[2024-05-21T09:06:02.240+0200] {logging_mixin.py:188} INFO - [2024-05-21T09:06:02.240+0200] {dag.py:3954} INFO - Setting next_dagrun for example_subdag_operator.section-2 to None, run_after=None
[2024-05-21T09:06:02.250+0200] {processor.py:183} INFO - Processing /home/munya/anaconda3/lib/python3.11/site-packages/airflow/example_dags/example_subdag_operator.py took 0.072 seconds
[2024-05-21T09:07:04.343+0200] {processor.py:161} INFO - Started process (PID=19305) to work on /home/munya/anaconda3/lib/python3.11/site-packages/airflow/example_dags/example_subdag_operator.py
[2024-05-21T09:07:04.343+0200] {processor.py:830} INFO - Processing file /home/munya/anaconda3/lib/python3.11/site-packages/airflow/example_dags/example_subdag_operator.py for tasks to queue
[2024-05-21T09:07:04.344+0200] {logging_mixin.py:188} INFO - [2024-05-21T09:07:04.344+0200] {dagbag.py:545} INFO - Filling up the DagBag from /home/munya/anaconda3/lib/python3.11/site-packages/airflow/example_dags/example_subdag_operator.py
[2024-05-21T09:07:04.360+0200] {processor.py:840} INFO - DAG(s) 'example_subdag_operator.section-1', 'example_subdag_operator.section-2', 'example_subdag_operator' retrieved from /home/munya/anaconda3/lib/python3.11/site-packages/airflow/example_dags/example_subdag_operator.py
[2024-05-21T09:07:04.372+0200] {logging_mixin.py:188} INFO - [2024-05-21T09:07:04.372+0200] {dag.py:3096} INFO - Sync 3 DAGs
[2024-05-21T09:07:04.387+0200] {logging_mixin.py:188} INFO - [2024-05-21T09:07:04.387+0200] {dag.py:3954} INFO - Setting next_dagrun for example_subdag_operator to 2022-01-01 00:00:00+00:00, run_after=2022-01-01 00:00:00+00:00
[2024-05-21T09:07:04.390+0200] {logging_mixin.py:188} INFO - [2024-05-21T09:07:04.389+0200] {dag.py:3954} INFO - Setting next_dagrun for example_subdag_operator.section-1 to None, run_after=None
[2024-05-21T09:07:04.390+0200] {logging_mixin.py:188} INFO - [2024-05-21T09:07:04.390+0200] {dag.py:3954} INFO - Setting next_dagrun for example_subdag_operator.section-2 to None, run_after=None
[2024-05-21T09:07:04.394+0200] {logging_mixin.py:188} INFO - [2024-05-21T09:07:04.394+0200] {dag.py:3096} INFO - Sync 2 DAGs
[2024-05-21T09:07:04.399+0200] {logging_mixin.py:188} INFO - [2024-05-21T09:07:04.398+0200] {dag.py:3954} INFO - Setting next_dagrun for example_subdag_operator.section-1 to None, run_after=None
[2024-05-21T09:07:04.399+0200] {logging_mixin.py:188} INFO - [2024-05-21T09:07:04.399+0200] {dag.py:3954} INFO - Setting next_dagrun for example_subdag_operator.section-2 to None, run_after=None
[2024-05-21T09:07:04.409+0200] {processor.py:183} INFO - Processing /home/munya/anaconda3/lib/python3.11/site-packages/airflow/example_dags/example_subdag_operator.py took 0.072 seconds
[2024-05-21T09:08:02.885+0200] {processor.py:161} INFO - Started process (PID=20080) to work on /home/munya/anaconda3/lib/python3.11/site-packages/airflow/example_dags/example_subdag_operator.py
[2024-05-21T09:08:02.886+0200] {processor.py:830} INFO - Processing file /home/munya/anaconda3/lib/python3.11/site-packages/airflow/example_dags/example_subdag_operator.py for tasks to queue
[2024-05-21T09:08:02.887+0200] {logging_mixin.py:188} INFO - [2024-05-21T09:08:02.887+0200] {dagbag.py:545} INFO - Filling up the DagBag from /home/munya/anaconda3/lib/python3.11/site-packages/airflow/example_dags/example_subdag_operator.py
[2024-05-21T09:08:02.913+0200] {processor.py:840} INFO - DAG(s) 'example_subdag_operator.section-1', 'example_subdag_operator.section-2', 'example_subdag_operator' retrieved from /home/munya/anaconda3/lib/python3.11/site-packages/airflow/example_dags/example_subdag_operator.py
[2024-05-21T09:08:02.927+0200] {logging_mixin.py:188} INFO - [2024-05-21T09:08:02.927+0200] {dag.py:3096} INFO - Sync 3 DAGs
[2024-05-21T09:08:02.943+0200] {logging_mixin.py:188} INFO - [2024-05-21T09:08:02.943+0200] {dag.py:3954} INFO - Setting next_dagrun for example_subdag_operator to 2022-01-01 00:00:00+00:00, run_after=2022-01-01 00:00:00+00:00
[2024-05-21T09:08:02.947+0200] {logging_mixin.py:188} INFO - [2024-05-21T09:08:02.946+0200] {dag.py:3954} INFO - Setting next_dagrun for example_subdag_operator.section-1 to None, run_after=None
[2024-05-21T09:08:02.948+0200] {logging_mixin.py:188} INFO - [2024-05-21T09:08:02.947+0200] {dag.py:3954} INFO - Setting next_dagrun for example_subdag_operator.section-2 to None, run_after=None
[2024-05-21T09:08:02.953+0200] {logging_mixin.py:188} INFO - [2024-05-21T09:08:02.952+0200] {dag.py:3096} INFO - Sync 2 DAGs
[2024-05-21T09:08:02.956+0200] {logging_mixin.py:188} INFO - [2024-05-21T09:08:02.956+0200] {dag.py:3954} INFO - Setting next_dagrun for example_subdag_operator.section-1 to None, run_after=None
[2024-05-21T09:08:02.957+0200] {logging_mixin.py:188} INFO - [2024-05-21T09:08:02.957+0200] {dag.py:3954} INFO - Setting next_dagrun for example_subdag_operator.section-2 to None, run_after=None
[2024-05-21T09:08:02.968+0200] {processor.py:183} INFO - Processing /home/munya/anaconda3/lib/python3.11/site-packages/airflow/example_dags/example_subdag_operator.py took 0.089 seconds
[2024-05-21T09:08:56.000+0200] {processor.py:161} INFO - Started process (PID=20805) to work on /home/munya/anaconda3/lib/python3.11/site-packages/airflow/example_dags/example_subdag_operator.py
[2024-05-21T09:08:56.001+0200] {processor.py:830} INFO - Processing file /home/munya/anaconda3/lib/python3.11/site-packages/airflow/example_dags/example_subdag_operator.py for tasks to queue
[2024-05-21T09:08:56.002+0200] {logging_mixin.py:188} INFO - [2024-05-21T09:08:56.002+0200] {dagbag.py:545} INFO - Filling up the DagBag from /home/munya/anaconda3/lib/python3.11/site-packages/airflow/example_dags/example_subdag_operator.py
[2024-05-21T09:08:56.018+0200] {processor.py:840} INFO - DAG(s) 'example_subdag_operator.section-1', 'example_subdag_operator.section-2', 'example_subdag_operator' retrieved from /home/munya/anaconda3/lib/python3.11/site-packages/airflow/example_dags/example_subdag_operator.py
[2024-05-21T09:08:56.031+0200] {logging_mixin.py:188} INFO - [2024-05-21T09:08:56.031+0200] {dag.py:3096} INFO - Sync 3 DAGs
[2024-05-21T09:08:56.046+0200] {logging_mixin.py:188} INFO - [2024-05-21T09:08:56.046+0200] {dag.py:3954} INFO - Setting next_dagrun for example_subdag_operator to 2022-01-01 00:00:00+00:00, run_after=2022-01-01 00:00:00+00:00
[2024-05-21T09:08:56.049+0200] {logging_mixin.py:188} INFO - [2024-05-21T09:08:56.048+0200] {dag.py:3954} INFO - Setting next_dagrun for example_subdag_operator.section-1 to None, run_after=None
[2024-05-21T09:08:56.049+0200] {logging_mixin.py:188} INFO - [2024-05-21T09:08:56.049+0200] {dag.py:3954} INFO - Setting next_dagrun for example_subdag_operator.section-2 to None, run_after=None
[2024-05-21T09:08:56.054+0200] {logging_mixin.py:188} INFO - [2024-05-21T09:08:56.053+0200] {dag.py:3096} INFO - Sync 2 DAGs
[2024-05-21T09:08:56.057+0200] {logging_mixin.py:188} INFO - [2024-05-21T09:08:56.057+0200] {dag.py:3954} INFO - Setting next_dagrun for example_subdag_operator.section-1 to None, run_after=None
[2024-05-21T09:08:56.057+0200] {logging_mixin.py:188} INFO - [2024-05-21T09:08:56.057+0200] {dag.py:3954} INFO - Setting next_dagrun for example_subdag_operator.section-2 to None, run_after=None
[2024-05-21T09:08:56.070+0200] {processor.py:183} INFO - Processing /home/munya/anaconda3/lib/python3.11/site-packages/airflow/example_dags/example_subdag_operator.py took 0.075 seconds
[2024-05-21T09:09:49.495+0200] {processor.py:161} INFO - Started process (PID=21687) to work on /home/munya/anaconda3/lib/python3.11/site-packages/airflow/example_dags/example_subdag_operator.py
[2024-05-21T09:09:49.496+0200] {processor.py:830} INFO - Processing file /home/munya/anaconda3/lib/python3.11/site-packages/airflow/example_dags/example_subdag_operator.py for tasks to queue
[2024-05-21T09:09:49.497+0200] {logging_mixin.py:188} INFO - [2024-05-21T09:09:49.496+0200] {dagbag.py:545} INFO - Filling up the DagBag from /home/munya/anaconda3/lib/python3.11/site-packages/airflow/example_dags/example_subdag_operator.py
[2024-05-21T09:09:49.514+0200] {processor.py:840} INFO - DAG(s) 'example_subdag_operator.section-1', 'example_subdag_operator.section-2', 'example_subdag_operator' retrieved from /home/munya/anaconda3/lib/python3.11/site-packages/airflow/example_dags/example_subdag_operator.py
[2024-05-21T09:09:49.527+0200] {logging_mixin.py:188} INFO - [2024-05-21T09:09:49.527+0200] {dag.py:3096} INFO - Sync 3 DAGs
[2024-05-21T09:09:49.542+0200] {logging_mixin.py:188} INFO - [2024-05-21T09:09:49.542+0200] {dag.py:3954} INFO - Setting next_dagrun for example_subdag_operator to 2022-01-01 00:00:00+00:00, run_after=2022-01-01 00:00:00+00:00
[2024-05-21T09:09:49.545+0200] {logging_mixin.py:188} INFO - [2024-05-21T09:09:49.545+0200] {dag.py:3954} INFO - Setting next_dagrun for example_subdag_operator.section-1 to None, run_after=None
[2024-05-21T09:09:49.546+0200] {logging_mixin.py:188} INFO - [2024-05-21T09:09:49.546+0200] {dag.py:3954} INFO - Setting next_dagrun for example_subdag_operator.section-2 to None, run_after=None
[2024-05-21T09:09:49.552+0200] {logging_mixin.py:188} INFO - [2024-05-21T09:09:49.551+0200] {dag.py:3096} INFO - Sync 2 DAGs
[2024-05-21T09:09:49.556+0200] {logging_mixin.py:188} INFO - [2024-05-21T09:09:49.555+0200] {dag.py:3954} INFO - Setting next_dagrun for example_subdag_operator.section-1 to None, run_after=None
[2024-05-21T09:09:49.556+0200] {logging_mixin.py:188} INFO - [2024-05-21T09:09:49.556+0200] {dag.py:3954} INFO - Setting next_dagrun for example_subdag_operator.section-2 to None, run_after=None
[2024-05-21T09:09:49.567+0200] {processor.py:183} INFO - Processing /home/munya/anaconda3/lib/python3.11/site-packages/airflow/example_dags/example_subdag_operator.py took 0.077 seconds
[2024-05-21T09:10:45.880+0200] {processor.py:161} INFO - Started process (PID=22461) to work on /home/munya/anaconda3/lib/python3.11/site-packages/airflow/example_dags/example_subdag_operator.py
[2024-05-21T09:10:45.880+0200] {processor.py:830} INFO - Processing file /home/munya/anaconda3/lib/python3.11/site-packages/airflow/example_dags/example_subdag_operator.py for tasks to queue
[2024-05-21T09:10:45.881+0200] {logging_mixin.py:188} INFO - [2024-05-21T09:10:45.881+0200] {dagbag.py:545} INFO - Filling up the DagBag from /home/munya/anaconda3/lib/python3.11/site-packages/airflow/example_dags/example_subdag_operator.py
[2024-05-21T09:10:45.900+0200] {processor.py:840} INFO - DAG(s) 'example_subdag_operator.section-1', 'example_subdag_operator.section-2', 'example_subdag_operator' retrieved from /home/munya/anaconda3/lib/python3.11/site-packages/airflow/example_dags/example_subdag_operator.py
[2024-05-21T09:10:45.915+0200] {logging_mixin.py:188} INFO - [2024-05-21T09:10:45.914+0200] {dag.py:3096} INFO - Sync 3 DAGs
[2024-05-21T09:10:45.933+0200] {logging_mixin.py:188} INFO - [2024-05-21T09:10:45.932+0200] {dag.py:3954} INFO - Setting next_dagrun for example_subdag_operator to 2022-01-01 00:00:00+00:00, run_after=2022-01-01 00:00:00+00:00
[2024-05-21T09:10:45.936+0200] {logging_mixin.py:188} INFO - [2024-05-21T09:10:45.935+0200] {dag.py:3954} INFO - Setting next_dagrun for example_subdag_operator.section-1 to None, run_after=None
[2024-05-21T09:10:45.936+0200] {logging_mixin.py:188} INFO - [2024-05-21T09:10:45.936+0200] {dag.py:3954} INFO - Setting next_dagrun for example_subdag_operator.section-2 to None, run_after=None
[2024-05-21T09:10:45.941+0200] {logging_mixin.py:188} INFO - [2024-05-21T09:10:45.941+0200] {dag.py:3096} INFO - Sync 2 DAGs
[2024-05-21T09:10:45.946+0200] {logging_mixin.py:188} INFO - [2024-05-21T09:10:45.945+0200] {dag.py:3954} INFO - Setting next_dagrun for example_subdag_operator.section-1 to None, run_after=None
[2024-05-21T09:10:45.946+0200] {logging_mixin.py:188} INFO - [2024-05-21T09:10:45.946+0200] {dag.py:3954} INFO - Setting next_dagrun for example_subdag_operator.section-2 to None, run_after=None
[2024-05-21T09:10:45.957+0200] {processor.py:183} INFO - Processing /home/munya/anaconda3/lib/python3.11/site-packages/airflow/example_dags/example_subdag_operator.py took 0.084 seconds
[2024-05-21T09:11:48.210+0200] {processor.py:161} INFO - Started process (PID=23264) to work on /home/munya/anaconda3/lib/python3.11/site-packages/airflow/example_dags/example_subdag_operator.py
[2024-05-21T09:11:48.211+0200] {processor.py:830} INFO - Processing file /home/munya/anaconda3/lib/python3.11/site-packages/airflow/example_dags/example_subdag_operator.py for tasks to queue
[2024-05-21T09:11:48.212+0200] {logging_mixin.py:188} INFO - [2024-05-21T09:11:48.211+0200] {dagbag.py:545} INFO - Filling up the DagBag from /home/munya/anaconda3/lib/python3.11/site-packages/airflow/example_dags/example_subdag_operator.py
[2024-05-21T09:11:48.230+0200] {processor.py:840} INFO - DAG(s) 'example_subdag_operator.section-1', 'example_subdag_operator.section-2', 'example_subdag_operator' retrieved from /home/munya/anaconda3/lib/python3.11/site-packages/airflow/example_dags/example_subdag_operator.py
[2024-05-21T09:11:48.244+0200] {logging_mixin.py:188} INFO - [2024-05-21T09:11:48.243+0200] {dag.py:3096} INFO - Sync 3 DAGs
[2024-05-21T09:11:48.262+0200] {logging_mixin.py:188} INFO - [2024-05-21T09:11:48.262+0200] {dag.py:3954} INFO - Setting next_dagrun for example_subdag_operator to 2022-01-01 00:00:00+00:00, run_after=2022-01-01 00:00:00+00:00
[2024-05-21T09:11:48.266+0200] {logging_mixin.py:188} INFO - [2024-05-21T09:11:48.265+0200] {dag.py:3954} INFO - Setting next_dagrun for example_subdag_operator.section-1 to None, run_after=None
[2024-05-21T09:11:48.266+0200] {logging_mixin.py:188} INFO - [2024-05-21T09:11:48.266+0200] {dag.py:3954} INFO - Setting next_dagrun for example_subdag_operator.section-2 to None, run_after=None
[2024-05-21T09:11:48.271+0200] {logging_mixin.py:188} INFO - [2024-05-21T09:11:48.271+0200] {dag.py:3096} INFO - Sync 2 DAGs
[2024-05-21T09:11:48.275+0200] {logging_mixin.py:188} INFO - [2024-05-21T09:11:48.275+0200] {dag.py:3954} INFO - Setting next_dagrun for example_subdag_operator.section-1 to None, run_after=None
[2024-05-21T09:11:48.276+0200] {logging_mixin.py:188} INFO - [2024-05-21T09:11:48.275+0200] {dag.py:3954} INFO - Setting next_dagrun for example_subdag_operator.section-2 to None, run_after=None
[2024-05-21T09:11:48.287+0200] {processor.py:183} INFO - Processing /home/munya/anaconda3/lib/python3.11/site-packages/airflow/example_dags/example_subdag_operator.py took 0.082 seconds
[2024-05-21T09:12:48.857+0200] {processor.py:161} INFO - Started process (PID=24044) to work on /home/munya/anaconda3/lib/python3.11/site-packages/airflow/example_dags/example_subdag_operator.py
[2024-05-21T09:12:48.860+0200] {processor.py:830} INFO - Processing file /home/munya/anaconda3/lib/python3.11/site-packages/airflow/example_dags/example_subdag_operator.py for tasks to queue
[2024-05-21T09:12:48.863+0200] {logging_mixin.py:188} INFO - [2024-05-21T09:12:48.862+0200] {dagbag.py:545} INFO - Filling up the DagBag from /home/munya/anaconda3/lib/python3.11/site-packages/airflow/example_dags/example_subdag_operator.py
[2024-05-21T09:12:48.933+0200] {processor.py:840} INFO - DAG(s) 'example_subdag_operator.section-1', 'example_subdag_operator.section-2', 'example_subdag_operator' retrieved from /home/munya/anaconda3/lib/python3.11/site-packages/airflow/example_dags/example_subdag_operator.py
[2024-05-21T09:12:48.983+0200] {logging_mixin.py:188} INFO - [2024-05-21T09:12:48.983+0200] {dag.py:3096} INFO - Sync 3 DAGs
[2024-05-21T09:12:49.044+0200] {logging_mixin.py:188} INFO - [2024-05-21T09:12:49.043+0200] {dag.py:3954} INFO - Setting next_dagrun for example_subdag_operator to 2022-01-01 00:00:00+00:00, run_after=2022-01-01 00:00:00+00:00
[2024-05-21T09:12:49.060+0200] {logging_mixin.py:188} INFO - [2024-05-21T09:12:49.060+0200] {dag.py:3954} INFO - Setting next_dagrun for example_subdag_operator.section-1 to None, run_after=None
[2024-05-21T09:12:49.065+0200] {logging_mixin.py:188} INFO - [2024-05-21T09:12:49.064+0200] {dag.py:3954} INFO - Setting next_dagrun for example_subdag_operator.section-2 to None, run_after=None
[2024-05-21T09:12:49.087+0200] {logging_mixin.py:188} INFO - [2024-05-21T09:12:49.086+0200] {dag.py:3096} INFO - Sync 2 DAGs
[2024-05-21T09:12:49.104+0200] {logging_mixin.py:188} INFO - [2024-05-21T09:12:49.104+0200] {dag.py:3954} INFO - Setting next_dagrun for example_subdag_operator.section-1 to None, run_after=None
[2024-05-21T09:12:49.106+0200] {logging_mixin.py:188} INFO - [2024-05-21T09:12:49.105+0200] {dag.py:3954} INFO - Setting next_dagrun for example_subdag_operator.section-2 to None, run_after=None
[2024-05-21T09:12:49.143+0200] {processor.py:183} INFO - Processing /home/munya/anaconda3/lib/python3.11/site-packages/airflow/example_dags/example_subdag_operator.py took 0.310 seconds
[2024-05-21T09:13:48.641+0200] {processor.py:161} INFO - Started process (PID=24821) to work on /home/munya/anaconda3/lib/python3.11/site-packages/airflow/example_dags/example_subdag_operator.py
[2024-05-21T09:13:48.642+0200] {processor.py:830} INFO - Processing file /home/munya/anaconda3/lib/python3.11/site-packages/airflow/example_dags/example_subdag_operator.py for tasks to queue
[2024-05-21T09:13:48.643+0200] {logging_mixin.py:188} INFO - [2024-05-21T09:13:48.642+0200] {dagbag.py:545} INFO - Filling up the DagBag from /home/munya/anaconda3/lib/python3.11/site-packages/airflow/example_dags/example_subdag_operator.py
[2024-05-21T09:13:48.658+0200] {processor.py:840} INFO - DAG(s) 'example_subdag_operator.section-1', 'example_subdag_operator.section-2', 'example_subdag_operator' retrieved from /home/munya/anaconda3/lib/python3.11/site-packages/airflow/example_dags/example_subdag_operator.py
[2024-05-21T09:13:48.672+0200] {logging_mixin.py:188} INFO - [2024-05-21T09:13:48.672+0200] {dag.py:3096} INFO - Sync 3 DAGs
[2024-05-21T09:13:48.687+0200] {logging_mixin.py:188} INFO - [2024-05-21T09:13:48.687+0200] {dag.py:3954} INFO - Setting next_dagrun for example_subdag_operator to 2022-01-01 00:00:00+00:00, run_after=2022-01-01 00:00:00+00:00
[2024-05-21T09:13:48.690+0200] {logging_mixin.py:188} INFO - [2024-05-21T09:13:48.689+0200] {dag.py:3954} INFO - Setting next_dagrun for example_subdag_operator.section-1 to None, run_after=None
[2024-05-21T09:13:48.690+0200] {logging_mixin.py:188} INFO - [2024-05-21T09:13:48.690+0200] {dag.py:3954} INFO - Setting next_dagrun for example_subdag_operator.section-2 to None, run_after=None
[2024-05-21T09:13:48.694+0200] {logging_mixin.py:188} INFO - [2024-05-21T09:13:48.694+0200] {dag.py:3096} INFO - Sync 2 DAGs
[2024-05-21T09:13:48.697+0200] {logging_mixin.py:188} INFO - [2024-05-21T09:13:48.697+0200] {dag.py:3954} INFO - Setting next_dagrun for example_subdag_operator.section-1 to None, run_after=None
[2024-05-21T09:13:48.698+0200] {logging_mixin.py:188} INFO - [2024-05-21T09:13:48.698+0200] {dag.py:3954} INFO - Setting next_dagrun for example_subdag_operator.section-2 to None, run_after=None
[2024-05-21T09:13:48.708+0200] {processor.py:183} INFO - Processing /home/munya/anaconda3/lib/python3.11/site-packages/airflow/example_dags/example_subdag_operator.py took 0.072 seconds
[2024-05-21T09:14:46.547+0200] {processor.py:161} INFO - Started process (PID=25558) to work on /home/munya/anaconda3/lib/python3.11/site-packages/airflow/example_dags/example_subdag_operator.py
[2024-05-21T09:14:46.548+0200] {processor.py:830} INFO - Processing file /home/munya/anaconda3/lib/python3.11/site-packages/airflow/example_dags/example_subdag_operator.py for tasks to queue
[2024-05-21T09:14:46.549+0200] {logging_mixin.py:188} INFO - [2024-05-21T09:14:46.548+0200] {dagbag.py:545} INFO - Filling up the DagBag from /home/munya/anaconda3/lib/python3.11/site-packages/airflow/example_dags/example_subdag_operator.py
[2024-05-21T09:14:46.566+0200] {processor.py:840} INFO - DAG(s) 'example_subdag_operator.section-1', 'example_subdag_operator.section-2', 'example_subdag_operator' retrieved from /home/munya/anaconda3/lib/python3.11/site-packages/airflow/example_dags/example_subdag_operator.py
[2024-05-21T09:14:46.580+0200] {logging_mixin.py:188} INFO - [2024-05-21T09:14:46.579+0200] {dag.py:3096} INFO - Sync 3 DAGs
[2024-05-21T09:14:46.596+0200] {logging_mixin.py:188} INFO - [2024-05-21T09:14:46.596+0200] {dag.py:3954} INFO - Setting next_dagrun for example_subdag_operator to 2022-01-01 00:00:00+00:00, run_after=2022-01-01 00:00:00+00:00
[2024-05-21T09:14:46.599+0200] {logging_mixin.py:188} INFO - [2024-05-21T09:14:46.599+0200] {dag.py:3954} INFO - Setting next_dagrun for example_subdag_operator.section-1 to None, run_after=None
[2024-05-21T09:14:46.600+0200] {logging_mixin.py:188} INFO - [2024-05-21T09:14:46.600+0200] {dag.py:3954} INFO - Setting next_dagrun for example_subdag_operator.section-2 to None, run_after=None
[2024-05-21T09:14:46.605+0200] {logging_mixin.py:188} INFO - [2024-05-21T09:14:46.605+0200] {dag.py:3096} INFO - Sync 2 DAGs
[2024-05-21T09:14:46.608+0200] {logging_mixin.py:188} INFO - [2024-05-21T09:14:46.608+0200] {dag.py:3954} INFO - Setting next_dagrun for example_subdag_operator.section-1 to None, run_after=None
[2024-05-21T09:14:46.609+0200] {logging_mixin.py:188} INFO - [2024-05-21T09:14:46.609+0200] {dag.py:3954} INFO - Setting next_dagrun for example_subdag_operator.section-2 to None, run_after=None
[2024-05-21T09:14:46.626+0200] {processor.py:183} INFO - Processing /home/munya/anaconda3/lib/python3.11/site-packages/airflow/example_dags/example_subdag_operator.py took 0.085 seconds
[2024-05-21T09:15:45.205+0200] {processor.py:161} INFO - Started process (PID=26411) to work on /home/munya/anaconda3/lib/python3.11/site-packages/airflow/example_dags/example_subdag_operator.py
[2024-05-21T09:15:45.206+0200] {processor.py:830} INFO - Processing file /home/munya/anaconda3/lib/python3.11/site-packages/airflow/example_dags/example_subdag_operator.py for tasks to queue
[2024-05-21T09:15:45.207+0200] {logging_mixin.py:188} INFO - [2024-05-21T09:15:45.206+0200] {dagbag.py:545} INFO - Filling up the DagBag from /home/munya/anaconda3/lib/python3.11/site-packages/airflow/example_dags/example_subdag_operator.py
[2024-05-21T09:15:45.223+0200] {processor.py:840} INFO - DAG(s) 'example_subdag_operator.section-1', 'example_subdag_operator.section-2', 'example_subdag_operator' retrieved from /home/munya/anaconda3/lib/python3.11/site-packages/airflow/example_dags/example_subdag_operator.py
[2024-05-21T09:15:45.235+0200] {logging_mixin.py:188} INFO - [2024-05-21T09:15:45.235+0200] {dag.py:3096} INFO - Sync 3 DAGs
[2024-05-21T09:15:45.250+0200] {logging_mixin.py:188} INFO - [2024-05-21T09:15:45.249+0200] {dag.py:3954} INFO - Setting next_dagrun for example_subdag_operator to 2022-01-01 00:00:00+00:00, run_after=2022-01-01 00:00:00+00:00
[2024-05-21T09:15:45.252+0200] {logging_mixin.py:188} INFO - [2024-05-21T09:15:45.252+0200] {dag.py:3954} INFO - Setting next_dagrun for example_subdag_operator.section-1 to None, run_after=None
[2024-05-21T09:15:45.253+0200] {logging_mixin.py:188} INFO - [2024-05-21T09:15:45.253+0200] {dag.py:3954} INFO - Setting next_dagrun for example_subdag_operator.section-2 to None, run_after=None
[2024-05-21T09:15:45.257+0200] {logging_mixin.py:188} INFO - [2024-05-21T09:15:45.257+0200] {dag.py:3096} INFO - Sync 2 DAGs
[2024-05-21T09:15:45.260+0200] {logging_mixin.py:188} INFO - [2024-05-21T09:15:45.260+0200] {dag.py:3954} INFO - Setting next_dagrun for example_subdag_operator.section-1 to None, run_after=None
[2024-05-21T09:15:45.260+0200] {logging_mixin.py:188} INFO - [2024-05-21T09:15:45.260+0200] {dag.py:3954} INFO - Setting next_dagrun for example_subdag_operator.section-2 to None, run_after=None
[2024-05-21T09:15:45.271+0200] {processor.py:183} INFO - Processing /home/munya/anaconda3/lib/python3.11/site-packages/airflow/example_dags/example_subdag_operator.py took 0.070 seconds
[2024-05-21T09:16:44.622+0200] {processor.py:161} INFO - Started process (PID=27277) to work on /home/munya/anaconda3/lib/python3.11/site-packages/airflow/example_dags/example_subdag_operator.py
[2024-05-21T09:16:44.622+0200] {processor.py:830} INFO - Processing file /home/munya/anaconda3/lib/python3.11/site-packages/airflow/example_dags/example_subdag_operator.py for tasks to queue
[2024-05-21T09:16:44.623+0200] {logging_mixin.py:188} INFO - [2024-05-21T09:16:44.623+0200] {dagbag.py:545} INFO - Filling up the DagBag from /home/munya/anaconda3/lib/python3.11/site-packages/airflow/example_dags/example_subdag_operator.py
[2024-05-21T09:16:44.640+0200] {processor.py:840} INFO - DAG(s) 'example_subdag_operator.section-1', 'example_subdag_operator.section-2', 'example_subdag_operator' retrieved from /home/munya/anaconda3/lib/python3.11/site-packages/airflow/example_dags/example_subdag_operator.py
[2024-05-21T09:16:44.652+0200] {logging_mixin.py:188} INFO - [2024-05-21T09:16:44.652+0200] {dag.py:3096} INFO - Sync 3 DAGs
[2024-05-21T09:16:44.667+0200] {logging_mixin.py:188} INFO - [2024-05-21T09:16:44.667+0200] {dag.py:3954} INFO - Setting next_dagrun for example_subdag_operator to 2022-01-01 00:00:00+00:00, run_after=2022-01-01 00:00:00+00:00
[2024-05-21T09:16:44.670+0200] {logging_mixin.py:188} INFO - [2024-05-21T09:16:44.670+0200] {dag.py:3954} INFO - Setting next_dagrun for example_subdag_operator.section-1 to None, run_after=None
[2024-05-21T09:16:44.671+0200] {logging_mixin.py:188} INFO - [2024-05-21T09:16:44.671+0200] {dag.py:3954} INFO - Setting next_dagrun for example_subdag_operator.section-2 to None, run_after=None
[2024-05-21T09:16:44.676+0200] {logging_mixin.py:188} INFO - [2024-05-21T09:16:44.675+0200] {dag.py:3096} INFO - Sync 2 DAGs
[2024-05-21T09:16:44.679+0200] {logging_mixin.py:188} INFO - [2024-05-21T09:16:44.679+0200] {dag.py:3954} INFO - Setting next_dagrun for example_subdag_operator.section-1 to None, run_after=None
[2024-05-21T09:16:44.679+0200] {logging_mixin.py:188} INFO - [2024-05-21T09:16:44.679+0200] {dag.py:3954} INFO - Setting next_dagrun for example_subdag_operator.section-2 to None, run_after=None
[2024-05-21T09:16:44.689+0200] {processor.py:183} INFO - Processing /home/munya/anaconda3/lib/python3.11/site-packages/airflow/example_dags/example_subdag_operator.py took 0.073 seconds
[2024-05-21T09:17:47.447+0200] {processor.py:161} INFO - Started process (PID=28095) to work on /home/munya/anaconda3/lib/python3.11/site-packages/airflow/example_dags/example_subdag_operator.py
[2024-05-21T09:17:47.448+0200] {processor.py:830} INFO - Processing file /home/munya/anaconda3/lib/python3.11/site-packages/airflow/example_dags/example_subdag_operator.py for tasks to queue
[2024-05-21T09:17:47.448+0200] {logging_mixin.py:188} INFO - [2024-05-21T09:17:47.448+0200] {dagbag.py:545} INFO - Filling up the DagBag from /home/munya/anaconda3/lib/python3.11/site-packages/airflow/example_dags/example_subdag_operator.py
[2024-05-21T09:17:47.465+0200] {processor.py:840} INFO - DAG(s) 'example_subdag_operator.section-1', 'example_subdag_operator.section-2', 'example_subdag_operator' retrieved from /home/munya/anaconda3/lib/python3.11/site-packages/airflow/example_dags/example_subdag_operator.py
[2024-05-21T09:17:47.477+0200] {logging_mixin.py:188} INFO - [2024-05-21T09:17:47.477+0200] {dag.py:3096} INFO - Sync 3 DAGs
[2024-05-21T09:17:47.492+0200] {logging_mixin.py:188} INFO - [2024-05-21T09:17:47.491+0200] {dag.py:3954} INFO - Setting next_dagrun for example_subdag_operator to 2022-01-01 00:00:00+00:00, run_after=2022-01-01 00:00:00+00:00
[2024-05-21T09:17:47.495+0200] {logging_mixin.py:188} INFO - [2024-05-21T09:17:47.495+0200] {dag.py:3954} INFO - Setting next_dagrun for example_subdag_operator.section-1 to None, run_after=None
[2024-05-21T09:17:47.496+0200] {logging_mixin.py:188} INFO - [2024-05-21T09:17:47.496+0200] {dag.py:3954} INFO - Setting next_dagrun for example_subdag_operator.section-2 to None, run_after=None
[2024-05-21T09:17:47.500+0200] {logging_mixin.py:188} INFO - [2024-05-21T09:17:47.500+0200] {dag.py:3096} INFO - Sync 2 DAGs
[2024-05-21T09:17:47.504+0200] {logging_mixin.py:188} INFO - [2024-05-21T09:17:47.504+0200] {dag.py:3954} INFO - Setting next_dagrun for example_subdag_operator.section-1 to None, run_after=None
[2024-05-21T09:17:47.504+0200] {logging_mixin.py:188} INFO - [2024-05-21T09:17:47.504+0200] {dag.py:3954} INFO - Setting next_dagrun for example_subdag_operator.section-2 to None, run_after=None
[2024-05-21T09:17:47.513+0200] {processor.py:183} INFO - Processing /home/munya/anaconda3/lib/python3.11/site-packages/airflow/example_dags/example_subdag_operator.py took 0.071 seconds
[2024-05-21T09:18:49.954+0200] {processor.py:161} INFO - Started process (PID=28934) to work on /home/munya/anaconda3/lib/python3.11/site-packages/airflow/example_dags/example_subdag_operator.py
[2024-05-21T09:18:49.955+0200] {processor.py:830} INFO - Processing file /home/munya/anaconda3/lib/python3.11/site-packages/airflow/example_dags/example_subdag_operator.py for tasks to queue
[2024-05-21T09:18:49.955+0200] {logging_mixin.py:188} INFO - [2024-05-21T09:18:49.955+0200] {dagbag.py:545} INFO - Filling up the DagBag from /home/munya/anaconda3/lib/python3.11/site-packages/airflow/example_dags/example_subdag_operator.py
[2024-05-21T09:18:49.973+0200] {processor.py:840} INFO - DAG(s) 'example_subdag_operator.section-1', 'example_subdag_operator.section-2', 'example_subdag_operator' retrieved from /home/munya/anaconda3/lib/python3.11/site-packages/airflow/example_dags/example_subdag_operator.py
[2024-05-21T09:18:49.987+0200] {logging_mixin.py:188} INFO - [2024-05-21T09:18:49.986+0200] {dag.py:3096} INFO - Sync 3 DAGs
[2024-05-21T09:18:50.002+0200] {logging_mixin.py:188} INFO - [2024-05-21T09:18:50.002+0200] {dag.py:3954} INFO - Setting next_dagrun for example_subdag_operator to 2022-01-01 00:00:00+00:00, run_after=2022-01-01 00:00:00+00:00
[2024-05-21T09:18:50.005+0200] {logging_mixin.py:188} INFO - [2024-05-21T09:18:50.005+0200] {dag.py:3954} INFO - Setting next_dagrun for example_subdag_operator.section-1 to None, run_after=None
[2024-05-21T09:18:50.006+0200] {logging_mixin.py:188} INFO - [2024-05-21T09:18:50.006+0200] {dag.py:3954} INFO - Setting next_dagrun for example_subdag_operator.section-2 to None, run_after=None
[2024-05-21T09:18:50.010+0200] {logging_mixin.py:188} INFO - [2024-05-21T09:18:50.010+0200] {dag.py:3096} INFO - Sync 2 DAGs
[2024-05-21T09:18:50.013+0200] {logging_mixin.py:188} INFO - [2024-05-21T09:18:50.013+0200] {dag.py:3954} INFO - Setting next_dagrun for example_subdag_operator.section-1 to None, run_after=None
[2024-05-21T09:18:50.013+0200] {logging_mixin.py:188} INFO - [2024-05-21T09:18:50.013+0200] {dag.py:3954} INFO - Setting next_dagrun for example_subdag_operator.section-2 to None, run_after=None
[2024-05-21T09:18:50.023+0200] {processor.py:183} INFO - Processing /home/munya/anaconda3/lib/python3.11/site-packages/airflow/example_dags/example_subdag_operator.py took 0.075 seconds
[2024-05-21T09:19:49.299+0200] {processor.py:161} INFO - Started process (PID=29888) to work on /home/munya/anaconda3/lib/python3.11/site-packages/airflow/example_dags/example_subdag_operator.py
[2024-05-21T09:19:49.300+0200] {processor.py:830} INFO - Processing file /home/munya/anaconda3/lib/python3.11/site-packages/airflow/example_dags/example_subdag_operator.py for tasks to queue
[2024-05-21T09:19:49.301+0200] {logging_mixin.py:188} INFO - [2024-05-21T09:19:49.300+0200] {dagbag.py:545} INFO - Filling up the DagBag from /home/munya/anaconda3/lib/python3.11/site-packages/airflow/example_dags/example_subdag_operator.py
[2024-05-21T09:19:49.317+0200] {processor.py:840} INFO - DAG(s) 'example_subdag_operator.section-1', 'example_subdag_operator.section-2', 'example_subdag_operator' retrieved from /home/munya/anaconda3/lib/python3.11/site-packages/airflow/example_dags/example_subdag_operator.py
[2024-05-21T09:19:49.331+0200] {logging_mixin.py:188} INFO - [2024-05-21T09:19:49.331+0200] {dag.py:3096} INFO - Sync 3 DAGs
[2024-05-21T09:19:49.345+0200] {logging_mixin.py:188} INFO - [2024-05-21T09:19:49.345+0200] {dag.py:3954} INFO - Setting next_dagrun for example_subdag_operator to 2022-01-01 00:00:00+00:00, run_after=2022-01-01 00:00:00+00:00
[2024-05-21T09:19:49.348+0200] {logging_mixin.py:188} INFO - [2024-05-21T09:19:49.348+0200] {dag.py:3954} INFO - Setting next_dagrun for example_subdag_operator.section-1 to None, run_after=None
[2024-05-21T09:19:49.349+0200] {logging_mixin.py:188} INFO - [2024-05-21T09:19:49.349+0200] {dag.py:3954} INFO - Setting next_dagrun for example_subdag_operator.section-2 to None, run_after=None
[2024-05-21T09:19:49.353+0200] {logging_mixin.py:188} INFO - [2024-05-21T09:19:49.353+0200] {dag.py:3096} INFO - Sync 2 DAGs
[2024-05-21T09:19:49.356+0200] {logging_mixin.py:188} INFO - [2024-05-21T09:19:49.356+0200] {dag.py:3954} INFO - Setting next_dagrun for example_subdag_operator.section-1 to None, run_after=None
[2024-05-21T09:19:49.357+0200] {logging_mixin.py:188} INFO - [2024-05-21T09:19:49.356+0200] {dag.py:3954} INFO - Setting next_dagrun for example_subdag_operator.section-2 to None, run_after=None
[2024-05-21T09:19:49.368+0200] {processor.py:183} INFO - Processing /home/munya/anaconda3/lib/python3.11/site-packages/airflow/example_dags/example_subdag_operator.py took 0.074 seconds
[2024-05-21T09:20:48.662+0200] {processor.py:161} INFO - Started process (PID=30675) to work on /home/munya/anaconda3/lib/python3.11/site-packages/airflow/example_dags/example_subdag_operator.py
[2024-05-21T09:20:48.663+0200] {processor.py:830} INFO - Processing file /home/munya/anaconda3/lib/python3.11/site-packages/airflow/example_dags/example_subdag_operator.py for tasks to queue
[2024-05-21T09:20:48.664+0200] {logging_mixin.py:188} INFO - [2024-05-21T09:20:48.663+0200] {dagbag.py:545} INFO - Filling up the DagBag from /home/munya/anaconda3/lib/python3.11/site-packages/airflow/example_dags/example_subdag_operator.py
[2024-05-21T09:20:48.681+0200] {processor.py:840} INFO - DAG(s) 'example_subdag_operator.section-1', 'example_subdag_operator.section-2', 'example_subdag_operator' retrieved from /home/munya/anaconda3/lib/python3.11/site-packages/airflow/example_dags/example_subdag_operator.py
[2024-05-21T09:20:48.693+0200] {logging_mixin.py:188} INFO - [2024-05-21T09:20:48.693+0200] {dag.py:3096} INFO - Sync 3 DAGs
[2024-05-21T09:20:48.709+0200] {logging_mixin.py:188} INFO - [2024-05-21T09:20:48.708+0200] {dag.py:3954} INFO - Setting next_dagrun for example_subdag_operator to 2022-01-01 00:00:00+00:00, run_after=2022-01-01 00:00:00+00:00
[2024-05-21T09:20:48.711+0200] {logging_mixin.py:188} INFO - [2024-05-21T09:20:48.711+0200] {dag.py:3954} INFO - Setting next_dagrun for example_subdag_operator.section-1 to None, run_after=None
[2024-05-21T09:20:48.712+0200] {logging_mixin.py:188} INFO - [2024-05-21T09:20:48.712+0200] {dag.py:3954} INFO - Setting next_dagrun for example_subdag_operator.section-2 to None, run_after=None
[2024-05-21T09:20:48.716+0200] {logging_mixin.py:188} INFO - [2024-05-21T09:20:48.716+0200] {dag.py:3096} INFO - Sync 2 DAGs
[2024-05-21T09:20:48.719+0200] {logging_mixin.py:188} INFO - [2024-05-21T09:20:48.719+0200] {dag.py:3954} INFO - Setting next_dagrun for example_subdag_operator.section-1 to None, run_after=None
[2024-05-21T09:20:48.720+0200] {logging_mixin.py:188} INFO - [2024-05-21T09:20:48.720+0200] {dag.py:3954} INFO - Setting next_dagrun for example_subdag_operator.section-2 to None, run_after=None
[2024-05-21T09:20:48.729+0200] {processor.py:183} INFO - Processing /home/munya/anaconda3/lib/python3.11/site-packages/airflow/example_dags/example_subdag_operator.py took 0.072 seconds
[2024-05-21T09:21:47.533+0200] {processor.py:161} INFO - Started process (PID=31443) to work on /home/munya/anaconda3/lib/python3.11/site-packages/airflow/example_dags/example_subdag_operator.py
[2024-05-21T09:21:47.533+0200] {processor.py:830} INFO - Processing file /home/munya/anaconda3/lib/python3.11/site-packages/airflow/example_dags/example_subdag_operator.py for tasks to queue
[2024-05-21T09:21:47.534+0200] {logging_mixin.py:188} INFO - [2024-05-21T09:21:47.534+0200] {dagbag.py:545} INFO - Filling up the DagBag from /home/munya/anaconda3/lib/python3.11/site-packages/airflow/example_dags/example_subdag_operator.py
[2024-05-21T09:21:47.552+0200] {processor.py:840} INFO - DAG(s) 'example_subdag_operator.section-1', 'example_subdag_operator.section-2', 'example_subdag_operator' retrieved from /home/munya/anaconda3/lib/python3.11/site-packages/airflow/example_dags/example_subdag_operator.py
[2024-05-21T09:21:47.565+0200] {logging_mixin.py:188} INFO - [2024-05-21T09:21:47.565+0200] {dag.py:3096} INFO - Sync 3 DAGs
[2024-05-21T09:21:47.581+0200] {logging_mixin.py:188} INFO - [2024-05-21T09:21:47.580+0200] {dag.py:3954} INFO - Setting next_dagrun for example_subdag_operator to 2022-01-01 00:00:00+00:00, run_after=2022-01-01 00:00:00+00:00
[2024-05-21T09:21:47.583+0200] {logging_mixin.py:188} INFO - [2024-05-21T09:21:47.583+0200] {dag.py:3954} INFO - Setting next_dagrun for example_subdag_operator.section-1 to None, run_after=None
[2024-05-21T09:21:47.584+0200] {logging_mixin.py:188} INFO - [2024-05-21T09:21:47.584+0200] {dag.py:3954} INFO - Setting next_dagrun for example_subdag_operator.section-2 to None, run_after=None
[2024-05-21T09:21:47.589+0200] {logging_mixin.py:188} INFO - [2024-05-21T09:21:47.589+0200] {dag.py:3096} INFO - Sync 2 DAGs
[2024-05-21T09:21:47.593+0200] {logging_mixin.py:188} INFO - [2024-05-21T09:21:47.593+0200] {dag.py:3954} INFO - Setting next_dagrun for example_subdag_operator.section-1 to None, run_after=None
[2024-05-21T09:21:47.593+0200] {logging_mixin.py:188} INFO - [2024-05-21T09:21:47.593+0200] {dag.py:3954} INFO - Setting next_dagrun for example_subdag_operator.section-2 to None, run_after=None
[2024-05-21T09:21:47.608+0200] {processor.py:183} INFO - Processing /home/munya/anaconda3/lib/python3.11/site-packages/airflow/example_dags/example_subdag_operator.py took 0.082 seconds
[2024-05-21T09:22:42.332+0200] {processor.py:161} INFO - Started process (PID=32170) to work on /home/munya/anaconda3/lib/python3.11/site-packages/airflow/example_dags/example_subdag_operator.py
[2024-05-21T09:22:42.333+0200] {processor.py:830} INFO - Processing file /home/munya/anaconda3/lib/python3.11/site-packages/airflow/example_dags/example_subdag_operator.py for tasks to queue
[2024-05-21T09:22:42.334+0200] {logging_mixin.py:188} INFO - [2024-05-21T09:22:42.334+0200] {dagbag.py:545} INFO - Filling up the DagBag from /home/munya/anaconda3/lib/python3.11/site-packages/airflow/example_dags/example_subdag_operator.py
[2024-05-21T09:22:42.350+0200] {processor.py:840} INFO - DAG(s) 'example_subdag_operator.section-1', 'example_subdag_operator.section-2', 'example_subdag_operator' retrieved from /home/munya/anaconda3/lib/python3.11/site-packages/airflow/example_dags/example_subdag_operator.py
[2024-05-21T09:22:42.363+0200] {logging_mixin.py:188} INFO - [2024-05-21T09:22:42.363+0200] {dag.py:3096} INFO - Sync 3 DAGs
[2024-05-21T09:22:42.378+0200] {logging_mixin.py:188} INFO - [2024-05-21T09:22:42.378+0200] {dag.py:3954} INFO - Setting next_dagrun for example_subdag_operator to 2022-01-01 00:00:00+00:00, run_after=2022-01-01 00:00:00+00:00
[2024-05-21T09:22:42.380+0200] {logging_mixin.py:188} INFO - [2024-05-21T09:22:42.380+0200] {dag.py:3954} INFO - Setting next_dagrun for example_subdag_operator.section-1 to None, run_after=None
[2024-05-21T09:22:42.381+0200] {logging_mixin.py:188} INFO - [2024-05-21T09:22:42.381+0200] {dag.py:3954} INFO - Setting next_dagrun for example_subdag_operator.section-2 to None, run_after=None
[2024-05-21T09:22:42.385+0200] {logging_mixin.py:188} INFO - [2024-05-21T09:22:42.385+0200] {dag.py:3096} INFO - Sync 2 DAGs
[2024-05-21T09:22:42.389+0200] {logging_mixin.py:188} INFO - [2024-05-21T09:22:42.388+0200] {dag.py:3954} INFO - Setting next_dagrun for example_subdag_operator.section-1 to None, run_after=None
[2024-05-21T09:22:42.389+0200] {logging_mixin.py:188} INFO - [2024-05-21T09:22:42.389+0200] {dag.py:3954} INFO - Setting next_dagrun for example_subdag_operator.section-2 to None, run_after=None
[2024-05-21T09:22:42.399+0200] {processor.py:183} INFO - Processing /home/munya/anaconda3/lib/python3.11/site-packages/airflow/example_dags/example_subdag_operator.py took 0.071 seconds
[2024-05-21T09:23:41.247+0200] {processor.py:161} INFO - Started process (PID=33412) to work on /home/munya/anaconda3/lib/python3.11/site-packages/airflow/example_dags/example_subdag_operator.py
[2024-05-21T09:23:41.248+0200] {processor.py:830} INFO - Processing file /home/munya/anaconda3/lib/python3.11/site-packages/airflow/example_dags/example_subdag_operator.py for tasks to queue
[2024-05-21T09:23:41.249+0200] {logging_mixin.py:188} INFO - [2024-05-21T09:23:41.249+0200] {dagbag.py:545} INFO - Filling up the DagBag from /home/munya/anaconda3/lib/python3.11/site-packages/airflow/example_dags/example_subdag_operator.py
[2024-05-21T09:23:41.267+0200] {processor.py:840} INFO - DAG(s) 'example_subdag_operator.section-1', 'example_subdag_operator.section-2', 'example_subdag_operator' retrieved from /home/munya/anaconda3/lib/python3.11/site-packages/airflow/example_dags/example_subdag_operator.py
[2024-05-21T09:23:41.281+0200] {logging_mixin.py:188} INFO - [2024-05-21T09:23:41.281+0200] {dag.py:3096} INFO - Sync 3 DAGs
[2024-05-21T09:23:41.296+0200] {logging_mixin.py:188} INFO - [2024-05-21T09:23:41.296+0200] {dag.py:3954} INFO - Setting next_dagrun for example_subdag_operator to 2022-01-01 00:00:00+00:00, run_after=2022-01-01 00:00:00+00:00
[2024-05-21T09:23:41.299+0200] {logging_mixin.py:188} INFO - [2024-05-21T09:23:41.299+0200] {dag.py:3954} INFO - Setting next_dagrun for example_subdag_operator.section-1 to None, run_after=None
[2024-05-21T09:23:41.300+0200] {logging_mixin.py:188} INFO - [2024-05-21T09:23:41.300+0200] {dag.py:3954} INFO - Setting next_dagrun for example_subdag_operator.section-2 to None, run_after=None
[2024-05-21T09:23:41.305+0200] {logging_mixin.py:188} INFO - [2024-05-21T09:23:41.305+0200] {dag.py:3096} INFO - Sync 2 DAGs
[2024-05-21T09:23:41.309+0200] {logging_mixin.py:188} INFO - [2024-05-21T09:23:41.309+0200] {dag.py:3954} INFO - Setting next_dagrun for example_subdag_operator.section-1 to None, run_after=None
[2024-05-21T09:23:41.310+0200] {logging_mixin.py:188} INFO - [2024-05-21T09:23:41.310+0200] {dag.py:3954} INFO - Setting next_dagrun for example_subdag_operator.section-2 to None, run_after=None
[2024-05-21T09:23:41.411+0200] {processor.py:183} INFO - Processing /home/munya/anaconda3/lib/python3.11/site-packages/airflow/example_dags/example_subdag_operator.py took 0.169 seconds
[2024-05-21T09:24:54.279+0200] {processor.py:161} INFO - Started process (PID=35640) to work on /home/munya/anaconda3/lib/python3.11/site-packages/airflow/example_dags/example_subdag_operator.py
[2024-05-21T09:24:54.280+0200] {processor.py:830} INFO - Processing file /home/munya/anaconda3/lib/python3.11/site-packages/airflow/example_dags/example_subdag_operator.py for tasks to queue
[2024-05-21T09:24:54.281+0200] {logging_mixin.py:188} INFO - [2024-05-21T09:24:54.280+0200] {dagbag.py:545} INFO - Filling up the DagBag from /home/munya/anaconda3/lib/python3.11/site-packages/airflow/example_dags/example_subdag_operator.py
[2024-05-21T09:24:54.296+0200] {processor.py:840} INFO - DAG(s) 'example_subdag_operator.section-1', 'example_subdag_operator.section-2', 'example_subdag_operator' retrieved from /home/munya/anaconda3/lib/python3.11/site-packages/airflow/example_dags/example_subdag_operator.py
[2024-05-21T09:24:54.308+0200] {logging_mixin.py:188} INFO - [2024-05-21T09:24:54.308+0200] {dag.py:3096} INFO - Sync 3 DAGs
[2024-05-21T09:24:54.322+0200] {logging_mixin.py:188} INFO - [2024-05-21T09:24:54.322+0200] {dag.py:3954} INFO - Setting next_dagrun for example_subdag_operator to 2022-01-01 00:00:00+00:00, run_after=2022-01-01 00:00:00+00:00
[2024-05-21T09:24:54.325+0200] {logging_mixin.py:188} INFO - [2024-05-21T09:24:54.324+0200] {dag.py:3954} INFO - Setting next_dagrun for example_subdag_operator.section-1 to None, run_after=None
[2024-05-21T09:24:54.325+0200] {logging_mixin.py:188} INFO - [2024-05-21T09:24:54.325+0200] {dag.py:3954} INFO - Setting next_dagrun for example_subdag_operator.section-2 to None, run_after=None
[2024-05-21T09:24:54.330+0200] {logging_mixin.py:188} INFO - [2024-05-21T09:24:54.329+0200] {dag.py:3096} INFO - Sync 2 DAGs
[2024-05-21T09:24:54.333+0200] {logging_mixin.py:188} INFO - [2024-05-21T09:24:54.332+0200] {dag.py:3954} INFO - Setting next_dagrun for example_subdag_operator.section-1 to None, run_after=None
[2024-05-21T09:24:54.333+0200] {logging_mixin.py:188} INFO - [2024-05-21T09:24:54.333+0200] {dag.py:3954} INFO - Setting next_dagrun for example_subdag_operator.section-2 to None, run_after=None
[2024-05-21T09:24:54.342+0200] {processor.py:183} INFO - Processing /home/munya/anaconda3/lib/python3.11/site-packages/airflow/example_dags/example_subdag_operator.py took 0.068 seconds
[2024-05-21T09:25:56.608+0200] {processor.py:161} INFO - Started process (PID=36649) to work on /home/munya/anaconda3/lib/python3.11/site-packages/airflow/example_dags/example_subdag_operator.py
[2024-05-21T09:25:56.609+0200] {processor.py:830} INFO - Processing file /home/munya/anaconda3/lib/python3.11/site-packages/airflow/example_dags/example_subdag_operator.py for tasks to queue
[2024-05-21T09:25:56.609+0200] {logging_mixin.py:188} INFO - [2024-05-21T09:25:56.609+0200] {dagbag.py:545} INFO - Filling up the DagBag from /home/munya/anaconda3/lib/python3.11/site-packages/airflow/example_dags/example_subdag_operator.py
[2024-05-21T09:25:56.625+0200] {processor.py:840} INFO - DAG(s) 'example_subdag_operator.section-1', 'example_subdag_operator.section-2', 'example_subdag_operator' retrieved from /home/munya/anaconda3/lib/python3.11/site-packages/airflow/example_dags/example_subdag_operator.py
[2024-05-21T09:25:56.637+0200] {logging_mixin.py:188} INFO - [2024-05-21T09:25:56.637+0200] {dag.py:3096} INFO - Sync 3 DAGs
[2024-05-21T09:25:56.652+0200] {logging_mixin.py:188} INFO - [2024-05-21T09:25:56.652+0200] {dag.py:3954} INFO - Setting next_dagrun for example_subdag_operator to 2022-01-01 00:00:00+00:00, run_after=2022-01-01 00:00:00+00:00
[2024-05-21T09:25:56.655+0200] {logging_mixin.py:188} INFO - [2024-05-21T09:25:56.654+0200] {dag.py:3954} INFO - Setting next_dagrun for example_subdag_operator.section-1 to None, run_after=None
[2024-05-21T09:25:56.655+0200] {logging_mixin.py:188} INFO - [2024-05-21T09:25:56.655+0200] {dag.py:3954} INFO - Setting next_dagrun for example_subdag_operator.section-2 to None, run_after=None
[2024-05-21T09:25:56.659+0200] {logging_mixin.py:188} INFO - [2024-05-21T09:25:56.659+0200] {dag.py:3096} INFO - Sync 2 DAGs
[2024-05-21T09:25:56.663+0200] {logging_mixin.py:188} INFO - [2024-05-21T09:25:56.662+0200] {dag.py:3954} INFO - Setting next_dagrun for example_subdag_operator.section-1 to None, run_after=None
[2024-05-21T09:25:56.663+0200] {logging_mixin.py:188} INFO - [2024-05-21T09:25:56.663+0200] {dag.py:3954} INFO - Setting next_dagrun for example_subdag_operator.section-2 to None, run_after=None
[2024-05-21T09:25:56.673+0200] {processor.py:183} INFO - Processing /home/munya/anaconda3/lib/python3.11/site-packages/airflow/example_dags/example_subdag_operator.py took 0.070 seconds
[2024-05-21T09:26:57.692+0200] {processor.py:161} INFO - Started process (PID=37530) to work on /home/munya/anaconda3/lib/python3.11/site-packages/airflow/example_dags/example_subdag_operator.py
[2024-05-21T09:26:57.693+0200] {processor.py:830} INFO - Processing file /home/munya/anaconda3/lib/python3.11/site-packages/airflow/example_dags/example_subdag_operator.py for tasks to queue
[2024-05-21T09:26:57.694+0200] {logging_mixin.py:188} INFO - [2024-05-21T09:26:57.694+0200] {dagbag.py:545} INFO - Filling up the DagBag from /home/munya/anaconda3/lib/python3.11/site-packages/airflow/example_dags/example_subdag_operator.py
[2024-05-21T09:26:57.718+0200] {processor.py:840} INFO - DAG(s) 'example_subdag_operator.section-1', 'example_subdag_operator.section-2', 'example_subdag_operator' retrieved from /home/munya/anaconda3/lib/python3.11/site-packages/airflow/example_dags/example_subdag_operator.py
[2024-05-21T09:26:57.736+0200] {logging_mixin.py:188} INFO - [2024-05-21T09:26:57.736+0200] {dag.py:3096} INFO - Sync 3 DAGs
[2024-05-21T09:26:57.758+0200] {logging_mixin.py:188} INFO - [2024-05-21T09:26:57.758+0200] {dag.py:3954} INFO - Setting next_dagrun for example_subdag_operator to 2022-01-01 00:00:00+00:00, run_after=2022-01-01 00:00:00+00:00
[2024-05-21T09:26:57.763+0200] {logging_mixin.py:188} INFO - [2024-05-21T09:26:57.763+0200] {dag.py:3954} INFO - Setting next_dagrun for example_subdag_operator.section-1 to None, run_after=None
[2024-05-21T09:26:57.765+0200] {logging_mixin.py:188} INFO - [2024-05-21T09:26:57.765+0200] {dag.py:3954} INFO - Setting next_dagrun for example_subdag_operator.section-2 to None, run_after=None
[2024-05-21T09:26:57.771+0200] {logging_mixin.py:188} INFO - [2024-05-21T09:26:57.771+0200] {dag.py:3096} INFO - Sync 2 DAGs
[2024-05-21T09:26:57.776+0200] {logging_mixin.py:188} INFO - [2024-05-21T09:26:57.775+0200] {dag.py:3954} INFO - Setting next_dagrun for example_subdag_operator.section-1 to None, run_after=None
[2024-05-21T09:26:57.776+0200] {logging_mixin.py:188} INFO - [2024-05-21T09:26:57.776+0200] {dag.py:3954} INFO - Setting next_dagrun for example_subdag_operator.section-2 to None, run_after=None
[2024-05-21T09:26:57.790+0200] {processor.py:183} INFO - Processing /home/munya/anaconda3/lib/python3.11/site-packages/airflow/example_dags/example_subdag_operator.py took 0.104 seconds
[2024-05-21T09:28:00.534+0200] {processor.py:161} INFO - Started process (PID=38384) to work on /home/munya/anaconda3/lib/python3.11/site-packages/airflow/example_dags/example_subdag_operator.py
[2024-05-21T09:28:00.535+0200] {processor.py:830} INFO - Processing file /home/munya/anaconda3/lib/python3.11/site-packages/airflow/example_dags/example_subdag_operator.py for tasks to queue
[2024-05-21T09:28:00.536+0200] {logging_mixin.py:188} INFO - [2024-05-21T09:28:00.535+0200] {dagbag.py:545} INFO - Filling up the DagBag from /home/munya/anaconda3/lib/python3.11/site-packages/airflow/example_dags/example_subdag_operator.py
[2024-05-21T09:28:00.552+0200] {processor.py:840} INFO - DAG(s) 'example_subdag_operator.section-1', 'example_subdag_operator.section-2', 'example_subdag_operator' retrieved from /home/munya/anaconda3/lib/python3.11/site-packages/airflow/example_dags/example_subdag_operator.py
[2024-05-21T09:28:00.565+0200] {logging_mixin.py:188} INFO - [2024-05-21T09:28:00.565+0200] {dag.py:3096} INFO - Sync 3 DAGs
[2024-05-21T09:28:00.580+0200] {logging_mixin.py:188} INFO - [2024-05-21T09:28:00.579+0200] {dag.py:3954} INFO - Setting next_dagrun for example_subdag_operator to 2022-01-01 00:00:00+00:00, run_after=2022-01-01 00:00:00+00:00
[2024-05-21T09:28:00.582+0200] {logging_mixin.py:188} INFO - [2024-05-21T09:28:00.582+0200] {dag.py:3954} INFO - Setting next_dagrun for example_subdag_operator.section-1 to None, run_after=None
[2024-05-21T09:28:00.583+0200] {logging_mixin.py:188} INFO - [2024-05-21T09:28:00.583+0200] {dag.py:3954} INFO - Setting next_dagrun for example_subdag_operator.section-2 to None, run_after=None
[2024-05-21T09:28:00.588+0200] {logging_mixin.py:188} INFO - [2024-05-21T09:28:00.588+0200] {dag.py:3096} INFO - Sync 2 DAGs
[2024-05-21T09:28:00.591+0200] {logging_mixin.py:188} INFO - [2024-05-21T09:28:00.591+0200] {dag.py:3954} INFO - Setting next_dagrun for example_subdag_operator.section-1 to None, run_after=None
[2024-05-21T09:28:00.591+0200] {logging_mixin.py:188} INFO - [2024-05-21T09:28:00.591+0200] {dag.py:3954} INFO - Setting next_dagrun for example_subdag_operator.section-2 to None, run_after=None
[2024-05-21T09:28:00.602+0200] {processor.py:183} INFO - Processing /home/munya/anaconda3/lib/python3.11/site-packages/airflow/example_dags/example_subdag_operator.py took 0.073 seconds
[2024-05-21T09:28:57.963+0200] {processor.py:161} INFO - Started process (PID=39143) to work on /home/munya/anaconda3/lib/python3.11/site-packages/airflow/example_dags/example_subdag_operator.py
[2024-05-21T09:28:57.964+0200] {processor.py:830} INFO - Processing file /home/munya/anaconda3/lib/python3.11/site-packages/airflow/example_dags/example_subdag_operator.py for tasks to queue
[2024-05-21T09:28:57.965+0200] {logging_mixin.py:188} INFO - [2024-05-21T09:28:57.964+0200] {dagbag.py:545} INFO - Filling up the DagBag from /home/munya/anaconda3/lib/python3.11/site-packages/airflow/example_dags/example_subdag_operator.py
[2024-05-21T09:28:57.981+0200] {processor.py:840} INFO - DAG(s) 'example_subdag_operator.section-1', 'example_subdag_operator.section-2', 'example_subdag_operator' retrieved from /home/munya/anaconda3/lib/python3.11/site-packages/airflow/example_dags/example_subdag_operator.py
[2024-05-21T09:28:57.992+0200] {logging_mixin.py:188} INFO - [2024-05-21T09:28:57.992+0200] {dag.py:3096} INFO - Sync 3 DAGs
[2024-05-21T09:28:58.008+0200] {logging_mixin.py:188} INFO - [2024-05-21T09:28:58.008+0200] {dag.py:3954} INFO - Setting next_dagrun for example_subdag_operator to 2022-01-01 00:00:00+00:00, run_after=2022-01-01 00:00:00+00:00
[2024-05-21T09:28:58.011+0200] {logging_mixin.py:188} INFO - [2024-05-21T09:28:58.011+0200] {dag.py:3954} INFO - Setting next_dagrun for example_subdag_operator.section-1 to None, run_after=None
[2024-05-21T09:28:58.012+0200] {logging_mixin.py:188} INFO - [2024-05-21T09:28:58.011+0200] {dag.py:3954} INFO - Setting next_dagrun for example_subdag_operator.section-2 to None, run_after=None
[2024-05-21T09:28:58.016+0200] {logging_mixin.py:188} INFO - [2024-05-21T09:28:58.015+0200] {dag.py:3096} INFO - Sync 2 DAGs
[2024-05-21T09:28:58.019+0200] {logging_mixin.py:188} INFO - [2024-05-21T09:28:58.018+0200] {dag.py:3954} INFO - Setting next_dagrun for example_subdag_operator.section-1 to None, run_after=None
[2024-05-21T09:28:58.019+0200] {logging_mixin.py:188} INFO - [2024-05-21T09:28:58.019+0200] {dag.py:3954} INFO - Setting next_dagrun for example_subdag_operator.section-2 to None, run_after=None
[2024-05-21T09:28:58.028+0200] {processor.py:183} INFO - Processing /home/munya/anaconda3/lib/python3.11/site-packages/airflow/example_dags/example_subdag_operator.py took 0.071 seconds
[2024-05-21T09:29:55.348+0200] {processor.py:161} INFO - Started process (PID=39903) to work on /home/munya/anaconda3/lib/python3.11/site-packages/airflow/example_dags/example_subdag_operator.py
[2024-05-21T09:29:55.351+0200] {processor.py:830} INFO - Processing file /home/munya/anaconda3/lib/python3.11/site-packages/airflow/example_dags/example_subdag_operator.py for tasks to queue
[2024-05-21T09:29:55.355+0200] {logging_mixin.py:188} INFO - [2024-05-21T09:29:55.353+0200] {dagbag.py:545} INFO - Filling up the DagBag from /home/munya/anaconda3/lib/python3.11/site-packages/airflow/example_dags/example_subdag_operator.py
[2024-05-21T09:29:55.443+0200] {processor.py:840} INFO - DAG(s) 'example_subdag_operator.section-1', 'example_subdag_operator.section-2', 'example_subdag_operator' retrieved from /home/munya/anaconda3/lib/python3.11/site-packages/airflow/example_dags/example_subdag_operator.py
[2024-05-21T09:29:55.518+0200] {logging_mixin.py:188} INFO - [2024-05-21T09:29:55.518+0200] {dag.py:3096} INFO - Sync 3 DAGs
[2024-05-21T09:29:55.572+0200] {logging_mixin.py:188} INFO - [2024-05-21T09:29:55.572+0200] {dag.py:3954} INFO - Setting next_dagrun for example_subdag_operator to 2022-01-01 00:00:00+00:00, run_after=2022-01-01 00:00:00+00:00
[2024-05-21T09:29:55.584+0200] {logging_mixin.py:188} INFO - [2024-05-21T09:29:55.583+0200] {dag.py:3954} INFO - Setting next_dagrun for example_subdag_operator.section-1 to None, run_after=None
[2024-05-21T09:29:55.587+0200] {logging_mixin.py:188} INFO - [2024-05-21T09:29:55.586+0200] {dag.py:3954} INFO - Setting next_dagrun for example_subdag_operator.section-2 to None, run_after=None
[2024-05-21T09:29:55.607+0200] {logging_mixin.py:188} INFO - [2024-05-21T09:29:55.606+0200] {dag.py:3096} INFO - Sync 2 DAGs
[2024-05-21T09:29:55.625+0200] {logging_mixin.py:188} INFO - [2024-05-21T09:29:55.625+0200] {dag.py:3954} INFO - Setting next_dagrun for example_subdag_operator.section-1 to None, run_after=None
[2024-05-21T09:29:55.627+0200] {logging_mixin.py:188} INFO - [2024-05-21T09:29:55.626+0200] {dag.py:3954} INFO - Setting next_dagrun for example_subdag_operator.section-2 to None, run_after=None
[2024-05-21T09:29:55.679+0200] {processor.py:183} INFO - Processing /home/munya/anaconda3/lib/python3.11/site-packages/airflow/example_dags/example_subdag_operator.py took 0.358 seconds
[2024-05-21T09:30:50.664+0200] {processor.py:161} INFO - Started process (PID=40626) to work on /home/munya/anaconda3/lib/python3.11/site-packages/airflow/example_dags/example_subdag_operator.py
[2024-05-21T09:30:50.666+0200] {processor.py:830} INFO - Processing file /home/munya/anaconda3/lib/python3.11/site-packages/airflow/example_dags/example_subdag_operator.py for tasks to queue
[2024-05-21T09:30:50.666+0200] {logging_mixin.py:188} INFO - [2024-05-21T09:30:50.666+0200] {dagbag.py:545} INFO - Filling up the DagBag from /home/munya/anaconda3/lib/python3.11/site-packages/airflow/example_dags/example_subdag_operator.py
[2024-05-21T09:30:50.682+0200] {processor.py:840} INFO - DAG(s) 'example_subdag_operator.section-1', 'example_subdag_operator.section-2', 'example_subdag_operator' retrieved from /home/munya/anaconda3/lib/python3.11/site-packages/airflow/example_dags/example_subdag_operator.py
[2024-05-21T09:30:50.693+0200] {logging_mixin.py:188} INFO - [2024-05-21T09:30:50.693+0200] {dag.py:3096} INFO - Sync 3 DAGs
[2024-05-21T09:30:50.707+0200] {logging_mixin.py:188} INFO - [2024-05-21T09:30:50.707+0200] {dag.py:3954} INFO - Setting next_dagrun for example_subdag_operator to 2022-01-01 00:00:00+00:00, run_after=2022-01-01 00:00:00+00:00
[2024-05-21T09:30:50.710+0200] {logging_mixin.py:188} INFO - [2024-05-21T09:30:50.710+0200] {dag.py:3954} INFO - Setting next_dagrun for example_subdag_operator.section-1 to None, run_after=None
[2024-05-21T09:30:50.711+0200] {logging_mixin.py:188} INFO - [2024-05-21T09:30:50.710+0200] {dag.py:3954} INFO - Setting next_dagrun for example_subdag_operator.section-2 to None, run_after=None
[2024-05-21T09:30:50.715+0200] {logging_mixin.py:188} INFO - [2024-05-21T09:30:50.714+0200] {dag.py:3096} INFO - Sync 2 DAGs
[2024-05-21T09:30:50.718+0200] {logging_mixin.py:188} INFO - [2024-05-21T09:30:50.717+0200] {dag.py:3954} INFO - Setting next_dagrun for example_subdag_operator.section-1 to None, run_after=None
[2024-05-21T09:30:50.718+0200] {logging_mixin.py:188} INFO - [2024-05-21T09:30:50.718+0200] {dag.py:3954} INFO - Setting next_dagrun for example_subdag_operator.section-2 to None, run_after=None
[2024-05-21T09:30:50.727+0200] {processor.py:183} INFO - Processing /home/munya/anaconda3/lib/python3.11/site-packages/airflow/example_dags/example_subdag_operator.py took 0.068 seconds
[2024-05-21T09:31:49.064+0200] {processor.py:161} INFO - Started process (PID=41405) to work on /home/munya/anaconda3/lib/python3.11/site-packages/airflow/example_dags/example_subdag_operator.py
[2024-05-21T09:31:49.064+0200] {processor.py:830} INFO - Processing file /home/munya/anaconda3/lib/python3.11/site-packages/airflow/example_dags/example_subdag_operator.py for tasks to queue
[2024-05-21T09:31:49.065+0200] {logging_mixin.py:188} INFO - [2024-05-21T09:31:49.065+0200] {dagbag.py:545} INFO - Filling up the DagBag from /home/munya/anaconda3/lib/python3.11/site-packages/airflow/example_dags/example_subdag_operator.py
[2024-05-21T09:31:49.083+0200] {processor.py:840} INFO - DAG(s) 'example_subdag_operator.section-1', 'example_subdag_operator.section-2', 'example_subdag_operator' retrieved from /home/munya/anaconda3/lib/python3.11/site-packages/airflow/example_dags/example_subdag_operator.py
[2024-05-21T09:31:49.097+0200] {logging_mixin.py:188} INFO - [2024-05-21T09:31:49.097+0200] {dag.py:3096} INFO - Sync 3 DAGs
[2024-05-21T09:31:49.113+0200] {logging_mixin.py:188} INFO - [2024-05-21T09:31:49.113+0200] {dag.py:3954} INFO - Setting next_dagrun for example_subdag_operator to 2022-01-01 00:00:00+00:00, run_after=2022-01-01 00:00:00+00:00
[2024-05-21T09:31:49.116+0200] {logging_mixin.py:188} INFO - [2024-05-21T09:31:49.116+0200] {dag.py:3954} INFO - Setting next_dagrun for example_subdag_operator.section-1 to None, run_after=None
[2024-05-21T09:31:49.117+0200] {logging_mixin.py:188} INFO - [2024-05-21T09:31:49.117+0200] {dag.py:3954} INFO - Setting next_dagrun for example_subdag_operator.section-2 to None, run_after=None
[2024-05-21T09:31:49.123+0200] {logging_mixin.py:188} INFO - [2024-05-21T09:31:49.122+0200] {dag.py:3096} INFO - Sync 2 DAGs
[2024-05-21T09:31:49.127+0200] {logging_mixin.py:188} INFO - [2024-05-21T09:31:49.126+0200] {dag.py:3954} INFO - Setting next_dagrun for example_subdag_operator.section-1 to None, run_after=None
[2024-05-21T09:31:49.127+0200] {logging_mixin.py:188} INFO - [2024-05-21T09:31:49.127+0200] {dag.py:3954} INFO - Setting next_dagrun for example_subdag_operator.section-2 to None, run_after=None
[2024-05-21T09:31:49.139+0200] {processor.py:183} INFO - Processing /home/munya/anaconda3/lib/python3.11/site-packages/airflow/example_dags/example_subdag_operator.py took 0.082 seconds
[2024-05-21T09:32:53.325+0200] {processor.py:161} INFO - Started process (PID=42224) to work on /home/munya/anaconda3/lib/python3.11/site-packages/airflow/example_dags/example_subdag_operator.py
[2024-05-21T09:32:53.325+0200] {processor.py:830} INFO - Processing file /home/munya/anaconda3/lib/python3.11/site-packages/airflow/example_dags/example_subdag_operator.py for tasks to queue
[2024-05-21T09:32:53.326+0200] {logging_mixin.py:188} INFO - [2024-05-21T09:32:53.326+0200] {dagbag.py:545} INFO - Filling up the DagBag from /home/munya/anaconda3/lib/python3.11/site-packages/airflow/example_dags/example_subdag_operator.py
[2024-05-21T09:32:53.346+0200] {processor.py:840} INFO - DAG(s) 'example_subdag_operator.section-1', 'example_subdag_operator.section-2', 'example_subdag_operator' retrieved from /home/munya/anaconda3/lib/python3.11/site-packages/airflow/example_dags/example_subdag_operator.py
[2024-05-21T09:32:53.364+0200] {logging_mixin.py:188} INFO - [2024-05-21T09:32:53.364+0200] {dag.py:3096} INFO - Sync 3 DAGs
[2024-05-21T09:32:53.382+0200] {logging_mixin.py:188} INFO - [2024-05-21T09:32:53.382+0200] {dag.py:3954} INFO - Setting next_dagrun for example_subdag_operator to 2022-01-01 00:00:00+00:00, run_after=2022-01-01 00:00:00+00:00
[2024-05-21T09:32:53.385+0200] {logging_mixin.py:188} INFO - [2024-05-21T09:32:53.385+0200] {dag.py:3954} INFO - Setting next_dagrun for example_subdag_operator.section-1 to None, run_after=None
[2024-05-21T09:32:53.386+0200] {logging_mixin.py:188} INFO - [2024-05-21T09:32:53.386+0200] {dag.py:3954} INFO - Setting next_dagrun for example_subdag_operator.section-2 to None, run_after=None
[2024-05-21T09:32:53.391+0200] {logging_mixin.py:188} INFO - [2024-05-21T09:32:53.390+0200] {dag.py:3096} INFO - Sync 2 DAGs
[2024-05-21T09:32:53.394+0200] {logging_mixin.py:188} INFO - [2024-05-21T09:32:53.394+0200] {dag.py:3954} INFO - Setting next_dagrun for example_subdag_operator.section-1 to None, run_after=None
[2024-05-21T09:32:53.394+0200] {logging_mixin.py:188} INFO - [2024-05-21T09:32:53.394+0200] {dag.py:3954} INFO - Setting next_dagrun for example_subdag_operator.section-2 to None, run_after=None
[2024-05-21T09:32:53.408+0200] {processor.py:183} INFO - Processing /home/munya/anaconda3/lib/python3.11/site-packages/airflow/example_dags/example_subdag_operator.py took 0.089 seconds
[2024-05-21T09:33:57.444+0200] {processor.py:161} INFO - Started process (PID=43049) to work on /home/munya/anaconda3/lib/python3.11/site-packages/airflow/example_dags/example_subdag_operator.py
[2024-05-21T09:33:57.445+0200] {processor.py:830} INFO - Processing file /home/munya/anaconda3/lib/python3.11/site-packages/airflow/example_dags/example_subdag_operator.py for tasks to queue
[2024-05-21T09:33:57.446+0200] {logging_mixin.py:188} INFO - [2024-05-21T09:33:57.445+0200] {dagbag.py:545} INFO - Filling up the DagBag from /home/munya/anaconda3/lib/python3.11/site-packages/airflow/example_dags/example_subdag_operator.py
[2024-05-21T09:33:57.465+0200] {processor.py:840} INFO - DAG(s) 'example_subdag_operator.section-1', 'example_subdag_operator.section-2', 'example_subdag_operator' retrieved from /home/munya/anaconda3/lib/python3.11/site-packages/airflow/example_dags/example_subdag_operator.py
[2024-05-21T09:33:57.482+0200] {logging_mixin.py:188} INFO - [2024-05-21T09:33:57.482+0200] {dag.py:3096} INFO - Sync 3 DAGs
[2024-05-21T09:33:57.501+0200] {logging_mixin.py:188} INFO - [2024-05-21T09:33:57.501+0200] {dag.py:3954} INFO - Setting next_dagrun for example_subdag_operator to 2022-01-01 00:00:00+00:00, run_after=2022-01-01 00:00:00+00:00
[2024-05-21T09:33:57.505+0200] {logging_mixin.py:188} INFO - [2024-05-21T09:33:57.504+0200] {dag.py:3954} INFO - Setting next_dagrun for example_subdag_operator.section-1 to None, run_after=None
[2024-05-21T09:33:57.505+0200] {logging_mixin.py:188} INFO - [2024-05-21T09:33:57.505+0200] {dag.py:3954} INFO - Setting next_dagrun for example_subdag_operator.section-2 to None, run_after=None
[2024-05-21T09:33:57.511+0200] {logging_mixin.py:188} INFO - [2024-05-21T09:33:57.510+0200] {dag.py:3096} INFO - Sync 2 DAGs
[2024-05-21T09:33:57.515+0200] {logging_mixin.py:188} INFO - [2024-05-21T09:33:57.515+0200] {dag.py:3954} INFO - Setting next_dagrun for example_subdag_operator.section-1 to None, run_after=None
[2024-05-21T09:33:57.515+0200] {logging_mixin.py:188} INFO - [2024-05-21T09:33:57.515+0200] {dag.py:3954} INFO - Setting next_dagrun for example_subdag_operator.section-2 to None, run_after=None
[2024-05-21T09:33:57.527+0200] {processor.py:183} INFO - Processing /home/munya/anaconda3/lib/python3.11/site-packages/airflow/example_dags/example_subdag_operator.py took 0.089 seconds
[2024-05-21T09:35:01.117+0200] {processor.py:161} INFO - Started process (PID=43890) to work on /home/munya/anaconda3/lib/python3.11/site-packages/airflow/example_dags/example_subdag_operator.py
[2024-05-21T09:35:01.118+0200] {processor.py:830} INFO - Processing file /home/munya/anaconda3/lib/python3.11/site-packages/airflow/example_dags/example_subdag_operator.py for tasks to queue
[2024-05-21T09:35:01.119+0200] {logging_mixin.py:188} INFO - [2024-05-21T09:35:01.118+0200] {dagbag.py:545} INFO - Filling up the DagBag from /home/munya/anaconda3/lib/python3.11/site-packages/airflow/example_dags/example_subdag_operator.py
[2024-05-21T09:35:01.137+0200] {processor.py:840} INFO - DAG(s) 'example_subdag_operator.section-1', 'example_subdag_operator.section-2', 'example_subdag_operator' retrieved from /home/munya/anaconda3/lib/python3.11/site-packages/airflow/example_dags/example_subdag_operator.py
[2024-05-21T09:35:01.150+0200] {logging_mixin.py:188} INFO - [2024-05-21T09:35:01.150+0200] {dag.py:3096} INFO - Sync 3 DAGs
[2024-05-21T09:35:01.166+0200] {logging_mixin.py:188} INFO - [2024-05-21T09:35:01.166+0200] {dag.py:3954} INFO - Setting next_dagrun for example_subdag_operator to 2022-01-01 00:00:00+00:00, run_after=2022-01-01 00:00:00+00:00
[2024-05-21T09:35:01.170+0200] {logging_mixin.py:188} INFO - [2024-05-21T09:35:01.169+0200] {dag.py:3954} INFO - Setting next_dagrun for example_subdag_operator.section-1 to None, run_after=None
[2024-05-21T09:35:01.170+0200] {logging_mixin.py:188} INFO - [2024-05-21T09:35:01.170+0200] {dag.py:3954} INFO - Setting next_dagrun for example_subdag_operator.section-2 to None, run_after=None
[2024-05-21T09:35:01.175+0200] {logging_mixin.py:188} INFO - [2024-05-21T09:35:01.175+0200] {dag.py:3096} INFO - Sync 2 DAGs
[2024-05-21T09:35:01.178+0200] {logging_mixin.py:188} INFO - [2024-05-21T09:35:01.178+0200] {dag.py:3954} INFO - Setting next_dagrun for example_subdag_operator.section-1 to None, run_after=None
[2024-05-21T09:35:01.179+0200] {logging_mixin.py:188} INFO - [2024-05-21T09:35:01.179+0200] {dag.py:3954} INFO - Setting next_dagrun for example_subdag_operator.section-2 to None, run_after=None
[2024-05-21T09:35:01.189+0200] {processor.py:183} INFO - Processing /home/munya/anaconda3/lib/python3.11/site-packages/airflow/example_dags/example_subdag_operator.py took 0.077 seconds
[2024-05-21T09:36:02.453+0200] {processor.py:161} INFO - Started process (PID=44680) to work on /home/munya/anaconda3/lib/python3.11/site-packages/airflow/example_dags/example_subdag_operator.py
[2024-05-21T09:36:02.454+0200] {processor.py:830} INFO - Processing file /home/munya/anaconda3/lib/python3.11/site-packages/airflow/example_dags/example_subdag_operator.py for tasks to queue
[2024-05-21T09:36:02.455+0200] {logging_mixin.py:188} INFO - [2024-05-21T09:36:02.454+0200] {dagbag.py:545} INFO - Filling up the DagBag from /home/munya/anaconda3/lib/python3.11/site-packages/airflow/example_dags/example_subdag_operator.py
[2024-05-21T09:36:02.474+0200] {processor.py:840} INFO - DAG(s) 'example_subdag_operator.section-1', 'example_subdag_operator.section-2', 'example_subdag_operator' retrieved from /home/munya/anaconda3/lib/python3.11/site-packages/airflow/example_dags/example_subdag_operator.py
[2024-05-21T09:36:02.492+0200] {logging_mixin.py:188} INFO - [2024-05-21T09:36:02.492+0200] {dag.py:3096} INFO - Sync 3 DAGs
[2024-05-21T09:36:02.509+0200] {logging_mixin.py:188} INFO - [2024-05-21T09:36:02.509+0200] {dag.py:3954} INFO - Setting next_dagrun for example_subdag_operator to 2022-01-01 00:00:00+00:00, run_after=2022-01-01 00:00:00+00:00
[2024-05-21T09:36:02.512+0200] {logging_mixin.py:188} INFO - [2024-05-21T09:36:02.512+0200] {dag.py:3954} INFO - Setting next_dagrun for example_subdag_operator.section-1 to None, run_after=None
[2024-05-21T09:36:02.513+0200] {logging_mixin.py:188} INFO - [2024-05-21T09:36:02.513+0200] {dag.py:3954} INFO - Setting next_dagrun for example_subdag_operator.section-2 to None, run_after=None
[2024-05-21T09:36:02.517+0200] {logging_mixin.py:188} INFO - [2024-05-21T09:36:02.517+0200] {dag.py:3096} INFO - Sync 2 DAGs
[2024-05-21T09:36:02.521+0200] {logging_mixin.py:188} INFO - [2024-05-21T09:36:02.521+0200] {dag.py:3954} INFO - Setting next_dagrun for example_subdag_operator.section-1 to None, run_after=None
[2024-05-21T09:36:02.521+0200] {logging_mixin.py:188} INFO - [2024-05-21T09:36:02.521+0200] {dag.py:3954} INFO - Setting next_dagrun for example_subdag_operator.section-2 to None, run_after=None
[2024-05-21T09:36:02.531+0200] {processor.py:183} INFO - Processing /home/munya/anaconda3/lib/python3.11/site-packages/airflow/example_dags/example_subdag_operator.py took 0.085 seconds
[2024-05-21T09:37:06.055+0200] {processor.py:161} INFO - Started process (PID=45493) to work on /home/munya/anaconda3/lib/python3.11/site-packages/airflow/example_dags/example_subdag_operator.py
[2024-05-21T09:37:06.056+0200] {processor.py:830} INFO - Processing file /home/munya/anaconda3/lib/python3.11/site-packages/airflow/example_dags/example_subdag_operator.py for tasks to queue
[2024-05-21T09:37:06.057+0200] {logging_mixin.py:188} INFO - [2024-05-21T09:37:06.057+0200] {dagbag.py:545} INFO - Filling up the DagBag from /home/munya/anaconda3/lib/python3.11/site-packages/airflow/example_dags/example_subdag_operator.py
[2024-05-21T09:37:06.079+0200] {processor.py:840} INFO - DAG(s) 'example_subdag_operator.section-1', 'example_subdag_operator.section-2', 'example_subdag_operator' retrieved from /home/munya/anaconda3/lib/python3.11/site-packages/airflow/example_dags/example_subdag_operator.py
[2024-05-21T09:37:06.098+0200] {logging_mixin.py:188} INFO - [2024-05-21T09:37:06.098+0200] {dag.py:3096} INFO - Sync 3 DAGs
[2024-05-21T09:37:06.119+0200] {logging_mixin.py:188} INFO - [2024-05-21T09:37:06.118+0200] {dag.py:3954} INFO - Setting next_dagrun for example_subdag_operator to 2022-01-01 00:00:00+00:00, run_after=2022-01-01 00:00:00+00:00
[2024-05-21T09:37:06.122+0200] {logging_mixin.py:188} INFO - [2024-05-21T09:37:06.122+0200] {dag.py:3954} INFO - Setting next_dagrun for example_subdag_operator.section-1 to None, run_after=None
[2024-05-21T09:37:06.124+0200] {logging_mixin.py:188} INFO - [2024-05-21T09:37:06.123+0200] {dag.py:3954} INFO - Setting next_dagrun for example_subdag_operator.section-2 to None, run_after=None
[2024-05-21T09:37:06.129+0200] {logging_mixin.py:188} INFO - [2024-05-21T09:37:06.129+0200] {dag.py:3096} INFO - Sync 2 DAGs
[2024-05-21T09:37:06.134+0200] {logging_mixin.py:188} INFO - [2024-05-21T09:37:06.134+0200] {dag.py:3954} INFO - Setting next_dagrun for example_subdag_operator.section-1 to None, run_after=None
[2024-05-21T09:37:06.135+0200] {logging_mixin.py:188} INFO - [2024-05-21T09:37:06.134+0200] {dag.py:3954} INFO - Setting next_dagrun for example_subdag_operator.section-2 to None, run_after=None
[2024-05-21T09:37:06.149+0200] {processor.py:183} INFO - Processing /home/munya/anaconda3/lib/python3.11/site-packages/airflow/example_dags/example_subdag_operator.py took 0.100 seconds
[2024-05-21T09:38:06.792+0200] {processor.py:161} INFO - Started process (PID=46289) to work on /home/munya/anaconda3/lib/python3.11/site-packages/airflow/example_dags/example_subdag_operator.py
[2024-05-21T09:38:06.795+0200] {processor.py:830} INFO - Processing file /home/munya/anaconda3/lib/python3.11/site-packages/airflow/example_dags/example_subdag_operator.py for tasks to queue
[2024-05-21T09:38:06.798+0200] {logging_mixin.py:188} INFO - [2024-05-21T09:38:06.797+0200] {dagbag.py:545} INFO - Filling up the DagBag from /home/munya/anaconda3/lib/python3.11/site-packages/airflow/example_dags/example_subdag_operator.py
[2024-05-21T09:38:06.871+0200] {processor.py:840} INFO - DAG(s) 'example_subdag_operator.section-1', 'example_subdag_operator.section-2', 'example_subdag_operator' retrieved from /home/munya/anaconda3/lib/python3.11/site-packages/airflow/example_dags/example_subdag_operator.py
[2024-05-21T09:38:06.924+0200] {logging_mixin.py:188} INFO - [2024-05-21T09:38:06.923+0200] {dag.py:3096} INFO - Sync 3 DAGs
[2024-05-21T09:38:06.979+0200] {logging_mixin.py:188} INFO - [2024-05-21T09:38:06.978+0200] {dag.py:3954} INFO - Setting next_dagrun for example_subdag_operator to 2022-01-01 00:00:00+00:00, run_after=2022-01-01 00:00:00+00:00
[2024-05-21T09:38:06.988+0200] {logging_mixin.py:188} INFO - [2024-05-21T09:38:06.988+0200] {dag.py:3954} INFO - Setting next_dagrun for example_subdag_operator.section-1 to None, run_after=None
[2024-05-21T09:38:06.991+0200] {logging_mixin.py:188} INFO - [2024-05-21T09:38:06.991+0200] {dag.py:3954} INFO - Setting next_dagrun for example_subdag_operator.section-2 to None, run_after=None
[2024-05-21T09:38:07.008+0200] {logging_mixin.py:188} INFO - [2024-05-21T09:38:07.007+0200] {dag.py:3096} INFO - Sync 2 DAGs
[2024-05-21T09:38:07.020+0200] {logging_mixin.py:188} INFO - [2024-05-21T09:38:07.019+0200] {dag.py:3954} INFO - Setting next_dagrun for example_subdag_operator.section-1 to None, run_after=None
[2024-05-21T09:38:07.021+0200] {logging_mixin.py:188} INFO - [2024-05-21T09:38:07.021+0200] {dag.py:3954} INFO - Setting next_dagrun for example_subdag_operator.section-2 to None, run_after=None
[2024-05-21T09:38:07.063+0200] {processor.py:183} INFO - Processing /home/munya/anaconda3/lib/python3.11/site-packages/airflow/example_dags/example_subdag_operator.py took 0.296 seconds
[2024-05-21T09:39:12.692+0200] {processor.py:161} INFO - Started process (PID=47184) to work on /home/munya/anaconda3/lib/python3.11/site-packages/airflow/example_dags/example_subdag_operator.py
[2024-05-21T09:39:12.693+0200] {processor.py:830} INFO - Processing file /home/munya/anaconda3/lib/python3.11/site-packages/airflow/example_dags/example_subdag_operator.py for tasks to queue
[2024-05-21T09:39:12.693+0200] {logging_mixin.py:188} INFO - [2024-05-21T09:39:12.693+0200] {dagbag.py:545} INFO - Filling up the DagBag from /home/munya/anaconda3/lib/python3.11/site-packages/airflow/example_dags/example_subdag_operator.py
[2024-05-21T09:39:12.711+0200] {processor.py:840} INFO - DAG(s) 'example_subdag_operator.section-1', 'example_subdag_operator.section-2', 'example_subdag_operator' retrieved from /home/munya/anaconda3/lib/python3.11/site-packages/airflow/example_dags/example_subdag_operator.py
[2024-05-21T09:39:12.724+0200] {logging_mixin.py:188} INFO - [2024-05-21T09:39:12.724+0200] {dag.py:3096} INFO - Sync 3 DAGs
[2024-05-21T09:39:12.740+0200] {logging_mixin.py:188} INFO - [2024-05-21T09:39:12.740+0200] {dag.py:3954} INFO - Setting next_dagrun for example_subdag_operator to 2022-01-01 00:00:00+00:00, run_after=2022-01-01 00:00:00+00:00
[2024-05-21T09:39:12.743+0200] {logging_mixin.py:188} INFO - [2024-05-21T09:39:12.743+0200] {dag.py:3954} INFO - Setting next_dagrun for example_subdag_operator.section-1 to None, run_after=None
[2024-05-21T09:39:12.744+0200] {logging_mixin.py:188} INFO - [2024-05-21T09:39:12.744+0200] {dag.py:3954} INFO - Setting next_dagrun for example_subdag_operator.section-2 to None, run_after=None
[2024-05-21T09:39:12.748+0200] {logging_mixin.py:188} INFO - [2024-05-21T09:39:12.748+0200] {dag.py:3096} INFO - Sync 2 DAGs
[2024-05-21T09:39:12.752+0200] {logging_mixin.py:188} INFO - [2024-05-21T09:39:12.752+0200] {dag.py:3954} INFO - Setting next_dagrun for example_subdag_operator.section-1 to None, run_after=None
[2024-05-21T09:39:12.752+0200] {logging_mixin.py:188} INFO - [2024-05-21T09:39:12.752+0200] {dag.py:3954} INFO - Setting next_dagrun for example_subdag_operator.section-2 to None, run_after=None
[2024-05-21T09:39:12.763+0200] {processor.py:183} INFO - Processing /home/munya/anaconda3/lib/python3.11/site-packages/airflow/example_dags/example_subdag_operator.py took 0.077 seconds
[2024-05-21T09:40:17.531+0200] {processor.py:161} INFO - Started process (PID=48052) to work on /home/munya/anaconda3/lib/python3.11/site-packages/airflow/example_dags/example_subdag_operator.py
[2024-05-21T09:40:17.532+0200] {processor.py:830} INFO - Processing file /home/munya/anaconda3/lib/python3.11/site-packages/airflow/example_dags/example_subdag_operator.py for tasks to queue
[2024-05-21T09:40:17.533+0200] {logging_mixin.py:188} INFO - [2024-05-21T09:40:17.532+0200] {dagbag.py:545} INFO - Filling up the DagBag from /home/munya/anaconda3/lib/python3.11/site-packages/airflow/example_dags/example_subdag_operator.py
[2024-05-21T09:40:17.549+0200] {processor.py:840} INFO - DAG(s) 'example_subdag_operator.section-1', 'example_subdag_operator.section-2', 'example_subdag_operator' retrieved from /home/munya/anaconda3/lib/python3.11/site-packages/airflow/example_dags/example_subdag_operator.py
[2024-05-21T09:40:17.561+0200] {logging_mixin.py:188} INFO - [2024-05-21T09:40:17.561+0200] {dag.py:3096} INFO - Sync 3 DAGs
[2024-05-21T09:40:17.579+0200] {logging_mixin.py:188} INFO - [2024-05-21T09:40:17.578+0200] {dag.py:3954} INFO - Setting next_dagrun for example_subdag_operator to 2022-01-01 00:00:00+00:00, run_after=2022-01-01 00:00:00+00:00
[2024-05-21T09:40:17.582+0200] {logging_mixin.py:188} INFO - [2024-05-21T09:40:17.581+0200] {dag.py:3954} INFO - Setting next_dagrun for example_subdag_operator.section-1 to None, run_after=None
[2024-05-21T09:40:17.582+0200] {logging_mixin.py:188} INFO - [2024-05-21T09:40:17.582+0200] {dag.py:3954} INFO - Setting next_dagrun for example_subdag_operator.section-2 to None, run_after=None
[2024-05-21T09:40:17.587+0200] {logging_mixin.py:188} INFO - [2024-05-21T09:40:17.587+0200] {dag.py:3096} INFO - Sync 2 DAGs
[2024-05-21T09:40:17.590+0200] {logging_mixin.py:188} INFO - [2024-05-21T09:40:17.590+0200] {dag.py:3954} INFO - Setting next_dagrun for example_subdag_operator.section-1 to None, run_after=None
[2024-05-21T09:40:17.590+0200] {logging_mixin.py:188} INFO - [2024-05-21T09:40:17.590+0200] {dag.py:3954} INFO - Setting next_dagrun for example_subdag_operator.section-2 to None, run_after=None
[2024-05-21T09:40:17.607+0200] {processor.py:183} INFO - Processing /home/munya/anaconda3/lib/python3.11/site-packages/airflow/example_dags/example_subdag_operator.py took 0.081 seconds
[2024-05-21T09:41:20.032+0200] {processor.py:161} INFO - Started process (PID=48868) to work on /home/munya/anaconda3/lib/python3.11/site-packages/airflow/example_dags/example_subdag_operator.py
[2024-05-21T09:41:20.035+0200] {processor.py:830} INFO - Processing file /home/munya/anaconda3/lib/python3.11/site-packages/airflow/example_dags/example_subdag_operator.py for tasks to queue
[2024-05-21T09:41:20.038+0200] {logging_mixin.py:188} INFO - [2024-05-21T09:41:20.037+0200] {dagbag.py:545} INFO - Filling up the DagBag from /home/munya/anaconda3/lib/python3.11/site-packages/airflow/example_dags/example_subdag_operator.py
[2024-05-21T09:41:20.123+0200] {processor.py:840} INFO - DAG(s) 'example_subdag_operator.section-1', 'example_subdag_operator.section-2', 'example_subdag_operator' retrieved from /home/munya/anaconda3/lib/python3.11/site-packages/airflow/example_dags/example_subdag_operator.py
[2024-05-21T09:41:20.202+0200] {logging_mixin.py:188} INFO - [2024-05-21T09:41:20.201+0200] {dag.py:3096} INFO - Sync 3 DAGs
[2024-05-21T09:41:20.291+0200] {logging_mixin.py:188} INFO - [2024-05-21T09:41:20.290+0200] {dag.py:3954} INFO - Setting next_dagrun for example_subdag_operator to 2022-01-01 00:00:00+00:00, run_after=2022-01-01 00:00:00+00:00
[2024-05-21T09:41:20.305+0200] {logging_mixin.py:188} INFO - [2024-05-21T09:41:20.304+0200] {dag.py:3954} INFO - Setting next_dagrun for example_subdag_operator.section-1 to None, run_after=None
[2024-05-21T09:41:20.308+0200] {logging_mixin.py:188} INFO - [2024-05-21T09:41:20.307+0200] {dag.py:3954} INFO - Setting next_dagrun for example_subdag_operator.section-2 to None, run_after=None
[2024-05-21T09:41:20.331+0200] {logging_mixin.py:188} INFO - [2024-05-21T09:41:20.330+0200] {dag.py:3096} INFO - Sync 2 DAGs
[2024-05-21T09:41:20.346+0200] {logging_mixin.py:188} INFO - [2024-05-21T09:41:20.345+0200] {dag.py:3954} INFO - Setting next_dagrun for example_subdag_operator.section-1 to None, run_after=None
[2024-05-21T09:41:20.347+0200] {logging_mixin.py:188} INFO - [2024-05-21T09:41:20.347+0200] {dag.py:3954} INFO - Setting next_dagrun for example_subdag_operator.section-2 to None, run_after=None
[2024-05-21T09:41:20.389+0200] {processor.py:183} INFO - Processing /home/munya/anaconda3/lib/python3.11/site-packages/airflow/example_dags/example_subdag_operator.py took 0.376 seconds
[2024-05-21T09:42:22.587+0200] {processor.py:161} INFO - Started process (PID=49725) to work on /home/munya/anaconda3/lib/python3.11/site-packages/airflow/example_dags/example_subdag_operator.py
[2024-05-21T09:42:22.588+0200] {processor.py:830} INFO - Processing file /home/munya/anaconda3/lib/python3.11/site-packages/airflow/example_dags/example_subdag_operator.py for tasks to queue
[2024-05-21T09:42:22.589+0200] {logging_mixin.py:188} INFO - [2024-05-21T09:42:22.589+0200] {dagbag.py:545} INFO - Filling up the DagBag from /home/munya/anaconda3/lib/python3.11/site-packages/airflow/example_dags/example_subdag_operator.py
[2024-05-21T09:42:22.608+0200] {processor.py:840} INFO - DAG(s) 'example_subdag_operator.section-1', 'example_subdag_operator.section-2', 'example_subdag_operator' retrieved from /home/munya/anaconda3/lib/python3.11/site-packages/airflow/example_dags/example_subdag_operator.py
[2024-05-21T09:42:22.624+0200] {logging_mixin.py:188} INFO - [2024-05-21T09:42:22.624+0200] {dag.py:3096} INFO - Sync 3 DAGs
[2024-05-21T09:42:22.644+0200] {logging_mixin.py:188} INFO - [2024-05-21T09:42:22.644+0200] {dag.py:3954} INFO - Setting next_dagrun for example_subdag_operator to 2022-01-01 00:00:00+00:00, run_after=2022-01-01 00:00:00+00:00
[2024-05-21T09:42:22.648+0200] {logging_mixin.py:188} INFO - [2024-05-21T09:42:22.648+0200] {dag.py:3954} INFO - Setting next_dagrun for example_subdag_operator.section-1 to None, run_after=None
[2024-05-21T09:42:22.649+0200] {logging_mixin.py:188} INFO - [2024-05-21T09:42:22.649+0200] {dag.py:3954} INFO - Setting next_dagrun for example_subdag_operator.section-2 to None, run_after=None
[2024-05-21T09:42:22.655+0200] {logging_mixin.py:188} INFO - [2024-05-21T09:42:22.655+0200] {dag.py:3096} INFO - Sync 2 DAGs
[2024-05-21T09:42:22.659+0200] {logging_mixin.py:188} INFO - [2024-05-21T09:42:22.659+0200] {dag.py:3954} INFO - Setting next_dagrun for example_subdag_operator.section-1 to None, run_after=None
[2024-05-21T09:42:22.660+0200] {logging_mixin.py:188} INFO - [2024-05-21T09:42:22.660+0200] {dag.py:3954} INFO - Setting next_dagrun for example_subdag_operator.section-2 to None, run_after=None
[2024-05-21T09:42:22.673+0200] {processor.py:183} INFO - Processing /home/munya/anaconda3/lib/python3.11/site-packages/airflow/example_dags/example_subdag_operator.py took 0.092 seconds
[2024-05-21T09:43:20.159+0200] {processor.py:161} INFO - Started process (PID=50479) to work on /home/munya/anaconda3/lib/python3.11/site-packages/airflow/example_dags/example_subdag_operator.py
[2024-05-21T09:43:20.160+0200] {processor.py:830} INFO - Processing file /home/munya/anaconda3/lib/python3.11/site-packages/airflow/example_dags/example_subdag_operator.py for tasks to queue
[2024-05-21T09:43:20.160+0200] {logging_mixin.py:188} INFO - [2024-05-21T09:43:20.160+0200] {dagbag.py:545} INFO - Filling up the DagBag from /home/munya/anaconda3/lib/python3.11/site-packages/airflow/example_dags/example_subdag_operator.py
[2024-05-21T09:43:20.181+0200] {processor.py:840} INFO - DAG(s) 'example_subdag_operator.section-1', 'example_subdag_operator.section-2', 'example_subdag_operator' retrieved from /home/munya/anaconda3/lib/python3.11/site-packages/airflow/example_dags/example_subdag_operator.py
[2024-05-21T09:43:20.200+0200] {logging_mixin.py:188} INFO - [2024-05-21T09:43:20.200+0200] {dag.py:3096} INFO - Sync 3 DAGs
[2024-05-21T09:43:20.216+0200] {logging_mixin.py:188} INFO - [2024-05-21T09:43:20.216+0200] {dag.py:3954} INFO - Setting next_dagrun for example_subdag_operator to 2022-01-01 00:00:00+00:00, run_after=2022-01-01 00:00:00+00:00
[2024-05-21T09:43:20.220+0200] {logging_mixin.py:188} INFO - [2024-05-21T09:43:20.220+0200] {dag.py:3954} INFO - Setting next_dagrun for example_subdag_operator.section-1 to None, run_after=None
[2024-05-21T09:43:20.221+0200] {logging_mixin.py:188} INFO - [2024-05-21T09:43:20.221+0200] {dag.py:3954} INFO - Setting next_dagrun for example_subdag_operator.section-2 to None, run_after=None
[2024-05-21T09:43:20.226+0200] {logging_mixin.py:188} INFO - [2024-05-21T09:43:20.226+0200] {dag.py:3096} INFO - Sync 2 DAGs
[2024-05-21T09:43:20.230+0200] {logging_mixin.py:188} INFO - [2024-05-21T09:43:20.229+0200] {dag.py:3954} INFO - Setting next_dagrun for example_subdag_operator.section-1 to None, run_after=None
[2024-05-21T09:43:20.230+0200] {logging_mixin.py:188} INFO - [2024-05-21T09:43:20.230+0200] {dag.py:3954} INFO - Setting next_dagrun for example_subdag_operator.section-2 to None, run_after=None
[2024-05-21T09:43:20.242+0200] {processor.py:183} INFO - Processing /home/munya/anaconda3/lib/python3.11/site-packages/airflow/example_dags/example_subdag_operator.py took 0.089 seconds
[2024-05-21T09:44:23.168+0200] {processor.py:161} INFO - Started process (PID=51294) to work on /home/munya/anaconda3/lib/python3.11/site-packages/airflow/example_dags/example_subdag_operator.py
[2024-05-21T09:44:23.171+0200] {processor.py:830} INFO - Processing file /home/munya/anaconda3/lib/python3.11/site-packages/airflow/example_dags/example_subdag_operator.py for tasks to queue
[2024-05-21T09:44:23.173+0200] {logging_mixin.py:188} INFO - [2024-05-21T09:44:23.172+0200] {dagbag.py:545} INFO - Filling up the DagBag from /home/munya/anaconda3/lib/python3.11/site-packages/airflow/example_dags/example_subdag_operator.py
[2024-05-21T09:44:23.233+0200] {processor.py:840} INFO - DAG(s) 'example_subdag_operator.section-1', 'example_subdag_operator.section-2', 'example_subdag_operator' retrieved from /home/munya/anaconda3/lib/python3.11/site-packages/airflow/example_dags/example_subdag_operator.py
[2024-05-21T09:44:23.306+0200] {logging_mixin.py:188} INFO - [2024-05-21T09:44:23.305+0200] {dag.py:3096} INFO - Sync 3 DAGs
[2024-05-21T09:44:23.383+0200] {logging_mixin.py:188} INFO - [2024-05-21T09:44:23.382+0200] {dag.py:3954} INFO - Setting next_dagrun for example_subdag_operator to 2022-01-01 00:00:00+00:00, run_after=2022-01-01 00:00:00+00:00
[2024-05-21T09:44:23.394+0200] {logging_mixin.py:188} INFO - [2024-05-21T09:44:23.393+0200] {dag.py:3954} INFO - Setting next_dagrun for example_subdag_operator.section-1 to None, run_after=None
[2024-05-21T09:44:23.397+0200] {logging_mixin.py:188} INFO - [2024-05-21T09:44:23.396+0200] {dag.py:3954} INFO - Setting next_dagrun for example_subdag_operator.section-2 to None, run_after=None
[2024-05-21T09:44:23.413+0200] {logging_mixin.py:188} INFO - [2024-05-21T09:44:23.412+0200] {dag.py:3096} INFO - Sync 2 DAGs
[2024-05-21T09:44:23.424+0200] {logging_mixin.py:188} INFO - [2024-05-21T09:44:23.423+0200] {dag.py:3954} INFO - Setting next_dagrun for example_subdag_operator.section-1 to None, run_after=None
[2024-05-21T09:44:23.425+0200] {logging_mixin.py:188} INFO - [2024-05-21T09:44:23.425+0200] {dag.py:3954} INFO - Setting next_dagrun for example_subdag_operator.section-2 to None, run_after=None
[2024-05-21T09:44:23.468+0200] {processor.py:183} INFO - Processing /home/munya/anaconda3/lib/python3.11/site-packages/airflow/example_dags/example_subdag_operator.py took 0.320 seconds
[2024-05-21T09:45:32.175+0200] {processor.py:161} INFO - Started process (PID=52263) to work on /home/munya/anaconda3/lib/python3.11/site-packages/airflow/example_dags/example_subdag_operator.py
[2024-05-21T09:45:32.176+0200] {processor.py:830} INFO - Processing file /home/munya/anaconda3/lib/python3.11/site-packages/airflow/example_dags/example_subdag_operator.py for tasks to queue
[2024-05-21T09:45:32.177+0200] {logging_mixin.py:188} INFO - [2024-05-21T09:45:32.176+0200] {dagbag.py:545} INFO - Filling up the DagBag from /home/munya/anaconda3/lib/python3.11/site-packages/airflow/example_dags/example_subdag_operator.py
[2024-05-21T09:45:32.195+0200] {processor.py:840} INFO - DAG(s) 'example_subdag_operator.section-1', 'example_subdag_operator.section-2', 'example_subdag_operator' retrieved from /home/munya/anaconda3/lib/python3.11/site-packages/airflow/example_dags/example_subdag_operator.py
[2024-05-21T09:45:32.208+0200] {logging_mixin.py:188} INFO - [2024-05-21T09:45:32.208+0200] {dag.py:3096} INFO - Sync 3 DAGs
[2024-05-21T09:45:32.224+0200] {logging_mixin.py:188} INFO - [2024-05-21T09:45:32.224+0200] {dag.py:3954} INFO - Setting next_dagrun for example_subdag_operator to 2022-01-01 00:00:00+00:00, run_after=2022-01-01 00:00:00+00:00
[2024-05-21T09:45:32.227+0200] {logging_mixin.py:188} INFO - [2024-05-21T09:45:32.227+0200] {dag.py:3954} INFO - Setting next_dagrun for example_subdag_operator.section-1 to None, run_after=None
[2024-05-21T09:45:32.228+0200] {logging_mixin.py:188} INFO - [2024-05-21T09:45:32.228+0200] {dag.py:3954} INFO - Setting next_dagrun for example_subdag_operator.section-2 to None, run_after=None
[2024-05-21T09:45:32.232+0200] {logging_mixin.py:188} INFO - [2024-05-21T09:45:32.232+0200] {dag.py:3096} INFO - Sync 2 DAGs
[2024-05-21T09:45:32.236+0200] {logging_mixin.py:188} INFO - [2024-05-21T09:45:32.236+0200] {dag.py:3954} INFO - Setting next_dagrun for example_subdag_operator.section-1 to None, run_after=None
[2024-05-21T09:45:32.236+0200] {logging_mixin.py:188} INFO - [2024-05-21T09:45:32.236+0200] {dag.py:3954} INFO - Setting next_dagrun for example_subdag_operator.section-2 to None, run_after=None
[2024-05-21T09:45:32.246+0200] {processor.py:183} INFO - Processing /home/munya/anaconda3/lib/python3.11/site-packages/airflow/example_dags/example_subdag_operator.py took 0.077 seconds
[2024-05-21T09:46:32.971+0200] {processor.py:161} INFO - Started process (PID=53174) to work on /home/munya/anaconda3/lib/python3.11/site-packages/airflow/example_dags/example_subdag_operator.py
[2024-05-21T09:46:32.972+0200] {processor.py:830} INFO - Processing file /home/munya/anaconda3/lib/python3.11/site-packages/airflow/example_dags/example_subdag_operator.py for tasks to queue
[2024-05-21T09:46:32.973+0200] {logging_mixin.py:188} INFO - [2024-05-21T09:46:32.972+0200] {dagbag.py:545} INFO - Filling up the DagBag from /home/munya/anaconda3/lib/python3.11/site-packages/airflow/example_dags/example_subdag_operator.py
[2024-05-21T09:46:32.991+0200] {processor.py:840} INFO - DAG(s) 'example_subdag_operator.section-1', 'example_subdag_operator.section-2', 'example_subdag_operator' retrieved from /home/munya/anaconda3/lib/python3.11/site-packages/airflow/example_dags/example_subdag_operator.py
[2024-05-21T09:46:33.005+0200] {logging_mixin.py:188} INFO - [2024-05-21T09:46:33.005+0200] {dag.py:3096} INFO - Sync 3 DAGs
[2024-05-21T09:46:33.022+0200] {logging_mixin.py:188} INFO - [2024-05-21T09:46:33.022+0200] {dag.py:3954} INFO - Setting next_dagrun for example_subdag_operator to 2022-01-01 00:00:00+00:00, run_after=2022-01-01 00:00:00+00:00
[2024-05-21T09:46:33.025+0200] {logging_mixin.py:188} INFO - [2024-05-21T09:46:33.025+0200] {dag.py:3954} INFO - Setting next_dagrun for example_subdag_operator.section-1 to None, run_after=None
[2024-05-21T09:46:33.026+0200] {logging_mixin.py:188} INFO - [2024-05-21T09:46:33.026+0200] {dag.py:3954} INFO - Setting next_dagrun for example_subdag_operator.section-2 to None, run_after=None
[2024-05-21T09:46:33.030+0200] {logging_mixin.py:188} INFO - [2024-05-21T09:46:33.030+0200] {dag.py:3096} INFO - Sync 2 DAGs
[2024-05-21T09:46:33.034+0200] {logging_mixin.py:188} INFO - [2024-05-21T09:46:33.034+0200] {dag.py:3954} INFO - Setting next_dagrun for example_subdag_operator.section-1 to None, run_after=None
[2024-05-21T09:46:33.035+0200] {logging_mixin.py:188} INFO - [2024-05-21T09:46:33.035+0200] {dag.py:3954} INFO - Setting next_dagrun for example_subdag_operator.section-2 to None, run_after=None
[2024-05-21T09:46:33.045+0200] {processor.py:183} INFO - Processing /home/munya/anaconda3/lib/python3.11/site-packages/airflow/example_dags/example_subdag_operator.py took 0.081 seconds
[2024-05-21T09:47:39.020+0200] {processor.py:161} INFO - Started process (PID=54193) to work on /home/munya/anaconda3/lib/python3.11/site-packages/airflow/example_dags/example_subdag_operator.py
[2024-05-21T09:47:39.021+0200] {processor.py:830} INFO - Processing file /home/munya/anaconda3/lib/python3.11/site-packages/airflow/example_dags/example_subdag_operator.py for tasks to queue
[2024-05-21T09:47:39.021+0200] {logging_mixin.py:188} INFO - [2024-05-21T09:47:39.021+0200] {dagbag.py:545} INFO - Filling up the DagBag from /home/munya/anaconda3/lib/python3.11/site-packages/airflow/example_dags/example_subdag_operator.py
[2024-05-21T09:47:39.041+0200] {processor.py:840} INFO - DAG(s) 'example_subdag_operator.section-1', 'example_subdag_operator.section-2', 'example_subdag_operator' retrieved from /home/munya/anaconda3/lib/python3.11/site-packages/airflow/example_dags/example_subdag_operator.py
[2024-05-21T09:47:39.058+0200] {logging_mixin.py:188} INFO - [2024-05-21T09:47:39.058+0200] {dag.py:3096} INFO - Sync 3 DAGs
[2024-05-21T09:47:39.078+0200] {logging_mixin.py:188} INFO - [2024-05-21T09:47:39.078+0200] {dag.py:3954} INFO - Setting next_dagrun for example_subdag_operator to 2022-01-01 00:00:00+00:00, run_after=2022-01-01 00:00:00+00:00
[2024-05-21T09:47:39.081+0200] {logging_mixin.py:188} INFO - [2024-05-21T09:47:39.081+0200] {dag.py:3954} INFO - Setting next_dagrun for example_subdag_operator.section-1 to None, run_after=None
[2024-05-21T09:47:39.082+0200] {logging_mixin.py:188} INFO - [2024-05-21T09:47:39.082+0200] {dag.py:3954} INFO - Setting next_dagrun for example_subdag_operator.section-2 to None, run_after=None
[2024-05-21T09:47:39.087+0200] {logging_mixin.py:188} INFO - [2024-05-21T09:47:39.087+0200] {dag.py:3096} INFO - Sync 2 DAGs
[2024-05-21T09:47:39.091+0200] {logging_mixin.py:188} INFO - [2024-05-21T09:47:39.091+0200] {dag.py:3954} INFO - Setting next_dagrun for example_subdag_operator.section-1 to None, run_after=None
[2024-05-21T09:47:39.092+0200] {logging_mixin.py:188} INFO - [2024-05-21T09:47:39.092+0200] {dag.py:3954} INFO - Setting next_dagrun for example_subdag_operator.section-2 to None, run_after=None
[2024-05-21T09:47:39.104+0200] {processor.py:183} INFO - Processing /home/munya/anaconda3/lib/python3.11/site-packages/airflow/example_dags/example_subdag_operator.py took 0.091 seconds
[2024-05-21T09:48:44.643+0200] {processor.py:161} INFO - Started process (PID=55046) to work on /home/munya/anaconda3/lib/python3.11/site-packages/airflow/example_dags/example_subdag_operator.py
[2024-05-21T09:48:44.644+0200] {processor.py:830} INFO - Processing file /home/munya/anaconda3/lib/python3.11/site-packages/airflow/example_dags/example_subdag_operator.py for tasks to queue
[2024-05-21T09:48:44.645+0200] {logging_mixin.py:188} INFO - [2024-05-21T09:48:44.644+0200] {dagbag.py:545} INFO - Filling up the DagBag from /home/munya/anaconda3/lib/python3.11/site-packages/airflow/example_dags/example_subdag_operator.py
[2024-05-21T09:48:44.662+0200] {processor.py:840} INFO - DAG(s) 'example_subdag_operator.section-1', 'example_subdag_operator.section-2', 'example_subdag_operator' retrieved from /home/munya/anaconda3/lib/python3.11/site-packages/airflow/example_dags/example_subdag_operator.py
[2024-05-21T09:48:44.676+0200] {logging_mixin.py:188} INFO - [2024-05-21T09:48:44.675+0200] {dag.py:3096} INFO - Sync 3 DAGs
[2024-05-21T09:48:44.691+0200] {logging_mixin.py:188} INFO - [2024-05-21T09:48:44.691+0200] {dag.py:3954} INFO - Setting next_dagrun for example_subdag_operator to 2022-01-01 00:00:00+00:00, run_after=2022-01-01 00:00:00+00:00
[2024-05-21T09:48:44.695+0200] {logging_mixin.py:188} INFO - [2024-05-21T09:48:44.695+0200] {dag.py:3954} INFO - Setting next_dagrun for example_subdag_operator.section-1 to None, run_after=None
[2024-05-21T09:48:44.696+0200] {logging_mixin.py:188} INFO - [2024-05-21T09:48:44.696+0200] {dag.py:3954} INFO - Setting next_dagrun for example_subdag_operator.section-2 to None, run_after=None
[2024-05-21T09:48:44.700+0200] {logging_mixin.py:188} INFO - [2024-05-21T09:48:44.700+0200] {dag.py:3096} INFO - Sync 2 DAGs
[2024-05-21T09:48:44.704+0200] {logging_mixin.py:188} INFO - [2024-05-21T09:48:44.704+0200] {dag.py:3954} INFO - Setting next_dagrun for example_subdag_operator.section-1 to None, run_after=None
[2024-05-21T09:48:44.704+0200] {logging_mixin.py:188} INFO - [2024-05-21T09:48:44.704+0200] {dag.py:3954} INFO - Setting next_dagrun for example_subdag_operator.section-2 to None, run_after=None
[2024-05-21T09:48:44.715+0200] {processor.py:183} INFO - Processing /home/munya/anaconda3/lib/python3.11/site-packages/airflow/example_dags/example_subdag_operator.py took 0.077 seconds
[2024-05-21T09:49:48.055+0200] {processor.py:161} INFO - Started process (PID=55891) to work on /home/munya/anaconda3/lib/python3.11/site-packages/airflow/example_dags/example_subdag_operator.py
[2024-05-21T09:49:48.056+0200] {processor.py:830} INFO - Processing file /home/munya/anaconda3/lib/python3.11/site-packages/airflow/example_dags/example_subdag_operator.py for tasks to queue
[2024-05-21T09:49:48.057+0200] {logging_mixin.py:188} INFO - [2024-05-21T09:49:48.056+0200] {dagbag.py:545} INFO - Filling up the DagBag from /home/munya/anaconda3/lib/python3.11/site-packages/airflow/example_dags/example_subdag_operator.py
[2024-05-21T09:49:48.076+0200] {processor.py:840} INFO - DAG(s) 'example_subdag_operator.section-1', 'example_subdag_operator.section-2', 'example_subdag_operator' retrieved from /home/munya/anaconda3/lib/python3.11/site-packages/airflow/example_dags/example_subdag_operator.py
[2024-05-21T09:49:48.089+0200] {logging_mixin.py:188} INFO - [2024-05-21T09:49:48.089+0200] {dag.py:3096} INFO - Sync 3 DAGs
[2024-05-21T09:49:48.105+0200] {logging_mixin.py:188} INFO - [2024-05-21T09:49:48.105+0200] {dag.py:3954} INFO - Setting next_dagrun for example_subdag_operator to 2022-01-01 00:00:00+00:00, run_after=2022-01-01 00:00:00+00:00
[2024-05-21T09:49:48.108+0200] {logging_mixin.py:188} INFO - [2024-05-21T09:49:48.108+0200] {dag.py:3954} INFO - Setting next_dagrun for example_subdag_operator.section-1 to None, run_after=None
[2024-05-21T09:49:48.109+0200] {logging_mixin.py:188} INFO - [2024-05-21T09:49:48.109+0200] {dag.py:3954} INFO - Setting next_dagrun for example_subdag_operator.section-2 to None, run_after=None
[2024-05-21T09:49:48.114+0200] {logging_mixin.py:188} INFO - [2024-05-21T09:49:48.114+0200] {dag.py:3096} INFO - Sync 2 DAGs
[2024-05-21T09:49:48.119+0200] {logging_mixin.py:188} INFO - [2024-05-21T09:49:48.118+0200] {dag.py:3954} INFO - Setting next_dagrun for example_subdag_operator.section-1 to None, run_after=None
[2024-05-21T09:49:48.119+0200] {logging_mixin.py:188} INFO - [2024-05-21T09:49:48.119+0200] {dag.py:3954} INFO - Setting next_dagrun for example_subdag_operator.section-2 to None, run_after=None
[2024-05-21T09:49:48.129+0200] {processor.py:183} INFO - Processing /home/munya/anaconda3/lib/python3.11/site-packages/airflow/example_dags/example_subdag_operator.py took 0.080 seconds
[2024-05-21T09:50:57.263+0200] {processor.py:161} INFO - Started process (PID=56844) to work on /home/munya/anaconda3/lib/python3.11/site-packages/airflow/example_dags/example_subdag_operator.py
[2024-05-21T09:50:57.268+0200] {processor.py:830} INFO - Processing file /home/munya/anaconda3/lib/python3.11/site-packages/airflow/example_dags/example_subdag_operator.py for tasks to queue
[2024-05-21T09:50:57.273+0200] {logging_mixin.py:188} INFO - [2024-05-21T09:50:57.271+0200] {dagbag.py:545} INFO - Filling up the DagBag from /home/munya/anaconda3/lib/python3.11/site-packages/airflow/example_dags/example_subdag_operator.py
[2024-05-21T09:50:57.361+0200] {processor.py:840} INFO - DAG(s) 'example_subdag_operator.section-1', 'example_subdag_operator.section-2', 'example_subdag_operator' retrieved from /home/munya/anaconda3/lib/python3.11/site-packages/airflow/example_dags/example_subdag_operator.py
[2024-05-21T09:50:57.432+0200] {logging_mixin.py:188} INFO - [2024-05-21T09:50:57.431+0200] {dag.py:3096} INFO - Sync 3 DAGs
[2024-05-21T09:50:57.525+0200] {logging_mixin.py:188} INFO - [2024-05-21T09:50:57.524+0200] {dag.py:3954} INFO - Setting next_dagrun for example_subdag_operator to 2022-01-01 00:00:00+00:00, run_after=2022-01-01 00:00:00+00:00
[2024-05-21T09:50:57.543+0200] {logging_mixin.py:188} INFO - [2024-05-21T09:50:57.542+0200] {dag.py:3954} INFO - Setting next_dagrun for example_subdag_operator.section-1 to None, run_after=None
[2024-05-21T09:50:57.548+0200] {logging_mixin.py:188} INFO - [2024-05-21T09:50:57.547+0200] {dag.py:3954} INFO - Setting next_dagrun for example_subdag_operator.section-2 to None, run_after=None
[2024-05-21T09:50:57.575+0200] {logging_mixin.py:188} INFO - [2024-05-21T09:50:57.574+0200] {dag.py:3096} INFO - Sync 2 DAGs
[2024-05-21T09:50:57.594+0200] {logging_mixin.py:188} INFO - [2024-05-21T09:50:57.593+0200] {dag.py:3954} INFO - Setting next_dagrun for example_subdag_operator.section-1 to None, run_after=None
[2024-05-21T09:50:57.596+0200] {logging_mixin.py:188} INFO - [2024-05-21T09:50:57.595+0200] {dag.py:3954} INFO - Setting next_dagrun for example_subdag_operator.section-2 to None, run_after=None
[2024-05-21T09:50:57.681+0200] {processor.py:183} INFO - Processing /home/munya/anaconda3/lib/python3.11/site-packages/airflow/example_dags/example_subdag_operator.py took 0.450 seconds
[2024-05-21T09:52:00.994+0200] {processor.py:161} INFO - Started process (PID=57846) to work on /home/munya/anaconda3/lib/python3.11/site-packages/airflow/example_dags/example_subdag_operator.py
[2024-05-21T09:52:00.997+0200] {processor.py:830} INFO - Processing file /home/munya/anaconda3/lib/python3.11/site-packages/airflow/example_dags/example_subdag_operator.py for tasks to queue
[2024-05-21T09:52:01.000+0200] {logging_mixin.py:188} INFO - [2024-05-21T09:52:00.999+0200] {dagbag.py:545} INFO - Filling up the DagBag from /home/munya/anaconda3/lib/python3.11/site-packages/airflow/example_dags/example_subdag_operator.py
[2024-05-21T09:52:01.070+0200] {processor.py:840} INFO - DAG(s) 'example_subdag_operator.section-1', 'example_subdag_operator.section-2', 'example_subdag_operator' retrieved from /home/munya/anaconda3/lib/python3.11/site-packages/airflow/example_dags/example_subdag_operator.py
[2024-05-21T09:52:01.122+0200] {logging_mixin.py:188} INFO - [2024-05-21T09:52:01.122+0200] {dag.py:3096} INFO - Sync 3 DAGs
[2024-05-21T09:52:01.184+0200] {logging_mixin.py:188} INFO - [2024-05-21T09:52:01.183+0200] {dag.py:3954} INFO - Setting next_dagrun for example_subdag_operator to 2022-01-01 00:00:00+00:00, run_after=2022-01-01 00:00:00+00:00
[2024-05-21T09:52:01.194+0200] {logging_mixin.py:188} INFO - [2024-05-21T09:52:01.193+0200] {dag.py:3954} INFO - Setting next_dagrun for example_subdag_operator.section-1 to None, run_after=None
[2024-05-21T09:52:01.196+0200] {logging_mixin.py:188} INFO - [2024-05-21T09:52:01.196+0200] {dag.py:3954} INFO - Setting next_dagrun for example_subdag_operator.section-2 to None, run_after=None
[2024-05-21T09:52:01.212+0200] {logging_mixin.py:188} INFO - [2024-05-21T09:52:01.212+0200] {dag.py:3096} INFO - Sync 2 DAGs
[2024-05-21T09:52:01.224+0200] {logging_mixin.py:188} INFO - [2024-05-21T09:52:01.223+0200] {dag.py:3954} INFO - Setting next_dagrun for example_subdag_operator.section-1 to None, run_after=None
[2024-05-21T09:52:01.225+0200] {logging_mixin.py:188} INFO - [2024-05-21T09:52:01.225+0200] {dag.py:3954} INFO - Setting next_dagrun for example_subdag_operator.section-2 to None, run_after=None
[2024-05-21T09:52:01.257+0200] {processor.py:183} INFO - Processing /home/munya/anaconda3/lib/python3.11/site-packages/airflow/example_dags/example_subdag_operator.py took 0.282 seconds
[2024-05-21T09:53:06.115+0200] {processor.py:161} INFO - Started process (PID=58713) to work on /home/munya/anaconda3/lib/python3.11/site-packages/airflow/example_dags/example_subdag_operator.py
[2024-05-21T09:53:06.116+0200] {processor.py:830} INFO - Processing file /home/munya/anaconda3/lib/python3.11/site-packages/airflow/example_dags/example_subdag_operator.py for tasks to queue
[2024-05-21T09:53:06.117+0200] {logging_mixin.py:188} INFO - [2024-05-21T09:53:06.116+0200] {dagbag.py:545} INFO - Filling up the DagBag from /home/munya/anaconda3/lib/python3.11/site-packages/airflow/example_dags/example_subdag_operator.py
[2024-05-21T09:53:06.136+0200] {processor.py:840} INFO - DAG(s) 'example_subdag_operator.section-1', 'example_subdag_operator.section-2', 'example_subdag_operator' retrieved from /home/munya/anaconda3/lib/python3.11/site-packages/airflow/example_dags/example_subdag_operator.py
[2024-05-21T09:53:06.151+0200] {logging_mixin.py:188} INFO - [2024-05-21T09:53:06.151+0200] {dag.py:3096} INFO - Sync 3 DAGs
[2024-05-21T09:53:06.170+0200] {logging_mixin.py:188} INFO - [2024-05-21T09:53:06.169+0200] {dag.py:3954} INFO - Setting next_dagrun for example_subdag_operator to 2022-01-01 00:00:00+00:00, run_after=2022-01-01 00:00:00+00:00
[2024-05-21T09:53:06.173+0200] {logging_mixin.py:188} INFO - [2024-05-21T09:53:06.173+0200] {dag.py:3954} INFO - Setting next_dagrun for example_subdag_operator.section-1 to None, run_after=None
[2024-05-21T09:53:06.174+0200] {logging_mixin.py:188} INFO - [2024-05-21T09:53:06.173+0200] {dag.py:3954} INFO - Setting next_dagrun for example_subdag_operator.section-2 to None, run_after=None
[2024-05-21T09:53:06.179+0200] {logging_mixin.py:188} INFO - [2024-05-21T09:53:06.179+0200] {dag.py:3096} INFO - Sync 2 DAGs
[2024-05-21T09:53:06.183+0200] {logging_mixin.py:188} INFO - [2024-05-21T09:53:06.183+0200] {dag.py:3954} INFO - Setting next_dagrun for example_subdag_operator.section-1 to None, run_after=None
[2024-05-21T09:53:06.183+0200] {logging_mixin.py:188} INFO - [2024-05-21T09:53:06.183+0200] {dag.py:3954} INFO - Setting next_dagrun for example_subdag_operator.section-2 to None, run_after=None
[2024-05-21T09:53:06.195+0200] {processor.py:183} INFO - Processing /home/munya/anaconda3/lib/python3.11/site-packages/airflow/example_dags/example_subdag_operator.py took 0.087 seconds
[2024-05-21T09:54:09.893+0200] {processor.py:161} INFO - Started process (PID=59567) to work on /home/munya/anaconda3/lib/python3.11/site-packages/airflow/example_dags/example_subdag_operator.py
[2024-05-21T09:54:09.894+0200] {processor.py:830} INFO - Processing file /home/munya/anaconda3/lib/python3.11/site-packages/airflow/example_dags/example_subdag_operator.py for tasks to queue
[2024-05-21T09:54:09.895+0200] {logging_mixin.py:188} INFO - [2024-05-21T09:54:09.894+0200] {dagbag.py:545} INFO - Filling up the DagBag from /home/munya/anaconda3/lib/python3.11/site-packages/airflow/example_dags/example_subdag_operator.py
[2024-05-21T09:54:09.914+0200] {processor.py:840} INFO - DAG(s) 'example_subdag_operator.section-1', 'example_subdag_operator.section-2', 'example_subdag_operator' retrieved from /home/munya/anaconda3/lib/python3.11/site-packages/airflow/example_dags/example_subdag_operator.py
[2024-05-21T09:54:09.927+0200] {logging_mixin.py:188} INFO - [2024-05-21T09:54:09.927+0200] {dag.py:3096} INFO - Sync 3 DAGs
[2024-05-21T09:54:09.943+0200] {logging_mixin.py:188} INFO - [2024-05-21T09:54:09.943+0200] {dag.py:3954} INFO - Setting next_dagrun for example_subdag_operator to 2022-01-01 00:00:00+00:00, run_after=2022-01-01 00:00:00+00:00
[2024-05-21T09:54:09.946+0200] {logging_mixin.py:188} INFO - [2024-05-21T09:54:09.946+0200] {dag.py:3954} INFO - Setting next_dagrun for example_subdag_operator.section-1 to None, run_after=None
[2024-05-21T09:54:09.947+0200] {logging_mixin.py:188} INFO - [2024-05-21T09:54:09.947+0200] {dag.py:3954} INFO - Setting next_dagrun for example_subdag_operator.section-2 to None, run_after=None
[2024-05-21T09:54:09.952+0200] {logging_mixin.py:188} INFO - [2024-05-21T09:54:09.952+0200] {dag.py:3096} INFO - Sync 2 DAGs
[2024-05-21T09:54:09.955+0200] {logging_mixin.py:188} INFO - [2024-05-21T09:54:09.955+0200] {dag.py:3954} INFO - Setting next_dagrun for example_subdag_operator.section-1 to None, run_after=None
[2024-05-21T09:54:09.956+0200] {logging_mixin.py:188} INFO - [2024-05-21T09:54:09.955+0200] {dag.py:3954} INFO - Setting next_dagrun for example_subdag_operator.section-2 to None, run_after=None
[2024-05-21T09:54:09.966+0200] {processor.py:183} INFO - Processing /home/munya/anaconda3/lib/python3.11/site-packages/airflow/example_dags/example_subdag_operator.py took 0.079 seconds
[2024-05-21T09:55:12.005+0200] {processor.py:161} INFO - Started process (PID=60386) to work on /home/munya/anaconda3/lib/python3.11/site-packages/airflow/example_dags/example_subdag_operator.py
[2024-05-21T09:55:12.006+0200] {processor.py:830} INFO - Processing file /home/munya/anaconda3/lib/python3.11/site-packages/airflow/example_dags/example_subdag_operator.py for tasks to queue
[2024-05-21T09:55:12.007+0200] {logging_mixin.py:188} INFO - [2024-05-21T09:55:12.006+0200] {dagbag.py:545} INFO - Filling up the DagBag from /home/munya/anaconda3/lib/python3.11/site-packages/airflow/example_dags/example_subdag_operator.py
[2024-05-21T09:55:12.030+0200] {processor.py:840} INFO - DAG(s) 'example_subdag_operator.section-1', 'example_subdag_operator.section-2', 'example_subdag_operator' retrieved from /home/munya/anaconda3/lib/python3.11/site-packages/airflow/example_dags/example_subdag_operator.py
[2024-05-21T09:55:12.049+0200] {logging_mixin.py:188} INFO - [2024-05-21T09:55:12.049+0200] {dag.py:3096} INFO - Sync 3 DAGs
[2024-05-21T09:55:12.067+0200] {logging_mixin.py:188} INFO - [2024-05-21T09:55:12.067+0200] {dag.py:3954} INFO - Setting next_dagrun for example_subdag_operator to 2022-01-01 00:00:00+00:00, run_after=2022-01-01 00:00:00+00:00
[2024-05-21T09:55:12.070+0200] {logging_mixin.py:188} INFO - [2024-05-21T09:55:12.070+0200] {dag.py:3954} INFO - Setting next_dagrun for example_subdag_operator.section-1 to None, run_after=None
[2024-05-21T09:55:12.071+0200] {logging_mixin.py:188} INFO - [2024-05-21T09:55:12.070+0200] {dag.py:3954} INFO - Setting next_dagrun for example_subdag_operator.section-2 to None, run_after=None
[2024-05-21T09:55:12.077+0200] {logging_mixin.py:188} INFO - [2024-05-21T09:55:12.077+0200] {dag.py:3096} INFO - Sync 2 DAGs
[2024-05-21T09:55:12.083+0200] {logging_mixin.py:188} INFO - [2024-05-21T09:55:12.082+0200] {dag.py:3954} INFO - Setting next_dagrun for example_subdag_operator.section-1 to None, run_after=None
[2024-05-21T09:55:12.083+0200] {logging_mixin.py:188} INFO - [2024-05-21T09:55:12.083+0200] {dag.py:3954} INFO - Setting next_dagrun for example_subdag_operator.section-2 to None, run_after=None
[2024-05-21T09:55:12.099+0200] {processor.py:183} INFO - Processing /home/munya/anaconda3/lib/python3.11/site-packages/airflow/example_dags/example_subdag_operator.py took 0.100 seconds
[2024-05-21T09:56:18.182+0200] {processor.py:161} INFO - Started process (PID=61258) to work on /home/munya/anaconda3/lib/python3.11/site-packages/airflow/example_dags/example_subdag_operator.py
[2024-05-21T09:56:18.184+0200] {processor.py:830} INFO - Processing file /home/munya/anaconda3/lib/python3.11/site-packages/airflow/example_dags/example_subdag_operator.py for tasks to queue
[2024-05-21T09:56:18.187+0200] {logging_mixin.py:188} INFO - [2024-05-21T09:56:18.186+0200] {dagbag.py:545} INFO - Filling up the DagBag from /home/munya/anaconda3/lib/python3.11/site-packages/airflow/example_dags/example_subdag_operator.py
[2024-05-21T09:56:18.247+0200] {processor.py:840} INFO - DAG(s) 'example_subdag_operator.section-1', 'example_subdag_operator.section-2', 'example_subdag_operator' retrieved from /home/munya/anaconda3/lib/python3.11/site-packages/airflow/example_dags/example_subdag_operator.py
[2024-05-21T09:56:18.567+0200] {logging_mixin.py:188} INFO - [2024-05-21T09:56:18.567+0200] {dag.py:3096} INFO - Sync 3 DAGs
[2024-05-21T09:56:18.583+0200] {logging_mixin.py:188} INFO - [2024-05-21T09:56:18.583+0200] {dag.py:3954} INFO - Setting next_dagrun for example_subdag_operator to 2022-01-01 00:00:00+00:00, run_after=2022-01-01 00:00:00+00:00
[2024-05-21T09:56:18.588+0200] {logging_mixin.py:188} INFO - [2024-05-21T09:56:18.587+0200] {dag.py:3954} INFO - Setting next_dagrun for example_subdag_operator.section-1 to None, run_after=None
[2024-05-21T09:56:18.589+0200] {logging_mixin.py:188} INFO - [2024-05-21T09:56:18.589+0200] {dag.py:3954} INFO - Setting next_dagrun for example_subdag_operator.section-2 to None, run_after=None
[2024-05-21T09:56:18.596+0200] {logging_mixin.py:188} INFO - [2024-05-21T09:56:18.596+0200] {dag.py:3096} INFO - Sync 2 DAGs
[2024-05-21T09:56:18.601+0200] {logging_mixin.py:188} INFO - [2024-05-21T09:56:18.600+0200] {dag.py:3954} INFO - Setting next_dagrun for example_subdag_operator.section-1 to None, run_after=None
[2024-05-21T09:56:18.601+0200] {logging_mixin.py:188} INFO - [2024-05-21T09:56:18.601+0200] {dag.py:3954} INFO - Setting next_dagrun for example_subdag_operator.section-2 to None, run_after=None
[2024-05-21T09:56:18.612+0200] {processor.py:183} INFO - Processing /home/munya/anaconda3/lib/python3.11/site-packages/airflow/example_dags/example_subdag_operator.py took 0.450 seconds
[2024-05-21T09:57:27.429+0200] {processor.py:161} INFO - Started process (PID=62174) to work on /home/munya/anaconda3/lib/python3.11/site-packages/airflow/example_dags/example_subdag_operator.py
[2024-05-21T09:57:27.430+0200] {processor.py:830} INFO - Processing file /home/munya/anaconda3/lib/python3.11/site-packages/airflow/example_dags/example_subdag_operator.py for tasks to queue
[2024-05-21T09:57:27.431+0200] {logging_mixin.py:188} INFO - [2024-05-21T09:57:27.431+0200] {dagbag.py:545} INFO - Filling up the DagBag from /home/munya/anaconda3/lib/python3.11/site-packages/airflow/example_dags/example_subdag_operator.py
[2024-05-21T09:57:27.451+0200] {processor.py:840} INFO - DAG(s) 'example_subdag_operator.section-1', 'example_subdag_operator.section-2', 'example_subdag_operator' retrieved from /home/munya/anaconda3/lib/python3.11/site-packages/airflow/example_dags/example_subdag_operator.py
[2024-05-21T09:57:27.470+0200] {logging_mixin.py:188} INFO - [2024-05-21T09:57:27.469+0200] {dag.py:3096} INFO - Sync 3 DAGs
[2024-05-21T09:57:27.593+0200] {logging_mixin.py:188} INFO - [2024-05-21T09:57:27.592+0200] {dag.py:3954} INFO - Setting next_dagrun for example_subdag_operator to 2022-01-01 00:00:00+00:00, run_after=2022-01-01 00:00:00+00:00
[2024-05-21T09:57:27.596+0200] {logging_mixin.py:188} INFO - [2024-05-21T09:57:27.595+0200] {dag.py:3954} INFO - Setting next_dagrun for example_subdag_operator.section-1 to None, run_after=None
[2024-05-21T09:57:27.596+0200] {logging_mixin.py:188} INFO - [2024-05-21T09:57:27.596+0200] {dag.py:3954} INFO - Setting next_dagrun for example_subdag_operator.section-2 to None, run_after=None
[2024-05-21T09:57:27.601+0200] {logging_mixin.py:188} INFO - [2024-05-21T09:57:27.601+0200] {dag.py:3096} INFO - Sync 2 DAGs
[2024-05-21T09:57:27.605+0200] {logging_mixin.py:188} INFO - [2024-05-21T09:57:27.605+0200] {dag.py:3954} INFO - Setting next_dagrun for example_subdag_operator.section-1 to None, run_after=None
[2024-05-21T09:57:27.606+0200] {logging_mixin.py:188} INFO - [2024-05-21T09:57:27.605+0200] {dag.py:3954} INFO - Setting next_dagrun for example_subdag_operator.section-2 to None, run_after=None
[2024-05-21T09:57:27.619+0200] {processor.py:183} INFO - Processing /home/munya/anaconda3/lib/python3.11/site-packages/airflow/example_dags/example_subdag_operator.py took 0.195 seconds
[2024-05-21T09:58:32.172+0200] {processor.py:161} INFO - Started process (PID=62983) to work on /home/munya/anaconda3/lib/python3.11/site-packages/airflow/example_dags/example_subdag_operator.py
[2024-05-21T09:58:32.173+0200] {processor.py:830} INFO - Processing file /home/munya/anaconda3/lib/python3.11/site-packages/airflow/example_dags/example_subdag_operator.py for tasks to queue
[2024-05-21T09:58:32.174+0200] {logging_mixin.py:188} INFO - [2024-05-21T09:58:32.173+0200] {dagbag.py:545} INFO - Filling up the DagBag from /home/munya/anaconda3/lib/python3.11/site-packages/airflow/example_dags/example_subdag_operator.py
[2024-05-21T09:58:32.193+0200] {processor.py:840} INFO - DAG(s) 'example_subdag_operator.section-1', 'example_subdag_operator.section-2', 'example_subdag_operator' retrieved from /home/munya/anaconda3/lib/python3.11/site-packages/airflow/example_dags/example_subdag_operator.py
[2024-05-21T09:58:32.211+0200] {logging_mixin.py:188} INFO - [2024-05-21T09:58:32.211+0200] {dag.py:3096} INFO - Sync 3 DAGs
[2024-05-21T09:58:32.230+0200] {logging_mixin.py:188} INFO - [2024-05-21T09:58:32.230+0200] {dag.py:3954} INFO - Setting next_dagrun for example_subdag_operator to 2022-01-01 00:00:00+00:00, run_after=2022-01-01 00:00:00+00:00
[2024-05-21T09:58:32.233+0200] {logging_mixin.py:188} INFO - [2024-05-21T09:58:32.233+0200] {dag.py:3954} INFO - Setting next_dagrun for example_subdag_operator.section-1 to None, run_after=None
[2024-05-21T09:58:32.234+0200] {logging_mixin.py:188} INFO - [2024-05-21T09:58:32.234+0200] {dag.py:3954} INFO - Setting next_dagrun for example_subdag_operator.section-2 to None, run_after=None
[2024-05-21T09:58:32.239+0200] {logging_mixin.py:188} INFO - [2024-05-21T09:58:32.239+0200] {dag.py:3096} INFO - Sync 2 DAGs
[2024-05-21T09:58:32.243+0200] {logging_mixin.py:188} INFO - [2024-05-21T09:58:32.243+0200] {dag.py:3954} INFO - Setting next_dagrun for example_subdag_operator.section-1 to None, run_after=None
[2024-05-21T09:58:32.243+0200] {logging_mixin.py:188} INFO - [2024-05-21T09:58:32.243+0200] {dag.py:3954} INFO - Setting next_dagrun for example_subdag_operator.section-2 to None, run_after=None
[2024-05-21T09:58:32.253+0200] {processor.py:183} INFO - Processing /home/munya/anaconda3/lib/python3.11/site-packages/airflow/example_dags/example_subdag_operator.py took 0.088 seconds
[2024-05-21T09:59:34.407+0200] {processor.py:161} INFO - Started process (PID=63788) to work on /home/munya/anaconda3/lib/python3.11/site-packages/airflow/example_dags/example_subdag_operator.py
[2024-05-21T09:59:34.408+0200] {processor.py:830} INFO - Processing file /home/munya/anaconda3/lib/python3.11/site-packages/airflow/example_dags/example_subdag_operator.py for tasks to queue
[2024-05-21T09:59:34.409+0200] {logging_mixin.py:188} INFO - [2024-05-21T09:59:34.409+0200] {dagbag.py:545} INFO - Filling up the DagBag from /home/munya/anaconda3/lib/python3.11/site-packages/airflow/example_dags/example_subdag_operator.py
[2024-05-21T09:59:34.430+0200] {processor.py:840} INFO - DAG(s) 'example_subdag_operator.section-1', 'example_subdag_operator.section-2', 'example_subdag_operator' retrieved from /home/munya/anaconda3/lib/python3.11/site-packages/airflow/example_dags/example_subdag_operator.py
[2024-05-21T09:59:34.449+0200] {logging_mixin.py:188} INFO - [2024-05-21T09:59:34.448+0200] {dag.py:3096} INFO - Sync 3 DAGs
[2024-05-21T09:59:34.467+0200] {logging_mixin.py:188} INFO - [2024-05-21T09:59:34.467+0200] {dag.py:3954} INFO - Setting next_dagrun for example_subdag_operator to 2022-01-01 00:00:00+00:00, run_after=2022-01-01 00:00:00+00:00
[2024-05-21T09:59:34.470+0200] {logging_mixin.py:188} INFO - [2024-05-21T09:59:34.469+0200] {dag.py:3954} INFO - Setting next_dagrun for example_subdag_operator.section-1 to None, run_after=None
[2024-05-21T09:59:34.470+0200] {logging_mixin.py:188} INFO - [2024-05-21T09:59:34.470+0200] {dag.py:3954} INFO - Setting next_dagrun for example_subdag_operator.section-2 to None, run_after=None
[2024-05-21T09:59:34.475+0200] {logging_mixin.py:188} INFO - [2024-05-21T09:59:34.475+0200] {dag.py:3096} INFO - Sync 2 DAGs
[2024-05-21T09:59:34.478+0200] {logging_mixin.py:188} INFO - [2024-05-21T09:59:34.478+0200] {dag.py:3954} INFO - Setting next_dagrun for example_subdag_operator.section-1 to None, run_after=None
[2024-05-21T09:59:34.479+0200] {logging_mixin.py:188} INFO - [2024-05-21T09:59:34.478+0200] {dag.py:3954} INFO - Setting next_dagrun for example_subdag_operator.section-2 to None, run_after=None
[2024-05-21T09:59:34.489+0200] {processor.py:183} INFO - Processing /home/munya/anaconda3/lib/python3.11/site-packages/airflow/example_dags/example_subdag_operator.py took 0.087 seconds
[2024-05-21T10:00:36.879+0200] {processor.py:161} INFO - Started process (PID=64583) to work on /home/munya/anaconda3/lib/python3.11/site-packages/airflow/example_dags/example_subdag_operator.py
[2024-05-21T10:00:36.880+0200] {processor.py:830} INFO - Processing file /home/munya/anaconda3/lib/python3.11/site-packages/airflow/example_dags/example_subdag_operator.py for tasks to queue
[2024-05-21T10:00:36.880+0200] {logging_mixin.py:188} INFO - [2024-05-21T10:00:36.880+0200] {dagbag.py:545} INFO - Filling up the DagBag from /home/munya/anaconda3/lib/python3.11/site-packages/airflow/example_dags/example_subdag_operator.py
[2024-05-21T10:00:36.900+0200] {processor.py:840} INFO - DAG(s) 'example_subdag_operator.section-1', 'example_subdag_operator.section-2', 'example_subdag_operator' retrieved from /home/munya/anaconda3/lib/python3.11/site-packages/airflow/example_dags/example_subdag_operator.py
[2024-05-21T10:00:36.915+0200] {logging_mixin.py:188} INFO - [2024-05-21T10:00:36.915+0200] {dag.py:3096} INFO - Sync 3 DAGs
[2024-05-21T10:00:36.930+0200] {logging_mixin.py:188} INFO - [2024-05-21T10:00:36.930+0200] {dag.py:3954} INFO - Setting next_dagrun for example_subdag_operator to 2022-01-01 00:00:00+00:00, run_after=2022-01-01 00:00:00+00:00
[2024-05-21T10:00:36.933+0200] {logging_mixin.py:188} INFO - [2024-05-21T10:00:36.933+0200] {dag.py:3954} INFO - Setting next_dagrun for example_subdag_operator.section-1 to None, run_after=None
[2024-05-21T10:00:36.934+0200] {logging_mixin.py:188} INFO - [2024-05-21T10:00:36.934+0200] {dag.py:3954} INFO - Setting next_dagrun for example_subdag_operator.section-2 to None, run_after=None
[2024-05-21T10:00:36.939+0200] {logging_mixin.py:188} INFO - [2024-05-21T10:00:36.938+0200] {dag.py:3096} INFO - Sync 2 DAGs
[2024-05-21T10:00:36.942+0200] {logging_mixin.py:188} INFO - [2024-05-21T10:00:36.942+0200] {dag.py:3954} INFO - Setting next_dagrun for example_subdag_operator.section-1 to None, run_after=None
[2024-05-21T10:00:36.942+0200] {logging_mixin.py:188} INFO - [2024-05-21T10:00:36.942+0200] {dag.py:3954} INFO - Setting next_dagrun for example_subdag_operator.section-2 to None, run_after=None
[2024-05-21T10:00:36.954+0200] {processor.py:183} INFO - Processing /home/munya/anaconda3/lib/python3.11/site-packages/airflow/example_dags/example_subdag_operator.py took 0.081 seconds
[2024-05-21T10:01:37.818+0200] {processor.py:161} INFO - Started process (PID=65367) to work on /home/munya/anaconda3/lib/python3.11/site-packages/airflow/example_dags/example_subdag_operator.py
[2024-05-21T10:01:37.818+0200] {processor.py:830} INFO - Processing file /home/munya/anaconda3/lib/python3.11/site-packages/airflow/example_dags/example_subdag_operator.py for tasks to queue
[2024-05-21T10:01:37.819+0200] {logging_mixin.py:188} INFO - [2024-05-21T10:01:37.819+0200] {dagbag.py:545} INFO - Filling up the DagBag from /home/munya/anaconda3/lib/python3.11/site-packages/airflow/example_dags/example_subdag_operator.py
[2024-05-21T10:01:37.835+0200] {processor.py:840} INFO - DAG(s) 'example_subdag_operator.section-1', 'example_subdag_operator.section-2', 'example_subdag_operator' retrieved from /home/munya/anaconda3/lib/python3.11/site-packages/airflow/example_dags/example_subdag_operator.py
[2024-05-21T10:01:37.852+0200] {logging_mixin.py:188} INFO - [2024-05-21T10:01:37.852+0200] {dag.py:3096} INFO - Sync 3 DAGs
[2024-05-21T10:01:37.867+0200] {logging_mixin.py:188} INFO - [2024-05-21T10:01:37.867+0200] {dag.py:3954} INFO - Setting next_dagrun for example_subdag_operator to 2022-01-01 00:00:00+00:00, run_after=2022-01-01 00:00:00+00:00
[2024-05-21T10:01:37.871+0200] {logging_mixin.py:188} INFO - [2024-05-21T10:01:37.870+0200] {dag.py:3954} INFO - Setting next_dagrun for example_subdag_operator.section-1 to None, run_after=None
[2024-05-21T10:01:37.872+0200] {logging_mixin.py:188} INFO - [2024-05-21T10:01:37.871+0200] {dag.py:3954} INFO - Setting next_dagrun for example_subdag_operator.section-2 to None, run_after=None
[2024-05-21T10:01:37.877+0200] {logging_mixin.py:188} INFO - [2024-05-21T10:01:37.877+0200] {dag.py:3096} INFO - Sync 2 DAGs
[2024-05-21T10:01:37.882+0200] {logging_mixin.py:188} INFO - [2024-05-21T10:01:37.881+0200] {dag.py:3954} INFO - Setting next_dagrun for example_subdag_operator.section-1 to None, run_after=None
[2024-05-21T10:01:37.882+0200] {logging_mixin.py:188} INFO - [2024-05-21T10:01:37.882+0200] {dag.py:3954} INFO - Setting next_dagrun for example_subdag_operator.section-2 to None, run_after=None
[2024-05-21T10:01:37.893+0200] {processor.py:183} INFO - Processing /home/munya/anaconda3/lib/python3.11/site-packages/airflow/example_dags/example_subdag_operator.py took 0.081 seconds
[2024-05-21T10:02:39.949+0200] {processor.py:161} INFO - Started process (PID=66162) to work on /home/munya/anaconda3/lib/python3.11/site-packages/airflow/example_dags/example_subdag_operator.py
[2024-05-21T10:02:39.950+0200] {processor.py:830} INFO - Processing file /home/munya/anaconda3/lib/python3.11/site-packages/airflow/example_dags/example_subdag_operator.py for tasks to queue
[2024-05-21T10:02:39.950+0200] {logging_mixin.py:188} INFO - [2024-05-21T10:02:39.950+0200] {dagbag.py:545} INFO - Filling up the DagBag from /home/munya/anaconda3/lib/python3.11/site-packages/airflow/example_dags/example_subdag_operator.py
[2024-05-21T10:02:39.968+0200] {processor.py:840} INFO - DAG(s) 'example_subdag_operator.section-1', 'example_subdag_operator.section-2', 'example_subdag_operator' retrieved from /home/munya/anaconda3/lib/python3.11/site-packages/airflow/example_dags/example_subdag_operator.py
[2024-05-21T10:02:39.981+0200] {logging_mixin.py:188} INFO - [2024-05-21T10:02:39.981+0200] {dag.py:3096} INFO - Sync 3 DAGs
[2024-05-21T10:02:40.001+0200] {logging_mixin.py:188} INFO - [2024-05-21T10:02:40.000+0200] {dag.py:3954} INFO - Setting next_dagrun for example_subdag_operator to 2022-01-01 00:00:00+00:00, run_after=2022-01-01 00:00:00+00:00
[2024-05-21T10:02:40.004+0200] {logging_mixin.py:188} INFO - [2024-05-21T10:02:40.003+0200] {dag.py:3954} INFO - Setting next_dagrun for example_subdag_operator.section-1 to None, run_after=None
[2024-05-21T10:02:40.005+0200] {logging_mixin.py:188} INFO - [2024-05-21T10:02:40.005+0200] {dag.py:3954} INFO - Setting next_dagrun for example_subdag_operator.section-2 to None, run_after=None
[2024-05-21T10:02:40.010+0200] {logging_mixin.py:188} INFO - [2024-05-21T10:02:40.010+0200] {dag.py:3096} INFO - Sync 2 DAGs
[2024-05-21T10:02:40.014+0200] {logging_mixin.py:188} INFO - [2024-05-21T10:02:40.013+0200] {dag.py:3954} INFO - Setting next_dagrun for example_subdag_operator.section-1 to None, run_after=None
[2024-05-21T10:02:40.014+0200] {logging_mixin.py:188} INFO - [2024-05-21T10:02:40.014+0200] {dag.py:3954} INFO - Setting next_dagrun for example_subdag_operator.section-2 to None, run_after=None
[2024-05-21T10:02:40.024+0200] {processor.py:183} INFO - Processing /home/munya/anaconda3/lib/python3.11/site-packages/airflow/example_dags/example_subdag_operator.py took 0.081 seconds
[2024-05-21T10:03:41.607+0200] {processor.py:161} INFO - Started process (PID=66970) to work on /home/munya/anaconda3/lib/python3.11/site-packages/airflow/example_dags/example_subdag_operator.py
[2024-05-21T10:03:41.609+0200] {processor.py:830} INFO - Processing file /home/munya/anaconda3/lib/python3.11/site-packages/airflow/example_dags/example_subdag_operator.py for tasks to queue
[2024-05-21T10:03:41.612+0200] {logging_mixin.py:188} INFO - [2024-05-21T10:03:41.611+0200] {dagbag.py:545} INFO - Filling up the DagBag from /home/munya/anaconda3/lib/python3.11/site-packages/airflow/example_dags/example_subdag_operator.py
[2024-05-21T10:03:41.687+0200] {processor.py:840} INFO - DAG(s) 'example_subdag_operator.section-1', 'example_subdag_operator.section-2', 'example_subdag_operator' retrieved from /home/munya/anaconda3/lib/python3.11/site-packages/airflow/example_dags/example_subdag_operator.py
[2024-05-21T10:03:41.755+0200] {logging_mixin.py:188} INFO - [2024-05-21T10:03:41.754+0200] {dag.py:3096} INFO - Sync 3 DAGs
[2024-05-21T10:03:41.831+0200] {logging_mixin.py:188} INFO - [2024-05-21T10:03:41.830+0200] {dag.py:3954} INFO - Setting next_dagrun for example_subdag_operator to 2022-01-01 00:00:00+00:00, run_after=2022-01-01 00:00:00+00:00
[2024-05-21T10:03:41.844+0200] {logging_mixin.py:188} INFO - [2024-05-21T10:03:41.843+0200] {dag.py:3954} INFO - Setting next_dagrun for example_subdag_operator.section-1 to None, run_after=None
[2024-05-21T10:03:41.848+0200] {logging_mixin.py:188} INFO - [2024-05-21T10:03:41.847+0200] {dag.py:3954} INFO - Setting next_dagrun for example_subdag_operator.section-2 to None, run_after=None
[2024-05-21T10:03:41.869+0200] {logging_mixin.py:188} INFO - [2024-05-21T10:03:41.868+0200] {dag.py:3096} INFO - Sync 2 DAGs
[2024-05-21T10:03:41.886+0200] {logging_mixin.py:188} INFO - [2024-05-21T10:03:41.885+0200] {dag.py:3954} INFO - Setting next_dagrun for example_subdag_operator.section-1 to None, run_after=None
[2024-05-21T10:03:41.888+0200] {logging_mixin.py:188} INFO - [2024-05-21T10:03:41.887+0200] {dag.py:3954} INFO - Setting next_dagrun for example_subdag_operator.section-2 to None, run_after=None
[2024-05-21T10:03:41.936+0200] {processor.py:183} INFO - Processing /home/munya/anaconda3/lib/python3.11/site-packages/airflow/example_dags/example_subdag_operator.py took 0.352 seconds
[2024-05-21T10:04:39.240+0200] {processor.py:161} INFO - Started process (PID=67710) to work on /home/munya/anaconda3/lib/python3.11/site-packages/airflow/example_dags/example_subdag_operator.py
[2024-05-21T10:04:39.243+0200] {processor.py:830} INFO - Processing file /home/munya/anaconda3/lib/python3.11/site-packages/airflow/example_dags/example_subdag_operator.py for tasks to queue
[2024-05-21T10:04:39.245+0200] {logging_mixin.py:188} INFO - [2024-05-21T10:04:39.244+0200] {dagbag.py:545} INFO - Filling up the DagBag from /home/munya/anaconda3/lib/python3.11/site-packages/airflow/example_dags/example_subdag_operator.py
[2024-05-21T10:04:39.310+0200] {processor.py:840} INFO - DAG(s) 'example_subdag_operator.section-1', 'example_subdag_operator.section-2', 'example_subdag_operator' retrieved from /home/munya/anaconda3/lib/python3.11/site-packages/airflow/example_dags/example_subdag_operator.py
[2024-05-21T10:04:39.401+0200] {logging_mixin.py:188} INFO - [2024-05-21T10:04:39.400+0200] {dag.py:3096} INFO - Sync 3 DAGs
[2024-05-21T10:04:39.489+0200] {logging_mixin.py:188} INFO - [2024-05-21T10:04:39.488+0200] {dag.py:3954} INFO - Setting next_dagrun for example_subdag_operator to 2022-01-01 00:00:00+00:00, run_after=2022-01-01 00:00:00+00:00
[2024-05-21T10:04:39.504+0200] {logging_mixin.py:188} INFO - [2024-05-21T10:04:39.503+0200] {dag.py:3954} INFO - Setting next_dagrun for example_subdag_operator.section-1 to None, run_after=None
[2024-05-21T10:04:39.508+0200] {logging_mixin.py:188} INFO - [2024-05-21T10:04:39.507+0200] {dag.py:3954} INFO - Setting next_dagrun for example_subdag_operator.section-2 to None, run_after=None
[2024-05-21T10:04:39.531+0200] {logging_mixin.py:188} INFO - [2024-05-21T10:04:39.530+0200] {dag.py:3096} INFO - Sync 2 DAGs
[2024-05-21T10:04:39.546+0200] {logging_mixin.py:188} INFO - [2024-05-21T10:04:39.546+0200] {dag.py:3954} INFO - Setting next_dagrun for example_subdag_operator.section-1 to None, run_after=None
[2024-05-21T10:04:39.547+0200] {logging_mixin.py:188} INFO - [2024-05-21T10:04:39.547+0200] {dag.py:3954} INFO - Setting next_dagrun for example_subdag_operator.section-2 to None, run_after=None
[2024-05-21T10:04:39.590+0200] {processor.py:183} INFO - Processing /home/munya/anaconda3/lib/python3.11/site-packages/airflow/example_dags/example_subdag_operator.py took 0.373 seconds
[2024-05-21T10:05:39.894+0200] {processor.py:161} INFO - Started process (PID=68509) to work on /home/munya/anaconda3/lib/python3.11/site-packages/airflow/example_dags/example_subdag_operator.py
[2024-05-21T10:05:39.895+0200] {processor.py:830} INFO - Processing file /home/munya/anaconda3/lib/python3.11/site-packages/airflow/example_dags/example_subdag_operator.py for tasks to queue
[2024-05-21T10:05:39.896+0200] {logging_mixin.py:188} INFO - [2024-05-21T10:05:39.895+0200] {dagbag.py:545} INFO - Filling up the DagBag from /home/munya/anaconda3/lib/python3.11/site-packages/airflow/example_dags/example_subdag_operator.py
[2024-05-21T10:05:39.914+0200] {processor.py:840} INFO - DAG(s) 'example_subdag_operator.section-1', 'example_subdag_operator.section-2', 'example_subdag_operator' retrieved from /home/munya/anaconda3/lib/python3.11/site-packages/airflow/example_dags/example_subdag_operator.py
[2024-05-21T10:05:39.926+0200] {logging_mixin.py:188} INFO - [2024-05-21T10:05:39.926+0200] {dag.py:3096} INFO - Sync 3 DAGs
[2024-05-21T10:05:39.941+0200] {logging_mixin.py:188} INFO - [2024-05-21T10:05:39.941+0200] {dag.py:3954} INFO - Setting next_dagrun for example_subdag_operator to 2022-01-01 00:00:00+00:00, run_after=2022-01-01 00:00:00+00:00
[2024-05-21T10:05:39.944+0200] {logging_mixin.py:188} INFO - [2024-05-21T10:05:39.944+0200] {dag.py:3954} INFO - Setting next_dagrun for example_subdag_operator.section-1 to None, run_after=None
[2024-05-21T10:05:39.945+0200] {logging_mixin.py:188} INFO - [2024-05-21T10:05:39.945+0200] {dag.py:3954} INFO - Setting next_dagrun for example_subdag_operator.section-2 to None, run_after=None
[2024-05-21T10:05:39.949+0200] {logging_mixin.py:188} INFO - [2024-05-21T10:05:39.949+0200] {dag.py:3096} INFO - Sync 2 DAGs
[2024-05-21T10:05:39.952+0200] {logging_mixin.py:188} INFO - [2024-05-21T10:05:39.952+0200] {dag.py:3954} INFO - Setting next_dagrun for example_subdag_operator.section-1 to None, run_after=None
[2024-05-21T10:05:39.953+0200] {logging_mixin.py:188} INFO - [2024-05-21T10:05:39.953+0200] {dag.py:3954} INFO - Setting next_dagrun for example_subdag_operator.section-2 to None, run_after=None
[2024-05-21T10:05:39.962+0200] {processor.py:183} INFO - Processing /home/munya/anaconda3/lib/python3.11/site-packages/airflow/example_dags/example_subdag_operator.py took 0.074 seconds
[2024-05-21T10:06:35.804+0200] {processor.py:161} INFO - Started process (PID=69244) to work on /home/munya/anaconda3/lib/python3.11/site-packages/airflow/example_dags/example_subdag_operator.py
[2024-05-21T10:06:35.805+0200] {processor.py:830} INFO - Processing file /home/munya/anaconda3/lib/python3.11/site-packages/airflow/example_dags/example_subdag_operator.py for tasks to queue
[2024-05-21T10:06:35.806+0200] {logging_mixin.py:188} INFO - [2024-05-21T10:06:35.806+0200] {dagbag.py:545} INFO - Filling up the DagBag from /home/munya/anaconda3/lib/python3.11/site-packages/airflow/example_dags/example_subdag_operator.py
[2024-05-21T10:06:35.826+0200] {processor.py:840} INFO - DAG(s) 'example_subdag_operator.section-1', 'example_subdag_operator.section-2', 'example_subdag_operator' retrieved from /home/munya/anaconda3/lib/python3.11/site-packages/airflow/example_dags/example_subdag_operator.py
[2024-05-21T10:06:35.842+0200] {logging_mixin.py:188} INFO - [2024-05-21T10:06:35.842+0200] {dag.py:3096} INFO - Sync 3 DAGs
[2024-05-21T10:06:35.859+0200] {logging_mixin.py:188} INFO - [2024-05-21T10:06:35.858+0200] {dag.py:3954} INFO - Setting next_dagrun for example_subdag_operator to 2022-01-01 00:00:00+00:00, run_after=2022-01-01 00:00:00+00:00
[2024-05-21T10:06:35.862+0200] {logging_mixin.py:188} INFO - [2024-05-21T10:06:35.861+0200] {dag.py:3954} INFO - Setting next_dagrun for example_subdag_operator.section-1 to None, run_after=None
[2024-05-21T10:06:35.862+0200] {logging_mixin.py:188} INFO - [2024-05-21T10:06:35.862+0200] {dag.py:3954} INFO - Setting next_dagrun for example_subdag_operator.section-2 to None, run_after=None
[2024-05-21T10:06:35.867+0200] {logging_mixin.py:188} INFO - [2024-05-21T10:06:35.867+0200] {dag.py:3096} INFO - Sync 2 DAGs
[2024-05-21T10:06:35.870+0200] {logging_mixin.py:188} INFO - [2024-05-21T10:06:35.870+0200] {dag.py:3954} INFO - Setting next_dagrun for example_subdag_operator.section-1 to None, run_after=None
[2024-05-21T10:06:35.871+0200] {logging_mixin.py:188} INFO - [2024-05-21T10:06:35.871+0200] {dag.py:3954} INFO - Setting next_dagrun for example_subdag_operator.section-2 to None, run_after=None
[2024-05-21T10:06:35.883+0200] {processor.py:183} INFO - Processing /home/munya/anaconda3/lib/python3.11/site-packages/airflow/example_dags/example_subdag_operator.py took 0.085 seconds
[2024-05-21T10:07:36.876+0200] {processor.py:161} INFO - Started process (PID=70024) to work on /home/munya/anaconda3/lib/python3.11/site-packages/airflow/example_dags/example_subdag_operator.py
[2024-05-21T10:07:36.877+0200] {processor.py:830} INFO - Processing file /home/munya/anaconda3/lib/python3.11/site-packages/airflow/example_dags/example_subdag_operator.py for tasks to queue
[2024-05-21T10:07:36.877+0200] {logging_mixin.py:188} INFO - [2024-05-21T10:07:36.877+0200] {dagbag.py:545} INFO - Filling up the DagBag from /home/munya/anaconda3/lib/python3.11/site-packages/airflow/example_dags/example_subdag_operator.py
[2024-05-21T10:07:36.895+0200] {processor.py:840} INFO - DAG(s) 'example_subdag_operator.section-1', 'example_subdag_operator.section-2', 'example_subdag_operator' retrieved from /home/munya/anaconda3/lib/python3.11/site-packages/airflow/example_dags/example_subdag_operator.py
[2024-05-21T10:07:36.909+0200] {logging_mixin.py:188} INFO - [2024-05-21T10:07:36.909+0200] {dag.py:3096} INFO - Sync 3 DAGs
[2024-05-21T10:07:36.926+0200] {logging_mixin.py:188} INFO - [2024-05-21T10:07:36.925+0200] {dag.py:3954} INFO - Setting next_dagrun for example_subdag_operator to 2022-01-01 00:00:00+00:00, run_after=2022-01-01 00:00:00+00:00
[2024-05-21T10:07:36.928+0200] {logging_mixin.py:188} INFO - [2024-05-21T10:07:36.928+0200] {dag.py:3954} INFO - Setting next_dagrun for example_subdag_operator.section-1 to None, run_after=None
[2024-05-21T10:07:36.929+0200] {logging_mixin.py:188} INFO - [2024-05-21T10:07:36.929+0200] {dag.py:3954} INFO - Setting next_dagrun for example_subdag_operator.section-2 to None, run_after=None
[2024-05-21T10:07:36.934+0200] {logging_mixin.py:188} INFO - [2024-05-21T10:07:36.934+0200] {dag.py:3096} INFO - Sync 2 DAGs
[2024-05-21T10:07:36.939+0200] {logging_mixin.py:188} INFO - [2024-05-21T10:07:36.939+0200] {dag.py:3954} INFO - Setting next_dagrun for example_subdag_operator.section-1 to None, run_after=None
[2024-05-21T10:07:36.939+0200] {logging_mixin.py:188} INFO - [2024-05-21T10:07:36.939+0200] {dag.py:3954} INFO - Setting next_dagrun for example_subdag_operator.section-2 to None, run_after=None
[2024-05-21T10:07:36.949+0200] {processor.py:183} INFO - Processing /home/munya/anaconda3/lib/python3.11/site-packages/airflow/example_dags/example_subdag_operator.py took 0.080 seconds
[2024-05-21T10:08:40.856+0200] {processor.py:161} INFO - Started process (PID=70865) to work on /home/munya/anaconda3/lib/python3.11/site-packages/airflow/example_dags/example_subdag_operator.py
[2024-05-21T10:08:40.860+0200] {processor.py:830} INFO - Processing file /home/munya/anaconda3/lib/python3.11/site-packages/airflow/example_dags/example_subdag_operator.py for tasks to queue
[2024-05-21T10:08:40.863+0200] {logging_mixin.py:188} INFO - [2024-05-21T10:08:40.861+0200] {dagbag.py:545} INFO - Filling up the DagBag from /home/munya/anaconda3/lib/python3.11/site-packages/airflow/example_dags/example_subdag_operator.py
[2024-05-21T10:08:40.930+0200] {processor.py:840} INFO - DAG(s) 'example_subdag_operator.section-1', 'example_subdag_operator.section-2', 'example_subdag_operator' retrieved from /home/munya/anaconda3/lib/python3.11/site-packages/airflow/example_dags/example_subdag_operator.py
[2024-05-21T10:08:40.983+0200] {logging_mixin.py:188} INFO - [2024-05-21T10:08:40.982+0200] {dag.py:3096} INFO - Sync 3 DAGs
[2024-05-21T10:08:41.053+0200] {logging_mixin.py:188} INFO - [2024-05-21T10:08:41.052+0200] {dag.py:3954} INFO - Setting next_dagrun for example_subdag_operator to 2022-01-01 00:00:00+00:00, run_after=2022-01-01 00:00:00+00:00
[2024-05-21T10:08:41.066+0200] {logging_mixin.py:188} INFO - [2024-05-21T10:08:41.065+0200] {dag.py:3954} INFO - Setting next_dagrun for example_subdag_operator.section-1 to None, run_after=None
[2024-05-21T10:08:41.070+0200] {logging_mixin.py:188} INFO - [2024-05-21T10:08:41.069+0200] {dag.py:3954} INFO - Setting next_dagrun for example_subdag_operator.section-2 to None, run_after=None
[2024-05-21T10:08:41.092+0200] {logging_mixin.py:188} INFO - [2024-05-21T10:08:41.091+0200] {dag.py:3096} INFO - Sync 2 DAGs
[2024-05-21T10:08:41.106+0200] {logging_mixin.py:188} INFO - [2024-05-21T10:08:41.105+0200] {dag.py:3954} INFO - Setting next_dagrun for example_subdag_operator.section-1 to None, run_after=None
[2024-05-21T10:08:41.107+0200] {logging_mixin.py:188} INFO - [2024-05-21T10:08:41.107+0200] {dag.py:3954} INFO - Setting next_dagrun for example_subdag_operator.section-2 to None, run_after=None
[2024-05-21T10:08:41.147+0200] {processor.py:183} INFO - Processing /home/munya/anaconda3/lib/python3.11/site-packages/airflow/example_dags/example_subdag_operator.py took 0.316 seconds
[2024-05-21T10:09:44.975+0200] {processor.py:161} INFO - Started process (PID=71711) to work on /home/munya/anaconda3/lib/python3.11/site-packages/airflow/example_dags/example_subdag_operator.py
[2024-05-21T10:09:44.979+0200] {processor.py:830} INFO - Processing file /home/munya/anaconda3/lib/python3.11/site-packages/airflow/example_dags/example_subdag_operator.py for tasks to queue
[2024-05-21T10:09:44.983+0200] {logging_mixin.py:188} INFO - [2024-05-21T10:09:44.981+0200] {dagbag.py:545} INFO - Filling up the DagBag from /home/munya/anaconda3/lib/python3.11/site-packages/airflow/example_dags/example_subdag_operator.py
[2024-05-21T10:09:45.065+0200] {processor.py:840} INFO - DAG(s) 'example_subdag_operator.section-1', 'example_subdag_operator.section-2', 'example_subdag_operator' retrieved from /home/munya/anaconda3/lib/python3.11/site-packages/airflow/example_dags/example_subdag_operator.py
[2024-05-21T10:09:45.131+0200] {logging_mixin.py:188} INFO - [2024-05-21T10:09:45.131+0200] {dag.py:3096} INFO - Sync 3 DAGs
[2024-05-21T10:09:45.216+0200] {logging_mixin.py:188} INFO - [2024-05-21T10:09:45.216+0200] {dag.py:3954} INFO - Setting next_dagrun for example_subdag_operator to 2022-01-01 00:00:00+00:00, run_after=2022-01-01 00:00:00+00:00
[2024-05-21T10:09:45.231+0200] {logging_mixin.py:188} INFO - [2024-05-21T10:09:45.230+0200] {dag.py:3954} INFO - Setting next_dagrun for example_subdag_operator.section-1 to None, run_after=None
[2024-05-21T10:09:45.235+0200] {logging_mixin.py:188} INFO - [2024-05-21T10:09:45.234+0200] {dag.py:3954} INFO - Setting next_dagrun for example_subdag_operator.section-2 to None, run_after=None
[2024-05-21T10:09:45.262+0200] {logging_mixin.py:188} INFO - [2024-05-21T10:09:45.261+0200] {dag.py:3096} INFO - Sync 2 DAGs
[2024-05-21T10:09:45.283+0200] {logging_mixin.py:188} INFO - [2024-05-21T10:09:45.282+0200] {dag.py:3954} INFO - Setting next_dagrun for example_subdag_operator.section-1 to None, run_after=None
[2024-05-21T10:09:45.284+0200] {logging_mixin.py:188} INFO - [2024-05-21T10:09:45.284+0200] {dag.py:3954} INFO - Setting next_dagrun for example_subdag_operator.section-2 to None, run_after=None
[2024-05-21T10:09:45.341+0200] {processor.py:183} INFO - Processing /home/munya/anaconda3/lib/python3.11/site-packages/airflow/example_dags/example_subdag_operator.py took 0.396 seconds
[2024-05-21T10:10:57.475+0200] {processor.py:161} INFO - Started process (PID=72637) to work on /home/munya/anaconda3/lib/python3.11/site-packages/airflow/example_dags/example_subdag_operator.py
[2024-05-21T10:10:57.478+0200] {processor.py:830} INFO - Processing file /home/munya/anaconda3/lib/python3.11/site-packages/airflow/example_dags/example_subdag_operator.py for tasks to queue
[2024-05-21T10:10:57.482+0200] {logging_mixin.py:188} INFO - [2024-05-21T10:10:57.480+0200] {dagbag.py:545} INFO - Filling up the DagBag from /home/munya/anaconda3/lib/python3.11/site-packages/airflow/example_dags/example_subdag_operator.py
[2024-05-21T10:10:57.558+0200] {processor.py:840} INFO - DAG(s) 'example_subdag_operator.section-1', 'example_subdag_operator.section-2', 'example_subdag_operator' retrieved from /home/munya/anaconda3/lib/python3.11/site-packages/airflow/example_dags/example_subdag_operator.py
[2024-05-21T10:10:57.628+0200] {logging_mixin.py:188} INFO - [2024-05-21T10:10:57.627+0200] {dag.py:3096} INFO - Sync 3 DAGs
[2024-05-21T10:10:57.703+0200] {logging_mixin.py:188} INFO - [2024-05-21T10:10:57.702+0200] {dag.py:3954} INFO - Setting next_dagrun for example_subdag_operator to 2022-01-01 00:00:00+00:00, run_after=2022-01-01 00:00:00+00:00
[2024-05-21T10:10:57.713+0200] {logging_mixin.py:188} INFO - [2024-05-21T10:10:57.713+0200] {dag.py:3954} INFO - Setting next_dagrun for example_subdag_operator.section-1 to None, run_after=None
[2024-05-21T10:10:57.717+0200] {logging_mixin.py:188} INFO - [2024-05-21T10:10:57.717+0200] {dag.py:3954} INFO - Setting next_dagrun for example_subdag_operator.section-2 to None, run_after=None
[2024-05-21T10:10:57.738+0200] {logging_mixin.py:188} INFO - [2024-05-21T10:10:57.738+0200] {dag.py:3096} INFO - Sync 2 DAGs
[2024-05-21T10:10:57.754+0200] {logging_mixin.py:188} INFO - [2024-05-21T10:10:57.754+0200] {dag.py:3954} INFO - Setting next_dagrun for example_subdag_operator.section-1 to None, run_after=None
[2024-05-21T10:10:57.756+0200] {logging_mixin.py:188} INFO - [2024-05-21T10:10:57.756+0200] {dag.py:3954} INFO - Setting next_dagrun for example_subdag_operator.section-2 to None, run_after=None
[2024-05-21T10:10:57.803+0200] {processor.py:183} INFO - Processing /home/munya/anaconda3/lib/python3.11/site-packages/airflow/example_dags/example_subdag_operator.py took 0.353 seconds
[2024-05-21T10:12:02.288+0200] {processor.py:161} INFO - Started process (PID=73478) to work on /home/munya/anaconda3/lib/python3.11/site-packages/airflow/example_dags/example_subdag_operator.py
[2024-05-21T10:12:02.289+0200] {processor.py:830} INFO - Processing file /home/munya/anaconda3/lib/python3.11/site-packages/airflow/example_dags/example_subdag_operator.py for tasks to queue
[2024-05-21T10:12:02.290+0200] {logging_mixin.py:188} INFO - [2024-05-21T10:12:02.290+0200] {dagbag.py:545} INFO - Filling up the DagBag from /home/munya/anaconda3/lib/python3.11/site-packages/airflow/example_dags/example_subdag_operator.py
[2024-05-21T10:12:02.311+0200] {processor.py:840} INFO - DAG(s) 'example_subdag_operator.section-1', 'example_subdag_operator.section-2', 'example_subdag_operator' retrieved from /home/munya/anaconda3/lib/python3.11/site-packages/airflow/example_dags/example_subdag_operator.py
[2024-05-21T10:12:02.325+0200] {logging_mixin.py:188} INFO - [2024-05-21T10:12:02.325+0200] {dag.py:3096} INFO - Sync 3 DAGs
[2024-05-21T10:12:02.342+0200] {logging_mixin.py:188} INFO - [2024-05-21T10:12:02.342+0200] {dag.py:3954} INFO - Setting next_dagrun for example_subdag_operator to 2022-01-01 00:00:00+00:00, run_after=2022-01-01 00:00:00+00:00
[2024-05-21T10:12:02.345+0200] {logging_mixin.py:188} INFO - [2024-05-21T10:12:02.345+0200] {dag.py:3954} INFO - Setting next_dagrun for example_subdag_operator.section-1 to None, run_after=None
[2024-05-21T10:12:02.346+0200] {logging_mixin.py:188} INFO - [2024-05-21T10:12:02.346+0200] {dag.py:3954} INFO - Setting next_dagrun for example_subdag_operator.section-2 to None, run_after=None
[2024-05-21T10:12:02.352+0200] {logging_mixin.py:188} INFO - [2024-05-21T10:12:02.351+0200] {dag.py:3096} INFO - Sync 2 DAGs
[2024-05-21T10:12:02.356+0200] {logging_mixin.py:188} INFO - [2024-05-21T10:12:02.356+0200] {dag.py:3954} INFO - Setting next_dagrun for example_subdag_operator.section-1 to None, run_after=None
[2024-05-21T10:12:02.357+0200] {logging_mixin.py:188} INFO - [2024-05-21T10:12:02.357+0200] {dag.py:3954} INFO - Setting next_dagrun for example_subdag_operator.section-2 to None, run_after=None
[2024-05-21T10:12:02.371+0200] {processor.py:183} INFO - Processing /home/munya/anaconda3/lib/python3.11/site-packages/airflow/example_dags/example_subdag_operator.py took 0.090 seconds
[2024-05-21T10:13:03.445+0200] {processor.py:161} INFO - Started process (PID=74266) to work on /home/munya/anaconda3/lib/python3.11/site-packages/airflow/example_dags/example_subdag_operator.py
[2024-05-21T10:13:03.446+0200] {processor.py:830} INFO - Processing file /home/munya/anaconda3/lib/python3.11/site-packages/airflow/example_dags/example_subdag_operator.py for tasks to queue
[2024-05-21T10:13:03.447+0200] {logging_mixin.py:188} INFO - [2024-05-21T10:13:03.447+0200] {dagbag.py:545} INFO - Filling up the DagBag from /home/munya/anaconda3/lib/python3.11/site-packages/airflow/example_dags/example_subdag_operator.py
[2024-05-21T10:13:03.469+0200] {processor.py:840} INFO - DAG(s) 'example_subdag_operator.section-1', 'example_subdag_operator.section-2', 'example_subdag_operator' retrieved from /home/munya/anaconda3/lib/python3.11/site-packages/airflow/example_dags/example_subdag_operator.py
[2024-05-21T10:13:03.489+0200] {logging_mixin.py:188} INFO - [2024-05-21T10:13:03.489+0200] {dag.py:3096} INFO - Sync 3 DAGs
[2024-05-21T10:13:03.511+0200] {logging_mixin.py:188} INFO - [2024-05-21T10:13:03.511+0200] {dag.py:3954} INFO - Setting next_dagrun for example_subdag_operator to 2022-01-01 00:00:00+00:00, run_after=2022-01-01 00:00:00+00:00
[2024-05-21T10:13:03.515+0200] {logging_mixin.py:188} INFO - [2024-05-21T10:13:03.515+0200] {dag.py:3954} INFO - Setting next_dagrun for example_subdag_operator.section-1 to None, run_after=None
[2024-05-21T10:13:03.516+0200] {logging_mixin.py:188} INFO - [2024-05-21T10:13:03.516+0200] {dag.py:3954} INFO - Setting next_dagrun for example_subdag_operator.section-2 to None, run_after=None
[2024-05-21T10:13:03.522+0200] {logging_mixin.py:188} INFO - [2024-05-21T10:13:03.522+0200] {dag.py:3096} INFO - Sync 2 DAGs
[2024-05-21T10:13:03.528+0200] {logging_mixin.py:188} INFO - [2024-05-21T10:13:03.528+0200] {dag.py:3954} INFO - Setting next_dagrun for example_subdag_operator.section-1 to None, run_after=None
[2024-05-21T10:13:03.528+0200] {logging_mixin.py:188} INFO - [2024-05-21T10:13:03.528+0200] {dag.py:3954} INFO - Setting next_dagrun for example_subdag_operator.section-2 to None, run_after=None
[2024-05-21T10:13:03.545+0200] {processor.py:183} INFO - Processing /home/munya/anaconda3/lib/python3.11/site-packages/airflow/example_dags/example_subdag_operator.py took 0.106 seconds
[2024-05-21T10:14:06.992+0200] {processor.py:161} INFO - Started process (PID=75080) to work on /home/munya/anaconda3/lib/python3.11/site-packages/airflow/example_dags/example_subdag_operator.py
[2024-05-21T10:14:06.993+0200] {processor.py:830} INFO - Processing file /home/munya/anaconda3/lib/python3.11/site-packages/airflow/example_dags/example_subdag_operator.py for tasks to queue
[2024-05-21T10:14:06.993+0200] {logging_mixin.py:188} INFO - [2024-05-21T10:14:06.993+0200] {dagbag.py:545} INFO - Filling up the DagBag from /home/munya/anaconda3/lib/python3.11/site-packages/airflow/example_dags/example_subdag_operator.py
[2024-05-21T10:14:07.016+0200] {processor.py:840} INFO - DAG(s) 'example_subdag_operator.section-1', 'example_subdag_operator.section-2', 'example_subdag_operator' retrieved from /home/munya/anaconda3/lib/python3.11/site-packages/airflow/example_dags/example_subdag_operator.py
[2024-05-21T10:14:07.036+0200] {logging_mixin.py:188} INFO - [2024-05-21T10:14:07.036+0200] {dag.py:3096} INFO - Sync 3 DAGs
[2024-05-21T10:14:07.059+0200] {logging_mixin.py:188} INFO - [2024-05-21T10:14:07.058+0200] {dag.py:3954} INFO - Setting next_dagrun for example_subdag_operator to 2022-01-01 00:00:00+00:00, run_after=2022-01-01 00:00:00+00:00
[2024-05-21T10:14:07.062+0200] {logging_mixin.py:188} INFO - [2024-05-21T10:14:07.062+0200] {dag.py:3954} INFO - Setting next_dagrun for example_subdag_operator.section-1 to None, run_after=None
[2024-05-21T10:14:07.063+0200] {logging_mixin.py:188} INFO - [2024-05-21T10:14:07.063+0200] {dag.py:3954} INFO - Setting next_dagrun for example_subdag_operator.section-2 to None, run_after=None
[2024-05-21T10:14:07.068+0200] {logging_mixin.py:188} INFO - [2024-05-21T10:14:07.067+0200] {dag.py:3096} INFO - Sync 2 DAGs
[2024-05-21T10:14:07.071+0200] {logging_mixin.py:188} INFO - [2024-05-21T10:14:07.071+0200] {dag.py:3954} INFO - Setting next_dagrun for example_subdag_operator.section-1 to None, run_after=None
[2024-05-21T10:14:07.071+0200] {logging_mixin.py:188} INFO - [2024-05-21T10:14:07.071+0200] {dag.py:3954} INFO - Setting next_dagrun for example_subdag_operator.section-2 to None, run_after=None
[2024-05-21T10:14:07.085+0200] {processor.py:183} INFO - Processing /home/munya/anaconda3/lib/python3.11/site-packages/airflow/example_dags/example_subdag_operator.py took 0.100 seconds
[2024-05-21T10:15:13.715+0200] {processor.py:161} INFO - Started process (PID=75916) to work on /home/munya/anaconda3/lib/python3.11/site-packages/airflow/example_dags/example_subdag_operator.py
[2024-05-21T10:15:13.716+0200] {processor.py:830} INFO - Processing file /home/munya/anaconda3/lib/python3.11/site-packages/airflow/example_dags/example_subdag_operator.py for tasks to queue
[2024-05-21T10:15:13.717+0200] {logging_mixin.py:188} INFO - [2024-05-21T10:15:13.717+0200] {dagbag.py:545} INFO - Filling up the DagBag from /home/munya/anaconda3/lib/python3.11/site-packages/airflow/example_dags/example_subdag_operator.py
[2024-05-21T10:15:13.740+0200] {processor.py:840} INFO - DAG(s) 'example_subdag_operator.section-1', 'example_subdag_operator.section-2', 'example_subdag_operator' retrieved from /home/munya/anaconda3/lib/python3.11/site-packages/airflow/example_dags/example_subdag_operator.py
[2024-05-21T10:15:13.756+0200] {logging_mixin.py:188} INFO - [2024-05-21T10:15:13.755+0200] {dag.py:3096} INFO - Sync 3 DAGs
[2024-05-21T10:15:13.778+0200] {logging_mixin.py:188} INFO - [2024-05-21T10:15:13.778+0200] {dag.py:3954} INFO - Setting next_dagrun for example_subdag_operator to 2022-01-01 00:00:00+00:00, run_after=2022-01-01 00:00:00+00:00
[2024-05-21T10:15:13.782+0200] {logging_mixin.py:188} INFO - [2024-05-21T10:15:13.782+0200] {dag.py:3954} INFO - Setting next_dagrun for example_subdag_operator.section-1 to None, run_after=None
[2024-05-21T10:15:13.783+0200] {logging_mixin.py:188} INFO - [2024-05-21T10:15:13.783+0200] {dag.py:3954} INFO - Setting next_dagrun for example_subdag_operator.section-2 to None, run_after=None
[2024-05-21T10:15:13.788+0200] {logging_mixin.py:188} INFO - [2024-05-21T10:15:13.788+0200] {dag.py:3096} INFO - Sync 2 DAGs
[2024-05-21T10:15:13.794+0200] {logging_mixin.py:188} INFO - [2024-05-21T10:15:13.793+0200] {dag.py:3954} INFO - Setting next_dagrun for example_subdag_operator.section-1 to None, run_after=None
[2024-05-21T10:15:13.794+0200] {logging_mixin.py:188} INFO - [2024-05-21T10:15:13.794+0200] {dag.py:3954} INFO - Setting next_dagrun for example_subdag_operator.section-2 to None, run_after=None
[2024-05-21T10:15:13.808+0200] {processor.py:183} INFO - Processing /home/munya/anaconda3/lib/python3.11/site-packages/airflow/example_dags/example_subdag_operator.py took 0.099 seconds
[2024-05-21T10:16:16.945+0200] {processor.py:161} INFO - Started process (PID=76724) to work on /home/munya/anaconda3/lib/python3.11/site-packages/airflow/example_dags/example_subdag_operator.py
[2024-05-21T10:16:16.948+0200] {processor.py:830} INFO - Processing file /home/munya/anaconda3/lib/python3.11/site-packages/airflow/example_dags/example_subdag_operator.py for tasks to queue
[2024-05-21T10:16:16.951+0200] {logging_mixin.py:188} INFO - [2024-05-21T10:16:16.950+0200] {dagbag.py:545} INFO - Filling up the DagBag from /home/munya/anaconda3/lib/python3.11/site-packages/airflow/example_dags/example_subdag_operator.py
[2024-05-21T10:16:17.023+0200] {processor.py:840} INFO - DAG(s) 'example_subdag_operator.section-1', 'example_subdag_operator.section-2', 'example_subdag_operator' retrieved from /home/munya/anaconda3/lib/python3.11/site-packages/airflow/example_dags/example_subdag_operator.py
[2024-05-21T10:16:17.097+0200] {logging_mixin.py:188} INFO - [2024-05-21T10:16:17.096+0200] {dag.py:3096} INFO - Sync 3 DAGs
[2024-05-21T10:16:17.166+0200] {logging_mixin.py:188} INFO - [2024-05-21T10:16:17.165+0200] {dag.py:3954} INFO - Setting next_dagrun for example_subdag_operator to 2022-01-01 00:00:00+00:00, run_after=2022-01-01 00:00:00+00:00
[2024-05-21T10:16:17.179+0200] {logging_mixin.py:188} INFO - [2024-05-21T10:16:17.179+0200] {dag.py:3954} INFO - Setting next_dagrun for example_subdag_operator.section-1 to None, run_after=None
[2024-05-21T10:16:17.182+0200] {logging_mixin.py:188} INFO - [2024-05-21T10:16:17.181+0200] {dag.py:3954} INFO - Setting next_dagrun for example_subdag_operator.section-2 to None, run_after=None
[2024-05-21T10:16:17.203+0200] {logging_mixin.py:188} INFO - [2024-05-21T10:16:17.202+0200] {dag.py:3096} INFO - Sync 2 DAGs
[2024-05-21T10:16:17.217+0200] {logging_mixin.py:188} INFO - [2024-05-21T10:16:17.216+0200] {dag.py:3954} INFO - Setting next_dagrun for example_subdag_operator.section-1 to None, run_after=None
[2024-05-21T10:16:17.218+0200] {logging_mixin.py:188} INFO - [2024-05-21T10:16:17.217+0200] {dag.py:3954} INFO - Setting next_dagrun for example_subdag_operator.section-2 to None, run_after=None
[2024-05-21T10:16:17.266+0200] {processor.py:183} INFO - Processing /home/munya/anaconda3/lib/python3.11/site-packages/airflow/example_dags/example_subdag_operator.py took 0.346 seconds
[2024-05-21T10:17:24.611+0200] {processor.py:161} INFO - Started process (PID=77563) to work on /home/munya/anaconda3/lib/python3.11/site-packages/airflow/example_dags/example_subdag_operator.py
[2024-05-21T10:17:24.612+0200] {processor.py:830} INFO - Processing file /home/munya/anaconda3/lib/python3.11/site-packages/airflow/example_dags/example_subdag_operator.py for tasks to queue
[2024-05-21T10:17:24.613+0200] {logging_mixin.py:188} INFO - [2024-05-21T10:17:24.613+0200] {dagbag.py:545} INFO - Filling up the DagBag from /home/munya/anaconda3/lib/python3.11/site-packages/airflow/example_dags/example_subdag_operator.py
[2024-05-21T10:17:24.632+0200] {processor.py:840} INFO - DAG(s) 'example_subdag_operator.section-1', 'example_subdag_operator.section-2', 'example_subdag_operator' retrieved from /home/munya/anaconda3/lib/python3.11/site-packages/airflow/example_dags/example_subdag_operator.py
[2024-05-21T10:17:24.645+0200] {logging_mixin.py:188} INFO - [2024-05-21T10:17:24.645+0200] {dag.py:3096} INFO - Sync 3 DAGs
[2024-05-21T10:17:24.662+0200] {logging_mixin.py:188} INFO - [2024-05-21T10:17:24.662+0200] {dag.py:3954} INFO - Setting next_dagrun for example_subdag_operator to 2022-01-01 00:00:00+00:00, run_after=2022-01-01 00:00:00+00:00
[2024-05-21T10:17:24.666+0200] {logging_mixin.py:188} INFO - [2024-05-21T10:17:24.665+0200] {dag.py:3954} INFO - Setting next_dagrun for example_subdag_operator.section-1 to None, run_after=None
[2024-05-21T10:17:24.667+0200] {logging_mixin.py:188} INFO - [2024-05-21T10:17:24.667+0200] {dag.py:3954} INFO - Setting next_dagrun for example_subdag_operator.section-2 to None, run_after=None
[2024-05-21T10:17:24.672+0200] {logging_mixin.py:188} INFO - [2024-05-21T10:17:24.672+0200] {dag.py:3096} INFO - Sync 2 DAGs
[2024-05-21T10:17:24.675+0200] {logging_mixin.py:188} INFO - [2024-05-21T10:17:24.675+0200] {dag.py:3954} INFO - Setting next_dagrun for example_subdag_operator.section-1 to None, run_after=None
[2024-05-21T10:17:24.676+0200] {logging_mixin.py:188} INFO - [2024-05-21T10:17:24.676+0200] {dag.py:3954} INFO - Setting next_dagrun for example_subdag_operator.section-2 to None, run_after=None
[2024-05-21T10:17:24.692+0200] {processor.py:183} INFO - Processing /home/munya/anaconda3/lib/python3.11/site-packages/airflow/example_dags/example_subdag_operator.py took 0.087 seconds
[2024-05-21T10:18:27.257+0200] {processor.py:161} INFO - Started process (PID=78375) to work on /home/munya/anaconda3/lib/python3.11/site-packages/airflow/example_dags/example_subdag_operator.py
[2024-05-21T10:18:27.258+0200] {processor.py:830} INFO - Processing file /home/munya/anaconda3/lib/python3.11/site-packages/airflow/example_dags/example_subdag_operator.py for tasks to queue
[2024-05-21T10:18:27.259+0200] {logging_mixin.py:188} INFO - [2024-05-21T10:18:27.259+0200] {dagbag.py:545} INFO - Filling up the DagBag from /home/munya/anaconda3/lib/python3.11/site-packages/airflow/example_dags/example_subdag_operator.py
[2024-05-21T10:18:27.281+0200] {processor.py:840} INFO - DAG(s) 'example_subdag_operator.section-1', 'example_subdag_operator.section-2', 'example_subdag_operator' retrieved from /home/munya/anaconda3/lib/python3.11/site-packages/airflow/example_dags/example_subdag_operator.py
[2024-05-21T10:18:27.297+0200] {logging_mixin.py:188} INFO - [2024-05-21T10:18:27.297+0200] {dag.py:3096} INFO - Sync 3 DAGs
[2024-05-21T10:18:27.318+0200] {logging_mixin.py:188} INFO - [2024-05-21T10:18:27.318+0200] {dag.py:3954} INFO - Setting next_dagrun for example_subdag_operator to 2022-01-01 00:00:00+00:00, run_after=2022-01-01 00:00:00+00:00
[2024-05-21T10:18:27.321+0200] {logging_mixin.py:188} INFO - [2024-05-21T10:18:27.321+0200] {dag.py:3954} INFO - Setting next_dagrun for example_subdag_operator.section-1 to None, run_after=None
[2024-05-21T10:18:27.322+0200] {logging_mixin.py:188} INFO - [2024-05-21T10:18:27.322+0200] {dag.py:3954} INFO - Setting next_dagrun for example_subdag_operator.section-2 to None, run_after=None
[2024-05-21T10:18:27.327+0200] {logging_mixin.py:188} INFO - [2024-05-21T10:18:27.327+0200] {dag.py:3096} INFO - Sync 2 DAGs
[2024-05-21T10:18:27.332+0200] {logging_mixin.py:188} INFO - [2024-05-21T10:18:27.332+0200] {dag.py:3954} INFO - Setting next_dagrun for example_subdag_operator.section-1 to None, run_after=None
[2024-05-21T10:18:27.332+0200] {logging_mixin.py:188} INFO - [2024-05-21T10:18:27.332+0200] {dag.py:3954} INFO - Setting next_dagrun for example_subdag_operator.section-2 to None, run_after=None
[2024-05-21T10:18:27.346+0200] {processor.py:183} INFO - Processing /home/munya/anaconda3/lib/python3.11/site-packages/airflow/example_dags/example_subdag_operator.py took 0.095 seconds
[2024-05-21T10:19:31.502+0200] {processor.py:161} INFO - Started process (PID=79164) to work on /home/munya/anaconda3/lib/python3.11/site-packages/airflow/example_dags/example_subdag_operator.py
[2024-05-21T10:19:31.505+0200] {processor.py:830} INFO - Processing file /home/munya/anaconda3/lib/python3.11/site-packages/airflow/example_dags/example_subdag_operator.py for tasks to queue
[2024-05-21T10:19:31.509+0200] {logging_mixin.py:188} INFO - [2024-05-21T10:19:31.507+0200] {dagbag.py:545} INFO - Filling up the DagBag from /home/munya/anaconda3/lib/python3.11/site-packages/airflow/example_dags/example_subdag_operator.py
[2024-05-21T10:19:31.578+0200] {processor.py:840} INFO - DAG(s) 'example_subdag_operator.section-1', 'example_subdag_operator.section-2', 'example_subdag_operator' retrieved from /home/munya/anaconda3/lib/python3.11/site-packages/airflow/example_dags/example_subdag_operator.py
[2024-05-21T10:19:31.645+0200] {logging_mixin.py:188} INFO - [2024-05-21T10:19:31.644+0200] {dag.py:3096} INFO - Sync 3 DAGs
[2024-05-21T10:19:31.709+0200] {logging_mixin.py:188} INFO - [2024-05-21T10:19:31.709+0200] {dag.py:3954} INFO - Setting next_dagrun for example_subdag_operator to 2022-01-01 00:00:00+00:00, run_after=2022-01-01 00:00:00+00:00
[2024-05-21T10:19:31.721+0200] {logging_mixin.py:188} INFO - [2024-05-21T10:19:31.720+0200] {dag.py:3954} INFO - Setting next_dagrun for example_subdag_operator.section-1 to None, run_after=None
[2024-05-21T10:19:31.724+0200] {logging_mixin.py:188} INFO - [2024-05-21T10:19:31.723+0200] {dag.py:3954} INFO - Setting next_dagrun for example_subdag_operator.section-2 to None, run_after=None
[2024-05-21T10:19:31.747+0200] {logging_mixin.py:188} INFO - [2024-05-21T10:19:31.747+0200] {dag.py:3096} INFO - Sync 2 DAGs
[2024-05-21T10:19:31.766+0200] {logging_mixin.py:188} INFO - [2024-05-21T10:19:31.766+0200] {dag.py:3954} INFO - Setting next_dagrun for example_subdag_operator.section-1 to None, run_after=None
[2024-05-21T10:19:31.768+0200] {logging_mixin.py:188} INFO - [2024-05-21T10:19:31.767+0200] {dag.py:3954} INFO - Setting next_dagrun for example_subdag_operator.section-2 to None, run_after=None
[2024-05-21T10:19:31.819+0200] {processor.py:183} INFO - Processing /home/munya/anaconda3/lib/python3.11/site-packages/airflow/example_dags/example_subdag_operator.py took 0.338 seconds
[2024-05-21T10:20:31.301+0200] {processor.py:161} INFO - Started process (PID=79938) to work on /home/munya/anaconda3/lib/python3.11/site-packages/airflow/example_dags/example_subdag_operator.py
[2024-05-21T10:20:31.302+0200] {processor.py:830} INFO - Processing file /home/munya/anaconda3/lib/python3.11/site-packages/airflow/example_dags/example_subdag_operator.py for tasks to queue
[2024-05-21T10:20:31.303+0200] {logging_mixin.py:188} INFO - [2024-05-21T10:20:31.302+0200] {dagbag.py:545} INFO - Filling up the DagBag from /home/munya/anaconda3/lib/python3.11/site-packages/airflow/example_dags/example_subdag_operator.py
[2024-05-21T10:20:31.325+0200] {processor.py:840} INFO - DAG(s) 'example_subdag_operator.section-1', 'example_subdag_operator.section-2', 'example_subdag_operator' retrieved from /home/munya/anaconda3/lib/python3.11/site-packages/airflow/example_dags/example_subdag_operator.py
[2024-05-21T10:20:31.347+0200] {logging_mixin.py:188} INFO - [2024-05-21T10:20:31.346+0200] {dag.py:3096} INFO - Sync 3 DAGs
[2024-05-21T10:20:31.367+0200] {logging_mixin.py:188} INFO - [2024-05-21T10:20:31.367+0200] {dag.py:3954} INFO - Setting next_dagrun for example_subdag_operator to 2022-01-01 00:00:00+00:00, run_after=2022-01-01 00:00:00+00:00
[2024-05-21T10:20:31.370+0200] {logging_mixin.py:188} INFO - [2024-05-21T10:20:31.370+0200] {dag.py:3954} INFO - Setting next_dagrun for example_subdag_operator.section-1 to None, run_after=None
[2024-05-21T10:20:31.371+0200] {logging_mixin.py:188} INFO - [2024-05-21T10:20:31.371+0200] {dag.py:3954} INFO - Setting next_dagrun for example_subdag_operator.section-2 to None, run_after=None
[2024-05-21T10:20:31.377+0200] {logging_mixin.py:188} INFO - [2024-05-21T10:20:31.377+0200] {dag.py:3096} INFO - Sync 2 DAGs
[2024-05-21T10:20:31.382+0200] {logging_mixin.py:188} INFO - [2024-05-21T10:20:31.382+0200] {dag.py:3954} INFO - Setting next_dagrun for example_subdag_operator.section-1 to None, run_after=None
[2024-05-21T10:20:31.382+0200] {logging_mixin.py:188} INFO - [2024-05-21T10:20:31.382+0200] {dag.py:3954} INFO - Setting next_dagrun for example_subdag_operator.section-2 to None, run_after=None
[2024-05-21T10:20:31.397+0200] {processor.py:183} INFO - Processing /home/munya/anaconda3/lib/python3.11/site-packages/airflow/example_dags/example_subdag_operator.py took 0.104 seconds
[2024-05-21T10:21:34.238+0200] {processor.py:161} INFO - Started process (PID=80722) to work on /home/munya/anaconda3/lib/python3.11/site-packages/airflow/example_dags/example_subdag_operator.py
[2024-05-21T10:21:34.239+0200] {processor.py:830} INFO - Processing file /home/munya/anaconda3/lib/python3.11/site-packages/airflow/example_dags/example_subdag_operator.py for tasks to queue
[2024-05-21T10:21:34.240+0200] {logging_mixin.py:188} INFO - [2024-05-21T10:21:34.240+0200] {dagbag.py:545} INFO - Filling up the DagBag from /home/munya/anaconda3/lib/python3.11/site-packages/airflow/example_dags/example_subdag_operator.py
[2024-05-21T10:21:34.264+0200] {processor.py:840} INFO - DAG(s) 'example_subdag_operator.section-1', 'example_subdag_operator.section-2', 'example_subdag_operator' retrieved from /home/munya/anaconda3/lib/python3.11/site-packages/airflow/example_dags/example_subdag_operator.py
[2024-05-21T10:21:34.282+0200] {logging_mixin.py:188} INFO - [2024-05-21T10:21:34.281+0200] {dag.py:3096} INFO - Sync 3 DAGs
[2024-05-21T10:21:34.300+0200] {logging_mixin.py:188} INFO - [2024-05-21T10:21:34.300+0200] {dag.py:3954} INFO - Setting next_dagrun for example_subdag_operator to 2022-01-01 00:00:00+00:00, run_after=2022-01-01 00:00:00+00:00
[2024-05-21T10:21:34.304+0200] {logging_mixin.py:188} INFO - [2024-05-21T10:21:34.303+0200] {dag.py:3954} INFO - Setting next_dagrun for example_subdag_operator.section-1 to None, run_after=None
[2024-05-21T10:21:34.305+0200] {logging_mixin.py:188} INFO - [2024-05-21T10:21:34.304+0200] {dag.py:3954} INFO - Setting next_dagrun for example_subdag_operator.section-2 to None, run_after=None
[2024-05-21T10:21:34.310+0200] {logging_mixin.py:188} INFO - [2024-05-21T10:21:34.310+0200] {dag.py:3096} INFO - Sync 2 DAGs
[2024-05-21T10:21:34.315+0200] {logging_mixin.py:188} INFO - [2024-05-21T10:21:34.315+0200] {dag.py:3954} INFO - Setting next_dagrun for example_subdag_operator.section-1 to None, run_after=None
[2024-05-21T10:21:34.315+0200] {logging_mixin.py:188} INFO - [2024-05-21T10:21:34.315+0200] {dag.py:3954} INFO - Setting next_dagrun for example_subdag_operator.section-2 to None, run_after=None
[2024-05-21T10:21:34.330+0200] {processor.py:183} INFO - Processing /home/munya/anaconda3/lib/python3.11/site-packages/airflow/example_dags/example_subdag_operator.py took 0.099 seconds
[2024-05-21T10:22:31.284+0200] {processor.py:161} INFO - Started process (PID=81682) to work on /home/munya/anaconda3/lib/python3.11/site-packages/airflow/example_dags/example_subdag_operator.py
[2024-05-21T10:22:31.287+0200] {processor.py:830} INFO - Processing file /home/munya/anaconda3/lib/python3.11/site-packages/airflow/example_dags/example_subdag_operator.py for tasks to queue
[2024-05-21T10:22:31.288+0200] {logging_mixin.py:188} INFO - [2024-05-21T10:22:31.287+0200] {dagbag.py:545} INFO - Filling up the DagBag from /home/munya/anaconda3/lib/python3.11/site-packages/airflow/example_dags/example_subdag_operator.py
[2024-05-21T10:22:31.312+0200] {processor.py:840} INFO - DAG(s) 'example_subdag_operator.section-1', 'example_subdag_operator.section-2', 'example_subdag_operator' retrieved from /home/munya/anaconda3/lib/python3.11/site-packages/airflow/example_dags/example_subdag_operator.py
[2024-05-21T10:22:31.334+0200] {logging_mixin.py:188} INFO - [2024-05-21T10:22:31.334+0200] {dag.py:3096} INFO - Sync 3 DAGs
[2024-05-21T10:22:31.361+0200] {logging_mixin.py:188} INFO - [2024-05-21T10:22:31.361+0200] {dag.py:3954} INFO - Setting next_dagrun for example_subdag_operator to 2022-01-01 00:00:00+00:00, run_after=2022-01-01 00:00:00+00:00
[2024-05-21T10:22:31.365+0200] {logging_mixin.py:188} INFO - [2024-05-21T10:22:31.365+0200] {dag.py:3954} INFO - Setting next_dagrun for example_subdag_operator.section-1 to None, run_after=None
[2024-05-21T10:22:31.366+0200] {logging_mixin.py:188} INFO - [2024-05-21T10:22:31.366+0200] {dag.py:3954} INFO - Setting next_dagrun for example_subdag_operator.section-2 to None, run_after=None
[2024-05-21T10:22:31.372+0200] {logging_mixin.py:188} INFO - [2024-05-21T10:22:31.372+0200] {dag.py:3096} INFO - Sync 2 DAGs
[2024-05-21T10:22:31.378+0200] {logging_mixin.py:188} INFO - [2024-05-21T10:22:31.378+0200] {dag.py:3954} INFO - Setting next_dagrun for example_subdag_operator.section-1 to None, run_after=None
[2024-05-21T10:22:31.379+0200] {logging_mixin.py:188} INFO - [2024-05-21T10:22:31.379+0200] {dag.py:3954} INFO - Setting next_dagrun for example_subdag_operator.section-2 to None, run_after=None
[2024-05-21T10:22:31.449+0200] {processor.py:183} INFO - Processing /home/munya/anaconda3/lib/python3.11/site-packages/airflow/example_dags/example_subdag_operator.py took 0.173 seconds
[2024-05-21T10:23:26.497+0200] {processor.py:161} INFO - Started process (PID=82426) to work on /home/munya/anaconda3/lib/python3.11/site-packages/airflow/example_dags/example_subdag_operator.py
[2024-05-21T10:23:26.500+0200] {processor.py:830} INFO - Processing file /home/munya/anaconda3/lib/python3.11/site-packages/airflow/example_dags/example_subdag_operator.py for tasks to queue
[2024-05-21T10:23:26.503+0200] {logging_mixin.py:188} INFO - [2024-05-21T10:23:26.501+0200] {dagbag.py:545} INFO - Filling up the DagBag from /home/munya/anaconda3/lib/python3.11/site-packages/airflow/example_dags/example_subdag_operator.py
[2024-05-21T10:23:26.572+0200] {processor.py:840} INFO - DAG(s) 'example_subdag_operator.section-1', 'example_subdag_operator.section-2', 'example_subdag_operator' retrieved from /home/munya/anaconda3/lib/python3.11/site-packages/airflow/example_dags/example_subdag_operator.py
[2024-05-21T10:23:26.618+0200] {logging_mixin.py:188} INFO - [2024-05-21T10:23:26.618+0200] {dag.py:3096} INFO - Sync 3 DAGs
[2024-05-21T10:23:26.686+0200] {logging_mixin.py:188} INFO - [2024-05-21T10:23:26.686+0200] {dag.py:3954} INFO - Setting next_dagrun for example_subdag_operator to 2022-01-01 00:00:00+00:00, run_after=2022-01-01 00:00:00+00:00
[2024-05-21T10:23:26.696+0200] {logging_mixin.py:188} INFO - [2024-05-21T10:23:26.696+0200] {dag.py:3954} INFO - Setting next_dagrun for example_subdag_operator.section-1 to None, run_after=None
[2024-05-21T10:23:26.700+0200] {logging_mixin.py:188} INFO - [2024-05-21T10:23:26.699+0200] {dag.py:3954} INFO - Setting next_dagrun for example_subdag_operator.section-2 to None, run_after=None
[2024-05-21T10:23:26.721+0200] {logging_mixin.py:188} INFO - [2024-05-21T10:23:26.720+0200] {dag.py:3096} INFO - Sync 2 DAGs
[2024-05-21T10:23:26.734+0200] {logging_mixin.py:188} INFO - [2024-05-21T10:23:26.733+0200] {dag.py:3954} INFO - Setting next_dagrun for example_subdag_operator.section-1 to None, run_after=None
[2024-05-21T10:23:26.735+0200] {logging_mixin.py:188} INFO - [2024-05-21T10:23:26.734+0200] {dag.py:3954} INFO - Setting next_dagrun for example_subdag_operator.section-2 to None, run_after=None
[2024-05-21T10:23:26.766+0200] {processor.py:183} INFO - Processing /home/munya/anaconda3/lib/python3.11/site-packages/airflow/example_dags/example_subdag_operator.py took 0.290 seconds
[2024-05-21T10:24:31.077+0200] {processor.py:161} INFO - Started process (PID=83295) to work on /home/munya/anaconda3/lib/python3.11/site-packages/airflow/example_dags/example_subdag_operator.py
[2024-05-21T10:24:31.078+0200] {processor.py:830} INFO - Processing file /home/munya/anaconda3/lib/python3.11/site-packages/airflow/example_dags/example_subdag_operator.py for tasks to queue
[2024-05-21T10:24:31.079+0200] {logging_mixin.py:188} INFO - [2024-05-21T10:24:31.079+0200] {dagbag.py:545} INFO - Filling up the DagBag from /home/munya/anaconda3/lib/python3.11/site-packages/airflow/example_dags/example_subdag_operator.py
[2024-05-21T10:24:31.097+0200] {processor.py:840} INFO - DAG(s) 'example_subdag_operator.section-1', 'example_subdag_operator.section-2', 'example_subdag_operator' retrieved from /home/munya/anaconda3/lib/python3.11/site-packages/airflow/example_dags/example_subdag_operator.py
[2024-05-21T10:24:31.117+0200] {logging_mixin.py:188} INFO - [2024-05-21T10:24:31.117+0200] {dag.py:3096} INFO - Sync 3 DAGs
[2024-05-21T10:24:31.138+0200] {logging_mixin.py:188} INFO - [2024-05-21T10:24:31.138+0200] {dag.py:3954} INFO - Setting next_dagrun for example_subdag_operator to 2022-01-01 00:00:00+00:00, run_after=2022-01-01 00:00:00+00:00
[2024-05-21T10:24:31.140+0200] {logging_mixin.py:188} INFO - [2024-05-21T10:24:31.140+0200] {dag.py:3954} INFO - Setting next_dagrun for example_subdag_operator.section-1 to None, run_after=None
[2024-05-21T10:24:31.141+0200] {logging_mixin.py:188} INFO - [2024-05-21T10:24:31.141+0200] {dag.py:3954} INFO - Setting next_dagrun for example_subdag_operator.section-2 to None, run_after=None
[2024-05-21T10:24:31.146+0200] {logging_mixin.py:188} INFO - [2024-05-21T10:24:31.146+0200] {dag.py:3096} INFO - Sync 2 DAGs
[2024-05-21T10:24:31.150+0200] {logging_mixin.py:188} INFO - [2024-05-21T10:24:31.149+0200] {dag.py:3954} INFO - Setting next_dagrun for example_subdag_operator.section-1 to None, run_after=None
[2024-05-21T10:24:31.150+0200] {logging_mixin.py:188} INFO - [2024-05-21T10:24:31.150+0200] {dag.py:3954} INFO - Setting next_dagrun for example_subdag_operator.section-2 to None, run_after=None
[2024-05-21T10:24:31.163+0200] {processor.py:183} INFO - Processing /home/munya/anaconda3/lib/python3.11/site-packages/airflow/example_dags/example_subdag_operator.py took 0.092 seconds
[2024-05-21T10:25:35.527+0200] {processor.py:161} INFO - Started process (PID=84104) to work on /home/munya/anaconda3/lib/python3.11/site-packages/airflow/example_dags/example_subdag_operator.py
[2024-05-21T10:25:35.528+0200] {processor.py:830} INFO - Processing file /home/munya/anaconda3/lib/python3.11/site-packages/airflow/example_dags/example_subdag_operator.py for tasks to queue
[2024-05-21T10:25:35.529+0200] {logging_mixin.py:188} INFO - [2024-05-21T10:25:35.529+0200] {dagbag.py:545} INFO - Filling up the DagBag from /home/munya/anaconda3/lib/python3.11/site-packages/airflow/example_dags/example_subdag_operator.py
[2024-05-21T10:25:35.551+0200] {processor.py:840} INFO - DAG(s) 'example_subdag_operator.section-1', 'example_subdag_operator.section-2', 'example_subdag_operator' retrieved from /home/munya/anaconda3/lib/python3.11/site-packages/airflow/example_dags/example_subdag_operator.py
[2024-05-21T10:25:35.572+0200] {logging_mixin.py:188} INFO - [2024-05-21T10:25:35.572+0200] {dag.py:3096} INFO - Sync 3 DAGs
[2024-05-21T10:25:35.594+0200] {logging_mixin.py:188} INFO - [2024-05-21T10:25:35.594+0200] {dag.py:3954} INFO - Setting next_dagrun for example_subdag_operator to 2022-01-01 00:00:00+00:00, run_after=2022-01-01 00:00:00+00:00
[2024-05-21T10:25:35.598+0200] {logging_mixin.py:188} INFO - [2024-05-21T10:25:35.598+0200] {dag.py:3954} INFO - Setting next_dagrun for example_subdag_operator.section-1 to None, run_after=None
[2024-05-21T10:25:35.599+0200] {logging_mixin.py:188} INFO - [2024-05-21T10:25:35.599+0200] {dag.py:3954} INFO - Setting next_dagrun for example_subdag_operator.section-2 to None, run_after=None
[2024-05-21T10:25:35.606+0200] {logging_mixin.py:188} INFO - [2024-05-21T10:25:35.606+0200] {dag.py:3096} INFO - Sync 2 DAGs
[2024-05-21T10:25:35.612+0200] {logging_mixin.py:188} INFO - [2024-05-21T10:25:35.612+0200] {dag.py:3954} INFO - Setting next_dagrun for example_subdag_operator.section-1 to None, run_after=None
[2024-05-21T10:25:35.613+0200] {logging_mixin.py:188} INFO - [2024-05-21T10:25:35.613+0200] {dag.py:3954} INFO - Setting next_dagrun for example_subdag_operator.section-2 to None, run_after=None
[2024-05-21T10:25:35.631+0200] {processor.py:183} INFO - Processing /home/munya/anaconda3/lib/python3.11/site-packages/airflow/example_dags/example_subdag_operator.py took 0.112 seconds
[2024-05-21T10:26:37.458+0200] {processor.py:161} INFO - Started process (PID=84944) to work on /home/munya/anaconda3/lib/python3.11/site-packages/airflow/example_dags/example_subdag_operator.py
[2024-05-21T10:26:37.459+0200] {processor.py:830} INFO - Processing file /home/munya/anaconda3/lib/python3.11/site-packages/airflow/example_dags/example_subdag_operator.py for tasks to queue
[2024-05-21T10:26:37.460+0200] {logging_mixin.py:188} INFO - [2024-05-21T10:26:37.460+0200] {dagbag.py:545} INFO - Filling up the DagBag from /home/munya/anaconda3/lib/python3.11/site-packages/airflow/example_dags/example_subdag_operator.py
[2024-05-21T10:26:37.483+0200] {processor.py:840} INFO - DAG(s) 'example_subdag_operator.section-1', 'example_subdag_operator.section-2', 'example_subdag_operator' retrieved from /home/munya/anaconda3/lib/python3.11/site-packages/airflow/example_dags/example_subdag_operator.py
[2024-05-21T10:26:37.501+0200] {logging_mixin.py:188} INFO - [2024-05-21T10:26:37.501+0200] {dag.py:3096} INFO - Sync 3 DAGs
[2024-05-21T10:26:37.524+0200] {logging_mixin.py:188} INFO - [2024-05-21T10:26:37.524+0200] {dag.py:3954} INFO - Setting next_dagrun for example_subdag_operator to 2022-01-01 00:00:00+00:00, run_after=2022-01-01 00:00:00+00:00
[2024-05-21T10:26:37.528+0200] {logging_mixin.py:188} INFO - [2024-05-21T10:26:37.528+0200] {dag.py:3954} INFO - Setting next_dagrun for example_subdag_operator.section-1 to None, run_after=None
[2024-05-21T10:26:37.529+0200] {logging_mixin.py:188} INFO - [2024-05-21T10:26:37.529+0200] {dag.py:3954} INFO - Setting next_dagrun for example_subdag_operator.section-2 to None, run_after=None
[2024-05-21T10:26:37.535+0200] {logging_mixin.py:188} INFO - [2024-05-21T10:26:37.535+0200] {dag.py:3096} INFO - Sync 2 DAGs
[2024-05-21T10:26:37.539+0200] {logging_mixin.py:188} INFO - [2024-05-21T10:26:37.539+0200] {dag.py:3954} INFO - Setting next_dagrun for example_subdag_operator.section-1 to None, run_after=None
[2024-05-21T10:26:37.540+0200] {logging_mixin.py:188} INFO - [2024-05-21T10:26:37.539+0200] {dag.py:3954} INFO - Setting next_dagrun for example_subdag_operator.section-2 to None, run_after=None
[2024-05-21T10:26:37.552+0200] {processor.py:183} INFO - Processing /home/munya/anaconda3/lib/python3.11/site-packages/airflow/example_dags/example_subdag_operator.py took 0.101 seconds
[2024-05-21T10:27:43.048+0200] {processor.py:161} INFO - Started process (PID=85817) to work on /home/munya/anaconda3/lib/python3.11/site-packages/airflow/example_dags/example_subdag_operator.py
[2024-05-21T10:27:43.051+0200] {processor.py:830} INFO - Processing file /home/munya/anaconda3/lib/python3.11/site-packages/airflow/example_dags/example_subdag_operator.py for tasks to queue
[2024-05-21T10:27:43.054+0200] {logging_mixin.py:188} INFO - [2024-05-21T10:27:43.053+0200] {dagbag.py:545} INFO - Filling up the DagBag from /home/munya/anaconda3/lib/python3.11/site-packages/airflow/example_dags/example_subdag_operator.py
[2024-05-21T10:27:43.135+0200] {processor.py:840} INFO - DAG(s) 'example_subdag_operator.section-1', 'example_subdag_operator.section-2', 'example_subdag_operator' retrieved from /home/munya/anaconda3/lib/python3.11/site-packages/airflow/example_dags/example_subdag_operator.py
[2024-05-21T10:27:43.187+0200] {logging_mixin.py:188} INFO - [2024-05-21T10:27:43.186+0200] {dag.py:3096} INFO - Sync 3 DAGs
[2024-05-21T10:27:43.258+0200] {logging_mixin.py:188} INFO - [2024-05-21T10:27:43.257+0200] {dag.py:3954} INFO - Setting next_dagrun for example_subdag_operator to 2022-01-01 00:00:00+00:00, run_after=2022-01-01 00:00:00+00:00
[2024-05-21T10:27:43.272+0200] {logging_mixin.py:188} INFO - [2024-05-21T10:27:43.271+0200] {dag.py:3954} INFO - Setting next_dagrun for example_subdag_operator.section-1 to None, run_after=None
[2024-05-21T10:27:43.276+0200] {logging_mixin.py:188} INFO - [2024-05-21T10:27:43.275+0200] {dag.py:3954} INFO - Setting next_dagrun for example_subdag_operator.section-2 to None, run_after=None
[2024-05-21T10:27:43.297+0200] {logging_mixin.py:188} INFO - [2024-05-21T10:27:43.296+0200] {dag.py:3096} INFO - Sync 2 DAGs
[2024-05-21T10:27:43.312+0200] {logging_mixin.py:188} INFO - [2024-05-21T10:27:43.312+0200] {dag.py:3954} INFO - Setting next_dagrun for example_subdag_operator.section-1 to None, run_after=None
[2024-05-21T10:27:43.313+0200] {logging_mixin.py:188} INFO - [2024-05-21T10:27:43.313+0200] {dag.py:3954} INFO - Setting next_dagrun for example_subdag_operator.section-2 to None, run_after=None
[2024-05-21T10:27:43.357+0200] {processor.py:183} INFO - Processing /home/munya/anaconda3/lib/python3.11/site-packages/airflow/example_dags/example_subdag_operator.py took 0.336 seconds
[2024-05-21T10:28:53.209+0200] {processor.py:161} INFO - Started process (PID=86707) to work on /home/munya/anaconda3/lib/python3.11/site-packages/airflow/example_dags/example_subdag_operator.py
[2024-05-21T10:28:53.212+0200] {processor.py:830} INFO - Processing file /home/munya/anaconda3/lib/python3.11/site-packages/airflow/example_dags/example_subdag_operator.py for tasks to queue
[2024-05-21T10:28:53.215+0200] {logging_mixin.py:188} INFO - [2024-05-21T10:28:53.214+0200] {dagbag.py:545} INFO - Filling up the DagBag from /home/munya/anaconda3/lib/python3.11/site-packages/airflow/example_dags/example_subdag_operator.py
[2024-05-21T10:28:53.292+0200] {processor.py:840} INFO - DAG(s) 'example_subdag_operator.section-1', 'example_subdag_operator.section-2', 'example_subdag_operator' retrieved from /home/munya/anaconda3/lib/python3.11/site-packages/airflow/example_dags/example_subdag_operator.py
[2024-05-21T10:28:53.341+0200] {logging_mixin.py:188} INFO - [2024-05-21T10:28:53.340+0200] {dag.py:3096} INFO - Sync 3 DAGs
[2024-05-21T10:28:53.404+0200] {logging_mixin.py:188} INFO - [2024-05-21T10:28:53.403+0200] {dag.py:3954} INFO - Setting next_dagrun for example_subdag_operator to 2022-01-01 00:00:00+00:00, run_after=2022-01-01 00:00:00+00:00
[2024-05-21T10:28:53.417+0200] {logging_mixin.py:188} INFO - [2024-05-21T10:28:53.416+0200] {dag.py:3954} INFO - Setting next_dagrun for example_subdag_operator.section-1 to None, run_after=None
[2024-05-21T10:28:53.421+0200] {logging_mixin.py:188} INFO - [2024-05-21T10:28:53.420+0200] {dag.py:3954} INFO - Setting next_dagrun for example_subdag_operator.section-2 to None, run_after=None
[2024-05-21T10:28:53.444+0200] {logging_mixin.py:188} INFO - [2024-05-21T10:28:53.443+0200] {dag.py:3096} INFO - Sync 2 DAGs
[2024-05-21T10:28:53.462+0200] {logging_mixin.py:188} INFO - [2024-05-21T10:28:53.461+0200] {dag.py:3954} INFO - Setting next_dagrun for example_subdag_operator.section-1 to None, run_after=None
[2024-05-21T10:28:53.464+0200] {logging_mixin.py:188} INFO - [2024-05-21T10:28:53.463+0200] {dag.py:3954} INFO - Setting next_dagrun for example_subdag_operator.section-2 to None, run_after=None
[2024-05-21T10:28:53.511+0200] {processor.py:183} INFO - Processing /home/munya/anaconda3/lib/python3.11/site-packages/airflow/example_dags/example_subdag_operator.py took 0.327 seconds
[2024-05-21T10:29:55.779+0200] {processor.py:161} INFO - Started process (PID=87525) to work on /home/munya/anaconda3/lib/python3.11/site-packages/airflow/example_dags/example_subdag_operator.py
[2024-05-21T10:29:55.780+0200] {processor.py:830} INFO - Processing file /home/munya/anaconda3/lib/python3.11/site-packages/airflow/example_dags/example_subdag_operator.py for tasks to queue
[2024-05-21T10:29:55.781+0200] {logging_mixin.py:188} INFO - [2024-05-21T10:29:55.780+0200] {dagbag.py:545} INFO - Filling up the DagBag from /home/munya/anaconda3/lib/python3.11/site-packages/airflow/example_dags/example_subdag_operator.py
[2024-05-21T10:29:55.803+0200] {processor.py:840} INFO - DAG(s) 'example_subdag_operator.section-1', 'example_subdag_operator.section-2', 'example_subdag_operator' retrieved from /home/munya/anaconda3/lib/python3.11/site-packages/airflow/example_dags/example_subdag_operator.py
[2024-05-21T10:29:55.825+0200] {logging_mixin.py:188} INFO - [2024-05-21T10:29:55.825+0200] {dag.py:3096} INFO - Sync 3 DAGs
[2024-05-21T10:29:55.846+0200] {logging_mixin.py:188} INFO - [2024-05-21T10:29:55.846+0200] {dag.py:3954} INFO - Setting next_dagrun for example_subdag_operator to 2022-01-01 00:00:00+00:00, run_after=2022-01-01 00:00:00+00:00
[2024-05-21T10:29:55.850+0200] {logging_mixin.py:188} INFO - [2024-05-21T10:29:55.849+0200] {dag.py:3954} INFO - Setting next_dagrun for example_subdag_operator.section-1 to None, run_after=None
[2024-05-21T10:29:55.851+0200] {logging_mixin.py:188} INFO - [2024-05-21T10:29:55.850+0200] {dag.py:3954} INFO - Setting next_dagrun for example_subdag_operator.section-2 to None, run_after=None
[2024-05-21T10:29:55.857+0200] {logging_mixin.py:188} INFO - [2024-05-21T10:29:55.856+0200] {dag.py:3096} INFO - Sync 2 DAGs
[2024-05-21T10:29:55.861+0200] {logging_mixin.py:188} INFO - [2024-05-21T10:29:55.861+0200] {dag.py:3954} INFO - Setting next_dagrun for example_subdag_operator.section-1 to None, run_after=None
[2024-05-21T10:29:55.861+0200] {logging_mixin.py:188} INFO - [2024-05-21T10:29:55.861+0200] {dag.py:3954} INFO - Setting next_dagrun for example_subdag_operator.section-2 to None, run_after=None
[2024-05-21T10:29:55.875+0200] {processor.py:183} INFO - Processing /home/munya/anaconda3/lib/python3.11/site-packages/airflow/example_dags/example_subdag_operator.py took 0.103 seconds
[2024-05-21T10:31:00.653+0200] {processor.py:161} INFO - Started process (PID=88364) to work on /home/munya/anaconda3/lib/python3.11/site-packages/airflow/example_dags/example_subdag_operator.py
[2024-05-21T10:31:00.654+0200] {processor.py:830} INFO - Processing file /home/munya/anaconda3/lib/python3.11/site-packages/airflow/example_dags/example_subdag_operator.py for tasks to queue
[2024-05-21T10:31:00.655+0200] {logging_mixin.py:188} INFO - [2024-05-21T10:31:00.654+0200] {dagbag.py:545} INFO - Filling up the DagBag from /home/munya/anaconda3/lib/python3.11/site-packages/airflow/example_dags/example_subdag_operator.py
[2024-05-21T10:31:00.676+0200] {processor.py:840} INFO - DAG(s) 'example_subdag_operator.section-1', 'example_subdag_operator.section-2', 'example_subdag_operator' retrieved from /home/munya/anaconda3/lib/python3.11/site-packages/airflow/example_dags/example_subdag_operator.py
[2024-05-21T10:31:00.695+0200] {logging_mixin.py:188} INFO - [2024-05-21T10:31:00.695+0200] {dag.py:3096} INFO - Sync 3 DAGs
[2024-05-21T10:31:00.715+0200] {logging_mixin.py:188} INFO - [2024-05-21T10:31:00.715+0200] {dag.py:3954} INFO - Setting next_dagrun for example_subdag_operator to 2022-01-01 00:00:00+00:00, run_after=2022-01-01 00:00:00+00:00
[2024-05-21T10:31:00.719+0200] {logging_mixin.py:188} INFO - [2024-05-21T10:31:00.718+0200] {dag.py:3954} INFO - Setting next_dagrun for example_subdag_operator.section-1 to None, run_after=None
[2024-05-21T10:31:00.720+0200] {logging_mixin.py:188} INFO - [2024-05-21T10:31:00.719+0200] {dag.py:3954} INFO - Setting next_dagrun for example_subdag_operator.section-2 to None, run_after=None
[2024-05-21T10:31:00.725+0200] {logging_mixin.py:188} INFO - [2024-05-21T10:31:00.725+0200] {dag.py:3096} INFO - Sync 2 DAGs
[2024-05-21T10:31:00.730+0200] {logging_mixin.py:188} INFO - [2024-05-21T10:31:00.729+0200] {dag.py:3954} INFO - Setting next_dagrun for example_subdag_operator.section-1 to None, run_after=None
[2024-05-21T10:31:00.730+0200] {logging_mixin.py:188} INFO - [2024-05-21T10:31:00.730+0200] {dag.py:3954} INFO - Setting next_dagrun for example_subdag_operator.section-2 to None, run_after=None
[2024-05-21T10:31:00.743+0200] {processor.py:183} INFO - Processing /home/munya/anaconda3/lib/python3.11/site-packages/airflow/example_dags/example_subdag_operator.py took 0.097 seconds
[2024-05-21T10:32:02.127+0200] {processor.py:161} INFO - Started process (PID=89166) to work on /home/munya/anaconda3/lib/python3.11/site-packages/airflow/example_dags/example_subdag_operator.py
[2024-05-21T10:32:02.128+0200] {processor.py:830} INFO - Processing file /home/munya/anaconda3/lib/python3.11/site-packages/airflow/example_dags/example_subdag_operator.py for tasks to queue
[2024-05-21T10:32:02.128+0200] {logging_mixin.py:188} INFO - [2024-05-21T10:32:02.128+0200] {dagbag.py:545} INFO - Filling up the DagBag from /home/munya/anaconda3/lib/python3.11/site-packages/airflow/example_dags/example_subdag_operator.py
[2024-05-21T10:32:02.150+0200] {processor.py:840} INFO - DAG(s) 'example_subdag_operator.section-1', 'example_subdag_operator.section-2', 'example_subdag_operator' retrieved from /home/munya/anaconda3/lib/python3.11/site-packages/airflow/example_dags/example_subdag_operator.py
[2024-05-21T10:32:02.168+0200] {logging_mixin.py:188} INFO - [2024-05-21T10:32:02.168+0200] {dag.py:3096} INFO - Sync 3 DAGs
[2024-05-21T10:32:02.187+0200] {logging_mixin.py:188} INFO - [2024-05-21T10:32:02.187+0200] {dag.py:3954} INFO - Setting next_dagrun for example_subdag_operator to 2022-01-01 00:00:00+00:00, run_after=2022-01-01 00:00:00+00:00
[2024-05-21T10:32:02.191+0200] {logging_mixin.py:188} INFO - [2024-05-21T10:32:02.190+0200] {dag.py:3954} INFO - Setting next_dagrun for example_subdag_operator.section-1 to None, run_after=None
[2024-05-21T10:32:02.192+0200] {logging_mixin.py:188} INFO - [2024-05-21T10:32:02.192+0200] {dag.py:3954} INFO - Setting next_dagrun for example_subdag_operator.section-2 to None, run_after=None
[2024-05-21T10:32:02.197+0200] {logging_mixin.py:188} INFO - [2024-05-21T10:32:02.197+0200] {dag.py:3096} INFO - Sync 2 DAGs
[2024-05-21T10:32:02.202+0200] {logging_mixin.py:188} INFO - [2024-05-21T10:32:02.201+0200] {dag.py:3954} INFO - Setting next_dagrun for example_subdag_operator.section-1 to None, run_after=None
[2024-05-21T10:32:02.202+0200] {logging_mixin.py:188} INFO - [2024-05-21T10:32:02.202+0200] {dag.py:3954} INFO - Setting next_dagrun for example_subdag_operator.section-2 to None, run_after=None
[2024-05-21T10:32:02.214+0200] {processor.py:183} INFO - Processing /home/munya/anaconda3/lib/python3.11/site-packages/airflow/example_dags/example_subdag_operator.py took 0.094 seconds
[2024-05-21T10:33:08.603+0200] {processor.py:161} INFO - Started process (PID=90005) to work on /home/munya/anaconda3/lib/python3.11/site-packages/airflow/example_dags/example_subdag_operator.py
[2024-05-21T10:33:08.604+0200] {processor.py:830} INFO - Processing file /home/munya/anaconda3/lib/python3.11/site-packages/airflow/example_dags/example_subdag_operator.py for tasks to queue
[2024-05-21T10:33:08.605+0200] {logging_mixin.py:188} INFO - [2024-05-21T10:33:08.605+0200] {dagbag.py:545} INFO - Filling up the DagBag from /home/munya/anaconda3/lib/python3.11/site-packages/airflow/example_dags/example_subdag_operator.py
[2024-05-21T10:33:08.628+0200] {processor.py:840} INFO - DAG(s) 'example_subdag_operator.section-1', 'example_subdag_operator.section-2', 'example_subdag_operator' retrieved from /home/munya/anaconda3/lib/python3.11/site-packages/airflow/example_dags/example_subdag_operator.py
[2024-05-21T10:33:08.647+0200] {logging_mixin.py:188} INFO - [2024-05-21T10:33:08.647+0200] {dag.py:3096} INFO - Sync 3 DAGs
[2024-05-21T10:33:08.668+0200] {logging_mixin.py:188} INFO - [2024-05-21T10:33:08.668+0200] {dag.py:3954} INFO - Setting next_dagrun for example_subdag_operator to 2022-01-01 00:00:00+00:00, run_after=2022-01-01 00:00:00+00:00
[2024-05-21T10:33:08.673+0200] {logging_mixin.py:188} INFO - [2024-05-21T10:33:08.673+0200] {dag.py:3954} INFO - Setting next_dagrun for example_subdag_operator.section-1 to None, run_after=None
[2024-05-21T10:33:08.674+0200] {logging_mixin.py:188} INFO - [2024-05-21T10:33:08.674+0200] {dag.py:3954} INFO - Setting next_dagrun for example_subdag_operator.section-2 to None, run_after=None
[2024-05-21T10:33:08.680+0200] {logging_mixin.py:188} INFO - [2024-05-21T10:33:08.680+0200] {dag.py:3096} INFO - Sync 2 DAGs
[2024-05-21T10:33:08.685+0200] {logging_mixin.py:188} INFO - [2024-05-21T10:33:08.684+0200] {dag.py:3954} INFO - Setting next_dagrun for example_subdag_operator.section-1 to None, run_after=None
[2024-05-21T10:33:08.685+0200] {logging_mixin.py:188} INFO - [2024-05-21T10:33:08.685+0200] {dag.py:3954} INFO - Setting next_dagrun for example_subdag_operator.section-2 to None, run_after=None
[2024-05-21T10:33:08.699+0200] {processor.py:183} INFO - Processing /home/munya/anaconda3/lib/python3.11/site-packages/airflow/example_dags/example_subdag_operator.py took 0.103 seconds
[2024-05-21T10:34:15.222+0200] {processor.py:161} INFO - Started process (PID=90845) to work on /home/munya/anaconda3/lib/python3.11/site-packages/airflow/example_dags/example_subdag_operator.py
[2024-05-21T10:34:15.225+0200] {processor.py:830} INFO - Processing file /home/munya/anaconda3/lib/python3.11/site-packages/airflow/example_dags/example_subdag_operator.py for tasks to queue
[2024-05-21T10:34:15.228+0200] {logging_mixin.py:188} INFO - [2024-05-21T10:34:15.227+0200] {dagbag.py:545} INFO - Filling up the DagBag from /home/munya/anaconda3/lib/python3.11/site-packages/airflow/example_dags/example_subdag_operator.py
[2024-05-21T10:34:15.305+0200] {processor.py:840} INFO - DAG(s) 'example_subdag_operator.section-1', 'example_subdag_operator.section-2', 'example_subdag_operator' retrieved from /home/munya/anaconda3/lib/python3.11/site-packages/airflow/example_dags/example_subdag_operator.py
[2024-05-21T10:34:15.370+0200] {logging_mixin.py:188} INFO - [2024-05-21T10:34:15.369+0200] {dag.py:3096} INFO - Sync 3 DAGs
[2024-05-21T10:34:15.452+0200] {logging_mixin.py:188} INFO - [2024-05-21T10:34:15.451+0200] {dag.py:3954} INFO - Setting next_dagrun for example_subdag_operator to 2022-01-01 00:00:00+00:00, run_after=2022-01-01 00:00:00+00:00
[2024-05-21T10:34:15.472+0200] {logging_mixin.py:188} INFO - [2024-05-21T10:34:15.471+0200] {dag.py:3954} INFO - Setting next_dagrun for example_subdag_operator.section-1 to None, run_after=None
[2024-05-21T10:34:15.476+0200] {logging_mixin.py:188} INFO - [2024-05-21T10:34:15.476+0200] {dag.py:3954} INFO - Setting next_dagrun for example_subdag_operator.section-2 to None, run_after=None
[2024-05-21T10:34:15.500+0200] {logging_mixin.py:188} INFO - [2024-05-21T10:34:15.499+0200] {dag.py:3096} INFO - Sync 2 DAGs
[2024-05-21T10:34:15.516+0200] {logging_mixin.py:188} INFO - [2024-05-21T10:34:15.515+0200] {dag.py:3954} INFO - Setting next_dagrun for example_subdag_operator.section-1 to None, run_after=None
[2024-05-21T10:34:15.517+0200] {logging_mixin.py:188} INFO - [2024-05-21T10:34:15.517+0200] {dag.py:3954} INFO - Setting next_dagrun for example_subdag_operator.section-2 to None, run_after=None
[2024-05-21T10:34:15.562+0200] {processor.py:183} INFO - Processing /home/munya/anaconda3/lib/python3.11/site-packages/airflow/example_dags/example_subdag_operator.py took 0.360 seconds
[2024-05-21T10:35:21.008+0200] {processor.py:161} INFO - Started process (PID=91692) to work on /home/munya/anaconda3/lib/python3.11/site-packages/airflow/example_dags/example_subdag_operator.py
[2024-05-21T10:35:21.012+0200] {processor.py:830} INFO - Processing file /home/munya/anaconda3/lib/python3.11/site-packages/airflow/example_dags/example_subdag_operator.py for tasks to queue
[2024-05-21T10:35:21.016+0200] {logging_mixin.py:188} INFO - [2024-05-21T10:35:21.014+0200] {dagbag.py:545} INFO - Filling up the DagBag from /home/munya/anaconda3/lib/python3.11/site-packages/airflow/example_dags/example_subdag_operator.py
[2024-05-21T10:35:21.107+0200] {processor.py:840} INFO - DAG(s) 'example_subdag_operator.section-1', 'example_subdag_operator.section-2', 'example_subdag_operator' retrieved from /home/munya/anaconda3/lib/python3.11/site-packages/airflow/example_dags/example_subdag_operator.py
[2024-05-21T10:35:21.183+0200] {logging_mixin.py:188} INFO - [2024-05-21T10:35:21.182+0200] {dag.py:3096} INFO - Sync 3 DAGs
[2024-05-21T10:35:21.278+0200] {logging_mixin.py:188} INFO - [2024-05-21T10:35:21.277+0200] {dag.py:3954} INFO - Setting next_dagrun for example_subdag_operator to 2022-01-01 00:00:00+00:00, run_after=2022-01-01 00:00:00+00:00
[2024-05-21T10:35:21.293+0200] {logging_mixin.py:188} INFO - [2024-05-21T10:35:21.293+0200] {dag.py:3954} INFO - Setting next_dagrun for example_subdag_operator.section-1 to None, run_after=None
[2024-05-21T10:35:21.298+0200] {logging_mixin.py:188} INFO - [2024-05-21T10:35:21.297+0200] {dag.py:3954} INFO - Setting next_dagrun for example_subdag_operator.section-2 to None, run_after=None
[2024-05-21T10:35:21.322+0200] {logging_mixin.py:188} INFO - [2024-05-21T10:35:21.321+0200] {dag.py:3096} INFO - Sync 2 DAGs
[2024-05-21T10:35:21.345+0200] {logging_mixin.py:188} INFO - [2024-05-21T10:35:21.344+0200] {dag.py:3954} INFO - Setting next_dagrun for example_subdag_operator.section-1 to None, run_after=None
[2024-05-21T10:35:21.346+0200] {logging_mixin.py:188} INFO - [2024-05-21T10:35:21.346+0200] {dag.py:3954} INFO - Setting next_dagrun for example_subdag_operator.section-2 to None, run_after=None
[2024-05-21T10:35:21.395+0200] {processor.py:183} INFO - Processing /home/munya/anaconda3/lib/python3.11/site-packages/airflow/example_dags/example_subdag_operator.py took 0.414 seconds
[2024-05-21T10:36:25.153+0200] {processor.py:161} INFO - Started process (PID=92532) to work on /home/munya/anaconda3/lib/python3.11/site-packages/airflow/example_dags/example_subdag_operator.py
[2024-05-21T10:36:25.154+0200] {processor.py:830} INFO - Processing file /home/munya/anaconda3/lib/python3.11/site-packages/airflow/example_dags/example_subdag_operator.py for tasks to queue
[2024-05-21T10:36:25.155+0200] {logging_mixin.py:188} INFO - [2024-05-21T10:36:25.154+0200] {dagbag.py:545} INFO - Filling up the DagBag from /home/munya/anaconda3/lib/python3.11/site-packages/airflow/example_dags/example_subdag_operator.py
[2024-05-21T10:36:25.177+0200] {processor.py:840} INFO - DAG(s) 'example_subdag_operator.section-1', 'example_subdag_operator.section-2', 'example_subdag_operator' retrieved from /home/munya/anaconda3/lib/python3.11/site-packages/airflow/example_dags/example_subdag_operator.py
[2024-05-21T10:36:25.197+0200] {logging_mixin.py:188} INFO - [2024-05-21T10:36:25.197+0200] {dag.py:3096} INFO - Sync 3 DAGs
[2024-05-21T10:36:25.218+0200] {logging_mixin.py:188} INFO - [2024-05-21T10:36:25.218+0200] {dag.py:3954} INFO - Setting next_dagrun for example_subdag_operator to 2022-01-01 00:00:00+00:00, run_after=2022-01-01 00:00:00+00:00
[2024-05-21T10:36:25.222+0200] {logging_mixin.py:188} INFO - [2024-05-21T10:36:25.222+0200] {dag.py:3954} INFO - Setting next_dagrun for example_subdag_operator.section-1 to None, run_after=None
[2024-05-21T10:36:25.224+0200] {logging_mixin.py:188} INFO - [2024-05-21T10:36:25.224+0200] {dag.py:3954} INFO - Setting next_dagrun for example_subdag_operator.section-2 to None, run_after=None
[2024-05-21T10:36:25.232+0200] {logging_mixin.py:188} INFO - [2024-05-21T10:36:25.231+0200] {dag.py:3096} INFO - Sync 2 DAGs
[2024-05-21T10:36:25.236+0200] {logging_mixin.py:188} INFO - [2024-05-21T10:36:25.236+0200] {dag.py:3954} INFO - Setting next_dagrun for example_subdag_operator.section-1 to None, run_after=None
[2024-05-21T10:36:25.237+0200] {logging_mixin.py:188} INFO - [2024-05-21T10:36:25.237+0200] {dag.py:3954} INFO - Setting next_dagrun for example_subdag_operator.section-2 to None, run_after=None
[2024-05-21T10:36:25.253+0200] {processor.py:183} INFO - Processing /home/munya/anaconda3/lib/python3.11/site-packages/airflow/example_dags/example_subdag_operator.py took 0.108 seconds
[2024-05-21T10:37:26.273+0200] {processor.py:161} INFO - Started process (PID=93344) to work on /home/munya/anaconda3/lib/python3.11/site-packages/airflow/example_dags/example_subdag_operator.py
[2024-05-21T10:37:26.274+0200] {processor.py:830} INFO - Processing file /home/munya/anaconda3/lib/python3.11/site-packages/airflow/example_dags/example_subdag_operator.py for tasks to queue
[2024-05-21T10:37:26.275+0200] {logging_mixin.py:188} INFO - [2024-05-21T10:37:26.274+0200] {dagbag.py:545} INFO - Filling up the DagBag from /home/munya/anaconda3/lib/python3.11/site-packages/airflow/example_dags/example_subdag_operator.py
[2024-05-21T10:37:26.298+0200] {processor.py:840} INFO - DAG(s) 'example_subdag_operator.section-1', 'example_subdag_operator.section-2', 'example_subdag_operator' retrieved from /home/munya/anaconda3/lib/python3.11/site-packages/airflow/example_dags/example_subdag_operator.py
[2024-05-21T10:37:26.318+0200] {logging_mixin.py:188} INFO - [2024-05-21T10:37:26.318+0200] {dag.py:3096} INFO - Sync 3 DAGs
[2024-05-21T10:37:26.339+0200] {logging_mixin.py:188} INFO - [2024-05-21T10:37:26.339+0200] {dag.py:3954} INFO - Setting next_dagrun for example_subdag_operator to 2022-01-01 00:00:00+00:00, run_after=2022-01-01 00:00:00+00:00
[2024-05-21T10:37:26.343+0200] {logging_mixin.py:188} INFO - [2024-05-21T10:37:26.342+0200] {dag.py:3954} INFO - Setting next_dagrun for example_subdag_operator.section-1 to None, run_after=None
[2024-05-21T10:37:26.344+0200] {logging_mixin.py:188} INFO - [2024-05-21T10:37:26.343+0200] {dag.py:3954} INFO - Setting next_dagrun for example_subdag_operator.section-2 to None, run_after=None
[2024-05-21T10:37:26.349+0200] {logging_mixin.py:188} INFO - [2024-05-21T10:37:26.349+0200] {dag.py:3096} INFO - Sync 2 DAGs
[2024-05-21T10:37:26.354+0200] {logging_mixin.py:188} INFO - [2024-05-21T10:37:26.354+0200] {dag.py:3954} INFO - Setting next_dagrun for example_subdag_operator.section-1 to None, run_after=None
[2024-05-21T10:37:26.354+0200] {logging_mixin.py:188} INFO - [2024-05-21T10:37:26.354+0200] {dag.py:3954} INFO - Setting next_dagrun for example_subdag_operator.section-2 to None, run_after=None
[2024-05-21T10:37:26.368+0200] {processor.py:183} INFO - Processing /home/munya/anaconda3/lib/python3.11/site-packages/airflow/example_dags/example_subdag_operator.py took 0.102 seconds
[2024-05-21T10:38:32.435+0200] {processor.py:161} INFO - Started process (PID=94175) to work on /home/munya/anaconda3/lib/python3.11/site-packages/airflow/example_dags/example_subdag_operator.py
[2024-05-21T10:38:32.436+0200] {processor.py:830} INFO - Processing file /home/munya/anaconda3/lib/python3.11/site-packages/airflow/example_dags/example_subdag_operator.py for tasks to queue
[2024-05-21T10:38:32.437+0200] {logging_mixin.py:188} INFO - [2024-05-21T10:38:32.437+0200] {dagbag.py:545} INFO - Filling up the DagBag from /home/munya/anaconda3/lib/python3.11/site-packages/airflow/example_dags/example_subdag_operator.py
[2024-05-21T10:38:32.453+0200] {processor.py:840} INFO - DAG(s) 'example_subdag_operator.section-1', 'example_subdag_operator.section-2', 'example_subdag_operator' retrieved from /home/munya/anaconda3/lib/python3.11/site-packages/airflow/example_dags/example_subdag_operator.py
[2024-05-21T10:38:32.471+0200] {logging_mixin.py:188} INFO - [2024-05-21T10:38:32.471+0200] {dag.py:3096} INFO - Sync 3 DAGs
[2024-05-21T10:38:32.492+0200] {logging_mixin.py:188} INFO - [2024-05-21T10:38:32.492+0200] {dag.py:3954} INFO - Setting next_dagrun for example_subdag_operator to 2022-01-01 00:00:00+00:00, run_after=2022-01-01 00:00:00+00:00
[2024-05-21T10:38:32.496+0200] {logging_mixin.py:188} INFO - [2024-05-21T10:38:32.495+0200] {dag.py:3954} INFO - Setting next_dagrun for example_subdag_operator.section-1 to None, run_after=None
[2024-05-21T10:38:32.497+0200] {logging_mixin.py:188} INFO - [2024-05-21T10:38:32.496+0200] {dag.py:3954} INFO - Setting next_dagrun for example_subdag_operator.section-2 to None, run_after=None
[2024-05-21T10:38:32.502+0200] {logging_mixin.py:188} INFO - [2024-05-21T10:38:32.502+0200] {dag.py:3096} INFO - Sync 2 DAGs
[2024-05-21T10:38:32.507+0200] {logging_mixin.py:188} INFO - [2024-05-21T10:38:32.506+0200] {dag.py:3954} INFO - Setting next_dagrun for example_subdag_operator.section-1 to None, run_after=None
[2024-05-21T10:38:32.507+0200] {logging_mixin.py:188} INFO - [2024-05-21T10:38:32.507+0200] {dag.py:3954} INFO - Setting next_dagrun for example_subdag_operator.section-2 to None, run_after=None
[2024-05-21T10:38:32.521+0200] {processor.py:183} INFO - Processing /home/munya/anaconda3/lib/python3.11/site-packages/airflow/example_dags/example_subdag_operator.py took 0.092 seconds
[2024-05-21T10:39:37.061+0200] {processor.py:161} INFO - Started process (PID=95047) to work on /home/munya/anaconda3/lib/python3.11/site-packages/airflow/example_dags/example_subdag_operator.py
[2024-05-21T10:39:37.062+0200] {processor.py:830} INFO - Processing file /home/munya/anaconda3/lib/python3.11/site-packages/airflow/example_dags/example_subdag_operator.py for tasks to queue
[2024-05-21T10:39:37.063+0200] {logging_mixin.py:188} INFO - [2024-05-21T10:39:37.062+0200] {dagbag.py:545} INFO - Filling up the DagBag from /home/munya/anaconda3/lib/python3.11/site-packages/airflow/example_dags/example_subdag_operator.py
[2024-05-21T10:39:37.085+0200] {processor.py:840} INFO - DAG(s) 'example_subdag_operator.section-1', 'example_subdag_operator.section-2', 'example_subdag_operator' retrieved from /home/munya/anaconda3/lib/python3.11/site-packages/airflow/example_dags/example_subdag_operator.py
[2024-05-21T10:39:37.105+0200] {logging_mixin.py:188} INFO - [2024-05-21T10:39:37.105+0200] {dag.py:3096} INFO - Sync 3 DAGs
[2024-05-21T10:39:37.127+0200] {logging_mixin.py:188} INFO - [2024-05-21T10:39:37.127+0200] {dag.py:3954} INFO - Setting next_dagrun for example_subdag_operator to 2022-01-01 00:00:00+00:00, run_after=2022-01-01 00:00:00+00:00
[2024-05-21T10:39:37.131+0200] {logging_mixin.py:188} INFO - [2024-05-21T10:39:37.131+0200] {dag.py:3954} INFO - Setting next_dagrun for example_subdag_operator.section-1 to None, run_after=None
[2024-05-21T10:39:37.132+0200] {logging_mixin.py:188} INFO - [2024-05-21T10:39:37.132+0200] {dag.py:3954} INFO - Setting next_dagrun for example_subdag_operator.section-2 to None, run_after=None
[2024-05-21T10:39:37.138+0200] {logging_mixin.py:188} INFO - [2024-05-21T10:39:37.138+0200] {dag.py:3096} INFO - Sync 2 DAGs
[2024-05-21T10:39:37.143+0200] {logging_mixin.py:188} INFO - [2024-05-21T10:39:37.142+0200] {dag.py:3954} INFO - Setting next_dagrun for example_subdag_operator.section-1 to None, run_after=None
[2024-05-21T10:39:37.143+0200] {logging_mixin.py:188} INFO - [2024-05-21T10:39:37.143+0200] {dag.py:3954} INFO - Setting next_dagrun for example_subdag_operator.section-2 to None, run_after=None
[2024-05-21T10:39:37.155+0200] {processor.py:183} INFO - Processing /home/munya/anaconda3/lib/python3.11/site-packages/airflow/example_dags/example_subdag_operator.py took 0.102 seconds
[2024-05-21T10:40:36.880+0200] {processor.py:161} INFO - Started process (PID=95816) to work on /home/munya/anaconda3/lib/python3.11/site-packages/airflow/example_dags/example_subdag_operator.py
[2024-05-21T10:40:36.881+0200] {processor.py:830} INFO - Processing file /home/munya/anaconda3/lib/python3.11/site-packages/airflow/example_dags/example_subdag_operator.py for tasks to queue
[2024-05-21T10:40:36.882+0200] {logging_mixin.py:188} INFO - [2024-05-21T10:40:36.882+0200] {dagbag.py:545} INFO - Filling up the DagBag from /home/munya/anaconda3/lib/python3.11/site-packages/airflow/example_dags/example_subdag_operator.py
[2024-05-21T10:40:36.903+0200] {processor.py:840} INFO - DAG(s) 'example_subdag_operator.section-1', 'example_subdag_operator.section-2', 'example_subdag_operator' retrieved from /home/munya/anaconda3/lib/python3.11/site-packages/airflow/example_dags/example_subdag_operator.py
[2024-05-21T10:40:36.922+0200] {logging_mixin.py:188} INFO - [2024-05-21T10:40:36.922+0200] {dag.py:3096} INFO - Sync 3 DAGs
[2024-05-21T10:40:36.939+0200] {logging_mixin.py:188} INFO - [2024-05-21T10:40:36.939+0200] {dag.py:3954} INFO - Setting next_dagrun for example_subdag_operator to 2022-01-01 00:00:00+00:00, run_after=2022-01-01 00:00:00+00:00
[2024-05-21T10:40:36.942+0200] {logging_mixin.py:188} INFO - [2024-05-21T10:40:36.942+0200] {dag.py:3954} INFO - Setting next_dagrun for example_subdag_operator.section-1 to None, run_after=None
[2024-05-21T10:40:36.944+0200] {logging_mixin.py:188} INFO - [2024-05-21T10:40:36.943+0200] {dag.py:3954} INFO - Setting next_dagrun for example_subdag_operator.section-2 to None, run_after=None
[2024-05-21T10:40:36.950+0200] {logging_mixin.py:188} INFO - [2024-05-21T10:40:36.949+0200] {dag.py:3096} INFO - Sync 2 DAGs
[2024-05-21T10:40:36.954+0200] {logging_mixin.py:188} INFO - [2024-05-21T10:40:36.954+0200] {dag.py:3954} INFO - Setting next_dagrun for example_subdag_operator.section-1 to None, run_after=None
[2024-05-21T10:40:36.955+0200] {logging_mixin.py:188} INFO - [2024-05-21T10:40:36.954+0200] {dag.py:3954} INFO - Setting next_dagrun for example_subdag_operator.section-2 to None, run_after=None
[2024-05-21T10:40:36.969+0200] {processor.py:183} INFO - Processing /home/munya/anaconda3/lib/python3.11/site-packages/airflow/example_dags/example_subdag_operator.py took 0.096 seconds
[2024-05-21T10:41:43.250+0200] {processor.py:161} INFO - Started process (PID=96641) to work on /home/munya/anaconda3/lib/python3.11/site-packages/airflow/example_dags/example_subdag_operator.py
[2024-05-21T10:41:43.251+0200] {processor.py:830} INFO - Processing file /home/munya/anaconda3/lib/python3.11/site-packages/airflow/example_dags/example_subdag_operator.py for tasks to queue
[2024-05-21T10:41:43.252+0200] {logging_mixin.py:188} INFO - [2024-05-21T10:41:43.251+0200] {dagbag.py:545} INFO - Filling up the DagBag from /home/munya/anaconda3/lib/python3.11/site-packages/airflow/example_dags/example_subdag_operator.py
[2024-05-21T10:41:43.274+0200] {processor.py:840} INFO - DAG(s) 'example_subdag_operator.section-1', 'example_subdag_operator.section-2', 'example_subdag_operator' retrieved from /home/munya/anaconda3/lib/python3.11/site-packages/airflow/example_dags/example_subdag_operator.py
[2024-05-21T10:41:43.293+0200] {logging_mixin.py:188} INFO - [2024-05-21T10:41:43.293+0200] {dag.py:3096} INFO - Sync 3 DAGs
[2024-05-21T10:41:43.314+0200] {logging_mixin.py:188} INFO - [2024-05-21T10:41:43.314+0200] {dag.py:3954} INFO - Setting next_dagrun for example_subdag_operator to 2022-01-01 00:00:00+00:00, run_after=2022-01-01 00:00:00+00:00
[2024-05-21T10:41:43.318+0200] {logging_mixin.py:188} INFO - [2024-05-21T10:41:43.318+0200] {dag.py:3954} INFO - Setting next_dagrun for example_subdag_operator.section-1 to None, run_after=None
[2024-05-21T10:41:43.319+0200] {logging_mixin.py:188} INFO - [2024-05-21T10:41:43.319+0200] {dag.py:3954} INFO - Setting next_dagrun for example_subdag_operator.section-2 to None, run_after=None
[2024-05-21T10:41:43.324+0200] {logging_mixin.py:188} INFO - [2024-05-21T10:41:43.324+0200] {dag.py:3096} INFO - Sync 2 DAGs
[2024-05-21T10:41:43.328+0200] {logging_mixin.py:188} INFO - [2024-05-21T10:41:43.328+0200] {dag.py:3954} INFO - Setting next_dagrun for example_subdag_operator.section-1 to None, run_after=None
[2024-05-21T10:41:43.328+0200] {logging_mixin.py:188} INFO - [2024-05-21T10:41:43.328+0200] {dag.py:3954} INFO - Setting next_dagrun for example_subdag_operator.section-2 to None, run_after=None
[2024-05-21T10:41:43.341+0200] {processor.py:183} INFO - Processing /home/munya/anaconda3/lib/python3.11/site-packages/airflow/example_dags/example_subdag_operator.py took 0.098 seconds
[2024-05-21T10:42:44.044+0200] {processor.py:161} INFO - Started process (PID=97432) to work on /home/munya/anaconda3/lib/python3.11/site-packages/airflow/example_dags/example_subdag_operator.py
[2024-05-21T10:42:44.045+0200] {processor.py:830} INFO - Processing file /home/munya/anaconda3/lib/python3.11/site-packages/airflow/example_dags/example_subdag_operator.py for tasks to queue
[2024-05-21T10:42:44.046+0200] {logging_mixin.py:188} INFO - [2024-05-21T10:42:44.045+0200] {dagbag.py:545} INFO - Filling up the DagBag from /home/munya/anaconda3/lib/python3.11/site-packages/airflow/example_dags/example_subdag_operator.py
[2024-05-21T10:42:44.069+0200] {processor.py:840} INFO - DAG(s) 'example_subdag_operator.section-1', 'example_subdag_operator.section-2', 'example_subdag_operator' retrieved from /home/munya/anaconda3/lib/python3.11/site-packages/airflow/example_dags/example_subdag_operator.py
[2024-05-21T10:42:44.090+0200] {logging_mixin.py:188} INFO - [2024-05-21T10:42:44.089+0200] {dag.py:3096} INFO - Sync 3 DAGs
[2024-05-21T10:42:44.111+0200] {logging_mixin.py:188} INFO - [2024-05-21T10:42:44.111+0200] {dag.py:3954} INFO - Setting next_dagrun for example_subdag_operator to 2022-01-01 00:00:00+00:00, run_after=2022-01-01 00:00:00+00:00
[2024-05-21T10:42:44.114+0200] {logging_mixin.py:188} INFO - [2024-05-21T10:42:44.114+0200] {dag.py:3954} INFO - Setting next_dagrun for example_subdag_operator.section-1 to None, run_after=None
[2024-05-21T10:42:44.115+0200] {logging_mixin.py:188} INFO - [2024-05-21T10:42:44.115+0200] {dag.py:3954} INFO - Setting next_dagrun for example_subdag_operator.section-2 to None, run_after=None
[2024-05-21T10:42:44.120+0200] {logging_mixin.py:188} INFO - [2024-05-21T10:42:44.120+0200] {dag.py:3096} INFO - Sync 2 DAGs
[2024-05-21T10:42:44.123+0200] {logging_mixin.py:188} INFO - [2024-05-21T10:42:44.123+0200] {dag.py:3954} INFO - Setting next_dagrun for example_subdag_operator.section-1 to None, run_after=None
[2024-05-21T10:42:44.124+0200] {logging_mixin.py:188} INFO - [2024-05-21T10:42:44.123+0200] {dag.py:3954} INFO - Setting next_dagrun for example_subdag_operator.section-2 to None, run_after=None
[2024-05-21T10:42:44.135+0200] {processor.py:183} INFO - Processing /home/munya/anaconda3/lib/python3.11/site-packages/airflow/example_dags/example_subdag_operator.py took 0.098 seconds
[2024-05-21T10:43:50.956+0200] {processor.py:161} INFO - Started process (PID=98308) to work on /home/munya/anaconda3/lib/python3.11/site-packages/airflow/example_dags/example_subdag_operator.py
[2024-05-21T10:43:50.959+0200] {processor.py:830} INFO - Processing file /home/munya/anaconda3/lib/python3.11/site-packages/airflow/example_dags/example_subdag_operator.py for tasks to queue
[2024-05-21T10:43:50.962+0200] {logging_mixin.py:188} INFO - [2024-05-21T10:43:50.961+0200] {dagbag.py:545} INFO - Filling up the DagBag from /home/munya/anaconda3/lib/python3.11/site-packages/airflow/example_dags/example_subdag_operator.py
[2024-05-21T10:43:51.036+0200] {processor.py:840} INFO - DAG(s) 'example_subdag_operator.section-1', 'example_subdag_operator.section-2', 'example_subdag_operator' retrieved from /home/munya/anaconda3/lib/python3.11/site-packages/airflow/example_dags/example_subdag_operator.py
[2024-05-21T10:43:51.115+0200] {logging_mixin.py:188} INFO - [2024-05-21T10:43:51.114+0200] {dag.py:3096} INFO - Sync 3 DAGs
[2024-05-21T10:43:51.199+0200] {logging_mixin.py:188} INFO - [2024-05-21T10:43:51.198+0200] {dag.py:3954} INFO - Setting next_dagrun for example_subdag_operator to 2022-01-01 00:00:00+00:00, run_after=2022-01-01 00:00:00+00:00
[2024-05-21T10:43:51.212+0200] {logging_mixin.py:188} INFO - [2024-05-21T10:43:51.212+0200] {dag.py:3954} INFO - Setting next_dagrun for example_subdag_operator.section-1 to None, run_after=None
[2024-05-21T10:43:51.217+0200] {logging_mixin.py:188} INFO - [2024-05-21T10:43:51.216+0200] {dag.py:3954} INFO - Setting next_dagrun for example_subdag_operator.section-2 to None, run_after=None
[2024-05-21T10:43:51.232+0200] {logging_mixin.py:188} INFO - [2024-05-21T10:43:51.232+0200] {dag.py:3096} INFO - Sync 2 DAGs
[2024-05-21T10:43:51.238+0200] {logging_mixin.py:188} INFO - [2024-05-21T10:43:51.238+0200] {dag.py:3954} INFO - Setting next_dagrun for example_subdag_operator.section-1 to None, run_after=None
[2024-05-21T10:43:51.239+0200] {logging_mixin.py:188} INFO - [2024-05-21T10:43:51.238+0200] {dag.py:3954} INFO - Setting next_dagrun for example_subdag_operator.section-2 to None, run_after=None
[2024-05-21T10:43:51.253+0200] {processor.py:183} INFO - Processing /home/munya/anaconda3/lib/python3.11/site-packages/airflow/example_dags/example_subdag_operator.py took 0.325 seconds
[2024-05-21T10:44:57.036+0200] {processor.py:161} INFO - Started process (PID=99148) to work on /home/munya/anaconda3/lib/python3.11/site-packages/airflow/example_dags/example_subdag_operator.py
[2024-05-21T10:44:57.038+0200] {processor.py:830} INFO - Processing file /home/munya/anaconda3/lib/python3.11/site-packages/airflow/example_dags/example_subdag_operator.py for tasks to queue
[2024-05-21T10:44:57.041+0200] {logging_mixin.py:188} INFO - [2024-05-21T10:44:57.040+0200] {dagbag.py:545} INFO - Filling up the DagBag from /home/munya/anaconda3/lib/python3.11/site-packages/airflow/example_dags/example_subdag_operator.py
[2024-05-21T10:44:57.117+0200] {processor.py:840} INFO - DAG(s) 'example_subdag_operator.section-1', 'example_subdag_operator.section-2', 'example_subdag_operator' retrieved from /home/munya/anaconda3/lib/python3.11/site-packages/airflow/example_dags/example_subdag_operator.py
[2024-05-21T10:44:57.189+0200] {logging_mixin.py:188} INFO - [2024-05-21T10:44:57.188+0200] {dag.py:3096} INFO - Sync 3 DAGs
[2024-05-21T10:44:57.261+0200] {logging_mixin.py:188} INFO - [2024-05-21T10:44:57.260+0200] {dag.py:3954} INFO - Setting next_dagrun for example_subdag_operator to 2022-01-01 00:00:00+00:00, run_after=2022-01-01 00:00:00+00:00
[2024-05-21T10:44:57.274+0200] {logging_mixin.py:188} INFO - [2024-05-21T10:44:57.273+0200] {dag.py:3954} INFO - Setting next_dagrun for example_subdag_operator.section-1 to None, run_after=None
[2024-05-21T10:44:57.277+0200] {logging_mixin.py:188} INFO - [2024-05-21T10:44:57.277+0200] {dag.py:3954} INFO - Setting next_dagrun for example_subdag_operator.section-2 to None, run_after=None
[2024-05-21T10:44:57.298+0200] {logging_mixin.py:188} INFO - [2024-05-21T10:44:57.297+0200] {dag.py:3096} INFO - Sync 2 DAGs
[2024-05-21T10:44:57.315+0200] {logging_mixin.py:188} INFO - [2024-05-21T10:44:57.314+0200] {dag.py:3954} INFO - Setting next_dagrun for example_subdag_operator.section-1 to None, run_after=None
[2024-05-21T10:44:57.317+0200] {logging_mixin.py:188} INFO - [2024-05-21T10:44:57.316+0200] {dag.py:3954} INFO - Setting next_dagrun for example_subdag_operator.section-2 to None, run_after=None
[2024-05-21T10:44:57.362+0200] {processor.py:183} INFO - Processing /home/munya/anaconda3/lib/python3.11/site-packages/airflow/example_dags/example_subdag_operator.py took 0.348 seconds
[2024-05-21T10:45:58.857+0200] {processor.py:161} INFO - Started process (PID=99936) to work on /home/munya/anaconda3/lib/python3.11/site-packages/airflow/example_dags/example_subdag_operator.py
[2024-05-21T10:45:58.860+0200] {processor.py:830} INFO - Processing file /home/munya/anaconda3/lib/python3.11/site-packages/airflow/example_dags/example_subdag_operator.py for tasks to queue
[2024-05-21T10:45:58.864+0200] {logging_mixin.py:188} INFO - [2024-05-21T10:45:58.862+0200] {dagbag.py:545} INFO - Filling up the DagBag from /home/munya/anaconda3/lib/python3.11/site-packages/airflow/example_dags/example_subdag_operator.py
[2024-05-21T10:45:58.941+0200] {processor.py:840} INFO - DAG(s) 'example_subdag_operator.section-1', 'example_subdag_operator.section-2', 'example_subdag_operator' retrieved from /home/munya/anaconda3/lib/python3.11/site-packages/airflow/example_dags/example_subdag_operator.py
[2024-05-21T10:45:59.005+0200] {logging_mixin.py:188} INFO - [2024-05-21T10:45:59.004+0200] {dag.py:3096} INFO - Sync 3 DAGs
[2024-05-21T10:45:59.082+0200] {logging_mixin.py:188} INFO - [2024-05-21T10:45:59.081+0200] {dag.py:3954} INFO - Setting next_dagrun for example_subdag_operator to 2022-01-01 00:00:00+00:00, run_after=2022-01-01 00:00:00+00:00
[2024-05-21T10:45:59.094+0200] {logging_mixin.py:188} INFO - [2024-05-21T10:45:59.094+0200] {dag.py:3954} INFO - Setting next_dagrun for example_subdag_operator.section-1 to None, run_after=None
[2024-05-21T10:45:59.098+0200] {logging_mixin.py:188} INFO - [2024-05-21T10:45:59.098+0200] {dag.py:3954} INFO - Setting next_dagrun for example_subdag_operator.section-2 to None, run_after=None
[2024-05-21T10:45:59.119+0200] {logging_mixin.py:188} INFO - [2024-05-21T10:45:59.118+0200] {dag.py:3096} INFO - Sync 2 DAGs
[2024-05-21T10:45:59.135+0200] {logging_mixin.py:188} INFO - [2024-05-21T10:45:59.134+0200] {dag.py:3954} INFO - Setting next_dagrun for example_subdag_operator.section-1 to None, run_after=None
[2024-05-21T10:45:59.136+0200] {logging_mixin.py:188} INFO - [2024-05-21T10:45:59.136+0200] {dag.py:3954} INFO - Setting next_dagrun for example_subdag_operator.section-2 to None, run_after=None
[2024-05-21T10:45:59.177+0200] {processor.py:183} INFO - Processing /home/munya/anaconda3/lib/python3.11/site-packages/airflow/example_dags/example_subdag_operator.py took 0.344 seconds
[2024-05-21T10:47:10.631+0200] {processor.py:161} INFO - Started process (PID=100851) to work on /home/munya/anaconda3/lib/python3.11/site-packages/airflow/example_dags/example_subdag_operator.py
[2024-05-21T10:47:10.632+0200] {processor.py:830} INFO - Processing file /home/munya/anaconda3/lib/python3.11/site-packages/airflow/example_dags/example_subdag_operator.py for tasks to queue
[2024-05-21T10:47:10.633+0200] {logging_mixin.py:188} INFO - [2024-05-21T10:47:10.633+0200] {dagbag.py:545} INFO - Filling up the DagBag from /home/munya/anaconda3/lib/python3.11/site-packages/airflow/example_dags/example_subdag_operator.py
[2024-05-21T10:47:10.658+0200] {processor.py:840} INFO - DAG(s) 'example_subdag_operator.section-1', 'example_subdag_operator.section-2', 'example_subdag_operator' retrieved from /home/munya/anaconda3/lib/python3.11/site-packages/airflow/example_dags/example_subdag_operator.py
[2024-05-21T10:47:10.675+0200] {logging_mixin.py:188} INFO - [2024-05-21T10:47:10.675+0200] {dag.py:3096} INFO - Sync 3 DAGs
[2024-05-21T10:47:10.698+0200] {logging_mixin.py:188} INFO - [2024-05-21T10:47:10.698+0200] {dag.py:3954} INFO - Setting next_dagrun for example_subdag_operator to 2022-01-01 00:00:00+00:00, run_after=2022-01-01 00:00:00+00:00
[2024-05-21T10:47:10.702+0200] {logging_mixin.py:188} INFO - [2024-05-21T10:47:10.701+0200] {dag.py:3954} INFO - Setting next_dagrun for example_subdag_operator.section-1 to None, run_after=None
[2024-05-21T10:47:10.702+0200] {logging_mixin.py:188} INFO - [2024-05-21T10:47:10.702+0200] {dag.py:3954} INFO - Setting next_dagrun for example_subdag_operator.section-2 to None, run_after=None
[2024-05-21T10:47:10.709+0200] {logging_mixin.py:188} INFO - [2024-05-21T10:47:10.709+0200] {dag.py:3096} INFO - Sync 2 DAGs
[2024-05-21T10:47:10.714+0200] {logging_mixin.py:188} INFO - [2024-05-21T10:47:10.714+0200] {dag.py:3954} INFO - Setting next_dagrun for example_subdag_operator.section-1 to None, run_after=None
[2024-05-21T10:47:10.715+0200] {logging_mixin.py:188} INFO - [2024-05-21T10:47:10.715+0200] {dag.py:3954} INFO - Setting next_dagrun for example_subdag_operator.section-2 to None, run_after=None
[2024-05-21T10:47:10.727+0200] {processor.py:183} INFO - Processing /home/munya/anaconda3/lib/python3.11/site-packages/airflow/example_dags/example_subdag_operator.py took 0.103 seconds
[2024-05-21T10:48:09.460+0200] {processor.py:161} INFO - Started process (PID=101615) to work on /home/munya/anaconda3/lib/python3.11/site-packages/airflow/example_dags/example_subdag_operator.py
[2024-05-21T10:48:09.461+0200] {processor.py:830} INFO - Processing file /home/munya/anaconda3/lib/python3.11/site-packages/airflow/example_dags/example_subdag_operator.py for tasks to queue
[2024-05-21T10:48:09.462+0200] {logging_mixin.py:188} INFO - [2024-05-21T10:48:09.462+0200] {dagbag.py:545} INFO - Filling up the DagBag from /home/munya/anaconda3/lib/python3.11/site-packages/airflow/example_dags/example_subdag_operator.py
[2024-05-21T10:48:09.491+0200] {processor.py:840} INFO - DAG(s) 'example_subdag_operator.section-1', 'example_subdag_operator.section-2', 'example_subdag_operator' retrieved from /home/munya/anaconda3/lib/python3.11/site-packages/airflow/example_dags/example_subdag_operator.py
[2024-05-21T10:48:09.515+0200] {logging_mixin.py:188} INFO - [2024-05-21T10:48:09.515+0200] {dag.py:3096} INFO - Sync 3 DAGs
[2024-05-21T10:48:09.538+0200] {logging_mixin.py:188} INFO - [2024-05-21T10:48:09.538+0200] {dag.py:3954} INFO - Setting next_dagrun for example_subdag_operator to 2022-01-01 00:00:00+00:00, run_after=2022-01-01 00:00:00+00:00
[2024-05-21T10:48:09.542+0200] {logging_mixin.py:188} INFO - [2024-05-21T10:48:09.542+0200] {dag.py:3954} INFO - Setting next_dagrun for example_subdag_operator.section-1 to None, run_after=None
[2024-05-21T10:48:09.543+0200] {logging_mixin.py:188} INFO - [2024-05-21T10:48:09.543+0200] {dag.py:3954} INFO - Setting next_dagrun for example_subdag_operator.section-2 to None, run_after=None
[2024-05-21T10:48:09.550+0200] {logging_mixin.py:188} INFO - [2024-05-21T10:48:09.550+0200] {dag.py:3096} INFO - Sync 2 DAGs
[2024-05-21T10:48:09.557+0200] {logging_mixin.py:188} INFO - [2024-05-21T10:48:09.556+0200] {dag.py:3954} INFO - Setting next_dagrun for example_subdag_operator.section-1 to None, run_after=None
[2024-05-21T10:48:09.557+0200] {logging_mixin.py:188} INFO - [2024-05-21T10:48:09.557+0200] {dag.py:3954} INFO - Setting next_dagrun for example_subdag_operator.section-2 to None, run_after=None
[2024-05-21T10:48:09.573+0200] {processor.py:183} INFO - Processing /home/munya/anaconda3/lib/python3.11/site-packages/airflow/example_dags/example_subdag_operator.py took 0.119 seconds
[2024-05-21T10:49:13.659+0200] {processor.py:161} INFO - Started process (PID=102440) to work on /home/munya/anaconda3/lib/python3.11/site-packages/airflow/example_dags/example_subdag_operator.py
[2024-05-21T10:49:13.660+0200] {processor.py:830} INFO - Processing file /home/munya/anaconda3/lib/python3.11/site-packages/airflow/example_dags/example_subdag_operator.py for tasks to queue
[2024-05-21T10:49:13.661+0200] {logging_mixin.py:188} INFO - [2024-05-21T10:49:13.660+0200] {dagbag.py:545} INFO - Filling up the DagBag from /home/munya/anaconda3/lib/python3.11/site-packages/airflow/example_dags/example_subdag_operator.py
[2024-05-21T10:49:13.682+0200] {processor.py:840} INFO - DAG(s) 'example_subdag_operator.section-1', 'example_subdag_operator.section-2', 'example_subdag_operator' retrieved from /home/munya/anaconda3/lib/python3.11/site-packages/airflow/example_dags/example_subdag_operator.py
[2024-05-21T10:49:13.702+0200] {logging_mixin.py:188} INFO - [2024-05-21T10:49:13.702+0200] {dag.py:3096} INFO - Sync 3 DAGs
[2024-05-21T10:49:13.723+0200] {logging_mixin.py:188} INFO - [2024-05-21T10:49:13.723+0200] {dag.py:3954} INFO - Setting next_dagrun for example_subdag_operator to 2022-01-01 00:00:00+00:00, run_after=2022-01-01 00:00:00+00:00
[2024-05-21T10:49:13.727+0200] {logging_mixin.py:188} INFO - [2024-05-21T10:49:13.727+0200] {dag.py:3954} INFO - Setting next_dagrun for example_subdag_operator.section-1 to None, run_after=None
[2024-05-21T10:49:13.728+0200] {logging_mixin.py:188} INFO - [2024-05-21T10:49:13.728+0200] {dag.py:3954} INFO - Setting next_dagrun for example_subdag_operator.section-2 to None, run_after=None
[2024-05-21T10:49:13.734+0200] {logging_mixin.py:188} INFO - [2024-05-21T10:49:13.734+0200] {dag.py:3096} INFO - Sync 2 DAGs
[2024-05-21T10:49:13.738+0200] {logging_mixin.py:188} INFO - [2024-05-21T10:49:13.738+0200] {dag.py:3954} INFO - Setting next_dagrun for example_subdag_operator.section-1 to None, run_after=None
[2024-05-21T10:49:13.739+0200] {logging_mixin.py:188} INFO - [2024-05-21T10:49:13.739+0200] {dag.py:3954} INFO - Setting next_dagrun for example_subdag_operator.section-2 to None, run_after=None
[2024-05-21T10:49:13.752+0200] {processor.py:183} INFO - Processing /home/munya/anaconda3/lib/python3.11/site-packages/airflow/example_dags/example_subdag_operator.py took 0.100 seconds
[2024-05-21T10:50:21.282+0200] {processor.py:161} INFO - Started process (PID=103304) to work on /home/munya/anaconda3/lib/python3.11/site-packages/airflow/example_dags/example_subdag_operator.py
[2024-05-21T10:50:21.283+0200] {processor.py:830} INFO - Processing file /home/munya/anaconda3/lib/python3.11/site-packages/airflow/example_dags/example_subdag_operator.py for tasks to queue
[2024-05-21T10:50:21.284+0200] {logging_mixin.py:188} INFO - [2024-05-21T10:50:21.283+0200] {dagbag.py:545} INFO - Filling up the DagBag from /home/munya/anaconda3/lib/python3.11/site-packages/airflow/example_dags/example_subdag_operator.py
[2024-05-21T10:50:21.304+0200] {processor.py:840} INFO - DAG(s) 'example_subdag_operator.section-1', 'example_subdag_operator.section-2', 'example_subdag_operator' retrieved from /home/munya/anaconda3/lib/python3.11/site-packages/airflow/example_dags/example_subdag_operator.py
[2024-05-21T10:50:21.322+0200] {logging_mixin.py:188} INFO - [2024-05-21T10:50:21.322+0200] {dag.py:3096} INFO - Sync 3 DAGs
[2024-05-21T10:50:21.339+0200] {logging_mixin.py:188} INFO - [2024-05-21T10:50:21.338+0200] {dag.py:3954} INFO - Setting next_dagrun for example_subdag_operator to 2022-01-01 00:00:00+00:00, run_after=2022-01-01 00:00:00+00:00
[2024-05-21T10:50:21.342+0200] {logging_mixin.py:188} INFO - [2024-05-21T10:50:21.342+0200] {dag.py:3954} INFO - Setting next_dagrun for example_subdag_operator.section-1 to None, run_after=None
[2024-05-21T10:50:21.343+0200] {logging_mixin.py:188} INFO - [2024-05-21T10:50:21.343+0200] {dag.py:3954} INFO - Setting next_dagrun for example_subdag_operator.section-2 to None, run_after=None
[2024-05-21T10:50:21.349+0200] {logging_mixin.py:188} INFO - [2024-05-21T10:50:21.348+0200] {dag.py:3096} INFO - Sync 2 DAGs
[2024-05-21T10:50:21.353+0200] {logging_mixin.py:188} INFO - [2024-05-21T10:50:21.353+0200] {dag.py:3954} INFO - Setting next_dagrun for example_subdag_operator.section-1 to None, run_after=None
[2024-05-21T10:50:21.354+0200] {logging_mixin.py:188} INFO - [2024-05-21T10:50:21.353+0200] {dag.py:3954} INFO - Setting next_dagrun for example_subdag_operator.section-2 to None, run_after=None
[2024-05-21T10:50:21.367+0200] {processor.py:183} INFO - Processing /home/munya/anaconda3/lib/python3.11/site-packages/airflow/example_dags/example_subdag_operator.py took 0.091 seconds
[2024-05-21T10:51:31.073+0200] {processor.py:161} INFO - Started process (PID=104196) to work on /home/munya/anaconda3/lib/python3.11/site-packages/airflow/example_dags/example_subdag_operator.py
[2024-05-21T10:51:31.074+0200] {processor.py:830} INFO - Processing file /home/munya/anaconda3/lib/python3.11/site-packages/airflow/example_dags/example_subdag_operator.py for tasks to queue
[2024-05-21T10:51:31.075+0200] {logging_mixin.py:188} INFO - [2024-05-21T10:51:31.074+0200] {dagbag.py:545} INFO - Filling up the DagBag from /home/munya/anaconda3/lib/python3.11/site-packages/airflow/example_dags/example_subdag_operator.py
[2024-05-21T10:51:31.098+0200] {processor.py:840} INFO - DAG(s) 'example_subdag_operator.section-1', 'example_subdag_operator.section-2', 'example_subdag_operator' retrieved from /home/munya/anaconda3/lib/python3.11/site-packages/airflow/example_dags/example_subdag_operator.py
[2024-05-21T10:51:31.118+0200] {logging_mixin.py:188} INFO - [2024-05-21T10:51:31.118+0200] {dag.py:3096} INFO - Sync 3 DAGs
[2024-05-21T10:51:31.137+0200] {logging_mixin.py:188} INFO - [2024-05-21T10:51:31.137+0200] {dag.py:3954} INFO - Setting next_dagrun for example_subdag_operator to 2022-01-01 00:00:00+00:00, run_after=2022-01-01 00:00:00+00:00
[2024-05-21T10:51:31.141+0200] {logging_mixin.py:188} INFO - [2024-05-21T10:51:31.141+0200] {dag.py:3954} INFO - Setting next_dagrun for example_subdag_operator.section-1 to None, run_after=None
[2024-05-21T10:51:31.142+0200] {logging_mixin.py:188} INFO - [2024-05-21T10:51:31.142+0200] {dag.py:3954} INFO - Setting next_dagrun for example_subdag_operator.section-2 to None, run_after=None
[2024-05-21T10:51:31.148+0200] {logging_mixin.py:188} INFO - [2024-05-21T10:51:31.148+0200] {dag.py:3096} INFO - Sync 2 DAGs
[2024-05-21T10:51:31.153+0200] {logging_mixin.py:188} INFO - [2024-05-21T10:51:31.152+0200] {dag.py:3954} INFO - Setting next_dagrun for example_subdag_operator.section-1 to None, run_after=None
[2024-05-21T10:51:31.153+0200] {logging_mixin.py:188} INFO - [2024-05-21T10:51:31.153+0200] {dag.py:3954} INFO - Setting next_dagrun for example_subdag_operator.section-2 to None, run_after=None
[2024-05-21T10:51:31.167+0200] {processor.py:183} INFO - Processing /home/munya/anaconda3/lib/python3.11/site-packages/airflow/example_dags/example_subdag_operator.py took 0.102 seconds
[2024-05-21T10:52:40.406+0200] {processor.py:161} INFO - Started process (PID=105067) to work on /home/munya/anaconda3/lib/python3.11/site-packages/airflow/example_dags/example_subdag_operator.py
[2024-05-21T10:52:40.406+0200] {processor.py:830} INFO - Processing file /home/munya/anaconda3/lib/python3.11/site-packages/airflow/example_dags/example_subdag_operator.py for tasks to queue
[2024-05-21T10:52:40.407+0200] {logging_mixin.py:188} INFO - [2024-05-21T10:52:40.407+0200] {dagbag.py:545} INFO - Filling up the DagBag from /home/munya/anaconda3/lib/python3.11/site-packages/airflow/example_dags/example_subdag_operator.py
[2024-05-21T10:52:40.430+0200] {processor.py:840} INFO - DAG(s) 'example_subdag_operator.section-1', 'example_subdag_operator.section-2', 'example_subdag_operator' retrieved from /home/munya/anaconda3/lib/python3.11/site-packages/airflow/example_dags/example_subdag_operator.py
[2024-05-21T10:52:40.450+0200] {logging_mixin.py:188} INFO - [2024-05-21T10:52:40.450+0200] {dag.py:3096} INFO - Sync 3 DAGs
[2024-05-21T10:52:40.472+0200] {logging_mixin.py:188} INFO - [2024-05-21T10:52:40.472+0200] {dag.py:3954} INFO - Setting next_dagrun for example_subdag_operator to 2022-01-01 00:00:00+00:00, run_after=2022-01-01 00:00:00+00:00
[2024-05-21T10:52:40.475+0200] {logging_mixin.py:188} INFO - [2024-05-21T10:52:40.475+0200] {dag.py:3954} INFO - Setting next_dagrun for example_subdag_operator.section-1 to None, run_after=None
[2024-05-21T10:52:40.476+0200] {logging_mixin.py:188} INFO - [2024-05-21T10:52:40.475+0200] {dag.py:3954} INFO - Setting next_dagrun for example_subdag_operator.section-2 to None, run_after=None
[2024-05-21T10:52:40.485+0200] {logging_mixin.py:188} INFO - [2024-05-21T10:52:40.485+0200] {dag.py:3096} INFO - Sync 2 DAGs
[2024-05-21T10:52:40.489+0200] {logging_mixin.py:188} INFO - [2024-05-21T10:52:40.489+0200] {dag.py:3954} INFO - Setting next_dagrun for example_subdag_operator.section-1 to None, run_after=None
[2024-05-21T10:52:40.490+0200] {logging_mixin.py:188} INFO - [2024-05-21T10:52:40.490+0200] {dag.py:3954} INFO - Setting next_dagrun for example_subdag_operator.section-2 to None, run_after=None
[2024-05-21T10:52:40.501+0200] {processor.py:183} INFO - Processing /home/munya/anaconda3/lib/python3.11/site-packages/airflow/example_dags/example_subdag_operator.py took 0.103 seconds
[2024-05-21T10:53:46.747+0200] {processor.py:161} INFO - Started process (PID=105912) to work on /home/munya/anaconda3/lib/python3.11/site-packages/airflow/example_dags/example_subdag_operator.py
[2024-05-21T10:53:46.748+0200] {processor.py:830} INFO - Processing file /home/munya/anaconda3/lib/python3.11/site-packages/airflow/example_dags/example_subdag_operator.py for tasks to queue
[2024-05-21T10:53:46.748+0200] {logging_mixin.py:188} INFO - [2024-05-21T10:53:46.748+0200] {dagbag.py:545} INFO - Filling up the DagBag from /home/munya/anaconda3/lib/python3.11/site-packages/airflow/example_dags/example_subdag_operator.py
[2024-05-21T10:53:46.768+0200] {processor.py:840} INFO - DAG(s) 'example_subdag_operator.section-1', 'example_subdag_operator.section-2', 'example_subdag_operator' retrieved from /home/munya/anaconda3/lib/python3.11/site-packages/airflow/example_dags/example_subdag_operator.py
[2024-05-21T10:53:46.789+0200] {logging_mixin.py:188} INFO - [2024-05-21T10:53:46.789+0200] {dag.py:3096} INFO - Sync 3 DAGs
[2024-05-21T10:53:46.810+0200] {logging_mixin.py:188} INFO - [2024-05-21T10:53:46.809+0200] {dag.py:3954} INFO - Setting next_dagrun for example_subdag_operator to 2022-01-01 00:00:00+00:00, run_after=2022-01-01 00:00:00+00:00
[2024-05-21T10:53:46.813+0200] {logging_mixin.py:188} INFO - [2024-05-21T10:53:46.813+0200] {dag.py:3954} INFO - Setting next_dagrun for example_subdag_operator.section-1 to None, run_after=None
[2024-05-21T10:53:46.814+0200] {logging_mixin.py:188} INFO - [2024-05-21T10:53:46.814+0200] {dag.py:3954} INFO - Setting next_dagrun for example_subdag_operator.section-2 to None, run_after=None
[2024-05-21T10:53:46.820+0200] {logging_mixin.py:188} INFO - [2024-05-21T10:53:46.820+0200] {dag.py:3096} INFO - Sync 2 DAGs
[2024-05-21T10:53:46.825+0200] {logging_mixin.py:188} INFO - [2024-05-21T10:53:46.825+0200] {dag.py:3954} INFO - Setting next_dagrun for example_subdag_operator.section-1 to None, run_after=None
[2024-05-21T10:53:46.825+0200] {logging_mixin.py:188} INFO - [2024-05-21T10:53:46.825+0200] {dag.py:3954} INFO - Setting next_dagrun for example_subdag_operator.section-2 to None, run_after=None
[2024-05-21T10:53:46.841+0200] {processor.py:183} INFO - Processing /home/munya/anaconda3/lib/python3.11/site-packages/airflow/example_dags/example_subdag_operator.py took 0.100 seconds
[2024-05-21T10:54:50.298+0200] {processor.py:161} INFO - Started process (PID=106702) to work on /home/munya/anaconda3/lib/python3.11/site-packages/airflow/example_dags/example_subdag_operator.py
[2024-05-21T10:54:50.301+0200] {processor.py:830} INFO - Processing file /home/munya/anaconda3/lib/python3.11/site-packages/airflow/example_dags/example_subdag_operator.py for tasks to queue
[2024-05-21T10:54:50.304+0200] {logging_mixin.py:188} INFO - [2024-05-21T10:54:50.303+0200] {dagbag.py:545} INFO - Filling up the DagBag from /home/munya/anaconda3/lib/python3.11/site-packages/airflow/example_dags/example_subdag_operator.py
[2024-05-21T10:54:50.385+0200] {processor.py:840} INFO - DAG(s) 'example_subdag_operator.section-1', 'example_subdag_operator.section-2', 'example_subdag_operator' retrieved from /home/munya/anaconda3/lib/python3.11/site-packages/airflow/example_dags/example_subdag_operator.py
[2024-05-21T10:54:50.460+0200] {logging_mixin.py:188} INFO - [2024-05-21T10:54:50.459+0200] {dag.py:3096} INFO - Sync 3 DAGs
[2024-05-21T10:54:50.541+0200] {logging_mixin.py:188} INFO - [2024-05-21T10:54:50.540+0200] {dag.py:3954} INFO - Setting next_dagrun for example_subdag_operator to 2022-01-01 00:00:00+00:00, run_after=2022-01-01 00:00:00+00:00
[2024-05-21T10:54:50.554+0200] {logging_mixin.py:188} INFO - [2024-05-21T10:54:50.554+0200] {dag.py:3954} INFO - Setting next_dagrun for example_subdag_operator.section-1 to None, run_after=None
[2024-05-21T10:54:50.558+0200] {logging_mixin.py:188} INFO - [2024-05-21T10:54:50.558+0200] {dag.py:3954} INFO - Setting next_dagrun for example_subdag_operator.section-2 to None, run_after=None
[2024-05-21T10:54:50.578+0200] {logging_mixin.py:188} INFO - [2024-05-21T10:54:50.578+0200] {dag.py:3096} INFO - Sync 2 DAGs
[2024-05-21T10:54:50.596+0200] {logging_mixin.py:188} INFO - [2024-05-21T10:54:50.595+0200] {dag.py:3954} INFO - Setting next_dagrun for example_subdag_operator.section-1 to None, run_after=None
[2024-05-21T10:54:50.597+0200] {logging_mixin.py:188} INFO - [2024-05-21T10:54:50.597+0200] {dag.py:3954} INFO - Setting next_dagrun for example_subdag_operator.section-2 to None, run_after=None
[2024-05-21T10:54:50.644+0200] {processor.py:183} INFO - Processing /home/munya/anaconda3/lib/python3.11/site-packages/airflow/example_dags/example_subdag_operator.py took 0.364 seconds
[2024-05-21T10:56:01.200+0200] {processor.py:161} INFO - Started process (PID=107596) to work on /home/munya/anaconda3/lib/python3.11/site-packages/airflow/example_dags/example_subdag_operator.py
[2024-05-21T10:56:01.204+0200] {processor.py:830} INFO - Processing file /home/munya/anaconda3/lib/python3.11/site-packages/airflow/example_dags/example_subdag_operator.py for tasks to queue
[2024-05-21T10:56:01.207+0200] {logging_mixin.py:188} INFO - [2024-05-21T10:56:01.206+0200] {dagbag.py:545} INFO - Filling up the DagBag from /home/munya/anaconda3/lib/python3.11/site-packages/airflow/example_dags/example_subdag_operator.py
[2024-05-21T10:56:01.292+0200] {processor.py:840} INFO - DAG(s) 'example_subdag_operator.section-1', 'example_subdag_operator.section-2', 'example_subdag_operator' retrieved from /home/munya/anaconda3/lib/python3.11/site-packages/airflow/example_dags/example_subdag_operator.py
[2024-05-21T10:56:01.375+0200] {logging_mixin.py:188} INFO - [2024-05-21T10:56:01.374+0200] {dag.py:3096} INFO - Sync 3 DAGs
[2024-05-21T10:56:01.464+0200] {logging_mixin.py:188} INFO - [2024-05-21T10:56:01.463+0200] {dag.py:3954} INFO - Setting next_dagrun for example_subdag_operator to 2022-01-01 00:00:00+00:00, run_after=2022-01-01 00:00:00+00:00
[2024-05-21T10:56:01.479+0200] {logging_mixin.py:188} INFO - [2024-05-21T10:56:01.478+0200] {dag.py:3954} INFO - Setting next_dagrun for example_subdag_operator.section-1 to None, run_after=None
[2024-05-21T10:56:01.484+0200] {logging_mixin.py:188} INFO - [2024-05-21T10:56:01.483+0200] {dag.py:3954} INFO - Setting next_dagrun for example_subdag_operator.section-2 to None, run_after=None
[2024-05-21T10:56:01.509+0200] {logging_mixin.py:188} INFO - [2024-05-21T10:56:01.508+0200] {dag.py:3096} INFO - Sync 2 DAGs
[2024-05-21T10:56:01.529+0200] {logging_mixin.py:188} INFO - [2024-05-21T10:56:01.528+0200] {dag.py:3954} INFO - Setting next_dagrun for example_subdag_operator.section-1 to None, run_after=None
[2024-05-21T10:56:01.531+0200] {logging_mixin.py:188} INFO - [2024-05-21T10:56:01.530+0200] {dag.py:3954} INFO - Setting next_dagrun for example_subdag_operator.section-2 to None, run_after=None
[2024-05-21T10:56:01.624+0200] {processor.py:183} INFO - Processing /home/munya/anaconda3/lib/python3.11/site-packages/airflow/example_dags/example_subdag_operator.py took 0.451 seconds
[2024-05-21T10:57:07.197+0200] {processor.py:161} INFO - Started process (PID=108450) to work on /home/munya/anaconda3/lib/python3.11/site-packages/airflow/example_dags/example_subdag_operator.py
[2024-05-21T10:57:07.198+0200] {processor.py:830} INFO - Processing file /home/munya/anaconda3/lib/python3.11/site-packages/airflow/example_dags/example_subdag_operator.py for tasks to queue
[2024-05-21T10:57:07.199+0200] {logging_mixin.py:188} INFO - [2024-05-21T10:57:07.199+0200] {dagbag.py:545} INFO - Filling up the DagBag from /home/munya/anaconda3/lib/python3.11/site-packages/airflow/example_dags/example_subdag_operator.py
[2024-05-21T10:57:07.219+0200] {processor.py:840} INFO - DAG(s) 'example_subdag_operator.section-1', 'example_subdag_operator.section-2', 'example_subdag_operator' retrieved from /home/munya/anaconda3/lib/python3.11/site-packages/airflow/example_dags/example_subdag_operator.py
[2024-05-21T10:57:07.241+0200] {logging_mixin.py:188} INFO - [2024-05-21T10:57:07.240+0200] {dag.py:3096} INFO - Sync 3 DAGs
[2024-05-21T10:57:07.264+0200] {logging_mixin.py:188} INFO - [2024-05-21T10:57:07.263+0200] {dag.py:3954} INFO - Setting next_dagrun for example_subdag_operator to 2022-01-01 00:00:00+00:00, run_after=2022-01-01 00:00:00+00:00
[2024-05-21T10:57:07.266+0200] {logging_mixin.py:188} INFO - [2024-05-21T10:57:07.266+0200] {dag.py:3954} INFO - Setting next_dagrun for example_subdag_operator.section-1 to None, run_after=None
[2024-05-21T10:57:07.267+0200] {logging_mixin.py:188} INFO - [2024-05-21T10:57:07.267+0200] {dag.py:3954} INFO - Setting next_dagrun for example_subdag_operator.section-2 to None, run_after=None
[2024-05-21T10:57:07.274+0200] {logging_mixin.py:188} INFO - [2024-05-21T10:57:07.274+0200] {dag.py:3096} INFO - Sync 2 DAGs
[2024-05-21T10:57:07.278+0200] {logging_mixin.py:188} INFO - [2024-05-21T10:57:07.278+0200] {dag.py:3954} INFO - Setting next_dagrun for example_subdag_operator.section-1 to None, run_after=None
[2024-05-21T10:57:07.279+0200] {logging_mixin.py:188} INFO - [2024-05-21T10:57:07.279+0200] {dag.py:3954} INFO - Setting next_dagrun for example_subdag_operator.section-2 to None, run_after=None
[2024-05-21T10:57:07.294+0200] {processor.py:183} INFO - Processing /home/munya/anaconda3/lib/python3.11/site-packages/airflow/example_dags/example_subdag_operator.py took 0.105 seconds
[2024-05-21T10:58:18.828+0200] {processor.py:161} INFO - Started process (PID=109366) to work on /home/munya/anaconda3/lib/python3.11/site-packages/airflow/example_dags/example_subdag_operator.py
[2024-05-21T10:58:18.831+0200] {processor.py:830} INFO - Processing file /home/munya/anaconda3/lib/python3.11/site-packages/airflow/example_dags/example_subdag_operator.py for tasks to queue
[2024-05-21T10:58:18.834+0200] {logging_mixin.py:188} INFO - [2024-05-21T10:58:18.832+0200] {dagbag.py:545} INFO - Filling up the DagBag from /home/munya/anaconda3/lib/python3.11/site-packages/airflow/example_dags/example_subdag_operator.py
[2024-05-21T10:58:18.927+0200] {processor.py:840} INFO - DAG(s) 'example_subdag_operator.section-1', 'example_subdag_operator.section-2', 'example_subdag_operator' retrieved from /home/munya/anaconda3/lib/python3.11/site-packages/airflow/example_dags/example_subdag_operator.py
[2024-05-21T10:58:19.029+0200] {logging_mixin.py:188} INFO - [2024-05-21T10:58:19.028+0200] {dag.py:3096} INFO - Sync 3 DAGs
[2024-05-21T10:58:19.158+0200] {logging_mixin.py:188} INFO - [2024-05-21T10:58:19.157+0200] {dag.py:3954} INFO - Setting next_dagrun for example_subdag_operator to 2022-01-01 00:00:00+00:00, run_after=2022-01-01 00:00:00+00:00
[2024-05-21T10:58:19.171+0200] {logging_mixin.py:188} INFO - [2024-05-21T10:58:19.170+0200] {dag.py:3954} INFO - Setting next_dagrun for example_subdag_operator.section-1 to None, run_after=None
[2024-05-21T10:58:19.175+0200] {logging_mixin.py:188} INFO - [2024-05-21T10:58:19.174+0200] {dag.py:3954} INFO - Setting next_dagrun for example_subdag_operator.section-2 to None, run_after=None
[2024-05-21T10:58:19.196+0200] {logging_mixin.py:188} INFO - [2024-05-21T10:58:19.195+0200] {dag.py:3096} INFO - Sync 2 DAGs
[2024-05-21T10:58:19.213+0200] {logging_mixin.py:188} INFO - [2024-05-21T10:58:19.212+0200] {dag.py:3954} INFO - Setting next_dagrun for example_subdag_operator.section-1 to None, run_after=None
[2024-05-21T10:58:19.214+0200] {logging_mixin.py:188} INFO - [2024-05-21T10:58:19.214+0200] {dag.py:3954} INFO - Setting next_dagrun for example_subdag_operator.section-2 to None, run_after=None
[2024-05-21T10:58:19.259+0200] {processor.py:183} INFO - Processing /home/munya/anaconda3/lib/python3.11/site-packages/airflow/example_dags/example_subdag_operator.py took 0.455 seconds
[2024-05-21T10:59:26.106+0200] {processor.py:161} INFO - Started process (PID=110245) to work on /home/munya/anaconda3/lib/python3.11/site-packages/airflow/example_dags/example_subdag_operator.py
[2024-05-21T10:59:26.107+0200] {processor.py:830} INFO - Processing file /home/munya/anaconda3/lib/python3.11/site-packages/airflow/example_dags/example_subdag_operator.py for tasks to queue
[2024-05-21T10:59:26.108+0200] {logging_mixin.py:188} INFO - [2024-05-21T10:59:26.107+0200] {dagbag.py:545} INFO - Filling up the DagBag from /home/munya/anaconda3/lib/python3.11/site-packages/airflow/example_dags/example_subdag_operator.py
[2024-05-21T10:59:26.130+0200] {processor.py:840} INFO - DAG(s) 'example_subdag_operator.section-1', 'example_subdag_operator.section-2', 'example_subdag_operator' retrieved from /home/munya/anaconda3/lib/python3.11/site-packages/airflow/example_dags/example_subdag_operator.py
[2024-05-21T10:59:26.150+0200] {logging_mixin.py:188} INFO - [2024-05-21T10:59:26.150+0200] {dag.py:3096} INFO - Sync 3 DAGs
[2024-05-21T10:59:26.172+0200] {logging_mixin.py:188} INFO - [2024-05-21T10:59:26.172+0200] {dag.py:3954} INFO - Setting next_dagrun for example_subdag_operator to 2022-01-01 00:00:00+00:00, run_after=2022-01-01 00:00:00+00:00
[2024-05-21T10:59:26.176+0200] {logging_mixin.py:188} INFO - [2024-05-21T10:59:26.176+0200] {dag.py:3954} INFO - Setting next_dagrun for example_subdag_operator.section-1 to None, run_after=None
[2024-05-21T10:59:26.177+0200] {logging_mixin.py:188} INFO - [2024-05-21T10:59:26.177+0200] {dag.py:3954} INFO - Setting next_dagrun for example_subdag_operator.section-2 to None, run_after=None
[2024-05-21T10:59:26.183+0200] {logging_mixin.py:188} INFO - [2024-05-21T10:59:26.183+0200] {dag.py:3096} INFO - Sync 2 DAGs
[2024-05-21T10:59:26.189+0200] {logging_mixin.py:188} INFO - [2024-05-21T10:59:26.189+0200] {dag.py:3954} INFO - Setting next_dagrun for example_subdag_operator.section-1 to None, run_after=None
[2024-05-21T10:59:26.189+0200] {logging_mixin.py:188} INFO - [2024-05-21T10:59:26.189+0200] {dag.py:3954} INFO - Setting next_dagrun for example_subdag_operator.section-2 to None, run_after=None
[2024-05-21T10:59:26.203+0200] {processor.py:183} INFO - Processing /home/munya/anaconda3/lib/python3.11/site-packages/airflow/example_dags/example_subdag_operator.py took 0.104 seconds
[2024-05-21T11:00:27.827+0200] {processor.py:161} INFO - Started process (PID=111015) to work on /home/munya/anaconda3/lib/python3.11/site-packages/airflow/example_dags/example_subdag_operator.py
[2024-05-21T11:00:27.833+0200] {processor.py:830} INFO - Processing file /home/munya/anaconda3/lib/python3.11/site-packages/airflow/example_dags/example_subdag_operator.py for tasks to queue
[2024-05-21T11:00:27.837+0200] {logging_mixin.py:188} INFO - [2024-05-21T11:00:27.835+0200] {dagbag.py:545} INFO - Filling up the DagBag from /home/munya/anaconda3/lib/python3.11/site-packages/airflow/example_dags/example_subdag_operator.py
[2024-05-21T11:00:27.916+0200] {processor.py:840} INFO - DAG(s) 'example_subdag_operator.section-1', 'example_subdag_operator.section-2', 'example_subdag_operator' retrieved from /home/munya/anaconda3/lib/python3.11/site-packages/airflow/example_dags/example_subdag_operator.py
[2024-05-21T11:00:27.992+0200] {logging_mixin.py:188} INFO - [2024-05-21T11:00:27.991+0200] {dag.py:3096} INFO - Sync 3 DAGs
[2024-05-21T11:00:28.078+0200] {logging_mixin.py:188} INFO - [2024-05-21T11:00:28.078+0200] {dag.py:3954} INFO - Setting next_dagrun for example_subdag_operator to 2022-01-01 00:00:00+00:00, run_after=2022-01-01 00:00:00+00:00
[2024-05-21T11:00:28.092+0200] {logging_mixin.py:188} INFO - [2024-05-21T11:00:28.091+0200] {dag.py:3954} INFO - Setting next_dagrun for example_subdag_operator.section-1 to None, run_after=None
[2024-05-21T11:00:28.096+0200] {logging_mixin.py:188} INFO - [2024-05-21T11:00:28.095+0200] {dag.py:3954} INFO - Setting next_dagrun for example_subdag_operator.section-2 to None, run_after=None
[2024-05-21T11:00:28.118+0200] {logging_mixin.py:188} INFO - [2024-05-21T11:00:28.117+0200] {dag.py:3096} INFO - Sync 2 DAGs
[2024-05-21T11:00:28.136+0200] {logging_mixin.py:188} INFO - [2024-05-21T11:00:28.135+0200] {dag.py:3954} INFO - Setting next_dagrun for example_subdag_operator.section-1 to None, run_after=None
[2024-05-21T11:00:28.138+0200] {logging_mixin.py:188} INFO - [2024-05-21T11:00:28.137+0200] {dag.py:3954} INFO - Setting next_dagrun for example_subdag_operator.section-2 to None, run_after=None
[2024-05-21T11:00:28.181+0200] {processor.py:183} INFO - Processing /home/munya/anaconda3/lib/python3.11/site-packages/airflow/example_dags/example_subdag_operator.py took 0.382 seconds
[2024-05-21T11:01:34.671+0200] {processor.py:161} INFO - Started process (PID=111847) to work on /home/munya/anaconda3/lib/python3.11/site-packages/airflow/example_dags/example_subdag_operator.py
[2024-05-21T11:01:34.672+0200] {processor.py:830} INFO - Processing file /home/munya/anaconda3/lib/python3.11/site-packages/airflow/example_dags/example_subdag_operator.py for tasks to queue
[2024-05-21T11:01:34.673+0200] {logging_mixin.py:188} INFO - [2024-05-21T11:01:34.672+0200] {dagbag.py:545} INFO - Filling up the DagBag from /home/munya/anaconda3/lib/python3.11/site-packages/airflow/example_dags/example_subdag_operator.py
[2024-05-21T11:01:34.694+0200] {processor.py:840} INFO - DAG(s) 'example_subdag_operator.section-1', 'example_subdag_operator.section-2', 'example_subdag_operator' retrieved from /home/munya/anaconda3/lib/python3.11/site-packages/airflow/example_dags/example_subdag_operator.py
[2024-05-21T11:01:34.712+0200] {logging_mixin.py:188} INFO - [2024-05-21T11:01:34.712+0200] {dag.py:3096} INFO - Sync 3 DAGs
[2024-05-21T11:01:34.732+0200] {logging_mixin.py:188} INFO - [2024-05-21T11:01:34.732+0200] {dag.py:3954} INFO - Setting next_dagrun for example_subdag_operator to 2022-01-01 00:00:00+00:00, run_after=2022-01-01 00:00:00+00:00
[2024-05-21T11:01:34.737+0200] {logging_mixin.py:188} INFO - [2024-05-21T11:01:34.736+0200] {dag.py:3954} INFO - Setting next_dagrun for example_subdag_operator.section-1 to None, run_after=None
[2024-05-21T11:01:34.738+0200] {logging_mixin.py:188} INFO - [2024-05-21T11:01:34.738+0200] {dag.py:3954} INFO - Setting next_dagrun for example_subdag_operator.section-2 to None, run_after=None
[2024-05-21T11:01:34.744+0200] {logging_mixin.py:188} INFO - [2024-05-21T11:01:34.744+0200] {dag.py:3096} INFO - Sync 2 DAGs
[2024-05-21T11:01:34.748+0200] {logging_mixin.py:188} INFO - [2024-05-21T11:01:34.748+0200] {dag.py:3954} INFO - Setting next_dagrun for example_subdag_operator.section-1 to None, run_after=None
[2024-05-21T11:01:34.749+0200] {logging_mixin.py:188} INFO - [2024-05-21T11:01:34.749+0200] {dag.py:3954} INFO - Setting next_dagrun for example_subdag_operator.section-2 to None, run_after=None
[2024-05-21T11:01:34.767+0200] {processor.py:183} INFO - Processing /home/munya/anaconda3/lib/python3.11/site-packages/airflow/example_dags/example_subdag_operator.py took 0.102 seconds
[2024-05-21T11:02:50.515+0200] {processor.py:161} INFO - Started process (PID=112805) to work on /home/munya/anaconda3/lib/python3.11/site-packages/airflow/example_dags/example_subdag_operator.py
[2024-05-21T11:02:50.516+0200] {processor.py:830} INFO - Processing file /home/munya/anaconda3/lib/python3.11/site-packages/airflow/example_dags/example_subdag_operator.py for tasks to queue
[2024-05-21T11:02:50.516+0200] {logging_mixin.py:188} INFO - [2024-05-21T11:02:50.516+0200] {dagbag.py:545} INFO - Filling up the DagBag from /home/munya/anaconda3/lib/python3.11/site-packages/airflow/example_dags/example_subdag_operator.py
[2024-05-21T11:02:50.537+0200] {processor.py:840} INFO - DAG(s) 'example_subdag_operator.section-1', 'example_subdag_operator.section-2', 'example_subdag_operator' retrieved from /home/munya/anaconda3/lib/python3.11/site-packages/airflow/example_dags/example_subdag_operator.py
[2024-05-21T11:02:50.557+0200] {logging_mixin.py:188} INFO - [2024-05-21T11:02:50.557+0200] {dag.py:3096} INFO - Sync 3 DAGs
[2024-05-21T11:02:50.577+0200] {logging_mixin.py:188} INFO - [2024-05-21T11:02:50.576+0200] {dag.py:3954} INFO - Setting next_dagrun for example_subdag_operator to 2022-01-01 00:00:00+00:00, run_after=2022-01-01 00:00:00+00:00
[2024-05-21T11:02:50.580+0200] {logging_mixin.py:188} INFO - [2024-05-21T11:02:50.580+0200] {dag.py:3954} INFO - Setting next_dagrun for example_subdag_operator.section-1 to None, run_after=None
[2024-05-21T11:02:50.581+0200] {logging_mixin.py:188} INFO - [2024-05-21T11:02:50.581+0200] {dag.py:3954} INFO - Setting next_dagrun for example_subdag_operator.section-2 to None, run_after=None
[2024-05-21T11:02:50.587+0200] {logging_mixin.py:188} INFO - [2024-05-21T11:02:50.587+0200] {dag.py:3096} INFO - Sync 2 DAGs
[2024-05-21T11:02:50.593+0200] {logging_mixin.py:188} INFO - [2024-05-21T11:02:50.593+0200] {dag.py:3954} INFO - Setting next_dagrun for example_subdag_operator.section-1 to None, run_after=None
[2024-05-21T11:02:50.593+0200] {logging_mixin.py:188} INFO - [2024-05-21T11:02:50.593+0200] {dag.py:3954} INFO - Setting next_dagrun for example_subdag_operator.section-2 to None, run_after=None
[2024-05-21T11:02:50.606+0200] {processor.py:183} INFO - Processing /home/munya/anaconda3/lib/python3.11/site-packages/airflow/example_dags/example_subdag_operator.py took 0.098 seconds
[2024-05-21T11:03:59.217+0200] {processor.py:161} INFO - Started process (PID=113671) to work on /home/munya/anaconda3/lib/python3.11/site-packages/airflow/example_dags/example_subdag_operator.py
[2024-05-21T11:03:59.218+0200] {processor.py:830} INFO - Processing file /home/munya/anaconda3/lib/python3.11/site-packages/airflow/example_dags/example_subdag_operator.py for tasks to queue
[2024-05-21T11:03:59.218+0200] {logging_mixin.py:188} INFO - [2024-05-21T11:03:59.218+0200] {dagbag.py:545} INFO - Filling up the DagBag from /home/munya/anaconda3/lib/python3.11/site-packages/airflow/example_dags/example_subdag_operator.py
[2024-05-21T11:03:59.236+0200] {processor.py:840} INFO - DAG(s) 'example_subdag_operator.section-1', 'example_subdag_operator.section-2', 'example_subdag_operator' retrieved from /home/munya/anaconda3/lib/python3.11/site-packages/airflow/example_dags/example_subdag_operator.py
[2024-05-21T11:03:59.254+0200] {logging_mixin.py:188} INFO - [2024-05-21T11:03:59.254+0200] {dag.py:3096} INFO - Sync 3 DAGs
[2024-05-21T11:03:59.274+0200] {logging_mixin.py:188} INFO - [2024-05-21T11:03:59.274+0200] {dag.py:3954} INFO - Setting next_dagrun for example_subdag_operator to 2022-01-01 00:00:00+00:00, run_after=2022-01-01 00:00:00+00:00
[2024-05-21T11:03:59.277+0200] {logging_mixin.py:188} INFO - [2024-05-21T11:03:59.277+0200] {dag.py:3954} INFO - Setting next_dagrun for example_subdag_operator.section-1 to None, run_after=None
[2024-05-21T11:03:59.279+0200] {logging_mixin.py:188} INFO - [2024-05-21T11:03:59.278+0200] {dag.py:3954} INFO - Setting next_dagrun for example_subdag_operator.section-2 to None, run_after=None
[2024-05-21T11:03:59.284+0200] {logging_mixin.py:188} INFO - [2024-05-21T11:03:59.284+0200] {dag.py:3096} INFO - Sync 2 DAGs
[2024-05-21T11:03:59.288+0200] {logging_mixin.py:188} INFO - [2024-05-21T11:03:59.288+0200] {dag.py:3954} INFO - Setting next_dagrun for example_subdag_operator.section-1 to None, run_after=None
[2024-05-21T11:03:59.289+0200] {logging_mixin.py:188} INFO - [2024-05-21T11:03:59.289+0200] {dag.py:3954} INFO - Setting next_dagrun for example_subdag_operator.section-2 to None, run_after=None
[2024-05-21T11:03:59.302+0200] {processor.py:183} INFO - Processing /home/munya/anaconda3/lib/python3.11/site-packages/airflow/example_dags/example_subdag_operator.py took 0.090 seconds
[2024-05-21T11:05:02.647+0200] {processor.py:161} INFO - Started process (PID=114481) to work on /home/munya/anaconda3/lib/python3.11/site-packages/airflow/example_dags/example_subdag_operator.py
[2024-05-21T11:05:02.648+0200] {processor.py:830} INFO - Processing file /home/munya/anaconda3/lib/python3.11/site-packages/airflow/example_dags/example_subdag_operator.py for tasks to queue
[2024-05-21T11:05:02.649+0200] {logging_mixin.py:188} INFO - [2024-05-21T11:05:02.648+0200] {dagbag.py:545} INFO - Filling up the DagBag from /home/munya/anaconda3/lib/python3.11/site-packages/airflow/example_dags/example_subdag_operator.py
[2024-05-21T11:05:02.672+0200] {processor.py:840} INFO - DAG(s) 'example_subdag_operator.section-1', 'example_subdag_operator.section-2', 'example_subdag_operator' retrieved from /home/munya/anaconda3/lib/python3.11/site-packages/airflow/example_dags/example_subdag_operator.py
[2024-05-21T11:05:02.689+0200] {logging_mixin.py:188} INFO - [2024-05-21T11:05:02.689+0200] {dag.py:3096} INFO - Sync 3 DAGs
[2024-05-21T11:05:02.710+0200] {logging_mixin.py:188} INFO - [2024-05-21T11:05:02.710+0200] {dag.py:3954} INFO - Setting next_dagrun for example_subdag_operator to 2022-01-01 00:00:00+00:00, run_after=2022-01-01 00:00:00+00:00
[2024-05-21T11:05:02.713+0200] {logging_mixin.py:188} INFO - [2024-05-21T11:05:02.713+0200] {dag.py:3954} INFO - Setting next_dagrun for example_subdag_operator.section-1 to None, run_after=None
[2024-05-21T11:05:02.714+0200] {logging_mixin.py:188} INFO - [2024-05-21T11:05:02.714+0200] {dag.py:3954} INFO - Setting next_dagrun for example_subdag_operator.section-2 to None, run_after=None
[2024-05-21T11:05:02.719+0200] {logging_mixin.py:188} INFO - [2024-05-21T11:05:02.718+0200] {dag.py:3096} INFO - Sync 2 DAGs
[2024-05-21T11:05:02.722+0200] {logging_mixin.py:188} INFO - [2024-05-21T11:05:02.722+0200] {dag.py:3954} INFO - Setting next_dagrun for example_subdag_operator.section-1 to None, run_after=None
[2024-05-21T11:05:02.722+0200] {logging_mixin.py:188} INFO - [2024-05-21T11:05:02.722+0200] {dag.py:3954} INFO - Setting next_dagrun for example_subdag_operator.section-2 to None, run_after=None
[2024-05-21T11:05:02.733+0200] {processor.py:183} INFO - Processing /home/munya/anaconda3/lib/python3.11/site-packages/airflow/example_dags/example_subdag_operator.py took 0.094 seconds
[2024-05-21T11:06:12.996+0200] {processor.py:161} INFO - Started process (PID=115383) to work on /home/munya/anaconda3/lib/python3.11/site-packages/airflow/example_dags/example_subdag_operator.py
[2024-05-21T11:06:12.997+0200] {processor.py:830} INFO - Processing file /home/munya/anaconda3/lib/python3.11/site-packages/airflow/example_dags/example_subdag_operator.py for tasks to queue
[2024-05-21T11:06:12.997+0200] {logging_mixin.py:188} INFO - [2024-05-21T11:06:12.997+0200] {dagbag.py:545} INFO - Filling up the DagBag from /home/munya/anaconda3/lib/python3.11/site-packages/airflow/example_dags/example_subdag_operator.py
[2024-05-21T11:06:13.018+0200] {processor.py:840} INFO - DAG(s) 'example_subdag_operator.section-1', 'example_subdag_operator.section-2', 'example_subdag_operator' retrieved from /home/munya/anaconda3/lib/python3.11/site-packages/airflow/example_dags/example_subdag_operator.py
[2024-05-21T11:06:13.037+0200] {logging_mixin.py:188} INFO - [2024-05-21T11:06:13.037+0200] {dag.py:3096} INFO - Sync 3 DAGs
[2024-05-21T11:06:13.057+0200] {logging_mixin.py:188} INFO - [2024-05-21T11:06:13.057+0200] {dag.py:3954} INFO - Setting next_dagrun for example_subdag_operator to 2022-01-01 00:00:00+00:00, run_after=2022-01-01 00:00:00+00:00
[2024-05-21T11:06:13.060+0200] {logging_mixin.py:188} INFO - [2024-05-21T11:06:13.060+0200] {dag.py:3954} INFO - Setting next_dagrun for example_subdag_operator.section-1 to None, run_after=None
[2024-05-21T11:06:13.061+0200] {logging_mixin.py:188} INFO - [2024-05-21T11:06:13.061+0200] {dag.py:3954} INFO - Setting next_dagrun for example_subdag_operator.section-2 to None, run_after=None
[2024-05-21T11:06:13.067+0200] {logging_mixin.py:188} INFO - [2024-05-21T11:06:13.067+0200] {dag.py:3096} INFO - Sync 2 DAGs
[2024-05-21T11:06:13.072+0200] {logging_mixin.py:188} INFO - [2024-05-21T11:06:13.072+0200] {dag.py:3954} INFO - Setting next_dagrun for example_subdag_operator.section-1 to None, run_after=None
[2024-05-21T11:06:13.072+0200] {logging_mixin.py:188} INFO - [2024-05-21T11:06:13.072+0200] {dag.py:3954} INFO - Setting next_dagrun for example_subdag_operator.section-2 to None, run_after=None
[2024-05-21T11:06:13.092+0200] {processor.py:183} INFO - Processing /home/munya/anaconda3/lib/python3.11/site-packages/airflow/example_dags/example_subdag_operator.py took 0.103 seconds
[2024-05-21T11:07:13.542+0200] {processor.py:161} INFO - Started process (PID=116150) to work on /home/munya/anaconda3/lib/python3.11/site-packages/airflow/example_dags/example_subdag_operator.py
[2024-05-21T11:07:13.543+0200] {processor.py:830} INFO - Processing file /home/munya/anaconda3/lib/python3.11/site-packages/airflow/example_dags/example_subdag_operator.py for tasks to queue
[2024-05-21T11:07:13.544+0200] {logging_mixin.py:188} INFO - [2024-05-21T11:07:13.544+0200] {dagbag.py:545} INFO - Filling up the DagBag from /home/munya/anaconda3/lib/python3.11/site-packages/airflow/example_dags/example_subdag_operator.py
[2024-05-21T11:07:13.567+0200] {processor.py:840} INFO - DAG(s) 'example_subdag_operator.section-1', 'example_subdag_operator.section-2', 'example_subdag_operator' retrieved from /home/munya/anaconda3/lib/python3.11/site-packages/airflow/example_dags/example_subdag_operator.py
[2024-05-21T11:07:13.587+0200] {logging_mixin.py:188} INFO - [2024-05-21T11:07:13.586+0200] {dag.py:3096} INFO - Sync 3 DAGs
[2024-05-21T11:07:13.608+0200] {logging_mixin.py:188} INFO - [2024-05-21T11:07:13.608+0200] {dag.py:3954} INFO - Setting next_dagrun for example_subdag_operator to 2022-01-01 00:00:00+00:00, run_after=2022-01-01 00:00:00+00:00
[2024-05-21T11:07:13.612+0200] {logging_mixin.py:188} INFO - [2024-05-21T11:07:13.611+0200] {dag.py:3954} INFO - Setting next_dagrun for example_subdag_operator.section-1 to None, run_after=None
[2024-05-21T11:07:13.613+0200] {logging_mixin.py:188} INFO - [2024-05-21T11:07:13.613+0200] {dag.py:3954} INFO - Setting next_dagrun for example_subdag_operator.section-2 to None, run_after=None
[2024-05-21T11:07:13.619+0200] {logging_mixin.py:188} INFO - [2024-05-21T11:07:13.618+0200] {dag.py:3096} INFO - Sync 2 DAGs
[2024-05-21T11:07:13.623+0200] {logging_mixin.py:188} INFO - [2024-05-21T11:07:13.623+0200] {dag.py:3954} INFO - Setting next_dagrun for example_subdag_operator.section-1 to None, run_after=None
[2024-05-21T11:07:13.624+0200] {logging_mixin.py:188} INFO - [2024-05-21T11:07:13.624+0200] {dag.py:3954} INFO - Setting next_dagrun for example_subdag_operator.section-2 to None, run_after=None
[2024-05-21T11:07:13.638+0200] {processor.py:183} INFO - Processing /home/munya/anaconda3/lib/python3.11/site-packages/airflow/example_dags/example_subdag_operator.py took 0.103 seconds
[2024-05-21T11:08:14.728+0200] {processor.py:161} INFO - Started process (PID=116959) to work on /home/munya/anaconda3/lib/python3.11/site-packages/airflow/example_dags/example_subdag_operator.py
[2024-05-21T11:08:14.729+0200] {processor.py:830} INFO - Processing file /home/munya/anaconda3/lib/python3.11/site-packages/airflow/example_dags/example_subdag_operator.py for tasks to queue
[2024-05-21T11:08:14.730+0200] {logging_mixin.py:188} INFO - [2024-05-21T11:08:14.729+0200] {dagbag.py:545} INFO - Filling up the DagBag from /home/munya/anaconda3/lib/python3.11/site-packages/airflow/example_dags/example_subdag_operator.py
[2024-05-21T11:08:14.752+0200] {processor.py:840} INFO - DAG(s) 'example_subdag_operator.section-1', 'example_subdag_operator.section-2', 'example_subdag_operator' retrieved from /home/munya/anaconda3/lib/python3.11/site-packages/airflow/example_dags/example_subdag_operator.py
[2024-05-21T11:08:14.773+0200] {logging_mixin.py:188} INFO - [2024-05-21T11:08:14.773+0200] {dag.py:3096} INFO - Sync 3 DAGs
[2024-05-21T11:08:14.794+0200] {logging_mixin.py:188} INFO - [2024-05-21T11:08:14.793+0200] {dag.py:3954} INFO - Setting next_dagrun for example_subdag_operator to 2022-01-01 00:00:00+00:00, run_after=2022-01-01 00:00:00+00:00
[2024-05-21T11:08:14.797+0200] {logging_mixin.py:188} INFO - [2024-05-21T11:08:14.797+0200] {dag.py:3954} INFO - Setting next_dagrun for example_subdag_operator.section-1 to None, run_after=None
[2024-05-21T11:08:14.798+0200] {logging_mixin.py:188} INFO - [2024-05-21T11:08:14.798+0200] {dag.py:3954} INFO - Setting next_dagrun for example_subdag_operator.section-2 to None, run_after=None
[2024-05-21T11:08:14.804+0200] {logging_mixin.py:188} INFO - [2024-05-21T11:08:14.804+0200] {dag.py:3096} INFO - Sync 2 DAGs
[2024-05-21T11:08:14.809+0200] {logging_mixin.py:188} INFO - [2024-05-21T11:08:14.809+0200] {dag.py:3954} INFO - Setting next_dagrun for example_subdag_operator.section-1 to None, run_after=None
[2024-05-21T11:08:14.809+0200] {logging_mixin.py:188} INFO - [2024-05-21T11:08:14.809+0200] {dag.py:3954} INFO - Setting next_dagrun for example_subdag_operator.section-2 to None, run_after=None
[2024-05-21T11:08:14.823+0200] {processor.py:183} INFO - Processing /home/munya/anaconda3/lib/python3.11/site-packages/airflow/example_dags/example_subdag_operator.py took 0.102 seconds
[2024-05-21T11:09:21.183+0200] {processor.py:161} INFO - Started process (PID=117870) to work on /home/munya/anaconda3/lib/python3.11/site-packages/airflow/example_dags/example_subdag_operator.py
[2024-05-21T11:09:21.184+0200] {processor.py:830} INFO - Processing file /home/munya/anaconda3/lib/python3.11/site-packages/airflow/example_dags/example_subdag_operator.py for tasks to queue
[2024-05-21T11:09:21.184+0200] {logging_mixin.py:188} INFO - [2024-05-21T11:09:21.184+0200] {dagbag.py:545} INFO - Filling up the DagBag from /home/munya/anaconda3/lib/python3.11/site-packages/airflow/example_dags/example_subdag_operator.py
[2024-05-21T11:09:21.205+0200] {processor.py:840} INFO - DAG(s) 'example_subdag_operator.section-1', 'example_subdag_operator.section-2', 'example_subdag_operator' retrieved from /home/munya/anaconda3/lib/python3.11/site-packages/airflow/example_dags/example_subdag_operator.py
[2024-05-21T11:09:21.225+0200] {logging_mixin.py:188} INFO - [2024-05-21T11:09:21.225+0200] {dag.py:3096} INFO - Sync 3 DAGs
[2024-05-21T11:09:21.247+0200] {logging_mixin.py:188} INFO - [2024-05-21T11:09:21.247+0200] {dag.py:3954} INFO - Setting next_dagrun for example_subdag_operator to 2022-01-01 00:00:00+00:00, run_after=2022-01-01 00:00:00+00:00
[2024-05-21T11:09:21.250+0200] {logging_mixin.py:188} INFO - [2024-05-21T11:09:21.250+0200] {dag.py:3954} INFO - Setting next_dagrun for example_subdag_operator.section-1 to None, run_after=None
[2024-05-21T11:09:21.251+0200] {logging_mixin.py:188} INFO - [2024-05-21T11:09:21.251+0200] {dag.py:3954} INFO - Setting next_dagrun for example_subdag_operator.section-2 to None, run_after=None
[2024-05-21T11:09:21.257+0200] {logging_mixin.py:188} INFO - [2024-05-21T11:09:21.257+0200] {dag.py:3096} INFO - Sync 2 DAGs
[2024-05-21T11:09:21.262+0200] {logging_mixin.py:188} INFO - [2024-05-21T11:09:21.262+0200] {dag.py:3954} INFO - Setting next_dagrun for example_subdag_operator.section-1 to None, run_after=None
[2024-05-21T11:09:21.263+0200] {logging_mixin.py:188} INFO - [2024-05-21T11:09:21.262+0200] {dag.py:3954} INFO - Setting next_dagrun for example_subdag_operator.section-2 to None, run_after=None
[2024-05-21T11:09:21.274+0200] {processor.py:183} INFO - Processing /home/munya/anaconda3/lib/python3.11/site-packages/airflow/example_dags/example_subdag_operator.py took 0.098 seconds
[2024-05-21T11:10:33.723+0200] {processor.py:161} INFO - Started process (PID=118771) to work on /home/munya/anaconda3/lib/python3.11/site-packages/airflow/example_dags/example_subdag_operator.py
[2024-05-21T11:10:33.727+0200] {processor.py:830} INFO - Processing file /home/munya/anaconda3/lib/python3.11/site-packages/airflow/example_dags/example_subdag_operator.py for tasks to queue
[2024-05-21T11:10:33.731+0200] {logging_mixin.py:188} INFO - [2024-05-21T11:10:33.729+0200] {dagbag.py:545} INFO - Filling up the DagBag from /home/munya/anaconda3/lib/python3.11/site-packages/airflow/example_dags/example_subdag_operator.py
[2024-05-21T11:10:33.817+0200] {processor.py:840} INFO - DAG(s) 'example_subdag_operator.section-1', 'example_subdag_operator.section-2', 'example_subdag_operator' retrieved from /home/munya/anaconda3/lib/python3.11/site-packages/airflow/example_dags/example_subdag_operator.py
[2024-05-21T11:10:33.889+0200] {logging_mixin.py:188} INFO - [2024-05-21T11:10:33.888+0200] {dag.py:3096} INFO - Sync 3 DAGs
[2024-05-21T11:10:33.968+0200] {logging_mixin.py:188} INFO - [2024-05-21T11:10:33.968+0200] {dag.py:3954} INFO - Setting next_dagrun for example_subdag_operator to 2022-01-01 00:00:00+00:00, run_after=2022-01-01 00:00:00+00:00
[2024-05-21T11:10:33.981+0200] {logging_mixin.py:188} INFO - [2024-05-21T11:10:33.980+0200] {dag.py:3954} INFO - Setting next_dagrun for example_subdag_operator.section-1 to None, run_after=None
[2024-05-21T11:10:33.985+0200] {logging_mixin.py:188} INFO - [2024-05-21T11:10:33.984+0200] {dag.py:3954} INFO - Setting next_dagrun for example_subdag_operator.section-2 to None, run_after=None
[2024-05-21T11:10:34.007+0200] {logging_mixin.py:188} INFO - [2024-05-21T11:10:34.006+0200] {dag.py:3096} INFO - Sync 2 DAGs
[2024-05-21T11:10:34.025+0200] {logging_mixin.py:188} INFO - [2024-05-21T11:10:34.023+0200] {dag.py:3954} INFO - Setting next_dagrun for example_subdag_operator.section-1 to None, run_after=None
[2024-05-21T11:10:34.027+0200] {logging_mixin.py:188} INFO - [2024-05-21T11:10:34.026+0200] {dag.py:3954} INFO - Setting next_dagrun for example_subdag_operator.section-2 to None, run_after=None
[2024-05-21T11:10:34.080+0200] {processor.py:183} INFO - Processing /home/munya/anaconda3/lib/python3.11/site-packages/airflow/example_dags/example_subdag_operator.py took 0.380 seconds
[2024-05-21T11:11:39.386+0200] {processor.py:161} INFO - Started process (PID=119603) to work on /home/munya/anaconda3/lib/python3.11/site-packages/airflow/example_dags/example_subdag_operator.py
[2024-05-21T11:11:39.387+0200] {processor.py:830} INFO - Processing file /home/munya/anaconda3/lib/python3.11/site-packages/airflow/example_dags/example_subdag_operator.py for tasks to queue
[2024-05-21T11:11:39.388+0200] {logging_mixin.py:188} INFO - [2024-05-21T11:11:39.388+0200] {dagbag.py:545} INFO - Filling up the DagBag from /home/munya/anaconda3/lib/python3.11/site-packages/airflow/example_dags/example_subdag_operator.py
[2024-05-21T11:11:39.409+0200] {processor.py:840} INFO - DAG(s) 'example_subdag_operator.section-1', 'example_subdag_operator.section-2', 'example_subdag_operator' retrieved from /home/munya/anaconda3/lib/python3.11/site-packages/airflow/example_dags/example_subdag_operator.py
[2024-05-21T11:11:39.423+0200] {logging_mixin.py:188} INFO - [2024-05-21T11:11:39.423+0200] {dag.py:3096} INFO - Sync 3 DAGs
[2024-05-21T11:11:39.440+0200] {logging_mixin.py:188} INFO - [2024-05-21T11:11:39.440+0200] {dag.py:3954} INFO - Setting next_dagrun for example_subdag_operator to 2022-01-01 00:00:00+00:00, run_after=2022-01-01 00:00:00+00:00
[2024-05-21T11:11:39.443+0200] {logging_mixin.py:188} INFO - [2024-05-21T11:11:39.442+0200] {dag.py:3954} INFO - Setting next_dagrun for example_subdag_operator.section-1 to None, run_after=None
[2024-05-21T11:11:39.444+0200] {logging_mixin.py:188} INFO - [2024-05-21T11:11:39.444+0200] {dag.py:3954} INFO - Setting next_dagrun for example_subdag_operator.section-2 to None, run_after=None
[2024-05-21T11:11:39.450+0200] {logging_mixin.py:188} INFO - [2024-05-21T11:11:39.450+0200] {dag.py:3096} INFO - Sync 2 DAGs
[2024-05-21T11:11:39.454+0200] {logging_mixin.py:188} INFO - [2024-05-21T11:11:39.454+0200] {dag.py:3954} INFO - Setting next_dagrun for example_subdag_operator.section-1 to None, run_after=None
[2024-05-21T11:11:39.455+0200] {logging_mixin.py:188} INFO - [2024-05-21T11:11:39.455+0200] {dag.py:3954} INFO - Setting next_dagrun for example_subdag_operator.section-2 to None, run_after=None
[2024-05-21T11:11:39.469+0200] {processor.py:183} INFO - Processing /home/munya/anaconda3/lib/python3.11/site-packages/airflow/example_dags/example_subdag_operator.py took 0.089 seconds
[2024-05-21T11:12:50.520+0200] {processor.py:161} INFO - Started process (PID=120517) to work on /home/munya/anaconda3/lib/python3.11/site-packages/airflow/example_dags/example_subdag_operator.py
[2024-05-21T11:12:50.521+0200] {processor.py:830} INFO - Processing file /home/munya/anaconda3/lib/python3.11/site-packages/airflow/example_dags/example_subdag_operator.py for tasks to queue
[2024-05-21T11:12:50.522+0200] {logging_mixin.py:188} INFO - [2024-05-21T11:12:50.522+0200] {dagbag.py:545} INFO - Filling up the DagBag from /home/munya/anaconda3/lib/python3.11/site-packages/airflow/example_dags/example_subdag_operator.py
[2024-05-21T11:12:50.545+0200] {processor.py:840} INFO - DAG(s) 'example_subdag_operator.section-1', 'example_subdag_operator.section-2', 'example_subdag_operator' retrieved from /home/munya/anaconda3/lib/python3.11/site-packages/airflow/example_dags/example_subdag_operator.py
[2024-05-21T11:12:50.565+0200] {logging_mixin.py:188} INFO - [2024-05-21T11:12:50.565+0200] {dag.py:3096} INFO - Sync 3 DAGs
[2024-05-21T11:12:50.587+0200] {logging_mixin.py:188} INFO - [2024-05-21T11:12:50.586+0200] {dag.py:3954} INFO - Setting next_dagrun for example_subdag_operator to 2022-01-01 00:00:00+00:00, run_after=2022-01-01 00:00:00+00:00
[2024-05-21T11:12:50.591+0200] {logging_mixin.py:188} INFO - [2024-05-21T11:12:50.591+0200] {dag.py:3954} INFO - Setting next_dagrun for example_subdag_operator.section-1 to None, run_after=None
[2024-05-21T11:12:50.592+0200] {logging_mixin.py:188} INFO - [2024-05-21T11:12:50.592+0200] {dag.py:3954} INFO - Setting next_dagrun for example_subdag_operator.section-2 to None, run_after=None
[2024-05-21T11:12:50.598+0200] {logging_mixin.py:188} INFO - [2024-05-21T11:12:50.598+0200] {dag.py:3096} INFO - Sync 2 DAGs
[2024-05-21T11:12:50.603+0200] {logging_mixin.py:188} INFO - [2024-05-21T11:12:50.603+0200] {dag.py:3954} INFO - Setting next_dagrun for example_subdag_operator.section-1 to None, run_after=None
[2024-05-21T11:12:50.603+0200] {logging_mixin.py:188} INFO - [2024-05-21T11:12:50.603+0200] {dag.py:3954} INFO - Setting next_dagrun for example_subdag_operator.section-2 to None, run_after=None
[2024-05-21T11:12:50.616+0200] {processor.py:183} INFO - Processing /home/munya/anaconda3/lib/python3.11/site-packages/airflow/example_dags/example_subdag_operator.py took 0.103 seconds
[2024-05-21T11:14:12.035+0200] {processor.py:161} INFO - Started process (PID=121708) to work on /home/munya/anaconda3/lib/python3.11/site-packages/airflow/example_dags/example_subdag_operator.py
[2024-05-21T11:14:12.039+0200] {processor.py:830} INFO - Processing file /home/munya/anaconda3/lib/python3.11/site-packages/airflow/example_dags/example_subdag_operator.py for tasks to queue
[2024-05-21T11:14:12.047+0200] {logging_mixin.py:188} INFO - [2024-05-21T11:14:12.043+0200] {dagbag.py:545} INFO - Filling up the DagBag from /home/munya/anaconda3/lib/python3.11/site-packages/airflow/example_dags/example_subdag_operator.py
[2024-05-21T11:14:12.136+0200] {processor.py:840} INFO - DAG(s) 'example_subdag_operator.section-1', 'example_subdag_operator.section-2', 'example_subdag_operator' retrieved from /home/munya/anaconda3/lib/python3.11/site-packages/airflow/example_dags/example_subdag_operator.py
[2024-05-21T11:14:12.174+0200] {logging_mixin.py:188} INFO - [2024-05-21T11:14:12.174+0200] {dag.py:3096} INFO - Sync 3 DAGs
[2024-05-21T11:14:12.216+0200] {logging_mixin.py:188} INFO - [2024-05-21T11:14:12.215+0200] {dag.py:3954} INFO - Setting next_dagrun for example_subdag_operator to 2022-01-01 00:00:00+00:00, run_after=2022-01-01 00:00:00+00:00
[2024-05-21T11:14:12.222+0200] {logging_mixin.py:188} INFO - [2024-05-21T11:14:12.222+0200] {dag.py:3954} INFO - Setting next_dagrun for example_subdag_operator.section-1 to None, run_after=None
[2024-05-21T11:14:12.224+0200] {logging_mixin.py:188} INFO - [2024-05-21T11:14:12.223+0200] {dag.py:3954} INFO - Setting next_dagrun for example_subdag_operator.section-2 to None, run_after=None
[2024-05-21T11:14:12.234+0200] {logging_mixin.py:188} INFO - [2024-05-21T11:14:12.233+0200] {dag.py:3096} INFO - Sync 2 DAGs
[2024-05-21T11:14:12.242+0200] {logging_mixin.py:188} INFO - [2024-05-21T11:14:12.242+0200] {dag.py:3954} INFO - Setting next_dagrun for example_subdag_operator.section-1 to None, run_after=None
[2024-05-21T11:14:12.243+0200] {logging_mixin.py:188} INFO - [2024-05-21T11:14:12.243+0200] {dag.py:3954} INFO - Setting next_dagrun for example_subdag_operator.section-2 to None, run_after=None
[2024-05-21T11:14:12.264+0200] {processor.py:183} INFO - Processing /home/munya/anaconda3/lib/python3.11/site-packages/airflow/example_dags/example_subdag_operator.py took 0.255 seconds
[2024-05-21T11:15:31.144+0200] {processor.py:161} INFO - Started process (PID=122688) to work on /home/munya/anaconda3/lib/python3.11/site-packages/airflow/example_dags/example_subdag_operator.py
[2024-05-21T11:15:31.147+0200] {processor.py:830} INFO - Processing file /home/munya/anaconda3/lib/python3.11/site-packages/airflow/example_dags/example_subdag_operator.py for tasks to queue
[2024-05-21T11:15:31.150+0200] {logging_mixin.py:188} INFO - [2024-05-21T11:15:31.149+0200] {dagbag.py:545} INFO - Filling up the DagBag from /home/munya/anaconda3/lib/python3.11/site-packages/airflow/example_dags/example_subdag_operator.py
[2024-05-21T11:15:31.251+0200] {processor.py:840} INFO - DAG(s) 'example_subdag_operator.section-1', 'example_subdag_operator.section-2', 'example_subdag_operator' retrieved from /home/munya/anaconda3/lib/python3.11/site-packages/airflow/example_dags/example_subdag_operator.py
[2024-05-21T11:15:31.326+0200] {logging_mixin.py:188} INFO - [2024-05-21T11:15:31.325+0200] {dag.py:3096} INFO - Sync 3 DAGs
[2024-05-21T11:15:31.411+0200] {logging_mixin.py:188} INFO - [2024-05-21T11:15:31.410+0200] {dag.py:3954} INFO - Setting next_dagrun for example_subdag_operator to 2022-01-01 00:00:00+00:00, run_after=2022-01-01 00:00:00+00:00
[2024-05-21T11:15:31.426+0200] {logging_mixin.py:188} INFO - [2024-05-21T11:15:31.425+0200] {dag.py:3954} INFO - Setting next_dagrun for example_subdag_operator.section-1 to None, run_after=None
[2024-05-21T11:15:31.432+0200] {logging_mixin.py:188} INFO - [2024-05-21T11:15:31.431+0200] {dag.py:3954} INFO - Setting next_dagrun for example_subdag_operator.section-2 to None, run_after=None
[2024-05-21T11:15:31.454+0200] {logging_mixin.py:188} INFO - [2024-05-21T11:15:31.453+0200] {dag.py:3096} INFO - Sync 2 DAGs
[2024-05-21T11:15:31.471+0200] {logging_mixin.py:188} INFO - [2024-05-21T11:15:31.471+0200] {dag.py:3954} INFO - Setting next_dagrun for example_subdag_operator.section-1 to None, run_after=None
[2024-05-21T11:15:31.473+0200] {logging_mixin.py:188} INFO - [2024-05-21T11:15:31.473+0200] {dag.py:3954} INFO - Setting next_dagrun for example_subdag_operator.section-2 to None, run_after=None
[2024-05-21T11:15:31.519+0200] {processor.py:183} INFO - Processing /home/munya/anaconda3/lib/python3.11/site-packages/airflow/example_dags/example_subdag_operator.py took 0.395 seconds
[2024-05-21T11:16:49.956+0200] {processor.py:161} INFO - Started process (PID=123650) to work on /home/munya/anaconda3/lib/python3.11/site-packages/airflow/example_dags/example_subdag_operator.py
[2024-05-21T11:16:49.959+0200] {processor.py:830} INFO - Processing file /home/munya/anaconda3/lib/python3.11/site-packages/airflow/example_dags/example_subdag_operator.py for tasks to queue
[2024-05-21T11:16:49.962+0200] {logging_mixin.py:188} INFO - [2024-05-21T11:16:49.961+0200] {dagbag.py:545} INFO - Filling up the DagBag from /home/munya/anaconda3/lib/python3.11/site-packages/airflow/example_dags/example_subdag_operator.py
[2024-05-21T11:16:50.021+0200] {processor.py:840} INFO - DAG(s) 'example_subdag_operator.section-1', 'example_subdag_operator.section-2', 'example_subdag_operator' retrieved from /home/munya/anaconda3/lib/python3.11/site-packages/airflow/example_dags/example_subdag_operator.py
[2024-05-21T11:16:50.054+0200] {logging_mixin.py:188} INFO - [2024-05-21T11:16:50.054+0200] {dag.py:3096} INFO - Sync 3 DAGs
[2024-05-21T11:16:50.084+0200] {logging_mixin.py:188} INFO - [2024-05-21T11:16:50.084+0200] {dag.py:3954} INFO - Setting next_dagrun for example_subdag_operator to 2022-01-01 00:00:00+00:00, run_after=2022-01-01 00:00:00+00:00
[2024-05-21T11:16:50.089+0200] {logging_mixin.py:188} INFO - [2024-05-21T11:16:50.088+0200] {dag.py:3954} INFO - Setting next_dagrun for example_subdag_operator.section-1 to None, run_after=None
[2024-05-21T11:16:50.090+0200] {logging_mixin.py:188} INFO - [2024-05-21T11:16:50.090+0200] {dag.py:3954} INFO - Setting next_dagrun for example_subdag_operator.section-2 to None, run_after=None
[2024-05-21T11:16:50.098+0200] {logging_mixin.py:188} INFO - [2024-05-21T11:16:50.097+0200] {dag.py:3096} INFO - Sync 2 DAGs
[2024-05-21T11:16:50.103+0200] {logging_mixin.py:188} INFO - [2024-05-21T11:16:50.103+0200] {dag.py:3954} INFO - Setting next_dagrun for example_subdag_operator.section-1 to None, run_after=None
[2024-05-21T11:16:50.104+0200] {logging_mixin.py:188} INFO - [2024-05-21T11:16:50.104+0200] {dag.py:3954} INFO - Setting next_dagrun for example_subdag_operator.section-2 to None, run_after=None
[2024-05-21T11:16:50.124+0200] {processor.py:183} INFO - Processing /home/munya/anaconda3/lib/python3.11/site-packages/airflow/example_dags/example_subdag_operator.py took 0.193 seconds
[2024-05-21T11:18:09.109+0200] {processor.py:161} INFO - Started process (PID=124625) to work on /home/munya/anaconda3/lib/python3.11/site-packages/airflow/example_dags/example_subdag_operator.py
[2024-05-21T11:18:09.111+0200] {processor.py:830} INFO - Processing file /home/munya/anaconda3/lib/python3.11/site-packages/airflow/example_dags/example_subdag_operator.py for tasks to queue
[2024-05-21T11:18:09.112+0200] {logging_mixin.py:188} INFO - [2024-05-21T11:18:09.112+0200] {dagbag.py:545} INFO - Filling up the DagBag from /home/munya/anaconda3/lib/python3.11/site-packages/airflow/example_dags/example_subdag_operator.py
[2024-05-21T11:18:09.146+0200] {processor.py:840} INFO - DAG(s) 'example_subdag_operator.section-1', 'example_subdag_operator.section-2', 'example_subdag_operator' retrieved from /home/munya/anaconda3/lib/python3.11/site-packages/airflow/example_dags/example_subdag_operator.py
[2024-05-21T11:18:09.182+0200] {logging_mixin.py:188} INFO - [2024-05-21T11:18:09.181+0200] {dag.py:3096} INFO - Sync 3 DAGs
[2024-05-21T11:18:09.220+0200] {logging_mixin.py:188} INFO - [2024-05-21T11:18:09.220+0200] {dag.py:3954} INFO - Setting next_dagrun for example_subdag_operator to 2022-01-01 00:00:00+00:00, run_after=2022-01-01 00:00:00+00:00
[2024-05-21T11:18:09.226+0200] {logging_mixin.py:188} INFO - [2024-05-21T11:18:09.226+0200] {dag.py:3954} INFO - Setting next_dagrun for example_subdag_operator.section-1 to None, run_after=None
[2024-05-21T11:18:09.229+0200] {logging_mixin.py:188} INFO - [2024-05-21T11:18:09.228+0200] {dag.py:3954} INFO - Setting next_dagrun for example_subdag_operator.section-2 to None, run_after=None
[2024-05-21T11:18:09.240+0200] {logging_mixin.py:188} INFO - [2024-05-21T11:18:09.240+0200] {dag.py:3096} INFO - Sync 2 DAGs
[2024-05-21T11:18:09.249+0200] {logging_mixin.py:188} INFO - [2024-05-21T11:18:09.249+0200] {dag.py:3954} INFO - Setting next_dagrun for example_subdag_operator.section-1 to None, run_after=None
[2024-05-21T11:18:09.249+0200] {logging_mixin.py:188} INFO - [2024-05-21T11:18:09.249+0200] {dag.py:3954} INFO - Setting next_dagrun for example_subdag_operator.section-2 to None, run_after=None
[2024-05-21T11:18:09.275+0200] {processor.py:183} INFO - Processing /home/munya/anaconda3/lib/python3.11/site-packages/airflow/example_dags/example_subdag_operator.py took 0.177 seconds
[2024-05-21T11:19:29.288+0200] {processor.py:161} INFO - Started process (PID=125613) to work on /home/munya/anaconda3/lib/python3.11/site-packages/airflow/example_dags/example_subdag_operator.py
[2024-05-21T11:19:29.291+0200] {processor.py:830} INFO - Processing file /home/munya/anaconda3/lib/python3.11/site-packages/airflow/example_dags/example_subdag_operator.py for tasks to queue
[2024-05-21T11:19:29.294+0200] {logging_mixin.py:188} INFO - [2024-05-21T11:19:29.293+0200] {dagbag.py:545} INFO - Filling up the DagBag from /home/munya/anaconda3/lib/python3.11/site-packages/airflow/example_dags/example_subdag_operator.py
[2024-05-21T11:19:29.370+0200] {processor.py:840} INFO - DAG(s) 'example_subdag_operator.section-1', 'example_subdag_operator.section-2', 'example_subdag_operator' retrieved from /home/munya/anaconda3/lib/python3.11/site-packages/airflow/example_dags/example_subdag_operator.py
[2024-05-21T11:19:29.420+0200] {logging_mixin.py:188} INFO - [2024-05-21T11:19:29.419+0200] {dag.py:3096} INFO - Sync 3 DAGs
[2024-05-21T11:19:29.452+0200] {logging_mixin.py:188} INFO - [2024-05-21T11:19:29.452+0200] {dag.py:3954} INFO - Setting next_dagrun for example_subdag_operator to 2022-01-01 00:00:00+00:00, run_after=2022-01-01 00:00:00+00:00
[2024-05-21T11:19:29.456+0200] {logging_mixin.py:188} INFO - [2024-05-21T11:19:29.456+0200] {dag.py:3954} INFO - Setting next_dagrun for example_subdag_operator.section-1 to None, run_after=None
[2024-05-21T11:19:29.459+0200] {logging_mixin.py:188} INFO - [2024-05-21T11:19:29.458+0200] {dag.py:3954} INFO - Setting next_dagrun for example_subdag_operator.section-2 to None, run_after=None
[2024-05-21T11:19:29.466+0200] {logging_mixin.py:188} INFO - [2024-05-21T11:19:29.466+0200] {dag.py:3096} INFO - Sync 2 DAGs
[2024-05-21T11:19:29.472+0200] {logging_mixin.py:188} INFO - [2024-05-21T11:19:29.471+0200] {dag.py:3954} INFO - Setting next_dagrun for example_subdag_operator.section-1 to None, run_after=None
[2024-05-21T11:19:29.472+0200] {logging_mixin.py:188} INFO - [2024-05-21T11:19:29.472+0200] {dag.py:3954} INFO - Setting next_dagrun for example_subdag_operator.section-2 to None, run_after=None
[2024-05-21T11:19:29.487+0200] {processor.py:183} INFO - Processing /home/munya/anaconda3/lib/python3.11/site-packages/airflow/example_dags/example_subdag_operator.py took 0.224 seconds
[2024-05-21T11:20:47.610+0200] {processor.py:161} INFO - Started process (PID=126580) to work on /home/munya/anaconda3/lib/python3.11/site-packages/airflow/example_dags/example_subdag_operator.py
[2024-05-21T11:20:47.612+0200] {processor.py:830} INFO - Processing file /home/munya/anaconda3/lib/python3.11/site-packages/airflow/example_dags/example_subdag_operator.py for tasks to queue
[2024-05-21T11:20:47.614+0200] {logging_mixin.py:188} INFO - [2024-05-21T11:20:47.613+0200] {dagbag.py:545} INFO - Filling up the DagBag from /home/munya/anaconda3/lib/python3.11/site-packages/airflow/example_dags/example_subdag_operator.py
[2024-05-21T11:20:47.659+0200] {processor.py:840} INFO - DAG(s) 'example_subdag_operator.section-1', 'example_subdag_operator.section-2', 'example_subdag_operator' retrieved from /home/munya/anaconda3/lib/python3.11/site-packages/airflow/example_dags/example_subdag_operator.py
[2024-05-21T11:20:47.682+0200] {logging_mixin.py:188} INFO - [2024-05-21T11:20:47.682+0200] {dag.py:3096} INFO - Sync 3 DAGs
[2024-05-21T11:20:47.712+0200] {logging_mixin.py:188} INFO - [2024-05-21T11:20:47.712+0200] {dag.py:3954} INFO - Setting next_dagrun for example_subdag_operator to 2022-01-01 00:00:00+00:00, run_after=2022-01-01 00:00:00+00:00
[2024-05-21T11:20:47.719+0200] {logging_mixin.py:188} INFO - [2024-05-21T11:20:47.718+0200] {dag.py:3954} INFO - Setting next_dagrun for example_subdag_operator.section-1 to None, run_after=None
[2024-05-21T11:20:47.721+0200] {logging_mixin.py:188} INFO - [2024-05-21T11:20:47.721+0200] {dag.py:3954} INFO - Setting next_dagrun for example_subdag_operator.section-2 to None, run_after=None
[2024-05-21T11:20:47.732+0200] {logging_mixin.py:188} INFO - [2024-05-21T11:20:47.731+0200] {dag.py:3096} INFO - Sync 2 DAGs
[2024-05-21T11:20:47.740+0200] {logging_mixin.py:188} INFO - [2024-05-21T11:20:47.740+0200] {dag.py:3954} INFO - Setting next_dagrun for example_subdag_operator.section-1 to None, run_after=None
[2024-05-21T11:20:47.741+0200] {logging_mixin.py:188} INFO - [2024-05-21T11:20:47.741+0200] {dag.py:3954} INFO - Setting next_dagrun for example_subdag_operator.section-2 to None, run_after=None
[2024-05-21T11:20:47.768+0200] {processor.py:183} INFO - Processing /home/munya/anaconda3/lib/python3.11/site-packages/airflow/example_dags/example_subdag_operator.py took 0.170 seconds
[2024-05-21T11:22:11.260+0200] {processor.py:161} INFO - Started process (PID=127607) to work on /home/munya/anaconda3/lib/python3.11/site-packages/airflow/example_dags/example_subdag_operator.py
[2024-05-21T11:22:11.261+0200] {processor.py:830} INFO - Processing file /home/munya/anaconda3/lib/python3.11/site-packages/airflow/example_dags/example_subdag_operator.py for tasks to queue
[2024-05-21T11:22:11.263+0200] {logging_mixin.py:188} INFO - [2024-05-21T11:22:11.262+0200] {dagbag.py:545} INFO - Filling up the DagBag from /home/munya/anaconda3/lib/python3.11/site-packages/airflow/example_dags/example_subdag_operator.py
[2024-05-21T11:22:11.301+0200] {processor.py:840} INFO - DAG(s) 'example_subdag_operator.section-1', 'example_subdag_operator.section-2', 'example_subdag_operator' retrieved from /home/munya/anaconda3/lib/python3.11/site-packages/airflow/example_dags/example_subdag_operator.py
[2024-05-21T11:22:11.336+0200] {logging_mixin.py:188} INFO - [2024-05-21T11:22:11.336+0200] {dag.py:3096} INFO - Sync 3 DAGs
[2024-05-21T11:22:11.375+0200] {logging_mixin.py:188} INFO - [2024-05-21T11:22:11.374+0200] {dag.py:3954} INFO - Setting next_dagrun for example_subdag_operator to 2022-01-01 00:00:00+00:00, run_after=2022-01-01 00:00:00+00:00
[2024-05-21T11:22:11.381+0200] {logging_mixin.py:188} INFO - [2024-05-21T11:22:11.380+0200] {dag.py:3954} INFO - Setting next_dagrun for example_subdag_operator.section-1 to None, run_after=None
[2024-05-21T11:22:11.383+0200] {logging_mixin.py:188} INFO - [2024-05-21T11:22:11.383+0200] {dag.py:3954} INFO - Setting next_dagrun for example_subdag_operator.section-2 to None, run_after=None
[2024-05-21T11:22:11.394+0200] {logging_mixin.py:188} INFO - [2024-05-21T11:22:11.393+0200] {dag.py:3096} INFO - Sync 2 DAGs
[2024-05-21T11:22:11.402+0200] {logging_mixin.py:188} INFO - [2024-05-21T11:22:11.402+0200] {dag.py:3954} INFO - Setting next_dagrun for example_subdag_operator.section-1 to None, run_after=None
[2024-05-21T11:22:11.403+0200] {logging_mixin.py:188} INFO - [2024-05-21T11:22:11.402+0200] {dag.py:3954} INFO - Setting next_dagrun for example_subdag_operator.section-2 to None, run_after=None
[2024-05-21T11:22:11.430+0200] {processor.py:183} INFO - Processing /home/munya/anaconda3/lib/python3.11/site-packages/airflow/example_dags/example_subdag_operator.py took 0.182 seconds
[2024-05-21T11:23:28.465+0200] {processor.py:161} INFO - Started process (PID=128554) to work on /home/munya/anaconda3/lib/python3.11/site-packages/airflow/example_dags/example_subdag_operator.py
[2024-05-21T11:23:28.467+0200] {processor.py:830} INFO - Processing file /home/munya/anaconda3/lib/python3.11/site-packages/airflow/example_dags/example_subdag_operator.py for tasks to queue
[2024-05-21T11:23:28.469+0200] {logging_mixin.py:188} INFO - [2024-05-21T11:23:28.468+0200] {dagbag.py:545} INFO - Filling up the DagBag from /home/munya/anaconda3/lib/python3.11/site-packages/airflow/example_dags/example_subdag_operator.py
[2024-05-21T11:23:28.511+0200] {processor.py:840} INFO - DAG(s) 'example_subdag_operator.section-1', 'example_subdag_operator.section-2', 'example_subdag_operator' retrieved from /home/munya/anaconda3/lib/python3.11/site-packages/airflow/example_dags/example_subdag_operator.py
[2024-05-21T11:23:28.545+0200] {logging_mixin.py:188} INFO - [2024-05-21T11:23:28.545+0200] {dag.py:3096} INFO - Sync 3 DAGs
[2024-05-21T11:23:28.585+0200] {logging_mixin.py:188} INFO - [2024-05-21T11:23:28.584+0200] {dag.py:3954} INFO - Setting next_dagrun for example_subdag_operator to 2022-01-01 00:00:00+00:00, run_after=2022-01-01 00:00:00+00:00
[2024-05-21T11:23:28.592+0200] {logging_mixin.py:188} INFO - [2024-05-21T11:23:28.591+0200] {dag.py:3954} INFO - Setting next_dagrun for example_subdag_operator.section-1 to None, run_after=None
[2024-05-21T11:23:28.594+0200] {logging_mixin.py:188} INFO - [2024-05-21T11:23:28.594+0200] {dag.py:3954} INFO - Setting next_dagrun for example_subdag_operator.section-2 to None, run_after=None
[2024-05-21T11:23:28.605+0200] {logging_mixin.py:188} INFO - [2024-05-21T11:23:28.604+0200] {dag.py:3096} INFO - Sync 2 DAGs
[2024-05-21T11:23:28.613+0200] {logging_mixin.py:188} INFO - [2024-05-21T11:23:28.612+0200] {dag.py:3954} INFO - Setting next_dagrun for example_subdag_operator.section-1 to None, run_after=None
[2024-05-21T11:23:28.613+0200] {logging_mixin.py:188} INFO - [2024-05-21T11:23:28.613+0200] {dag.py:3954} INFO - Setting next_dagrun for example_subdag_operator.section-2 to None, run_after=None
[2024-05-21T11:23:28.637+0200] {processor.py:183} INFO - Processing /home/munya/anaconda3/lib/python3.11/site-packages/airflow/example_dags/example_subdag_operator.py took 0.186 seconds
[2024-05-21T11:24:48.525+0200] {processor.py:161} INFO - Started process (PID=129605) to work on /home/munya/anaconda3/lib/python3.11/site-packages/airflow/example_dags/example_subdag_operator.py
[2024-05-21T11:24:48.528+0200] {processor.py:830} INFO - Processing file /home/munya/anaconda3/lib/python3.11/site-packages/airflow/example_dags/example_subdag_operator.py for tasks to queue
[2024-05-21T11:24:48.531+0200] {logging_mixin.py:188} INFO - [2024-05-21T11:24:48.530+0200] {dagbag.py:545} INFO - Filling up the DagBag from /home/munya/anaconda3/lib/python3.11/site-packages/airflow/example_dags/example_subdag_operator.py
[2024-05-21T11:24:48.599+0200] {processor.py:840} INFO - DAG(s) 'example_subdag_operator.section-1', 'example_subdag_operator.section-2', 'example_subdag_operator' retrieved from /home/munya/anaconda3/lib/python3.11/site-packages/airflow/example_dags/example_subdag_operator.py
[2024-05-21T11:24:48.663+0200] {logging_mixin.py:188} INFO - [2024-05-21T11:24:48.663+0200] {dag.py:3096} INFO - Sync 3 DAGs
[2024-05-21T11:24:48.722+0200] {logging_mixin.py:188} INFO - [2024-05-21T11:24:48.722+0200] {dag.py:3954} INFO - Setting next_dagrun for example_subdag_operator to 2022-01-01 00:00:00+00:00, run_after=2022-01-01 00:00:00+00:00
[2024-05-21T11:24:48.727+0200] {logging_mixin.py:188} INFO - [2024-05-21T11:24:48.727+0200] {dag.py:3954} INFO - Setting next_dagrun for example_subdag_operator.section-1 to None, run_after=None
[2024-05-21T11:24:48.729+0200] {logging_mixin.py:188} INFO - [2024-05-21T11:24:48.729+0200] {dag.py:3954} INFO - Setting next_dagrun for example_subdag_operator.section-2 to None, run_after=None
[2024-05-21T11:24:48.739+0200] {logging_mixin.py:188} INFO - [2024-05-21T11:24:48.738+0200] {dag.py:3096} INFO - Sync 2 DAGs
[2024-05-21T11:24:48.746+0200] {logging_mixin.py:188} INFO - [2024-05-21T11:24:48.746+0200] {dag.py:3954} INFO - Setting next_dagrun for example_subdag_operator.section-1 to None, run_after=None
[2024-05-21T11:24:48.746+0200] {logging_mixin.py:188} INFO - [2024-05-21T11:24:48.746+0200] {dag.py:3954} INFO - Setting next_dagrun for example_subdag_operator.section-2 to None, run_after=None
[2024-05-21T11:24:48.767+0200] {processor.py:183} INFO - Processing /home/munya/anaconda3/lib/python3.11/site-packages/airflow/example_dags/example_subdag_operator.py took 0.267 seconds
[2024-05-21T11:26:17.653+0200] {processor.py:161} INFO - Started process (PID=130726) to work on /home/munya/anaconda3/lib/python3.11/site-packages/airflow/example_dags/example_subdag_operator.py
[2024-05-21T11:26:17.655+0200] {processor.py:830} INFO - Processing file /home/munya/anaconda3/lib/python3.11/site-packages/airflow/example_dags/example_subdag_operator.py for tasks to queue
[2024-05-21T11:26:17.656+0200] {logging_mixin.py:188} INFO - [2024-05-21T11:26:17.656+0200] {dagbag.py:545} INFO - Filling up the DagBag from /home/munya/anaconda3/lib/python3.11/site-packages/airflow/example_dags/example_subdag_operator.py
[2024-05-21T11:26:17.696+0200] {processor.py:840} INFO - DAG(s) 'example_subdag_operator.section-1', 'example_subdag_operator.section-2', 'example_subdag_operator' retrieved from /home/munya/anaconda3/lib/python3.11/site-packages/airflow/example_dags/example_subdag_operator.py
[2024-05-21T11:26:17.737+0200] {logging_mixin.py:188} INFO - [2024-05-21T11:26:17.737+0200] {dag.py:3096} INFO - Sync 3 DAGs
[2024-05-21T11:26:17.977+0200] {logging_mixin.py:188} INFO - [2024-05-21T11:26:17.976+0200] {dag.py:3954} INFO - Setting next_dagrun for example_subdag_operator to 2022-01-01 00:00:00+00:00, run_after=2022-01-01 00:00:00+00:00
[2024-05-21T11:26:17.984+0200] {logging_mixin.py:188} INFO - [2024-05-21T11:26:17.983+0200] {dag.py:3954} INFO - Setting next_dagrun for example_subdag_operator.section-1 to None, run_after=None
[2024-05-21T11:26:17.986+0200] {logging_mixin.py:188} INFO - [2024-05-21T11:26:17.986+0200] {dag.py:3954} INFO - Setting next_dagrun for example_subdag_operator.section-2 to None, run_after=None
[2024-05-21T11:26:17.997+0200] {logging_mixin.py:188} INFO - [2024-05-21T11:26:17.997+0200] {dag.py:3096} INFO - Sync 2 DAGs
[2024-05-21T11:26:18.006+0200] {logging_mixin.py:188} INFO - [2024-05-21T11:26:18.005+0200] {dag.py:3954} INFO - Setting next_dagrun for example_subdag_operator.section-1 to None, run_after=None
[2024-05-21T11:26:18.007+0200] {logging_mixin.py:188} INFO - [2024-05-21T11:26:18.006+0200] {dag.py:3954} INFO - Setting next_dagrun for example_subdag_operator.section-2 to None, run_after=None
[2024-05-21T11:26:18.032+0200] {processor.py:183} INFO - Processing /home/munya/anaconda3/lib/python3.11/site-packages/airflow/example_dags/example_subdag_operator.py took 0.392 seconds
[2024-05-21T11:27:47.487+0200] {processor.py:161} INFO - Started process (PID=131891) to work on /home/munya/anaconda3/lib/python3.11/site-packages/airflow/example_dags/example_subdag_operator.py
[2024-05-21T11:27:47.490+0200] {processor.py:830} INFO - Processing file /home/munya/anaconda3/lib/python3.11/site-packages/airflow/example_dags/example_subdag_operator.py for tasks to queue
[2024-05-21T11:27:47.492+0200] {logging_mixin.py:188} INFO - [2024-05-21T11:27:47.491+0200] {dagbag.py:545} INFO - Filling up the DagBag from /home/munya/anaconda3/lib/python3.11/site-packages/airflow/example_dags/example_subdag_operator.py
[2024-05-21T11:27:47.539+0200] {processor.py:840} INFO - DAG(s) 'example_subdag_operator.section-1', 'example_subdag_operator.section-2', 'example_subdag_operator' retrieved from /home/munya/anaconda3/lib/python3.11/site-packages/airflow/example_dags/example_subdag_operator.py
[2024-05-21T11:27:47.573+0200] {logging_mixin.py:188} INFO - [2024-05-21T11:27:47.573+0200] {dag.py:3096} INFO - Sync 3 DAGs
[2024-05-21T11:27:47.800+0200] {logging_mixin.py:188} INFO - [2024-05-21T11:27:47.800+0200] {dag.py:3954} INFO - Setting next_dagrun for example_subdag_operator to 2022-01-01 00:00:00+00:00, run_after=2022-01-01 00:00:00+00:00
[2024-05-21T11:27:47.808+0200] {logging_mixin.py:188} INFO - [2024-05-21T11:27:47.807+0200] {dag.py:3954} INFO - Setting next_dagrun for example_subdag_operator.section-1 to None, run_after=None
[2024-05-21T11:27:47.810+0200] {logging_mixin.py:188} INFO - [2024-05-21T11:27:47.809+0200] {dag.py:3954} INFO - Setting next_dagrun for example_subdag_operator.section-2 to None, run_after=None
[2024-05-21T11:27:47.819+0200] {logging_mixin.py:188} INFO - [2024-05-21T11:27:47.819+0200] {dag.py:3096} INFO - Sync 2 DAGs
[2024-05-21T11:27:47.827+0200] {logging_mixin.py:188} INFO - [2024-05-21T11:27:47.827+0200] {dag.py:3954} INFO - Setting next_dagrun for example_subdag_operator.section-1 to None, run_after=None
[2024-05-21T11:27:47.828+0200] {logging_mixin.py:188} INFO - [2024-05-21T11:27:47.828+0200] {dag.py:3954} INFO - Setting next_dagrun for example_subdag_operator.section-2 to None, run_after=None
[2024-05-21T11:27:47.847+0200] {processor.py:183} INFO - Processing /home/munya/anaconda3/lib/python3.11/site-packages/airflow/example_dags/example_subdag_operator.py took 0.376 seconds
[2024-05-21T11:29:10.492+0200] {processor.py:161} INFO - Started process (PID=132949) to work on /home/munya/anaconda3/lib/python3.11/site-packages/airflow/example_dags/example_subdag_operator.py
[2024-05-21T11:29:10.496+0200] {processor.py:830} INFO - Processing file /home/munya/anaconda3/lib/python3.11/site-packages/airflow/example_dags/example_subdag_operator.py for tasks to queue
[2024-05-21T11:29:10.500+0200] {logging_mixin.py:188} INFO - [2024-05-21T11:29:10.498+0200] {dagbag.py:545} INFO - Filling up the DagBag from /home/munya/anaconda3/lib/python3.11/site-packages/airflow/example_dags/example_subdag_operator.py
[2024-05-21T11:29:10.590+0200] {processor.py:840} INFO - DAG(s) 'example_subdag_operator.section-1', 'example_subdag_operator.section-2', 'example_subdag_operator' retrieved from /home/munya/anaconda3/lib/python3.11/site-packages/airflow/example_dags/example_subdag_operator.py
[2024-05-21T11:29:10.629+0200] {logging_mixin.py:188} INFO - [2024-05-21T11:29:10.629+0200] {dag.py:3096} INFO - Sync 3 DAGs
[2024-05-21T11:29:10.674+0200] {logging_mixin.py:188} INFO - [2024-05-21T11:29:10.673+0200] {dag.py:3954} INFO - Setting next_dagrun for example_subdag_operator to 2022-01-01 00:00:00+00:00, run_after=2022-01-01 00:00:00+00:00
[2024-05-21T11:29:10.681+0200] {logging_mixin.py:188} INFO - [2024-05-21T11:29:10.680+0200] {dag.py:3954} INFO - Setting next_dagrun for example_subdag_operator.section-1 to None, run_after=None
[2024-05-21T11:29:10.683+0200] {logging_mixin.py:188} INFO - [2024-05-21T11:29:10.682+0200] {dag.py:3954} INFO - Setting next_dagrun for example_subdag_operator.section-2 to None, run_after=None
[2024-05-21T11:29:10.695+0200] {logging_mixin.py:188} INFO - [2024-05-21T11:29:10.695+0200] {dag.py:3096} INFO - Sync 2 DAGs
[2024-05-21T11:29:10.701+0200] {logging_mixin.py:188} INFO - [2024-05-21T11:29:10.701+0200] {dag.py:3954} INFO - Setting next_dagrun for example_subdag_operator.section-1 to None, run_after=None
[2024-05-21T11:29:10.702+0200] {logging_mixin.py:188} INFO - [2024-05-21T11:29:10.702+0200] {dag.py:3954} INFO - Setting next_dagrun for example_subdag_operator.section-2 to None, run_after=None
[2024-05-21T11:29:10.726+0200] {processor.py:183} INFO - Processing /home/munya/anaconda3/lib/python3.11/site-packages/airflow/example_dags/example_subdag_operator.py took 0.262 seconds
[2024-05-21T11:30:33.374+0200] {processor.py:161} INFO - Started process (PID=133962) to work on /home/munya/anaconda3/lib/python3.11/site-packages/airflow/example_dags/example_subdag_operator.py
[2024-05-21T11:30:33.376+0200] {processor.py:830} INFO - Processing file /home/munya/anaconda3/lib/python3.11/site-packages/airflow/example_dags/example_subdag_operator.py for tasks to queue
[2024-05-21T11:30:33.378+0200] {logging_mixin.py:188} INFO - [2024-05-21T11:30:33.377+0200] {dagbag.py:545} INFO - Filling up the DagBag from /home/munya/anaconda3/lib/python3.11/site-packages/airflow/example_dags/example_subdag_operator.py
[2024-05-21T11:30:33.418+0200] {processor.py:840} INFO - DAG(s) 'example_subdag_operator.section-1', 'example_subdag_operator.section-2', 'example_subdag_operator' retrieved from /home/munya/anaconda3/lib/python3.11/site-packages/airflow/example_dags/example_subdag_operator.py
[2024-05-21T11:30:33.453+0200] {logging_mixin.py:188} INFO - [2024-05-21T11:30:33.452+0200] {dag.py:3096} INFO - Sync 3 DAGs
[2024-05-21T11:30:33.495+0200] {logging_mixin.py:188} INFO - [2024-05-21T11:30:33.494+0200] {dag.py:3954} INFO - Setting next_dagrun for example_subdag_operator to 2022-01-01 00:00:00+00:00, run_after=2022-01-01 00:00:00+00:00
[2024-05-21T11:30:33.501+0200] {logging_mixin.py:188} INFO - [2024-05-21T11:30:33.501+0200] {dag.py:3954} INFO - Setting next_dagrun for example_subdag_operator.section-1 to None, run_after=None
[2024-05-21T11:30:33.503+0200] {logging_mixin.py:188} INFO - [2024-05-21T11:30:33.503+0200] {dag.py:3954} INFO - Setting next_dagrun for example_subdag_operator.section-2 to None, run_after=None
[2024-05-21T11:30:33.513+0200] {logging_mixin.py:188} INFO - [2024-05-21T11:30:33.513+0200] {dag.py:3096} INFO - Sync 2 DAGs
[2024-05-21T11:30:33.521+0200] {logging_mixin.py:188} INFO - [2024-05-21T11:30:33.521+0200] {dag.py:3954} INFO - Setting next_dagrun for example_subdag_operator.section-1 to None, run_after=None
[2024-05-21T11:30:33.522+0200] {logging_mixin.py:188} INFO - [2024-05-21T11:30:33.522+0200] {dag.py:3954} INFO - Setting next_dagrun for example_subdag_operator.section-2 to None, run_after=None
[2024-05-21T11:30:33.543+0200] {processor.py:183} INFO - Processing /home/munya/anaconda3/lib/python3.11/site-packages/airflow/example_dags/example_subdag_operator.py took 0.183 seconds
[2024-05-21T11:31:57.530+0200] {processor.py:161} INFO - Started process (PID=134984) to work on /home/munya/anaconda3/lib/python3.11/site-packages/airflow/example_dags/example_subdag_operator.py
[2024-05-21T11:31:57.533+0200] {processor.py:830} INFO - Processing file /home/munya/anaconda3/lib/python3.11/site-packages/airflow/example_dags/example_subdag_operator.py for tasks to queue
[2024-05-21T11:31:57.536+0200] {logging_mixin.py:188} INFO - [2024-05-21T11:31:57.535+0200] {dagbag.py:545} INFO - Filling up the DagBag from /home/munya/anaconda3/lib/python3.11/site-packages/airflow/example_dags/example_subdag_operator.py
[2024-05-21T11:31:57.621+0200] {processor.py:840} INFO - DAG(s) 'example_subdag_operator.section-1', 'example_subdag_operator.section-2', 'example_subdag_operator' retrieved from /home/munya/anaconda3/lib/python3.11/site-packages/airflow/example_dags/example_subdag_operator.py
[2024-05-21T11:31:57.695+0200] {logging_mixin.py:188} INFO - [2024-05-21T11:31:57.694+0200] {dag.py:3096} INFO - Sync 3 DAGs
[2024-05-21T11:31:57.770+0200] {logging_mixin.py:188} INFO - [2024-05-21T11:31:57.770+0200] {dag.py:3954} INFO - Setting next_dagrun for example_subdag_operator to 2022-01-01 00:00:00+00:00, run_after=2022-01-01 00:00:00+00:00
[2024-05-21T11:31:57.777+0200] {logging_mixin.py:188} INFO - [2024-05-21T11:31:57.776+0200] {dag.py:3954} INFO - Setting next_dagrun for example_subdag_operator.section-1 to None, run_after=None
[2024-05-21T11:31:57.779+0200] {logging_mixin.py:188} INFO - [2024-05-21T11:31:57.778+0200] {dag.py:3954} INFO - Setting next_dagrun for example_subdag_operator.section-2 to None, run_after=None
[2024-05-21T11:31:57.789+0200] {logging_mixin.py:188} INFO - [2024-05-21T11:31:57.788+0200] {dag.py:3096} INFO - Sync 2 DAGs
[2024-05-21T11:31:57.797+0200] {logging_mixin.py:188} INFO - [2024-05-21T11:31:57.796+0200] {dag.py:3954} INFO - Setting next_dagrun for example_subdag_operator.section-1 to None, run_after=None
[2024-05-21T11:31:57.797+0200] {logging_mixin.py:188} INFO - [2024-05-21T11:31:57.797+0200] {dag.py:3954} INFO - Setting next_dagrun for example_subdag_operator.section-2 to None, run_after=None
[2024-05-21T11:31:57.822+0200] {processor.py:183} INFO - Processing /home/munya/anaconda3/lib/python3.11/site-packages/airflow/example_dags/example_subdag_operator.py took 0.317 seconds
[2024-05-21T11:33:15.037+0200] {processor.py:161} INFO - Started process (PID=135916) to work on /home/munya/anaconda3/lib/python3.11/site-packages/airflow/example_dags/example_subdag_operator.py
[2024-05-21T11:33:15.038+0200] {processor.py:830} INFO - Processing file /home/munya/anaconda3/lib/python3.11/site-packages/airflow/example_dags/example_subdag_operator.py for tasks to queue
[2024-05-21T11:33:15.039+0200] {logging_mixin.py:188} INFO - [2024-05-21T11:33:15.039+0200] {dagbag.py:545} INFO - Filling up the DagBag from /home/munya/anaconda3/lib/python3.11/site-packages/airflow/example_dags/example_subdag_operator.py
[2024-05-21T11:33:15.086+0200] {processor.py:840} INFO - DAG(s) 'example_subdag_operator.section-1', 'example_subdag_operator.section-2', 'example_subdag_operator' retrieved from /home/munya/anaconda3/lib/python3.11/site-packages/airflow/example_dags/example_subdag_operator.py
[2024-05-21T11:33:15.134+0200] {logging_mixin.py:188} INFO - [2024-05-21T11:33:15.134+0200] {dag.py:3096} INFO - Sync 3 DAGs
[2024-05-21T11:33:15.168+0200] {logging_mixin.py:188} INFO - [2024-05-21T11:33:15.168+0200] {dag.py:3954} INFO - Setting next_dagrun for example_subdag_operator to 2022-01-01 00:00:00+00:00, run_after=2022-01-01 00:00:00+00:00
[2024-05-21T11:33:15.174+0200] {logging_mixin.py:188} INFO - [2024-05-21T11:33:15.174+0200] {dag.py:3954} INFO - Setting next_dagrun for example_subdag_operator.section-1 to None, run_after=None
[2024-05-21T11:33:15.176+0200] {logging_mixin.py:188} INFO - [2024-05-21T11:33:15.176+0200] {dag.py:3954} INFO - Setting next_dagrun for example_subdag_operator.section-2 to None, run_after=None
[2024-05-21T11:33:15.184+0200] {logging_mixin.py:188} INFO - [2024-05-21T11:33:15.183+0200] {dag.py:3096} INFO - Sync 2 DAGs
[2024-05-21T11:33:15.190+0200] {logging_mixin.py:188} INFO - [2024-05-21T11:33:15.190+0200] {dag.py:3954} INFO - Setting next_dagrun for example_subdag_operator.section-1 to None, run_after=None
[2024-05-21T11:33:15.191+0200] {logging_mixin.py:188} INFO - [2024-05-21T11:33:15.191+0200] {dag.py:3954} INFO - Setting next_dagrun for example_subdag_operator.section-2 to None, run_after=None
[2024-05-21T11:33:15.208+0200] {processor.py:183} INFO - Processing /home/munya/anaconda3/lib/python3.11/site-packages/airflow/example_dags/example_subdag_operator.py took 0.183 seconds
[2024-05-21T11:34:33.355+0200] {processor.py:161} INFO - Started process (PID=136921) to work on /home/munya/anaconda3/lib/python3.11/site-packages/airflow/example_dags/example_subdag_operator.py
[2024-05-21T11:34:33.358+0200] {processor.py:830} INFO - Processing file /home/munya/anaconda3/lib/python3.11/site-packages/airflow/example_dags/example_subdag_operator.py for tasks to queue
[2024-05-21T11:34:33.361+0200] {logging_mixin.py:188} INFO - [2024-05-21T11:34:33.360+0200] {dagbag.py:545} INFO - Filling up the DagBag from /home/munya/anaconda3/lib/python3.11/site-packages/airflow/example_dags/example_subdag_operator.py
[2024-05-21T11:34:33.433+0200] {processor.py:840} INFO - DAG(s) 'example_subdag_operator.section-1', 'example_subdag_operator.section-2', 'example_subdag_operator' retrieved from /home/munya/anaconda3/lib/python3.11/site-packages/airflow/example_dags/example_subdag_operator.py
[2024-05-21T11:34:33.466+0200] {logging_mixin.py:188} INFO - [2024-05-21T11:34:33.466+0200] {dag.py:3096} INFO - Sync 3 DAGs
[2024-05-21T11:34:33.495+0200] {logging_mixin.py:188} INFO - [2024-05-21T11:34:33.495+0200] {dag.py:3954} INFO - Setting next_dagrun for example_subdag_operator to 2022-01-01 00:00:00+00:00, run_after=2022-01-01 00:00:00+00:00
[2024-05-21T11:34:33.503+0200] {logging_mixin.py:188} INFO - [2024-05-21T11:34:33.502+0200] {dag.py:3954} INFO - Setting next_dagrun for example_subdag_operator.section-1 to None, run_after=None
[2024-05-21T11:34:33.505+0200] {logging_mixin.py:188} INFO - [2024-05-21T11:34:33.504+0200] {dag.py:3954} INFO - Setting next_dagrun for example_subdag_operator.section-2 to None, run_after=None
[2024-05-21T11:34:33.514+0200] {logging_mixin.py:188} INFO - [2024-05-21T11:34:33.514+0200] {dag.py:3096} INFO - Sync 2 DAGs
[2024-05-21T11:34:33.520+0200] {logging_mixin.py:188} INFO - [2024-05-21T11:34:33.519+0200] {dag.py:3954} INFO - Setting next_dagrun for example_subdag_operator.section-1 to None, run_after=None
[2024-05-21T11:34:33.520+0200] {logging_mixin.py:188} INFO - [2024-05-21T11:34:33.520+0200] {dag.py:3954} INFO - Setting next_dagrun for example_subdag_operator.section-2 to None, run_after=None
[2024-05-21T11:34:33.536+0200] {processor.py:183} INFO - Processing /home/munya/anaconda3/lib/python3.11/site-packages/airflow/example_dags/example_subdag_operator.py took 0.205 seconds
[2024-05-21T11:35:50.781+0200] {processor.py:161} INFO - Started process (PID=137870) to work on /home/munya/anaconda3/lib/python3.11/site-packages/airflow/example_dags/example_subdag_operator.py
[2024-05-21T11:35:50.784+0200] {processor.py:830} INFO - Processing file /home/munya/anaconda3/lib/python3.11/site-packages/airflow/example_dags/example_subdag_operator.py for tasks to queue
[2024-05-21T11:35:50.787+0200] {logging_mixin.py:188} INFO - [2024-05-21T11:35:50.786+0200] {dagbag.py:545} INFO - Filling up the DagBag from /home/munya/anaconda3/lib/python3.11/site-packages/airflow/example_dags/example_subdag_operator.py
[2024-05-21T11:35:50.827+0200] {processor.py:840} INFO - DAG(s) 'example_subdag_operator.section-1', 'example_subdag_operator.section-2', 'example_subdag_operator' retrieved from /home/munya/anaconda3/lib/python3.11/site-packages/airflow/example_dags/example_subdag_operator.py
[2024-05-21T11:35:50.858+0200] {logging_mixin.py:188} INFO - [2024-05-21T11:35:50.857+0200] {dag.py:3096} INFO - Sync 3 DAGs
[2024-05-21T11:35:50.895+0200] {logging_mixin.py:188} INFO - [2024-05-21T11:35:50.894+0200] {dag.py:3954} INFO - Setting next_dagrun for example_subdag_operator to 2022-01-01 00:00:00+00:00, run_after=2022-01-01 00:00:00+00:00
[2024-05-21T11:35:50.902+0200] {logging_mixin.py:188} INFO - [2024-05-21T11:35:50.901+0200] {dag.py:3954} INFO - Setting next_dagrun for example_subdag_operator.section-1 to None, run_after=None
[2024-05-21T11:35:50.905+0200] {logging_mixin.py:188} INFO - [2024-05-21T11:35:50.904+0200] {dag.py:3954} INFO - Setting next_dagrun for example_subdag_operator.section-2 to None, run_after=None
[2024-05-21T11:35:50.914+0200] {logging_mixin.py:188} INFO - [2024-05-21T11:35:50.913+0200] {dag.py:3096} INFO - Sync 2 DAGs
[2024-05-21T11:35:50.922+0200] {logging_mixin.py:188} INFO - [2024-05-21T11:35:50.921+0200] {dag.py:3954} INFO - Setting next_dagrun for example_subdag_operator.section-1 to None, run_after=None
[2024-05-21T11:35:50.922+0200] {logging_mixin.py:188} INFO - [2024-05-21T11:35:50.922+0200] {dag.py:3954} INFO - Setting next_dagrun for example_subdag_operator.section-2 to None, run_after=None
[2024-05-21T11:35:50.946+0200] {processor.py:183} INFO - Processing /home/munya/anaconda3/lib/python3.11/site-packages/airflow/example_dags/example_subdag_operator.py took 0.190 seconds
[2024-05-21T11:37:09.849+0200] {processor.py:161} INFO - Started process (PID=138833) to work on /home/munya/anaconda3/lib/python3.11/site-packages/airflow/example_dags/example_subdag_operator.py
[2024-05-21T11:37:09.850+0200] {processor.py:830} INFO - Processing file /home/munya/anaconda3/lib/python3.11/site-packages/airflow/example_dags/example_subdag_operator.py for tasks to queue
[2024-05-21T11:37:09.852+0200] {logging_mixin.py:188} INFO - [2024-05-21T11:37:09.851+0200] {dagbag.py:545} INFO - Filling up the DagBag from /home/munya/anaconda3/lib/python3.11/site-packages/airflow/example_dags/example_subdag_operator.py
[2024-05-21T11:37:09.890+0200] {processor.py:840} INFO - DAG(s) 'example_subdag_operator.section-1', 'example_subdag_operator.section-2', 'example_subdag_operator' retrieved from /home/munya/anaconda3/lib/python3.11/site-packages/airflow/example_dags/example_subdag_operator.py
[2024-05-21T11:37:09.921+0200] {logging_mixin.py:188} INFO - [2024-05-21T11:37:09.921+0200] {dag.py:3096} INFO - Sync 3 DAGs
[2024-05-21T11:37:09.964+0200] {logging_mixin.py:188} INFO - [2024-05-21T11:37:09.963+0200] {dag.py:3954} INFO - Setting next_dagrun for example_subdag_operator to 2022-01-01 00:00:00+00:00, run_after=2022-01-01 00:00:00+00:00
[2024-05-21T11:37:09.971+0200] {logging_mixin.py:188} INFO - [2024-05-21T11:37:09.970+0200] {dag.py:3954} INFO - Setting next_dagrun for example_subdag_operator.section-1 to None, run_after=None
[2024-05-21T11:37:09.973+0200] {logging_mixin.py:188} INFO - [2024-05-21T11:37:09.973+0200] {dag.py:3954} INFO - Setting next_dagrun for example_subdag_operator.section-2 to None, run_after=None
[2024-05-21T11:37:09.984+0200] {logging_mixin.py:188} INFO - [2024-05-21T11:37:09.984+0200] {dag.py:3096} INFO - Sync 2 DAGs
[2024-05-21T11:37:09.993+0200] {logging_mixin.py:188} INFO - [2024-05-21T11:37:09.993+0200] {dag.py:3954} INFO - Setting next_dagrun for example_subdag_operator.section-1 to None, run_after=None
[2024-05-21T11:37:09.994+0200] {logging_mixin.py:188} INFO - [2024-05-21T11:37:09.994+0200] {dag.py:3954} INFO - Setting next_dagrun for example_subdag_operator.section-2 to None, run_after=None
[2024-05-21T11:37:10.018+0200] {processor.py:183} INFO - Processing /home/munya/anaconda3/lib/python3.11/site-packages/airflow/example_dags/example_subdag_operator.py took 0.178 seconds
[2024-05-21T11:38:26.183+0200] {processor.py:161} INFO - Started process (PID=139811) to work on /home/munya/anaconda3/lib/python3.11/site-packages/airflow/example_dags/example_subdag_operator.py
[2024-05-21T11:38:26.184+0200] {processor.py:830} INFO - Processing file /home/munya/anaconda3/lib/python3.11/site-packages/airflow/example_dags/example_subdag_operator.py for tasks to queue
[2024-05-21T11:38:26.186+0200] {logging_mixin.py:188} INFO - [2024-05-21T11:38:26.185+0200] {dagbag.py:545} INFO - Filling up the DagBag from /home/munya/anaconda3/lib/python3.11/site-packages/airflow/example_dags/example_subdag_operator.py
[2024-05-21T11:38:26.222+0200] {processor.py:840} INFO - DAG(s) 'example_subdag_operator.section-1', 'example_subdag_operator.section-2', 'example_subdag_operator' retrieved from /home/munya/anaconda3/lib/python3.11/site-packages/airflow/example_dags/example_subdag_operator.py
[2024-05-21T11:38:26.244+0200] {logging_mixin.py:188} INFO - [2024-05-21T11:38:26.244+0200] {dag.py:3096} INFO - Sync 3 DAGs
[2024-05-21T11:38:26.270+0200] {logging_mixin.py:188} INFO - [2024-05-21T11:38:26.270+0200] {dag.py:3954} INFO - Setting next_dagrun for example_subdag_operator to 2022-01-01 00:00:00+00:00, run_after=2022-01-01 00:00:00+00:00
[2024-05-21T11:38:26.275+0200] {logging_mixin.py:188} INFO - [2024-05-21T11:38:26.275+0200] {dag.py:3954} INFO - Setting next_dagrun for example_subdag_operator.section-1 to None, run_after=None
[2024-05-21T11:38:26.277+0200] {logging_mixin.py:188} INFO - [2024-05-21T11:38:26.276+0200] {dag.py:3954} INFO - Setting next_dagrun for example_subdag_operator.section-2 to None, run_after=None
[2024-05-21T11:38:26.284+0200] {logging_mixin.py:188} INFO - [2024-05-21T11:38:26.284+0200] {dag.py:3096} INFO - Sync 2 DAGs
[2024-05-21T11:38:26.289+0200] {logging_mixin.py:188} INFO - [2024-05-21T11:38:26.289+0200] {dag.py:3954} INFO - Setting next_dagrun for example_subdag_operator.section-1 to None, run_after=None
[2024-05-21T11:38:26.289+0200] {logging_mixin.py:188} INFO - [2024-05-21T11:38:26.289+0200] {dag.py:3954} INFO - Setting next_dagrun for example_subdag_operator.section-2 to None, run_after=None
[2024-05-21T11:38:26.306+0200] {processor.py:183} INFO - Processing /home/munya/anaconda3/lib/python3.11/site-packages/airflow/example_dags/example_subdag_operator.py took 0.134 seconds
[2024-05-21T11:39:44.428+0200] {processor.py:161} INFO - Started process (PID=140792) to work on /home/munya/anaconda3/lib/python3.11/site-packages/airflow/example_dags/example_subdag_operator.py
[2024-05-21T11:39:44.429+0200] {processor.py:830} INFO - Processing file /home/munya/anaconda3/lib/python3.11/site-packages/airflow/example_dags/example_subdag_operator.py for tasks to queue
[2024-05-21T11:39:44.431+0200] {logging_mixin.py:188} INFO - [2024-05-21T11:39:44.430+0200] {dagbag.py:545} INFO - Filling up the DagBag from /home/munya/anaconda3/lib/python3.11/site-packages/airflow/example_dags/example_subdag_operator.py
[2024-05-21T11:39:44.471+0200] {processor.py:840} INFO - DAG(s) 'example_subdag_operator.section-1', 'example_subdag_operator.section-2', 'example_subdag_operator' retrieved from /home/munya/anaconda3/lib/python3.11/site-packages/airflow/example_dags/example_subdag_operator.py
[2024-05-21T11:39:44.506+0200] {logging_mixin.py:188} INFO - [2024-05-21T11:39:44.505+0200] {dag.py:3096} INFO - Sync 3 DAGs
[2024-05-21T11:39:44.541+0200] {logging_mixin.py:188} INFO - [2024-05-21T11:39:44.540+0200] {dag.py:3954} INFO - Setting next_dagrun for example_subdag_operator to 2022-01-01 00:00:00+00:00, run_after=2022-01-01 00:00:00+00:00
[2024-05-21T11:39:44.546+0200] {logging_mixin.py:188} INFO - [2024-05-21T11:39:44.546+0200] {dag.py:3954} INFO - Setting next_dagrun for example_subdag_operator.section-1 to None, run_after=None
[2024-05-21T11:39:44.548+0200] {logging_mixin.py:188} INFO - [2024-05-21T11:39:44.547+0200] {dag.py:3954} INFO - Setting next_dagrun for example_subdag_operator.section-2 to None, run_after=None
[2024-05-21T11:39:44.558+0200] {logging_mixin.py:188} INFO - [2024-05-21T11:39:44.557+0200] {dag.py:3096} INFO - Sync 2 DAGs
[2024-05-21T11:39:44.565+0200] {logging_mixin.py:188} INFO - [2024-05-21T11:39:44.565+0200] {dag.py:3954} INFO - Setting next_dagrun for example_subdag_operator.section-1 to None, run_after=None
[2024-05-21T11:39:44.566+0200] {logging_mixin.py:188} INFO - [2024-05-21T11:39:44.565+0200] {dag.py:3954} INFO - Setting next_dagrun for example_subdag_operator.section-2 to None, run_after=None
[2024-05-21T11:39:44.588+0200] {processor.py:183} INFO - Processing /home/munya/anaconda3/lib/python3.11/site-packages/airflow/example_dags/example_subdag_operator.py took 0.172 seconds
[2024-05-21T11:41:06.218+0200] {processor.py:161} INFO - Started process (PID=141774) to work on /home/munya/anaconda3/lib/python3.11/site-packages/airflow/example_dags/example_subdag_operator.py
[2024-05-21T11:41:06.219+0200] {processor.py:830} INFO - Processing file /home/munya/anaconda3/lib/python3.11/site-packages/airflow/example_dags/example_subdag_operator.py for tasks to queue
[2024-05-21T11:41:06.221+0200] {logging_mixin.py:188} INFO - [2024-05-21T11:41:06.220+0200] {dagbag.py:545} INFO - Filling up the DagBag from /home/munya/anaconda3/lib/python3.11/site-packages/airflow/example_dags/example_subdag_operator.py
[2024-05-21T11:41:06.267+0200] {processor.py:840} INFO - DAG(s) 'example_subdag_operator.section-1', 'example_subdag_operator.section-2', 'example_subdag_operator' retrieved from /home/munya/anaconda3/lib/python3.11/site-packages/airflow/example_dags/example_subdag_operator.py
[2024-05-21T11:41:06.303+0200] {logging_mixin.py:188} INFO - [2024-05-21T11:41:06.302+0200] {dag.py:3096} INFO - Sync 3 DAGs
[2024-05-21T11:41:06.346+0200] {logging_mixin.py:188} INFO - [2024-05-21T11:41:06.345+0200] {dag.py:3954} INFO - Setting next_dagrun for example_subdag_operator to 2022-01-01 00:00:00+00:00, run_after=2022-01-01 00:00:00+00:00
[2024-05-21T11:41:06.353+0200] {logging_mixin.py:188} INFO - [2024-05-21T11:41:06.353+0200] {dag.py:3954} INFO - Setting next_dagrun for example_subdag_operator.section-1 to None, run_after=None
[2024-05-21T11:41:06.356+0200] {logging_mixin.py:188} INFO - [2024-05-21T11:41:06.355+0200] {dag.py:3954} INFO - Setting next_dagrun for example_subdag_operator.section-2 to None, run_after=None
[2024-05-21T11:41:06.368+0200] {logging_mixin.py:188} INFO - [2024-05-21T11:41:06.367+0200] {dag.py:3096} INFO - Sync 2 DAGs
[2024-05-21T11:41:06.377+0200] {logging_mixin.py:188} INFO - [2024-05-21T11:41:06.376+0200] {dag.py:3954} INFO - Setting next_dagrun for example_subdag_operator.section-1 to None, run_after=None
[2024-05-21T11:41:06.378+0200] {logging_mixin.py:188} INFO - [2024-05-21T11:41:06.377+0200] {dag.py:3954} INFO - Setting next_dagrun for example_subdag_operator.section-2 to None, run_after=None
[2024-05-21T11:41:06.407+0200] {processor.py:183} INFO - Processing /home/munya/anaconda3/lib/python3.11/site-packages/airflow/example_dags/example_subdag_operator.py took 0.204 seconds
[2024-05-21T11:42:28.179+0200] {processor.py:161} INFO - Started process (PID=142758) to work on /home/munya/anaconda3/lib/python3.11/site-packages/airflow/example_dags/example_subdag_operator.py
[2024-05-21T11:42:28.181+0200] {processor.py:830} INFO - Processing file /home/munya/anaconda3/lib/python3.11/site-packages/airflow/example_dags/example_subdag_operator.py for tasks to queue
[2024-05-21T11:42:28.183+0200] {logging_mixin.py:188} INFO - [2024-05-21T11:42:28.182+0200] {dagbag.py:545} INFO - Filling up the DagBag from /home/munya/anaconda3/lib/python3.11/site-packages/airflow/example_dags/example_subdag_operator.py
[2024-05-21T11:42:28.226+0200] {processor.py:840} INFO - DAG(s) 'example_subdag_operator.section-1', 'example_subdag_operator.section-2', 'example_subdag_operator' retrieved from /home/munya/anaconda3/lib/python3.11/site-packages/airflow/example_dags/example_subdag_operator.py
[2024-05-21T11:42:28.266+0200] {logging_mixin.py:188} INFO - [2024-05-21T11:42:28.265+0200] {dag.py:3096} INFO - Sync 3 DAGs
[2024-05-21T11:42:28.313+0200] {logging_mixin.py:188} INFO - [2024-05-21T11:42:28.312+0200] {dag.py:3954} INFO - Setting next_dagrun for example_subdag_operator to 2022-01-01 00:00:00+00:00, run_after=2022-01-01 00:00:00+00:00
[2024-05-21T11:42:28.321+0200] {logging_mixin.py:188} INFO - [2024-05-21T11:42:28.320+0200] {dag.py:3954} INFO - Setting next_dagrun for example_subdag_operator.section-1 to None, run_after=None
[2024-05-21T11:42:28.323+0200] {logging_mixin.py:188} INFO - [2024-05-21T11:42:28.323+0200] {dag.py:3954} INFO - Setting next_dagrun for example_subdag_operator.section-2 to None, run_after=None
[2024-05-21T11:42:28.336+0200] {logging_mixin.py:188} INFO - [2024-05-21T11:42:28.336+0200] {dag.py:3096} INFO - Sync 2 DAGs
[2024-05-21T11:42:28.346+0200] {logging_mixin.py:188} INFO - [2024-05-21T11:42:28.346+0200] {dag.py:3954} INFO - Setting next_dagrun for example_subdag_operator.section-1 to None, run_after=None
[2024-05-21T11:42:28.347+0200] {logging_mixin.py:188} INFO - [2024-05-21T11:42:28.347+0200] {dag.py:3954} INFO - Setting next_dagrun for example_subdag_operator.section-2 to None, run_after=None
[2024-05-21T11:42:28.377+0200] {processor.py:183} INFO - Processing /home/munya/anaconda3/lib/python3.11/site-packages/airflow/example_dags/example_subdag_operator.py took 0.210 seconds
[2024-05-21T11:43:52.847+0200] {processor.py:161} INFO - Started process (PID=143788) to work on /home/munya/anaconda3/lib/python3.11/site-packages/airflow/example_dags/example_subdag_operator.py
[2024-05-21T11:43:52.848+0200] {processor.py:830} INFO - Processing file /home/munya/anaconda3/lib/python3.11/site-packages/airflow/example_dags/example_subdag_operator.py for tasks to queue
[2024-05-21T11:43:52.850+0200] {logging_mixin.py:188} INFO - [2024-05-21T11:43:52.849+0200] {dagbag.py:545} INFO - Filling up the DagBag from /home/munya/anaconda3/lib/python3.11/site-packages/airflow/example_dags/example_subdag_operator.py
[2024-05-21T11:43:52.882+0200] {processor.py:840} INFO - DAG(s) 'example_subdag_operator.section-1', 'example_subdag_operator.section-2', 'example_subdag_operator' retrieved from /home/munya/anaconda3/lib/python3.11/site-packages/airflow/example_dags/example_subdag_operator.py
[2024-05-21T11:43:52.914+0200] {logging_mixin.py:188} INFO - [2024-05-21T11:43:52.913+0200] {dag.py:3096} INFO - Sync 3 DAGs
[2024-05-21T11:43:52.948+0200] {logging_mixin.py:188} INFO - [2024-05-21T11:43:52.947+0200] {dag.py:3954} INFO - Setting next_dagrun for example_subdag_operator to 2022-01-01 00:00:00+00:00, run_after=2022-01-01 00:00:00+00:00
[2024-05-21T11:43:52.953+0200] {logging_mixin.py:188} INFO - [2024-05-21T11:43:52.953+0200] {dag.py:3954} INFO - Setting next_dagrun for example_subdag_operator.section-1 to None, run_after=None
[2024-05-21T11:43:52.955+0200] {logging_mixin.py:188} INFO - [2024-05-21T11:43:52.955+0200] {dag.py:3954} INFO - Setting next_dagrun for example_subdag_operator.section-2 to None, run_after=None
[2024-05-21T11:43:52.966+0200] {logging_mixin.py:188} INFO - [2024-05-21T11:43:52.965+0200] {dag.py:3096} INFO - Sync 2 DAGs
[2024-05-21T11:43:52.975+0200] {logging_mixin.py:188} INFO - [2024-05-21T11:43:52.974+0200] {dag.py:3954} INFO - Setting next_dagrun for example_subdag_operator.section-1 to None, run_after=None
[2024-05-21T11:43:52.975+0200] {logging_mixin.py:188} INFO - [2024-05-21T11:43:52.975+0200] {dag.py:3954} INFO - Setting next_dagrun for example_subdag_operator.section-2 to None, run_after=None
[2024-05-21T11:43:52.997+0200] {processor.py:183} INFO - Processing /home/munya/anaconda3/lib/python3.11/site-packages/airflow/example_dags/example_subdag_operator.py took 0.162 seconds
[2024-05-21T11:45:20.620+0200] {processor.py:161} INFO - Started process (PID=144835) to work on /home/munya/anaconda3/lib/python3.11/site-packages/airflow/example_dags/example_subdag_operator.py
[2024-05-21T11:45:20.622+0200] {processor.py:830} INFO - Processing file /home/munya/anaconda3/lib/python3.11/site-packages/airflow/example_dags/example_subdag_operator.py for tasks to queue
[2024-05-21T11:45:20.625+0200] {logging_mixin.py:188} INFO - [2024-05-21T11:45:20.624+0200] {dagbag.py:545} INFO - Filling up the DagBag from /home/munya/anaconda3/lib/python3.11/site-packages/airflow/example_dags/example_subdag_operator.py
[2024-05-21T11:45:20.674+0200] {processor.py:840} INFO - DAG(s) 'example_subdag_operator.section-1', 'example_subdag_operator.section-2', 'example_subdag_operator' retrieved from /home/munya/anaconda3/lib/python3.11/site-packages/airflow/example_dags/example_subdag_operator.py
[2024-05-21T11:45:20.696+0200] {logging_mixin.py:188} INFO - [2024-05-21T11:45:20.695+0200] {dag.py:3096} INFO - Sync 3 DAGs
[2024-05-21T11:45:20.720+0200] {logging_mixin.py:188} INFO - [2024-05-21T11:45:20.720+0200] {dag.py:3954} INFO - Setting next_dagrun for example_subdag_operator to 2022-01-01 00:00:00+00:00, run_after=2022-01-01 00:00:00+00:00
[2024-05-21T11:45:20.725+0200] {logging_mixin.py:188} INFO - [2024-05-21T11:45:20.725+0200] {dag.py:3954} INFO - Setting next_dagrun for example_subdag_operator.section-1 to None, run_after=None
[2024-05-21T11:45:20.726+0200] {logging_mixin.py:188} INFO - [2024-05-21T11:45:20.726+0200] {dag.py:3954} INFO - Setting next_dagrun for example_subdag_operator.section-2 to None, run_after=None
[2024-05-21T11:45:20.733+0200] {logging_mixin.py:188} INFO - [2024-05-21T11:45:20.733+0200] {dag.py:3096} INFO - Sync 2 DAGs
[2024-05-21T11:45:20.740+0200] {logging_mixin.py:188} INFO - [2024-05-21T11:45:20.739+0200] {dag.py:3954} INFO - Setting next_dagrun for example_subdag_operator.section-1 to None, run_after=None
[2024-05-21T11:45:20.740+0200] {logging_mixin.py:188} INFO - [2024-05-21T11:45:20.740+0200] {dag.py:3954} INFO - Setting next_dagrun for example_subdag_operator.section-2 to None, run_after=None
[2024-05-21T11:45:20.924+0200] {processor.py:183} INFO - Processing /home/munya/anaconda3/lib/python3.11/site-packages/airflow/example_dags/example_subdag_operator.py took 0.329 seconds
[2024-05-21T11:46:45.485+0200] {processor.py:161} INFO - Started process (PID=145878) to work on /home/munya/anaconda3/lib/python3.11/site-packages/airflow/example_dags/example_subdag_operator.py
[2024-05-21T11:46:45.487+0200] {processor.py:830} INFO - Processing file /home/munya/anaconda3/lib/python3.11/site-packages/airflow/example_dags/example_subdag_operator.py for tasks to queue
[2024-05-21T11:46:45.490+0200] {logging_mixin.py:188} INFO - [2024-05-21T11:46:45.489+0200] {dagbag.py:545} INFO - Filling up the DagBag from /home/munya/anaconda3/lib/python3.11/site-packages/airflow/example_dags/example_subdag_operator.py
[2024-05-21T11:46:45.559+0200] {processor.py:840} INFO - DAG(s) 'example_subdag_operator.section-1', 'example_subdag_operator.section-2', 'example_subdag_operator' retrieved from /home/munya/anaconda3/lib/python3.11/site-packages/airflow/example_dags/example_subdag_operator.py
[2024-05-21T11:46:45.598+0200] {logging_mixin.py:188} INFO - [2024-05-21T11:46:45.598+0200] {dag.py:3096} INFO - Sync 3 DAGs
[2024-05-21T11:46:45.628+0200] {logging_mixin.py:188} INFO - [2024-05-21T11:46:45.628+0200] {dag.py:3954} INFO - Setting next_dagrun for example_subdag_operator to 2022-01-01 00:00:00+00:00, run_after=2022-01-01 00:00:00+00:00
[2024-05-21T11:46:45.634+0200] {logging_mixin.py:188} INFO - [2024-05-21T11:46:45.633+0200] {dag.py:3954} INFO - Setting next_dagrun for example_subdag_operator.section-1 to None, run_after=None
[2024-05-21T11:46:45.635+0200] {logging_mixin.py:188} INFO - [2024-05-21T11:46:45.635+0200] {dag.py:3954} INFO - Setting next_dagrun for example_subdag_operator.section-2 to None, run_after=None
[2024-05-21T11:46:45.644+0200] {logging_mixin.py:188} INFO - [2024-05-21T11:46:45.644+0200] {dag.py:3096} INFO - Sync 2 DAGs
[2024-05-21T11:46:45.651+0200] {logging_mixin.py:188} INFO - [2024-05-21T11:46:45.651+0200] {dag.py:3954} INFO - Setting next_dagrun for example_subdag_operator.section-1 to None, run_after=None
[2024-05-21T11:46:45.652+0200] {logging_mixin.py:188} INFO - [2024-05-21T11:46:45.651+0200] {dag.py:3954} INFO - Setting next_dagrun for example_subdag_operator.section-2 to None, run_after=None
[2024-05-21T11:46:45.672+0200] {processor.py:183} INFO - Processing /home/munya/anaconda3/lib/python3.11/site-packages/airflow/example_dags/example_subdag_operator.py took 0.208 seconds
[2024-05-21T11:48:09.316+0200] {processor.py:161} INFO - Started process (PID=147029) to work on /home/munya/anaconda3/lib/python3.11/site-packages/airflow/example_dags/example_subdag_operator.py
[2024-05-21T11:48:09.319+0200] {processor.py:830} INFO - Processing file /home/munya/anaconda3/lib/python3.11/site-packages/airflow/example_dags/example_subdag_operator.py for tasks to queue
[2024-05-21T11:48:09.322+0200] {logging_mixin.py:188} INFO - [2024-05-21T11:48:09.321+0200] {dagbag.py:545} INFO - Filling up the DagBag from /home/munya/anaconda3/lib/python3.11/site-packages/airflow/example_dags/example_subdag_operator.py
[2024-05-21T11:48:09.399+0200] {processor.py:840} INFO - DAG(s) 'example_subdag_operator.section-1', 'example_subdag_operator.section-2', 'example_subdag_operator' retrieved from /home/munya/anaconda3/lib/python3.11/site-packages/airflow/example_dags/example_subdag_operator.py
[2024-05-21T11:48:09.469+0200] {logging_mixin.py:188} INFO - [2024-05-21T11:48:09.468+0200] {dag.py:3096} INFO - Sync 3 DAGs
[2024-05-21T11:48:09.548+0200] {logging_mixin.py:188} INFO - [2024-05-21T11:48:09.547+0200] {dag.py:3954} INFO - Setting next_dagrun for example_subdag_operator to 2022-01-01 00:00:00+00:00, run_after=2022-01-01 00:00:00+00:00
[2024-05-21T11:48:09.561+0200] {logging_mixin.py:188} INFO - [2024-05-21T11:48:09.560+0200] {dag.py:3954} INFO - Setting next_dagrun for example_subdag_operator.section-1 to None, run_after=None
[2024-05-21T11:48:09.565+0200] {logging_mixin.py:188} INFO - [2024-05-21T11:48:09.565+0200] {dag.py:3954} INFO - Setting next_dagrun for example_subdag_operator.section-2 to None, run_after=None
[2024-05-21T11:48:09.587+0200] {logging_mixin.py:188} INFO - [2024-05-21T11:48:09.586+0200] {dag.py:3096} INFO - Sync 2 DAGs
[2024-05-21T11:48:09.603+0200] {logging_mixin.py:188} INFO - [2024-05-21T11:48:09.602+0200] {dag.py:3954} INFO - Setting next_dagrun for example_subdag_operator.section-1 to None, run_after=None
[2024-05-21T11:48:09.604+0200] {logging_mixin.py:188} INFO - [2024-05-21T11:48:09.604+0200] {dag.py:3954} INFO - Setting next_dagrun for example_subdag_operator.section-2 to None, run_after=None
[2024-05-21T11:48:09.649+0200] {processor.py:183} INFO - Processing /home/munya/anaconda3/lib/python3.11/site-packages/airflow/example_dags/example_subdag_operator.py took 0.357 seconds
[2024-05-21T11:49:27.951+0200] {processor.py:161} INFO - Started process (PID=147959) to work on /home/munya/anaconda3/lib/python3.11/site-packages/airflow/example_dags/example_subdag_operator.py
[2024-05-21T11:49:27.954+0200] {processor.py:830} INFO - Processing file /home/munya/anaconda3/lib/python3.11/site-packages/airflow/example_dags/example_subdag_operator.py for tasks to queue
[2024-05-21T11:49:27.957+0200] {logging_mixin.py:188} INFO - [2024-05-21T11:49:27.956+0200] {dagbag.py:545} INFO - Filling up the DagBag from /home/munya/anaconda3/lib/python3.11/site-packages/airflow/example_dags/example_subdag_operator.py
[2024-05-21T11:49:28.040+0200] {processor.py:840} INFO - DAG(s) 'example_subdag_operator.section-1', 'example_subdag_operator.section-2', 'example_subdag_operator' retrieved from /home/munya/anaconda3/lib/python3.11/site-packages/airflow/example_dags/example_subdag_operator.py
[2024-05-21T11:49:28.111+0200] {logging_mixin.py:188} INFO - [2024-05-21T11:49:28.111+0200] {dag.py:3096} INFO - Sync 3 DAGs
[2024-05-21T11:49:28.187+0200] {logging_mixin.py:188} INFO - [2024-05-21T11:49:28.186+0200] {dag.py:3954} INFO - Setting next_dagrun for example_subdag_operator to 2022-01-01 00:00:00+00:00, run_after=2022-01-01 00:00:00+00:00
[2024-05-21T11:49:28.200+0200] {logging_mixin.py:188} INFO - [2024-05-21T11:49:28.199+0200] {dag.py:3954} INFO - Setting next_dagrun for example_subdag_operator.section-1 to None, run_after=None
[2024-05-21T11:49:28.203+0200] {logging_mixin.py:188} INFO - [2024-05-21T11:49:28.203+0200] {dag.py:3954} INFO - Setting next_dagrun for example_subdag_operator.section-2 to None, run_after=None
[2024-05-21T11:49:28.225+0200] {logging_mixin.py:188} INFO - [2024-05-21T11:49:28.225+0200] {dag.py:3096} INFO - Sync 2 DAGs
[2024-05-21T11:49:28.243+0200] {logging_mixin.py:188} INFO - [2024-05-21T11:49:28.242+0200] {dag.py:3954} INFO - Setting next_dagrun for example_subdag_operator.section-1 to None, run_after=None
[2024-05-21T11:49:28.245+0200] {logging_mixin.py:188} INFO - [2024-05-21T11:49:28.244+0200] {dag.py:3954} INFO - Setting next_dagrun for example_subdag_operator.section-2 to None, run_after=None
[2024-05-21T11:49:28.295+0200] {processor.py:183} INFO - Processing /home/munya/anaconda3/lib/python3.11/site-packages/airflow/example_dags/example_subdag_operator.py took 0.365 seconds
[2024-05-21T11:50:47.848+0200] {processor.py:161} INFO - Started process (PID=148909) to work on /home/munya/anaconda3/lib/python3.11/site-packages/airflow/example_dags/example_subdag_operator.py
[2024-05-21T11:50:47.850+0200] {processor.py:830} INFO - Processing file /home/munya/anaconda3/lib/python3.11/site-packages/airflow/example_dags/example_subdag_operator.py for tasks to queue
[2024-05-21T11:50:47.851+0200] {logging_mixin.py:188} INFO - [2024-05-21T11:50:47.851+0200] {dagbag.py:545} INFO - Filling up the DagBag from /home/munya/anaconda3/lib/python3.11/site-packages/airflow/example_dags/example_subdag_operator.py
[2024-05-21T11:50:47.891+0200] {processor.py:840} INFO - DAG(s) 'example_subdag_operator.section-1', 'example_subdag_operator.section-2', 'example_subdag_operator' retrieved from /home/munya/anaconda3/lib/python3.11/site-packages/airflow/example_dags/example_subdag_operator.py
[2024-05-21T11:50:47.922+0200] {logging_mixin.py:188} INFO - [2024-05-21T11:50:47.922+0200] {dag.py:3096} INFO - Sync 3 DAGs
[2024-05-21T11:50:47.960+0200] {logging_mixin.py:188} INFO - [2024-05-21T11:50:47.959+0200] {dag.py:3954} INFO - Setting next_dagrun for example_subdag_operator to 2022-01-01 00:00:00+00:00, run_after=2022-01-01 00:00:00+00:00
[2024-05-21T11:50:47.966+0200] {logging_mixin.py:188} INFO - [2024-05-21T11:50:47.965+0200] {dag.py:3954} INFO - Setting next_dagrun for example_subdag_operator.section-1 to None, run_after=None
[2024-05-21T11:50:47.967+0200] {logging_mixin.py:188} INFO - [2024-05-21T11:50:47.967+0200] {dag.py:3954} INFO - Setting next_dagrun for example_subdag_operator.section-2 to None, run_after=None
[2024-05-21T11:50:47.978+0200] {logging_mixin.py:188} INFO - [2024-05-21T11:50:47.977+0200] {dag.py:3096} INFO - Sync 2 DAGs
[2024-05-21T11:50:47.985+0200] {logging_mixin.py:188} INFO - [2024-05-21T11:50:47.985+0200] {dag.py:3954} INFO - Setting next_dagrun for example_subdag_operator.section-1 to None, run_after=None
[2024-05-21T11:50:47.986+0200] {logging_mixin.py:188} INFO - [2024-05-21T11:50:47.985+0200] {dag.py:3954} INFO - Setting next_dagrun for example_subdag_operator.section-2 to None, run_after=None
[2024-05-21T11:50:48.006+0200] {processor.py:183} INFO - Processing /home/munya/anaconda3/lib/python3.11/site-packages/airflow/example_dags/example_subdag_operator.py took 0.170 seconds
[2024-05-21T11:52:13.535+0200] {processor.py:161} INFO - Started process (PID=149957) to work on /home/munya/anaconda3/lib/python3.11/site-packages/airflow/example_dags/example_subdag_operator.py
[2024-05-21T11:52:13.538+0200] {processor.py:830} INFO - Processing file /home/munya/anaconda3/lib/python3.11/site-packages/airflow/example_dags/example_subdag_operator.py for tasks to queue
[2024-05-21T11:52:13.541+0200] {logging_mixin.py:188} INFO - [2024-05-21T11:52:13.539+0200] {dagbag.py:545} INFO - Filling up the DagBag from /home/munya/anaconda3/lib/python3.11/site-packages/airflow/example_dags/example_subdag_operator.py
[2024-05-21T11:52:13.612+0200] {processor.py:840} INFO - DAG(s) 'example_subdag_operator.section-1', 'example_subdag_operator.section-2', 'example_subdag_operator' retrieved from /home/munya/anaconda3/lib/python3.11/site-packages/airflow/example_dags/example_subdag_operator.py
[2024-05-21T11:52:13.641+0200] {logging_mixin.py:188} INFO - [2024-05-21T11:52:13.641+0200] {dag.py:3096} INFO - Sync 3 DAGs
[2024-05-21T11:52:13.666+0200] {logging_mixin.py:188} INFO - [2024-05-21T11:52:13.666+0200] {dag.py:3954} INFO - Setting next_dagrun for example_subdag_operator to 2022-01-01 00:00:00+00:00, run_after=2022-01-01 00:00:00+00:00
[2024-05-21T11:52:13.672+0200] {logging_mixin.py:188} INFO - [2024-05-21T11:52:13.671+0200] {dag.py:3954} INFO - Setting next_dagrun for example_subdag_operator.section-1 to None, run_after=None
[2024-05-21T11:52:13.673+0200] {logging_mixin.py:188} INFO - [2024-05-21T11:52:13.673+0200] {dag.py:3954} INFO - Setting next_dagrun for example_subdag_operator.section-2 to None, run_after=None
[2024-05-21T11:52:13.684+0200] {logging_mixin.py:188} INFO - [2024-05-21T11:52:13.684+0200] {dag.py:3096} INFO - Sync 2 DAGs
[2024-05-21T11:52:13.691+0200] {logging_mixin.py:188} INFO - [2024-05-21T11:52:13.691+0200] {dag.py:3954} INFO - Setting next_dagrun for example_subdag_operator.section-1 to None, run_after=None
[2024-05-21T11:52:13.692+0200] {logging_mixin.py:188} INFO - [2024-05-21T11:52:13.692+0200] {dag.py:3954} INFO - Setting next_dagrun for example_subdag_operator.section-2 to None, run_after=None
[2024-05-21T11:52:13.712+0200] {processor.py:183} INFO - Processing /home/munya/anaconda3/lib/python3.11/site-packages/airflow/example_dags/example_subdag_operator.py took 0.201 seconds
[2024-05-21T11:53:30.934+0200] {processor.py:161} INFO - Started process (PID=150903) to work on /home/munya/anaconda3/lib/python3.11/site-packages/airflow/example_dags/example_subdag_operator.py
[2024-05-21T11:53:30.936+0200] {processor.py:830} INFO - Processing file /home/munya/anaconda3/lib/python3.11/site-packages/airflow/example_dags/example_subdag_operator.py for tasks to queue
[2024-05-21T11:53:30.937+0200] {logging_mixin.py:188} INFO - [2024-05-21T11:53:30.937+0200] {dagbag.py:545} INFO - Filling up the DagBag from /home/munya/anaconda3/lib/python3.11/site-packages/airflow/example_dags/example_subdag_operator.py
[2024-05-21T11:53:30.978+0200] {processor.py:840} INFO - DAG(s) 'example_subdag_operator.section-1', 'example_subdag_operator.section-2', 'example_subdag_operator' retrieved from /home/munya/anaconda3/lib/python3.11/site-packages/airflow/example_dags/example_subdag_operator.py
[2024-05-21T11:53:31.013+0200] {logging_mixin.py:188} INFO - [2024-05-21T11:53:31.013+0200] {dag.py:3096} INFO - Sync 3 DAGs
[2024-05-21T11:53:31.059+0200] {logging_mixin.py:188} INFO - [2024-05-21T11:53:31.058+0200] {dag.py:3954} INFO - Setting next_dagrun for example_subdag_operator to 2022-01-01 00:00:00+00:00, run_after=2022-01-01 00:00:00+00:00
[2024-05-21T11:53:31.066+0200] {logging_mixin.py:188} INFO - [2024-05-21T11:53:31.065+0200] {dag.py:3954} INFO - Setting next_dagrun for example_subdag_operator.section-1 to None, run_after=None
[2024-05-21T11:53:31.068+0200] {logging_mixin.py:188} INFO - [2024-05-21T11:53:31.067+0200] {dag.py:3954} INFO - Setting next_dagrun for example_subdag_operator.section-2 to None, run_after=None
[2024-05-21T11:53:31.079+0200] {logging_mixin.py:188} INFO - [2024-05-21T11:53:31.079+0200] {dag.py:3096} INFO - Sync 2 DAGs
[2024-05-21T11:53:31.088+0200] {logging_mixin.py:188} INFO - [2024-05-21T11:53:31.088+0200] {dag.py:3954} INFO - Setting next_dagrun for example_subdag_operator.section-1 to None, run_after=None
[2024-05-21T11:53:31.089+0200] {logging_mixin.py:188} INFO - [2024-05-21T11:53:31.089+0200] {dag.py:3954} INFO - Setting next_dagrun for example_subdag_operator.section-2 to None, run_after=None
[2024-05-21T11:53:31.108+0200] {processor.py:183} INFO - Processing /home/munya/anaconda3/lib/python3.11/site-packages/airflow/example_dags/example_subdag_operator.py took 0.184 seconds
[2024-05-21T11:54:51.690+0200] {processor.py:161} INFO - Started process (PID=151887) to work on /home/munya/anaconda3/lib/python3.11/site-packages/airflow/example_dags/example_subdag_operator.py
[2024-05-21T11:54:51.693+0200] {processor.py:830} INFO - Processing file /home/munya/anaconda3/lib/python3.11/site-packages/airflow/example_dags/example_subdag_operator.py for tasks to queue
[2024-05-21T11:54:51.696+0200] {logging_mixin.py:188} INFO - [2024-05-21T11:54:51.695+0200] {dagbag.py:545} INFO - Filling up the DagBag from /home/munya/anaconda3/lib/python3.11/site-packages/airflow/example_dags/example_subdag_operator.py
[2024-05-21T11:54:51.766+0200] {processor.py:840} INFO - DAG(s) 'example_subdag_operator.section-1', 'example_subdag_operator.section-2', 'example_subdag_operator' retrieved from /home/munya/anaconda3/lib/python3.11/site-packages/airflow/example_dags/example_subdag_operator.py
[2024-05-21T11:54:51.840+0200] {logging_mixin.py:188} INFO - [2024-05-21T11:54:51.840+0200] {dag.py:3096} INFO - Sync 3 DAGs
[2024-05-21T11:54:51.922+0200] {logging_mixin.py:188} INFO - [2024-05-21T11:54:51.921+0200] {dag.py:3954} INFO - Setting next_dagrun for example_subdag_operator to 2022-01-01 00:00:00+00:00, run_after=2022-01-01 00:00:00+00:00
[2024-05-21T11:54:51.932+0200] {logging_mixin.py:188} INFO - [2024-05-21T11:54:51.931+0200] {dag.py:3954} INFO - Setting next_dagrun for example_subdag_operator.section-1 to None, run_after=None
[2024-05-21T11:54:51.936+0200] {logging_mixin.py:188} INFO - [2024-05-21T11:54:51.936+0200] {dag.py:3954} INFO - Setting next_dagrun for example_subdag_operator.section-2 to None, run_after=None
[2024-05-21T11:54:51.957+0200] {logging_mixin.py:188} INFO - [2024-05-21T11:54:51.956+0200] {dag.py:3096} INFO - Sync 2 DAGs
[2024-05-21T11:54:51.974+0200] {logging_mixin.py:188} INFO - [2024-05-21T11:54:51.973+0200] {dag.py:3954} INFO - Setting next_dagrun for example_subdag_operator.section-1 to None, run_after=None
[2024-05-21T11:54:51.976+0200] {logging_mixin.py:188} INFO - [2024-05-21T11:54:51.975+0200] {dag.py:3954} INFO - Setting next_dagrun for example_subdag_operator.section-2 to None, run_after=None
[2024-05-21T11:54:52.025+0200] {processor.py:183} INFO - Processing /home/munya/anaconda3/lib/python3.11/site-packages/airflow/example_dags/example_subdag_operator.py took 0.354 seconds
[2024-05-21T11:56:18.507+0200] {processor.py:161} INFO - Started process (PID=152901) to work on /home/munya/anaconda3/lib/python3.11/site-packages/airflow/example_dags/example_subdag_operator.py
[2024-05-21T11:56:18.510+0200] {processor.py:830} INFO - Processing file /home/munya/anaconda3/lib/python3.11/site-packages/airflow/example_dags/example_subdag_operator.py for tasks to queue
[2024-05-21T11:56:18.513+0200] {logging_mixin.py:188} INFO - [2024-05-21T11:56:18.511+0200] {dagbag.py:545} INFO - Filling up the DagBag from /home/munya/anaconda3/lib/python3.11/site-packages/airflow/example_dags/example_subdag_operator.py
[2024-05-21T11:56:18.575+0200] {processor.py:840} INFO - DAG(s) 'example_subdag_operator.section-1', 'example_subdag_operator.section-2', 'example_subdag_operator' retrieved from /home/munya/anaconda3/lib/python3.11/site-packages/airflow/example_dags/example_subdag_operator.py
[2024-05-21T11:56:18.641+0200] {logging_mixin.py:188} INFO - [2024-05-21T11:56:18.640+0200] {dag.py:3096} INFO - Sync 3 DAGs
[2024-05-21T11:56:18.716+0200] {logging_mixin.py:188} INFO - [2024-05-21T11:56:18.715+0200] {dag.py:3954} INFO - Setting next_dagrun for example_subdag_operator to 2022-01-01 00:00:00+00:00, run_after=2022-01-01 00:00:00+00:00
[2024-05-21T11:56:18.727+0200] {logging_mixin.py:188} INFO - [2024-05-21T11:56:18.727+0200] {dag.py:3954} INFO - Setting next_dagrun for example_subdag_operator.section-1 to None, run_after=None
[2024-05-21T11:56:18.736+0200] {logging_mixin.py:188} INFO - [2024-05-21T11:56:18.735+0200] {dag.py:3954} INFO - Setting next_dagrun for example_subdag_operator.section-2 to None, run_after=None
[2024-05-21T11:56:18.756+0200] {logging_mixin.py:188} INFO - [2024-05-21T11:56:18.755+0200] {dag.py:3096} INFO - Sync 2 DAGs
[2024-05-21T11:56:18.768+0200] {logging_mixin.py:188} INFO - [2024-05-21T11:56:18.767+0200] {dag.py:3954} INFO - Setting next_dagrun for example_subdag_operator.section-1 to None, run_after=None
[2024-05-21T11:56:18.769+0200] {logging_mixin.py:188} INFO - [2024-05-21T11:56:18.768+0200] {dag.py:3954} INFO - Setting next_dagrun for example_subdag_operator.section-2 to None, run_after=None
[2024-05-21T11:56:18.803+0200] {processor.py:183} INFO - Processing /home/munya/anaconda3/lib/python3.11/site-packages/airflow/example_dags/example_subdag_operator.py took 0.321 seconds
[2024-05-21T11:57:40.290+0200] {processor.py:161} INFO - Started process (PID=153960) to work on /home/munya/anaconda3/lib/python3.11/site-packages/airflow/example_dags/example_subdag_operator.py
[2024-05-21T11:57:40.292+0200] {processor.py:830} INFO - Processing file /home/munya/anaconda3/lib/python3.11/site-packages/airflow/example_dags/example_subdag_operator.py for tasks to queue
[2024-05-21T11:57:40.293+0200] {logging_mixin.py:188} INFO - [2024-05-21T11:57:40.292+0200] {dagbag.py:545} INFO - Filling up the DagBag from /home/munya/anaconda3/lib/python3.11/site-packages/airflow/example_dags/example_subdag_operator.py
[2024-05-21T11:57:40.328+0200] {processor.py:840} INFO - DAG(s) 'example_subdag_operator.section-1', 'example_subdag_operator.section-2', 'example_subdag_operator' retrieved from /home/munya/anaconda3/lib/python3.11/site-packages/airflow/example_dags/example_subdag_operator.py
[2024-05-21T11:57:40.360+0200] {logging_mixin.py:188} INFO - [2024-05-21T11:57:40.359+0200] {dag.py:3096} INFO - Sync 3 DAGs
[2024-05-21T11:57:40.396+0200] {logging_mixin.py:188} INFO - [2024-05-21T11:57:40.395+0200] {dag.py:3954} INFO - Setting next_dagrun for example_subdag_operator to 2022-01-01 00:00:00+00:00, run_after=2022-01-01 00:00:00+00:00
[2024-05-21T11:57:40.401+0200] {logging_mixin.py:188} INFO - [2024-05-21T11:57:40.401+0200] {dag.py:3954} INFO - Setting next_dagrun for example_subdag_operator.section-1 to None, run_after=None
[2024-05-21T11:57:40.404+0200] {logging_mixin.py:188} INFO - [2024-05-21T11:57:40.403+0200] {dag.py:3954} INFO - Setting next_dagrun for example_subdag_operator.section-2 to None, run_after=None
[2024-05-21T11:57:40.414+0200] {logging_mixin.py:188} INFO - [2024-05-21T11:57:40.413+0200] {dag.py:3096} INFO - Sync 2 DAGs
[2024-05-21T11:57:40.423+0200] {logging_mixin.py:188} INFO - [2024-05-21T11:57:40.423+0200] {dag.py:3954} INFO - Setting next_dagrun for example_subdag_operator.section-1 to None, run_after=None
[2024-05-21T11:57:40.424+0200] {logging_mixin.py:188} INFO - [2024-05-21T11:57:40.424+0200] {dag.py:3954} INFO - Setting next_dagrun for example_subdag_operator.section-2 to None, run_after=None
[2024-05-21T11:57:40.450+0200] {processor.py:183} INFO - Processing /home/munya/anaconda3/lib/python3.11/site-packages/airflow/example_dags/example_subdag_operator.py took 0.173 seconds
[2024-05-21T11:59:01.723+0200] {processor.py:161} INFO - Started process (PID=155260) to work on /home/munya/anaconda3/lib/python3.11/site-packages/airflow/example_dags/example_subdag_operator.py
[2024-05-21T11:59:01.725+0200] {processor.py:830} INFO - Processing file /home/munya/anaconda3/lib/python3.11/site-packages/airflow/example_dags/example_subdag_operator.py for tasks to queue
[2024-05-21T11:59:01.729+0200] {logging_mixin.py:188} INFO - [2024-05-21T11:59:01.727+0200] {dagbag.py:545} INFO - Filling up the DagBag from /home/munya/anaconda3/lib/python3.11/site-packages/airflow/example_dags/example_subdag_operator.py
[2024-05-21T11:59:01.807+0200] {processor.py:840} INFO - DAG(s) 'example_subdag_operator.section-1', 'example_subdag_operator.section-2', 'example_subdag_operator' retrieved from /home/munya/anaconda3/lib/python3.11/site-packages/airflow/example_dags/example_subdag_operator.py
[2024-05-21T11:59:01.884+0200] {logging_mixin.py:188} INFO - [2024-05-21T11:59:01.883+0200] {dag.py:3096} INFO - Sync 3 DAGs
[2024-05-21T11:59:01.965+0200] {logging_mixin.py:188} INFO - [2024-05-21T11:59:01.964+0200] {dag.py:3954} INFO - Setting next_dagrun for example_subdag_operator to 2022-01-01 00:00:00+00:00, run_after=2022-01-01 00:00:00+00:00
[2024-05-21T11:59:01.978+0200] {logging_mixin.py:188} INFO - [2024-05-21T11:59:01.977+0200] {dag.py:3954} INFO - Setting next_dagrun for example_subdag_operator.section-1 to None, run_after=None
[2024-05-21T11:59:01.982+0200] {logging_mixin.py:188} INFO - [2024-05-21T11:59:01.981+0200] {dag.py:3954} INFO - Setting next_dagrun for example_subdag_operator.section-2 to None, run_after=None
[2024-05-21T11:59:02.004+0200] {logging_mixin.py:188} INFO - [2024-05-21T11:59:02.003+0200] {dag.py:3096} INFO - Sync 2 DAGs
[2024-05-21T11:59:02.018+0200] {logging_mixin.py:188} INFO - [2024-05-21T11:59:02.017+0200] {dag.py:3954} INFO - Setting next_dagrun for example_subdag_operator.section-1 to None, run_after=None
[2024-05-21T11:59:02.019+0200] {logging_mixin.py:188} INFO - [2024-05-21T11:59:02.019+0200] {dag.py:3954} INFO - Setting next_dagrun for example_subdag_operator.section-2 to None, run_after=None
[2024-05-21T11:59:02.059+0200] {processor.py:183} INFO - Processing /home/munya/anaconda3/lib/python3.11/site-packages/airflow/example_dags/example_subdag_operator.py took 0.360 seconds
[2024-05-21T12:00:20.443+0200] {processor.py:161} INFO - Started process (PID=156253) to work on /home/munya/anaconda3/lib/python3.11/site-packages/airflow/example_dags/example_subdag_operator.py
[2024-05-21T12:00:20.449+0200] {processor.py:830} INFO - Processing file /home/munya/anaconda3/lib/python3.11/site-packages/airflow/example_dags/example_subdag_operator.py for tasks to queue
[2024-05-21T12:00:20.454+0200] {logging_mixin.py:188} INFO - [2024-05-21T12:00:20.451+0200] {dagbag.py:545} INFO - Filling up the DagBag from /home/munya/anaconda3/lib/python3.11/site-packages/airflow/example_dags/example_subdag_operator.py
[2024-05-21T12:00:20.549+0200] {processor.py:840} INFO - DAG(s) 'example_subdag_operator.section-1', 'example_subdag_operator.section-2', 'example_subdag_operator' retrieved from /home/munya/anaconda3/lib/python3.11/site-packages/airflow/example_dags/example_subdag_operator.py
[2024-05-21T12:00:20.581+0200] {logging_mixin.py:188} INFO - [2024-05-21T12:00:20.580+0200] {dag.py:3096} INFO - Sync 3 DAGs
[2024-05-21T12:00:20.615+0200] {logging_mixin.py:188} INFO - [2024-05-21T12:00:20.614+0200] {dag.py:3954} INFO - Setting next_dagrun for example_subdag_operator to 2022-01-01 00:00:00+00:00, run_after=2022-01-01 00:00:00+00:00
[2024-05-21T12:00:20.619+0200] {logging_mixin.py:188} INFO - [2024-05-21T12:00:20.619+0200] {dag.py:3954} INFO - Setting next_dagrun for example_subdag_operator.section-1 to None, run_after=None
[2024-05-21T12:00:20.622+0200] {logging_mixin.py:188} INFO - [2024-05-21T12:00:20.621+0200] {dag.py:3954} INFO - Setting next_dagrun for example_subdag_operator.section-2 to None, run_after=None
[2024-05-21T12:00:20.632+0200] {logging_mixin.py:188} INFO - [2024-05-21T12:00:20.632+0200] {dag.py:3096} INFO - Sync 2 DAGs
[2024-05-21T12:00:20.640+0200] {logging_mixin.py:188} INFO - [2024-05-21T12:00:20.640+0200] {dag.py:3954} INFO - Setting next_dagrun for example_subdag_operator.section-1 to None, run_after=None
[2024-05-21T12:00:20.641+0200] {logging_mixin.py:188} INFO - [2024-05-21T12:00:20.641+0200] {dag.py:3954} INFO - Setting next_dagrun for example_subdag_operator.section-2 to None, run_after=None
[2024-05-21T12:00:20.663+0200] {processor.py:183} INFO - Processing /home/munya/anaconda3/lib/python3.11/site-packages/airflow/example_dags/example_subdag_operator.py took 0.248 seconds
[2024-05-21T12:01:38.250+0200] {processor.py:161} INFO - Started process (PID=157263) to work on /home/munya/anaconda3/lib/python3.11/site-packages/airflow/example_dags/example_subdag_operator.py
[2024-05-21T12:01:38.251+0200] {processor.py:830} INFO - Processing file /home/munya/anaconda3/lib/python3.11/site-packages/airflow/example_dags/example_subdag_operator.py for tasks to queue
[2024-05-21T12:01:38.253+0200] {logging_mixin.py:188} INFO - [2024-05-21T12:01:38.252+0200] {dagbag.py:545} INFO - Filling up the DagBag from /home/munya/anaconda3/lib/python3.11/site-packages/airflow/example_dags/example_subdag_operator.py
[2024-05-21T12:01:38.299+0200] {processor.py:840} INFO - DAG(s) 'example_subdag_operator.section-1', 'example_subdag_operator.section-2', 'example_subdag_operator' retrieved from /home/munya/anaconda3/lib/python3.11/site-packages/airflow/example_dags/example_subdag_operator.py
[2024-05-21T12:01:38.343+0200] {logging_mixin.py:188} INFO - [2024-05-21T12:01:38.343+0200] {dag.py:3096} INFO - Sync 3 DAGs
[2024-05-21T12:01:38.381+0200] {logging_mixin.py:188} INFO - [2024-05-21T12:01:38.381+0200] {dag.py:3954} INFO - Setting next_dagrun for example_subdag_operator to 2022-01-01 00:00:00+00:00, run_after=2022-01-01 00:00:00+00:00
[2024-05-21T12:01:38.388+0200] {logging_mixin.py:188} INFO - [2024-05-21T12:01:38.388+0200] {dag.py:3954} INFO - Setting next_dagrun for example_subdag_operator.section-1 to None, run_after=None
[2024-05-21T12:01:38.390+0200] {logging_mixin.py:188} INFO - [2024-05-21T12:01:38.390+0200] {dag.py:3954} INFO - Setting next_dagrun for example_subdag_operator.section-2 to None, run_after=None
[2024-05-21T12:01:38.400+0200] {logging_mixin.py:188} INFO - [2024-05-21T12:01:38.400+0200] {dag.py:3096} INFO - Sync 2 DAGs
[2024-05-21T12:01:38.408+0200] {logging_mixin.py:188} INFO - [2024-05-21T12:01:38.407+0200] {dag.py:3954} INFO - Setting next_dagrun for example_subdag_operator.section-1 to None, run_after=None
[2024-05-21T12:01:38.409+0200] {logging_mixin.py:188} INFO - [2024-05-21T12:01:38.408+0200] {dag.py:3954} INFO - Setting next_dagrun for example_subdag_operator.section-2 to None, run_after=None
[2024-05-21T12:01:38.438+0200] {processor.py:183} INFO - Processing /home/munya/anaconda3/lib/python3.11/site-packages/airflow/example_dags/example_subdag_operator.py took 0.201 seconds
[2024-05-21T12:02:57.955+0200] {processor.py:161} INFO - Started process (PID=158259) to work on /home/munya/anaconda3/lib/python3.11/site-packages/airflow/example_dags/example_subdag_operator.py
[2024-05-21T12:02:57.957+0200] {processor.py:830} INFO - Processing file /home/munya/anaconda3/lib/python3.11/site-packages/airflow/example_dags/example_subdag_operator.py for tasks to queue
[2024-05-21T12:02:57.960+0200] {logging_mixin.py:188} INFO - [2024-05-21T12:02:57.959+0200] {dagbag.py:545} INFO - Filling up the DagBag from /home/munya/anaconda3/lib/python3.11/site-packages/airflow/example_dags/example_subdag_operator.py
[2024-05-21T12:02:58.025+0200] {processor.py:840} INFO - DAG(s) 'example_subdag_operator.section-1', 'example_subdag_operator.section-2', 'example_subdag_operator' retrieved from /home/munya/anaconda3/lib/python3.11/site-packages/airflow/example_dags/example_subdag_operator.py
[2024-05-21T12:02:58.100+0200] {logging_mixin.py:188} INFO - [2024-05-21T12:02:58.099+0200] {dag.py:3096} INFO - Sync 3 DAGs
[2024-05-21T12:02:58.156+0200] {logging_mixin.py:188} INFO - [2024-05-21T12:02:58.155+0200] {dag.py:3954} INFO - Setting next_dagrun for example_subdag_operator to 2022-01-01 00:00:00+00:00, run_after=2022-01-01 00:00:00+00:00
[2024-05-21T12:02:58.163+0200] {logging_mixin.py:188} INFO - [2024-05-21T12:02:58.163+0200] {dag.py:3954} INFO - Setting next_dagrun for example_subdag_operator.section-1 to None, run_after=None
[2024-05-21T12:02:58.166+0200] {logging_mixin.py:188} INFO - [2024-05-21T12:02:58.166+0200] {dag.py:3954} INFO - Setting next_dagrun for example_subdag_operator.section-2 to None, run_after=None
[2024-05-21T12:02:58.180+0200] {logging_mixin.py:188} INFO - [2024-05-21T12:02:58.179+0200] {dag.py:3096} INFO - Sync 2 DAGs
[2024-05-21T12:02:58.190+0200] {logging_mixin.py:188} INFO - [2024-05-21T12:02:58.189+0200] {dag.py:3954} INFO - Setting next_dagrun for example_subdag_operator.section-1 to None, run_after=None
[2024-05-21T12:02:58.190+0200] {logging_mixin.py:188} INFO - [2024-05-21T12:02:58.190+0200] {dag.py:3954} INFO - Setting next_dagrun for example_subdag_operator.section-2 to None, run_after=None
[2024-05-21T12:02:58.217+0200] {processor.py:183} INFO - Processing /home/munya/anaconda3/lib/python3.11/site-packages/airflow/example_dags/example_subdag_operator.py took 0.281 seconds
[2024-05-21T12:04:04.672+0200] {processor.py:161} INFO - Started process (PID=159303) to work on /home/munya/anaconda3/lib/python3.11/site-packages/airflow/example_dags/example_subdag_operator.py
[2024-05-21T12:04:04.673+0200] {processor.py:830} INFO - Processing file /home/munya/anaconda3/lib/python3.11/site-packages/airflow/example_dags/example_subdag_operator.py for tasks to queue
[2024-05-21T12:04:04.674+0200] {logging_mixin.py:188} INFO - [2024-05-21T12:04:04.673+0200] {dagbag.py:545} INFO - Filling up the DagBag from /home/munya/anaconda3/lib/python3.11/site-packages/airflow/example_dags/example_subdag_operator.py
[2024-05-21T12:04:04.697+0200] {processor.py:840} INFO - DAG(s) 'example_subdag_operator.section-1', 'example_subdag_operator.section-2', 'example_subdag_operator' retrieved from /home/munya/anaconda3/lib/python3.11/site-packages/airflow/example_dags/example_subdag_operator.py
[2024-05-21T12:04:04.713+0200] {logging_mixin.py:188} INFO - [2024-05-21T12:04:04.713+0200] {dag.py:3096} INFO - Sync 3 DAGs
[2024-05-21T12:04:04.735+0200] {logging_mixin.py:188} INFO - [2024-05-21T12:04:04.734+0200] {dag.py:3954} INFO - Setting next_dagrun for example_subdag_operator to 2022-01-01 00:00:00+00:00, run_after=2022-01-01 00:00:00+00:00
[2024-05-21T12:04:04.738+0200] {logging_mixin.py:188} INFO - [2024-05-21T12:04:04.738+0200] {dag.py:3954} INFO - Setting next_dagrun for example_subdag_operator.section-1 to None, run_after=None
[2024-05-21T12:04:04.739+0200] {logging_mixin.py:188} INFO - [2024-05-21T12:04:04.739+0200] {dag.py:3954} INFO - Setting next_dagrun for example_subdag_operator.section-2 to None, run_after=None
[2024-05-21T12:04:04.745+0200] {logging_mixin.py:188} INFO - [2024-05-21T12:04:04.745+0200] {dag.py:3096} INFO - Sync 2 DAGs
[2024-05-21T12:04:04.750+0200] {logging_mixin.py:188} INFO - [2024-05-21T12:04:04.749+0200] {dag.py:3954} INFO - Setting next_dagrun for example_subdag_operator.section-1 to None, run_after=None
[2024-05-21T12:04:04.750+0200] {logging_mixin.py:188} INFO - [2024-05-21T12:04:04.750+0200] {dag.py:3954} INFO - Setting next_dagrun for example_subdag_operator.section-2 to None, run_after=None
[2024-05-21T12:04:04.764+0200] {processor.py:183} INFO - Processing /home/munya/anaconda3/lib/python3.11/site-packages/airflow/example_dags/example_subdag_operator.py took 0.098 seconds
[2024-05-21T12:05:06.748+0200] {processor.py:161} INFO - Started process (PID=160094) to work on /home/munya/anaconda3/lib/python3.11/site-packages/airflow/example_dags/example_subdag_operator.py
[2024-05-21T12:05:06.749+0200] {processor.py:830} INFO - Processing file /home/munya/anaconda3/lib/python3.11/site-packages/airflow/example_dags/example_subdag_operator.py for tasks to queue
[2024-05-21T12:05:06.750+0200] {logging_mixin.py:188} INFO - [2024-05-21T12:05:06.749+0200] {dagbag.py:545} INFO - Filling up the DagBag from /home/munya/anaconda3/lib/python3.11/site-packages/airflow/example_dags/example_subdag_operator.py
[2024-05-21T12:05:06.774+0200] {processor.py:840} INFO - DAG(s) 'example_subdag_operator.section-1', 'example_subdag_operator.section-2', 'example_subdag_operator' retrieved from /home/munya/anaconda3/lib/python3.11/site-packages/airflow/example_dags/example_subdag_operator.py
[2024-05-21T12:05:06.794+0200] {logging_mixin.py:188} INFO - [2024-05-21T12:05:06.794+0200] {dag.py:3096} INFO - Sync 3 DAGs
[2024-05-21T12:05:06.813+0200] {logging_mixin.py:188} INFO - [2024-05-21T12:05:06.813+0200] {dag.py:3954} INFO - Setting next_dagrun for example_subdag_operator to 2022-01-01 00:00:00+00:00, run_after=2022-01-01 00:00:00+00:00
[2024-05-21T12:05:06.816+0200] {logging_mixin.py:188} INFO - [2024-05-21T12:05:06.816+0200] {dag.py:3954} INFO - Setting next_dagrun for example_subdag_operator.section-1 to None, run_after=None
[2024-05-21T12:05:06.817+0200] {logging_mixin.py:188} INFO - [2024-05-21T12:05:06.817+0200] {dag.py:3954} INFO - Setting next_dagrun for example_subdag_operator.section-2 to None, run_after=None
[2024-05-21T12:05:06.822+0200] {logging_mixin.py:188} INFO - [2024-05-21T12:05:06.822+0200] {dag.py:3096} INFO - Sync 2 DAGs
[2024-05-21T12:05:06.826+0200] {logging_mixin.py:188} INFO - [2024-05-21T12:05:06.826+0200] {dag.py:3954} INFO - Setting next_dagrun for example_subdag_operator.section-1 to None, run_after=None
[2024-05-21T12:05:06.827+0200] {logging_mixin.py:188} INFO - [2024-05-21T12:05:06.827+0200] {dag.py:3954} INFO - Setting next_dagrun for example_subdag_operator.section-2 to None, run_after=None
[2024-05-21T12:05:06.841+0200] {processor.py:183} INFO - Processing /home/munya/anaconda3/lib/python3.11/site-packages/airflow/example_dags/example_subdag_operator.py took 0.100 seconds
[2024-05-21T12:06:10.475+0200] {processor.py:161} INFO - Started process (PID=161289) to work on /home/munya/anaconda3/lib/python3.11/site-packages/airflow/example_dags/example_subdag_operator.py
[2024-05-21T12:06:10.476+0200] {processor.py:830} INFO - Processing file /home/munya/anaconda3/lib/python3.11/site-packages/airflow/example_dags/example_subdag_operator.py for tasks to queue
[2024-05-21T12:06:10.477+0200] {logging_mixin.py:188} INFO - [2024-05-21T12:06:10.476+0200] {dagbag.py:545} INFO - Filling up the DagBag from /home/munya/anaconda3/lib/python3.11/site-packages/airflow/example_dags/example_subdag_operator.py
[2024-05-21T12:06:10.497+0200] {processor.py:840} INFO - DAG(s) 'example_subdag_operator.section-1', 'example_subdag_operator.section-2', 'example_subdag_operator' retrieved from /home/munya/anaconda3/lib/python3.11/site-packages/airflow/example_dags/example_subdag_operator.py
[2024-05-21T12:06:10.519+0200] {logging_mixin.py:188} INFO - [2024-05-21T12:06:10.519+0200] {dag.py:3096} INFO - Sync 3 DAGs
[2024-05-21T12:06:10.542+0200] {logging_mixin.py:188} INFO - [2024-05-21T12:06:10.541+0200] {dag.py:3954} INFO - Setting next_dagrun for example_subdag_operator to 2022-01-01 00:00:00+00:00, run_after=2022-01-01 00:00:00+00:00
[2024-05-21T12:06:10.545+0200] {logging_mixin.py:188} INFO - [2024-05-21T12:06:10.545+0200] {dag.py:3954} INFO - Setting next_dagrun for example_subdag_operator.section-1 to None, run_after=None
[2024-05-21T12:06:10.546+0200] {logging_mixin.py:188} INFO - [2024-05-21T12:06:10.546+0200] {dag.py:3954} INFO - Setting next_dagrun for example_subdag_operator.section-2 to None, run_after=None
[2024-05-21T12:06:10.552+0200] {logging_mixin.py:188} INFO - [2024-05-21T12:06:10.552+0200] {dag.py:3096} INFO - Sync 2 DAGs
[2024-05-21T12:06:10.556+0200] {logging_mixin.py:188} INFO - [2024-05-21T12:06:10.556+0200] {dag.py:3954} INFO - Setting next_dagrun for example_subdag_operator.section-1 to None, run_after=None
[2024-05-21T12:06:10.557+0200] {logging_mixin.py:188} INFO - [2024-05-21T12:06:10.557+0200] {dag.py:3954} INFO - Setting next_dagrun for example_subdag_operator.section-2 to None, run_after=None
[2024-05-21T12:06:10.571+0200] {processor.py:183} INFO - Processing /home/munya/anaconda3/lib/python3.11/site-packages/airflow/example_dags/example_subdag_operator.py took 0.102 seconds
[2024-05-21T12:07:14.205+0200] {processor.py:161} INFO - Started process (PID=162083) to work on /home/munya/anaconda3/lib/python3.11/site-packages/airflow/example_dags/example_subdag_operator.py
[2024-05-21T12:07:14.206+0200] {processor.py:830} INFO - Processing file /home/munya/anaconda3/lib/python3.11/site-packages/airflow/example_dags/example_subdag_operator.py for tasks to queue
[2024-05-21T12:07:14.207+0200] {logging_mixin.py:188} INFO - [2024-05-21T12:07:14.206+0200] {dagbag.py:545} INFO - Filling up the DagBag from /home/munya/anaconda3/lib/python3.11/site-packages/airflow/example_dags/example_subdag_operator.py
[2024-05-21T12:07:14.230+0200] {processor.py:840} INFO - DAG(s) 'example_subdag_operator.section-1', 'example_subdag_operator.section-2', 'example_subdag_operator' retrieved from /home/munya/anaconda3/lib/python3.11/site-packages/airflow/example_dags/example_subdag_operator.py
[2024-05-21T12:07:14.248+0200] {logging_mixin.py:188} INFO - [2024-05-21T12:07:14.248+0200] {dag.py:3096} INFO - Sync 3 DAGs
[2024-05-21T12:07:14.270+0200] {logging_mixin.py:188} INFO - [2024-05-21T12:07:14.270+0200] {dag.py:3954} INFO - Setting next_dagrun for example_subdag_operator to 2022-01-01 00:00:00+00:00, run_after=2022-01-01 00:00:00+00:00
[2024-05-21T12:07:14.273+0200] {logging_mixin.py:188} INFO - [2024-05-21T12:07:14.273+0200] {dag.py:3954} INFO - Setting next_dagrun for example_subdag_operator.section-1 to None, run_after=None
[2024-05-21T12:07:14.274+0200] {logging_mixin.py:188} INFO - [2024-05-21T12:07:14.274+0200] {dag.py:3954} INFO - Setting next_dagrun for example_subdag_operator.section-2 to None, run_after=None
[2024-05-21T12:07:14.280+0200] {logging_mixin.py:188} INFO - [2024-05-21T12:07:14.279+0200] {dag.py:3096} INFO - Sync 2 DAGs
[2024-05-21T12:07:14.284+0200] {logging_mixin.py:188} INFO - [2024-05-21T12:07:14.284+0200] {dag.py:3954} INFO - Setting next_dagrun for example_subdag_operator.section-1 to None, run_after=None
[2024-05-21T12:07:14.285+0200] {logging_mixin.py:188} INFO - [2024-05-21T12:07:14.284+0200] {dag.py:3954} INFO - Setting next_dagrun for example_subdag_operator.section-2 to None, run_after=None
[2024-05-21T12:07:14.299+0200] {processor.py:183} INFO - Processing /home/munya/anaconda3/lib/python3.11/site-packages/airflow/example_dags/example_subdag_operator.py took 0.101 seconds
[2024-05-21T12:08:24.839+0200] {processor.py:161} INFO - Started process (PID=162974) to work on /home/munya/anaconda3/lib/python3.11/site-packages/airflow/example_dags/example_subdag_operator.py
[2024-05-21T12:08:24.840+0200] {processor.py:830} INFO - Processing file /home/munya/anaconda3/lib/python3.11/site-packages/airflow/example_dags/example_subdag_operator.py for tasks to queue
[2024-05-21T12:08:24.841+0200] {logging_mixin.py:188} INFO - [2024-05-21T12:08:24.841+0200] {dagbag.py:545} INFO - Filling up the DagBag from /home/munya/anaconda3/lib/python3.11/site-packages/airflow/example_dags/example_subdag_operator.py
[2024-05-21T12:08:24.866+0200] {processor.py:840} INFO - DAG(s) 'example_subdag_operator.section-1', 'example_subdag_operator.section-2', 'example_subdag_operator' retrieved from /home/munya/anaconda3/lib/python3.11/site-packages/airflow/example_dags/example_subdag_operator.py
[2024-05-21T12:08:24.886+0200] {logging_mixin.py:188} INFO - [2024-05-21T12:08:24.886+0200] {dag.py:3096} INFO - Sync 3 DAGs
[2024-05-21T12:08:24.911+0200] {logging_mixin.py:188} INFO - [2024-05-21T12:08:24.910+0200] {dag.py:3954} INFO - Setting next_dagrun for example_subdag_operator to 2022-01-01 00:00:00+00:00, run_after=2022-01-01 00:00:00+00:00
[2024-05-21T12:08:24.916+0200] {logging_mixin.py:188} INFO - [2024-05-21T12:08:24.915+0200] {dag.py:3954} INFO - Setting next_dagrun for example_subdag_operator.section-1 to None, run_after=None
[2024-05-21T12:08:24.917+0200] {logging_mixin.py:188} INFO - [2024-05-21T12:08:24.917+0200] {dag.py:3954} INFO - Setting next_dagrun for example_subdag_operator.section-2 to None, run_after=None
[2024-05-21T12:08:24.924+0200] {logging_mixin.py:188} INFO - [2024-05-21T12:08:24.924+0200] {dag.py:3096} INFO - Sync 2 DAGs
[2024-05-21T12:08:24.931+0200] {logging_mixin.py:188} INFO - [2024-05-21T12:08:24.931+0200] {dag.py:3954} INFO - Setting next_dagrun for example_subdag_operator.section-1 to None, run_after=None
[2024-05-21T12:08:24.932+0200] {logging_mixin.py:188} INFO - [2024-05-21T12:08:24.931+0200] {dag.py:3954} INFO - Setting next_dagrun for example_subdag_operator.section-2 to None, run_after=None
[2024-05-21T12:08:24.952+0200] {processor.py:183} INFO - Processing /home/munya/anaconda3/lib/python3.11/site-packages/airflow/example_dags/example_subdag_operator.py took 0.120 seconds
[2024-05-21T12:09:31.098+0200] {processor.py:161} INFO - Started process (PID=163865) to work on /home/munya/anaconda3/lib/python3.11/site-packages/airflow/example_dags/example_subdag_operator.py
[2024-05-21T12:09:31.099+0200] {processor.py:830} INFO - Processing file /home/munya/anaconda3/lib/python3.11/site-packages/airflow/example_dags/example_subdag_operator.py for tasks to queue
[2024-05-21T12:09:31.100+0200] {logging_mixin.py:188} INFO - [2024-05-21T12:09:31.099+0200] {dagbag.py:545} INFO - Filling up the DagBag from /home/munya/anaconda3/lib/python3.11/site-packages/airflow/example_dags/example_subdag_operator.py
[2024-05-21T12:09:31.122+0200] {processor.py:840} INFO - DAG(s) 'example_subdag_operator.section-1', 'example_subdag_operator.section-2', 'example_subdag_operator' retrieved from /home/munya/anaconda3/lib/python3.11/site-packages/airflow/example_dags/example_subdag_operator.py
[2024-05-21T12:09:31.135+0200] {logging_mixin.py:188} INFO - [2024-05-21T12:09:31.135+0200] {dag.py:3096} INFO - Sync 3 DAGs
[2024-05-21T12:09:31.152+0200] {logging_mixin.py:188} INFO - [2024-05-21T12:09:31.152+0200] {dag.py:3954} INFO - Setting next_dagrun for example_subdag_operator to 2022-01-01 00:00:00+00:00, run_after=2022-01-01 00:00:00+00:00
[2024-05-21T12:09:31.156+0200] {logging_mixin.py:188} INFO - [2024-05-21T12:09:31.156+0200] {dag.py:3954} INFO - Setting next_dagrun for example_subdag_operator.section-1 to None, run_after=None
[2024-05-21T12:09:31.157+0200] {logging_mixin.py:188} INFO - [2024-05-21T12:09:31.157+0200] {dag.py:3954} INFO - Setting next_dagrun for example_subdag_operator.section-2 to None, run_after=None
[2024-05-21T12:09:31.162+0200] {logging_mixin.py:188} INFO - [2024-05-21T12:09:31.162+0200] {dag.py:3096} INFO - Sync 2 DAGs
[2024-05-21T12:09:31.166+0200] {logging_mixin.py:188} INFO - [2024-05-21T12:09:31.166+0200] {dag.py:3954} INFO - Setting next_dagrun for example_subdag_operator.section-1 to None, run_after=None
[2024-05-21T12:09:31.167+0200] {logging_mixin.py:188} INFO - [2024-05-21T12:09:31.167+0200] {dag.py:3954} INFO - Setting next_dagrun for example_subdag_operator.section-2 to None, run_after=None
[2024-05-21T12:09:31.181+0200] {processor.py:183} INFO - Processing /home/munya/anaconda3/lib/python3.11/site-packages/airflow/example_dags/example_subdag_operator.py took 0.090 seconds
[2024-05-21T12:10:33.722+0200] {processor.py:161} INFO - Started process (PID=164679) to work on /home/munya/anaconda3/lib/python3.11/site-packages/airflow/example_dags/example_subdag_operator.py
[2024-05-21T12:10:33.723+0200] {processor.py:830} INFO - Processing file /home/munya/anaconda3/lib/python3.11/site-packages/airflow/example_dags/example_subdag_operator.py for tasks to queue
[2024-05-21T12:10:33.724+0200] {logging_mixin.py:188} INFO - [2024-05-21T12:10:33.723+0200] {dagbag.py:545} INFO - Filling up the DagBag from /home/munya/anaconda3/lib/python3.11/site-packages/airflow/example_dags/example_subdag_operator.py
[2024-05-21T12:10:33.746+0200] {processor.py:840} INFO - DAG(s) 'example_subdag_operator.section-1', 'example_subdag_operator.section-2', 'example_subdag_operator' retrieved from /home/munya/anaconda3/lib/python3.11/site-packages/airflow/example_dags/example_subdag_operator.py
[2024-05-21T12:10:33.767+0200] {logging_mixin.py:188} INFO - [2024-05-21T12:10:33.767+0200] {dag.py:3096} INFO - Sync 3 DAGs
[2024-05-21T12:10:33.791+0200] {logging_mixin.py:188} INFO - [2024-05-21T12:10:33.791+0200] {dag.py:3954} INFO - Setting next_dagrun for example_subdag_operator to 2022-01-01 00:00:00+00:00, run_after=2022-01-01 00:00:00+00:00
[2024-05-21T12:10:33.795+0200] {logging_mixin.py:188} INFO - [2024-05-21T12:10:33.795+0200] {dag.py:3954} INFO - Setting next_dagrun for example_subdag_operator.section-1 to None, run_after=None
[2024-05-21T12:10:33.797+0200] {logging_mixin.py:188} INFO - [2024-05-21T12:10:33.797+0200] {dag.py:3954} INFO - Setting next_dagrun for example_subdag_operator.section-2 to None, run_after=None
[2024-05-21T12:10:33.803+0200] {logging_mixin.py:188} INFO - [2024-05-21T12:10:33.803+0200] {dag.py:3096} INFO - Sync 2 DAGs
[2024-05-21T12:10:33.811+0200] {logging_mixin.py:188} INFO - [2024-05-21T12:10:33.811+0200] {dag.py:3954} INFO - Setting next_dagrun for example_subdag_operator.section-1 to None, run_after=None
[2024-05-21T12:10:33.812+0200] {logging_mixin.py:188} INFO - [2024-05-21T12:10:33.811+0200] {dag.py:3954} INFO - Setting next_dagrun for example_subdag_operator.section-2 to None, run_after=None
[2024-05-21T12:10:33.827+0200] {processor.py:183} INFO - Processing /home/munya/anaconda3/lib/python3.11/site-packages/airflow/example_dags/example_subdag_operator.py took 0.112 seconds
[2024-05-21T12:11:37.251+0200] {processor.py:161} INFO - Started process (PID=165520) to work on /home/munya/anaconda3/lib/python3.11/site-packages/airflow/example_dags/example_subdag_operator.py
[2024-05-21T12:11:37.252+0200] {processor.py:830} INFO - Processing file /home/munya/anaconda3/lib/python3.11/site-packages/airflow/example_dags/example_subdag_operator.py for tasks to queue
[2024-05-21T12:11:37.253+0200] {logging_mixin.py:188} INFO - [2024-05-21T12:11:37.252+0200] {dagbag.py:545} INFO - Filling up the DagBag from /home/munya/anaconda3/lib/python3.11/site-packages/airflow/example_dags/example_subdag_operator.py
[2024-05-21T12:11:37.276+0200] {processor.py:840} INFO - DAG(s) 'example_subdag_operator.section-1', 'example_subdag_operator.section-2', 'example_subdag_operator' retrieved from /home/munya/anaconda3/lib/python3.11/site-packages/airflow/example_dags/example_subdag_operator.py
[2024-05-21T12:11:37.297+0200] {logging_mixin.py:188} INFO - [2024-05-21T12:11:37.297+0200] {dag.py:3096} INFO - Sync 3 DAGs
[2024-05-21T12:11:37.319+0200] {logging_mixin.py:188} INFO - [2024-05-21T12:11:37.319+0200] {dag.py:3954} INFO - Setting next_dagrun for example_subdag_operator to 2022-01-01 00:00:00+00:00, run_after=2022-01-01 00:00:00+00:00
[2024-05-21T12:11:37.323+0200] {logging_mixin.py:188} INFO - [2024-05-21T12:11:37.323+0200] {dag.py:3954} INFO - Setting next_dagrun for example_subdag_operator.section-1 to None, run_after=None
[2024-05-21T12:11:37.324+0200] {logging_mixin.py:188} INFO - [2024-05-21T12:11:37.324+0200] {dag.py:3954} INFO - Setting next_dagrun for example_subdag_operator.section-2 to None, run_after=None
[2024-05-21T12:11:37.331+0200] {logging_mixin.py:188} INFO - [2024-05-21T12:11:37.331+0200] {dag.py:3096} INFO - Sync 2 DAGs
[2024-05-21T12:11:37.336+0200] {logging_mixin.py:188} INFO - [2024-05-21T12:11:37.335+0200] {dag.py:3954} INFO - Setting next_dagrun for example_subdag_operator.section-1 to None, run_after=None
[2024-05-21T12:11:37.336+0200] {logging_mixin.py:188} INFO - [2024-05-21T12:11:37.336+0200] {dag.py:3954} INFO - Setting next_dagrun for example_subdag_operator.section-2 to None, run_after=None
[2024-05-21T12:11:37.352+0200] {processor.py:183} INFO - Processing /home/munya/anaconda3/lib/python3.11/site-packages/airflow/example_dags/example_subdag_operator.py took 0.107 seconds
[2024-05-21T12:12:43.322+0200] {processor.py:161} INFO - Started process (PID=166387) to work on /home/munya/anaconda3/lib/python3.11/site-packages/airflow/example_dags/example_subdag_operator.py
[2024-05-21T12:12:43.323+0200] {processor.py:830} INFO - Processing file /home/munya/anaconda3/lib/python3.11/site-packages/airflow/example_dags/example_subdag_operator.py for tasks to queue
[2024-05-21T12:12:43.325+0200] {logging_mixin.py:188} INFO - [2024-05-21T12:12:43.324+0200] {dagbag.py:545} INFO - Filling up the DagBag from /home/munya/anaconda3/lib/python3.11/site-packages/airflow/example_dags/example_subdag_operator.py
[2024-05-21T12:12:43.355+0200] {processor.py:840} INFO - DAG(s) 'example_subdag_operator.section-1', 'example_subdag_operator.section-2', 'example_subdag_operator' retrieved from /home/munya/anaconda3/lib/python3.11/site-packages/airflow/example_dags/example_subdag_operator.py
[2024-05-21T12:12:43.383+0200] {logging_mixin.py:188} INFO - [2024-05-21T12:12:43.383+0200] {dag.py:3096} INFO - Sync 3 DAGs
[2024-05-21T12:12:43.413+0200] {logging_mixin.py:188} INFO - [2024-05-21T12:12:43.413+0200] {dag.py:3954} INFO - Setting next_dagrun for example_subdag_operator to 2022-01-01 00:00:00+00:00, run_after=2022-01-01 00:00:00+00:00
[2024-05-21T12:12:43.418+0200] {logging_mixin.py:188} INFO - [2024-05-21T12:12:43.417+0200] {dag.py:3954} INFO - Setting next_dagrun for example_subdag_operator.section-1 to None, run_after=None
[2024-05-21T12:12:43.419+0200] {logging_mixin.py:188} INFO - [2024-05-21T12:12:43.419+0200] {dag.py:3954} INFO - Setting next_dagrun for example_subdag_operator.section-2 to None, run_after=None
[2024-05-21T12:12:43.427+0200] {logging_mixin.py:188} INFO - [2024-05-21T12:12:43.427+0200] {dag.py:3096} INFO - Sync 2 DAGs
[2024-05-21T12:12:43.433+0200] {logging_mixin.py:188} INFO - [2024-05-21T12:12:43.432+0200] {dag.py:3954} INFO - Setting next_dagrun for example_subdag_operator.section-1 to None, run_after=None
[2024-05-21T12:12:43.433+0200] {logging_mixin.py:188} INFO - [2024-05-21T12:12:43.433+0200] {dag.py:3954} INFO - Setting next_dagrun for example_subdag_operator.section-2 to None, run_after=None
[2024-05-21T12:12:43.448+0200] {processor.py:183} INFO - Processing /home/munya/anaconda3/lib/python3.11/site-packages/airflow/example_dags/example_subdag_operator.py took 0.133 seconds
[2024-05-21T12:13:46.709+0200] {processor.py:161} INFO - Started process (PID=167226) to work on /home/munya/anaconda3/lib/python3.11/site-packages/airflow/example_dags/example_subdag_operator.py
[2024-05-21T12:13:46.710+0200] {processor.py:830} INFO - Processing file /home/munya/anaconda3/lib/python3.11/site-packages/airflow/example_dags/example_subdag_operator.py for tasks to queue
[2024-05-21T12:13:46.711+0200] {logging_mixin.py:188} INFO - [2024-05-21T12:13:46.710+0200] {dagbag.py:545} INFO - Filling up the DagBag from /home/munya/anaconda3/lib/python3.11/site-packages/airflow/example_dags/example_subdag_operator.py
[2024-05-21T12:13:46.733+0200] {processor.py:840} INFO - DAG(s) 'example_subdag_operator.section-1', 'example_subdag_operator.section-2', 'example_subdag_operator' retrieved from /home/munya/anaconda3/lib/python3.11/site-packages/airflow/example_dags/example_subdag_operator.py
[2024-05-21T12:13:46.753+0200] {logging_mixin.py:188} INFO - [2024-05-21T12:13:46.753+0200] {dag.py:3096} INFO - Sync 3 DAGs
[2024-05-21T12:13:46.774+0200] {logging_mixin.py:188} INFO - [2024-05-21T12:13:46.774+0200] {dag.py:3954} INFO - Setting next_dagrun for example_subdag_operator to 2022-01-01 00:00:00+00:00, run_after=2022-01-01 00:00:00+00:00
[2024-05-21T12:13:46.778+0200] {logging_mixin.py:188} INFO - [2024-05-21T12:13:46.778+0200] {dag.py:3954} INFO - Setting next_dagrun for example_subdag_operator.section-1 to None, run_after=None
[2024-05-21T12:13:46.779+0200] {logging_mixin.py:188} INFO - [2024-05-21T12:13:46.779+0200] {dag.py:3954} INFO - Setting next_dagrun for example_subdag_operator.section-2 to None, run_after=None
[2024-05-21T12:13:46.785+0200] {logging_mixin.py:188} INFO - [2024-05-21T12:13:46.785+0200] {dag.py:3096} INFO - Sync 2 DAGs
[2024-05-21T12:13:46.789+0200] {logging_mixin.py:188} INFO - [2024-05-21T12:13:46.789+0200] {dag.py:3954} INFO - Setting next_dagrun for example_subdag_operator.section-1 to None, run_after=None
[2024-05-21T12:13:46.790+0200] {logging_mixin.py:188} INFO - [2024-05-21T12:13:46.790+0200] {dag.py:3954} INFO - Setting next_dagrun for example_subdag_operator.section-2 to None, run_after=None
[2024-05-21T12:13:46.803+0200] {processor.py:183} INFO - Processing /home/munya/anaconda3/lib/python3.11/site-packages/airflow/example_dags/example_subdag_operator.py took 0.102 seconds
[2024-05-21T12:14:51.102+0200] {processor.py:161} INFO - Started process (PID=168033) to work on /home/munya/anaconda3/lib/python3.11/site-packages/airflow/example_dags/example_subdag_operator.py
[2024-05-21T12:14:51.103+0200] {processor.py:830} INFO - Processing file /home/munya/anaconda3/lib/python3.11/site-packages/airflow/example_dags/example_subdag_operator.py for tasks to queue
[2024-05-21T12:14:51.104+0200] {logging_mixin.py:188} INFO - [2024-05-21T12:14:51.104+0200] {dagbag.py:545} INFO - Filling up the DagBag from /home/munya/anaconda3/lib/python3.11/site-packages/airflow/example_dags/example_subdag_operator.py
[2024-05-21T12:14:51.123+0200] {processor.py:840} INFO - DAG(s) 'example_subdag_operator.section-1', 'example_subdag_operator.section-2', 'example_subdag_operator' retrieved from /home/munya/anaconda3/lib/python3.11/site-packages/airflow/example_dags/example_subdag_operator.py
[2024-05-21T12:14:51.142+0200] {logging_mixin.py:188} INFO - [2024-05-21T12:14:51.142+0200] {dag.py:3096} INFO - Sync 3 DAGs
[2024-05-21T12:14:51.161+0200] {logging_mixin.py:188} INFO - [2024-05-21T12:14:51.161+0200] {dag.py:3954} INFO - Setting next_dagrun for example_subdag_operator to 2022-01-01 00:00:00+00:00, run_after=2022-01-01 00:00:00+00:00
[2024-05-21T12:14:51.165+0200] {logging_mixin.py:188} INFO - [2024-05-21T12:14:51.165+0200] {dag.py:3954} INFO - Setting next_dagrun for example_subdag_operator.section-1 to None, run_after=None
[2024-05-21T12:14:51.166+0200] {logging_mixin.py:188} INFO - [2024-05-21T12:14:51.166+0200] {dag.py:3954} INFO - Setting next_dagrun for example_subdag_operator.section-2 to None, run_after=None
[2024-05-21T12:14:51.171+0200] {logging_mixin.py:188} INFO - [2024-05-21T12:14:51.171+0200] {dag.py:3096} INFO - Sync 2 DAGs
[2024-05-21T12:14:51.175+0200] {logging_mixin.py:188} INFO - [2024-05-21T12:14:51.175+0200] {dag.py:3954} INFO - Setting next_dagrun for example_subdag_operator.section-1 to None, run_after=None
[2024-05-21T12:14:51.175+0200] {logging_mixin.py:188} INFO - [2024-05-21T12:14:51.175+0200] {dag.py:3954} INFO - Setting next_dagrun for example_subdag_operator.section-2 to None, run_after=None
[2024-05-21T12:14:51.190+0200] {processor.py:183} INFO - Processing /home/munya/anaconda3/lib/python3.11/site-packages/airflow/example_dags/example_subdag_operator.py took 0.093 seconds
[2024-05-21T12:15:58.950+0200] {processor.py:161} INFO - Started process (PID=168927) to work on /home/munya/anaconda3/lib/python3.11/site-packages/airflow/example_dags/example_subdag_operator.py
[2024-05-21T12:15:58.951+0200] {processor.py:830} INFO - Processing file /home/munya/anaconda3/lib/python3.11/site-packages/airflow/example_dags/example_subdag_operator.py for tasks to queue
[2024-05-21T12:15:58.952+0200] {logging_mixin.py:188} INFO - [2024-05-21T12:15:58.952+0200] {dagbag.py:545} INFO - Filling up the DagBag from /home/munya/anaconda3/lib/python3.11/site-packages/airflow/example_dags/example_subdag_operator.py
[2024-05-21T12:15:58.974+0200] {processor.py:840} INFO - DAG(s) 'example_subdag_operator.section-1', 'example_subdag_operator.section-2', 'example_subdag_operator' retrieved from /home/munya/anaconda3/lib/python3.11/site-packages/airflow/example_dags/example_subdag_operator.py
[2024-05-21T12:15:58.991+0200] {logging_mixin.py:188} INFO - [2024-05-21T12:15:58.991+0200] {dag.py:3096} INFO - Sync 3 DAGs
[2024-05-21T12:15:59.009+0200] {logging_mixin.py:188} INFO - [2024-05-21T12:15:59.009+0200] {dag.py:3954} INFO - Setting next_dagrun for example_subdag_operator to 2022-01-01 00:00:00+00:00, run_after=2022-01-01 00:00:00+00:00
[2024-05-21T12:15:59.012+0200] {logging_mixin.py:188} INFO - [2024-05-21T12:15:59.012+0200] {dag.py:3954} INFO - Setting next_dagrun for example_subdag_operator.section-1 to None, run_after=None
[2024-05-21T12:15:59.013+0200] {logging_mixin.py:188} INFO - [2024-05-21T12:15:59.013+0200] {dag.py:3954} INFO - Setting next_dagrun for example_subdag_operator.section-2 to None, run_after=None
[2024-05-21T12:15:59.018+0200] {logging_mixin.py:188} INFO - [2024-05-21T12:15:59.018+0200] {dag.py:3096} INFO - Sync 2 DAGs
[2024-05-21T12:15:59.023+0200] {logging_mixin.py:188} INFO - [2024-05-21T12:15:59.023+0200] {dag.py:3954} INFO - Setting next_dagrun for example_subdag_operator.section-1 to None, run_after=None
[2024-05-21T12:15:59.024+0200] {logging_mixin.py:188} INFO - [2024-05-21T12:15:59.023+0200] {dag.py:3954} INFO - Setting next_dagrun for example_subdag_operator.section-2 to None, run_after=None
[2024-05-21T12:15:59.039+0200] {processor.py:183} INFO - Processing /home/munya/anaconda3/lib/python3.11/site-packages/airflow/example_dags/example_subdag_operator.py took 0.094 seconds
[2024-05-21T12:17:04.365+0200] {processor.py:161} INFO - Started process (PID=169758) to work on /home/munya/anaconda3/lib/python3.11/site-packages/airflow/example_dags/example_subdag_operator.py
[2024-05-21T12:17:04.366+0200] {processor.py:830} INFO - Processing file /home/munya/anaconda3/lib/python3.11/site-packages/airflow/example_dags/example_subdag_operator.py for tasks to queue
[2024-05-21T12:17:04.367+0200] {logging_mixin.py:188} INFO - [2024-05-21T12:17:04.367+0200] {dagbag.py:545} INFO - Filling up the DagBag from /home/munya/anaconda3/lib/python3.11/site-packages/airflow/example_dags/example_subdag_operator.py
[2024-05-21T12:17:04.392+0200] {processor.py:840} INFO - DAG(s) 'example_subdag_operator.section-1', 'example_subdag_operator.section-2', 'example_subdag_operator' retrieved from /home/munya/anaconda3/lib/python3.11/site-packages/airflow/example_dags/example_subdag_operator.py
[2024-05-21T12:17:04.414+0200] {logging_mixin.py:188} INFO - [2024-05-21T12:17:04.413+0200] {dag.py:3096} INFO - Sync 3 DAGs
[2024-05-21T12:17:04.438+0200] {logging_mixin.py:188} INFO - [2024-05-21T12:17:04.437+0200] {dag.py:3954} INFO - Setting next_dagrun for example_subdag_operator to 2022-01-01 00:00:00+00:00, run_after=2022-01-01 00:00:00+00:00
[2024-05-21T12:17:04.441+0200] {logging_mixin.py:188} INFO - [2024-05-21T12:17:04.441+0200] {dag.py:3954} INFO - Setting next_dagrun for example_subdag_operator.section-1 to None, run_after=None
[2024-05-21T12:17:04.442+0200] {logging_mixin.py:188} INFO - [2024-05-21T12:17:04.442+0200] {dag.py:3954} INFO - Setting next_dagrun for example_subdag_operator.section-2 to None, run_after=None
[2024-05-21T12:17:04.449+0200] {logging_mixin.py:188} INFO - [2024-05-21T12:17:04.448+0200] {dag.py:3096} INFO - Sync 2 DAGs
[2024-05-21T12:17:04.454+0200] {logging_mixin.py:188} INFO - [2024-05-21T12:17:04.453+0200] {dag.py:3954} INFO - Setting next_dagrun for example_subdag_operator.section-1 to None, run_after=None
[2024-05-21T12:17:04.454+0200] {logging_mixin.py:188} INFO - [2024-05-21T12:17:04.454+0200] {dag.py:3954} INFO - Setting next_dagrun for example_subdag_operator.section-2 to None, run_after=None
[2024-05-21T12:17:04.470+0200] {processor.py:183} INFO - Processing /home/munya/anaconda3/lib/python3.11/site-packages/airflow/example_dags/example_subdag_operator.py took 0.113 seconds
[2024-05-21T12:18:18.297+0200] {processor.py:161} INFO - Started process (PID=170691) to work on /home/munya/anaconda3/lib/python3.11/site-packages/airflow/example_dags/example_subdag_operator.py
[2024-05-21T12:18:18.298+0200] {processor.py:830} INFO - Processing file /home/munya/anaconda3/lib/python3.11/site-packages/airflow/example_dags/example_subdag_operator.py for tasks to queue
[2024-05-21T12:18:18.299+0200] {logging_mixin.py:188} INFO - [2024-05-21T12:18:18.298+0200] {dagbag.py:545} INFO - Filling up the DagBag from /home/munya/anaconda3/lib/python3.11/site-packages/airflow/example_dags/example_subdag_operator.py
[2024-05-21T12:18:18.321+0200] {processor.py:840} INFO - DAG(s) 'example_subdag_operator.section-1', 'example_subdag_operator.section-2', 'example_subdag_operator' retrieved from /home/munya/anaconda3/lib/python3.11/site-packages/airflow/example_dags/example_subdag_operator.py
[2024-05-21T12:18:18.338+0200] {logging_mixin.py:188} INFO - [2024-05-21T12:18:18.338+0200] {dag.py:3096} INFO - Sync 3 DAGs
[2024-05-21T12:18:18.354+0200] {logging_mixin.py:188} INFO - [2024-05-21T12:18:18.354+0200] {dag.py:3954} INFO - Setting next_dagrun for example_subdag_operator to 2022-01-01 00:00:00+00:00, run_after=2022-01-01 00:00:00+00:00
[2024-05-21T12:18:18.357+0200] {logging_mixin.py:188} INFO - [2024-05-21T12:18:18.357+0200] {dag.py:3954} INFO - Setting next_dagrun for example_subdag_operator.section-1 to None, run_after=None
[2024-05-21T12:18:18.358+0200] {logging_mixin.py:188} INFO - [2024-05-21T12:18:18.358+0200] {dag.py:3954} INFO - Setting next_dagrun for example_subdag_operator.section-2 to None, run_after=None
[2024-05-21T12:18:18.364+0200] {logging_mixin.py:188} INFO - [2024-05-21T12:18:18.363+0200] {dag.py:3096} INFO - Sync 2 DAGs
[2024-05-21T12:18:18.369+0200] {logging_mixin.py:188} INFO - [2024-05-21T12:18:18.369+0200] {dag.py:3954} INFO - Setting next_dagrun for example_subdag_operator.section-1 to None, run_after=None
[2024-05-21T12:18:18.370+0200] {logging_mixin.py:188} INFO - [2024-05-21T12:18:18.369+0200] {dag.py:3954} INFO - Setting next_dagrun for example_subdag_operator.section-2 to None, run_after=None
[2024-05-21T12:18:18.385+0200] {processor.py:183} INFO - Processing /home/munya/anaconda3/lib/python3.11/site-packages/airflow/example_dags/example_subdag_operator.py took 0.095 seconds
[2024-05-21T12:19:22.743+0200] {processor.py:161} INFO - Started process (PID=171524) to work on /home/munya/anaconda3/lib/python3.11/site-packages/airflow/example_dags/example_subdag_operator.py
[2024-05-21T12:19:22.744+0200] {processor.py:830} INFO - Processing file /home/munya/anaconda3/lib/python3.11/site-packages/airflow/example_dags/example_subdag_operator.py for tasks to queue
[2024-05-21T12:19:22.745+0200] {logging_mixin.py:188} INFO - [2024-05-21T12:19:22.745+0200] {dagbag.py:545} INFO - Filling up the DagBag from /home/munya/anaconda3/lib/python3.11/site-packages/airflow/example_dags/example_subdag_operator.py
[2024-05-21T12:19:22.774+0200] {processor.py:840} INFO - DAG(s) 'example_subdag_operator.section-1', 'example_subdag_operator.section-2', 'example_subdag_operator' retrieved from /home/munya/anaconda3/lib/python3.11/site-packages/airflow/example_dags/example_subdag_operator.py
[2024-05-21T12:19:22.796+0200] {logging_mixin.py:188} INFO - [2024-05-21T12:19:22.796+0200] {dag.py:3096} INFO - Sync 3 DAGs
[2024-05-21T12:19:22.824+0200] {logging_mixin.py:188} INFO - [2024-05-21T12:19:22.823+0200] {dag.py:3954} INFO - Setting next_dagrun for example_subdag_operator to 2022-01-01 00:00:00+00:00, run_after=2022-01-01 00:00:00+00:00
[2024-05-21T12:19:22.830+0200] {logging_mixin.py:188} INFO - [2024-05-21T12:19:22.829+0200] {dag.py:3954} INFO - Setting next_dagrun for example_subdag_operator.section-1 to None, run_after=None
[2024-05-21T12:19:22.831+0200] {logging_mixin.py:188} INFO - [2024-05-21T12:19:22.831+0200] {dag.py:3954} INFO - Setting next_dagrun for example_subdag_operator.section-2 to None, run_after=None
[2024-05-21T12:19:22.840+0200] {logging_mixin.py:188} INFO - [2024-05-21T12:19:22.840+0200] {dag.py:3096} INFO - Sync 2 DAGs
[2024-05-21T12:19:22.845+0200] {logging_mixin.py:188} INFO - [2024-05-21T12:19:22.845+0200] {dag.py:3954} INFO - Setting next_dagrun for example_subdag_operator.section-1 to None, run_after=None
[2024-05-21T12:19:22.846+0200] {logging_mixin.py:188} INFO - [2024-05-21T12:19:22.845+0200] {dag.py:3954} INFO - Setting next_dagrun for example_subdag_operator.section-2 to None, run_after=None
[2024-05-21T12:19:22.863+0200] {processor.py:183} INFO - Processing /home/munya/anaconda3/lib/python3.11/site-packages/airflow/example_dags/example_subdag_operator.py took 0.126 seconds
[2024-05-21T12:20:33.605+0200] {processor.py:161} INFO - Started process (PID=172424) to work on /home/munya/anaconda3/lib/python3.11/site-packages/airflow/example_dags/example_subdag_operator.py
[2024-05-21T12:20:33.609+0200] {processor.py:830} INFO - Processing file /home/munya/anaconda3/lib/python3.11/site-packages/airflow/example_dags/example_subdag_operator.py for tasks to queue
[2024-05-21T12:20:33.613+0200] {logging_mixin.py:188} INFO - [2024-05-21T12:20:33.611+0200] {dagbag.py:545} INFO - Filling up the DagBag from /home/munya/anaconda3/lib/python3.11/site-packages/airflow/example_dags/example_subdag_operator.py
[2024-05-21T12:20:33.694+0200] {processor.py:840} INFO - DAG(s) 'example_subdag_operator.section-1', 'example_subdag_operator.section-2', 'example_subdag_operator' retrieved from /home/munya/anaconda3/lib/python3.11/site-packages/airflow/example_dags/example_subdag_operator.py
[2024-05-21T12:20:33.765+0200] {logging_mixin.py:188} INFO - [2024-05-21T12:20:33.764+0200] {dag.py:3096} INFO - Sync 3 DAGs
[2024-05-21T12:20:33.864+0200] {logging_mixin.py:188} INFO - [2024-05-21T12:20:33.863+0200] {dag.py:3954} INFO - Setting next_dagrun for example_subdag_operator to 2022-01-01 00:00:00+00:00, run_after=2022-01-01 00:00:00+00:00
[2024-05-21T12:20:33.877+0200] {logging_mixin.py:188} INFO - [2024-05-21T12:20:33.876+0200] {dag.py:3954} INFO - Setting next_dagrun for example_subdag_operator.section-1 to None, run_after=None
[2024-05-21T12:20:33.882+0200] {logging_mixin.py:188} INFO - [2024-05-21T12:20:33.881+0200] {dag.py:3954} INFO - Setting next_dagrun for example_subdag_operator.section-2 to None, run_after=None
[2024-05-21T12:20:33.923+0200] {logging_mixin.py:188} INFO - [2024-05-21T12:20:33.922+0200] {dag.py:3096} INFO - Sync 2 DAGs
[2024-05-21T12:20:33.972+0200] {logging_mixin.py:188} INFO - [2024-05-21T12:20:33.971+0200] {dag.py:3954} INFO - Setting next_dagrun for example_subdag_operator.section-1 to None, run_after=None
[2024-05-21T12:20:33.974+0200] {logging_mixin.py:188} INFO - [2024-05-21T12:20:33.973+0200] {dag.py:3954} INFO - Setting next_dagrun for example_subdag_operator.section-2 to None, run_after=None
[2024-05-21T12:20:34.057+0200] {processor.py:183} INFO - Processing /home/munya/anaconda3/lib/python3.11/site-packages/airflow/example_dags/example_subdag_operator.py took 0.482 seconds
[2024-05-21T12:21:43.911+0200] {processor.py:161} INFO - Started process (PID=173314) to work on /home/munya/anaconda3/lib/python3.11/site-packages/airflow/example_dags/example_subdag_operator.py
[2024-05-21T12:21:43.912+0200] {processor.py:830} INFO - Processing file /home/munya/anaconda3/lib/python3.11/site-packages/airflow/example_dags/example_subdag_operator.py for tasks to queue
[2024-05-21T12:21:43.913+0200] {logging_mixin.py:188} INFO - [2024-05-21T12:21:43.913+0200] {dagbag.py:545} INFO - Filling up the DagBag from /home/munya/anaconda3/lib/python3.11/site-packages/airflow/example_dags/example_subdag_operator.py
[2024-05-21T12:21:43.937+0200] {processor.py:840} INFO - DAG(s) 'example_subdag_operator.section-1', 'example_subdag_operator.section-2', 'example_subdag_operator' retrieved from /home/munya/anaconda3/lib/python3.11/site-packages/airflow/example_dags/example_subdag_operator.py
[2024-05-21T12:21:43.960+0200] {logging_mixin.py:188} INFO - [2024-05-21T12:21:43.960+0200] {dag.py:3096} INFO - Sync 3 DAGs
[2024-05-21T12:21:43.988+0200] {logging_mixin.py:188} INFO - [2024-05-21T12:21:43.988+0200] {dag.py:3954} INFO - Setting next_dagrun for example_subdag_operator to 2022-01-01 00:00:00+00:00, run_after=2022-01-01 00:00:00+00:00
[2024-05-21T12:21:43.994+0200] {logging_mixin.py:188} INFO - [2024-05-21T12:21:43.993+0200] {dag.py:3954} INFO - Setting next_dagrun for example_subdag_operator.section-1 to None, run_after=None
[2024-05-21T12:21:43.995+0200] {logging_mixin.py:188} INFO - [2024-05-21T12:21:43.995+0200] {dag.py:3954} INFO - Setting next_dagrun for example_subdag_operator.section-2 to None, run_after=None
[2024-05-21T12:21:44.004+0200] {logging_mixin.py:188} INFO - [2024-05-21T12:21:44.004+0200] {dag.py:3096} INFO - Sync 2 DAGs
[2024-05-21T12:21:44.010+0200] {logging_mixin.py:188} INFO - [2024-05-21T12:21:44.010+0200] {dag.py:3954} INFO - Setting next_dagrun for example_subdag_operator.section-1 to None, run_after=None
[2024-05-21T12:21:44.010+0200] {logging_mixin.py:188} INFO - [2024-05-21T12:21:44.010+0200] {dag.py:3954} INFO - Setting next_dagrun for example_subdag_operator.section-2 to None, run_after=None
[2024-05-21T12:21:44.029+0200] {processor.py:183} INFO - Processing /home/munya/anaconda3/lib/python3.11/site-packages/airflow/example_dags/example_subdag_operator.py took 0.125 seconds
[2024-05-21T12:22:48.899+0200] {processor.py:161} INFO - Started process (PID=174138) to work on /home/munya/anaconda3/lib/python3.11/site-packages/airflow/example_dags/example_subdag_operator.py
[2024-05-21T12:22:48.900+0200] {processor.py:830} INFO - Processing file /home/munya/anaconda3/lib/python3.11/site-packages/airflow/example_dags/example_subdag_operator.py for tasks to queue
[2024-05-21T12:22:48.901+0200] {logging_mixin.py:188} INFO - [2024-05-21T12:22:48.900+0200] {dagbag.py:545} INFO - Filling up the DagBag from /home/munya/anaconda3/lib/python3.11/site-packages/airflow/example_dags/example_subdag_operator.py
[2024-05-21T12:22:48.923+0200] {processor.py:840} INFO - DAG(s) 'example_subdag_operator.section-1', 'example_subdag_operator.section-2', 'example_subdag_operator' retrieved from /home/munya/anaconda3/lib/python3.11/site-packages/airflow/example_dags/example_subdag_operator.py
[2024-05-21T12:22:48.937+0200] {logging_mixin.py:188} INFO - [2024-05-21T12:22:48.937+0200] {dag.py:3096} INFO - Sync 3 DAGs
[2024-05-21T12:22:48.958+0200] {logging_mixin.py:188} INFO - [2024-05-21T12:22:48.958+0200] {dag.py:3954} INFO - Setting next_dagrun for example_subdag_operator to 2022-01-01 00:00:00+00:00, run_after=2022-01-01 00:00:00+00:00
[2024-05-21T12:22:48.962+0200] {logging_mixin.py:188} INFO - [2024-05-21T12:22:48.962+0200] {dag.py:3954} INFO - Setting next_dagrun for example_subdag_operator.section-1 to None, run_after=None
[2024-05-21T12:22:48.963+0200] {logging_mixin.py:188} INFO - [2024-05-21T12:22:48.963+0200] {dag.py:3954} INFO - Setting next_dagrun for example_subdag_operator.section-2 to None, run_after=None
[2024-05-21T12:22:48.969+0200] {logging_mixin.py:188} INFO - [2024-05-21T12:22:48.969+0200] {dag.py:3096} INFO - Sync 2 DAGs
[2024-05-21T12:22:48.974+0200] {logging_mixin.py:188} INFO - [2024-05-21T12:22:48.974+0200] {dag.py:3954} INFO - Setting next_dagrun for example_subdag_operator.section-1 to None, run_after=None
[2024-05-21T12:22:48.975+0200] {logging_mixin.py:188} INFO - [2024-05-21T12:22:48.974+0200] {dag.py:3954} INFO - Setting next_dagrun for example_subdag_operator.section-2 to None, run_after=None
[2024-05-21T12:22:48.990+0200] {processor.py:183} INFO - Processing /home/munya/anaconda3/lib/python3.11/site-packages/airflow/example_dags/example_subdag_operator.py took 0.098 seconds
[2024-05-21T12:24:00.249+0200] {processor.py:161} INFO - Started process (PID=175017) to work on /home/munya/anaconda3/lib/python3.11/site-packages/airflow/example_dags/example_subdag_operator.py
[2024-05-21T12:24:00.252+0200] {processor.py:830} INFO - Processing file /home/munya/anaconda3/lib/python3.11/site-packages/airflow/example_dags/example_subdag_operator.py for tasks to queue
[2024-05-21T12:24:00.256+0200] {logging_mixin.py:188} INFO - [2024-05-21T12:24:00.254+0200] {dagbag.py:545} INFO - Filling up the DagBag from /home/munya/anaconda3/lib/python3.11/site-packages/airflow/example_dags/example_subdag_operator.py
[2024-05-21T12:24:00.334+0200] {processor.py:840} INFO - DAG(s) 'example_subdag_operator.section-1', 'example_subdag_operator.section-2', 'example_subdag_operator' retrieved from /home/munya/anaconda3/lib/python3.11/site-packages/airflow/example_dags/example_subdag_operator.py
[2024-05-21T12:24:00.400+0200] {logging_mixin.py:188} INFO - [2024-05-21T12:24:00.399+0200] {dag.py:3096} INFO - Sync 3 DAGs
[2024-05-21T12:24:00.477+0200] {logging_mixin.py:188} INFO - [2024-05-21T12:24:00.476+0200] {dag.py:3954} INFO - Setting next_dagrun for example_subdag_operator to 2022-01-01 00:00:00+00:00, run_after=2022-01-01 00:00:00+00:00
[2024-05-21T12:24:00.490+0200] {logging_mixin.py:188} INFO - [2024-05-21T12:24:00.490+0200] {dag.py:3954} INFO - Setting next_dagrun for example_subdag_operator.section-1 to None, run_after=None
[2024-05-21T12:24:00.494+0200] {logging_mixin.py:188} INFO - [2024-05-21T12:24:00.494+0200] {dag.py:3954} INFO - Setting next_dagrun for example_subdag_operator.section-2 to None, run_after=None
[2024-05-21T12:24:00.517+0200] {logging_mixin.py:188} INFO - [2024-05-21T12:24:00.516+0200] {dag.py:3096} INFO - Sync 2 DAGs
[2024-05-21T12:24:00.532+0200] {logging_mixin.py:188} INFO - [2024-05-21T12:24:00.531+0200] {dag.py:3954} INFO - Setting next_dagrun for example_subdag_operator.section-1 to None, run_after=None
[2024-05-21T12:24:00.534+0200] {logging_mixin.py:188} INFO - [2024-05-21T12:24:00.533+0200] {dag.py:3954} INFO - Setting next_dagrun for example_subdag_operator.section-2 to None, run_after=None
[2024-05-21T12:24:00.575+0200] {processor.py:183} INFO - Processing /home/munya/anaconda3/lib/python3.11/site-packages/airflow/example_dags/example_subdag_operator.py took 0.349 seconds
[2024-05-21T12:25:08.870+0200] {processor.py:161} INFO - Started process (PID=175916) to work on /home/munya/anaconda3/lib/python3.11/site-packages/airflow/example_dags/example_subdag_operator.py
[2024-05-21T12:25:08.873+0200] {processor.py:830} INFO - Processing file /home/munya/anaconda3/lib/python3.11/site-packages/airflow/example_dags/example_subdag_operator.py for tasks to queue
[2024-05-21T12:25:08.877+0200] {logging_mixin.py:188} INFO - [2024-05-21T12:25:08.875+0200] {dagbag.py:545} INFO - Filling up the DagBag from /home/munya/anaconda3/lib/python3.11/site-packages/airflow/example_dags/example_subdag_operator.py
[2024-05-21T12:25:08.942+0200] {processor.py:840} INFO - DAG(s) 'example_subdag_operator.section-1', 'example_subdag_operator.section-2', 'example_subdag_operator' retrieved from /home/munya/anaconda3/lib/python3.11/site-packages/airflow/example_dags/example_subdag_operator.py
[2024-05-21T12:25:08.987+0200] {logging_mixin.py:188} INFO - [2024-05-21T12:25:08.986+0200] {dag.py:3096} INFO - Sync 3 DAGs
[2024-05-21T12:25:09.061+0200] {logging_mixin.py:188} INFO - [2024-05-21T12:25:09.060+0200] {dag.py:3954} INFO - Setting next_dagrun for example_subdag_operator to 2022-01-01 00:00:00+00:00, run_after=2022-01-01 00:00:00+00:00
[2024-05-21T12:25:09.074+0200] {logging_mixin.py:188} INFO - [2024-05-21T12:25:09.074+0200] {dag.py:3954} INFO - Setting next_dagrun for example_subdag_operator.section-1 to None, run_after=None
[2024-05-21T12:25:09.078+0200] {logging_mixin.py:188} INFO - [2024-05-21T12:25:09.077+0200] {dag.py:3954} INFO - Setting next_dagrun for example_subdag_operator.section-2 to None, run_after=None
[2024-05-21T12:25:09.095+0200] {logging_mixin.py:188} INFO - [2024-05-21T12:25:09.094+0200] {dag.py:3096} INFO - Sync 2 DAGs
[2024-05-21T12:25:09.106+0200] {logging_mixin.py:188} INFO - [2024-05-21T12:25:09.106+0200] {dag.py:3954} INFO - Setting next_dagrun for example_subdag_operator.section-1 to None, run_after=None
[2024-05-21T12:25:09.108+0200] {logging_mixin.py:188} INFO - [2024-05-21T12:25:09.107+0200] {dag.py:3954} INFO - Setting next_dagrun for example_subdag_operator.section-2 to None, run_after=None
[2024-05-21T12:25:09.147+0200] {processor.py:183} INFO - Processing /home/munya/anaconda3/lib/python3.11/site-packages/airflow/example_dags/example_subdag_operator.py took 0.301 seconds
[2024-05-21T12:26:12.587+0200] {processor.py:161} INFO - Started process (PID=176735) to work on /home/munya/anaconda3/lib/python3.11/site-packages/airflow/example_dags/example_subdag_operator.py
[2024-05-21T12:26:12.588+0200] {processor.py:830} INFO - Processing file /home/munya/anaconda3/lib/python3.11/site-packages/airflow/example_dags/example_subdag_operator.py for tasks to queue
[2024-05-21T12:26:12.589+0200] {logging_mixin.py:188} INFO - [2024-05-21T12:26:12.589+0200] {dagbag.py:545} INFO - Filling up the DagBag from /home/munya/anaconda3/lib/python3.11/site-packages/airflow/example_dags/example_subdag_operator.py
[2024-05-21T12:26:12.615+0200] {processor.py:840} INFO - DAG(s) 'example_subdag_operator.section-1', 'example_subdag_operator.section-2', 'example_subdag_operator' retrieved from /home/munya/anaconda3/lib/python3.11/site-packages/airflow/example_dags/example_subdag_operator.py
[2024-05-21T12:26:12.633+0200] {logging_mixin.py:188} INFO - [2024-05-21T12:26:12.632+0200] {dag.py:3096} INFO - Sync 3 DAGs
[2024-05-21T12:26:12.656+0200] {logging_mixin.py:188} INFO - [2024-05-21T12:26:12.656+0200] {dag.py:3954} INFO - Setting next_dagrun for example_subdag_operator to 2022-01-01 00:00:00+00:00, run_after=2022-01-01 00:00:00+00:00
[2024-05-21T12:26:12.661+0200] {logging_mixin.py:188} INFO - [2024-05-21T12:26:12.660+0200] {dag.py:3954} INFO - Setting next_dagrun for example_subdag_operator.section-1 to None, run_after=None
[2024-05-21T12:26:12.662+0200] {logging_mixin.py:188} INFO - [2024-05-21T12:26:12.662+0200] {dag.py:3954} INFO - Setting next_dagrun for example_subdag_operator.section-2 to None, run_after=None
[2024-05-21T12:26:12.668+0200] {logging_mixin.py:188} INFO - [2024-05-21T12:26:12.668+0200] {dag.py:3096} INFO - Sync 2 DAGs
[2024-05-21T12:26:12.674+0200] {logging_mixin.py:188} INFO - [2024-05-21T12:26:12.674+0200] {dag.py:3954} INFO - Setting next_dagrun for example_subdag_operator.section-1 to None, run_after=None
[2024-05-21T12:26:12.675+0200] {logging_mixin.py:188} INFO - [2024-05-21T12:26:12.675+0200] {dag.py:3954} INFO - Setting next_dagrun for example_subdag_operator.section-2 to None, run_after=None
[2024-05-21T12:26:12.690+0200] {processor.py:183} INFO - Processing /home/munya/anaconda3/lib/python3.11/site-packages/airflow/example_dags/example_subdag_operator.py took 0.112 seconds
[2024-05-21T12:27:17.180+0200] {processor.py:161} INFO - Started process (PID=177573) to work on /home/munya/anaconda3/lib/python3.11/site-packages/airflow/example_dags/example_subdag_operator.py
[2024-05-21T12:27:17.181+0200] {processor.py:830} INFO - Processing file /home/munya/anaconda3/lib/python3.11/site-packages/airflow/example_dags/example_subdag_operator.py for tasks to queue
[2024-05-21T12:27:17.182+0200] {logging_mixin.py:188} INFO - [2024-05-21T12:27:17.181+0200] {dagbag.py:545} INFO - Filling up the DagBag from /home/munya/anaconda3/lib/python3.11/site-packages/airflow/example_dags/example_subdag_operator.py
[2024-05-21T12:27:17.204+0200] {processor.py:840} INFO - DAG(s) 'example_subdag_operator.section-1', 'example_subdag_operator.section-2', 'example_subdag_operator' retrieved from /home/munya/anaconda3/lib/python3.11/site-packages/airflow/example_dags/example_subdag_operator.py
[2024-05-21T12:27:17.223+0200] {logging_mixin.py:188} INFO - [2024-05-21T12:27:17.223+0200] {dag.py:3096} INFO - Sync 3 DAGs
[2024-05-21T12:27:17.244+0200] {logging_mixin.py:188} INFO - [2024-05-21T12:27:17.243+0200] {dag.py:3954} INFO - Setting next_dagrun for example_subdag_operator to 2022-01-01 00:00:00+00:00, run_after=2022-01-01 00:00:00+00:00
[2024-05-21T12:27:17.247+0200] {logging_mixin.py:188} INFO - [2024-05-21T12:27:17.247+0200] {dag.py:3954} INFO - Setting next_dagrun for example_subdag_operator.section-1 to None, run_after=None
[2024-05-21T12:27:17.248+0200] {logging_mixin.py:188} INFO - [2024-05-21T12:27:17.248+0200] {dag.py:3954} INFO - Setting next_dagrun for example_subdag_operator.section-2 to None, run_after=None
[2024-05-21T12:27:17.254+0200] {logging_mixin.py:188} INFO - [2024-05-21T12:27:17.254+0200] {dag.py:3096} INFO - Sync 2 DAGs
[2024-05-21T12:27:17.258+0200] {logging_mixin.py:188} INFO - [2024-05-21T12:27:17.258+0200] {dag.py:3954} INFO - Setting next_dagrun for example_subdag_operator.section-1 to None, run_after=None
[2024-05-21T12:27:17.259+0200] {logging_mixin.py:188} INFO - [2024-05-21T12:27:17.258+0200] {dag.py:3954} INFO - Setting next_dagrun for example_subdag_operator.section-2 to None, run_after=None
[2024-05-21T12:27:17.272+0200] {processor.py:183} INFO - Processing /home/munya/anaconda3/lib/python3.11/site-packages/airflow/example_dags/example_subdag_operator.py took 0.098 seconds
[2024-05-21T12:28:27.886+0200] {processor.py:161} INFO - Started process (PID=178502) to work on /home/munya/anaconda3/lib/python3.11/site-packages/airflow/example_dags/example_subdag_operator.py
[2024-05-21T12:28:27.887+0200] {processor.py:830} INFO - Processing file /home/munya/anaconda3/lib/python3.11/site-packages/airflow/example_dags/example_subdag_operator.py for tasks to queue
[2024-05-21T12:28:27.887+0200] {logging_mixin.py:188} INFO - [2024-05-21T12:28:27.887+0200] {dagbag.py:545} INFO - Filling up the DagBag from /home/munya/anaconda3/lib/python3.11/site-packages/airflow/example_dags/example_subdag_operator.py
[2024-05-21T12:28:27.907+0200] {processor.py:840} INFO - DAG(s) 'example_subdag_operator.section-1', 'example_subdag_operator.section-2', 'example_subdag_operator' retrieved from /home/munya/anaconda3/lib/python3.11/site-packages/airflow/example_dags/example_subdag_operator.py
[2024-05-21T12:28:27.924+0200] {logging_mixin.py:188} INFO - [2024-05-21T12:28:27.924+0200] {dag.py:3096} INFO - Sync 3 DAGs
[2024-05-21T12:28:27.944+0200] {logging_mixin.py:188} INFO - [2024-05-21T12:28:27.944+0200] {dag.py:3954} INFO - Setting next_dagrun for example_subdag_operator to 2022-01-01 00:00:00+00:00, run_after=2022-01-01 00:00:00+00:00
[2024-05-21T12:28:27.948+0200] {logging_mixin.py:188} INFO - [2024-05-21T12:28:27.948+0200] {dag.py:3954} INFO - Setting next_dagrun for example_subdag_operator.section-1 to None, run_after=None
[2024-05-21T12:28:27.949+0200] {logging_mixin.py:188} INFO - [2024-05-21T12:28:27.949+0200] {dag.py:3954} INFO - Setting next_dagrun for example_subdag_operator.section-2 to None, run_after=None
[2024-05-21T12:28:27.955+0200] {logging_mixin.py:188} INFO - [2024-05-21T12:28:27.955+0200] {dag.py:3096} INFO - Sync 2 DAGs
[2024-05-21T12:28:27.958+0200] {logging_mixin.py:188} INFO - [2024-05-21T12:28:27.958+0200] {dag.py:3954} INFO - Setting next_dagrun for example_subdag_operator.section-1 to None, run_after=None
[2024-05-21T12:28:27.959+0200] {logging_mixin.py:188} INFO - [2024-05-21T12:28:27.959+0200] {dag.py:3954} INFO - Setting next_dagrun for example_subdag_operator.section-2 to None, run_after=None
[2024-05-21T12:28:27.971+0200] {processor.py:183} INFO - Processing /home/munya/anaconda3/lib/python3.11/site-packages/airflow/example_dags/example_subdag_operator.py took 0.093 seconds
[2024-05-21T12:29:27.321+0200] {processor.py:161} INFO - Started process (PID=179772) to work on /home/munya/anaconda3/lib/python3.11/site-packages/airflow/example_dags/example_subdag_operator.py
[2024-05-21T12:29:27.322+0200] {processor.py:830} INFO - Processing file /home/munya/anaconda3/lib/python3.11/site-packages/airflow/example_dags/example_subdag_operator.py for tasks to queue
[2024-05-21T12:29:27.323+0200] {logging_mixin.py:188} INFO - [2024-05-21T12:29:27.322+0200] {dagbag.py:545} INFO - Filling up the DagBag from /home/munya/anaconda3/lib/python3.11/site-packages/airflow/example_dags/example_subdag_operator.py
[2024-05-21T12:29:27.348+0200] {processor.py:840} INFO - DAG(s) 'example_subdag_operator.section-1', 'example_subdag_operator.section-2', 'example_subdag_operator' retrieved from /home/munya/anaconda3/lib/python3.11/site-packages/airflow/example_dags/example_subdag_operator.py
[2024-05-21T12:29:27.371+0200] {logging_mixin.py:188} INFO - [2024-05-21T12:29:27.370+0200] {dag.py:3096} INFO - Sync 3 DAGs
[2024-05-21T12:29:27.396+0200] {logging_mixin.py:188} INFO - [2024-05-21T12:29:27.395+0200] {dag.py:3954} INFO - Setting next_dagrun for example_subdag_operator to 2022-01-01 00:00:00+00:00, run_after=2022-01-01 00:00:00+00:00
[2024-05-21T12:29:27.400+0200] {logging_mixin.py:188} INFO - [2024-05-21T12:29:27.400+0200] {dag.py:3954} INFO - Setting next_dagrun for example_subdag_operator.section-1 to None, run_after=None
[2024-05-21T12:29:27.401+0200] {logging_mixin.py:188} INFO - [2024-05-21T12:29:27.401+0200] {dag.py:3954} INFO - Setting next_dagrun for example_subdag_operator.section-2 to None, run_after=None
[2024-05-21T12:29:27.410+0200] {logging_mixin.py:188} INFO - [2024-05-21T12:29:27.409+0200] {dag.py:3096} INFO - Sync 2 DAGs
[2024-05-21T12:29:27.415+0200] {logging_mixin.py:188} INFO - [2024-05-21T12:29:27.415+0200] {dag.py:3954} INFO - Setting next_dagrun for example_subdag_operator.section-1 to None, run_after=None
[2024-05-21T12:29:27.415+0200] {logging_mixin.py:188} INFO - [2024-05-21T12:29:27.415+0200] {dag.py:3954} INFO - Setting next_dagrun for example_subdag_operator.section-2 to None, run_after=None
[2024-05-21T12:29:27.438+0200] {processor.py:183} INFO - Processing /home/munya/anaconda3/lib/python3.11/site-packages/airflow/example_dags/example_subdag_operator.py took 0.125 seconds
[2024-05-21T12:30:29.486+0200] {processor.py:161} INFO - Started process (PID=180550) to work on /home/munya/anaconda3/lib/python3.11/site-packages/airflow/example_dags/example_subdag_operator.py
[2024-05-21T12:30:29.487+0200] {processor.py:830} INFO - Processing file /home/munya/anaconda3/lib/python3.11/site-packages/airflow/example_dags/example_subdag_operator.py for tasks to queue
[2024-05-21T12:30:29.488+0200] {logging_mixin.py:188} INFO - [2024-05-21T12:30:29.488+0200] {dagbag.py:545} INFO - Filling up the DagBag from /home/munya/anaconda3/lib/python3.11/site-packages/airflow/example_dags/example_subdag_operator.py
[2024-05-21T12:30:29.509+0200] {processor.py:840} INFO - DAG(s) 'example_subdag_operator.section-1', 'example_subdag_operator.section-2', 'example_subdag_operator' retrieved from /home/munya/anaconda3/lib/python3.11/site-packages/airflow/example_dags/example_subdag_operator.py
[2024-05-21T12:30:29.528+0200] {logging_mixin.py:188} INFO - [2024-05-21T12:30:29.528+0200] {dag.py:3096} INFO - Sync 3 DAGs
[2024-05-21T12:30:29.550+0200] {logging_mixin.py:188} INFO - [2024-05-21T12:30:29.550+0200] {dag.py:3954} INFO - Setting next_dagrun for example_subdag_operator to 2022-01-01 00:00:00+00:00, run_after=2022-01-01 00:00:00+00:00
[2024-05-21T12:30:29.554+0200] {logging_mixin.py:188} INFO - [2024-05-21T12:30:29.554+0200] {dag.py:3954} INFO - Setting next_dagrun for example_subdag_operator.section-1 to None, run_after=None
[2024-05-21T12:30:29.555+0200] {logging_mixin.py:188} INFO - [2024-05-21T12:30:29.555+0200] {dag.py:3954} INFO - Setting next_dagrun for example_subdag_operator.section-2 to None, run_after=None
[2024-05-21T12:30:29.561+0200] {logging_mixin.py:188} INFO - [2024-05-21T12:30:29.561+0200] {dag.py:3096} INFO - Sync 2 DAGs
[2024-05-21T12:30:29.566+0200] {logging_mixin.py:188} INFO - [2024-05-21T12:30:29.566+0200] {dag.py:3954} INFO - Setting next_dagrun for example_subdag_operator.section-1 to None, run_after=None
[2024-05-21T12:30:29.567+0200] {logging_mixin.py:188} INFO - [2024-05-21T12:30:29.566+0200] {dag.py:3954} INFO - Setting next_dagrun for example_subdag_operator.section-2 to None, run_after=None
[2024-05-21T12:30:29.583+0200] {processor.py:183} INFO - Processing /home/munya/anaconda3/lib/python3.11/site-packages/airflow/example_dags/example_subdag_operator.py took 0.103 seconds
[2024-05-21T12:31:36.835+0200] {processor.py:161} INFO - Started process (PID=181961) to work on /home/munya/anaconda3/lib/python3.11/site-packages/airflow/example_dags/example_subdag_operator.py
[2024-05-21T12:31:36.836+0200] {processor.py:830} INFO - Processing file /home/munya/anaconda3/lib/python3.11/site-packages/airflow/example_dags/example_subdag_operator.py for tasks to queue
[2024-05-21T12:31:36.837+0200] {logging_mixin.py:188} INFO - [2024-05-21T12:31:36.836+0200] {dagbag.py:545} INFO - Filling up the DagBag from /home/munya/anaconda3/lib/python3.11/site-packages/airflow/example_dags/example_subdag_operator.py
[2024-05-21T12:31:36.856+0200] {processor.py:840} INFO - DAG(s) 'example_subdag_operator.section-1', 'example_subdag_operator.section-2', 'example_subdag_operator' retrieved from /home/munya/anaconda3/lib/python3.11/site-packages/airflow/example_dags/example_subdag_operator.py
[2024-05-21T12:31:36.871+0200] {logging_mixin.py:188} INFO - [2024-05-21T12:31:36.871+0200] {dag.py:3096} INFO - Sync 3 DAGs
[2024-05-21T12:31:36.894+0200] {logging_mixin.py:188} INFO - [2024-05-21T12:31:36.894+0200] {dag.py:3954} INFO - Setting next_dagrun for example_subdag_operator to 2022-01-01 00:00:00+00:00, run_after=2022-01-01 00:00:00+00:00
[2024-05-21T12:31:36.898+0200] {logging_mixin.py:188} INFO - [2024-05-21T12:31:36.898+0200] {dag.py:3954} INFO - Setting next_dagrun for example_subdag_operator.section-1 to None, run_after=None
[2024-05-21T12:31:36.899+0200] {logging_mixin.py:188} INFO - [2024-05-21T12:31:36.899+0200] {dag.py:3954} INFO - Setting next_dagrun for example_subdag_operator.section-2 to None, run_after=None
[2024-05-21T12:31:36.907+0200] {logging_mixin.py:188} INFO - [2024-05-21T12:31:36.907+0200] {dag.py:3096} INFO - Sync 2 DAGs
[2024-05-21T12:31:36.912+0200] {logging_mixin.py:188} INFO - [2024-05-21T12:31:36.911+0200] {dag.py:3954} INFO - Setting next_dagrun for example_subdag_operator.section-1 to None, run_after=None
[2024-05-21T12:31:36.912+0200] {logging_mixin.py:188} INFO - [2024-05-21T12:31:36.912+0200] {dag.py:3954} INFO - Setting next_dagrun for example_subdag_operator.section-2 to None, run_after=None
[2024-05-21T12:31:36.928+0200] {processor.py:183} INFO - Processing /home/munya/anaconda3/lib/python3.11/site-packages/airflow/example_dags/example_subdag_operator.py took 0.102 seconds
[2024-05-21T12:32:47.137+0200] {processor.py:161} INFO - Started process (PID=182855) to work on /home/munya/anaconda3/lib/python3.11/site-packages/airflow/example_dags/example_subdag_operator.py
[2024-05-21T12:32:47.138+0200] {processor.py:830} INFO - Processing file /home/munya/anaconda3/lib/python3.11/site-packages/airflow/example_dags/example_subdag_operator.py for tasks to queue
[2024-05-21T12:32:47.138+0200] {logging_mixin.py:188} INFO - [2024-05-21T12:32:47.138+0200] {dagbag.py:545} INFO - Filling up the DagBag from /home/munya/anaconda3/lib/python3.11/site-packages/airflow/example_dags/example_subdag_operator.py
[2024-05-21T12:32:47.156+0200] {processor.py:840} INFO - DAG(s) 'example_subdag_operator.section-1', 'example_subdag_operator.section-2', 'example_subdag_operator' retrieved from /home/munya/anaconda3/lib/python3.11/site-packages/airflow/example_dags/example_subdag_operator.py
[2024-05-21T12:32:47.169+0200] {logging_mixin.py:188} INFO - [2024-05-21T12:32:47.168+0200] {dag.py:3096} INFO - Sync 3 DAGs
[2024-05-21T12:32:47.184+0200] {logging_mixin.py:188} INFO - [2024-05-21T12:32:47.184+0200] {dag.py:3954} INFO - Setting next_dagrun for example_subdag_operator to 2022-01-01 00:00:00+00:00, run_after=2022-01-01 00:00:00+00:00
[2024-05-21T12:32:47.186+0200] {logging_mixin.py:188} INFO - [2024-05-21T12:32:47.186+0200] {dag.py:3954} INFO - Setting next_dagrun for example_subdag_operator.section-1 to None, run_after=None
[2024-05-21T12:32:47.187+0200] {logging_mixin.py:188} INFO - [2024-05-21T12:32:47.187+0200] {dag.py:3954} INFO - Setting next_dagrun for example_subdag_operator.section-2 to None, run_after=None
[2024-05-21T12:32:47.192+0200] {logging_mixin.py:188} INFO - [2024-05-21T12:32:47.191+0200] {dag.py:3096} INFO - Sync 2 DAGs
[2024-05-21T12:32:47.195+0200] {logging_mixin.py:188} INFO - [2024-05-21T12:32:47.195+0200] {dag.py:3954} INFO - Setting next_dagrun for example_subdag_operator.section-1 to None, run_after=None
[2024-05-21T12:32:47.195+0200] {logging_mixin.py:188} INFO - [2024-05-21T12:32:47.195+0200] {dag.py:3954} INFO - Setting next_dagrun for example_subdag_operator.section-2 to None, run_after=None
[2024-05-21T12:32:47.208+0200] {processor.py:183} INFO - Processing /home/munya/anaconda3/lib/python3.11/site-packages/airflow/example_dags/example_subdag_operator.py took 0.076 seconds
[2024-05-21T12:33:56.954+0200] {processor.py:161} INFO - Started process (PID=183716) to work on /home/munya/anaconda3/lib/python3.11/site-packages/airflow/example_dags/example_subdag_operator.py
[2024-05-21T12:33:56.956+0200] {processor.py:830} INFO - Processing file /home/munya/anaconda3/lib/python3.11/site-packages/airflow/example_dags/example_subdag_operator.py for tasks to queue
[2024-05-21T12:33:56.957+0200] {logging_mixin.py:188} INFO - [2024-05-21T12:33:56.956+0200] {dagbag.py:545} INFO - Filling up the DagBag from /home/munya/anaconda3/lib/python3.11/site-packages/airflow/example_dags/example_subdag_operator.py
[2024-05-21T12:33:56.983+0200] {processor.py:840} INFO - DAG(s) 'example_subdag_operator.section-1', 'example_subdag_operator.section-2', 'example_subdag_operator' retrieved from /home/munya/anaconda3/lib/python3.11/site-packages/airflow/example_dags/example_subdag_operator.py
[2024-05-21T12:33:57.004+0200] {logging_mixin.py:188} INFO - [2024-05-21T12:33:57.004+0200] {dag.py:3096} INFO - Sync 3 DAGs
[2024-05-21T12:33:57.030+0200] {logging_mixin.py:188} INFO - [2024-05-21T12:33:57.030+0200] {dag.py:3954} INFO - Setting next_dagrun for example_subdag_operator to 2022-01-01 00:00:00+00:00, run_after=2022-01-01 00:00:00+00:00
[2024-05-21T12:33:57.035+0200] {logging_mixin.py:188} INFO - [2024-05-21T12:33:57.035+0200] {dag.py:3954} INFO - Setting next_dagrun for example_subdag_operator.section-1 to None, run_after=None
[2024-05-21T12:33:57.036+0200] {logging_mixin.py:188} INFO - [2024-05-21T12:33:57.036+0200] {dag.py:3954} INFO - Setting next_dagrun for example_subdag_operator.section-2 to None, run_after=None
[2024-05-21T12:33:57.044+0200] {logging_mixin.py:188} INFO - [2024-05-21T12:33:57.044+0200] {dag.py:3096} INFO - Sync 2 DAGs
[2024-05-21T12:33:57.050+0200] {logging_mixin.py:188} INFO - [2024-05-21T12:33:57.049+0200] {dag.py:3954} INFO - Setting next_dagrun for example_subdag_operator.section-1 to None, run_after=None
[2024-05-21T12:33:57.050+0200] {logging_mixin.py:188} INFO - [2024-05-21T12:33:57.050+0200] {dag.py:3954} INFO - Setting next_dagrun for example_subdag_operator.section-2 to None, run_after=None
[2024-05-21T12:33:57.071+0200] {processor.py:183} INFO - Processing /home/munya/anaconda3/lib/python3.11/site-packages/airflow/example_dags/example_subdag_operator.py took 0.125 seconds
[2024-05-21T12:34:59.528+0200] {processor.py:161} INFO - Started process (PID=184504) to work on /home/munya/anaconda3/lib/python3.11/site-packages/airflow/example_dags/example_subdag_operator.py
[2024-05-21T12:34:59.531+0200] {processor.py:830} INFO - Processing file /home/munya/anaconda3/lib/python3.11/site-packages/airflow/example_dags/example_subdag_operator.py for tasks to queue
[2024-05-21T12:34:59.534+0200] {logging_mixin.py:188} INFO - [2024-05-21T12:34:59.533+0200] {dagbag.py:545} INFO - Filling up the DagBag from /home/munya/anaconda3/lib/python3.11/site-packages/airflow/example_dags/example_subdag_operator.py
[2024-05-21T12:34:59.618+0200] {processor.py:840} INFO - DAG(s) 'example_subdag_operator.section-1', 'example_subdag_operator.section-2', 'example_subdag_operator' retrieved from /home/munya/anaconda3/lib/python3.11/site-packages/airflow/example_dags/example_subdag_operator.py
[2024-05-21T12:34:59.670+0200] {logging_mixin.py:188} INFO - [2024-05-21T12:34:59.670+0200] {dag.py:3096} INFO - Sync 3 DAGs
[2024-05-21T12:34:59.731+0200] {logging_mixin.py:188} INFO - [2024-05-21T12:34:59.730+0200] {dag.py:3954} INFO - Setting next_dagrun for example_subdag_operator to 2022-01-01 00:00:00+00:00, run_after=2022-01-01 00:00:00+00:00
[2024-05-21T12:34:59.744+0200] {logging_mixin.py:188} INFO - [2024-05-21T12:34:59.743+0200] {dag.py:3954} INFO - Setting next_dagrun for example_subdag_operator.section-1 to None, run_after=None
[2024-05-21T12:34:59.747+0200] {logging_mixin.py:188} INFO - [2024-05-21T12:34:59.747+0200] {dag.py:3954} INFO - Setting next_dagrun for example_subdag_operator.section-2 to None, run_after=None
[2024-05-21T12:34:59.769+0200] {logging_mixin.py:188} INFO - [2024-05-21T12:34:59.768+0200] {dag.py:3096} INFO - Sync 2 DAGs
[2024-05-21T12:34:59.785+0200] {logging_mixin.py:188} INFO - [2024-05-21T12:34:59.784+0200] {dag.py:3954} INFO - Setting next_dagrun for example_subdag_operator.section-1 to None, run_after=None
[2024-05-21T12:34:59.787+0200] {logging_mixin.py:188} INFO - [2024-05-21T12:34:59.786+0200] {dag.py:3954} INFO - Setting next_dagrun for example_subdag_operator.section-2 to None, run_after=None
[2024-05-21T12:34:59.828+0200] {processor.py:183} INFO - Processing /home/munya/anaconda3/lib/python3.11/site-packages/airflow/example_dags/example_subdag_operator.py took 0.327 seconds
[2024-05-21T12:36:06.031+0200] {processor.py:161} INFO - Started process (PID=185364) to work on /home/munya/anaconda3/lib/python3.11/site-packages/airflow/example_dags/example_subdag_operator.py
[2024-05-21T12:36:06.032+0200] {processor.py:830} INFO - Processing file /home/munya/anaconda3/lib/python3.11/site-packages/airflow/example_dags/example_subdag_operator.py for tasks to queue
[2024-05-21T12:36:06.033+0200] {logging_mixin.py:188} INFO - [2024-05-21T12:36:06.032+0200] {dagbag.py:545} INFO - Filling up the DagBag from /home/munya/anaconda3/lib/python3.11/site-packages/airflow/example_dags/example_subdag_operator.py
[2024-05-21T12:36:06.056+0200] {processor.py:840} INFO - DAG(s) 'example_subdag_operator.section-1', 'example_subdag_operator.section-2', 'example_subdag_operator' retrieved from /home/munya/anaconda3/lib/python3.11/site-packages/airflow/example_dags/example_subdag_operator.py
[2024-05-21T12:36:06.073+0200] {logging_mixin.py:188} INFO - [2024-05-21T12:36:06.073+0200] {dag.py:3096} INFO - Sync 3 DAGs
[2024-05-21T12:36:06.095+0200] {logging_mixin.py:188} INFO - [2024-05-21T12:36:06.094+0200] {dag.py:3954} INFO - Setting next_dagrun for example_subdag_operator to 2022-01-01 00:00:00+00:00, run_after=2022-01-01 00:00:00+00:00
[2024-05-21T12:36:06.098+0200] {logging_mixin.py:188} INFO - [2024-05-21T12:36:06.098+0200] {dag.py:3954} INFO - Setting next_dagrun for example_subdag_operator.section-1 to None, run_after=None
[2024-05-21T12:36:06.100+0200] {logging_mixin.py:188} INFO - [2024-05-21T12:36:06.100+0200] {dag.py:3954} INFO - Setting next_dagrun for example_subdag_operator.section-2 to None, run_after=None
[2024-05-21T12:36:06.106+0200] {logging_mixin.py:188} INFO - [2024-05-21T12:36:06.106+0200] {dag.py:3096} INFO - Sync 2 DAGs
[2024-05-21T12:36:06.110+0200] {logging_mixin.py:188} INFO - [2024-05-21T12:36:06.110+0200] {dag.py:3954} INFO - Setting next_dagrun for example_subdag_operator.section-1 to None, run_after=None
[2024-05-21T12:36:06.111+0200] {logging_mixin.py:188} INFO - [2024-05-21T12:36:06.111+0200] {dag.py:3954} INFO - Setting next_dagrun for example_subdag_operator.section-2 to None, run_after=None
[2024-05-21T12:36:06.125+0200] {processor.py:183} INFO - Processing /home/munya/anaconda3/lib/python3.11/site-packages/airflow/example_dags/example_subdag_operator.py took 0.102 seconds
[2024-05-21T12:37:13.003+0200] {processor.py:161} INFO - Started process (PID=186225) to work on /home/munya/anaconda3/lib/python3.11/site-packages/airflow/example_dags/example_subdag_operator.py
[2024-05-21T12:37:13.004+0200] {processor.py:830} INFO - Processing file /home/munya/anaconda3/lib/python3.11/site-packages/airflow/example_dags/example_subdag_operator.py for tasks to queue
[2024-05-21T12:37:13.005+0200] {logging_mixin.py:188} INFO - [2024-05-21T12:37:13.005+0200] {dagbag.py:545} INFO - Filling up the DagBag from /home/munya/anaconda3/lib/python3.11/site-packages/airflow/example_dags/example_subdag_operator.py
[2024-05-21T12:37:13.026+0200] {processor.py:840} INFO - DAG(s) 'example_subdag_operator.section-1', 'example_subdag_operator.section-2', 'example_subdag_operator' retrieved from /home/munya/anaconda3/lib/python3.11/site-packages/airflow/example_dags/example_subdag_operator.py
[2024-05-21T12:37:13.046+0200] {logging_mixin.py:188} INFO - [2024-05-21T12:37:13.045+0200] {dag.py:3096} INFO - Sync 3 DAGs
[2024-05-21T12:37:13.065+0200] {logging_mixin.py:188} INFO - [2024-05-21T12:37:13.065+0200] {dag.py:3954} INFO - Setting next_dagrun for example_subdag_operator to 2022-01-01 00:00:00+00:00, run_after=2022-01-01 00:00:00+00:00
[2024-05-21T12:37:13.068+0200] {logging_mixin.py:188} INFO - [2024-05-21T12:37:13.068+0200] {dag.py:3954} INFO - Setting next_dagrun for example_subdag_operator.section-1 to None, run_after=None
[2024-05-21T12:37:13.069+0200] {logging_mixin.py:188} INFO - [2024-05-21T12:37:13.069+0200] {dag.py:3954} INFO - Setting next_dagrun for example_subdag_operator.section-2 to None, run_after=None
[2024-05-21T12:37:13.076+0200] {logging_mixin.py:188} INFO - [2024-05-21T12:37:13.076+0200] {dag.py:3096} INFO - Sync 2 DAGs
[2024-05-21T12:37:13.080+0200] {logging_mixin.py:188} INFO - [2024-05-21T12:37:13.080+0200] {dag.py:3954} INFO - Setting next_dagrun for example_subdag_operator.section-1 to None, run_after=None
[2024-05-21T12:37:13.081+0200] {logging_mixin.py:188} INFO - [2024-05-21T12:37:13.080+0200] {dag.py:3954} INFO - Setting next_dagrun for example_subdag_operator.section-2 to None, run_after=None
[2024-05-21T12:37:13.094+0200] {processor.py:183} INFO - Processing /home/munya/anaconda3/lib/python3.11/site-packages/airflow/example_dags/example_subdag_operator.py took 0.098 seconds
[2024-05-21T12:38:21.815+0200] {processor.py:161} INFO - Started process (PID=187099) to work on /home/munya/anaconda3/lib/python3.11/site-packages/airflow/example_dags/example_subdag_operator.py
[2024-05-21T12:38:21.819+0200] {processor.py:830} INFO - Processing file /home/munya/anaconda3/lib/python3.11/site-packages/airflow/example_dags/example_subdag_operator.py for tasks to queue
[2024-05-21T12:38:21.822+0200] {logging_mixin.py:188} INFO - [2024-05-21T12:38:21.821+0200] {dagbag.py:545} INFO - Filling up the DagBag from /home/munya/anaconda3/lib/python3.11/site-packages/airflow/example_dags/example_subdag_operator.py
[2024-05-21T12:38:21.909+0200] {processor.py:840} INFO - DAG(s) 'example_subdag_operator.section-1', 'example_subdag_operator.section-2', 'example_subdag_operator' retrieved from /home/munya/anaconda3/lib/python3.11/site-packages/airflow/example_dags/example_subdag_operator.py
[2024-05-21T12:38:21.980+0200] {logging_mixin.py:188} INFO - [2024-05-21T12:38:21.979+0200] {dag.py:3096} INFO - Sync 3 DAGs
[2024-05-21T12:38:22.056+0200] {logging_mixin.py:188} INFO - [2024-05-21T12:38:22.056+0200] {dag.py:3954} INFO - Setting next_dagrun for example_subdag_operator to 2022-01-01 00:00:00+00:00, run_after=2022-01-01 00:00:00+00:00
[2024-05-21T12:38:22.067+0200] {logging_mixin.py:188} INFO - [2024-05-21T12:38:22.066+0200] {dag.py:3954} INFO - Setting next_dagrun for example_subdag_operator.section-1 to None, run_after=None
[2024-05-21T12:38:22.070+0200] {logging_mixin.py:188} INFO - [2024-05-21T12:38:22.069+0200] {dag.py:3954} INFO - Setting next_dagrun for example_subdag_operator.section-2 to None, run_after=None
[2024-05-21T12:38:22.091+0200] {logging_mixin.py:188} INFO - [2024-05-21T12:38:22.090+0200] {dag.py:3096} INFO - Sync 2 DAGs
[2024-05-21T12:38:22.109+0200] {logging_mixin.py:188} INFO - [2024-05-21T12:38:22.108+0200] {dag.py:3954} INFO - Setting next_dagrun for example_subdag_operator.section-1 to None, run_after=None
[2024-05-21T12:38:22.111+0200] {logging_mixin.py:188} INFO - [2024-05-21T12:38:22.110+0200] {dag.py:3954} INFO - Setting next_dagrun for example_subdag_operator.section-2 to None, run_after=None
[2024-05-21T12:38:22.146+0200] {processor.py:183} INFO - Processing /home/munya/anaconda3/lib/python3.11/site-packages/airflow/example_dags/example_subdag_operator.py took 0.357 seconds
[2024-05-21T12:39:26.645+0200] {processor.py:161} INFO - Started process (PID=187939) to work on /home/munya/anaconda3/lib/python3.11/site-packages/airflow/example_dags/example_subdag_operator.py
[2024-05-21T12:39:26.645+0200] {processor.py:830} INFO - Processing file /home/munya/anaconda3/lib/python3.11/site-packages/airflow/example_dags/example_subdag_operator.py for tasks to queue
[2024-05-21T12:39:26.647+0200] {logging_mixin.py:188} INFO - [2024-05-21T12:39:26.646+0200] {dagbag.py:545} INFO - Filling up the DagBag from /home/munya/anaconda3/lib/python3.11/site-packages/airflow/example_dags/example_subdag_operator.py
[2024-05-21T12:39:26.669+0200] {processor.py:840} INFO - DAG(s) 'example_subdag_operator.section-1', 'example_subdag_operator.section-2', 'example_subdag_operator' retrieved from /home/munya/anaconda3/lib/python3.11/site-packages/airflow/example_dags/example_subdag_operator.py
[2024-05-21T12:39:26.684+0200] {logging_mixin.py:188} INFO - [2024-05-21T12:39:26.683+0200] {dag.py:3096} INFO - Sync 3 DAGs
[2024-05-21T12:39:26.702+0200] {logging_mixin.py:188} INFO - [2024-05-21T12:39:26.701+0200] {dag.py:3954} INFO - Setting next_dagrun for example_subdag_operator to 2022-01-01 00:00:00+00:00, run_after=2022-01-01 00:00:00+00:00
[2024-05-21T12:39:26.705+0200] {logging_mixin.py:188} INFO - [2024-05-21T12:39:26.705+0200] {dag.py:3954} INFO - Setting next_dagrun for example_subdag_operator.section-1 to None, run_after=None
[2024-05-21T12:39:26.706+0200] {logging_mixin.py:188} INFO - [2024-05-21T12:39:26.706+0200] {dag.py:3954} INFO - Setting next_dagrun for example_subdag_operator.section-2 to None, run_after=None
[2024-05-21T12:39:26.713+0200] {logging_mixin.py:188} INFO - [2024-05-21T12:39:26.713+0200] {dag.py:3096} INFO - Sync 2 DAGs
[2024-05-21T12:39:26.718+0200] {logging_mixin.py:188} INFO - [2024-05-21T12:39:26.717+0200] {dag.py:3954} INFO - Setting next_dagrun for example_subdag_operator.section-1 to None, run_after=None
[2024-05-21T12:39:26.718+0200] {logging_mixin.py:188} INFO - [2024-05-21T12:39:26.718+0200] {dag.py:3954} INFO - Setting next_dagrun for example_subdag_operator.section-2 to None, run_after=None
[2024-05-21T12:39:26.734+0200] {processor.py:183} INFO - Processing /home/munya/anaconda3/lib/python3.11/site-packages/airflow/example_dags/example_subdag_operator.py took 0.097 seconds
[2024-05-21T12:40:29.193+0200] {processor.py:161} INFO - Started process (PID=188695) to work on /home/munya/anaconda3/lib/python3.11/site-packages/airflow/example_dags/example_subdag_operator.py
[2024-05-21T12:40:29.194+0200] {processor.py:830} INFO - Processing file /home/munya/anaconda3/lib/python3.11/site-packages/airflow/example_dags/example_subdag_operator.py for tasks to queue
[2024-05-21T12:40:29.195+0200] {logging_mixin.py:188} INFO - [2024-05-21T12:40:29.195+0200] {dagbag.py:545} INFO - Filling up the DagBag from /home/munya/anaconda3/lib/python3.11/site-packages/airflow/example_dags/example_subdag_operator.py
[2024-05-21T12:40:29.214+0200] {processor.py:840} INFO - DAG(s) 'example_subdag_operator.section-1', 'example_subdag_operator.section-2', 'example_subdag_operator' retrieved from /home/munya/anaconda3/lib/python3.11/site-packages/airflow/example_dags/example_subdag_operator.py
[2024-05-21T12:40:29.228+0200] {logging_mixin.py:188} INFO - [2024-05-21T12:40:29.228+0200] {dag.py:3096} INFO - Sync 3 DAGs
[2024-05-21T12:40:29.244+0200] {logging_mixin.py:188} INFO - [2024-05-21T12:40:29.244+0200] {dag.py:3954} INFO - Setting next_dagrun for example_subdag_operator to 2022-01-01 00:00:00+00:00, run_after=2022-01-01 00:00:00+00:00
[2024-05-21T12:40:29.247+0200] {logging_mixin.py:188} INFO - [2024-05-21T12:40:29.247+0200] {dag.py:3954} INFO - Setting next_dagrun for example_subdag_operator.section-1 to None, run_after=None
[2024-05-21T12:40:29.248+0200] {logging_mixin.py:188} INFO - [2024-05-21T12:40:29.248+0200] {dag.py:3954} INFO - Setting next_dagrun for example_subdag_operator.section-2 to None, run_after=None
[2024-05-21T12:40:29.253+0200] {logging_mixin.py:188} INFO - [2024-05-21T12:40:29.253+0200] {dag.py:3096} INFO - Sync 2 DAGs
[2024-05-21T12:40:29.256+0200] {logging_mixin.py:188} INFO - [2024-05-21T12:40:29.256+0200] {dag.py:3954} INFO - Setting next_dagrun for example_subdag_operator.section-1 to None, run_after=None
[2024-05-21T12:40:29.257+0200] {logging_mixin.py:188} INFO - [2024-05-21T12:40:29.257+0200] {dag.py:3954} INFO - Setting next_dagrun for example_subdag_operator.section-2 to None, run_after=None
[2024-05-21T12:40:29.267+0200] {processor.py:183} INFO - Processing /home/munya/anaconda3/lib/python3.11/site-packages/airflow/example_dags/example_subdag_operator.py took 0.081 seconds
[2024-05-21T12:41:35.367+0200] {processor.py:161} INFO - Started process (PID=189515) to work on /home/munya/anaconda3/lib/python3.11/site-packages/airflow/example_dags/example_subdag_operator.py
[2024-05-21T12:41:35.368+0200] {processor.py:830} INFO - Processing file /home/munya/anaconda3/lib/python3.11/site-packages/airflow/example_dags/example_subdag_operator.py for tasks to queue
[2024-05-21T12:41:35.369+0200] {logging_mixin.py:188} INFO - [2024-05-21T12:41:35.369+0200] {dagbag.py:545} INFO - Filling up the DagBag from /home/munya/anaconda3/lib/python3.11/site-packages/airflow/example_dags/example_subdag_operator.py
[2024-05-21T12:41:35.393+0200] {processor.py:840} INFO - DAG(s) 'example_subdag_operator.section-1', 'example_subdag_operator.section-2', 'example_subdag_operator' retrieved from /home/munya/anaconda3/lib/python3.11/site-packages/airflow/example_dags/example_subdag_operator.py
[2024-05-21T12:41:35.413+0200] {logging_mixin.py:188} INFO - [2024-05-21T12:41:35.413+0200] {dag.py:3096} INFO - Sync 3 DAGs
[2024-05-21T12:41:35.436+0200] {logging_mixin.py:188} INFO - [2024-05-21T12:41:35.435+0200] {dag.py:3954} INFO - Setting next_dagrun for example_subdag_operator to 2022-01-01 00:00:00+00:00, run_after=2022-01-01 00:00:00+00:00
[2024-05-21T12:41:35.440+0200] {logging_mixin.py:188} INFO - [2024-05-21T12:41:35.439+0200] {dag.py:3954} INFO - Setting next_dagrun for example_subdag_operator.section-1 to None, run_after=None
[2024-05-21T12:41:35.441+0200] {logging_mixin.py:188} INFO - [2024-05-21T12:41:35.441+0200] {dag.py:3954} INFO - Setting next_dagrun for example_subdag_operator.section-2 to None, run_after=None
[2024-05-21T12:41:35.447+0200] {logging_mixin.py:188} INFO - [2024-05-21T12:41:35.447+0200] {dag.py:3096} INFO - Sync 2 DAGs
[2024-05-21T12:41:35.452+0200] {logging_mixin.py:188} INFO - [2024-05-21T12:41:35.452+0200] {dag.py:3954} INFO - Setting next_dagrun for example_subdag_operator.section-1 to None, run_after=None
[2024-05-21T12:41:35.452+0200] {logging_mixin.py:188} INFO - [2024-05-21T12:41:35.452+0200] {dag.py:3954} INFO - Setting next_dagrun for example_subdag_operator.section-2 to None, run_after=None
[2024-05-21T12:41:35.466+0200] {processor.py:183} INFO - Processing /home/munya/anaconda3/lib/python3.11/site-packages/airflow/example_dags/example_subdag_operator.py took 0.106 seconds
[2024-05-21T12:42:39.610+0200] {processor.py:161} INFO - Started process (PID=190312) to work on /home/munya/anaconda3/lib/python3.11/site-packages/airflow/example_dags/example_subdag_operator.py
[2024-05-21T12:42:39.611+0200] {processor.py:830} INFO - Processing file /home/munya/anaconda3/lib/python3.11/site-packages/airflow/example_dags/example_subdag_operator.py for tasks to queue
[2024-05-21T12:42:39.612+0200] {logging_mixin.py:188} INFO - [2024-05-21T12:42:39.611+0200] {dagbag.py:545} INFO - Filling up the DagBag from /home/munya/anaconda3/lib/python3.11/site-packages/airflow/example_dags/example_subdag_operator.py
[2024-05-21T12:42:39.632+0200] {processor.py:840} INFO - DAG(s) 'example_subdag_operator.section-1', 'example_subdag_operator.section-2', 'example_subdag_operator' retrieved from /home/munya/anaconda3/lib/python3.11/site-packages/airflow/example_dags/example_subdag_operator.py
[2024-05-21T12:42:39.645+0200] {logging_mixin.py:188} INFO - [2024-05-21T12:42:39.645+0200] {dag.py:3096} INFO - Sync 3 DAGs
[2024-05-21T12:42:39.664+0200] {logging_mixin.py:188} INFO - [2024-05-21T12:42:39.664+0200] {dag.py:3954} INFO - Setting next_dagrun for example_subdag_operator to 2022-01-01 00:00:00+00:00, run_after=2022-01-01 00:00:00+00:00
[2024-05-21T12:42:39.667+0200] {logging_mixin.py:188} INFO - [2024-05-21T12:42:39.666+0200] {dag.py:3954} INFO - Setting next_dagrun for example_subdag_operator.section-1 to None, run_after=None
[2024-05-21T12:42:39.667+0200] {logging_mixin.py:188} INFO - [2024-05-21T12:42:39.667+0200] {dag.py:3954} INFO - Setting next_dagrun for example_subdag_operator.section-2 to None, run_after=None
[2024-05-21T12:42:39.672+0200] {logging_mixin.py:188} INFO - [2024-05-21T12:42:39.672+0200] {dag.py:3096} INFO - Sync 2 DAGs
[2024-05-21T12:42:39.676+0200] {logging_mixin.py:188} INFO - [2024-05-21T12:42:39.676+0200] {dag.py:3954} INFO - Setting next_dagrun for example_subdag_operator.section-1 to None, run_after=None
[2024-05-21T12:42:39.676+0200] {logging_mixin.py:188} INFO - [2024-05-21T12:42:39.676+0200] {dag.py:3954} INFO - Setting next_dagrun for example_subdag_operator.section-2 to None, run_after=None
[2024-05-21T12:42:39.688+0200] {processor.py:183} INFO - Processing /home/munya/anaconda3/lib/python3.11/site-packages/airflow/example_dags/example_subdag_operator.py took 0.085 seconds
[2024-05-21T12:43:43.537+0200] {processor.py:161} INFO - Started process (PID=191068) to work on /home/munya/anaconda3/lib/python3.11/site-packages/airflow/example_dags/example_subdag_operator.py
[2024-05-21T12:43:43.539+0200] {processor.py:830} INFO - Processing file /home/munya/anaconda3/lib/python3.11/site-packages/airflow/example_dags/example_subdag_operator.py for tasks to queue
[2024-05-21T12:43:43.543+0200] {logging_mixin.py:188} INFO - [2024-05-21T12:43:43.541+0200] {dagbag.py:545} INFO - Filling up the DagBag from /home/munya/anaconda3/lib/python3.11/site-packages/airflow/example_dags/example_subdag_operator.py
[2024-05-21T12:43:43.623+0200] {processor.py:840} INFO - DAG(s) 'example_subdag_operator.section-1', 'example_subdag_operator.section-2', 'example_subdag_operator' retrieved from /home/munya/anaconda3/lib/python3.11/site-packages/airflow/example_dags/example_subdag_operator.py
[2024-05-21T12:43:43.698+0200] {logging_mixin.py:188} INFO - [2024-05-21T12:43:43.698+0200] {dag.py:3096} INFO - Sync 3 DAGs
[2024-05-21T12:43:43.770+0200] {logging_mixin.py:188} INFO - [2024-05-21T12:43:43.770+0200] {dag.py:3954} INFO - Setting next_dagrun for example_subdag_operator to 2022-01-01 00:00:00+00:00, run_after=2022-01-01 00:00:00+00:00
[2024-05-21T12:43:43.783+0200] {logging_mixin.py:188} INFO - [2024-05-21T12:43:43.783+0200] {dag.py:3954} INFO - Setting next_dagrun for example_subdag_operator.section-1 to None, run_after=None
[2024-05-21T12:43:43.787+0200] {logging_mixin.py:188} INFO - [2024-05-21T12:43:43.786+0200] {dag.py:3954} INFO - Setting next_dagrun for example_subdag_operator.section-2 to None, run_after=None
[2024-05-21T12:43:43.808+0200] {logging_mixin.py:188} INFO - [2024-05-21T12:43:43.807+0200] {dag.py:3096} INFO - Sync 2 DAGs
[2024-05-21T12:43:43.819+0200] {logging_mixin.py:188} INFO - [2024-05-21T12:43:43.818+0200] {dag.py:3954} INFO - Setting next_dagrun for example_subdag_operator.section-1 to None, run_after=None
[2024-05-21T12:43:43.820+0200] {logging_mixin.py:188} INFO - [2024-05-21T12:43:43.819+0200] {dag.py:3954} INFO - Setting next_dagrun for example_subdag_operator.section-2 to None, run_after=None
[2024-05-21T12:43:43.859+0200] {processor.py:183} INFO - Processing /home/munya/anaconda3/lib/python3.11/site-packages/airflow/example_dags/example_subdag_operator.py took 0.349 seconds
[2024-05-21T12:44:48.361+0200] {processor.py:161} INFO - Started process (PID=191868) to work on /home/munya/anaconda3/lib/python3.11/site-packages/airflow/example_dags/example_subdag_operator.py
[2024-05-21T12:44:48.364+0200] {processor.py:830} INFO - Processing file /home/munya/anaconda3/lib/python3.11/site-packages/airflow/example_dags/example_subdag_operator.py for tasks to queue
[2024-05-21T12:44:48.365+0200] {logging_mixin.py:188} INFO - [2024-05-21T12:44:48.365+0200] {dagbag.py:545} INFO - Filling up the DagBag from /home/munya/anaconda3/lib/python3.11/site-packages/airflow/example_dags/example_subdag_operator.py
[2024-05-21T12:44:48.396+0200] {processor.py:840} INFO - DAG(s) 'example_subdag_operator.section-1', 'example_subdag_operator.section-2', 'example_subdag_operator' retrieved from /home/munya/anaconda3/lib/python3.11/site-packages/airflow/example_dags/example_subdag_operator.py
[2024-05-21T12:44:48.417+0200] {logging_mixin.py:188} INFO - [2024-05-21T12:44:48.417+0200] {dag.py:3096} INFO - Sync 3 DAGs
[2024-05-21T12:44:48.444+0200] {logging_mixin.py:188} INFO - [2024-05-21T12:44:48.443+0200] {dag.py:3954} INFO - Setting next_dagrun for example_subdag_operator to 2022-01-01 00:00:00+00:00, run_after=2022-01-01 00:00:00+00:00
[2024-05-21T12:44:48.450+0200] {logging_mixin.py:188} INFO - [2024-05-21T12:44:48.449+0200] {dag.py:3954} INFO - Setting next_dagrun for example_subdag_operator.section-1 to None, run_after=None
[2024-05-21T12:44:48.451+0200] {logging_mixin.py:188} INFO - [2024-05-21T12:44:48.451+0200] {dag.py:3954} INFO - Setting next_dagrun for example_subdag_operator.section-2 to None, run_after=None
[2024-05-21T12:44:48.459+0200] {logging_mixin.py:188} INFO - [2024-05-21T12:44:48.459+0200] {dag.py:3096} INFO - Sync 2 DAGs
[2024-05-21T12:44:48.465+0200] {logging_mixin.py:188} INFO - [2024-05-21T12:44:48.465+0200] {dag.py:3954} INFO - Setting next_dagrun for example_subdag_operator.section-1 to None, run_after=None
[2024-05-21T12:44:48.465+0200] {logging_mixin.py:188} INFO - [2024-05-21T12:44:48.465+0200] {dag.py:3954} INFO - Setting next_dagrun for example_subdag_operator.section-2 to None, run_after=None
[2024-05-21T12:44:48.485+0200] {processor.py:183} INFO - Processing /home/munya/anaconda3/lib/python3.11/site-packages/airflow/example_dags/example_subdag_operator.py took 0.132 seconds
[2024-05-21T12:45:58.692+0200] {processor.py:161} INFO - Started process (PID=192753) to work on /home/munya/anaconda3/lib/python3.11/site-packages/airflow/example_dags/example_subdag_operator.py
[2024-05-21T12:45:58.692+0200] {processor.py:830} INFO - Processing file /home/munya/anaconda3/lib/python3.11/site-packages/airflow/example_dags/example_subdag_operator.py for tasks to queue
[2024-05-21T12:45:58.693+0200] {logging_mixin.py:188} INFO - [2024-05-21T12:45:58.693+0200] {dagbag.py:545} INFO - Filling up the DagBag from /home/munya/anaconda3/lib/python3.11/site-packages/airflow/example_dags/example_subdag_operator.py
[2024-05-21T12:45:58.714+0200] {processor.py:840} INFO - DAG(s) 'example_subdag_operator.section-1', 'example_subdag_operator.section-2', 'example_subdag_operator' retrieved from /home/munya/anaconda3/lib/python3.11/site-packages/airflow/example_dags/example_subdag_operator.py
[2024-05-21T12:45:58.733+0200] {logging_mixin.py:188} INFO - [2024-05-21T12:45:58.732+0200] {dag.py:3096} INFO - Sync 3 DAGs
[2024-05-21T12:45:58.753+0200] {logging_mixin.py:188} INFO - [2024-05-21T12:45:58.753+0200] {dag.py:3954} INFO - Setting next_dagrun for example_subdag_operator to 2022-01-01 00:00:00+00:00, run_after=2022-01-01 00:00:00+00:00
[2024-05-21T12:45:58.756+0200] {logging_mixin.py:188} INFO - [2024-05-21T12:45:58.755+0200] {dag.py:3954} INFO - Setting next_dagrun for example_subdag_operator.section-1 to None, run_after=None
[2024-05-21T12:45:58.757+0200] {logging_mixin.py:188} INFO - [2024-05-21T12:45:58.757+0200] {dag.py:3954} INFO - Setting next_dagrun for example_subdag_operator.section-2 to None, run_after=None
[2024-05-21T12:45:58.763+0200] {logging_mixin.py:188} INFO - [2024-05-21T12:45:58.763+0200] {dag.py:3096} INFO - Sync 2 DAGs
[2024-05-21T12:45:58.769+0200] {logging_mixin.py:188} INFO - [2024-05-21T12:45:58.769+0200] {dag.py:3954} INFO - Setting next_dagrun for example_subdag_operator.section-1 to None, run_after=None
[2024-05-21T12:45:58.769+0200] {logging_mixin.py:188} INFO - [2024-05-21T12:45:58.769+0200] {dag.py:3954} INFO - Setting next_dagrun for example_subdag_operator.section-2 to None, run_after=None
[2024-05-21T12:45:58.783+0200] {processor.py:183} INFO - Processing /home/munya/anaconda3/lib/python3.11/site-packages/airflow/example_dags/example_subdag_operator.py took 0.098 seconds
[2024-05-21T12:47:07.696+0200] {processor.py:161} INFO - Started process (PID=193613) to work on /home/munya/anaconda3/lib/python3.11/site-packages/airflow/example_dags/example_subdag_operator.py
[2024-05-21T12:47:07.697+0200] {processor.py:830} INFO - Processing file /home/munya/anaconda3/lib/python3.11/site-packages/airflow/example_dags/example_subdag_operator.py for tasks to queue
[2024-05-21T12:47:07.698+0200] {logging_mixin.py:188} INFO - [2024-05-21T12:47:07.697+0200] {dagbag.py:545} INFO - Filling up the DagBag from /home/munya/anaconda3/lib/python3.11/site-packages/airflow/example_dags/example_subdag_operator.py
[2024-05-21T12:47:07.720+0200] {processor.py:840} INFO - DAG(s) 'example_subdag_operator.section-1', 'example_subdag_operator.section-2', 'example_subdag_operator' retrieved from /home/munya/anaconda3/lib/python3.11/site-packages/airflow/example_dags/example_subdag_operator.py
[2024-05-21T12:47:07.740+0200] {logging_mixin.py:188} INFO - [2024-05-21T12:47:07.739+0200] {dag.py:3096} INFO - Sync 3 DAGs
[2024-05-21T12:47:07.760+0200] {logging_mixin.py:188} INFO - [2024-05-21T12:47:07.760+0200] {dag.py:3954} INFO - Setting next_dagrun for example_subdag_operator to 2022-01-01 00:00:00+00:00, run_after=2022-01-01 00:00:00+00:00
[2024-05-21T12:47:07.764+0200] {logging_mixin.py:188} INFO - [2024-05-21T12:47:07.763+0200] {dag.py:3954} INFO - Setting next_dagrun for example_subdag_operator.section-1 to None, run_after=None
[2024-05-21T12:47:07.765+0200] {logging_mixin.py:188} INFO - [2024-05-21T12:47:07.764+0200] {dag.py:3954} INFO - Setting next_dagrun for example_subdag_operator.section-2 to None, run_after=None
[2024-05-21T12:47:07.770+0200] {logging_mixin.py:188} INFO - [2024-05-21T12:47:07.770+0200] {dag.py:3096} INFO - Sync 2 DAGs
[2024-05-21T12:47:07.775+0200] {logging_mixin.py:188} INFO - [2024-05-21T12:47:07.774+0200] {dag.py:3954} INFO - Setting next_dagrun for example_subdag_operator.section-1 to None, run_after=None
[2024-05-21T12:47:07.775+0200] {logging_mixin.py:188} INFO - [2024-05-21T12:47:07.775+0200] {dag.py:3954} INFO - Setting next_dagrun for example_subdag_operator.section-2 to None, run_after=None
[2024-05-21T12:47:07.791+0200] {processor.py:183} INFO - Processing /home/munya/anaconda3/lib/python3.11/site-packages/airflow/example_dags/example_subdag_operator.py took 0.101 seconds
[2024-05-21T12:48:14.204+0200] {processor.py:161} INFO - Started process (PID=194593) to work on /home/munya/anaconda3/lib/python3.11/site-packages/airflow/example_dags/example_subdag_operator.py
[2024-05-21T12:48:14.205+0200] {processor.py:830} INFO - Processing file /home/munya/anaconda3/lib/python3.11/site-packages/airflow/example_dags/example_subdag_operator.py for tasks to queue
[2024-05-21T12:48:14.206+0200] {logging_mixin.py:188} INFO - [2024-05-21T12:48:14.206+0200] {dagbag.py:545} INFO - Filling up the DagBag from /home/munya/anaconda3/lib/python3.11/site-packages/airflow/example_dags/example_subdag_operator.py
[2024-05-21T12:48:14.227+0200] {processor.py:840} INFO - DAG(s) 'example_subdag_operator.section-1', 'example_subdag_operator.section-2', 'example_subdag_operator' retrieved from /home/munya/anaconda3/lib/python3.11/site-packages/airflow/example_dags/example_subdag_operator.py
[2024-05-21T12:48:14.242+0200] {logging_mixin.py:188} INFO - [2024-05-21T12:48:14.242+0200] {dag.py:3096} INFO - Sync 3 DAGs
[2024-05-21T12:48:14.261+0200] {logging_mixin.py:188} INFO - [2024-05-21T12:48:14.260+0200] {dag.py:3954} INFO - Setting next_dagrun for example_subdag_operator to 2022-01-01 00:00:00+00:00, run_after=2022-01-01 00:00:00+00:00
[2024-05-21T12:48:14.264+0200] {logging_mixin.py:188} INFO - [2024-05-21T12:48:14.264+0200] {dag.py:3954} INFO - Setting next_dagrun for example_subdag_operator.section-1 to None, run_after=None
[2024-05-21T12:48:14.265+0200] {logging_mixin.py:188} INFO - [2024-05-21T12:48:14.265+0200] {dag.py:3954} INFO - Setting next_dagrun for example_subdag_operator.section-2 to None, run_after=None
[2024-05-21T12:48:14.270+0200] {logging_mixin.py:188} INFO - [2024-05-21T12:48:14.270+0200] {dag.py:3096} INFO - Sync 2 DAGs
[2024-05-21T12:48:14.273+0200] {logging_mixin.py:188} INFO - [2024-05-21T12:48:14.273+0200] {dag.py:3954} INFO - Setting next_dagrun for example_subdag_operator.section-1 to None, run_after=None
[2024-05-21T12:48:14.273+0200] {logging_mixin.py:188} INFO - [2024-05-21T12:48:14.273+0200] {dag.py:3954} INFO - Setting next_dagrun for example_subdag_operator.section-2 to None, run_after=None
[2024-05-21T12:48:14.285+0200] {processor.py:183} INFO - Processing /home/munya/anaconda3/lib/python3.11/site-packages/airflow/example_dags/example_subdag_operator.py took 0.088 seconds
[2024-05-21T12:49:14.126+0200] {processor.py:161} INFO - Started process (PID=195935) to work on /home/munya/anaconda3/lib/python3.11/site-packages/airflow/example_dags/example_subdag_operator.py
[2024-05-21T12:49:14.127+0200] {processor.py:830} INFO - Processing file /home/munya/anaconda3/lib/python3.11/site-packages/airflow/example_dags/example_subdag_operator.py for tasks to queue
[2024-05-21T12:49:14.128+0200] {logging_mixin.py:188} INFO - [2024-05-21T12:49:14.128+0200] {dagbag.py:545} INFO - Filling up the DagBag from /home/munya/anaconda3/lib/python3.11/site-packages/airflow/example_dags/example_subdag_operator.py
[2024-05-21T12:49:14.152+0200] {processor.py:840} INFO - DAG(s) 'example_subdag_operator.section-1', 'example_subdag_operator.section-2', 'example_subdag_operator' retrieved from /home/munya/anaconda3/lib/python3.11/site-packages/airflow/example_dags/example_subdag_operator.py
[2024-05-21T12:49:14.171+0200] {logging_mixin.py:188} INFO - [2024-05-21T12:49:14.171+0200] {dag.py:3096} INFO - Sync 3 DAGs
[2024-05-21T12:49:14.193+0200] {logging_mixin.py:188} INFO - [2024-05-21T12:49:14.192+0200] {dag.py:3954} INFO - Setting next_dagrun for example_subdag_operator to 2022-01-01 00:00:00+00:00, run_after=2022-01-01 00:00:00+00:00
[2024-05-21T12:49:14.197+0200] {logging_mixin.py:188} INFO - [2024-05-21T12:49:14.196+0200] {dag.py:3954} INFO - Setting next_dagrun for example_subdag_operator.section-1 to None, run_after=None
[2024-05-21T12:49:14.198+0200] {logging_mixin.py:188} INFO - [2024-05-21T12:49:14.197+0200] {dag.py:3954} INFO - Setting next_dagrun for example_subdag_operator.section-2 to None, run_after=None
[2024-05-21T12:49:14.204+0200] {logging_mixin.py:188} INFO - [2024-05-21T12:49:14.204+0200] {dag.py:3096} INFO - Sync 2 DAGs
[2024-05-21T12:49:14.209+0200] {logging_mixin.py:188} INFO - [2024-05-21T12:49:14.209+0200] {dag.py:3954} INFO - Setting next_dagrun for example_subdag_operator.section-1 to None, run_after=None
[2024-05-21T12:49:14.209+0200] {logging_mixin.py:188} INFO - [2024-05-21T12:49:14.209+0200] {dag.py:3954} INFO - Setting next_dagrun for example_subdag_operator.section-2 to None, run_after=None
[2024-05-21T12:49:14.223+0200] {processor.py:183} INFO - Processing /home/munya/anaconda3/lib/python3.11/site-packages/airflow/example_dags/example_subdag_operator.py took 0.104 seconds
[2024-05-21T12:50:21.397+0200] {processor.py:161} INFO - Started process (PID=196946) to work on /home/munya/anaconda3/lib/python3.11/site-packages/airflow/example_dags/example_subdag_operator.py
[2024-05-21T12:50:21.398+0200] {processor.py:830} INFO - Processing file /home/munya/anaconda3/lib/python3.11/site-packages/airflow/example_dags/example_subdag_operator.py for tasks to queue
[2024-05-21T12:50:21.398+0200] {logging_mixin.py:188} INFO - [2024-05-21T12:50:21.398+0200] {dagbag.py:545} INFO - Filling up the DagBag from /home/munya/anaconda3/lib/python3.11/site-packages/airflow/example_dags/example_subdag_operator.py
[2024-05-21T12:50:21.420+0200] {processor.py:840} INFO - DAG(s) 'example_subdag_operator.section-1', 'example_subdag_operator.section-2', 'example_subdag_operator' retrieved from /home/munya/anaconda3/lib/python3.11/site-packages/airflow/example_dags/example_subdag_operator.py
[2024-05-21T12:50:21.439+0200] {logging_mixin.py:188} INFO - [2024-05-21T12:50:21.439+0200] {dag.py:3096} INFO - Sync 3 DAGs
[2024-05-21T12:50:21.461+0200] {logging_mixin.py:188} INFO - [2024-05-21T12:50:21.460+0200] {dag.py:3954} INFO - Setting next_dagrun for example_subdag_operator to 2022-01-01 00:00:00+00:00, run_after=2022-01-01 00:00:00+00:00
[2024-05-21T12:50:21.464+0200] {logging_mixin.py:188} INFO - [2024-05-21T12:50:21.464+0200] {dag.py:3954} INFO - Setting next_dagrun for example_subdag_operator.section-1 to None, run_after=None
[2024-05-21T12:50:21.465+0200] {logging_mixin.py:188} INFO - [2024-05-21T12:50:21.465+0200] {dag.py:3954} INFO - Setting next_dagrun for example_subdag_operator.section-2 to None, run_after=None
[2024-05-21T12:50:21.471+0200] {logging_mixin.py:188} INFO - [2024-05-21T12:50:21.471+0200] {dag.py:3096} INFO - Sync 2 DAGs
[2024-05-21T12:50:21.475+0200] {logging_mixin.py:188} INFO - [2024-05-21T12:50:21.475+0200] {dag.py:3954} INFO - Setting next_dagrun for example_subdag_operator.section-1 to None, run_after=None
[2024-05-21T12:50:21.475+0200] {logging_mixin.py:188} INFO - [2024-05-21T12:50:21.475+0200] {dag.py:3954} INFO - Setting next_dagrun for example_subdag_operator.section-2 to None, run_after=None
[2024-05-21T12:50:21.488+0200] {processor.py:183} INFO - Processing /home/munya/anaconda3/lib/python3.11/site-packages/airflow/example_dags/example_subdag_operator.py took 0.098 seconds
[2024-05-21T12:51:32.465+0200] {processor.py:161} INFO - Started process (PID=197806) to work on /home/munya/anaconda3/lib/python3.11/site-packages/airflow/example_dags/example_subdag_operator.py
[2024-05-21T12:51:32.466+0200] {processor.py:830} INFO - Processing file /home/munya/anaconda3/lib/python3.11/site-packages/airflow/example_dags/example_subdag_operator.py for tasks to queue
[2024-05-21T12:51:32.466+0200] {logging_mixin.py:188} INFO - [2024-05-21T12:51:32.466+0200] {dagbag.py:545} INFO - Filling up the DagBag from /home/munya/anaconda3/lib/python3.11/site-packages/airflow/example_dags/example_subdag_operator.py
[2024-05-21T12:51:32.488+0200] {processor.py:840} INFO - DAG(s) 'example_subdag_operator.section-1', 'example_subdag_operator.section-2', 'example_subdag_operator' retrieved from /home/munya/anaconda3/lib/python3.11/site-packages/airflow/example_dags/example_subdag_operator.py
[2024-05-21T12:51:32.507+0200] {logging_mixin.py:188} INFO - [2024-05-21T12:51:32.507+0200] {dag.py:3096} INFO - Sync 3 DAGs
[2024-05-21T12:51:32.529+0200] {logging_mixin.py:188} INFO - [2024-05-21T12:51:32.529+0200] {dag.py:3954} INFO - Setting next_dagrun for example_subdag_operator to 2022-01-01 00:00:00+00:00, run_after=2022-01-01 00:00:00+00:00
[2024-05-21T12:51:32.533+0200] {logging_mixin.py:188} INFO - [2024-05-21T12:51:32.532+0200] {dag.py:3954} INFO - Setting next_dagrun for example_subdag_operator.section-1 to None, run_after=None
[2024-05-21T12:51:32.534+0200] {logging_mixin.py:188} INFO - [2024-05-21T12:51:32.534+0200] {dag.py:3954} INFO - Setting next_dagrun for example_subdag_operator.section-2 to None, run_after=None
[2024-05-21T12:51:32.540+0200] {logging_mixin.py:188} INFO - [2024-05-21T12:51:32.540+0200] {dag.py:3096} INFO - Sync 2 DAGs
[2024-05-21T12:51:32.544+0200] {logging_mixin.py:188} INFO - [2024-05-21T12:51:32.544+0200] {dag.py:3954} INFO - Setting next_dagrun for example_subdag_operator.section-1 to None, run_after=None
[2024-05-21T12:51:32.545+0200] {logging_mixin.py:188} INFO - [2024-05-21T12:51:32.545+0200] {dag.py:3954} INFO - Setting next_dagrun for example_subdag_operator.section-2 to None, run_after=None
[2024-05-21T12:51:32.563+0200] {processor.py:183} INFO - Processing /home/munya/anaconda3/lib/python3.11/site-packages/airflow/example_dags/example_subdag_operator.py took 0.105 seconds
[2024-05-21T12:52:38.048+0200] {processor.py:161} INFO - Started process (PID=198599) to work on /home/munya/anaconda3/lib/python3.11/site-packages/airflow/example_dags/example_subdag_operator.py
[2024-05-21T12:52:38.051+0200] {processor.py:830} INFO - Processing file /home/munya/anaconda3/lib/python3.11/site-packages/airflow/example_dags/example_subdag_operator.py for tasks to queue
[2024-05-21T12:52:38.054+0200] {logging_mixin.py:188} INFO - [2024-05-21T12:52:38.053+0200] {dagbag.py:545} INFO - Filling up the DagBag from /home/munya/anaconda3/lib/python3.11/site-packages/airflow/example_dags/example_subdag_operator.py
[2024-05-21T12:52:38.122+0200] {processor.py:840} INFO - DAG(s) 'example_subdag_operator.section-1', 'example_subdag_operator.section-2', 'example_subdag_operator' retrieved from /home/munya/anaconda3/lib/python3.11/site-packages/airflow/example_dags/example_subdag_operator.py
[2024-05-21T12:52:38.177+0200] {logging_mixin.py:188} INFO - [2024-05-21T12:52:38.176+0200] {dag.py:3096} INFO - Sync 3 DAGs
[2024-05-21T12:52:38.240+0200] {logging_mixin.py:188} INFO - [2024-05-21T12:52:38.239+0200] {dag.py:3954} INFO - Setting next_dagrun for example_subdag_operator to 2022-01-01 00:00:00+00:00, run_after=2022-01-01 00:00:00+00:00
[2024-05-21T12:52:38.253+0200] {logging_mixin.py:188} INFO - [2024-05-21T12:52:38.252+0200] {dag.py:3954} INFO - Setting next_dagrun for example_subdag_operator.section-1 to None, run_after=None
[2024-05-21T12:52:38.255+0200] {logging_mixin.py:188} INFO - [2024-05-21T12:52:38.255+0200] {dag.py:3954} INFO - Setting next_dagrun for example_subdag_operator.section-2 to None, run_after=None
[2024-05-21T12:52:38.276+0200] {logging_mixin.py:188} INFO - [2024-05-21T12:52:38.275+0200] {dag.py:3096} INFO - Sync 2 DAGs
[2024-05-21T12:52:38.298+0200] {logging_mixin.py:188} INFO - [2024-05-21T12:52:38.297+0200] {dag.py:3954} INFO - Setting next_dagrun for example_subdag_operator.section-1 to None, run_after=None
[2024-05-21T12:52:38.300+0200] {logging_mixin.py:188} INFO - [2024-05-21T12:52:38.299+0200] {dag.py:3954} INFO - Setting next_dagrun for example_subdag_operator.section-2 to None, run_after=None
[2024-05-21T12:52:38.352+0200] {processor.py:183} INFO - Processing /home/munya/anaconda3/lib/python3.11/site-packages/airflow/example_dags/example_subdag_operator.py took 0.328 seconds
[2024-05-21T12:53:46.987+0200] {processor.py:161} INFO - Started process (PID=199459) to work on /home/munya/anaconda3/lib/python3.11/site-packages/airflow/example_dags/example_subdag_operator.py
[2024-05-21T12:53:46.988+0200] {processor.py:830} INFO - Processing file /home/munya/anaconda3/lib/python3.11/site-packages/airflow/example_dags/example_subdag_operator.py for tasks to queue
[2024-05-21T12:53:46.990+0200] {logging_mixin.py:188} INFO - [2024-05-21T12:53:46.989+0200] {dagbag.py:545} INFO - Filling up the DagBag from /home/munya/anaconda3/lib/python3.11/site-packages/airflow/example_dags/example_subdag_operator.py
[2024-05-21T12:53:47.015+0200] {processor.py:840} INFO - DAG(s) 'example_subdag_operator.section-1', 'example_subdag_operator.section-2', 'example_subdag_operator' retrieved from /home/munya/anaconda3/lib/python3.11/site-packages/airflow/example_dags/example_subdag_operator.py
[2024-05-21T12:53:47.029+0200] {logging_mixin.py:188} INFO - [2024-05-21T12:53:47.029+0200] {dag.py:3096} INFO - Sync 3 DAGs
[2024-05-21T12:53:47.045+0200] {logging_mixin.py:188} INFO - [2024-05-21T12:53:47.045+0200] {dag.py:3954} INFO - Setting next_dagrun for example_subdag_operator to 2022-01-01 00:00:00+00:00, run_after=2022-01-01 00:00:00+00:00
[2024-05-21T12:53:47.048+0200] {logging_mixin.py:188} INFO - [2024-05-21T12:53:47.048+0200] {dag.py:3954} INFO - Setting next_dagrun for example_subdag_operator.section-1 to None, run_after=None
[2024-05-21T12:53:47.049+0200] {logging_mixin.py:188} INFO - [2024-05-21T12:53:47.049+0200] {dag.py:3954} INFO - Setting next_dagrun for example_subdag_operator.section-2 to None, run_after=None
[2024-05-21T12:53:47.054+0200] {logging_mixin.py:188} INFO - [2024-05-21T12:53:47.054+0200] {dag.py:3096} INFO - Sync 2 DAGs
[2024-05-21T12:53:47.057+0200] {logging_mixin.py:188} INFO - [2024-05-21T12:53:47.057+0200] {dag.py:3954} INFO - Setting next_dagrun for example_subdag_operator.section-1 to None, run_after=None
[2024-05-21T12:53:47.058+0200] {logging_mixin.py:188} INFO - [2024-05-21T12:53:47.058+0200] {dag.py:3954} INFO - Setting next_dagrun for example_subdag_operator.section-2 to None, run_after=None
[2024-05-21T12:53:47.071+0200] {processor.py:183} INFO - Processing /home/munya/anaconda3/lib/python3.11/site-packages/airflow/example_dags/example_subdag_operator.py took 0.091 seconds
[2024-05-21T12:54:46.804+0200] {processor.py:161} INFO - Started process (PID=200191) to work on /home/munya/anaconda3/lib/python3.11/site-packages/airflow/example_dags/example_subdag_operator.py
[2024-05-21T12:54:46.805+0200] {processor.py:830} INFO - Processing file /home/munya/anaconda3/lib/python3.11/site-packages/airflow/example_dags/example_subdag_operator.py for tasks to queue
[2024-05-21T12:54:46.806+0200] {logging_mixin.py:188} INFO - [2024-05-21T12:54:46.806+0200] {dagbag.py:545} INFO - Filling up the DagBag from /home/munya/anaconda3/lib/python3.11/site-packages/airflow/example_dags/example_subdag_operator.py
[2024-05-21T12:54:46.826+0200] {processor.py:840} INFO - DAG(s) 'example_subdag_operator.section-1', 'example_subdag_operator.section-2', 'example_subdag_operator' retrieved from /home/munya/anaconda3/lib/python3.11/site-packages/airflow/example_dags/example_subdag_operator.py
[2024-05-21T12:54:46.844+0200] {logging_mixin.py:188} INFO - [2024-05-21T12:54:46.844+0200] {dag.py:3096} INFO - Sync 3 DAGs
[2024-05-21T12:54:46.867+0200] {logging_mixin.py:188} INFO - [2024-05-21T12:54:46.867+0200] {dag.py:3954} INFO - Setting next_dagrun for example_subdag_operator to 2022-01-01 00:00:00+00:00, run_after=2022-01-01 00:00:00+00:00
[2024-05-21T12:54:46.871+0200] {logging_mixin.py:188} INFO - [2024-05-21T12:54:46.871+0200] {dag.py:3954} INFO - Setting next_dagrun for example_subdag_operator.section-1 to None, run_after=None
[2024-05-21T12:54:46.873+0200] {logging_mixin.py:188} INFO - [2024-05-21T12:54:46.873+0200] {dag.py:3954} INFO - Setting next_dagrun for example_subdag_operator.section-2 to None, run_after=None
[2024-05-21T12:54:46.879+0200] {logging_mixin.py:188} INFO - [2024-05-21T12:54:46.879+0200] {dag.py:3096} INFO - Sync 2 DAGs
[2024-05-21T12:54:46.884+0200] {logging_mixin.py:188} INFO - [2024-05-21T12:54:46.883+0200] {dag.py:3954} INFO - Setting next_dagrun for example_subdag_operator.section-1 to None, run_after=None
[2024-05-21T12:54:46.884+0200] {logging_mixin.py:188} INFO - [2024-05-21T12:54:46.884+0200] {dag.py:3954} INFO - Setting next_dagrun for example_subdag_operator.section-2 to None, run_after=None
[2024-05-21T12:54:46.897+0200] {processor.py:183} INFO - Processing /home/munya/anaconda3/lib/python3.11/site-packages/airflow/example_dags/example_subdag_operator.py took 0.099 seconds
[2024-05-21T12:55:50.121+0200] {processor.py:161} INFO - Started process (PID=200978) to work on /home/munya/anaconda3/lib/python3.11/site-packages/airflow/example_dags/example_subdag_operator.py
[2024-05-21T12:55:50.122+0200] {processor.py:830} INFO - Processing file /home/munya/anaconda3/lib/python3.11/site-packages/airflow/example_dags/example_subdag_operator.py for tasks to queue
[2024-05-21T12:55:50.123+0200] {logging_mixin.py:188} INFO - [2024-05-21T12:55:50.122+0200] {dagbag.py:545} INFO - Filling up the DagBag from /home/munya/anaconda3/lib/python3.11/site-packages/airflow/example_dags/example_subdag_operator.py
[2024-05-21T12:55:50.144+0200] {processor.py:840} INFO - DAG(s) 'example_subdag_operator.section-1', 'example_subdag_operator.section-2', 'example_subdag_operator' retrieved from /home/munya/anaconda3/lib/python3.11/site-packages/airflow/example_dags/example_subdag_operator.py
[2024-05-21T12:55:50.163+0200] {logging_mixin.py:188} INFO - [2024-05-21T12:55:50.163+0200] {dag.py:3096} INFO - Sync 3 DAGs
[2024-05-21T12:55:50.183+0200] {logging_mixin.py:188} INFO - [2024-05-21T12:55:50.182+0200] {dag.py:3954} INFO - Setting next_dagrun for example_subdag_operator to 2022-01-01 00:00:00+00:00, run_after=2022-01-01 00:00:00+00:00
[2024-05-21T12:55:50.186+0200] {logging_mixin.py:188} INFO - [2024-05-21T12:55:50.186+0200] {dag.py:3954} INFO - Setting next_dagrun for example_subdag_operator.section-1 to None, run_after=None
[2024-05-21T12:55:50.187+0200] {logging_mixin.py:188} INFO - [2024-05-21T12:55:50.187+0200] {dag.py:3954} INFO - Setting next_dagrun for example_subdag_operator.section-2 to None, run_after=None
[2024-05-21T12:55:50.193+0200] {logging_mixin.py:188} INFO - [2024-05-21T12:55:50.193+0200] {dag.py:3096} INFO - Sync 2 DAGs
[2024-05-21T12:55:50.198+0200] {logging_mixin.py:188} INFO - [2024-05-21T12:55:50.198+0200] {dag.py:3954} INFO - Setting next_dagrun for example_subdag_operator.section-1 to None, run_after=None
[2024-05-21T12:55:50.198+0200] {logging_mixin.py:188} INFO - [2024-05-21T12:55:50.198+0200] {dag.py:3954} INFO - Setting next_dagrun for example_subdag_operator.section-2 to None, run_after=None
[2024-05-21T12:55:50.209+0200] {processor.py:183} INFO - Processing /home/munya/anaconda3/lib/python3.11/site-packages/airflow/example_dags/example_subdag_operator.py took 0.095 seconds
[2024-05-21T12:56:59.505+0200] {processor.py:161} INFO - Started process (PID=201837) to work on /home/munya/anaconda3/lib/python3.11/site-packages/airflow/example_dags/example_subdag_operator.py
[2024-05-21T12:56:59.506+0200] {processor.py:830} INFO - Processing file /home/munya/anaconda3/lib/python3.11/site-packages/airflow/example_dags/example_subdag_operator.py for tasks to queue
[2024-05-21T12:56:59.507+0200] {logging_mixin.py:188} INFO - [2024-05-21T12:56:59.506+0200] {dagbag.py:545} INFO - Filling up the DagBag from /home/munya/anaconda3/lib/python3.11/site-packages/airflow/example_dags/example_subdag_operator.py
[2024-05-21T12:56:59.525+0200] {processor.py:840} INFO - DAG(s) 'example_subdag_operator.section-1', 'example_subdag_operator.section-2', 'example_subdag_operator' retrieved from /home/munya/anaconda3/lib/python3.11/site-packages/airflow/example_dags/example_subdag_operator.py
[2024-05-21T12:56:59.539+0200] {logging_mixin.py:188} INFO - [2024-05-21T12:56:59.539+0200] {dag.py:3096} INFO - Sync 3 DAGs
[2024-05-21T12:56:59.561+0200] {logging_mixin.py:188} INFO - [2024-05-21T12:56:59.560+0200] {dag.py:3954} INFO - Setting next_dagrun for example_subdag_operator to 2022-01-01 00:00:00+00:00, run_after=2022-01-01 00:00:00+00:00
[2024-05-21T12:56:59.563+0200] {logging_mixin.py:188} INFO - [2024-05-21T12:56:59.563+0200] {dag.py:3954} INFO - Setting next_dagrun for example_subdag_operator.section-1 to None, run_after=None
[2024-05-21T12:56:59.564+0200] {logging_mixin.py:188} INFO - [2024-05-21T12:56:59.564+0200] {dag.py:3954} INFO - Setting next_dagrun for example_subdag_operator.section-2 to None, run_after=None
[2024-05-21T12:56:59.570+0200] {logging_mixin.py:188} INFO - [2024-05-21T12:56:59.570+0200] {dag.py:3096} INFO - Sync 2 DAGs
[2024-05-21T12:56:59.575+0200] {logging_mixin.py:188} INFO - [2024-05-21T12:56:59.574+0200] {dag.py:3954} INFO - Setting next_dagrun for example_subdag_operator.section-1 to None, run_after=None
[2024-05-21T12:56:59.575+0200] {logging_mixin.py:188} INFO - [2024-05-21T12:56:59.575+0200] {dag.py:3954} INFO - Setting next_dagrun for example_subdag_operator.section-2 to None, run_after=None
[2024-05-21T12:56:59.589+0200] {processor.py:183} INFO - Processing /home/munya/anaconda3/lib/python3.11/site-packages/airflow/example_dags/example_subdag_operator.py took 0.091 seconds
[2024-05-21T12:58:07.388+0200] {processor.py:161} INFO - Started process (PID=202704) to work on /home/munya/anaconda3/lib/python3.11/site-packages/airflow/example_dags/example_subdag_operator.py
[2024-05-21T12:58:07.390+0200] {processor.py:830} INFO - Processing file /home/munya/anaconda3/lib/python3.11/site-packages/airflow/example_dags/example_subdag_operator.py for tasks to queue
[2024-05-21T12:58:07.391+0200] {logging_mixin.py:188} INFO - [2024-05-21T12:58:07.391+0200] {dagbag.py:545} INFO - Filling up the DagBag from /home/munya/anaconda3/lib/python3.11/site-packages/airflow/example_dags/example_subdag_operator.py
[2024-05-21T12:58:07.418+0200] {processor.py:840} INFO - DAG(s) 'example_subdag_operator.section-1', 'example_subdag_operator.section-2', 'example_subdag_operator' retrieved from /home/munya/anaconda3/lib/python3.11/site-packages/airflow/example_dags/example_subdag_operator.py
[2024-05-21T12:58:07.441+0200] {logging_mixin.py:188} INFO - [2024-05-21T12:58:07.440+0200] {dag.py:3096} INFO - Sync 3 DAGs
[2024-05-21T12:58:07.467+0200] {logging_mixin.py:188} INFO - [2024-05-21T12:58:07.467+0200] {dag.py:3954} INFO - Setting next_dagrun for example_subdag_operator to 2022-01-01 00:00:00+00:00, run_after=2022-01-01 00:00:00+00:00
[2024-05-21T12:58:07.472+0200] {logging_mixin.py:188} INFO - [2024-05-21T12:58:07.472+0200] {dag.py:3954} INFO - Setting next_dagrun for example_subdag_operator.section-1 to None, run_after=None
[2024-05-21T12:58:07.473+0200] {logging_mixin.py:188} INFO - [2024-05-21T12:58:07.473+0200] {dag.py:3954} INFO - Setting next_dagrun for example_subdag_operator.section-2 to None, run_after=None
[2024-05-21T12:58:07.481+0200] {logging_mixin.py:188} INFO - [2024-05-21T12:58:07.481+0200] {dag.py:3096} INFO - Sync 2 DAGs
[2024-05-21T12:58:07.487+0200] {logging_mixin.py:188} INFO - [2024-05-21T12:58:07.486+0200] {dag.py:3954} INFO - Setting next_dagrun for example_subdag_operator.section-1 to None, run_after=None
[2024-05-21T12:58:07.487+0200] {logging_mixin.py:188} INFO - [2024-05-21T12:58:07.487+0200] {dag.py:3954} INFO - Setting next_dagrun for example_subdag_operator.section-2 to None, run_after=None
[2024-05-21T12:58:07.514+0200] {processor.py:183} INFO - Processing /home/munya/anaconda3/lib/python3.11/site-packages/airflow/example_dags/example_subdag_operator.py took 0.134 seconds
[2024-05-21T12:59:12.833+0200] {processor.py:161} INFO - Started process (PID=203476) to work on /home/munya/anaconda3/lib/python3.11/site-packages/airflow/example_dags/example_subdag_operator.py
[2024-05-21T12:59:12.836+0200] {processor.py:830} INFO - Processing file /home/munya/anaconda3/lib/python3.11/site-packages/airflow/example_dags/example_subdag_operator.py for tasks to queue
[2024-05-21T12:59:12.840+0200] {logging_mixin.py:188} INFO - [2024-05-21T12:59:12.838+0200] {dagbag.py:545} INFO - Filling up the DagBag from /home/munya/anaconda3/lib/python3.11/site-packages/airflow/example_dags/example_subdag_operator.py
[2024-05-21T12:59:12.921+0200] {processor.py:840} INFO - DAG(s) 'example_subdag_operator.section-1', 'example_subdag_operator.section-2', 'example_subdag_operator' retrieved from /home/munya/anaconda3/lib/python3.11/site-packages/airflow/example_dags/example_subdag_operator.py
[2024-05-21T12:59:12.989+0200] {logging_mixin.py:188} INFO - [2024-05-21T12:59:12.988+0200] {dag.py:3096} INFO - Sync 3 DAGs
[2024-05-21T12:59:13.057+0200] {logging_mixin.py:188} INFO - [2024-05-21T12:59:13.056+0200] {dag.py:3954} INFO - Setting next_dagrun for example_subdag_operator to 2022-01-01 00:00:00+00:00, run_after=2022-01-01 00:00:00+00:00
[2024-05-21T12:59:13.067+0200] {logging_mixin.py:188} INFO - [2024-05-21T12:59:13.066+0200] {dag.py:3954} INFO - Setting next_dagrun for example_subdag_operator.section-1 to None, run_after=None
[2024-05-21T12:59:13.070+0200] {logging_mixin.py:188} INFO - [2024-05-21T12:59:13.069+0200] {dag.py:3954} INFO - Setting next_dagrun for example_subdag_operator.section-2 to None, run_after=None
[2024-05-21T12:59:13.085+0200] {logging_mixin.py:188} INFO - [2024-05-21T12:59:13.084+0200] {dag.py:3096} INFO - Sync 2 DAGs
[2024-05-21T12:59:13.096+0200] {logging_mixin.py:188} INFO - [2024-05-21T12:59:13.096+0200] {dag.py:3954} INFO - Setting next_dagrun for example_subdag_operator.section-1 to None, run_after=None
[2024-05-21T12:59:13.097+0200] {logging_mixin.py:188} INFO - [2024-05-21T12:59:13.097+0200] {dag.py:3954} INFO - Setting next_dagrun for example_subdag_operator.section-2 to None, run_after=None
[2024-05-21T12:59:13.129+0200] {processor.py:183} INFO - Processing /home/munya/anaconda3/lib/python3.11/site-packages/airflow/example_dags/example_subdag_operator.py took 0.325 seconds
[2024-05-21T13:00:25.341+0200] {processor.py:161} INFO - Started process (PID=204382) to work on /home/munya/anaconda3/lib/python3.11/site-packages/airflow/example_dags/example_subdag_operator.py
[2024-05-21T13:00:25.344+0200] {processor.py:830} INFO - Processing file /home/munya/anaconda3/lib/python3.11/site-packages/airflow/example_dags/example_subdag_operator.py for tasks to queue
[2024-05-21T13:00:25.347+0200] {logging_mixin.py:188} INFO - [2024-05-21T13:00:25.345+0200] {dagbag.py:545} INFO - Filling up the DagBag from /home/munya/anaconda3/lib/python3.11/site-packages/airflow/example_dags/example_subdag_operator.py
[2024-05-21T13:00:25.433+0200] {processor.py:840} INFO - DAG(s) 'example_subdag_operator.section-1', 'example_subdag_operator.section-2', 'example_subdag_operator' retrieved from /home/munya/anaconda3/lib/python3.11/site-packages/airflow/example_dags/example_subdag_operator.py
[2024-05-21T13:00:25.517+0200] {logging_mixin.py:188} INFO - [2024-05-21T13:00:25.516+0200] {dag.py:3096} INFO - Sync 3 DAGs
[2024-05-21T13:00:25.586+0200] {logging_mixin.py:188} INFO - [2024-05-21T13:00:25.586+0200] {dag.py:3954} INFO - Setting next_dagrun for example_subdag_operator to 2022-01-01 00:00:00+00:00, run_after=2022-01-01 00:00:00+00:00
[2024-05-21T13:00:25.595+0200] {logging_mixin.py:188} INFO - [2024-05-21T13:00:25.595+0200] {dag.py:3954} INFO - Setting next_dagrun for example_subdag_operator.section-1 to None, run_after=None
[2024-05-21T13:00:25.599+0200] {logging_mixin.py:188} INFO - [2024-05-21T13:00:25.598+0200] {dag.py:3954} INFO - Setting next_dagrun for example_subdag_operator.section-2 to None, run_after=None
[2024-05-21T13:00:25.614+0200] {logging_mixin.py:188} INFO - [2024-05-21T13:00:25.614+0200] {dag.py:3096} INFO - Sync 2 DAGs
[2024-05-21T13:00:25.628+0200] {logging_mixin.py:188} INFO - [2024-05-21T13:00:25.627+0200] {dag.py:3954} INFO - Setting next_dagrun for example_subdag_operator.section-1 to None, run_after=None
[2024-05-21T13:00:25.629+0200] {logging_mixin.py:188} INFO - [2024-05-21T13:00:25.628+0200] {dag.py:3954} INFO - Setting next_dagrun for example_subdag_operator.section-2 to None, run_after=None
[2024-05-21T13:00:25.668+0200] {processor.py:183} INFO - Processing /home/munya/anaconda3/lib/python3.11/site-packages/airflow/example_dags/example_subdag_operator.py took 0.352 seconds
[2024-05-21T13:01:35.602+0200] {processor.py:161} INFO - Started process (PID=205250) to work on /home/munya/anaconda3/lib/python3.11/site-packages/airflow/example_dags/example_subdag_operator.py
[2024-05-21T13:01:35.606+0200] {processor.py:830} INFO - Processing file /home/munya/anaconda3/lib/python3.11/site-packages/airflow/example_dags/example_subdag_operator.py for tasks to queue
[2024-05-21T13:01:35.612+0200] {logging_mixin.py:188} INFO - [2024-05-21T13:01:35.610+0200] {dagbag.py:545} INFO - Filling up the DagBag from /home/munya/anaconda3/lib/python3.11/site-packages/airflow/example_dags/example_subdag_operator.py
[2024-05-21T13:01:35.702+0200] {processor.py:840} INFO - DAG(s) 'example_subdag_operator.section-1', 'example_subdag_operator.section-2', 'example_subdag_operator' retrieved from /home/munya/anaconda3/lib/python3.11/site-packages/airflow/example_dags/example_subdag_operator.py
[2024-05-21T13:01:35.778+0200] {logging_mixin.py:188} INFO - [2024-05-21T13:01:35.777+0200] {dag.py:3096} INFO - Sync 3 DAGs
[2024-05-21T13:01:36.020+0200] {logging_mixin.py:188} INFO - [2024-05-21T13:01:36.020+0200] {dag.py:3954} INFO - Setting next_dagrun for example_subdag_operator to 2022-01-01 00:00:00+00:00, run_after=2022-01-01 00:00:00+00:00
[2024-05-21T13:01:36.024+0200] {logging_mixin.py:188} INFO - [2024-05-21T13:01:36.024+0200] {dag.py:3954} INFO - Setting next_dagrun for example_subdag_operator.section-1 to None, run_after=None
[2024-05-21T13:01:36.026+0200] {logging_mixin.py:188} INFO - [2024-05-21T13:01:36.026+0200] {dag.py:3954} INFO - Setting next_dagrun for example_subdag_operator.section-2 to None, run_after=None
[2024-05-21T13:01:36.033+0200] {logging_mixin.py:188} INFO - [2024-05-21T13:01:36.032+0200] {dag.py:3096} INFO - Sync 2 DAGs
[2024-05-21T13:01:36.037+0200] {logging_mixin.py:188} INFO - [2024-05-21T13:01:36.037+0200] {dag.py:3954} INFO - Setting next_dagrun for example_subdag_operator.section-1 to None, run_after=None
[2024-05-21T13:01:36.037+0200] {logging_mixin.py:188} INFO - [2024-05-21T13:01:36.037+0200] {dag.py:3954} INFO - Setting next_dagrun for example_subdag_operator.section-2 to None, run_after=None
[2024-05-21T13:01:36.050+0200] {processor.py:183} INFO - Processing /home/munya/anaconda3/lib/python3.11/site-packages/airflow/example_dags/example_subdag_operator.py took 0.477 seconds
[2024-05-21T13:02:48.380+0200] {processor.py:161} INFO - Started process (PID=206112) to work on /home/munya/anaconda3/lib/python3.11/site-packages/airflow/example_dags/example_subdag_operator.py
[2024-05-21T13:02:48.381+0200] {processor.py:830} INFO - Processing file /home/munya/anaconda3/lib/python3.11/site-packages/airflow/example_dags/example_subdag_operator.py for tasks to queue
[2024-05-21T13:02:48.381+0200] {logging_mixin.py:188} INFO - [2024-05-21T13:02:48.381+0200] {dagbag.py:545} INFO - Filling up the DagBag from /home/munya/anaconda3/lib/python3.11/site-packages/airflow/example_dags/example_subdag_operator.py
[2024-05-21T13:02:48.403+0200] {processor.py:840} INFO - DAG(s) 'example_subdag_operator.section-1', 'example_subdag_operator.section-2', 'example_subdag_operator' retrieved from /home/munya/anaconda3/lib/python3.11/site-packages/airflow/example_dags/example_subdag_operator.py
[2024-05-21T13:02:48.417+0200] {logging_mixin.py:188} INFO - [2024-05-21T13:02:48.416+0200] {dag.py:3096} INFO - Sync 3 DAGs
[2024-05-21T13:02:48.551+0200] {logging_mixin.py:188} INFO - [2024-05-21T13:02:48.551+0200] {dag.py:3954} INFO - Setting next_dagrun for example_subdag_operator to 2022-01-01 00:00:00+00:00, run_after=2022-01-01 00:00:00+00:00
[2024-05-21T13:02:48.555+0200] {logging_mixin.py:188} INFO - [2024-05-21T13:02:48.554+0200] {dag.py:3954} INFO - Setting next_dagrun for example_subdag_operator.section-1 to None, run_after=None
[2024-05-21T13:02:48.556+0200] {logging_mixin.py:188} INFO - [2024-05-21T13:02:48.555+0200] {dag.py:3954} INFO - Setting next_dagrun for example_subdag_operator.section-2 to None, run_after=None
[2024-05-21T13:02:48.561+0200] {logging_mixin.py:188} INFO - [2024-05-21T13:02:48.561+0200] {dag.py:3096} INFO - Sync 2 DAGs
[2024-05-21T13:02:48.566+0200] {logging_mixin.py:188} INFO - [2024-05-21T13:02:48.565+0200] {dag.py:3954} INFO - Setting next_dagrun for example_subdag_operator.section-1 to None, run_after=None
[2024-05-21T13:02:48.566+0200] {logging_mixin.py:188} INFO - [2024-05-21T13:02:48.566+0200] {dag.py:3954} INFO - Setting next_dagrun for example_subdag_operator.section-2 to None, run_after=None
[2024-05-21T13:02:48.579+0200] {processor.py:183} INFO - Processing /home/munya/anaconda3/lib/python3.11/site-packages/airflow/example_dags/example_subdag_operator.py took 0.206 seconds
[2024-05-21T13:04:03.073+0200] {processor.py:161} INFO - Started process (PID=206974) to work on /home/munya/anaconda3/lib/python3.11/site-packages/airflow/example_dags/example_subdag_operator.py
[2024-05-21T13:04:03.076+0200] {processor.py:830} INFO - Processing file /home/munya/anaconda3/lib/python3.11/site-packages/airflow/example_dags/example_subdag_operator.py for tasks to queue
[2024-05-21T13:04:03.078+0200] {logging_mixin.py:188} INFO - [2024-05-21T13:04:03.077+0200] {dagbag.py:545} INFO - Filling up the DagBag from /home/munya/anaconda3/lib/python3.11/site-packages/airflow/example_dags/example_subdag_operator.py
[2024-05-21T13:04:03.143+0200] {processor.py:840} INFO - DAG(s) 'example_subdag_operator.section-1', 'example_subdag_operator.section-2', 'example_subdag_operator' retrieved from /home/munya/anaconda3/lib/python3.11/site-packages/airflow/example_dags/example_subdag_operator.py
[2024-05-21T13:04:03.195+0200] {logging_mixin.py:188} INFO - [2024-05-21T13:04:03.194+0200] {dag.py:3096} INFO - Sync 3 DAGs
[2024-05-21T13:04:03.276+0200] {logging_mixin.py:188} INFO - [2024-05-21T13:04:03.275+0200] {dag.py:3954} INFO - Setting next_dagrun for example_subdag_operator to 2022-01-01 00:00:00+00:00, run_after=2022-01-01 00:00:00+00:00
[2024-05-21T13:04:03.288+0200] {logging_mixin.py:188} INFO - [2024-05-21T13:04:03.287+0200] {dag.py:3954} INFO - Setting next_dagrun for example_subdag_operator.section-1 to None, run_after=None
[2024-05-21T13:04:03.617+0200] {logging_mixin.py:188} INFO - [2024-05-21T13:04:03.616+0200] {dag.py:3954} INFO - Setting next_dagrun for example_subdag_operator.section-2 to None, run_after=None
[2024-05-21T13:04:03.636+0200] {logging_mixin.py:188} INFO - [2024-05-21T13:04:03.635+0200] {dag.py:3096} INFO - Sync 2 DAGs
[2024-05-21T13:04:03.653+0200] {logging_mixin.py:188} INFO - [2024-05-21T13:04:03.652+0200] {dag.py:3954} INFO - Setting next_dagrun for example_subdag_operator.section-1 to None, run_after=None
[2024-05-21T13:04:03.654+0200] {logging_mixin.py:188} INFO - [2024-05-21T13:04:03.654+0200] {dag.py:3954} INFO - Setting next_dagrun for example_subdag_operator.section-2 to None, run_after=None
[2024-05-21T13:04:03.694+0200] {processor.py:183} INFO - Processing /home/munya/anaconda3/lib/python3.11/site-packages/airflow/example_dags/example_subdag_operator.py took 0.642 seconds
[2024-05-21T13:05:03.167+0200] {processor.py:161} INFO - Started process (PID=207731) to work on /home/munya/anaconda3/lib/python3.11/site-packages/airflow/example_dags/example_subdag_operator.py
[2024-05-21T13:05:03.168+0200] {processor.py:830} INFO - Processing file /home/munya/anaconda3/lib/python3.11/site-packages/airflow/example_dags/example_subdag_operator.py for tasks to queue
[2024-05-21T13:05:03.169+0200] {logging_mixin.py:188} INFO - [2024-05-21T13:05:03.168+0200] {dagbag.py:545} INFO - Filling up the DagBag from /home/munya/anaconda3/lib/python3.11/site-packages/airflow/example_dags/example_subdag_operator.py
[2024-05-21T13:05:03.189+0200] {processor.py:840} INFO - DAG(s) 'example_subdag_operator.section-1', 'example_subdag_operator.section-2', 'example_subdag_operator' retrieved from /home/munya/anaconda3/lib/python3.11/site-packages/airflow/example_dags/example_subdag_operator.py
[2024-05-21T13:05:03.208+0200] {logging_mixin.py:188} INFO - [2024-05-21T13:05:03.208+0200] {dag.py:3096} INFO - Sync 3 DAGs
[2024-05-21T13:05:03.230+0200] {logging_mixin.py:188} INFO - [2024-05-21T13:05:03.230+0200] {dag.py:3954} INFO - Setting next_dagrun for example_subdag_operator to 2022-01-01 00:00:00+00:00, run_after=2022-01-01 00:00:00+00:00
[2024-05-21T13:05:03.234+0200] {logging_mixin.py:188} INFO - [2024-05-21T13:05:03.234+0200] {dag.py:3954} INFO - Setting next_dagrun for example_subdag_operator.section-1 to None, run_after=None
[2024-05-21T13:05:03.235+0200] {logging_mixin.py:188} INFO - [2024-05-21T13:05:03.234+0200] {dag.py:3954} INFO - Setting next_dagrun for example_subdag_operator.section-2 to None, run_after=None
[2024-05-21T13:05:03.336+0200] {logging_mixin.py:188} INFO - [2024-05-21T13:05:03.335+0200] {dag.py:3096} INFO - Sync 2 DAGs
[2024-05-21T13:05:03.339+0200] {logging_mixin.py:188} INFO - [2024-05-21T13:05:03.339+0200] {dag.py:3954} INFO - Setting next_dagrun for example_subdag_operator.section-1 to None, run_after=None
[2024-05-21T13:05:03.339+0200] {logging_mixin.py:188} INFO - [2024-05-21T13:05:03.339+0200] {dag.py:3954} INFO - Setting next_dagrun for example_subdag_operator.section-2 to None, run_after=None
[2024-05-21T13:05:03.353+0200] {processor.py:183} INFO - Processing /home/munya/anaconda3/lib/python3.11/site-packages/airflow/example_dags/example_subdag_operator.py took 0.192 seconds
[2024-05-21T13:06:23.595+0200] {processor.py:161} INFO - Started process (PID=208705) to work on /home/munya/anaconda3/lib/python3.11/site-packages/airflow/example_dags/example_subdag_operator.py
[2024-05-21T13:06:23.596+0200] {processor.py:830} INFO - Processing file /home/munya/anaconda3/lib/python3.11/site-packages/airflow/example_dags/example_subdag_operator.py for tasks to queue
[2024-05-21T13:06:23.597+0200] {logging_mixin.py:188} INFO - [2024-05-21T13:06:23.596+0200] {dagbag.py:545} INFO - Filling up the DagBag from /home/munya/anaconda3/lib/python3.11/site-packages/airflow/example_dags/example_subdag_operator.py
[2024-05-21T13:06:23.617+0200] {processor.py:840} INFO - DAG(s) 'example_subdag_operator.section-1', 'example_subdag_operator.section-2', 'example_subdag_operator' retrieved from /home/munya/anaconda3/lib/python3.11/site-packages/airflow/example_dags/example_subdag_operator.py
[2024-05-21T13:06:23.629+0200] {logging_mixin.py:188} INFO - [2024-05-21T13:06:23.629+0200] {dag.py:3096} INFO - Sync 3 DAGs
[2024-05-21T13:06:23.646+0200] {logging_mixin.py:188} INFO - [2024-05-21T13:06:23.646+0200] {dag.py:3954} INFO - Setting next_dagrun for example_subdag_operator to 2022-01-01 00:00:00+00:00, run_after=2022-01-01 00:00:00+00:00
[2024-05-21T13:06:23.649+0200] {logging_mixin.py:188} INFO - [2024-05-21T13:06:23.649+0200] {dag.py:3954} INFO - Setting next_dagrun for example_subdag_operator.section-1 to None, run_after=None
[2024-05-21T13:06:23.650+0200] {logging_mixin.py:188} INFO - [2024-05-21T13:06:23.650+0200] {dag.py:3954} INFO - Setting next_dagrun for example_subdag_operator.section-2 to None, run_after=None
[2024-05-21T13:06:23.656+0200] {logging_mixin.py:188} INFO - [2024-05-21T13:06:23.656+0200] {dag.py:3096} INFO - Sync 2 DAGs
[2024-05-21T13:06:23.661+0200] {logging_mixin.py:188} INFO - [2024-05-21T13:06:23.661+0200] {dag.py:3954} INFO - Setting next_dagrun for example_subdag_operator.section-1 to None, run_after=None
[2024-05-21T13:06:23.662+0200] {logging_mixin.py:188} INFO - [2024-05-21T13:06:23.662+0200] {dag.py:3954} INFO - Setting next_dagrun for example_subdag_operator.section-2 to None, run_after=None
[2024-05-21T13:06:23.678+0200] {processor.py:183} INFO - Processing /home/munya/anaconda3/lib/python3.11/site-packages/airflow/example_dags/example_subdag_operator.py took 0.090 seconds
[2024-05-21T13:07:48.844+0200] {processor.py:161} INFO - Started process (PID=209737) to work on /home/munya/anaconda3/lib/python3.11/site-packages/airflow/example_dags/example_subdag_operator.py
[2024-05-21T13:07:48.845+0200] {processor.py:830} INFO - Processing file /home/munya/anaconda3/lib/python3.11/site-packages/airflow/example_dags/example_subdag_operator.py for tasks to queue
[2024-05-21T13:07:48.846+0200] {logging_mixin.py:188} INFO - [2024-05-21T13:07:48.845+0200] {dagbag.py:545} INFO - Filling up the DagBag from /home/munya/anaconda3/lib/python3.11/site-packages/airflow/example_dags/example_subdag_operator.py
[2024-05-21T13:07:48.866+0200] {processor.py:840} INFO - DAG(s) 'example_subdag_operator.section-1', 'example_subdag_operator.section-2', 'example_subdag_operator' retrieved from /home/munya/anaconda3/lib/python3.11/site-packages/airflow/example_dags/example_subdag_operator.py
[2024-05-21T13:07:48.886+0200] {logging_mixin.py:188} INFO - [2024-05-21T13:07:48.885+0200] {dag.py:3096} INFO - Sync 3 DAGs
[2024-05-21T13:07:48.906+0200] {logging_mixin.py:188} INFO - [2024-05-21T13:07:48.906+0200] {dag.py:3954} INFO - Setting next_dagrun for example_subdag_operator to 2022-01-01 00:00:00+00:00, run_after=2022-01-01 00:00:00+00:00
[2024-05-21T13:07:48.910+0200] {logging_mixin.py:188} INFO - [2024-05-21T13:07:48.910+0200] {dag.py:3954} INFO - Setting next_dagrun for example_subdag_operator.section-1 to None, run_after=None
[2024-05-21T13:07:48.911+0200] {logging_mixin.py:188} INFO - [2024-05-21T13:07:48.911+0200] {dag.py:3954} INFO - Setting next_dagrun for example_subdag_operator.section-2 to None, run_after=None
[2024-05-21T13:07:48.917+0200] {logging_mixin.py:188} INFO - [2024-05-21T13:07:48.917+0200] {dag.py:3096} INFO - Sync 2 DAGs
[2024-05-21T13:07:48.922+0200] {logging_mixin.py:188} INFO - [2024-05-21T13:07:48.921+0200] {dag.py:3954} INFO - Setting next_dagrun for example_subdag_operator.section-1 to None, run_after=None
[2024-05-21T13:07:48.922+0200] {logging_mixin.py:188} INFO - [2024-05-21T13:07:48.922+0200] {dag.py:3954} INFO - Setting next_dagrun for example_subdag_operator.section-2 to None, run_after=None
[2024-05-21T13:07:48.936+0200] {processor.py:183} INFO - Processing /home/munya/anaconda3/lib/python3.11/site-packages/airflow/example_dags/example_subdag_operator.py took 0.097 seconds
[2024-05-21T13:08:56.163+0200] {processor.py:161} INFO - Started process (PID=210561) to work on /home/munya/anaconda3/lib/python3.11/site-packages/airflow/example_dags/example_subdag_operator.py
[2024-05-21T13:08:56.165+0200] {processor.py:830} INFO - Processing file /home/munya/anaconda3/lib/python3.11/site-packages/airflow/example_dags/example_subdag_operator.py for tasks to queue
[2024-05-21T13:08:56.168+0200] {logging_mixin.py:188} INFO - [2024-05-21T13:08:56.167+0200] {dagbag.py:545} INFO - Filling up the DagBag from /home/munya/anaconda3/lib/python3.11/site-packages/airflow/example_dags/example_subdag_operator.py
[2024-05-21T13:08:56.236+0200] {processor.py:840} INFO - DAG(s) 'example_subdag_operator.section-1', 'example_subdag_operator.section-2', 'example_subdag_operator' retrieved from /home/munya/anaconda3/lib/python3.11/site-packages/airflow/example_dags/example_subdag_operator.py
[2024-05-21T13:08:56.290+0200] {logging_mixin.py:188} INFO - [2024-05-21T13:08:56.289+0200] {dag.py:3096} INFO - Sync 3 DAGs
[2024-05-21T13:08:56.351+0200] {logging_mixin.py:188} INFO - [2024-05-21T13:08:56.350+0200] {dag.py:3954} INFO - Setting next_dagrun for example_subdag_operator to 2022-01-01 00:00:00+00:00, run_after=2022-01-01 00:00:00+00:00
[2024-05-21T13:08:56.361+0200] {logging_mixin.py:188} INFO - [2024-05-21T13:08:56.360+0200] {dag.py:3954} INFO - Setting next_dagrun for example_subdag_operator.section-1 to None, run_after=None
[2024-05-21T13:08:56.364+0200] {logging_mixin.py:188} INFO - [2024-05-21T13:08:56.363+0200] {dag.py:3954} INFO - Setting next_dagrun for example_subdag_operator.section-2 to None, run_after=None
[2024-05-21T13:08:56.379+0200] {logging_mixin.py:188} INFO - [2024-05-21T13:08:56.378+0200] {dag.py:3096} INFO - Sync 2 DAGs
[2024-05-21T13:08:56.392+0200] {logging_mixin.py:188} INFO - [2024-05-21T13:08:56.392+0200] {dag.py:3954} INFO - Setting next_dagrun for example_subdag_operator.section-1 to None, run_after=None
[2024-05-21T13:08:56.394+0200] {logging_mixin.py:188} INFO - [2024-05-21T13:08:56.393+0200] {dag.py:3954} INFO - Setting next_dagrun for example_subdag_operator.section-2 to None, run_after=None
[2024-05-21T13:08:56.434+0200] {processor.py:183} INFO - Processing /home/munya/anaconda3/lib/python3.11/site-packages/airflow/example_dags/example_subdag_operator.py took 0.293 seconds
[2024-05-21T13:10:01.568+0200] {processor.py:161} INFO - Started process (PID=211412) to work on /home/munya/anaconda3/lib/python3.11/site-packages/airflow/example_dags/example_subdag_operator.py
[2024-05-21T13:10:01.569+0200] {processor.py:830} INFO - Processing file /home/munya/anaconda3/lib/python3.11/site-packages/airflow/example_dags/example_subdag_operator.py for tasks to queue
[2024-05-21T13:10:01.570+0200] {logging_mixin.py:188} INFO - [2024-05-21T13:10:01.570+0200] {dagbag.py:545} INFO - Filling up the DagBag from /home/munya/anaconda3/lib/python3.11/site-packages/airflow/example_dags/example_subdag_operator.py
[2024-05-21T13:10:01.591+0200] {processor.py:840} INFO - DAG(s) 'example_subdag_operator.section-1', 'example_subdag_operator.section-2', 'example_subdag_operator' retrieved from /home/munya/anaconda3/lib/python3.11/site-packages/airflow/example_dags/example_subdag_operator.py
[2024-05-21T13:10:01.609+0200] {logging_mixin.py:188} INFO - [2024-05-21T13:10:01.609+0200] {dag.py:3096} INFO - Sync 3 DAGs
[2024-05-21T13:10:01.629+0200] {logging_mixin.py:188} INFO - [2024-05-21T13:10:01.629+0200] {dag.py:3954} INFO - Setting next_dagrun for example_subdag_operator to 2022-01-01 00:00:00+00:00, run_after=2022-01-01 00:00:00+00:00
[2024-05-21T13:10:01.633+0200] {logging_mixin.py:188} INFO - [2024-05-21T13:10:01.633+0200] {dag.py:3954} INFO - Setting next_dagrun for example_subdag_operator.section-1 to None, run_after=None
[2024-05-21T13:10:01.635+0200] {logging_mixin.py:188} INFO - [2024-05-21T13:10:01.634+0200] {dag.py:3954} INFO - Setting next_dagrun for example_subdag_operator.section-2 to None, run_after=None
[2024-05-21T13:10:01.641+0200] {logging_mixin.py:188} INFO - [2024-05-21T13:10:01.641+0200] {dag.py:3096} INFO - Sync 2 DAGs
[2024-05-21T13:10:01.646+0200] {logging_mixin.py:188} INFO - [2024-05-21T13:10:01.646+0200] {dag.py:3954} INFO - Setting next_dagrun for example_subdag_operator.section-1 to None, run_after=None
[2024-05-21T13:10:01.647+0200] {logging_mixin.py:188} INFO - [2024-05-21T13:10:01.647+0200] {dag.py:3954} INFO - Setting next_dagrun for example_subdag_operator.section-2 to None, run_after=None
[2024-05-21T13:10:01.669+0200] {processor.py:183} INFO - Processing /home/munya/anaconda3/lib/python3.11/site-packages/airflow/example_dags/example_subdag_operator.py took 0.107 seconds
[2024-05-21T13:11:08.421+0200] {processor.py:161} INFO - Started process (PID=212226) to work on /home/munya/anaconda3/lib/python3.11/site-packages/airflow/example_dags/example_subdag_operator.py
[2024-05-21T13:11:08.424+0200] {processor.py:830} INFO - Processing file /home/munya/anaconda3/lib/python3.11/site-packages/airflow/example_dags/example_subdag_operator.py for tasks to queue
[2024-05-21T13:11:08.427+0200] {logging_mixin.py:188} INFO - [2024-05-21T13:11:08.426+0200] {dagbag.py:545} INFO - Filling up the DagBag from /home/munya/anaconda3/lib/python3.11/site-packages/airflow/example_dags/example_subdag_operator.py
[2024-05-21T13:11:08.518+0200] {processor.py:840} INFO - DAG(s) 'example_subdag_operator.section-1', 'example_subdag_operator.section-2', 'example_subdag_operator' retrieved from /home/munya/anaconda3/lib/python3.11/site-packages/airflow/example_dags/example_subdag_operator.py
[2024-05-21T13:11:08.597+0200] {logging_mixin.py:188} INFO - [2024-05-21T13:11:08.596+0200] {dag.py:3096} INFO - Sync 3 DAGs
[2024-05-21T13:11:08.676+0200] {logging_mixin.py:188} INFO - [2024-05-21T13:11:08.676+0200] {dag.py:3954} INFO - Setting next_dagrun for example_subdag_operator to 2022-01-01 00:00:00+00:00, run_after=2022-01-01 00:00:00+00:00
[2024-05-21T13:11:08.689+0200] {logging_mixin.py:188} INFO - [2024-05-21T13:11:08.689+0200] {dag.py:3954} INFO - Setting next_dagrun for example_subdag_operator.section-1 to None, run_after=None
[2024-05-21T13:11:08.693+0200] {logging_mixin.py:188} INFO - [2024-05-21T13:11:08.692+0200] {dag.py:3954} INFO - Setting next_dagrun for example_subdag_operator.section-2 to None, run_after=None
[2024-05-21T13:11:08.714+0200] {logging_mixin.py:188} INFO - [2024-05-21T13:11:08.714+0200] {dag.py:3096} INFO - Sync 2 DAGs
[2024-05-21T13:11:08.731+0200] {logging_mixin.py:188} INFO - [2024-05-21T13:11:08.730+0200] {dag.py:3954} INFO - Setting next_dagrun for example_subdag_operator.section-1 to None, run_after=None
[2024-05-21T13:11:08.732+0200] {logging_mixin.py:188} INFO - [2024-05-21T13:11:08.732+0200] {dag.py:3954} INFO - Setting next_dagrun for example_subdag_operator.section-2 to None, run_after=None
[2024-05-21T13:11:08.779+0200] {processor.py:183} INFO - Processing /home/munya/anaconda3/lib/python3.11/site-packages/airflow/example_dags/example_subdag_operator.py took 0.382 seconds
[2024-05-21T13:12:07.912+0200] {processor.py:161} INFO - Started process (PID=212972) to work on /home/munya/anaconda3/lib/python3.11/site-packages/airflow/example_dags/example_subdag_operator.py
[2024-05-21T13:12:07.914+0200] {processor.py:830} INFO - Processing file /home/munya/anaconda3/lib/python3.11/site-packages/airflow/example_dags/example_subdag_operator.py for tasks to queue
[2024-05-21T13:12:07.917+0200] {logging_mixin.py:188} INFO - [2024-05-21T13:12:07.916+0200] {dagbag.py:545} INFO - Filling up the DagBag from /home/munya/anaconda3/lib/python3.11/site-packages/airflow/example_dags/example_subdag_operator.py
[2024-05-21T13:12:07.989+0200] {processor.py:840} INFO - DAG(s) 'example_subdag_operator.section-1', 'example_subdag_operator.section-2', 'example_subdag_operator' retrieved from /home/munya/anaconda3/lib/python3.11/site-packages/airflow/example_dags/example_subdag_operator.py
[2024-05-21T13:12:08.058+0200] {logging_mixin.py:188} INFO - [2024-05-21T13:12:08.057+0200] {dag.py:3096} INFO - Sync 3 DAGs
[2024-05-21T13:12:08.120+0200] {logging_mixin.py:188} INFO - [2024-05-21T13:12:08.119+0200] {dag.py:3954} INFO - Setting next_dagrun for example_subdag_operator to 2022-01-01 00:00:00+00:00, run_after=2022-01-01 00:00:00+00:00
[2024-05-21T13:12:08.134+0200] {logging_mixin.py:188} INFO - [2024-05-21T13:12:08.133+0200] {dag.py:3954} INFO - Setting next_dagrun for example_subdag_operator.section-1 to None, run_after=None
[2024-05-21T13:12:08.138+0200] {logging_mixin.py:188} INFO - [2024-05-21T13:12:08.137+0200] {dag.py:3954} INFO - Setting next_dagrun for example_subdag_operator.section-2 to None, run_after=None
[2024-05-21T13:12:08.157+0200] {logging_mixin.py:188} INFO - [2024-05-21T13:12:08.157+0200] {dag.py:3096} INFO - Sync 2 DAGs
[2024-05-21T13:12:08.173+0200] {logging_mixin.py:188} INFO - [2024-05-21T13:12:08.172+0200] {dag.py:3954} INFO - Setting next_dagrun for example_subdag_operator.section-1 to None, run_after=None
[2024-05-21T13:12:08.175+0200] {logging_mixin.py:188} INFO - [2024-05-21T13:12:08.174+0200] {dag.py:3954} INFO - Setting next_dagrun for example_subdag_operator.section-2 to None, run_after=None
[2024-05-21T13:12:08.208+0200] {processor.py:183} INFO - Processing /home/munya/anaconda3/lib/python3.11/site-packages/airflow/example_dags/example_subdag_operator.py took 0.314 seconds
[2024-05-21T13:13:07.854+0200] {processor.py:161} INFO - Started process (PID=213728) to work on /home/munya/anaconda3/lib/python3.11/site-packages/airflow/example_dags/example_subdag_operator.py
[2024-05-21T13:13:07.855+0200] {processor.py:830} INFO - Processing file /home/munya/anaconda3/lib/python3.11/site-packages/airflow/example_dags/example_subdag_operator.py for tasks to queue
[2024-05-21T13:13:07.856+0200] {logging_mixin.py:188} INFO - [2024-05-21T13:13:07.855+0200] {dagbag.py:545} INFO - Filling up the DagBag from /home/munya/anaconda3/lib/python3.11/site-packages/airflow/example_dags/example_subdag_operator.py
[2024-05-21T13:13:07.876+0200] {processor.py:840} INFO - DAG(s) 'example_subdag_operator.section-1', 'example_subdag_operator.section-2', 'example_subdag_operator' retrieved from /home/munya/anaconda3/lib/python3.11/site-packages/airflow/example_dags/example_subdag_operator.py
[2024-05-21T13:13:07.897+0200] {logging_mixin.py:188} INFO - [2024-05-21T13:13:07.897+0200] {dag.py:3096} INFO - Sync 3 DAGs
[2024-05-21T13:13:07.918+0200] {logging_mixin.py:188} INFO - [2024-05-21T13:13:07.918+0200] {dag.py:3954} INFO - Setting next_dagrun for example_subdag_operator to 2022-01-01 00:00:00+00:00, run_after=2022-01-01 00:00:00+00:00
[2024-05-21T13:13:07.922+0200] {logging_mixin.py:188} INFO - [2024-05-21T13:13:07.921+0200] {dag.py:3954} INFO - Setting next_dagrun for example_subdag_operator.section-1 to None, run_after=None
[2024-05-21T13:13:07.923+0200] {logging_mixin.py:188} INFO - [2024-05-21T13:13:07.923+0200] {dag.py:3954} INFO - Setting next_dagrun for example_subdag_operator.section-2 to None, run_after=None
[2024-05-21T13:13:07.929+0200] {logging_mixin.py:188} INFO - [2024-05-21T13:13:07.928+0200] {dag.py:3096} INFO - Sync 2 DAGs
[2024-05-21T13:13:07.933+0200] {logging_mixin.py:188} INFO - [2024-05-21T13:13:07.933+0200] {dag.py:3954} INFO - Setting next_dagrun for example_subdag_operator.section-1 to None, run_after=None
[2024-05-21T13:13:07.934+0200] {logging_mixin.py:188} INFO - [2024-05-21T13:13:07.933+0200] {dag.py:3954} INFO - Setting next_dagrun for example_subdag_operator.section-2 to None, run_after=None
[2024-05-21T13:13:07.945+0200] {processor.py:183} INFO - Processing /home/munya/anaconda3/lib/python3.11/site-packages/airflow/example_dags/example_subdag_operator.py took 0.098 seconds
[2024-05-21T13:14:09.132+0200] {processor.py:161} INFO - Started process (PID=214476) to work on /home/munya/anaconda3/lib/python3.11/site-packages/airflow/example_dags/example_subdag_operator.py
[2024-05-21T13:14:09.133+0200] {processor.py:830} INFO - Processing file /home/munya/anaconda3/lib/python3.11/site-packages/airflow/example_dags/example_subdag_operator.py for tasks to queue
[2024-05-21T13:14:09.134+0200] {logging_mixin.py:188} INFO - [2024-05-21T13:14:09.134+0200] {dagbag.py:545} INFO - Filling up the DagBag from /home/munya/anaconda3/lib/python3.11/site-packages/airflow/example_dags/example_subdag_operator.py
[2024-05-21T13:14:09.155+0200] {processor.py:840} INFO - DAG(s) 'example_subdag_operator.section-1', 'example_subdag_operator.section-2', 'example_subdag_operator' retrieved from /home/munya/anaconda3/lib/python3.11/site-packages/airflow/example_dags/example_subdag_operator.py
[2024-05-21T13:14:09.172+0200] {logging_mixin.py:188} INFO - [2024-05-21T13:14:09.172+0200] {dag.py:3096} INFO - Sync 3 DAGs
[2024-05-21T13:14:09.194+0200] {logging_mixin.py:188} INFO - [2024-05-21T13:14:09.193+0200] {dag.py:3954} INFO - Setting next_dagrun for example_subdag_operator to 2022-01-01 00:00:00+00:00, run_after=2022-01-01 00:00:00+00:00
[2024-05-21T13:14:09.197+0200] {logging_mixin.py:188} INFO - [2024-05-21T13:14:09.196+0200] {dag.py:3954} INFO - Setting next_dagrun for example_subdag_operator.section-1 to None, run_after=None
[2024-05-21T13:14:09.197+0200] {logging_mixin.py:188} INFO - [2024-05-21T13:14:09.197+0200] {dag.py:3954} INFO - Setting next_dagrun for example_subdag_operator.section-2 to None, run_after=None
[2024-05-21T13:14:09.202+0200] {logging_mixin.py:188} INFO - [2024-05-21T13:14:09.202+0200] {dag.py:3096} INFO - Sync 2 DAGs
[2024-05-21T13:14:09.207+0200] {logging_mixin.py:188} INFO - [2024-05-21T13:14:09.206+0200] {dag.py:3954} INFO - Setting next_dagrun for example_subdag_operator.section-1 to None, run_after=None
[2024-05-21T13:14:09.207+0200] {logging_mixin.py:188} INFO - [2024-05-21T13:14:09.207+0200] {dag.py:3954} INFO - Setting next_dagrun for example_subdag_operator.section-2 to None, run_after=None
[2024-05-21T13:14:09.223+0200] {processor.py:183} INFO - Processing /home/munya/anaconda3/lib/python3.11/site-packages/airflow/example_dags/example_subdag_operator.py took 0.097 seconds
[2024-05-21T13:15:15.279+0200] {processor.py:161} INFO - Started process (PID=215281) to work on /home/munya/anaconda3/lib/python3.11/site-packages/airflow/example_dags/example_subdag_operator.py
[2024-05-21T13:15:15.282+0200] {processor.py:830} INFO - Processing file /home/munya/anaconda3/lib/python3.11/site-packages/airflow/example_dags/example_subdag_operator.py for tasks to queue
[2024-05-21T13:15:15.286+0200] {logging_mixin.py:188} INFO - [2024-05-21T13:15:15.284+0200] {dagbag.py:545} INFO - Filling up the DagBag from /home/munya/anaconda3/lib/python3.11/site-packages/airflow/example_dags/example_subdag_operator.py
[2024-05-21T13:15:15.363+0200] {processor.py:840} INFO - DAG(s) 'example_subdag_operator.section-1', 'example_subdag_operator.section-2', 'example_subdag_operator' retrieved from /home/munya/anaconda3/lib/python3.11/site-packages/airflow/example_dags/example_subdag_operator.py
[2024-05-21T13:15:15.428+0200] {logging_mixin.py:188} INFO - [2024-05-21T13:15:15.427+0200] {dag.py:3096} INFO - Sync 3 DAGs
[2024-05-21T13:15:15.504+0200] {logging_mixin.py:188} INFO - [2024-05-21T13:15:15.504+0200] {dag.py:3954} INFO - Setting next_dagrun for example_subdag_operator to 2022-01-01 00:00:00+00:00, run_after=2022-01-01 00:00:00+00:00
[2024-05-21T13:15:15.517+0200] {logging_mixin.py:188} INFO - [2024-05-21T13:15:15.517+0200] {dag.py:3954} INFO - Setting next_dagrun for example_subdag_operator.section-1 to None, run_after=None
[2024-05-21T13:15:15.521+0200] {logging_mixin.py:188} INFO - [2024-05-21T13:15:15.520+0200] {dag.py:3954} INFO - Setting next_dagrun for example_subdag_operator.section-2 to None, run_after=None
[2024-05-21T13:15:15.542+0200] {logging_mixin.py:188} INFO - [2024-05-21T13:15:15.542+0200] {dag.py:3096} INFO - Sync 2 DAGs
[2024-05-21T13:15:15.558+0200] {logging_mixin.py:188} INFO - [2024-05-21T13:15:15.557+0200] {dag.py:3954} INFO - Setting next_dagrun for example_subdag_operator.section-1 to None, run_after=None
[2024-05-21T13:15:15.559+0200] {logging_mixin.py:188} INFO - [2024-05-21T13:15:15.558+0200] {dag.py:3954} INFO - Setting next_dagrun for example_subdag_operator.section-2 to None, run_after=None
[2024-05-21T13:15:15.580+0200] {processor.py:183} INFO - Processing /home/munya/anaconda3/lib/python3.11/site-packages/airflow/example_dags/example_subdag_operator.py took 0.325 seconds
[2024-05-21T13:16:18.963+0200] {processor.py:161} INFO - Started process (PID=216052) to work on /home/munya/anaconda3/lib/python3.11/site-packages/airflow/example_dags/example_subdag_operator.py
[2024-05-21T13:16:18.964+0200] {processor.py:830} INFO - Processing file /home/munya/anaconda3/lib/python3.11/site-packages/airflow/example_dags/example_subdag_operator.py for tasks to queue
[2024-05-21T13:16:18.965+0200] {logging_mixin.py:188} INFO - [2024-05-21T13:16:18.964+0200] {dagbag.py:545} INFO - Filling up the DagBag from /home/munya/anaconda3/lib/python3.11/site-packages/airflow/example_dags/example_subdag_operator.py
[2024-05-21T13:16:18.984+0200] {processor.py:840} INFO - DAG(s) 'example_subdag_operator.section-1', 'example_subdag_operator.section-2', 'example_subdag_operator' retrieved from /home/munya/anaconda3/lib/python3.11/site-packages/airflow/example_dags/example_subdag_operator.py
[2024-05-21T13:16:18.997+0200] {logging_mixin.py:188} INFO - [2024-05-21T13:16:18.997+0200] {dag.py:3096} INFO - Sync 3 DAGs
[2024-05-21T13:16:19.014+0200] {logging_mixin.py:188} INFO - [2024-05-21T13:16:19.014+0200] {dag.py:3954} INFO - Setting next_dagrun for example_subdag_operator to 2022-01-01 00:00:00+00:00, run_after=2022-01-01 00:00:00+00:00
[2024-05-21T13:16:19.019+0200] {logging_mixin.py:188} INFO - [2024-05-21T13:16:19.019+0200] {dag.py:3954} INFO - Setting next_dagrun for example_subdag_operator.section-1 to None, run_after=None
[2024-05-21T13:16:19.020+0200] {logging_mixin.py:188} INFO - [2024-05-21T13:16:19.020+0200] {dag.py:3954} INFO - Setting next_dagrun for example_subdag_operator.section-2 to None, run_after=None
[2024-05-21T13:16:19.024+0200] {logging_mixin.py:188} INFO - [2024-05-21T13:16:19.024+0200] {dag.py:3096} INFO - Sync 2 DAGs
[2024-05-21T13:16:19.027+0200] {logging_mixin.py:188} INFO - [2024-05-21T13:16:19.027+0200] {dag.py:3954} INFO - Setting next_dagrun for example_subdag_operator.section-1 to None, run_after=None
[2024-05-21T13:16:19.028+0200] {logging_mixin.py:188} INFO - [2024-05-21T13:16:19.027+0200] {dag.py:3954} INFO - Setting next_dagrun for example_subdag_operator.section-2 to None, run_after=None
[2024-05-21T13:16:19.040+0200] {processor.py:183} INFO - Processing /home/munya/anaconda3/lib/python3.11/site-packages/airflow/example_dags/example_subdag_operator.py took 0.083 seconds
[2024-05-21T13:17:27.054+0200] {processor.py:161} INFO - Started process (PID=216895) to work on /home/munya/anaconda3/lib/python3.11/site-packages/airflow/example_dags/example_subdag_operator.py
[2024-05-21T13:17:27.055+0200] {processor.py:830} INFO - Processing file /home/munya/anaconda3/lib/python3.11/site-packages/airflow/example_dags/example_subdag_operator.py for tasks to queue
[2024-05-21T13:17:27.056+0200] {logging_mixin.py:188} INFO - [2024-05-21T13:17:27.055+0200] {dagbag.py:545} INFO - Filling up the DagBag from /home/munya/anaconda3/lib/python3.11/site-packages/airflow/example_dags/example_subdag_operator.py
[2024-05-21T13:17:27.076+0200] {processor.py:840} INFO - DAG(s) 'example_subdag_operator.section-1', 'example_subdag_operator.section-2', 'example_subdag_operator' retrieved from /home/munya/anaconda3/lib/python3.11/site-packages/airflow/example_dags/example_subdag_operator.py
[2024-05-21T13:17:27.095+0200] {logging_mixin.py:188} INFO - [2024-05-21T13:17:27.095+0200] {dag.py:3096} INFO - Sync 3 DAGs
[2024-05-21T13:17:27.114+0200] {logging_mixin.py:188} INFO - [2024-05-21T13:17:27.114+0200] {dag.py:3954} INFO - Setting next_dagrun for example_subdag_operator to 2022-01-01 00:00:00+00:00, run_after=2022-01-01 00:00:00+00:00
[2024-05-21T13:17:27.118+0200] {logging_mixin.py:188} INFO - [2024-05-21T13:17:27.117+0200] {dag.py:3954} INFO - Setting next_dagrun for example_subdag_operator.section-1 to None, run_after=None
[2024-05-21T13:17:27.119+0200] {logging_mixin.py:188} INFO - [2024-05-21T13:17:27.118+0200] {dag.py:3954} INFO - Setting next_dagrun for example_subdag_operator.section-2 to None, run_after=None
[2024-05-21T13:17:27.123+0200] {logging_mixin.py:188} INFO - [2024-05-21T13:17:27.123+0200] {dag.py:3096} INFO - Sync 2 DAGs
[2024-05-21T13:17:27.128+0200] {logging_mixin.py:188} INFO - [2024-05-21T13:17:27.128+0200] {dag.py:3954} INFO - Setting next_dagrun for example_subdag_operator.section-1 to None, run_after=None
[2024-05-21T13:17:27.128+0200] {logging_mixin.py:188} INFO - [2024-05-21T13:17:27.128+0200] {dag.py:3954} INFO - Setting next_dagrun for example_subdag_operator.section-2 to None, run_after=None
[2024-05-21T13:17:27.140+0200] {processor.py:183} INFO - Processing /home/munya/anaconda3/lib/python3.11/site-packages/airflow/example_dags/example_subdag_operator.py took 0.093 seconds
[2024-05-21T13:18:36.790+0200] {processor.py:161} INFO - Started process (PID=217757) to work on /home/munya/anaconda3/lib/python3.11/site-packages/airflow/example_dags/example_subdag_operator.py
[2024-05-21T13:18:36.793+0200] {processor.py:830} INFO - Processing file /home/munya/anaconda3/lib/python3.11/site-packages/airflow/example_dags/example_subdag_operator.py for tasks to queue
[2024-05-21T13:18:36.796+0200] {logging_mixin.py:188} INFO - [2024-05-21T13:18:36.794+0200] {dagbag.py:545} INFO - Filling up the DagBag from /home/munya/anaconda3/lib/python3.11/site-packages/airflow/example_dags/example_subdag_operator.py
[2024-05-21T13:18:36.861+0200] {processor.py:840} INFO - DAG(s) 'example_subdag_operator.section-1', 'example_subdag_operator.section-2', 'example_subdag_operator' retrieved from /home/munya/anaconda3/lib/python3.11/site-packages/airflow/example_dags/example_subdag_operator.py
[2024-05-21T13:18:36.908+0200] {logging_mixin.py:188} INFO - [2024-05-21T13:18:36.907+0200] {dag.py:3096} INFO - Sync 3 DAGs
[2024-05-21T13:18:36.985+0200] {logging_mixin.py:188} INFO - [2024-05-21T13:18:36.984+0200] {dag.py:3954} INFO - Setting next_dagrun for example_subdag_operator to 2022-01-01 00:00:00+00:00, run_after=2022-01-01 00:00:00+00:00
[2024-05-21T13:18:37.000+0200] {logging_mixin.py:188} INFO - [2024-05-21T13:18:36.999+0200] {dag.py:3954} INFO - Setting next_dagrun for example_subdag_operator.section-1 to None, run_after=None
[2024-05-21T13:18:37.005+0200] {logging_mixin.py:188} INFO - [2024-05-21T13:18:37.004+0200] {dag.py:3954} INFO - Setting next_dagrun for example_subdag_operator.section-2 to None, run_after=None
[2024-05-21T13:18:37.029+0200] {logging_mixin.py:188} INFO - [2024-05-21T13:18:37.028+0200] {dag.py:3096} INFO - Sync 2 DAGs
[2024-05-21T13:18:37.047+0200] {logging_mixin.py:188} INFO - [2024-05-21T13:18:37.046+0200] {dag.py:3954} INFO - Setting next_dagrun for example_subdag_operator.section-1 to None, run_after=None
[2024-05-21T13:18:37.048+0200] {logging_mixin.py:188} INFO - [2024-05-21T13:18:37.048+0200] {dag.py:3954} INFO - Setting next_dagrun for example_subdag_operator.section-2 to None, run_after=None
[2024-05-21T13:18:37.097+0200] {processor.py:183} INFO - Processing /home/munya/anaconda3/lib/python3.11/site-packages/airflow/example_dags/example_subdag_operator.py took 0.333 seconds
[2024-05-21T13:19:42.782+0200] {processor.py:161} INFO - Started process (PID=218573) to work on /home/munya/anaconda3/lib/python3.11/site-packages/airflow/example_dags/example_subdag_operator.py
[2024-05-21T13:19:42.783+0200] {processor.py:830} INFO - Processing file /home/munya/anaconda3/lib/python3.11/site-packages/airflow/example_dags/example_subdag_operator.py for tasks to queue
[2024-05-21T13:19:42.784+0200] {logging_mixin.py:188} INFO - [2024-05-21T13:19:42.784+0200] {dagbag.py:545} INFO - Filling up the DagBag from /home/munya/anaconda3/lib/python3.11/site-packages/airflow/example_dags/example_subdag_operator.py
[2024-05-21T13:19:42.807+0200] {processor.py:840} INFO - DAG(s) 'example_subdag_operator.section-1', 'example_subdag_operator.section-2', 'example_subdag_operator' retrieved from /home/munya/anaconda3/lib/python3.11/site-packages/airflow/example_dags/example_subdag_operator.py
[2024-05-21T13:19:42.827+0200] {logging_mixin.py:188} INFO - [2024-05-21T13:19:42.827+0200] {dag.py:3096} INFO - Sync 3 DAGs
[2024-05-21T13:19:42.848+0200] {logging_mixin.py:188} INFO - [2024-05-21T13:19:42.847+0200] {dag.py:3954} INFO - Setting next_dagrun for example_subdag_operator to 2022-01-01 00:00:00+00:00, run_after=2022-01-01 00:00:00+00:00
[2024-05-21T13:19:42.851+0200] {logging_mixin.py:188} INFO - [2024-05-21T13:19:42.851+0200] {dag.py:3954} INFO - Setting next_dagrun for example_subdag_operator.section-1 to None, run_after=None
[2024-05-21T13:19:42.853+0200] {logging_mixin.py:188} INFO - [2024-05-21T13:19:42.852+0200] {dag.py:3954} INFO - Setting next_dagrun for example_subdag_operator.section-2 to None, run_after=None
[2024-05-21T13:19:42.858+0200] {logging_mixin.py:188} INFO - [2024-05-21T13:19:42.858+0200] {dag.py:3096} INFO - Sync 2 DAGs
[2024-05-21T13:19:42.863+0200] {logging_mixin.py:188} INFO - [2024-05-21T13:19:42.863+0200] {dag.py:3954} INFO - Setting next_dagrun for example_subdag_operator.section-1 to None, run_after=None
[2024-05-21T13:19:42.864+0200] {logging_mixin.py:188} INFO - [2024-05-21T13:19:42.863+0200] {dag.py:3954} INFO - Setting next_dagrun for example_subdag_operator.section-2 to None, run_after=None
[2024-05-21T13:19:42.877+0200] {processor.py:183} INFO - Processing /home/munya/anaconda3/lib/python3.11/site-packages/airflow/example_dags/example_subdag_operator.py took 0.102 seconds
[2024-05-21T13:20:45.577+0200] {processor.py:161} INFO - Started process (PID=219389) to work on /home/munya/anaconda3/lib/python3.11/site-packages/airflow/example_dags/example_subdag_operator.py
[2024-05-21T13:20:45.578+0200] {processor.py:830} INFO - Processing file /home/munya/anaconda3/lib/python3.11/site-packages/airflow/example_dags/example_subdag_operator.py for tasks to queue
[2024-05-21T13:20:45.579+0200] {logging_mixin.py:188} INFO - [2024-05-21T13:20:45.579+0200] {dagbag.py:545} INFO - Filling up the DagBag from /home/munya/anaconda3/lib/python3.11/site-packages/airflow/example_dags/example_subdag_operator.py
[2024-05-21T13:20:45.601+0200] {processor.py:840} INFO - DAG(s) 'example_subdag_operator.section-1', 'example_subdag_operator.section-2', 'example_subdag_operator' retrieved from /home/munya/anaconda3/lib/python3.11/site-packages/airflow/example_dags/example_subdag_operator.py
[2024-05-21T13:20:45.621+0200] {logging_mixin.py:188} INFO - [2024-05-21T13:20:45.621+0200] {dag.py:3096} INFO - Sync 3 DAGs
[2024-05-21T13:20:45.642+0200] {logging_mixin.py:188} INFO - [2024-05-21T13:20:45.642+0200] {dag.py:3954} INFO - Setting next_dagrun for example_subdag_operator to 2022-01-01 00:00:00+00:00, run_after=2022-01-01 00:00:00+00:00
[2024-05-21T13:20:45.646+0200] {logging_mixin.py:188} INFO - [2024-05-21T13:20:45.645+0200] {dag.py:3954} INFO - Setting next_dagrun for example_subdag_operator.section-1 to None, run_after=None
[2024-05-21T13:20:45.647+0200] {logging_mixin.py:188} INFO - [2024-05-21T13:20:45.646+0200] {dag.py:3954} INFO - Setting next_dagrun for example_subdag_operator.section-2 to None, run_after=None
[2024-05-21T13:20:45.652+0200] {logging_mixin.py:188} INFO - [2024-05-21T13:20:45.652+0200] {dag.py:3096} INFO - Sync 2 DAGs
[2024-05-21T13:20:45.658+0200] {logging_mixin.py:188} INFO - [2024-05-21T13:20:45.657+0200] {dag.py:3954} INFO - Setting next_dagrun for example_subdag_operator.section-1 to None, run_after=None
[2024-05-21T13:20:45.658+0200] {logging_mixin.py:188} INFO - [2024-05-21T13:20:45.658+0200] {dag.py:3954} INFO - Setting next_dagrun for example_subdag_operator.section-2 to None, run_after=None
[2024-05-21T13:20:45.675+0200] {processor.py:183} INFO - Processing /home/munya/anaconda3/lib/python3.11/site-packages/airflow/example_dags/example_subdag_operator.py took 0.104 seconds
[2024-05-21T13:21:51.026+0200] {processor.py:161} INFO - Started process (PID=220203) to work on /home/munya/anaconda3/lib/python3.11/site-packages/airflow/example_dags/example_subdag_operator.py
[2024-05-21T13:21:51.027+0200] {processor.py:830} INFO - Processing file /home/munya/anaconda3/lib/python3.11/site-packages/airflow/example_dags/example_subdag_operator.py for tasks to queue
[2024-05-21T13:21:51.028+0200] {logging_mixin.py:188} INFO - [2024-05-21T13:21:51.027+0200] {dagbag.py:545} INFO - Filling up the DagBag from /home/munya/anaconda3/lib/python3.11/site-packages/airflow/example_dags/example_subdag_operator.py
[2024-05-21T13:21:51.053+0200] {processor.py:840} INFO - DAG(s) 'example_subdag_operator.section-1', 'example_subdag_operator.section-2', 'example_subdag_operator' retrieved from /home/munya/anaconda3/lib/python3.11/site-packages/airflow/example_dags/example_subdag_operator.py
[2024-05-21T13:21:51.073+0200] {logging_mixin.py:188} INFO - [2024-05-21T13:21:51.073+0200] {dag.py:3096} INFO - Sync 3 DAGs
[2024-05-21T13:21:51.096+0200] {logging_mixin.py:188} INFO - [2024-05-21T13:21:51.096+0200] {dag.py:3954} INFO - Setting next_dagrun for example_subdag_operator to 2022-01-01 00:00:00+00:00, run_after=2022-01-01 00:00:00+00:00
[2024-05-21T13:21:51.100+0200] {logging_mixin.py:188} INFO - [2024-05-21T13:21:51.100+0200] {dag.py:3954} INFO - Setting next_dagrun for example_subdag_operator.section-1 to None, run_after=None
[2024-05-21T13:21:51.101+0200] {logging_mixin.py:188} INFO - [2024-05-21T13:21:51.101+0200] {dag.py:3954} INFO - Setting next_dagrun for example_subdag_operator.section-2 to None, run_after=None
[2024-05-21T13:21:51.107+0200] {logging_mixin.py:188} INFO - [2024-05-21T13:21:51.107+0200] {dag.py:3096} INFO - Sync 2 DAGs
[2024-05-21T13:21:51.112+0200] {logging_mixin.py:188} INFO - [2024-05-21T13:21:51.112+0200] {dag.py:3954} INFO - Setting next_dagrun for example_subdag_operator.section-1 to None, run_after=None
[2024-05-21T13:21:51.112+0200] {logging_mixin.py:188} INFO - [2024-05-21T13:21:51.112+0200] {dag.py:3954} INFO - Setting next_dagrun for example_subdag_operator.section-2 to None, run_after=None
[2024-05-21T13:21:51.132+0200] {processor.py:183} INFO - Processing /home/munya/anaconda3/lib/python3.11/site-packages/airflow/example_dags/example_subdag_operator.py took 0.112 seconds
[2024-05-21T13:22:55.890+0200] {processor.py:161} INFO - Started process (PID=221044) to work on /home/munya/anaconda3/lib/python3.11/site-packages/airflow/example_dags/example_subdag_operator.py
[2024-05-21T13:22:55.894+0200] {processor.py:830} INFO - Processing file /home/munya/anaconda3/lib/python3.11/site-packages/airflow/example_dags/example_subdag_operator.py for tasks to queue
[2024-05-21T13:22:55.897+0200] {logging_mixin.py:188} INFO - [2024-05-21T13:22:55.895+0200] {dagbag.py:545} INFO - Filling up the DagBag from /home/munya/anaconda3/lib/python3.11/site-packages/airflow/example_dags/example_subdag_operator.py
[2024-05-21T13:22:55.978+0200] {processor.py:840} INFO - DAG(s) 'example_subdag_operator.section-1', 'example_subdag_operator.section-2', 'example_subdag_operator' retrieved from /home/munya/anaconda3/lib/python3.11/site-packages/airflow/example_dags/example_subdag_operator.py
[2024-05-21T13:22:56.044+0200] {logging_mixin.py:188} INFO - [2024-05-21T13:22:56.043+0200] {dag.py:3096} INFO - Sync 3 DAGs
[2024-05-21T13:22:56.114+0200] {logging_mixin.py:188} INFO - [2024-05-21T13:22:56.113+0200] {dag.py:3954} INFO - Setting next_dagrun for example_subdag_operator to 2022-01-01 00:00:00+00:00, run_after=2022-01-01 00:00:00+00:00
[2024-05-21T13:22:56.125+0200] {logging_mixin.py:188} INFO - [2024-05-21T13:22:56.125+0200] {dag.py:3954} INFO - Setting next_dagrun for example_subdag_operator.section-1 to None, run_after=None
[2024-05-21T13:22:56.129+0200] {logging_mixin.py:188} INFO - [2024-05-21T13:22:56.128+0200] {dag.py:3954} INFO - Setting next_dagrun for example_subdag_operator.section-2 to None, run_after=None
[2024-05-21T13:22:56.148+0200] {logging_mixin.py:188} INFO - [2024-05-21T13:22:56.148+0200] {dag.py:3096} INFO - Sync 2 DAGs
[2024-05-21T13:22:56.160+0200] {logging_mixin.py:188} INFO - [2024-05-21T13:22:56.160+0200] {dag.py:3954} INFO - Setting next_dagrun for example_subdag_operator.section-1 to None, run_after=None
[2024-05-21T13:22:56.162+0200] {logging_mixin.py:188} INFO - [2024-05-21T13:22:56.161+0200] {dag.py:3954} INFO - Setting next_dagrun for example_subdag_operator.section-2 to None, run_after=None
[2024-05-21T13:22:56.200+0200] {processor.py:183} INFO - Processing /home/munya/anaconda3/lib/python3.11/site-packages/airflow/example_dags/example_subdag_operator.py took 0.331 seconds
[2024-05-21T13:24:01.250+0200] {processor.py:161} INFO - Started process (PID=221885) to work on /home/munya/anaconda3/lib/python3.11/site-packages/airflow/example_dags/example_subdag_operator.py
[2024-05-21T13:24:01.251+0200] {processor.py:830} INFO - Processing file /home/munya/anaconda3/lib/python3.11/site-packages/airflow/example_dags/example_subdag_operator.py for tasks to queue
[2024-05-21T13:24:01.252+0200] {logging_mixin.py:188} INFO - [2024-05-21T13:24:01.252+0200] {dagbag.py:545} INFO - Filling up the DagBag from /home/munya/anaconda3/lib/python3.11/site-packages/airflow/example_dags/example_subdag_operator.py
[2024-05-21T13:24:01.278+0200] {processor.py:840} INFO - DAG(s) 'example_subdag_operator.section-1', 'example_subdag_operator.section-2', 'example_subdag_operator' retrieved from /home/munya/anaconda3/lib/python3.11/site-packages/airflow/example_dags/example_subdag_operator.py
[2024-05-21T13:24:01.298+0200] {logging_mixin.py:188} INFO - [2024-05-21T13:24:01.297+0200] {dag.py:3096} INFO - Sync 3 DAGs
[2024-05-21T13:24:01.321+0200] {logging_mixin.py:188} INFO - [2024-05-21T13:24:01.321+0200] {dag.py:3954} INFO - Setting next_dagrun for example_subdag_operator to 2022-01-01 00:00:00+00:00, run_after=2022-01-01 00:00:00+00:00
[2024-05-21T13:24:01.325+0200] {logging_mixin.py:188} INFO - [2024-05-21T13:24:01.325+0200] {dag.py:3954} INFO - Setting next_dagrun for example_subdag_operator.section-1 to None, run_after=None
[2024-05-21T13:24:01.326+0200] {logging_mixin.py:188} INFO - [2024-05-21T13:24:01.326+0200] {dag.py:3954} INFO - Setting next_dagrun for example_subdag_operator.section-2 to None, run_after=None
[2024-05-21T13:24:01.333+0200] {logging_mixin.py:188} INFO - [2024-05-21T13:24:01.332+0200] {dag.py:3096} INFO - Sync 2 DAGs
[2024-05-21T13:24:01.338+0200] {logging_mixin.py:188} INFO - [2024-05-21T13:24:01.338+0200] {dag.py:3954} INFO - Setting next_dagrun for example_subdag_operator.section-1 to None, run_after=None
[2024-05-21T13:24:01.339+0200] {logging_mixin.py:188} INFO - [2024-05-21T13:24:01.339+0200] {dag.py:3954} INFO - Setting next_dagrun for example_subdag_operator.section-2 to None, run_after=None
[2024-05-21T13:24:01.354+0200] {processor.py:183} INFO - Processing /home/munya/anaconda3/lib/python3.11/site-packages/airflow/example_dags/example_subdag_operator.py took 0.111 seconds
[2024-05-21T13:25:02.952+0200] {processor.py:161} INFO - Started process (PID=222752) to work on /home/munya/anaconda3/lib/python3.11/site-packages/airflow/example_dags/example_subdag_operator.py
[2024-05-21T13:25:02.953+0200] {processor.py:830} INFO - Processing file /home/munya/anaconda3/lib/python3.11/site-packages/airflow/example_dags/example_subdag_operator.py for tasks to queue
[2024-05-21T13:25:02.954+0200] {logging_mixin.py:188} INFO - [2024-05-21T13:25:02.953+0200] {dagbag.py:545} INFO - Filling up the DagBag from /home/munya/anaconda3/lib/python3.11/site-packages/airflow/example_dags/example_subdag_operator.py
[2024-05-21T13:25:02.977+0200] {processor.py:840} INFO - DAG(s) 'example_subdag_operator.section-1', 'example_subdag_operator.section-2', 'example_subdag_operator' retrieved from /home/munya/anaconda3/lib/python3.11/site-packages/airflow/example_dags/example_subdag_operator.py
[2024-05-21T13:25:02.996+0200] {logging_mixin.py:188} INFO - [2024-05-21T13:25:02.996+0200] {dag.py:3096} INFO - Sync 3 DAGs
[2024-05-21T13:25:03.015+0200] {logging_mixin.py:188} INFO - [2024-05-21T13:25:03.015+0200] {dag.py:3954} INFO - Setting next_dagrun for example_subdag_operator to 2022-01-01 00:00:00+00:00, run_after=2022-01-01 00:00:00+00:00
[2024-05-21T13:25:03.019+0200] {logging_mixin.py:188} INFO - [2024-05-21T13:25:03.018+0200] {dag.py:3954} INFO - Setting next_dagrun for example_subdag_operator.section-1 to None, run_after=None
[2024-05-21T13:25:03.020+0200] {logging_mixin.py:188} INFO - [2024-05-21T13:25:03.019+0200] {dag.py:3954} INFO - Setting next_dagrun for example_subdag_operator.section-2 to None, run_after=None
[2024-05-21T13:25:03.025+0200] {logging_mixin.py:188} INFO - [2024-05-21T13:25:03.025+0200] {dag.py:3096} INFO - Sync 2 DAGs
[2024-05-21T13:25:03.029+0200] {logging_mixin.py:188} INFO - [2024-05-21T13:25:03.029+0200] {dag.py:3954} INFO - Setting next_dagrun for example_subdag_operator.section-1 to None, run_after=None
[2024-05-21T13:25:03.030+0200] {logging_mixin.py:188} INFO - [2024-05-21T13:25:03.030+0200] {dag.py:3954} INFO - Setting next_dagrun for example_subdag_operator.section-2 to None, run_after=None
[2024-05-21T13:25:03.043+0200] {processor.py:183} INFO - Processing /home/munya/anaconda3/lib/python3.11/site-packages/airflow/example_dags/example_subdag_operator.py took 0.097 seconds
[2024-05-21T13:26:05.080+0200] {processor.py:161} INFO - Started process (PID=223573) to work on /home/munya/anaconda3/lib/python3.11/site-packages/airflow/example_dags/example_subdag_operator.py
[2024-05-21T13:26:05.081+0200] {processor.py:830} INFO - Processing file /home/munya/anaconda3/lib/python3.11/site-packages/airflow/example_dags/example_subdag_operator.py for tasks to queue
[2024-05-21T13:26:05.082+0200] {logging_mixin.py:188} INFO - [2024-05-21T13:26:05.082+0200] {dagbag.py:545} INFO - Filling up the DagBag from /home/munya/anaconda3/lib/python3.11/site-packages/airflow/example_dags/example_subdag_operator.py
[2024-05-21T13:26:05.103+0200] {processor.py:840} INFO - DAG(s) 'example_subdag_operator.section-1', 'example_subdag_operator.section-2', 'example_subdag_operator' retrieved from /home/munya/anaconda3/lib/python3.11/site-packages/airflow/example_dags/example_subdag_operator.py
[2024-05-21T13:26:05.123+0200] {logging_mixin.py:188} INFO - [2024-05-21T13:26:05.123+0200] {dag.py:3096} INFO - Sync 3 DAGs
[2024-05-21T13:26:05.145+0200] {logging_mixin.py:188} INFO - [2024-05-21T13:26:05.145+0200] {dag.py:3954} INFO - Setting next_dagrun for example_subdag_operator to 2022-01-01 00:00:00+00:00, run_after=2022-01-01 00:00:00+00:00
[2024-05-21T13:26:05.149+0200] {logging_mixin.py:188} INFO - [2024-05-21T13:26:05.148+0200] {dag.py:3954} INFO - Setting next_dagrun for example_subdag_operator.section-1 to None, run_after=None
[2024-05-21T13:26:05.150+0200] {logging_mixin.py:188} INFO - [2024-05-21T13:26:05.150+0200] {dag.py:3954} INFO - Setting next_dagrun for example_subdag_operator.section-2 to None, run_after=None
[2024-05-21T13:26:05.156+0200] {logging_mixin.py:188} INFO - [2024-05-21T13:26:05.156+0200] {dag.py:3096} INFO - Sync 2 DAGs
[2024-05-21T13:26:05.161+0200] {logging_mixin.py:188} INFO - [2024-05-21T13:26:05.161+0200] {dag.py:3954} INFO - Setting next_dagrun for example_subdag_operator.section-1 to None, run_after=None
[2024-05-21T13:26:05.161+0200] {logging_mixin.py:188} INFO - [2024-05-21T13:26:05.161+0200] {dag.py:3954} INFO - Setting next_dagrun for example_subdag_operator.section-2 to None, run_after=None
[2024-05-21T13:26:05.176+0200] {processor.py:183} INFO - Processing /home/munya/anaconda3/lib/python3.11/site-packages/airflow/example_dags/example_subdag_operator.py took 0.103 seconds
[2024-05-21T13:27:16.979+0200] {processor.py:161} INFO - Started process (PID=224969) to work on /home/munya/anaconda3/lib/python3.11/site-packages/airflow/example_dags/example_subdag_operator.py
[2024-05-21T13:27:16.996+0200] {processor.py:830} INFO - Processing file /home/munya/anaconda3/lib/python3.11/site-packages/airflow/example_dags/example_subdag_operator.py for tasks to queue
[2024-05-21T13:27:16.997+0200] {logging_mixin.py:188} INFO - [2024-05-21T13:27:16.996+0200] {dagbag.py:545} INFO - Filling up the DagBag from /home/munya/anaconda3/lib/python3.11/site-packages/airflow/example_dags/example_subdag_operator.py
[2024-05-21T13:27:17.087+0200] {processor.py:840} INFO - DAG(s) 'example_subdag_operator.section-1', 'example_subdag_operator.section-2', 'example_subdag_operator' retrieved from /home/munya/anaconda3/lib/python3.11/site-packages/airflow/example_dags/example_subdag_operator.py
[2024-05-21T13:27:17.153+0200] {logging_mixin.py:188} INFO - [2024-05-21T13:27:17.142+0200] {dag.py:3096} INFO - Sync 3 DAGs
[2024-05-21T13:27:17.196+0200] {logging_mixin.py:188} INFO - [2024-05-21T13:27:17.196+0200] {dag.py:3954} INFO - Setting next_dagrun for example_subdag_operator to 2022-01-01 00:00:00+00:00, run_after=2022-01-01 00:00:00+00:00
[2024-05-21T13:27:17.202+0200] {logging_mixin.py:188} INFO - [2024-05-21T13:27:17.201+0200] {dag.py:3954} INFO - Setting next_dagrun for example_subdag_operator.section-1 to None, run_after=None
[2024-05-21T13:27:17.204+0200] {logging_mixin.py:188} INFO - [2024-05-21T13:27:17.203+0200] {dag.py:3954} INFO - Setting next_dagrun for example_subdag_operator.section-2 to None, run_after=None
[2024-05-21T13:27:17.219+0200] {logging_mixin.py:188} INFO - [2024-05-21T13:27:17.217+0200] {dag.py:3096} INFO - Sync 2 DAGs
[2024-05-21T13:27:17.242+0200] {logging_mixin.py:188} INFO - [2024-05-21T13:27:17.242+0200] {dag.py:3954} INFO - Setting next_dagrun for example_subdag_operator.section-1 to None, run_after=None
[2024-05-21T13:27:17.244+0200] {logging_mixin.py:188} INFO - [2024-05-21T13:27:17.243+0200] {dag.py:3954} INFO - Setting next_dagrun for example_subdag_operator.section-2 to None, run_after=None
[2024-05-21T13:27:18.079+0200] {processor.py:183} INFO - Processing /home/munya/anaconda3/lib/python3.11/site-packages/airflow/example_dags/example_subdag_operator.py took 1.138 seconds
[2024-05-21T13:28:56.354+0200] {processor.py:161} INFO - Started process (PID=227099) to work on /home/munya/anaconda3/lib/python3.11/site-packages/airflow/example_dags/example_subdag_operator.py
[2024-05-21T13:28:56.355+0200] {processor.py:830} INFO - Processing file /home/munya/anaconda3/lib/python3.11/site-packages/airflow/example_dags/example_subdag_operator.py for tasks to queue
[2024-05-21T13:28:56.356+0200] {logging_mixin.py:188} INFO - [2024-05-21T13:28:56.356+0200] {dagbag.py:545} INFO - Filling up the DagBag from /home/munya/anaconda3/lib/python3.11/site-packages/airflow/example_dags/example_subdag_operator.py
[2024-05-21T13:28:56.383+0200] {processor.py:840} INFO - DAG(s) 'example_subdag_operator.section-1', 'example_subdag_operator.section-2', 'example_subdag_operator' retrieved from /home/munya/anaconda3/lib/python3.11/site-packages/airflow/example_dags/example_subdag_operator.py
[2024-05-21T13:28:56.403+0200] {logging_mixin.py:188} INFO - [2024-05-21T13:28:56.403+0200] {dag.py:3096} INFO - Sync 3 DAGs
[2024-05-21T13:28:56.428+0200] {logging_mixin.py:188} INFO - [2024-05-21T13:28:56.428+0200] {dag.py:3954} INFO - Setting next_dagrun for example_subdag_operator to 2022-01-01 00:00:00+00:00, run_after=2022-01-01 00:00:00+00:00
[2024-05-21T13:28:56.432+0200] {logging_mixin.py:188} INFO - [2024-05-21T13:28:56.432+0200] {dag.py:3954} INFO - Setting next_dagrun for example_subdag_operator.section-1 to None, run_after=None
[2024-05-21T13:28:56.433+0200] {logging_mixin.py:188} INFO - [2024-05-21T13:28:56.433+0200] {dag.py:3954} INFO - Setting next_dagrun for example_subdag_operator.section-2 to None, run_after=None
[2024-05-21T13:28:56.439+0200] {logging_mixin.py:188} INFO - [2024-05-21T13:28:56.439+0200] {dag.py:3096} INFO - Sync 2 DAGs
[2024-05-21T13:28:56.444+0200] {logging_mixin.py:188} INFO - [2024-05-21T13:28:56.444+0200] {dag.py:3954} INFO - Setting next_dagrun for example_subdag_operator.section-1 to None, run_after=None
[2024-05-21T13:28:56.444+0200] {logging_mixin.py:188} INFO - [2024-05-21T13:28:56.444+0200] {dag.py:3954} INFO - Setting next_dagrun for example_subdag_operator.section-2 to None, run_after=None
[2024-05-21T13:28:56.459+0200] {processor.py:183} INFO - Processing /home/munya/anaconda3/lib/python3.11/site-packages/airflow/example_dags/example_subdag_operator.py took 0.113 seconds
[2024-05-21T13:29:59.393+0200] {processor.py:161} INFO - Started process (PID=228157) to work on /home/munya/anaconda3/lib/python3.11/site-packages/airflow/example_dags/example_subdag_operator.py
[2024-05-21T13:29:59.394+0200] {processor.py:830} INFO - Processing file /home/munya/anaconda3/lib/python3.11/site-packages/airflow/example_dags/example_subdag_operator.py for tasks to queue
[2024-05-21T13:29:59.395+0200] {logging_mixin.py:188} INFO - [2024-05-21T13:29:59.394+0200] {dagbag.py:545} INFO - Filling up the DagBag from /home/munya/anaconda3/lib/python3.11/site-packages/airflow/example_dags/example_subdag_operator.py
[2024-05-21T13:29:59.417+0200] {processor.py:840} INFO - DAG(s) 'example_subdag_operator.section-1', 'example_subdag_operator.section-2', 'example_subdag_operator' retrieved from /home/munya/anaconda3/lib/python3.11/site-packages/airflow/example_dags/example_subdag_operator.py
[2024-05-21T13:29:59.433+0200] {logging_mixin.py:188} INFO - [2024-05-21T13:29:59.433+0200] {dag.py:3096} INFO - Sync 3 DAGs
[2024-05-21T13:29:59.454+0200] {logging_mixin.py:188} INFO - [2024-05-21T13:29:59.454+0200] {dag.py:3954} INFO - Setting next_dagrun for example_subdag_operator to 2022-01-01 00:00:00+00:00, run_after=2022-01-01 00:00:00+00:00
[2024-05-21T13:29:59.458+0200] {logging_mixin.py:188} INFO - [2024-05-21T13:29:59.457+0200] {dag.py:3954} INFO - Setting next_dagrun for example_subdag_operator.section-1 to None, run_after=None
[2024-05-21T13:29:59.458+0200] {logging_mixin.py:188} INFO - [2024-05-21T13:29:59.458+0200] {dag.py:3954} INFO - Setting next_dagrun for example_subdag_operator.section-2 to None, run_after=None
[2024-05-21T13:29:59.465+0200] {logging_mixin.py:188} INFO - [2024-05-21T13:29:59.464+0200] {dag.py:3096} INFO - Sync 2 DAGs
[2024-05-21T13:29:59.469+0200] {logging_mixin.py:188} INFO - [2024-05-21T13:29:59.469+0200] {dag.py:3954} INFO - Setting next_dagrun for example_subdag_operator.section-1 to None, run_after=None
[2024-05-21T13:29:59.469+0200] {logging_mixin.py:188} INFO - [2024-05-21T13:29:59.469+0200] {dag.py:3954} INFO - Setting next_dagrun for example_subdag_operator.section-2 to None, run_after=None
[2024-05-21T13:29:59.482+0200] {processor.py:183} INFO - Processing /home/munya/anaconda3/lib/python3.11/site-packages/airflow/example_dags/example_subdag_operator.py took 0.096 seconds
[2024-05-21T13:31:04.303+0200] {processor.py:161} INFO - Started process (PID=229178) to work on /home/munya/anaconda3/lib/python3.11/site-packages/airflow/example_dags/example_subdag_operator.py
[2024-05-21T13:31:04.304+0200] {processor.py:830} INFO - Processing file /home/munya/anaconda3/lib/python3.11/site-packages/airflow/example_dags/example_subdag_operator.py for tasks to queue
[2024-05-21T13:31:04.305+0200] {logging_mixin.py:188} INFO - [2024-05-21T13:31:04.304+0200] {dagbag.py:545} INFO - Filling up the DagBag from /home/munya/anaconda3/lib/python3.11/site-packages/airflow/example_dags/example_subdag_operator.py
[2024-05-21T13:31:04.326+0200] {processor.py:840} INFO - DAG(s) 'example_subdag_operator.section-1', 'example_subdag_operator.section-2', 'example_subdag_operator' retrieved from /home/munya/anaconda3/lib/python3.11/site-packages/airflow/example_dags/example_subdag_operator.py
[2024-05-21T13:31:04.346+0200] {logging_mixin.py:188} INFO - [2024-05-21T13:31:04.345+0200] {dag.py:3096} INFO - Sync 3 DAGs
[2024-05-21T13:31:04.366+0200] {logging_mixin.py:188} INFO - [2024-05-21T13:31:04.366+0200] {dag.py:3954} INFO - Setting next_dagrun for example_subdag_operator to 2022-01-01 00:00:00+00:00, run_after=2022-01-01 00:00:00+00:00
[2024-05-21T13:31:04.369+0200] {logging_mixin.py:188} INFO - [2024-05-21T13:31:04.369+0200] {dag.py:3954} INFO - Setting next_dagrun for example_subdag_operator.section-1 to None, run_after=None
[2024-05-21T13:31:04.370+0200] {logging_mixin.py:188} INFO - [2024-05-21T13:31:04.370+0200] {dag.py:3954} INFO - Setting next_dagrun for example_subdag_operator.section-2 to None, run_after=None
[2024-05-21T13:31:04.378+0200] {logging_mixin.py:188} INFO - [2024-05-21T13:31:04.377+0200] {dag.py:3096} INFO - Sync 2 DAGs
[2024-05-21T13:31:04.382+0200] {logging_mixin.py:188} INFO - [2024-05-21T13:31:04.382+0200] {dag.py:3954} INFO - Setting next_dagrun for example_subdag_operator.section-1 to None, run_after=None
[2024-05-21T13:31:04.382+0200] {logging_mixin.py:188} INFO - [2024-05-21T13:31:04.382+0200] {dag.py:3954} INFO - Setting next_dagrun for example_subdag_operator.section-2 to None, run_after=None
[2024-05-21T13:31:04.395+0200] {processor.py:183} INFO - Processing /home/munya/anaconda3/lib/python3.11/site-packages/airflow/example_dags/example_subdag_operator.py took 0.099 seconds
[2024-05-21T13:32:12.251+0200] {processor.py:161} INFO - Started process (PID=230291) to work on /home/munya/anaconda3/lib/python3.11/site-packages/airflow/example_dags/example_subdag_operator.py
[2024-05-21T13:32:12.254+0200] {processor.py:830} INFO - Processing file /home/munya/anaconda3/lib/python3.11/site-packages/airflow/example_dags/example_subdag_operator.py for tasks to queue
[2024-05-21T13:32:12.258+0200] {logging_mixin.py:188} INFO - [2024-05-21T13:32:12.257+0200] {dagbag.py:545} INFO - Filling up the DagBag from /home/munya/anaconda3/lib/python3.11/site-packages/airflow/example_dags/example_subdag_operator.py
[2024-05-21T13:32:12.356+0200] {processor.py:840} INFO - DAG(s) 'example_subdag_operator.section-1', 'example_subdag_operator.section-2', 'example_subdag_operator' retrieved from /home/munya/anaconda3/lib/python3.11/site-packages/airflow/example_dags/example_subdag_operator.py
[2024-05-21T13:32:12.459+0200] {logging_mixin.py:188} INFO - [2024-05-21T13:32:12.458+0200] {dag.py:3096} INFO - Sync 3 DAGs
[2024-05-21T13:32:12.573+0200] {logging_mixin.py:188} INFO - [2024-05-21T13:32:12.572+0200] {dag.py:3954} INFO - Setting next_dagrun for example_subdag_operator to 2022-01-01 00:00:00+00:00, run_after=2022-01-01 00:00:00+00:00
[2024-05-21T13:32:12.587+0200] {logging_mixin.py:188} INFO - [2024-05-21T13:32:12.586+0200] {dag.py:3954} INFO - Setting next_dagrun for example_subdag_operator.section-1 to None, run_after=None
[2024-05-21T13:32:12.591+0200] {logging_mixin.py:188} INFO - [2024-05-21T13:32:12.591+0200] {dag.py:3954} INFO - Setting next_dagrun for example_subdag_operator.section-2 to None, run_after=None
[2024-05-21T13:32:12.615+0200] {logging_mixin.py:188} INFO - [2024-05-21T13:32:12.615+0200] {dag.py:3096} INFO - Sync 2 DAGs
[2024-05-21T13:32:12.634+0200] {logging_mixin.py:188} INFO - [2024-05-21T13:32:12.633+0200] {dag.py:3954} INFO - Setting next_dagrun for example_subdag_operator.section-1 to None, run_after=None
[2024-05-21T13:32:12.635+0200] {logging_mixin.py:188} INFO - [2024-05-21T13:32:12.634+0200] {dag.py:3954} INFO - Setting next_dagrun for example_subdag_operator.section-2 to None, run_after=None
[2024-05-21T13:32:12.690+0200] {processor.py:183} INFO - Processing /home/munya/anaconda3/lib/python3.11/site-packages/airflow/example_dags/example_subdag_operator.py took 0.467 seconds
[2024-05-21T13:33:22.164+0200] {processor.py:161} INFO - Started process (PID=231840) to work on /home/munya/anaconda3/lib/python3.11/site-packages/airflow/example_dags/example_subdag_operator.py
[2024-05-21T13:33:22.166+0200] {processor.py:830} INFO - Processing file /home/munya/anaconda3/lib/python3.11/site-packages/airflow/example_dags/example_subdag_operator.py for tasks to queue
[2024-05-21T13:33:22.173+0200] {logging_mixin.py:188} INFO - [2024-05-21T13:33:22.168+0200] {dagbag.py:545} INFO - Filling up the DagBag from /home/munya/anaconda3/lib/python3.11/site-packages/airflow/example_dags/example_subdag_operator.py
[2024-05-21T13:33:22.267+0200] {processor.py:840} INFO - DAG(s) 'example_subdag_operator.section-1', 'example_subdag_operator.section-2', 'example_subdag_operator' retrieved from /home/munya/anaconda3/lib/python3.11/site-packages/airflow/example_dags/example_subdag_operator.py
[2024-05-21T13:33:22.386+0200] {logging_mixin.py:188} INFO - [2024-05-21T13:33:22.385+0200] {dag.py:3096} INFO - Sync 3 DAGs
[2024-05-21T13:33:22.482+0200] {logging_mixin.py:188} INFO - [2024-05-21T13:33:22.481+0200] {dag.py:3954} INFO - Setting next_dagrun for example_subdag_operator to 2022-01-01 00:00:00+00:00, run_after=2022-01-01 00:00:00+00:00
[2024-05-21T13:33:22.490+0200] {logging_mixin.py:188} INFO - [2024-05-21T13:33:22.489+0200] {dag.py:3954} INFO - Setting next_dagrun for example_subdag_operator.section-1 to None, run_after=None
[2024-05-21T13:33:22.492+0200] {logging_mixin.py:188} INFO - [2024-05-21T13:33:22.492+0200] {dag.py:3954} INFO - Setting next_dagrun for example_subdag_operator.section-2 to None, run_after=None
[2024-05-21T13:33:22.504+0200] {logging_mixin.py:188} INFO - [2024-05-21T13:33:22.503+0200] {dag.py:3096} INFO - Sync 2 DAGs
[2024-05-21T13:33:22.512+0200] {logging_mixin.py:188} INFO - [2024-05-21T13:33:22.512+0200] {dag.py:3954} INFO - Setting next_dagrun for example_subdag_operator.section-1 to None, run_after=None
[2024-05-21T13:33:22.513+0200] {logging_mixin.py:188} INFO - [2024-05-21T13:33:22.513+0200] {dag.py:3954} INFO - Setting next_dagrun for example_subdag_operator.section-2 to None, run_after=None
[2024-05-21T13:33:22.567+0200] {processor.py:183} INFO - Processing /home/munya/anaconda3/lib/python3.11/site-packages/airflow/example_dags/example_subdag_operator.py took 0.415 seconds
[2024-05-21T13:34:40.498+0200] {processor.py:161} INFO - Started process (PID=233424) to work on /home/munya/anaconda3/lib/python3.11/site-packages/airflow/example_dags/example_subdag_operator.py
[2024-05-21T13:34:40.500+0200] {processor.py:830} INFO - Processing file /home/munya/anaconda3/lib/python3.11/site-packages/airflow/example_dags/example_subdag_operator.py for tasks to queue
[2024-05-21T13:34:40.502+0200] {logging_mixin.py:188} INFO - [2024-05-21T13:34:40.502+0200] {dagbag.py:545} INFO - Filling up the DagBag from /home/munya/anaconda3/lib/python3.11/site-packages/airflow/example_dags/example_subdag_operator.py
[2024-05-21T13:34:40.545+0200] {processor.py:840} INFO - DAG(s) 'example_subdag_operator.section-1', 'example_subdag_operator.section-2', 'example_subdag_operator' retrieved from /home/munya/anaconda3/lib/python3.11/site-packages/airflow/example_dags/example_subdag_operator.py
[2024-05-21T13:34:40.588+0200] {logging_mixin.py:188} INFO - [2024-05-21T13:34:40.588+0200] {dag.py:3096} INFO - Sync 3 DAGs
[2024-05-21T13:34:40.628+0200] {logging_mixin.py:188} INFO - [2024-05-21T13:34:40.628+0200] {dag.py:3954} INFO - Setting next_dagrun for example_subdag_operator to 2022-01-01 00:00:00+00:00, run_after=2022-01-01 00:00:00+00:00
[2024-05-21T13:34:40.635+0200] {logging_mixin.py:188} INFO - [2024-05-21T13:34:40.635+0200] {dag.py:3954} INFO - Setting next_dagrun for example_subdag_operator.section-1 to None, run_after=None
[2024-05-21T13:34:40.637+0200] {logging_mixin.py:188} INFO - [2024-05-21T13:34:40.636+0200] {dag.py:3954} INFO - Setting next_dagrun for example_subdag_operator.section-2 to None, run_after=None
[2024-05-21T13:34:40.647+0200] {logging_mixin.py:188} INFO - [2024-05-21T13:34:40.647+0200] {dag.py:3096} INFO - Sync 2 DAGs
[2024-05-21T13:34:40.655+0200] {logging_mixin.py:188} INFO - [2024-05-21T13:34:40.655+0200] {dag.py:3954} INFO - Setting next_dagrun for example_subdag_operator.section-1 to None, run_after=None
[2024-05-21T13:34:40.656+0200] {logging_mixin.py:188} INFO - [2024-05-21T13:34:40.655+0200] {dag.py:3954} INFO - Setting next_dagrun for example_subdag_operator.section-2 to None, run_after=None
[2024-05-21T13:34:40.675+0200] {processor.py:183} INFO - Processing /home/munya/anaconda3/lib/python3.11/site-packages/airflow/example_dags/example_subdag_operator.py took 0.187 seconds
[2024-05-21T13:35:49.445+0200] {processor.py:161} INFO - Started process (PID=234816) to work on /home/munya/anaconda3/lib/python3.11/site-packages/airflow/example_dags/example_subdag_operator.py
[2024-05-21T13:35:49.452+0200] {processor.py:830} INFO - Processing file /home/munya/anaconda3/lib/python3.11/site-packages/airflow/example_dags/example_subdag_operator.py for tasks to queue
[2024-05-21T13:35:49.454+0200] {logging_mixin.py:188} INFO - [2024-05-21T13:35:49.453+0200] {dagbag.py:545} INFO - Filling up the DagBag from /home/munya/anaconda3/lib/python3.11/site-packages/airflow/example_dags/example_subdag_operator.py
[2024-05-21T13:35:49.493+0200] {processor.py:840} INFO - DAG(s) 'example_subdag_operator.section-1', 'example_subdag_operator.section-2', 'example_subdag_operator' retrieved from /home/munya/anaconda3/lib/python3.11/site-packages/airflow/example_dags/example_subdag_operator.py
[2024-05-21T13:35:49.519+0200] {logging_mixin.py:188} INFO - [2024-05-21T13:35:49.519+0200] {dag.py:3096} INFO - Sync 3 DAGs
[2024-05-21T13:35:49.574+0200] {logging_mixin.py:188} INFO - [2024-05-21T13:35:49.574+0200] {dag.py:3954} INFO - Setting next_dagrun for example_subdag_operator to 2022-01-01 00:00:00+00:00, run_after=2022-01-01 00:00:00+00:00
[2024-05-21T13:35:49.581+0200] {logging_mixin.py:188} INFO - [2024-05-21T13:35:49.580+0200] {dag.py:3954} INFO - Setting next_dagrun for example_subdag_operator.section-1 to None, run_after=None
[2024-05-21T13:35:49.583+0200] {logging_mixin.py:188} INFO - [2024-05-21T13:35:49.582+0200] {dag.py:3954} INFO - Setting next_dagrun for example_subdag_operator.section-2 to None, run_after=None
[2024-05-21T13:35:49.592+0200] {logging_mixin.py:188} INFO - [2024-05-21T13:35:49.592+0200] {dag.py:3096} INFO - Sync 2 DAGs
[2024-05-21T13:35:49.600+0200] {logging_mixin.py:188} INFO - [2024-05-21T13:35:49.600+0200] {dag.py:3954} INFO - Setting next_dagrun for example_subdag_operator.section-1 to None, run_after=None
[2024-05-21T13:35:49.601+0200] {logging_mixin.py:188} INFO - [2024-05-21T13:35:49.601+0200] {dag.py:3954} INFO - Setting next_dagrun for example_subdag_operator.section-2 to None, run_after=None
[2024-05-21T13:35:49.632+0200] {processor.py:183} INFO - Processing /home/munya/anaconda3/lib/python3.11/site-packages/airflow/example_dags/example_subdag_operator.py took 0.197 seconds
[2024-05-21T13:36:56.976+0200] {processor.py:161} INFO - Started process (PID=236159) to work on /home/munya/anaconda3/lib/python3.11/site-packages/airflow/example_dags/example_subdag_operator.py
[2024-05-21T13:36:56.978+0200] {processor.py:830} INFO - Processing file /home/munya/anaconda3/lib/python3.11/site-packages/airflow/example_dags/example_subdag_operator.py for tasks to queue
[2024-05-21T13:36:56.979+0200] {logging_mixin.py:188} INFO - [2024-05-21T13:36:56.979+0200] {dagbag.py:545} INFO - Filling up the DagBag from /home/munya/anaconda3/lib/python3.11/site-packages/airflow/example_dags/example_subdag_operator.py
[2024-05-21T13:36:57.006+0200] {processor.py:840} INFO - DAG(s) 'example_subdag_operator.section-1', 'example_subdag_operator.section-2', 'example_subdag_operator' retrieved from /home/munya/anaconda3/lib/python3.11/site-packages/airflow/example_dags/example_subdag_operator.py
[2024-05-21T13:36:57.030+0200] {logging_mixin.py:188} INFO - [2024-05-21T13:36:57.030+0200] {dag.py:3096} INFO - Sync 3 DAGs
[2024-05-21T13:36:57.061+0200] {logging_mixin.py:188} INFO - [2024-05-21T13:36:57.060+0200] {dag.py:3954} INFO - Setting next_dagrun for example_subdag_operator to 2022-01-01 00:00:00+00:00, run_after=2022-01-01 00:00:00+00:00
[2024-05-21T13:36:57.065+0200] {logging_mixin.py:188} INFO - [2024-05-21T13:36:57.065+0200] {dag.py:3954} INFO - Setting next_dagrun for example_subdag_operator.section-1 to None, run_after=None
[2024-05-21T13:36:57.067+0200] {logging_mixin.py:188} INFO - [2024-05-21T13:36:57.067+0200] {dag.py:3954} INFO - Setting next_dagrun for example_subdag_operator.section-2 to None, run_after=None
[2024-05-21T13:36:57.073+0200] {logging_mixin.py:188} INFO - [2024-05-21T13:36:57.073+0200] {dag.py:3096} INFO - Sync 2 DAGs
[2024-05-21T13:36:57.078+0200] {logging_mixin.py:188} INFO - [2024-05-21T13:36:57.077+0200] {dag.py:3954} INFO - Setting next_dagrun for example_subdag_operator.section-1 to None, run_after=None
[2024-05-21T13:36:57.078+0200] {logging_mixin.py:188} INFO - [2024-05-21T13:36:57.078+0200] {dag.py:3954} INFO - Setting next_dagrun for example_subdag_operator.section-2 to None, run_after=None
[2024-05-21T13:36:57.096+0200] {processor.py:183} INFO - Processing /home/munya/anaconda3/lib/python3.11/site-packages/airflow/example_dags/example_subdag_operator.py took 0.127 seconds
[2024-05-21T13:37:59.360+0200] {processor.py:161} INFO - Started process (PID=237404) to work on /home/munya/anaconda3/lib/python3.11/site-packages/airflow/example_dags/example_subdag_operator.py
[2024-05-21T13:37:59.361+0200] {processor.py:830} INFO - Processing file /home/munya/anaconda3/lib/python3.11/site-packages/airflow/example_dags/example_subdag_operator.py for tasks to queue
[2024-05-21T13:37:59.362+0200] {logging_mixin.py:188} INFO - [2024-05-21T13:37:59.362+0200] {dagbag.py:545} INFO - Filling up the DagBag from /home/munya/anaconda3/lib/python3.11/site-packages/airflow/example_dags/example_subdag_operator.py
[2024-05-21T13:37:59.386+0200] {processor.py:840} INFO - DAG(s) 'example_subdag_operator.section-1', 'example_subdag_operator.section-2', 'example_subdag_operator' retrieved from /home/munya/anaconda3/lib/python3.11/site-packages/airflow/example_dags/example_subdag_operator.py
[2024-05-21T13:37:59.409+0200] {logging_mixin.py:188} INFO - [2024-05-21T13:37:59.408+0200] {dag.py:3096} INFO - Sync 3 DAGs
[2024-05-21T13:37:59.430+0200] {logging_mixin.py:188} INFO - [2024-05-21T13:37:59.429+0200] {dag.py:3954} INFO - Setting next_dagrun for example_subdag_operator to 2022-01-01 00:00:00+00:00, run_after=2022-01-01 00:00:00+00:00
[2024-05-21T13:37:59.433+0200] {logging_mixin.py:188} INFO - [2024-05-21T13:37:59.433+0200] {dag.py:3954} INFO - Setting next_dagrun for example_subdag_operator.section-1 to None, run_after=None
[2024-05-21T13:37:59.434+0200] {logging_mixin.py:188} INFO - [2024-05-21T13:37:59.434+0200] {dag.py:3954} INFO - Setting next_dagrun for example_subdag_operator.section-2 to None, run_after=None
[2024-05-21T13:37:59.441+0200] {logging_mixin.py:188} INFO - [2024-05-21T13:37:59.441+0200] {dag.py:3096} INFO - Sync 2 DAGs
[2024-05-21T13:37:59.446+0200] {logging_mixin.py:188} INFO - [2024-05-21T13:37:59.446+0200] {dag.py:3954} INFO - Setting next_dagrun for example_subdag_operator.section-1 to None, run_after=None
[2024-05-21T13:37:59.447+0200] {logging_mixin.py:188} INFO - [2024-05-21T13:37:59.447+0200] {dag.py:3954} INFO - Setting next_dagrun for example_subdag_operator.section-2 to None, run_after=None
[2024-05-21T13:37:59.465+0200] {processor.py:183} INFO - Processing /home/munya/anaconda3/lib/python3.11/site-packages/airflow/example_dags/example_subdag_operator.py took 0.111 seconds
[2024-05-21T13:39:00.427+0200] {processor.py:161} INFO - Started process (PID=238676) to work on /home/munya/anaconda3/lib/python3.11/site-packages/airflow/example_dags/example_subdag_operator.py
[2024-05-21T13:39:00.428+0200] {processor.py:830} INFO - Processing file /home/munya/anaconda3/lib/python3.11/site-packages/airflow/example_dags/example_subdag_operator.py for tasks to queue
[2024-05-21T13:39:00.429+0200] {logging_mixin.py:188} INFO - [2024-05-21T13:39:00.429+0200] {dagbag.py:545} INFO - Filling up the DagBag from /home/munya/anaconda3/lib/python3.11/site-packages/airflow/example_dags/example_subdag_operator.py
[2024-05-21T13:39:00.456+0200] {processor.py:840} INFO - DAG(s) 'example_subdag_operator.section-1', 'example_subdag_operator.section-2', 'example_subdag_operator' retrieved from /home/munya/anaconda3/lib/python3.11/site-packages/airflow/example_dags/example_subdag_operator.py
[2024-05-21T13:39:00.480+0200] {logging_mixin.py:188} INFO - [2024-05-21T13:39:00.479+0200] {dag.py:3096} INFO - Sync 3 DAGs
[2024-05-21T13:39:00.505+0200] {logging_mixin.py:188} INFO - [2024-05-21T13:39:00.505+0200] {dag.py:3954} INFO - Setting next_dagrun for example_subdag_operator to 2022-01-01 00:00:00+00:00, run_after=2022-01-01 00:00:00+00:00
[2024-05-21T13:39:00.512+0200] {logging_mixin.py:188} INFO - [2024-05-21T13:39:00.512+0200] {dag.py:3954} INFO - Setting next_dagrun for example_subdag_operator.section-1 to None, run_after=None
[2024-05-21T13:39:00.515+0200] {logging_mixin.py:188} INFO - [2024-05-21T13:39:00.514+0200] {dag.py:3954} INFO - Setting next_dagrun for example_subdag_operator.section-2 to None, run_after=None
[2024-05-21T13:39:00.523+0200] {logging_mixin.py:188} INFO - [2024-05-21T13:39:00.522+0200] {dag.py:3096} INFO - Sync 2 DAGs
[2024-05-21T13:39:00.527+0200] {logging_mixin.py:188} INFO - [2024-05-21T13:39:00.527+0200] {dag.py:3954} INFO - Setting next_dagrun for example_subdag_operator.section-1 to None, run_after=None
[2024-05-21T13:39:00.528+0200] {logging_mixin.py:188} INFO - [2024-05-21T13:39:00.528+0200] {dag.py:3954} INFO - Setting next_dagrun for example_subdag_operator.section-2 to None, run_after=None
[2024-05-21T13:39:00.546+0200] {processor.py:183} INFO - Processing /home/munya/anaconda3/lib/python3.11/site-packages/airflow/example_dags/example_subdag_operator.py took 0.126 seconds
[2024-05-21T13:40:02.903+0200] {processor.py:161} INFO - Started process (PID=240030) to work on /home/munya/anaconda3/lib/python3.11/site-packages/airflow/example_dags/example_subdag_operator.py
[2024-05-21T13:40:02.904+0200] {processor.py:830} INFO - Processing file /home/munya/anaconda3/lib/python3.11/site-packages/airflow/example_dags/example_subdag_operator.py for tasks to queue
[2024-05-21T13:40:02.905+0200] {logging_mixin.py:188} INFO - [2024-05-21T13:40:02.905+0200] {dagbag.py:545} INFO - Filling up the DagBag from /home/munya/anaconda3/lib/python3.11/site-packages/airflow/example_dags/example_subdag_operator.py
[2024-05-21T13:40:02.939+0200] {processor.py:840} INFO - DAG(s) 'example_subdag_operator.section-1', 'example_subdag_operator.section-2', 'example_subdag_operator' retrieved from /home/munya/anaconda3/lib/python3.11/site-packages/airflow/example_dags/example_subdag_operator.py
[2024-05-21T13:40:02.962+0200] {logging_mixin.py:188} INFO - [2024-05-21T13:40:02.961+0200] {dag.py:3096} INFO - Sync 3 DAGs
[2024-05-21T13:40:02.995+0200] {logging_mixin.py:188} INFO - [2024-05-21T13:40:02.995+0200] {dag.py:3954} INFO - Setting next_dagrun for example_subdag_operator to 2022-01-01 00:00:00+00:00, run_after=2022-01-01 00:00:00+00:00
[2024-05-21T13:40:03.001+0200] {logging_mixin.py:188} INFO - [2024-05-21T13:40:03.000+0200] {dag.py:3954} INFO - Setting next_dagrun for example_subdag_operator.section-1 to None, run_after=None
[2024-05-21T13:40:03.002+0200] {logging_mixin.py:188} INFO - [2024-05-21T13:40:03.002+0200] {dag.py:3954} INFO - Setting next_dagrun for example_subdag_operator.section-2 to None, run_after=None
[2024-05-21T13:40:03.012+0200] {logging_mixin.py:188} INFO - [2024-05-21T13:40:03.012+0200] {dag.py:3096} INFO - Sync 2 DAGs
[2024-05-21T13:40:03.019+0200] {logging_mixin.py:188} INFO - [2024-05-21T13:40:03.019+0200] {dag.py:3954} INFO - Setting next_dagrun for example_subdag_operator.section-1 to None, run_after=None
[2024-05-21T13:40:03.020+0200] {logging_mixin.py:188} INFO - [2024-05-21T13:40:03.020+0200] {dag.py:3954} INFO - Setting next_dagrun for example_subdag_operator.section-2 to None, run_after=None
[2024-05-21T13:40:03.039+0200] {processor.py:183} INFO - Processing /home/munya/anaconda3/lib/python3.11/site-packages/airflow/example_dags/example_subdag_operator.py took 0.146 seconds
[2024-05-21T13:41:06.079+0200] {processor.py:161} INFO - Started process (PID=241346) to work on /home/munya/anaconda3/lib/python3.11/site-packages/airflow/example_dags/example_subdag_operator.py
[2024-05-21T13:41:06.080+0200] {processor.py:830} INFO - Processing file /home/munya/anaconda3/lib/python3.11/site-packages/airflow/example_dags/example_subdag_operator.py for tasks to queue
[2024-05-21T13:41:06.082+0200] {logging_mixin.py:188} INFO - [2024-05-21T13:41:06.081+0200] {dagbag.py:545} INFO - Filling up the DagBag from /home/munya/anaconda3/lib/python3.11/site-packages/airflow/example_dags/example_subdag_operator.py
[2024-05-21T13:41:06.108+0200] {processor.py:840} INFO - DAG(s) 'example_subdag_operator.section-1', 'example_subdag_operator.section-2', 'example_subdag_operator' retrieved from /home/munya/anaconda3/lib/python3.11/site-packages/airflow/example_dags/example_subdag_operator.py
[2024-05-21T13:41:06.128+0200] {logging_mixin.py:188} INFO - [2024-05-21T13:41:06.128+0200] {dag.py:3096} INFO - Sync 3 DAGs
[2024-05-21T13:41:06.159+0200] {logging_mixin.py:188} INFO - [2024-05-21T13:41:06.158+0200] {dag.py:3954} INFO - Setting next_dagrun for example_subdag_operator to 2022-01-01 00:00:00+00:00, run_after=2022-01-01 00:00:00+00:00
[2024-05-21T13:41:06.164+0200] {logging_mixin.py:188} INFO - [2024-05-21T13:41:06.164+0200] {dag.py:3954} INFO - Setting next_dagrun for example_subdag_operator.section-1 to None, run_after=None
[2024-05-21T13:41:06.166+0200] {logging_mixin.py:188} INFO - [2024-05-21T13:41:06.166+0200] {dag.py:3954} INFO - Setting next_dagrun for example_subdag_operator.section-2 to None, run_after=None
[2024-05-21T13:41:06.175+0200] {logging_mixin.py:188} INFO - [2024-05-21T13:41:06.174+0200] {dag.py:3096} INFO - Sync 2 DAGs
[2024-05-21T13:41:06.180+0200] {logging_mixin.py:188} INFO - [2024-05-21T13:41:06.180+0200] {dag.py:3954} INFO - Setting next_dagrun for example_subdag_operator.section-1 to None, run_after=None
[2024-05-21T13:41:06.181+0200] {logging_mixin.py:188} INFO - [2024-05-21T13:41:06.180+0200] {dag.py:3954} INFO - Setting next_dagrun for example_subdag_operator.section-2 to None, run_after=None
[2024-05-21T13:41:06.199+0200] {processor.py:183} INFO - Processing /home/munya/anaconda3/lib/python3.11/site-packages/airflow/example_dags/example_subdag_operator.py took 0.128 seconds
[2024-05-21T13:42:12.115+0200] {processor.py:161} INFO - Started process (PID=242691) to work on /home/munya/anaconda3/lib/python3.11/site-packages/airflow/example_dags/example_subdag_operator.py
[2024-05-21T13:42:12.116+0200] {processor.py:830} INFO - Processing file /home/munya/anaconda3/lib/python3.11/site-packages/airflow/example_dags/example_subdag_operator.py for tasks to queue
[2024-05-21T13:42:12.118+0200] {logging_mixin.py:188} INFO - [2024-05-21T13:42:12.117+0200] {dagbag.py:545} INFO - Filling up the DagBag from /home/munya/anaconda3/lib/python3.11/site-packages/airflow/example_dags/example_subdag_operator.py
[2024-05-21T13:42:12.150+0200] {processor.py:840} INFO - DAG(s) 'example_subdag_operator.section-1', 'example_subdag_operator.section-2', 'example_subdag_operator' retrieved from /home/munya/anaconda3/lib/python3.11/site-packages/airflow/example_dags/example_subdag_operator.py
[2024-05-21T13:42:12.179+0200] {logging_mixin.py:188} INFO - [2024-05-21T13:42:12.178+0200] {dag.py:3096} INFO - Sync 3 DAGs
[2024-05-21T13:42:12.207+0200] {logging_mixin.py:188} INFO - [2024-05-21T13:42:12.207+0200] {dag.py:3954} INFO - Setting next_dagrun for example_subdag_operator to 2022-01-01 00:00:00+00:00, run_after=2022-01-01 00:00:00+00:00
[2024-05-21T13:42:12.213+0200] {logging_mixin.py:188} INFO - [2024-05-21T13:42:12.213+0200] {dag.py:3954} INFO - Setting next_dagrun for example_subdag_operator.section-1 to None, run_after=None
[2024-05-21T13:42:12.215+0200] {logging_mixin.py:188} INFO - [2024-05-21T13:42:12.215+0200] {dag.py:3954} INFO - Setting next_dagrun for example_subdag_operator.section-2 to None, run_after=None
[2024-05-21T13:42:12.226+0200] {logging_mixin.py:188} INFO - [2024-05-21T13:42:12.225+0200] {dag.py:3096} INFO - Sync 2 DAGs
[2024-05-21T13:42:12.231+0200] {logging_mixin.py:188} INFO - [2024-05-21T13:42:12.231+0200] {dag.py:3954} INFO - Setting next_dagrun for example_subdag_operator.section-1 to None, run_after=None
[2024-05-21T13:42:12.232+0200] {logging_mixin.py:188} INFO - [2024-05-21T13:42:12.232+0200] {dag.py:3954} INFO - Setting next_dagrun for example_subdag_operator.section-2 to None, run_after=None
[2024-05-21T13:42:12.253+0200] {processor.py:183} INFO - Processing /home/munya/anaconda3/lib/python3.11/site-packages/airflow/example_dags/example_subdag_operator.py took 0.146 seconds
[2024-05-21T13:43:13.630+0200] {processor.py:161} INFO - Started process (PID=243958) to work on /home/munya/anaconda3/lib/python3.11/site-packages/airflow/example_dags/example_subdag_operator.py
[2024-05-21T13:43:13.631+0200] {processor.py:830} INFO - Processing file /home/munya/anaconda3/lib/python3.11/site-packages/airflow/example_dags/example_subdag_operator.py for tasks to queue
[2024-05-21T13:43:13.632+0200] {logging_mixin.py:188} INFO - [2024-05-21T13:43:13.631+0200] {dagbag.py:545} INFO - Filling up the DagBag from /home/munya/anaconda3/lib/python3.11/site-packages/airflow/example_dags/example_subdag_operator.py
[2024-05-21T13:43:13.656+0200] {processor.py:840} INFO - DAG(s) 'example_subdag_operator.section-1', 'example_subdag_operator.section-2', 'example_subdag_operator' retrieved from /home/munya/anaconda3/lib/python3.11/site-packages/airflow/example_dags/example_subdag_operator.py
[2024-05-21T13:43:13.677+0200] {logging_mixin.py:188} INFO - [2024-05-21T13:43:13.677+0200] {dag.py:3096} INFO - Sync 3 DAGs
[2024-05-21T13:43:13.698+0200] {logging_mixin.py:188} INFO - [2024-05-21T13:43:13.698+0200] {dag.py:3954} INFO - Setting next_dagrun for example_subdag_operator to 2022-01-01 00:00:00+00:00, run_after=2022-01-01 00:00:00+00:00
[2024-05-21T13:43:13.702+0200] {logging_mixin.py:188} INFO - [2024-05-21T13:43:13.702+0200] {dag.py:3954} INFO - Setting next_dagrun for example_subdag_operator.section-1 to None, run_after=None
[2024-05-21T13:43:13.704+0200] {logging_mixin.py:188} INFO - [2024-05-21T13:43:13.704+0200] {dag.py:3954} INFO - Setting next_dagrun for example_subdag_operator.section-2 to None, run_after=None
[2024-05-21T13:43:13.711+0200] {logging_mixin.py:188} INFO - [2024-05-21T13:43:13.711+0200] {dag.py:3096} INFO - Sync 2 DAGs
[2024-05-21T13:43:13.718+0200] {logging_mixin.py:188} INFO - [2024-05-21T13:43:13.717+0200] {dag.py:3954} INFO - Setting next_dagrun for example_subdag_operator.section-1 to None, run_after=None
[2024-05-21T13:43:13.718+0200] {logging_mixin.py:188} INFO - [2024-05-21T13:43:13.718+0200] {dag.py:3954} INFO - Setting next_dagrun for example_subdag_operator.section-2 to None, run_after=None
[2024-05-21T13:43:13.730+0200] {processor.py:183} INFO - Processing /home/munya/anaconda3/lib/python3.11/site-packages/airflow/example_dags/example_subdag_operator.py took 0.109 seconds
[2024-05-21T13:44:11.272+0200] {processor.py:161} INFO - Started process (PID=245166) to work on /home/munya/anaconda3/lib/python3.11/site-packages/airflow/example_dags/example_subdag_operator.py
[2024-05-21T13:44:11.274+0200] {processor.py:830} INFO - Processing file /home/munya/anaconda3/lib/python3.11/site-packages/airflow/example_dags/example_subdag_operator.py for tasks to queue
[2024-05-21T13:44:11.276+0200] {logging_mixin.py:188} INFO - [2024-05-21T13:44:11.275+0200] {dagbag.py:545} INFO - Filling up the DagBag from /home/munya/anaconda3/lib/python3.11/site-packages/airflow/example_dags/example_subdag_operator.py
[2024-05-21T13:44:11.307+0200] {processor.py:840} INFO - DAG(s) 'example_subdag_operator.section-1', 'example_subdag_operator.section-2', 'example_subdag_operator' retrieved from /home/munya/anaconda3/lib/python3.11/site-packages/airflow/example_dags/example_subdag_operator.py
[2024-05-21T13:44:11.333+0200] {logging_mixin.py:188} INFO - [2024-05-21T13:44:11.333+0200] {dag.py:3096} INFO - Sync 3 DAGs
[2024-05-21T13:44:11.361+0200] {logging_mixin.py:188} INFO - [2024-05-21T13:44:11.361+0200] {dag.py:3954} INFO - Setting next_dagrun for example_subdag_operator to 2022-01-01 00:00:00+00:00, run_after=2022-01-01 00:00:00+00:00
[2024-05-21T13:44:11.365+0200] {logging_mixin.py:188} INFO - [2024-05-21T13:44:11.364+0200] {dag.py:3954} INFO - Setting next_dagrun for example_subdag_operator.section-1 to None, run_after=None
[2024-05-21T13:44:11.366+0200] {logging_mixin.py:188} INFO - [2024-05-21T13:44:11.366+0200] {dag.py:3954} INFO - Setting next_dagrun for example_subdag_operator.section-2 to None, run_after=None
[2024-05-21T13:44:11.372+0200] {logging_mixin.py:188} INFO - [2024-05-21T13:44:11.372+0200] {dag.py:3096} INFO - Sync 2 DAGs
[2024-05-21T13:44:11.378+0200] {logging_mixin.py:188} INFO - [2024-05-21T13:44:11.378+0200] {dag.py:3954} INFO - Setting next_dagrun for example_subdag_operator.section-1 to None, run_after=None
[2024-05-21T13:44:11.379+0200] {logging_mixin.py:188} INFO - [2024-05-21T13:44:11.379+0200] {dag.py:3954} INFO - Setting next_dagrun for example_subdag_operator.section-2 to None, run_after=None
[2024-05-21T13:44:11.400+0200] {processor.py:183} INFO - Processing /home/munya/anaconda3/lib/python3.11/site-packages/airflow/example_dags/example_subdag_operator.py took 0.139 seconds
[2024-05-21T13:45:16.956+0200] {processor.py:161} INFO - Started process (PID=246515) to work on /home/munya/anaconda3/lib/python3.11/site-packages/airflow/example_dags/example_subdag_operator.py
[2024-05-21T13:45:16.957+0200] {processor.py:830} INFO - Processing file /home/munya/anaconda3/lib/python3.11/site-packages/airflow/example_dags/example_subdag_operator.py for tasks to queue
[2024-05-21T13:45:16.958+0200] {logging_mixin.py:188} INFO - [2024-05-21T13:45:16.958+0200] {dagbag.py:545} INFO - Filling up the DagBag from /home/munya/anaconda3/lib/python3.11/site-packages/airflow/example_dags/example_subdag_operator.py
[2024-05-21T13:45:16.984+0200] {processor.py:840} INFO - DAG(s) 'example_subdag_operator.section-1', 'example_subdag_operator.section-2', 'example_subdag_operator' retrieved from /home/munya/anaconda3/lib/python3.11/site-packages/airflow/example_dags/example_subdag_operator.py
[2024-05-21T13:45:17.009+0200] {logging_mixin.py:188} INFO - [2024-05-21T13:45:17.009+0200] {dag.py:3096} INFO - Sync 3 DAGs
[2024-05-21T13:45:17.037+0200] {logging_mixin.py:188} INFO - [2024-05-21T13:45:17.037+0200] {dag.py:3954} INFO - Setting next_dagrun for example_subdag_operator to 2022-01-01 00:00:00+00:00, run_after=2022-01-01 00:00:00+00:00
[2024-05-21T13:45:17.042+0200] {logging_mixin.py:188} INFO - [2024-05-21T13:45:17.042+0200] {dag.py:3954} INFO - Setting next_dagrun for example_subdag_operator.section-1 to None, run_after=None
[2024-05-21T13:45:17.044+0200] {logging_mixin.py:188} INFO - [2024-05-21T13:45:17.043+0200] {dag.py:3954} INFO - Setting next_dagrun for example_subdag_operator.section-2 to None, run_after=None
[2024-05-21T13:45:17.053+0200] {logging_mixin.py:188} INFO - [2024-05-21T13:45:17.053+0200] {dag.py:3096} INFO - Sync 2 DAGs
[2024-05-21T13:45:17.060+0200] {logging_mixin.py:188} INFO - [2024-05-21T13:45:17.060+0200] {dag.py:3954} INFO - Setting next_dagrun for example_subdag_operator.section-1 to None, run_after=None
[2024-05-21T13:45:17.061+0200] {logging_mixin.py:188} INFO - [2024-05-21T13:45:17.061+0200] {dag.py:3954} INFO - Setting next_dagrun for example_subdag_operator.section-2 to None, run_after=None
[2024-05-21T13:45:17.084+0200] {processor.py:183} INFO - Processing /home/munya/anaconda3/lib/python3.11/site-packages/airflow/example_dags/example_subdag_operator.py took 0.137 seconds
[2024-05-21T13:46:16.660+0200] {processor.py:161} INFO - Started process (PID=247724) to work on /home/munya/anaconda3/lib/python3.11/site-packages/airflow/example_dags/example_subdag_operator.py
[2024-05-21T13:46:16.661+0200] {processor.py:830} INFO - Processing file /home/munya/anaconda3/lib/python3.11/site-packages/airflow/example_dags/example_subdag_operator.py for tasks to queue
[2024-05-21T13:46:16.662+0200] {logging_mixin.py:188} INFO - [2024-05-21T13:46:16.662+0200] {dagbag.py:545} INFO - Filling up the DagBag from /home/munya/anaconda3/lib/python3.11/site-packages/airflow/example_dags/example_subdag_operator.py
[2024-05-21T13:46:16.684+0200] {processor.py:840} INFO - DAG(s) 'example_subdag_operator.section-1', 'example_subdag_operator.section-2', 'example_subdag_operator' retrieved from /home/munya/anaconda3/lib/python3.11/site-packages/airflow/example_dags/example_subdag_operator.py
[2024-05-21T13:46:16.708+0200] {logging_mixin.py:188} INFO - [2024-05-21T13:46:16.708+0200] {dag.py:3096} INFO - Sync 3 DAGs
[2024-05-21T13:46:16.736+0200] {logging_mixin.py:188} INFO - [2024-05-21T13:46:16.735+0200] {dag.py:3954} INFO - Setting next_dagrun for example_subdag_operator to 2022-01-01 00:00:00+00:00, run_after=2022-01-01 00:00:00+00:00
[2024-05-21T13:46:16.740+0200] {logging_mixin.py:188} INFO - [2024-05-21T13:46:16.739+0200] {dag.py:3954} INFO - Setting next_dagrun for example_subdag_operator.section-1 to None, run_after=None
[2024-05-21T13:46:16.741+0200] {logging_mixin.py:188} INFO - [2024-05-21T13:46:16.741+0200] {dag.py:3954} INFO - Setting next_dagrun for example_subdag_operator.section-2 to None, run_after=None
[2024-05-21T13:46:16.747+0200] {logging_mixin.py:188} INFO - [2024-05-21T13:46:16.746+0200] {dag.py:3096} INFO - Sync 2 DAGs
[2024-05-21T13:46:16.752+0200] {logging_mixin.py:188} INFO - [2024-05-21T13:46:16.752+0200] {dag.py:3954} INFO - Setting next_dagrun for example_subdag_operator.section-1 to None, run_after=None
[2024-05-21T13:46:16.753+0200] {logging_mixin.py:188} INFO - [2024-05-21T13:46:16.753+0200] {dag.py:3954} INFO - Setting next_dagrun for example_subdag_operator.section-2 to None, run_after=None
[2024-05-21T13:46:16.773+0200] {processor.py:183} INFO - Processing /home/munya/anaconda3/lib/python3.11/site-packages/airflow/example_dags/example_subdag_operator.py took 0.121 seconds
[2024-05-21T13:47:21.915+0200] {processor.py:161} INFO - Started process (PID=249018) to work on /home/munya/anaconda3/lib/python3.11/site-packages/airflow/example_dags/example_subdag_operator.py
[2024-05-21T13:47:21.917+0200] {processor.py:830} INFO - Processing file /home/munya/anaconda3/lib/python3.11/site-packages/airflow/example_dags/example_subdag_operator.py for tasks to queue
[2024-05-21T13:47:21.918+0200] {logging_mixin.py:188} INFO - [2024-05-21T13:47:21.917+0200] {dagbag.py:545} INFO - Filling up the DagBag from /home/munya/anaconda3/lib/python3.11/site-packages/airflow/example_dags/example_subdag_operator.py
[2024-05-21T13:47:21.947+0200] {processor.py:840} INFO - DAG(s) 'example_subdag_operator.section-1', 'example_subdag_operator.section-2', 'example_subdag_operator' retrieved from /home/munya/anaconda3/lib/python3.11/site-packages/airflow/example_dags/example_subdag_operator.py
[2024-05-21T13:47:21.970+0200] {logging_mixin.py:188} INFO - [2024-05-21T13:47:21.970+0200] {dag.py:3096} INFO - Sync 3 DAGs
[2024-05-21T13:47:22.002+0200] {logging_mixin.py:188} INFO - [2024-05-21T13:47:22.001+0200] {dag.py:3954} INFO - Setting next_dagrun for example_subdag_operator to 2022-01-01 00:00:00+00:00, run_after=2022-01-01 00:00:00+00:00
[2024-05-21T13:47:22.011+0200] {logging_mixin.py:188} INFO - [2024-05-21T13:47:22.011+0200] {dag.py:3954} INFO - Setting next_dagrun for example_subdag_operator.section-1 to None, run_after=None
[2024-05-21T13:47:22.013+0200] {logging_mixin.py:188} INFO - [2024-05-21T13:47:22.013+0200] {dag.py:3954} INFO - Setting next_dagrun for example_subdag_operator.section-2 to None, run_after=None
[2024-05-21T13:47:22.024+0200] {logging_mixin.py:188} INFO - [2024-05-21T13:47:22.024+0200] {dag.py:3096} INFO - Sync 2 DAGs
[2024-05-21T13:47:22.031+0200] {logging_mixin.py:188} INFO - [2024-05-21T13:47:22.031+0200] {dag.py:3954} INFO - Setting next_dagrun for example_subdag_operator.section-1 to None, run_after=None
[2024-05-21T13:47:22.032+0200] {logging_mixin.py:188} INFO - [2024-05-21T13:47:22.031+0200] {dag.py:3954} INFO - Setting next_dagrun for example_subdag_operator.section-2 to None, run_after=None
[2024-05-21T13:47:22.050+0200] {processor.py:183} INFO - Processing /home/munya/anaconda3/lib/python3.11/site-packages/airflow/example_dags/example_subdag_operator.py took 0.143 seconds
[2024-05-21T13:48:29.480+0200] {processor.py:161} INFO - Started process (PID=250401) to work on /home/munya/anaconda3/lib/python3.11/site-packages/airflow/example_dags/example_subdag_operator.py
[2024-05-21T13:48:29.484+0200] {processor.py:830} INFO - Processing file /home/munya/anaconda3/lib/python3.11/site-packages/airflow/example_dags/example_subdag_operator.py for tasks to queue
[2024-05-21T13:48:29.488+0200] {logging_mixin.py:188} INFO - [2024-05-21T13:48:29.486+0200] {dagbag.py:545} INFO - Filling up the DagBag from /home/munya/anaconda3/lib/python3.11/site-packages/airflow/example_dags/example_subdag_operator.py
[2024-05-21T13:48:29.576+0200] {processor.py:840} INFO - DAG(s) 'example_subdag_operator.section-1', 'example_subdag_operator.section-2', 'example_subdag_operator' retrieved from /home/munya/anaconda3/lib/python3.11/site-packages/airflow/example_dags/example_subdag_operator.py
[2024-05-21T13:48:29.658+0200] {logging_mixin.py:188} INFO - [2024-05-21T13:48:29.658+0200] {dag.py:3096} INFO - Sync 3 DAGs
[2024-05-21T13:48:29.747+0200] {logging_mixin.py:188} INFO - [2024-05-21T13:48:29.746+0200] {dag.py:3954} INFO - Setting next_dagrun for example_subdag_operator to 2022-01-01 00:00:00+00:00, run_after=2022-01-01 00:00:00+00:00
[2024-05-21T13:48:29.761+0200] {logging_mixin.py:188} INFO - [2024-05-21T13:48:29.761+0200] {dag.py:3954} INFO - Setting next_dagrun for example_subdag_operator.section-1 to None, run_after=None
[2024-05-21T13:48:29.766+0200] {logging_mixin.py:188} INFO - [2024-05-21T13:48:29.765+0200] {dag.py:3954} INFO - Setting next_dagrun for example_subdag_operator.section-2 to None, run_after=None
[2024-05-21T13:48:29.795+0200] {logging_mixin.py:188} INFO - [2024-05-21T13:48:29.794+0200] {dag.py:3096} INFO - Sync 2 DAGs
[2024-05-21T13:48:29.813+0200] {logging_mixin.py:188} INFO - [2024-05-21T13:48:29.812+0200] {dag.py:3954} INFO - Setting next_dagrun for example_subdag_operator.section-1 to None, run_after=None
[2024-05-21T13:48:29.815+0200] {logging_mixin.py:188} INFO - [2024-05-21T13:48:29.814+0200] {dag.py:3954} INFO - Setting next_dagrun for example_subdag_operator.section-2 to None, run_after=None
[2024-05-21T13:48:29.869+0200] {processor.py:183} INFO - Processing /home/munya/anaconda3/lib/python3.11/site-packages/airflow/example_dags/example_subdag_operator.py took 0.419 seconds
[2024-05-21T13:49:36.925+0200] {processor.py:161} INFO - Started process (PID=251733) to work on /home/munya/anaconda3/lib/python3.11/site-packages/airflow/example_dags/example_subdag_operator.py
[2024-05-21T13:49:36.926+0200] {processor.py:830} INFO - Processing file /home/munya/anaconda3/lib/python3.11/site-packages/airflow/example_dags/example_subdag_operator.py for tasks to queue
[2024-05-21T13:49:36.927+0200] {logging_mixin.py:188} INFO - [2024-05-21T13:49:36.926+0200] {dagbag.py:545} INFO - Filling up the DagBag from /home/munya/anaconda3/lib/python3.11/site-packages/airflow/example_dags/example_subdag_operator.py
[2024-05-21T13:49:36.951+0200] {processor.py:840} INFO - DAG(s) 'example_subdag_operator.section-1', 'example_subdag_operator.section-2', 'example_subdag_operator' retrieved from /home/munya/anaconda3/lib/python3.11/site-packages/airflow/example_dags/example_subdag_operator.py
[2024-05-21T13:49:36.970+0200] {logging_mixin.py:188} INFO - [2024-05-21T13:49:36.969+0200] {dag.py:3096} INFO - Sync 3 DAGs
[2024-05-21T13:49:36.990+0200] {logging_mixin.py:188} INFO - [2024-05-21T13:49:36.989+0200] {dag.py:3954} INFO - Setting next_dagrun for example_subdag_operator to 2022-01-01 00:00:00+00:00, run_after=2022-01-01 00:00:00+00:00
[2024-05-21T13:49:36.993+0200] {logging_mixin.py:188} INFO - [2024-05-21T13:49:36.993+0200] {dag.py:3954} INFO - Setting next_dagrun for example_subdag_operator.section-1 to None, run_after=None
[2024-05-21T13:49:36.994+0200] {logging_mixin.py:188} INFO - [2024-05-21T13:49:36.994+0200] {dag.py:3954} INFO - Setting next_dagrun for example_subdag_operator.section-2 to None, run_after=None
[2024-05-21T13:49:36.999+0200] {logging_mixin.py:188} INFO - [2024-05-21T13:49:36.999+0200] {dag.py:3096} INFO - Sync 2 DAGs
[2024-05-21T13:49:37.006+0200] {logging_mixin.py:188} INFO - [2024-05-21T13:49:37.006+0200] {dag.py:3954} INFO - Setting next_dagrun for example_subdag_operator.section-1 to None, run_after=None
[2024-05-21T13:49:37.006+0200] {logging_mixin.py:188} INFO - [2024-05-21T13:49:37.006+0200] {dag.py:3954} INFO - Setting next_dagrun for example_subdag_operator.section-2 to None, run_after=None
[2024-05-21T13:49:37.020+0200] {processor.py:183} INFO - Processing /home/munya/anaconda3/lib/python3.11/site-packages/airflow/example_dags/example_subdag_operator.py took 0.102 seconds
[2024-05-21T13:50:42.696+0200] {processor.py:161} INFO - Started process (PID=253044) to work on /home/munya/anaconda3/lib/python3.11/site-packages/airflow/example_dags/example_subdag_operator.py
[2024-05-21T13:50:42.697+0200] {processor.py:830} INFO - Processing file /home/munya/anaconda3/lib/python3.11/site-packages/airflow/example_dags/example_subdag_operator.py for tasks to queue
[2024-05-21T13:50:42.698+0200] {logging_mixin.py:188} INFO - [2024-05-21T13:50:42.698+0200] {dagbag.py:545} INFO - Filling up the DagBag from /home/munya/anaconda3/lib/python3.11/site-packages/airflow/example_dags/example_subdag_operator.py
[2024-05-21T13:50:42.717+0200] {processor.py:840} INFO - DAG(s) 'example_subdag_operator.section-1', 'example_subdag_operator.section-2', 'example_subdag_operator' retrieved from /home/munya/anaconda3/lib/python3.11/site-packages/airflow/example_dags/example_subdag_operator.py
[2024-05-21T13:50:42.731+0200] {logging_mixin.py:188} INFO - [2024-05-21T13:50:42.731+0200] {dag.py:3096} INFO - Sync 3 DAGs
[2024-05-21T13:50:42.749+0200] {logging_mixin.py:188} INFO - [2024-05-21T13:50:42.749+0200] {dag.py:3954} INFO - Setting next_dagrun for example_subdag_operator to 2022-01-01 00:00:00+00:00, run_after=2022-01-01 00:00:00+00:00
[2024-05-21T13:50:42.752+0200] {logging_mixin.py:188} INFO - [2024-05-21T13:50:42.752+0200] {dag.py:3954} INFO - Setting next_dagrun for example_subdag_operator.section-1 to None, run_after=None
[2024-05-21T13:50:42.753+0200] {logging_mixin.py:188} INFO - [2024-05-21T13:50:42.753+0200] {dag.py:3954} INFO - Setting next_dagrun for example_subdag_operator.section-2 to None, run_after=None
[2024-05-21T13:50:42.759+0200] {logging_mixin.py:188} INFO - [2024-05-21T13:50:42.758+0200] {dag.py:3096} INFO - Sync 2 DAGs
[2024-05-21T13:50:42.763+0200] {logging_mixin.py:188} INFO - [2024-05-21T13:50:42.763+0200] {dag.py:3954} INFO - Setting next_dagrun for example_subdag_operator.section-1 to None, run_after=None
[2024-05-21T13:50:42.763+0200] {logging_mixin.py:188} INFO - [2024-05-21T13:50:42.763+0200] {dag.py:3954} INFO - Setting next_dagrun for example_subdag_operator.section-2 to None, run_after=None
[2024-05-21T13:50:42.778+0200] {processor.py:183} INFO - Processing /home/munya/anaconda3/lib/python3.11/site-packages/airflow/example_dags/example_subdag_operator.py took 0.089 seconds
[2024-05-21T13:51:48.020+0200] {processor.py:161} INFO - Started process (PID=254350) to work on /home/munya/anaconda3/lib/python3.11/site-packages/airflow/example_dags/example_subdag_operator.py
[2024-05-21T13:51:48.021+0200] {processor.py:830} INFO - Processing file /home/munya/anaconda3/lib/python3.11/site-packages/airflow/example_dags/example_subdag_operator.py for tasks to queue
[2024-05-21T13:51:48.022+0200] {logging_mixin.py:188} INFO - [2024-05-21T13:51:48.021+0200] {dagbag.py:545} INFO - Filling up the DagBag from /home/munya/anaconda3/lib/python3.11/site-packages/airflow/example_dags/example_subdag_operator.py
[2024-05-21T13:51:48.042+0200] {processor.py:840} INFO - DAG(s) 'example_subdag_operator.section-1', 'example_subdag_operator.section-2', 'example_subdag_operator' retrieved from /home/munya/anaconda3/lib/python3.11/site-packages/airflow/example_dags/example_subdag_operator.py
[2024-05-21T13:51:48.056+0200] {logging_mixin.py:188} INFO - [2024-05-21T13:51:48.055+0200] {dag.py:3096} INFO - Sync 3 DAGs
[2024-05-21T13:51:48.074+0200] {logging_mixin.py:188} INFO - [2024-05-21T13:51:48.074+0200] {dag.py:3954} INFO - Setting next_dagrun for example_subdag_operator to 2022-01-01 00:00:00+00:00, run_after=2022-01-01 00:00:00+00:00
[2024-05-21T13:51:48.079+0200] {logging_mixin.py:188} INFO - [2024-05-21T13:51:48.078+0200] {dag.py:3954} INFO - Setting next_dagrun for example_subdag_operator.section-1 to None, run_after=None
[2024-05-21T13:51:48.080+0200] {logging_mixin.py:188} INFO - [2024-05-21T13:51:48.080+0200] {dag.py:3954} INFO - Setting next_dagrun for example_subdag_operator.section-2 to None, run_after=None
[2024-05-21T13:51:48.088+0200] {logging_mixin.py:188} INFO - [2024-05-21T13:51:48.087+0200] {dag.py:3096} INFO - Sync 2 DAGs
[2024-05-21T13:51:48.094+0200] {logging_mixin.py:188} INFO - [2024-05-21T13:51:48.094+0200] {dag.py:3954} INFO - Setting next_dagrun for example_subdag_operator.section-1 to None, run_after=None
[2024-05-21T13:51:48.094+0200] {logging_mixin.py:188} INFO - [2024-05-21T13:51:48.094+0200] {dag.py:3954} INFO - Setting next_dagrun for example_subdag_operator.section-2 to None, run_after=None
[2024-05-21T13:51:48.112+0200] {processor.py:183} INFO - Processing /home/munya/anaconda3/lib/python3.11/site-packages/airflow/example_dags/example_subdag_operator.py took 0.100 seconds
[2024-05-21T13:52:52.897+0200] {processor.py:161} INFO - Started process (PID=255648) to work on /home/munya/anaconda3/lib/python3.11/site-packages/airflow/example_dags/example_subdag_operator.py
[2024-05-21T13:52:52.898+0200] {processor.py:830} INFO - Processing file /home/munya/anaconda3/lib/python3.11/site-packages/airflow/example_dags/example_subdag_operator.py for tasks to queue
[2024-05-21T13:52:52.899+0200] {logging_mixin.py:188} INFO - [2024-05-21T13:52:52.899+0200] {dagbag.py:545} INFO - Filling up the DagBag from /home/munya/anaconda3/lib/python3.11/site-packages/airflow/example_dags/example_subdag_operator.py
[2024-05-21T13:52:52.923+0200] {processor.py:840} INFO - DAG(s) 'example_subdag_operator.section-1', 'example_subdag_operator.section-2', 'example_subdag_operator' retrieved from /home/munya/anaconda3/lib/python3.11/site-packages/airflow/example_dags/example_subdag_operator.py
[2024-05-21T13:52:52.943+0200] {logging_mixin.py:188} INFO - [2024-05-21T13:52:52.943+0200] {dag.py:3096} INFO - Sync 3 DAGs
[2024-05-21T13:52:52.967+0200] {logging_mixin.py:188} INFO - [2024-05-21T13:52:52.967+0200] {dag.py:3954} INFO - Setting next_dagrun for example_subdag_operator to 2022-01-01 00:00:00+00:00, run_after=2022-01-01 00:00:00+00:00
[2024-05-21T13:52:52.971+0200] {logging_mixin.py:188} INFO - [2024-05-21T13:52:52.971+0200] {dag.py:3954} INFO - Setting next_dagrun for example_subdag_operator.section-1 to None, run_after=None
[2024-05-21T13:52:52.972+0200] {logging_mixin.py:188} INFO - [2024-05-21T13:52:52.972+0200] {dag.py:3954} INFO - Setting next_dagrun for example_subdag_operator.section-2 to None, run_after=None
[2024-05-21T13:52:52.979+0200] {logging_mixin.py:188} INFO - [2024-05-21T13:52:52.979+0200] {dag.py:3096} INFO - Sync 2 DAGs
[2024-05-21T13:52:52.984+0200] {logging_mixin.py:188} INFO - [2024-05-21T13:52:52.984+0200] {dag.py:3954} INFO - Setting next_dagrun for example_subdag_operator.section-1 to None, run_after=None
[2024-05-21T13:52:52.985+0200] {logging_mixin.py:188} INFO - [2024-05-21T13:52:52.984+0200] {dag.py:3954} INFO - Setting next_dagrun for example_subdag_operator.section-2 to None, run_after=None
[2024-05-21T13:52:52.999+0200] {processor.py:183} INFO - Processing /home/munya/anaconda3/lib/python3.11/site-packages/airflow/example_dags/example_subdag_operator.py took 0.110 seconds
[2024-05-21T13:54:03.020+0200] {processor.py:161} INFO - Started process (PID=257020) to work on /home/munya/anaconda3/lib/python3.11/site-packages/airflow/example_dags/example_subdag_operator.py
[2024-05-21T13:54:03.025+0200] {processor.py:830} INFO - Processing file /home/munya/anaconda3/lib/python3.11/site-packages/airflow/example_dags/example_subdag_operator.py for tasks to queue
[2024-05-21T13:54:03.031+0200] {logging_mixin.py:188} INFO - [2024-05-21T13:54:03.028+0200] {dagbag.py:545} INFO - Filling up the DagBag from /home/munya/anaconda3/lib/python3.11/site-packages/airflow/example_dags/example_subdag_operator.py
[2024-05-21T13:54:03.121+0200] {processor.py:840} INFO - DAG(s) 'example_subdag_operator.section-1', 'example_subdag_operator.section-2', 'example_subdag_operator' retrieved from /home/munya/anaconda3/lib/python3.11/site-packages/airflow/example_dags/example_subdag_operator.py
[2024-05-21T13:54:03.189+0200] {logging_mixin.py:188} INFO - [2024-05-21T13:54:03.188+0200] {dag.py:3096} INFO - Sync 3 DAGs
[2024-05-21T13:54:03.266+0200] {logging_mixin.py:188} INFO - [2024-05-21T13:54:03.265+0200] {dag.py:3954} INFO - Setting next_dagrun for example_subdag_operator to 2022-01-01 00:00:00+00:00, run_after=2022-01-01 00:00:00+00:00
[2024-05-21T13:54:03.279+0200] {logging_mixin.py:188} INFO - [2024-05-21T13:54:03.278+0200] {dag.py:3954} INFO - Setting next_dagrun for example_subdag_operator.section-1 to None, run_after=None
[2024-05-21T13:54:03.283+0200] {logging_mixin.py:188} INFO - [2024-05-21T13:54:03.282+0200] {dag.py:3954} INFO - Setting next_dagrun for example_subdag_operator.section-2 to None, run_after=None
[2024-05-21T13:54:03.304+0200] {logging_mixin.py:188} INFO - [2024-05-21T13:54:03.303+0200] {dag.py:3096} INFO - Sync 2 DAGs
[2024-05-21T13:54:03.319+0200] {logging_mixin.py:188} INFO - [2024-05-21T13:54:03.319+0200] {dag.py:3954} INFO - Setting next_dagrun for example_subdag_operator.section-1 to None, run_after=None
[2024-05-21T13:54:03.321+0200] {logging_mixin.py:188} INFO - [2024-05-21T13:54:03.320+0200] {dag.py:3954} INFO - Setting next_dagrun for example_subdag_operator.section-2 to None, run_after=None
[2024-05-21T13:54:03.368+0200] {processor.py:183} INFO - Processing /home/munya/anaconda3/lib/python3.11/site-packages/airflow/example_dags/example_subdag_operator.py took 0.386 seconds
[2024-05-21T13:55:06.411+0200] {processor.py:161} INFO - Started process (PID=258309) to work on /home/munya/anaconda3/lib/python3.11/site-packages/airflow/example_dags/example_subdag_operator.py
[2024-05-21T13:55:06.412+0200] {processor.py:830} INFO - Processing file /home/munya/anaconda3/lib/python3.11/site-packages/airflow/example_dags/example_subdag_operator.py for tasks to queue
[2024-05-21T13:55:06.414+0200] {logging_mixin.py:188} INFO - [2024-05-21T13:55:06.413+0200] {dagbag.py:545} INFO - Filling up the DagBag from /home/munya/anaconda3/lib/python3.11/site-packages/airflow/example_dags/example_subdag_operator.py
[2024-05-21T13:55:06.439+0200] {processor.py:840} INFO - DAG(s) 'example_subdag_operator.section-1', 'example_subdag_operator.section-2', 'example_subdag_operator' retrieved from /home/munya/anaconda3/lib/python3.11/site-packages/airflow/example_dags/example_subdag_operator.py
[2024-05-21T13:55:06.462+0200] {logging_mixin.py:188} INFO - [2024-05-21T13:55:06.461+0200] {dag.py:3096} INFO - Sync 3 DAGs
[2024-05-21T13:55:06.484+0200] {logging_mixin.py:188} INFO - [2024-05-21T13:55:06.483+0200] {dag.py:3954} INFO - Setting next_dagrun for example_subdag_operator to 2022-01-01 00:00:00+00:00, run_after=2022-01-01 00:00:00+00:00
[2024-05-21T13:55:06.487+0200] {logging_mixin.py:188} INFO - [2024-05-21T13:55:06.487+0200] {dag.py:3954} INFO - Setting next_dagrun for example_subdag_operator.section-1 to None, run_after=None
[2024-05-21T13:55:06.488+0200] {logging_mixin.py:188} INFO - [2024-05-21T13:55:06.488+0200] {dag.py:3954} INFO - Setting next_dagrun for example_subdag_operator.section-2 to None, run_after=None
[2024-05-21T13:55:06.495+0200] {logging_mixin.py:188} INFO - [2024-05-21T13:55:06.494+0200] {dag.py:3096} INFO - Sync 2 DAGs
[2024-05-21T13:55:06.500+0200] {logging_mixin.py:188} INFO - [2024-05-21T13:55:06.499+0200] {dag.py:3954} INFO - Setting next_dagrun for example_subdag_operator.section-1 to None, run_after=None
[2024-05-21T13:55:06.500+0200] {logging_mixin.py:188} INFO - [2024-05-21T13:55:06.500+0200] {dag.py:3954} INFO - Setting next_dagrun for example_subdag_operator.section-2 to None, run_after=None
[2024-05-21T13:55:06.515+0200] {processor.py:183} INFO - Processing /home/munya/anaconda3/lib/python3.11/site-packages/airflow/example_dags/example_subdag_operator.py took 0.112 seconds
[2024-05-21T13:56:12.633+0200] {processor.py:161} INFO - Started process (PID=259619) to work on /home/munya/anaconda3/lib/python3.11/site-packages/airflow/example_dags/example_subdag_operator.py
[2024-05-21T13:56:12.634+0200] {processor.py:830} INFO - Processing file /home/munya/anaconda3/lib/python3.11/site-packages/airflow/example_dags/example_subdag_operator.py for tasks to queue
[2024-05-21T13:56:12.635+0200] {logging_mixin.py:188} INFO - [2024-05-21T13:56:12.634+0200] {dagbag.py:545} INFO - Filling up the DagBag from /home/munya/anaconda3/lib/python3.11/site-packages/airflow/example_dags/example_subdag_operator.py
[2024-05-21T13:56:12.659+0200] {processor.py:840} INFO - DAG(s) 'example_subdag_operator.section-1', 'example_subdag_operator.section-2', 'example_subdag_operator' retrieved from /home/munya/anaconda3/lib/python3.11/site-packages/airflow/example_dags/example_subdag_operator.py
[2024-05-21T13:56:12.676+0200] {logging_mixin.py:188} INFO - [2024-05-21T13:56:12.675+0200] {dag.py:3096} INFO - Sync 3 DAGs
[2024-05-21T13:56:12.699+0200] {logging_mixin.py:188} INFO - [2024-05-21T13:56:12.698+0200] {dag.py:3954} INFO - Setting next_dagrun for example_subdag_operator to 2022-01-01 00:00:00+00:00, run_after=2022-01-01 00:00:00+00:00
[2024-05-21T13:56:12.702+0200] {logging_mixin.py:188} INFO - [2024-05-21T13:56:12.702+0200] {dag.py:3954} INFO - Setting next_dagrun for example_subdag_operator.section-1 to None, run_after=None
[2024-05-21T13:56:12.703+0200] {logging_mixin.py:188} INFO - [2024-05-21T13:56:12.702+0200] {dag.py:3954} INFO - Setting next_dagrun for example_subdag_operator.section-2 to None, run_after=None
[2024-05-21T13:56:12.709+0200] {logging_mixin.py:188} INFO - [2024-05-21T13:56:12.709+0200] {dag.py:3096} INFO - Sync 2 DAGs
[2024-05-21T13:56:12.715+0200] {logging_mixin.py:188} INFO - [2024-05-21T13:56:12.714+0200] {dag.py:3954} INFO - Setting next_dagrun for example_subdag_operator.section-1 to None, run_after=None
[2024-05-21T13:56:12.715+0200] {logging_mixin.py:188} INFO - [2024-05-21T13:56:12.715+0200] {dag.py:3954} INFO - Setting next_dagrun for example_subdag_operator.section-2 to None, run_after=None
[2024-05-21T13:56:12.729+0200] {processor.py:183} INFO - Processing /home/munya/anaconda3/lib/python3.11/site-packages/airflow/example_dags/example_subdag_operator.py took 0.103 seconds
[2024-05-21T13:57:13.099+0200] {processor.py:161} INFO - Started process (PID=260850) to work on /home/munya/anaconda3/lib/python3.11/site-packages/airflow/example_dags/example_subdag_operator.py
[2024-05-21T13:57:13.102+0200] {processor.py:830} INFO - Processing file /home/munya/anaconda3/lib/python3.11/site-packages/airflow/example_dags/example_subdag_operator.py for tasks to queue
[2024-05-21T13:57:13.106+0200] {logging_mixin.py:188} INFO - [2024-05-21T13:57:13.104+0200] {dagbag.py:545} INFO - Filling up the DagBag from /home/munya/anaconda3/lib/python3.11/site-packages/airflow/example_dags/example_subdag_operator.py
[2024-05-21T13:57:13.181+0200] {processor.py:840} INFO - DAG(s) 'example_subdag_operator.section-1', 'example_subdag_operator.section-2', 'example_subdag_operator' retrieved from /home/munya/anaconda3/lib/python3.11/site-packages/airflow/example_dags/example_subdag_operator.py
[2024-05-21T13:57:13.256+0200] {logging_mixin.py:188} INFO - [2024-05-21T13:57:13.255+0200] {dag.py:3096} INFO - Sync 3 DAGs
[2024-05-21T13:57:13.331+0200] {logging_mixin.py:188} INFO - [2024-05-21T13:57:13.330+0200] {dag.py:3954} INFO - Setting next_dagrun for example_subdag_operator to 2022-01-01 00:00:00+00:00, run_after=2022-01-01 00:00:00+00:00
[2024-05-21T13:57:13.342+0200] {logging_mixin.py:188} INFO - [2024-05-21T13:57:13.342+0200] {dag.py:3954} INFO - Setting next_dagrun for example_subdag_operator.section-1 to None, run_after=None
[2024-05-21T13:57:13.346+0200] {logging_mixin.py:188} INFO - [2024-05-21T13:57:13.345+0200] {dag.py:3954} INFO - Setting next_dagrun for example_subdag_operator.section-2 to None, run_after=None
[2024-05-21T13:57:13.367+0200] {logging_mixin.py:188} INFO - [2024-05-21T13:57:13.366+0200] {dag.py:3096} INFO - Sync 2 DAGs
[2024-05-21T13:57:13.380+0200] {logging_mixin.py:188} INFO - [2024-05-21T13:57:13.380+0200] {dag.py:3954} INFO - Setting next_dagrun for example_subdag_operator.section-1 to None, run_after=None
[2024-05-21T13:57:13.382+0200] {logging_mixin.py:188} INFO - [2024-05-21T13:57:13.381+0200] {dag.py:3954} INFO - Setting next_dagrun for example_subdag_operator.section-2 to None, run_after=None
[2024-05-21T13:57:13.428+0200] {processor.py:183} INFO - Processing /home/munya/anaconda3/lib/python3.11/site-packages/airflow/example_dags/example_subdag_operator.py took 0.348 seconds
[2024-05-21T13:58:15.600+0200] {processor.py:161} INFO - Started process (PID=262112) to work on /home/munya/anaconda3/lib/python3.11/site-packages/airflow/example_dags/example_subdag_operator.py
[2024-05-21T13:58:15.603+0200] {processor.py:830} INFO - Processing file /home/munya/anaconda3/lib/python3.11/site-packages/airflow/example_dags/example_subdag_operator.py for tasks to queue
[2024-05-21T13:58:15.607+0200] {logging_mixin.py:188} INFO - [2024-05-21T13:58:15.605+0200] {dagbag.py:545} INFO - Filling up the DagBag from /home/munya/anaconda3/lib/python3.11/site-packages/airflow/example_dags/example_subdag_operator.py
[2024-05-21T13:58:15.680+0200] {processor.py:840} INFO - DAG(s) 'example_subdag_operator.section-1', 'example_subdag_operator.section-2', 'example_subdag_operator' retrieved from /home/munya/anaconda3/lib/python3.11/site-packages/airflow/example_dags/example_subdag_operator.py
[2024-05-21T13:58:15.736+0200] {logging_mixin.py:188} INFO - [2024-05-21T13:58:15.736+0200] {dag.py:3096} INFO - Sync 3 DAGs
[2024-05-21T13:58:15.813+0200] {logging_mixin.py:188} INFO - [2024-05-21T13:58:15.812+0200] {dag.py:3954} INFO - Setting next_dagrun for example_subdag_operator to 2022-01-01 00:00:00+00:00, run_after=2022-01-01 00:00:00+00:00
[2024-05-21T13:58:15.828+0200] {logging_mixin.py:188} INFO - [2024-05-21T13:58:15.827+0200] {dag.py:3954} INFO - Setting next_dagrun for example_subdag_operator.section-1 to None, run_after=None
[2024-05-21T13:58:15.832+0200] {logging_mixin.py:188} INFO - [2024-05-21T13:58:15.831+0200] {dag.py:3954} INFO - Setting next_dagrun for example_subdag_operator.section-2 to None, run_after=None
[2024-05-21T13:58:15.856+0200] {logging_mixin.py:188} INFO - [2024-05-21T13:58:15.855+0200] {dag.py:3096} INFO - Sync 2 DAGs
[2024-05-21T13:58:15.872+0200] {logging_mixin.py:188} INFO - [2024-05-21T13:58:15.871+0200] {dag.py:3954} INFO - Setting next_dagrun for example_subdag_operator.section-1 to None, run_after=None
[2024-05-21T13:58:15.874+0200] {logging_mixin.py:188} INFO - [2024-05-21T13:58:15.873+0200] {dag.py:3954} INFO - Setting next_dagrun for example_subdag_operator.section-2 to None, run_after=None
[2024-05-21T13:58:15.907+0200] {processor.py:183} INFO - Processing /home/munya/anaconda3/lib/python3.11/site-packages/airflow/example_dags/example_subdag_operator.py took 0.333 seconds
[2024-05-21T13:59:20.269+0200] {processor.py:161} INFO - Started process (PID=263405) to work on /home/munya/anaconda3/lib/python3.11/site-packages/airflow/example_dags/example_subdag_operator.py
[2024-05-21T13:59:20.271+0200] {processor.py:830} INFO - Processing file /home/munya/anaconda3/lib/python3.11/site-packages/airflow/example_dags/example_subdag_operator.py for tasks to queue
[2024-05-21T13:59:20.272+0200] {logging_mixin.py:188} INFO - [2024-05-21T13:59:20.271+0200] {dagbag.py:545} INFO - Filling up the DagBag from /home/munya/anaconda3/lib/python3.11/site-packages/airflow/example_dags/example_subdag_operator.py
[2024-05-21T13:59:20.294+0200] {processor.py:840} INFO - DAG(s) 'example_subdag_operator.section-1', 'example_subdag_operator.section-2', 'example_subdag_operator' retrieved from /home/munya/anaconda3/lib/python3.11/site-packages/airflow/example_dags/example_subdag_operator.py
[2024-05-21T13:59:20.314+0200] {logging_mixin.py:188} INFO - [2024-05-21T13:59:20.314+0200] {dag.py:3096} INFO - Sync 3 DAGs
[2024-05-21T13:59:20.337+0200] {logging_mixin.py:188} INFO - [2024-05-21T13:59:20.337+0200] {dag.py:3954} INFO - Setting next_dagrun for example_subdag_operator to 2022-01-01 00:00:00+00:00, run_after=2022-01-01 00:00:00+00:00
[2024-05-21T13:59:20.341+0200] {logging_mixin.py:188} INFO - [2024-05-21T13:59:20.341+0200] {dag.py:3954} INFO - Setting next_dagrun for example_subdag_operator.section-1 to None, run_after=None
[2024-05-21T13:59:20.342+0200] {logging_mixin.py:188} INFO - [2024-05-21T13:59:20.342+0200] {dag.py:3954} INFO - Setting next_dagrun for example_subdag_operator.section-2 to None, run_after=None
[2024-05-21T13:59:20.348+0200] {logging_mixin.py:188} INFO - [2024-05-21T13:59:20.348+0200] {dag.py:3096} INFO - Sync 2 DAGs
[2024-05-21T13:59:20.354+0200] {logging_mixin.py:188} INFO - [2024-05-21T13:59:20.353+0200] {dag.py:3954} INFO - Setting next_dagrun for example_subdag_operator.section-1 to None, run_after=None
[2024-05-21T13:59:20.354+0200] {logging_mixin.py:188} INFO - [2024-05-21T13:59:20.354+0200] {dag.py:3954} INFO - Setting next_dagrun for example_subdag_operator.section-2 to None, run_after=None
[2024-05-21T13:59:20.368+0200] {processor.py:183} INFO - Processing /home/munya/anaconda3/lib/python3.11/site-packages/airflow/example_dags/example_subdag_operator.py took 0.106 seconds
[2024-05-21T14:00:25.570+0200] {processor.py:161} INFO - Started process (PID=264733) to work on /home/munya/anaconda3/lib/python3.11/site-packages/airflow/example_dags/example_subdag_operator.py
[2024-05-21T14:00:25.571+0200] {processor.py:830} INFO - Processing file /home/munya/anaconda3/lib/python3.11/site-packages/airflow/example_dags/example_subdag_operator.py for tasks to queue
[2024-05-21T14:00:25.572+0200] {logging_mixin.py:188} INFO - [2024-05-21T14:00:25.571+0200] {dagbag.py:545} INFO - Filling up the DagBag from /home/munya/anaconda3/lib/python3.11/site-packages/airflow/example_dags/example_subdag_operator.py
[2024-05-21T14:00:25.594+0200] {processor.py:840} INFO - DAG(s) 'example_subdag_operator.section-1', 'example_subdag_operator.section-2', 'example_subdag_operator' retrieved from /home/munya/anaconda3/lib/python3.11/site-packages/airflow/example_dags/example_subdag_operator.py
[2024-05-21T14:00:25.635+0200] {logging_mixin.py:188} INFO - [2024-05-21T14:00:25.634+0200] {dag.py:3096} INFO - Sync 3 DAGs
[2024-05-21T14:00:25.699+0200] {logging_mixin.py:188} INFO - [2024-05-21T14:00:25.699+0200] {dag.py:3954} INFO - Setting next_dagrun for example_subdag_operator to 2022-01-01 00:00:00+00:00, run_after=2022-01-01 00:00:00+00:00
[2024-05-21T14:00:25.708+0200] {logging_mixin.py:188} INFO - [2024-05-21T14:00:25.708+0200] {dag.py:3954} INFO - Setting next_dagrun for example_subdag_operator.section-1 to None, run_after=None
[2024-05-21T14:00:25.712+0200] {logging_mixin.py:188} INFO - [2024-05-21T14:00:25.711+0200] {dag.py:3954} INFO - Setting next_dagrun for example_subdag_operator.section-2 to None, run_after=None
[2024-05-21T14:00:25.731+0200] {logging_mixin.py:188} INFO - [2024-05-21T14:00:25.730+0200] {dag.py:3096} INFO - Sync 2 DAGs
[2024-05-21T14:00:25.747+0200] {logging_mixin.py:188} INFO - [2024-05-21T14:00:25.746+0200] {dag.py:3954} INFO - Setting next_dagrun for example_subdag_operator.section-1 to None, run_after=None
[2024-05-21T14:00:25.748+0200] {logging_mixin.py:188} INFO - [2024-05-21T14:00:25.748+0200] {dag.py:3954} INFO - Setting next_dagrun for example_subdag_operator.section-2 to None, run_after=None
[2024-05-21T14:00:25.794+0200] {processor.py:183} INFO - Processing /home/munya/anaconda3/lib/python3.11/site-packages/airflow/example_dags/example_subdag_operator.py took 0.231 seconds
[2024-05-21T14:01:34.876+0200] {processor.py:161} INFO - Started process (PID=266134) to work on /home/munya/anaconda3/lib/python3.11/site-packages/airflow/example_dags/example_subdag_operator.py
[2024-05-21T14:01:34.877+0200] {processor.py:830} INFO - Processing file /home/munya/anaconda3/lib/python3.11/site-packages/airflow/example_dags/example_subdag_operator.py for tasks to queue
[2024-05-21T14:01:34.878+0200] {logging_mixin.py:188} INFO - [2024-05-21T14:01:34.877+0200] {dagbag.py:545} INFO - Filling up the DagBag from /home/munya/anaconda3/lib/python3.11/site-packages/airflow/example_dags/example_subdag_operator.py
[2024-05-21T14:01:34.907+0200] {processor.py:840} INFO - DAG(s) 'example_subdag_operator.section-1', 'example_subdag_operator.section-2', 'example_subdag_operator' retrieved from /home/munya/anaconda3/lib/python3.11/site-packages/airflow/example_dags/example_subdag_operator.py
[2024-05-21T14:01:34.926+0200] {logging_mixin.py:188} INFO - [2024-05-21T14:01:34.926+0200] {dag.py:3096} INFO - Sync 3 DAGs
[2024-05-21T14:01:34.946+0200] {logging_mixin.py:188} INFO - [2024-05-21T14:01:34.946+0200] {dag.py:3954} INFO - Setting next_dagrun for example_subdag_operator to 2022-01-01 00:00:00+00:00, run_after=2022-01-01 00:00:00+00:00
[2024-05-21T14:01:34.950+0200] {logging_mixin.py:188} INFO - [2024-05-21T14:01:34.950+0200] {dag.py:3954} INFO - Setting next_dagrun for example_subdag_operator.section-1 to None, run_after=None
[2024-05-21T14:01:34.951+0200] {logging_mixin.py:188} INFO - [2024-05-21T14:01:34.951+0200] {dag.py:3954} INFO - Setting next_dagrun for example_subdag_operator.section-2 to None, run_after=None
[2024-05-21T14:01:34.957+0200] {logging_mixin.py:188} INFO - [2024-05-21T14:01:34.957+0200] {dag.py:3096} INFO - Sync 2 DAGs
[2024-05-21T14:01:34.962+0200] {logging_mixin.py:188} INFO - [2024-05-21T14:01:34.962+0200] {dag.py:3954} INFO - Setting next_dagrun for example_subdag_operator.section-1 to None, run_after=None
[2024-05-21T14:01:34.962+0200] {logging_mixin.py:188} INFO - [2024-05-21T14:01:34.962+0200] {dag.py:3954} INFO - Setting next_dagrun for example_subdag_operator.section-2 to None, run_after=None
[2024-05-21T14:01:34.977+0200] {processor.py:183} INFO - Processing /home/munya/anaconda3/lib/python3.11/site-packages/airflow/example_dags/example_subdag_operator.py took 0.108 seconds
[2024-05-21T14:02:41.836+0200] {processor.py:161} INFO - Started process (PID=267535) to work on /home/munya/anaconda3/lib/python3.11/site-packages/airflow/example_dags/example_subdag_operator.py
[2024-05-21T14:02:41.837+0200] {processor.py:830} INFO - Processing file /home/munya/anaconda3/lib/python3.11/site-packages/airflow/example_dags/example_subdag_operator.py for tasks to queue
[2024-05-21T14:02:41.838+0200] {logging_mixin.py:188} INFO - [2024-05-21T14:02:41.838+0200] {dagbag.py:545} INFO - Filling up the DagBag from /home/munya/anaconda3/lib/python3.11/site-packages/airflow/example_dags/example_subdag_operator.py
[2024-05-21T14:02:41.862+0200] {processor.py:840} INFO - DAG(s) 'example_subdag_operator.section-1', 'example_subdag_operator.section-2', 'example_subdag_operator' retrieved from /home/munya/anaconda3/lib/python3.11/site-packages/airflow/example_dags/example_subdag_operator.py
[2024-05-21T14:02:41.881+0200] {logging_mixin.py:188} INFO - [2024-05-21T14:02:41.881+0200] {dag.py:3096} INFO - Sync 3 DAGs
[2024-05-21T14:02:41.904+0200] {logging_mixin.py:188} INFO - [2024-05-21T14:02:41.904+0200] {dag.py:3954} INFO - Setting next_dagrun for example_subdag_operator to 2022-01-01 00:00:00+00:00, run_after=2022-01-01 00:00:00+00:00
[2024-05-21T14:02:41.908+0200] {logging_mixin.py:188} INFO - [2024-05-21T14:02:41.908+0200] {dag.py:3954} INFO - Setting next_dagrun for example_subdag_operator.section-1 to None, run_after=None
[2024-05-21T14:02:41.909+0200] {logging_mixin.py:188} INFO - [2024-05-21T14:02:41.909+0200] {dag.py:3954} INFO - Setting next_dagrun for example_subdag_operator.section-2 to None, run_after=None
[2024-05-21T14:02:41.916+0200] {logging_mixin.py:188} INFO - [2024-05-21T14:02:41.915+0200] {dag.py:3096} INFO - Sync 2 DAGs
[2024-05-21T14:02:41.922+0200] {logging_mixin.py:188} INFO - [2024-05-21T14:02:41.922+0200] {dag.py:3954} INFO - Setting next_dagrun for example_subdag_operator.section-1 to None, run_after=None
[2024-05-21T14:02:41.922+0200] {logging_mixin.py:188} INFO - [2024-05-21T14:02:41.922+0200] {dag.py:3954} INFO - Setting next_dagrun for example_subdag_operator.section-2 to None, run_after=None
[2024-05-21T14:02:41.937+0200] {processor.py:183} INFO - Processing /home/munya/anaconda3/lib/python3.11/site-packages/airflow/example_dags/example_subdag_operator.py took 0.108 seconds
[2024-05-21T14:03:55.183+0200] {processor.py:161} INFO - Started process (PID=269042) to work on /home/munya/anaconda3/lib/python3.11/site-packages/airflow/example_dags/example_subdag_operator.py
[2024-05-21T14:03:55.183+0200] {processor.py:830} INFO - Processing file /home/munya/anaconda3/lib/python3.11/site-packages/airflow/example_dags/example_subdag_operator.py for tasks to queue
[2024-05-21T14:03:55.184+0200] {logging_mixin.py:188} INFO - [2024-05-21T14:03:55.184+0200] {dagbag.py:545} INFO - Filling up the DagBag from /home/munya/anaconda3/lib/python3.11/site-packages/airflow/example_dags/example_subdag_operator.py
[2024-05-21T14:03:55.205+0200] {processor.py:840} INFO - DAG(s) 'example_subdag_operator.section-1', 'example_subdag_operator.section-2', 'example_subdag_operator' retrieved from /home/munya/anaconda3/lib/python3.11/site-packages/airflow/example_dags/example_subdag_operator.py
[2024-05-21T14:03:55.224+0200] {logging_mixin.py:188} INFO - [2024-05-21T14:03:55.224+0200] {dag.py:3096} INFO - Sync 3 DAGs
[2024-05-21T14:03:55.245+0200] {logging_mixin.py:188} INFO - [2024-05-21T14:03:55.245+0200] {dag.py:3954} INFO - Setting next_dagrun for example_subdag_operator to 2022-01-01 00:00:00+00:00, run_after=2022-01-01 00:00:00+00:00
[2024-05-21T14:03:55.249+0200] {logging_mixin.py:188} INFO - [2024-05-21T14:03:55.248+0200] {dag.py:3954} INFO - Setting next_dagrun for example_subdag_operator.section-1 to None, run_after=None
[2024-05-21T14:03:55.250+0200] {logging_mixin.py:188} INFO - [2024-05-21T14:03:55.249+0200] {dag.py:3954} INFO - Setting next_dagrun for example_subdag_operator.section-2 to None, run_after=None
[2024-05-21T14:03:55.256+0200] {logging_mixin.py:188} INFO - [2024-05-21T14:03:55.256+0200] {dag.py:3096} INFO - Sync 2 DAGs
[2024-05-21T14:03:55.261+0200] {logging_mixin.py:188} INFO - [2024-05-21T14:03:55.260+0200] {dag.py:3954} INFO - Setting next_dagrun for example_subdag_operator.section-1 to None, run_after=None
[2024-05-21T14:03:55.261+0200] {logging_mixin.py:188} INFO - [2024-05-21T14:03:55.261+0200] {dag.py:3954} INFO - Setting next_dagrun for example_subdag_operator.section-2 to None, run_after=None
[2024-05-21T14:03:55.280+0200] {processor.py:183} INFO - Processing /home/munya/anaconda3/lib/python3.11/site-packages/airflow/example_dags/example_subdag_operator.py took 0.103 seconds
[2024-05-21T14:04:58.172+0200] {processor.py:161} INFO - Started process (PID=270363) to work on /home/munya/anaconda3/lib/python3.11/site-packages/airflow/example_dags/example_subdag_operator.py
[2024-05-21T14:04:58.173+0200] {processor.py:830} INFO - Processing file /home/munya/anaconda3/lib/python3.11/site-packages/airflow/example_dags/example_subdag_operator.py for tasks to queue
[2024-05-21T14:04:58.174+0200] {logging_mixin.py:188} INFO - [2024-05-21T14:04:58.173+0200] {dagbag.py:545} INFO - Filling up the DagBag from /home/munya/anaconda3/lib/python3.11/site-packages/airflow/example_dags/example_subdag_operator.py
[2024-05-21T14:04:58.197+0200] {processor.py:840} INFO - DAG(s) 'example_subdag_operator.section-1', 'example_subdag_operator.section-2', 'example_subdag_operator' retrieved from /home/munya/anaconda3/lib/python3.11/site-packages/airflow/example_dags/example_subdag_operator.py
[2024-05-21T14:04:58.218+0200] {logging_mixin.py:188} INFO - [2024-05-21T14:04:58.218+0200] {dag.py:3096} INFO - Sync 3 DAGs
[2024-05-21T14:04:58.236+0200] {logging_mixin.py:188} INFO - [2024-05-21T14:04:58.236+0200] {dag.py:3954} INFO - Setting next_dagrun for example_subdag_operator to 2022-01-01 00:00:00+00:00, run_after=2022-01-01 00:00:00+00:00
[2024-05-21T14:04:58.239+0200] {logging_mixin.py:188} INFO - [2024-05-21T14:04:58.239+0200] {dag.py:3954} INFO - Setting next_dagrun for example_subdag_operator.section-1 to None, run_after=None
[2024-05-21T14:04:58.240+0200] {logging_mixin.py:188} INFO - [2024-05-21T14:04:58.240+0200] {dag.py:3954} INFO - Setting next_dagrun for example_subdag_operator.section-2 to None, run_after=None
[2024-05-21T14:04:58.247+0200] {logging_mixin.py:188} INFO - [2024-05-21T14:04:58.247+0200] {dag.py:3096} INFO - Sync 2 DAGs
[2024-05-21T14:04:58.251+0200] {logging_mixin.py:188} INFO - [2024-05-21T14:04:58.251+0200] {dag.py:3954} INFO - Setting next_dagrun for example_subdag_operator.section-1 to None, run_after=None
[2024-05-21T14:04:58.252+0200] {logging_mixin.py:188} INFO - [2024-05-21T14:04:58.252+0200] {dag.py:3954} INFO - Setting next_dagrun for example_subdag_operator.section-2 to None, run_after=None
[2024-05-21T14:04:58.265+0200] {processor.py:183} INFO - Processing /home/munya/anaconda3/lib/python3.11/site-packages/airflow/example_dags/example_subdag_operator.py took 0.101 seconds
[2024-05-21T14:06:03.968+0200] {processor.py:161} INFO - Started process (PID=271732) to work on /home/munya/anaconda3/lib/python3.11/site-packages/airflow/example_dags/example_subdag_operator.py
[2024-05-21T14:06:03.969+0200] {processor.py:830} INFO - Processing file /home/munya/anaconda3/lib/python3.11/site-packages/airflow/example_dags/example_subdag_operator.py for tasks to queue
[2024-05-21T14:06:03.970+0200] {logging_mixin.py:188} INFO - [2024-05-21T14:06:03.970+0200] {dagbag.py:545} INFO - Filling up the DagBag from /home/munya/anaconda3/lib/python3.11/site-packages/airflow/example_dags/example_subdag_operator.py
[2024-05-21T14:06:03.996+0200] {processor.py:840} INFO - DAG(s) 'example_subdag_operator.section-1', 'example_subdag_operator.section-2', 'example_subdag_operator' retrieved from /home/munya/anaconda3/lib/python3.11/site-packages/airflow/example_dags/example_subdag_operator.py
[2024-05-21T14:06:04.017+0200] {logging_mixin.py:188} INFO - [2024-05-21T14:06:04.017+0200] {dag.py:3096} INFO - Sync 3 DAGs
[2024-05-21T14:06:04.037+0200] {logging_mixin.py:188} INFO - [2024-05-21T14:06:04.037+0200] {dag.py:3954} INFO - Setting next_dagrun for example_subdag_operator to 2022-01-01 00:00:00+00:00, run_after=2022-01-01 00:00:00+00:00
[2024-05-21T14:06:04.041+0200] {logging_mixin.py:188} INFO - [2024-05-21T14:06:04.040+0200] {dag.py:3954} INFO - Setting next_dagrun for example_subdag_operator.section-1 to None, run_after=None
[2024-05-21T14:06:04.042+0200] {logging_mixin.py:188} INFO - [2024-05-21T14:06:04.042+0200] {dag.py:3954} INFO - Setting next_dagrun for example_subdag_operator.section-2 to None, run_after=None
[2024-05-21T14:06:04.049+0200] {logging_mixin.py:188} INFO - [2024-05-21T14:06:04.049+0200] {dag.py:3096} INFO - Sync 2 DAGs
[2024-05-21T14:06:04.053+0200] {logging_mixin.py:188} INFO - [2024-05-21T14:06:04.053+0200] {dag.py:3954} INFO - Setting next_dagrun for example_subdag_operator.section-1 to None, run_after=None
[2024-05-21T14:06:04.054+0200] {logging_mixin.py:188} INFO - [2024-05-21T14:06:04.053+0200] {dag.py:3954} INFO - Setting next_dagrun for example_subdag_operator.section-2 to None, run_after=None
[2024-05-21T14:06:04.069+0200] {processor.py:183} INFO - Processing /home/munya/anaconda3/lib/python3.11/site-packages/airflow/example_dags/example_subdag_operator.py took 0.110 seconds
[2024-05-21T14:07:07.372+0200] {processor.py:161} INFO - Started process (PID=273019) to work on /home/munya/anaconda3/lib/python3.11/site-packages/airflow/example_dags/example_subdag_operator.py
[2024-05-21T14:07:07.373+0200] {processor.py:830} INFO - Processing file /home/munya/anaconda3/lib/python3.11/site-packages/airflow/example_dags/example_subdag_operator.py for tasks to queue
[2024-05-21T14:07:07.374+0200] {logging_mixin.py:188} INFO - [2024-05-21T14:07:07.374+0200] {dagbag.py:545} INFO - Filling up the DagBag from /home/munya/anaconda3/lib/python3.11/site-packages/airflow/example_dags/example_subdag_operator.py
[2024-05-21T14:07:07.396+0200] {processor.py:840} INFO - DAG(s) 'example_subdag_operator.section-1', 'example_subdag_operator.section-2', 'example_subdag_operator' retrieved from /home/munya/anaconda3/lib/python3.11/site-packages/airflow/example_dags/example_subdag_operator.py
[2024-05-21T14:07:07.412+0200] {logging_mixin.py:188} INFO - [2024-05-21T14:07:07.412+0200] {dag.py:3096} INFO - Sync 3 DAGs
[2024-05-21T14:07:07.430+0200] {logging_mixin.py:188} INFO - [2024-05-21T14:07:07.430+0200] {dag.py:3954} INFO - Setting next_dagrun for example_subdag_operator to 2022-01-01 00:00:00+00:00, run_after=2022-01-01 00:00:00+00:00
[2024-05-21T14:07:07.434+0200] {logging_mixin.py:188} INFO - [2024-05-21T14:07:07.434+0200] {dag.py:3954} INFO - Setting next_dagrun for example_subdag_operator.section-1 to None, run_after=None
[2024-05-21T14:07:07.435+0200] {logging_mixin.py:188} INFO - [2024-05-21T14:07:07.435+0200] {dag.py:3954} INFO - Setting next_dagrun for example_subdag_operator.section-2 to None, run_after=None
[2024-05-21T14:07:07.441+0200] {logging_mixin.py:188} INFO - [2024-05-21T14:07:07.441+0200] {dag.py:3096} INFO - Sync 2 DAGs
[2024-05-21T14:07:07.446+0200] {logging_mixin.py:188} INFO - [2024-05-21T14:07:07.445+0200] {dag.py:3954} INFO - Setting next_dagrun for example_subdag_operator.section-1 to None, run_after=None
[2024-05-21T14:07:07.446+0200] {logging_mixin.py:188} INFO - [2024-05-21T14:07:07.446+0200] {dag.py:3954} INFO - Setting next_dagrun for example_subdag_operator.section-2 to None, run_after=None
[2024-05-21T14:07:07.460+0200] {processor.py:183} INFO - Processing /home/munya/anaconda3/lib/python3.11/site-packages/airflow/example_dags/example_subdag_operator.py took 0.095 seconds
[2024-05-21T14:08:21.429+0200] {processor.py:161} INFO - Started process (PID=274476) to work on /home/munya/anaconda3/lib/python3.11/site-packages/airflow/example_dags/example_subdag_operator.py
[2024-05-21T14:08:21.430+0200] {processor.py:830} INFO - Processing file /home/munya/anaconda3/lib/python3.11/site-packages/airflow/example_dags/example_subdag_operator.py for tasks to queue
[2024-05-21T14:08:21.431+0200] {logging_mixin.py:188} INFO - [2024-05-21T14:08:21.431+0200] {dagbag.py:545} INFO - Filling up the DagBag from /home/munya/anaconda3/lib/python3.11/site-packages/airflow/example_dags/example_subdag_operator.py
[2024-05-21T14:08:21.452+0200] {processor.py:840} INFO - DAG(s) 'example_subdag_operator.section-1', 'example_subdag_operator.section-2', 'example_subdag_operator' retrieved from /home/munya/anaconda3/lib/python3.11/site-packages/airflow/example_dags/example_subdag_operator.py
[2024-05-21T14:08:21.469+0200] {logging_mixin.py:188} INFO - [2024-05-21T14:08:21.469+0200] {dag.py:3096} INFO - Sync 3 DAGs
[2024-05-21T14:08:21.491+0200] {logging_mixin.py:188} INFO - [2024-05-21T14:08:21.491+0200] {dag.py:3954} INFO - Setting next_dagrun for example_subdag_operator to 2022-01-01 00:00:00+00:00, run_after=2022-01-01 00:00:00+00:00
[2024-05-21T14:08:21.495+0200] {logging_mixin.py:188} INFO - [2024-05-21T14:08:21.495+0200] {dag.py:3954} INFO - Setting next_dagrun for example_subdag_operator.section-1 to None, run_after=None
[2024-05-21T14:08:21.496+0200] {logging_mixin.py:188} INFO - [2024-05-21T14:08:21.496+0200] {dag.py:3954} INFO - Setting next_dagrun for example_subdag_operator.section-2 to None, run_after=None
[2024-05-21T14:08:21.502+0200] {logging_mixin.py:188} INFO - [2024-05-21T14:08:21.502+0200] {dag.py:3096} INFO - Sync 2 DAGs
[2024-05-21T14:08:21.507+0200] {logging_mixin.py:188} INFO - [2024-05-21T14:08:21.506+0200] {dag.py:3954} INFO - Setting next_dagrun for example_subdag_operator.section-1 to None, run_after=None
[2024-05-21T14:08:21.507+0200] {logging_mixin.py:188} INFO - [2024-05-21T14:08:21.507+0200] {dag.py:3954} INFO - Setting next_dagrun for example_subdag_operator.section-2 to None, run_after=None
[2024-05-21T14:08:21.521+0200] {processor.py:183} INFO - Processing /home/munya/anaconda3/lib/python3.11/site-packages/airflow/example_dags/example_subdag_operator.py took 0.099 seconds
[2024-05-21T14:09:27.684+0200] {processor.py:161} INFO - Started process (PID=275841) to work on /home/munya/anaconda3/lib/python3.11/site-packages/airflow/example_dags/example_subdag_operator.py
[2024-05-21T14:09:27.685+0200] {processor.py:830} INFO - Processing file /home/munya/anaconda3/lib/python3.11/site-packages/airflow/example_dags/example_subdag_operator.py for tasks to queue
[2024-05-21T14:09:27.686+0200] {logging_mixin.py:188} INFO - [2024-05-21T14:09:27.685+0200] {dagbag.py:545} INFO - Filling up the DagBag from /home/munya/anaconda3/lib/python3.11/site-packages/airflow/example_dags/example_subdag_operator.py
[2024-05-21T14:09:27.710+0200] {processor.py:840} INFO - DAG(s) 'example_subdag_operator.section-1', 'example_subdag_operator.section-2', 'example_subdag_operator' retrieved from /home/munya/anaconda3/lib/python3.11/site-packages/airflow/example_dags/example_subdag_operator.py
[2024-05-21T14:09:27.731+0200] {logging_mixin.py:188} INFO - [2024-05-21T14:09:27.731+0200] {dag.py:3096} INFO - Sync 3 DAGs
[2024-05-21T14:09:27.755+0200] {logging_mixin.py:188} INFO - [2024-05-21T14:09:27.754+0200] {dag.py:3954} INFO - Setting next_dagrun for example_subdag_operator to 2022-01-01 00:00:00+00:00, run_after=2022-01-01 00:00:00+00:00
[2024-05-21T14:09:27.758+0200] {logging_mixin.py:188} INFO - [2024-05-21T14:09:27.757+0200] {dag.py:3954} INFO - Setting next_dagrun for example_subdag_operator.section-1 to None, run_after=None
[2024-05-21T14:09:27.758+0200] {logging_mixin.py:188} INFO - [2024-05-21T14:09:27.758+0200] {dag.py:3954} INFO - Setting next_dagrun for example_subdag_operator.section-2 to None, run_after=None
[2024-05-21T14:09:27.764+0200] {logging_mixin.py:188} INFO - [2024-05-21T14:09:27.764+0200] {dag.py:3096} INFO - Sync 2 DAGs
[2024-05-21T14:09:27.769+0200] {logging_mixin.py:188} INFO - [2024-05-21T14:09:27.769+0200] {dag.py:3954} INFO - Setting next_dagrun for example_subdag_operator.section-1 to None, run_after=None
[2024-05-21T14:09:27.769+0200] {logging_mixin.py:188} INFO - [2024-05-21T14:09:27.769+0200] {dag.py:3954} INFO - Setting next_dagrun for example_subdag_operator.section-2 to None, run_after=None
[2024-05-21T14:09:27.782+0200] {processor.py:183} INFO - Processing /home/munya/anaconda3/lib/python3.11/site-packages/airflow/example_dags/example_subdag_operator.py took 0.105 seconds
[2024-05-21T14:10:29.380+0200] {processor.py:161} INFO - Started process (PID=277070) to work on /home/munya/anaconda3/lib/python3.11/site-packages/airflow/example_dags/example_subdag_operator.py
[2024-05-21T14:10:29.381+0200] {processor.py:830} INFO - Processing file /home/munya/anaconda3/lib/python3.11/site-packages/airflow/example_dags/example_subdag_operator.py for tasks to queue
[2024-05-21T14:10:29.382+0200] {logging_mixin.py:188} INFO - [2024-05-21T14:10:29.381+0200] {dagbag.py:545} INFO - Filling up the DagBag from /home/munya/anaconda3/lib/python3.11/site-packages/airflow/example_dags/example_subdag_operator.py
[2024-05-21T14:10:29.404+0200] {processor.py:840} INFO - DAG(s) 'example_subdag_operator.section-1', 'example_subdag_operator.section-2', 'example_subdag_operator' retrieved from /home/munya/anaconda3/lib/python3.11/site-packages/airflow/example_dags/example_subdag_operator.py
[2024-05-21T14:10:29.423+0200] {logging_mixin.py:188} INFO - [2024-05-21T14:10:29.423+0200] {dag.py:3096} INFO - Sync 3 DAGs
[2024-05-21T14:10:29.444+0200] {logging_mixin.py:188} INFO - [2024-05-21T14:10:29.444+0200] {dag.py:3954} INFO - Setting next_dagrun for example_subdag_operator to 2022-01-01 00:00:00+00:00, run_after=2022-01-01 00:00:00+00:00
[2024-05-21T14:10:29.447+0200] {logging_mixin.py:188} INFO - [2024-05-21T14:10:29.447+0200] {dag.py:3954} INFO - Setting next_dagrun for example_subdag_operator.section-1 to None, run_after=None
[2024-05-21T14:10:29.449+0200] {logging_mixin.py:188} INFO - [2024-05-21T14:10:29.449+0200] {dag.py:3954} INFO - Setting next_dagrun for example_subdag_operator.section-2 to None, run_after=None
[2024-05-21T14:10:29.456+0200] {logging_mixin.py:188} INFO - [2024-05-21T14:10:29.455+0200] {dag.py:3096} INFO - Sync 2 DAGs
[2024-05-21T14:10:29.460+0200] {logging_mixin.py:188} INFO - [2024-05-21T14:10:29.460+0200] {dag.py:3954} INFO - Setting next_dagrun for example_subdag_operator.section-1 to None, run_after=None
[2024-05-21T14:10:29.461+0200] {logging_mixin.py:188} INFO - [2024-05-21T14:10:29.461+0200] {dag.py:3954} INFO - Setting next_dagrun for example_subdag_operator.section-2 to None, run_after=None
[2024-05-21T14:10:29.476+0200] {processor.py:183} INFO - Processing /home/munya/anaconda3/lib/python3.11/site-packages/airflow/example_dags/example_subdag_operator.py took 0.104 seconds
[2024-05-21T14:11:26.942+0200] {processor.py:161} INFO - Started process (PID=278252) to work on /home/munya/anaconda3/lib/python3.11/site-packages/airflow/example_dags/example_subdag_operator.py
[2024-05-21T14:11:26.944+0200] {processor.py:830} INFO - Processing file /home/munya/anaconda3/lib/python3.11/site-packages/airflow/example_dags/example_subdag_operator.py for tasks to queue
[2024-05-21T14:11:26.948+0200] {logging_mixin.py:188} INFO - [2024-05-21T14:11:26.946+0200] {dagbag.py:545} INFO - Filling up the DagBag from /home/munya/anaconda3/lib/python3.11/site-packages/airflow/example_dags/example_subdag_operator.py
[2024-05-21T14:11:27.035+0200] {processor.py:840} INFO - DAG(s) 'example_subdag_operator.section-1', 'example_subdag_operator.section-2', 'example_subdag_operator' retrieved from /home/munya/anaconda3/lib/python3.11/site-packages/airflow/example_dags/example_subdag_operator.py
[2024-05-21T14:11:27.109+0200] {logging_mixin.py:188} INFO - [2024-05-21T14:11:27.108+0200] {dag.py:3096} INFO - Sync 3 DAGs
[2024-05-21T14:11:27.173+0200] {logging_mixin.py:188} INFO - [2024-05-21T14:11:27.172+0200] {dag.py:3954} INFO - Setting next_dagrun for example_subdag_operator to 2022-01-01 00:00:00+00:00, run_after=2022-01-01 00:00:00+00:00
[2024-05-21T14:11:27.182+0200] {logging_mixin.py:188} INFO - [2024-05-21T14:11:27.182+0200] {dag.py:3954} INFO - Setting next_dagrun for example_subdag_operator.section-1 to None, run_after=None
[2024-05-21T14:11:27.187+0200] {logging_mixin.py:188} INFO - [2024-05-21T14:11:27.187+0200] {dag.py:3954} INFO - Setting next_dagrun for example_subdag_operator.section-2 to None, run_after=None
[2024-05-21T14:11:27.211+0200] {logging_mixin.py:188} INFO - [2024-05-21T14:11:27.210+0200] {dag.py:3096} INFO - Sync 2 DAGs
[2024-05-21T14:11:27.230+0200] {logging_mixin.py:188} INFO - [2024-05-21T14:11:27.229+0200] {dag.py:3954} INFO - Setting next_dagrun for example_subdag_operator.section-1 to None, run_after=None
[2024-05-21T14:11:27.232+0200] {logging_mixin.py:188} INFO - [2024-05-21T14:11:27.231+0200] {dag.py:3954} INFO - Setting next_dagrun for example_subdag_operator.section-2 to None, run_after=None
[2024-05-21T14:11:27.285+0200] {processor.py:183} INFO - Processing /home/munya/anaconda3/lib/python3.11/site-packages/airflow/example_dags/example_subdag_operator.py took 0.368 seconds
[2024-05-21T14:12:26.591+0200] {processor.py:161} INFO - Started process (PID=279451) to work on /home/munya/anaconda3/lib/python3.11/site-packages/airflow/example_dags/example_subdag_operator.py
[2024-05-21T14:12:26.593+0200] {processor.py:830} INFO - Processing file /home/munya/anaconda3/lib/python3.11/site-packages/airflow/example_dags/example_subdag_operator.py for tasks to queue
[2024-05-21T14:12:26.593+0200] {logging_mixin.py:188} INFO - [2024-05-21T14:12:26.593+0200] {dagbag.py:545} INFO - Filling up the DagBag from /home/munya/anaconda3/lib/python3.11/site-packages/airflow/example_dags/example_subdag_operator.py
[2024-05-21T14:12:26.613+0200] {processor.py:840} INFO - DAG(s) 'example_subdag_operator.section-1', 'example_subdag_operator.section-2', 'example_subdag_operator' retrieved from /home/munya/anaconda3/lib/python3.11/site-packages/airflow/example_dags/example_subdag_operator.py
[2024-05-21T14:12:26.633+0200] {logging_mixin.py:188} INFO - [2024-05-21T14:12:26.633+0200] {dag.py:3096} INFO - Sync 3 DAGs
[2024-05-21T14:12:26.655+0200] {logging_mixin.py:188} INFO - [2024-05-21T14:12:26.655+0200] {dag.py:3954} INFO - Setting next_dagrun for example_subdag_operator to 2022-01-01 00:00:00+00:00, run_after=2022-01-01 00:00:00+00:00
[2024-05-21T14:12:26.659+0200] {logging_mixin.py:188} INFO - [2024-05-21T14:12:26.659+0200] {dag.py:3954} INFO - Setting next_dagrun for example_subdag_operator.section-1 to None, run_after=None
[2024-05-21T14:12:26.660+0200] {logging_mixin.py:188} INFO - [2024-05-21T14:12:26.660+0200] {dag.py:3954} INFO - Setting next_dagrun for example_subdag_operator.section-2 to None, run_after=None
[2024-05-21T14:12:26.667+0200] {logging_mixin.py:188} INFO - [2024-05-21T14:12:26.667+0200] {dag.py:3096} INFO - Sync 2 DAGs
[2024-05-21T14:12:26.671+0200] {logging_mixin.py:188} INFO - [2024-05-21T14:12:26.671+0200] {dag.py:3954} INFO - Setting next_dagrun for example_subdag_operator.section-1 to None, run_after=None
[2024-05-21T14:12:26.671+0200] {logging_mixin.py:188} INFO - [2024-05-21T14:12:26.671+0200] {dag.py:3954} INFO - Setting next_dagrun for example_subdag_operator.section-2 to None, run_after=None
[2024-05-21T14:12:26.685+0200] {processor.py:183} INFO - Processing /home/munya/anaconda3/lib/python3.11/site-packages/airflow/example_dags/example_subdag_operator.py took 0.101 seconds
[2024-05-21T14:13:38.366+0200] {processor.py:161} INFO - Started process (PID=281013) to work on /home/munya/anaconda3/lib/python3.11/site-packages/airflow/example_dags/example_subdag_operator.py
[2024-05-21T14:13:38.369+0200] {processor.py:830} INFO - Processing file /home/munya/anaconda3/lib/python3.11/site-packages/airflow/example_dags/example_subdag_operator.py for tasks to queue
[2024-05-21T14:13:38.372+0200] {logging_mixin.py:188} INFO - [2024-05-21T14:13:38.371+0200] {dagbag.py:545} INFO - Filling up the DagBag from /home/munya/anaconda3/lib/python3.11/site-packages/airflow/example_dags/example_subdag_operator.py
[2024-05-21T14:13:38.464+0200] {processor.py:840} INFO - DAG(s) 'example_subdag_operator.section-1', 'example_subdag_operator.section-2', 'example_subdag_operator' retrieved from /home/munya/anaconda3/lib/python3.11/site-packages/airflow/example_dags/example_subdag_operator.py
[2024-05-21T14:13:38.548+0200] {logging_mixin.py:188} INFO - [2024-05-21T14:13:38.547+0200] {dag.py:3096} INFO - Sync 3 DAGs
[2024-05-21T14:13:38.635+0200] {logging_mixin.py:188} INFO - [2024-05-21T14:13:38.635+0200] {dag.py:3954} INFO - Setting next_dagrun for example_subdag_operator to 2022-01-01 00:00:00+00:00, run_after=2022-01-01 00:00:00+00:00
[2024-05-21T14:13:38.649+0200] {logging_mixin.py:188} INFO - [2024-05-21T14:13:38.649+0200] {dag.py:3954} INFO - Setting next_dagrun for example_subdag_operator.section-1 to None, run_after=None
[2024-05-21T14:13:38.654+0200] {logging_mixin.py:188} INFO - [2024-05-21T14:13:38.653+0200] {dag.py:3954} INFO - Setting next_dagrun for example_subdag_operator.section-2 to None, run_after=None
[2024-05-21T14:13:38.677+0200] {logging_mixin.py:188} INFO - [2024-05-21T14:13:38.676+0200] {dag.py:3096} INFO - Sync 2 DAGs
[2024-05-21T14:13:38.695+0200] {logging_mixin.py:188} INFO - [2024-05-21T14:13:38.694+0200] {dag.py:3954} INFO - Setting next_dagrun for example_subdag_operator.section-1 to None, run_after=None
[2024-05-21T14:13:38.697+0200] {logging_mixin.py:188} INFO - [2024-05-21T14:13:38.696+0200] {dag.py:3954} INFO - Setting next_dagrun for example_subdag_operator.section-2 to None, run_after=None
[2024-05-21T14:13:38.740+0200] {processor.py:183} INFO - Processing /home/munya/anaconda3/lib/python3.11/site-packages/airflow/example_dags/example_subdag_operator.py took 0.398 seconds
[2024-05-21T14:14:45.341+0200] {processor.py:161} INFO - Started process (PID=282344) to work on /home/munya/anaconda3/lib/python3.11/site-packages/airflow/example_dags/example_subdag_operator.py
[2024-05-21T14:14:45.342+0200] {processor.py:830} INFO - Processing file /home/munya/anaconda3/lib/python3.11/site-packages/airflow/example_dags/example_subdag_operator.py for tasks to queue
[2024-05-21T14:14:45.343+0200] {logging_mixin.py:188} INFO - [2024-05-21T14:14:45.342+0200] {dagbag.py:545} INFO - Filling up the DagBag from /home/munya/anaconda3/lib/python3.11/site-packages/airflow/example_dags/example_subdag_operator.py
[2024-05-21T14:14:45.364+0200] {processor.py:840} INFO - DAG(s) 'example_subdag_operator.section-1', 'example_subdag_operator.section-2', 'example_subdag_operator' retrieved from /home/munya/anaconda3/lib/python3.11/site-packages/airflow/example_dags/example_subdag_operator.py
[2024-05-21T14:14:45.378+0200] {logging_mixin.py:188} INFO - [2024-05-21T14:14:45.378+0200] {dag.py:3096} INFO - Sync 3 DAGs
[2024-05-21T14:14:45.397+0200] {logging_mixin.py:188} INFO - [2024-05-21T14:14:45.397+0200] {dag.py:3954} INFO - Setting next_dagrun for example_subdag_operator to 2022-01-01 00:00:00+00:00, run_after=2022-01-01 00:00:00+00:00
[2024-05-21T14:14:45.401+0200] {logging_mixin.py:188} INFO - [2024-05-21T14:14:45.400+0200] {dag.py:3954} INFO - Setting next_dagrun for example_subdag_operator.section-1 to None, run_after=None
[2024-05-21T14:14:45.402+0200] {logging_mixin.py:188} INFO - [2024-05-21T14:14:45.402+0200] {dag.py:3954} INFO - Setting next_dagrun for example_subdag_operator.section-2 to None, run_after=None
[2024-05-21T14:14:45.408+0200] {logging_mixin.py:188} INFO - [2024-05-21T14:14:45.408+0200] {dag.py:3096} INFO - Sync 2 DAGs
[2024-05-21T14:14:45.412+0200] {logging_mixin.py:188} INFO - [2024-05-21T14:14:45.411+0200] {dag.py:3954} INFO - Setting next_dagrun for example_subdag_operator.section-1 to None, run_after=None
[2024-05-21T14:14:45.412+0200] {logging_mixin.py:188} INFO - [2024-05-21T14:14:45.412+0200] {dag.py:3954} INFO - Setting next_dagrun for example_subdag_operator.section-2 to None, run_after=None
[2024-05-21T14:14:45.424+0200] {processor.py:183} INFO - Processing /home/munya/anaconda3/lib/python3.11/site-packages/airflow/example_dags/example_subdag_operator.py took 0.089 seconds
[2024-05-21T14:15:46.447+0200] {processor.py:161} INFO - Started process (PID=283568) to work on /home/munya/anaconda3/lib/python3.11/site-packages/airflow/example_dags/example_subdag_operator.py
[2024-05-21T14:15:46.448+0200] {processor.py:830} INFO - Processing file /home/munya/anaconda3/lib/python3.11/site-packages/airflow/example_dags/example_subdag_operator.py for tasks to queue
[2024-05-21T14:15:46.449+0200] {logging_mixin.py:188} INFO - [2024-05-21T14:15:46.449+0200] {dagbag.py:545} INFO - Filling up the DagBag from /home/munya/anaconda3/lib/python3.11/site-packages/airflow/example_dags/example_subdag_operator.py
[2024-05-21T14:15:46.473+0200] {processor.py:840} INFO - DAG(s) 'example_subdag_operator.section-1', 'example_subdag_operator.section-2', 'example_subdag_operator' retrieved from /home/munya/anaconda3/lib/python3.11/site-packages/airflow/example_dags/example_subdag_operator.py
[2024-05-21T14:15:46.490+0200] {logging_mixin.py:188} INFO - [2024-05-21T14:15:46.490+0200] {dag.py:3096} INFO - Sync 3 DAGs
[2024-05-21T14:15:46.509+0200] {logging_mixin.py:188} INFO - [2024-05-21T14:15:46.509+0200] {dag.py:3954} INFO - Setting next_dagrun for example_subdag_operator to 2022-01-01 00:00:00+00:00, run_after=2022-01-01 00:00:00+00:00
[2024-05-21T14:15:46.512+0200] {logging_mixin.py:188} INFO - [2024-05-21T14:15:46.512+0200] {dag.py:3954} INFO - Setting next_dagrun for example_subdag_operator.section-1 to None, run_after=None
[2024-05-21T14:15:46.514+0200] {logging_mixin.py:188} INFO - [2024-05-21T14:15:46.514+0200] {dag.py:3954} INFO - Setting next_dagrun for example_subdag_operator.section-2 to None, run_after=None
[2024-05-21T14:15:46.521+0200] {logging_mixin.py:188} INFO - [2024-05-21T14:15:46.520+0200] {dag.py:3096} INFO - Sync 2 DAGs
[2024-05-21T14:15:46.526+0200] {logging_mixin.py:188} INFO - [2024-05-21T14:15:46.525+0200] {dag.py:3954} INFO - Setting next_dagrun for example_subdag_operator.section-1 to None, run_after=None
[2024-05-21T14:15:46.526+0200] {logging_mixin.py:188} INFO - [2024-05-21T14:15:46.526+0200] {dag.py:3954} INFO - Setting next_dagrun for example_subdag_operator.section-2 to None, run_after=None
[2024-05-21T14:15:46.538+0200] {processor.py:183} INFO - Processing /home/munya/anaconda3/lib/python3.11/site-packages/airflow/example_dags/example_subdag_operator.py took 0.097 seconds
[2024-05-21T14:16:51.149+0200] {processor.py:161} INFO - Started process (PID=284906) to work on /home/munya/anaconda3/lib/python3.11/site-packages/airflow/example_dags/example_subdag_operator.py
[2024-05-21T14:16:51.153+0200] {processor.py:830} INFO - Processing file /home/munya/anaconda3/lib/python3.11/site-packages/airflow/example_dags/example_subdag_operator.py for tasks to queue
[2024-05-21T14:16:51.158+0200] {logging_mixin.py:188} INFO - [2024-05-21T14:16:51.155+0200] {dagbag.py:545} INFO - Filling up the DagBag from /home/munya/anaconda3/lib/python3.11/site-packages/airflow/example_dags/example_subdag_operator.py
[2024-05-21T14:16:51.251+0200] {processor.py:840} INFO - DAG(s) 'example_subdag_operator.section-1', 'example_subdag_operator.section-2', 'example_subdag_operator' retrieved from /home/munya/anaconda3/lib/python3.11/site-packages/airflow/example_dags/example_subdag_operator.py
[2024-05-21T14:16:51.328+0200] {logging_mixin.py:188} INFO - [2024-05-21T14:16:51.327+0200] {dag.py:3096} INFO - Sync 3 DAGs
[2024-05-21T14:16:51.427+0200] {logging_mixin.py:188} INFO - [2024-05-21T14:16:51.426+0200] {dag.py:3954} INFO - Setting next_dagrun for example_subdag_operator to 2022-01-01 00:00:00+00:00, run_after=2022-01-01 00:00:00+00:00
[2024-05-21T14:16:51.442+0200] {logging_mixin.py:188} INFO - [2024-05-21T14:16:51.441+0200] {dag.py:3954} INFO - Setting next_dagrun for example_subdag_operator.section-1 to None, run_after=None
[2024-05-21T14:16:51.448+0200] {logging_mixin.py:188} INFO - [2024-05-21T14:16:51.447+0200] {dag.py:3954} INFO - Setting next_dagrun for example_subdag_operator.section-2 to None, run_after=None
[2024-05-21T14:16:51.487+0200] {logging_mixin.py:188} INFO - [2024-05-21T14:16:51.486+0200] {dag.py:3096} INFO - Sync 2 DAGs
[2024-05-21T14:16:51.516+0200] {logging_mixin.py:188} INFO - [2024-05-21T14:16:51.515+0200] {dag.py:3954} INFO - Setting next_dagrun for example_subdag_operator.section-1 to None, run_after=None
[2024-05-21T14:16:51.518+0200] {logging_mixin.py:188} INFO - [2024-05-21T14:16:51.517+0200] {dag.py:3954} INFO - Setting next_dagrun for example_subdag_operator.section-2 to None, run_after=None
[2024-05-21T14:16:51.577+0200] {processor.py:183} INFO - Processing /home/munya/anaconda3/lib/python3.11/site-packages/airflow/example_dags/example_subdag_operator.py took 0.455 seconds
[2024-05-21T14:17:58.595+0200] {processor.py:161} INFO - Started process (PID=286319) to work on /home/munya/anaconda3/lib/python3.11/site-packages/airflow/example_dags/example_subdag_operator.py
[2024-05-21T14:17:58.598+0200] {processor.py:830} INFO - Processing file /home/munya/anaconda3/lib/python3.11/site-packages/airflow/example_dags/example_subdag_operator.py for tasks to queue
[2024-05-21T14:17:58.601+0200] {logging_mixin.py:188} INFO - [2024-05-21T14:17:58.599+0200] {dagbag.py:545} INFO - Filling up the DagBag from /home/munya/anaconda3/lib/python3.11/site-packages/airflow/example_dags/example_subdag_operator.py
[2024-05-21T14:17:58.678+0200] {processor.py:840} INFO - DAG(s) 'example_subdag_operator.section-1', 'example_subdag_operator.section-2', 'example_subdag_operator' retrieved from /home/munya/anaconda3/lib/python3.11/site-packages/airflow/example_dags/example_subdag_operator.py
[2024-05-21T14:17:58.750+0200] {logging_mixin.py:188} INFO - [2024-05-21T14:17:58.749+0200] {dag.py:3096} INFO - Sync 3 DAGs
[2024-05-21T14:17:58.823+0200] {logging_mixin.py:188} INFO - [2024-05-21T14:17:58.822+0200] {dag.py:3954} INFO - Setting next_dagrun for example_subdag_operator to 2022-01-01 00:00:00+00:00, run_after=2022-01-01 00:00:00+00:00
[2024-05-21T14:17:58.836+0200] {logging_mixin.py:188} INFO - [2024-05-21T14:17:58.835+0200] {dag.py:3954} INFO - Setting next_dagrun for example_subdag_operator.section-1 to None, run_after=None
[2024-05-21T14:17:58.841+0200] {logging_mixin.py:188} INFO - [2024-05-21T14:17:58.840+0200] {dag.py:3954} INFO - Setting next_dagrun for example_subdag_operator.section-2 to None, run_after=None
[2024-05-21T14:17:58.868+0200] {logging_mixin.py:188} INFO - [2024-05-21T14:17:58.867+0200] {dag.py:3096} INFO - Sync 2 DAGs
[2024-05-21T14:17:58.890+0200] {logging_mixin.py:188} INFO - [2024-05-21T14:17:58.889+0200] {dag.py:3954} INFO - Setting next_dagrun for example_subdag_operator.section-1 to None, run_after=None
[2024-05-21T14:17:58.893+0200] {logging_mixin.py:188} INFO - [2024-05-21T14:17:58.892+0200] {dag.py:3954} INFO - Setting next_dagrun for example_subdag_operator.section-2 to None, run_after=None
[2024-05-21T14:17:58.960+0200] {processor.py:183} INFO - Processing /home/munya/anaconda3/lib/python3.11/site-packages/airflow/example_dags/example_subdag_operator.py took 0.388 seconds
[2024-05-21T14:19:05.975+0200] {processor.py:161} INFO - Started process (PID=287663) to work on /home/munya/anaconda3/lib/python3.11/site-packages/airflow/example_dags/example_subdag_operator.py
[2024-05-21T14:19:05.976+0200] {processor.py:830} INFO - Processing file /home/munya/anaconda3/lib/python3.11/site-packages/airflow/example_dags/example_subdag_operator.py for tasks to queue
[2024-05-21T14:19:05.977+0200] {logging_mixin.py:188} INFO - [2024-05-21T14:19:05.976+0200] {dagbag.py:545} INFO - Filling up the DagBag from /home/munya/anaconda3/lib/python3.11/site-packages/airflow/example_dags/example_subdag_operator.py
[2024-05-21T14:19:06.000+0200] {processor.py:840} INFO - DAG(s) 'example_subdag_operator.section-1', 'example_subdag_operator.section-2', 'example_subdag_operator' retrieved from /home/munya/anaconda3/lib/python3.11/site-packages/airflow/example_dags/example_subdag_operator.py
[2024-05-21T14:19:06.016+0200] {logging_mixin.py:188} INFO - [2024-05-21T14:19:06.016+0200] {dag.py:3096} INFO - Sync 3 DAGs
[2024-05-21T14:19:06.032+0200] {logging_mixin.py:188} INFO - [2024-05-21T14:19:06.032+0200] {dag.py:3954} INFO - Setting next_dagrun for example_subdag_operator to 2022-01-01 00:00:00+00:00, run_after=2022-01-01 00:00:00+00:00
[2024-05-21T14:19:06.035+0200] {logging_mixin.py:188} INFO - [2024-05-21T14:19:06.035+0200] {dag.py:3954} INFO - Setting next_dagrun for example_subdag_operator.section-1 to None, run_after=None
[2024-05-21T14:19:06.036+0200] {logging_mixin.py:188} INFO - [2024-05-21T14:19:06.036+0200] {dag.py:3954} INFO - Setting next_dagrun for example_subdag_operator.section-2 to None, run_after=None
[2024-05-21T14:19:06.041+0200] {logging_mixin.py:188} INFO - [2024-05-21T14:19:06.041+0200] {dag.py:3096} INFO - Sync 2 DAGs
[2024-05-21T14:19:06.045+0200] {logging_mixin.py:188} INFO - [2024-05-21T14:19:06.044+0200] {dag.py:3954} INFO - Setting next_dagrun for example_subdag_operator.section-1 to None, run_after=None
[2024-05-21T14:19:06.045+0200] {logging_mixin.py:188} INFO - [2024-05-21T14:19:06.045+0200] {dag.py:3954} INFO - Setting next_dagrun for example_subdag_operator.section-2 to None, run_after=None
[2024-05-21T14:19:06.057+0200] {processor.py:183} INFO - Processing /home/munya/anaconda3/lib/python3.11/site-packages/airflow/example_dags/example_subdag_operator.py took 0.089 seconds
[2024-05-21T14:20:12.957+0200] {processor.py:161} INFO - Started process (PID=289017) to work on /home/munya/anaconda3/lib/python3.11/site-packages/airflow/example_dags/example_subdag_operator.py
[2024-05-21T14:20:12.960+0200] {processor.py:830} INFO - Processing file /home/munya/anaconda3/lib/python3.11/site-packages/airflow/example_dags/example_subdag_operator.py for tasks to queue
[2024-05-21T14:20:12.964+0200] {logging_mixin.py:188} INFO - [2024-05-21T14:20:12.962+0200] {dagbag.py:545} INFO - Filling up the DagBag from /home/munya/anaconda3/lib/python3.11/site-packages/airflow/example_dags/example_subdag_operator.py
[2024-05-21T14:20:13.046+0200] {processor.py:840} INFO - DAG(s) 'example_subdag_operator.section-1', 'example_subdag_operator.section-2', 'example_subdag_operator' retrieved from /home/munya/anaconda3/lib/python3.11/site-packages/airflow/example_dags/example_subdag_operator.py
[2024-05-21T14:20:13.130+0200] {logging_mixin.py:188} INFO - [2024-05-21T14:20:13.129+0200] {dag.py:3096} INFO - Sync 3 DAGs
[2024-05-21T14:20:13.220+0200] {logging_mixin.py:188} INFO - [2024-05-21T14:20:13.219+0200] {dag.py:3954} INFO - Setting next_dagrun for example_subdag_operator to 2022-01-01 00:00:00+00:00, run_after=2022-01-01 00:00:00+00:00
[2024-05-21T14:20:13.234+0200] {logging_mixin.py:188} INFO - [2024-05-21T14:20:13.233+0200] {dag.py:3954} INFO - Setting next_dagrun for example_subdag_operator.section-1 to None, run_after=None
[2024-05-21T14:20:13.239+0200] {logging_mixin.py:188} INFO - [2024-05-21T14:20:13.238+0200] {dag.py:3954} INFO - Setting next_dagrun for example_subdag_operator.section-2 to None, run_after=None
[2024-05-21T14:20:13.263+0200] {logging_mixin.py:188} INFO - [2024-05-21T14:20:13.262+0200] {dag.py:3096} INFO - Sync 2 DAGs
[2024-05-21T14:20:13.282+0200] {logging_mixin.py:188} INFO - [2024-05-21T14:20:13.281+0200] {dag.py:3954} INFO - Setting next_dagrun for example_subdag_operator.section-1 to None, run_after=None
[2024-05-21T14:20:13.283+0200] {logging_mixin.py:188} INFO - [2024-05-21T14:20:13.283+0200] {dag.py:3954} INFO - Setting next_dagrun for example_subdag_operator.section-2 to None, run_after=None
[2024-05-21T14:20:13.330+0200] {processor.py:183} INFO - Processing /home/munya/anaconda3/lib/python3.11/site-packages/airflow/example_dags/example_subdag_operator.py took 0.397 seconds
[2024-05-21T14:21:22.619+0200] {processor.py:161} INFO - Started process (PID=290391) to work on /home/munya/anaconda3/lib/python3.11/site-packages/airflow/example_dags/example_subdag_operator.py
[2024-05-21T14:21:22.620+0200] {processor.py:830} INFO - Processing file /home/munya/anaconda3/lib/python3.11/site-packages/airflow/example_dags/example_subdag_operator.py for tasks to queue
[2024-05-21T14:21:22.621+0200] {logging_mixin.py:188} INFO - [2024-05-21T14:21:22.621+0200] {dagbag.py:545} INFO - Filling up the DagBag from /home/munya/anaconda3/lib/python3.11/site-packages/airflow/example_dags/example_subdag_operator.py
[2024-05-21T14:21:22.645+0200] {processor.py:840} INFO - DAG(s) 'example_subdag_operator.section-1', 'example_subdag_operator.section-2', 'example_subdag_operator' retrieved from /home/munya/anaconda3/lib/python3.11/site-packages/airflow/example_dags/example_subdag_operator.py
[2024-05-21T14:21:22.662+0200] {logging_mixin.py:188} INFO - [2024-05-21T14:21:22.662+0200] {dag.py:3096} INFO - Sync 3 DAGs
[2024-05-21T14:21:22.683+0200] {logging_mixin.py:188} INFO - [2024-05-21T14:21:22.682+0200] {dag.py:3954} INFO - Setting next_dagrun for example_subdag_operator to 2022-01-01 00:00:00+00:00, run_after=2022-01-01 00:00:00+00:00
[2024-05-21T14:21:22.686+0200] {logging_mixin.py:188} INFO - [2024-05-21T14:21:22.686+0200] {dag.py:3954} INFO - Setting next_dagrun for example_subdag_operator.section-1 to None, run_after=None
[2024-05-21T14:21:22.687+0200] {logging_mixin.py:188} INFO - [2024-05-21T14:21:22.687+0200] {dag.py:3954} INFO - Setting next_dagrun for example_subdag_operator.section-2 to None, run_after=None
[2024-05-21T14:21:22.693+0200] {logging_mixin.py:188} INFO - [2024-05-21T14:21:22.693+0200] {dag.py:3096} INFO - Sync 2 DAGs
[2024-05-21T14:21:22.698+0200] {logging_mixin.py:188} INFO - [2024-05-21T14:21:22.698+0200] {dag.py:3954} INFO - Setting next_dagrun for example_subdag_operator.section-1 to None, run_after=None
[2024-05-21T14:21:22.699+0200] {logging_mixin.py:188} INFO - [2024-05-21T14:21:22.699+0200] {dag.py:3954} INFO - Setting next_dagrun for example_subdag_operator.section-2 to None, run_after=None
[2024-05-21T14:21:22.713+0200] {processor.py:183} INFO - Processing /home/munya/anaconda3/lib/python3.11/site-packages/airflow/example_dags/example_subdag_operator.py took 0.101 seconds
[2024-05-21T14:22:30.564+0200] {processor.py:161} INFO - Started process (PID=291756) to work on /home/munya/anaconda3/lib/python3.11/site-packages/airflow/example_dags/example_subdag_operator.py
[2024-05-21T14:22:30.566+0200] {processor.py:830} INFO - Processing file /home/munya/anaconda3/lib/python3.11/site-packages/airflow/example_dags/example_subdag_operator.py for tasks to queue
[2024-05-21T14:22:30.570+0200] {logging_mixin.py:188} INFO - [2024-05-21T14:22:30.568+0200] {dagbag.py:545} INFO - Filling up the DagBag from /home/munya/anaconda3/lib/python3.11/site-packages/airflow/example_dags/example_subdag_operator.py
[2024-05-21T14:22:30.649+0200] {processor.py:840} INFO - DAG(s) 'example_subdag_operator.section-1', 'example_subdag_operator.section-2', 'example_subdag_operator' retrieved from /home/munya/anaconda3/lib/python3.11/site-packages/airflow/example_dags/example_subdag_operator.py
[2024-05-21T14:22:30.720+0200] {logging_mixin.py:188} INFO - [2024-05-21T14:22:30.719+0200] {dag.py:3096} INFO - Sync 3 DAGs
[2024-05-21T14:22:30.791+0200] {logging_mixin.py:188} INFO - [2024-05-21T14:22:30.790+0200] {dag.py:3954} INFO - Setting next_dagrun for example_subdag_operator to 2022-01-01 00:00:00+00:00, run_after=2022-01-01 00:00:00+00:00
[2024-05-21T14:22:30.804+0200] {logging_mixin.py:188} INFO - [2024-05-21T14:22:30.803+0200] {dag.py:3954} INFO - Setting next_dagrun for example_subdag_operator.section-1 to None, run_after=None
[2024-05-21T14:22:30.807+0200] {logging_mixin.py:188} INFO - [2024-05-21T14:22:30.807+0200] {dag.py:3954} INFO - Setting next_dagrun for example_subdag_operator.section-2 to None, run_after=None
[2024-05-21T14:22:30.829+0200] {logging_mixin.py:188} INFO - [2024-05-21T14:22:30.828+0200] {dag.py:3096} INFO - Sync 2 DAGs
[2024-05-21T14:22:30.841+0200] {logging_mixin.py:188} INFO - [2024-05-21T14:22:30.841+0200] {dag.py:3954} INFO - Setting next_dagrun for example_subdag_operator.section-1 to None, run_after=None
[2024-05-21T14:22:30.843+0200] {logging_mixin.py:188} INFO - [2024-05-21T14:22:30.842+0200] {dag.py:3954} INFO - Setting next_dagrun for example_subdag_operator.section-2 to None, run_after=None
[2024-05-21T14:22:30.897+0200] {processor.py:183} INFO - Processing /home/munya/anaconda3/lib/python3.11/site-packages/airflow/example_dags/example_subdag_operator.py took 0.354 seconds
[2024-05-21T14:23:32.452+0200] {processor.py:161} INFO - Started process (PID=292995) to work on /home/munya/anaconda3/lib/python3.11/site-packages/airflow/example_dags/example_subdag_operator.py
[2024-05-21T14:23:32.452+0200] {processor.py:830} INFO - Processing file /home/munya/anaconda3/lib/python3.11/site-packages/airflow/example_dags/example_subdag_operator.py for tasks to queue
[2024-05-21T14:23:32.453+0200] {logging_mixin.py:188} INFO - [2024-05-21T14:23:32.453+0200] {dagbag.py:545} INFO - Filling up the DagBag from /home/munya/anaconda3/lib/python3.11/site-packages/airflow/example_dags/example_subdag_operator.py
[2024-05-21T14:23:32.476+0200] {processor.py:840} INFO - DAG(s) 'example_subdag_operator.section-1', 'example_subdag_operator.section-2', 'example_subdag_operator' retrieved from /home/munya/anaconda3/lib/python3.11/site-packages/airflow/example_dags/example_subdag_operator.py
[2024-05-21T14:23:32.494+0200] {logging_mixin.py:188} INFO - [2024-05-21T14:23:32.494+0200] {dag.py:3096} INFO - Sync 3 DAGs
[2024-05-21T14:23:32.515+0200] {logging_mixin.py:188} INFO - [2024-05-21T14:23:32.515+0200] {dag.py:3954} INFO - Setting next_dagrun for example_subdag_operator to 2022-01-01 00:00:00+00:00, run_after=2022-01-01 00:00:00+00:00
[2024-05-21T14:23:32.518+0200] {logging_mixin.py:188} INFO - [2024-05-21T14:23:32.518+0200] {dag.py:3954} INFO - Setting next_dagrun for example_subdag_operator.section-1 to None, run_after=None
[2024-05-21T14:23:32.519+0200] {logging_mixin.py:188} INFO - [2024-05-21T14:23:32.518+0200] {dag.py:3954} INFO - Setting next_dagrun for example_subdag_operator.section-2 to None, run_after=None
[2024-05-21T14:23:32.525+0200] {logging_mixin.py:188} INFO - [2024-05-21T14:23:32.524+0200] {dag.py:3096} INFO - Sync 2 DAGs
[2024-05-21T14:23:32.529+0200] {logging_mixin.py:188} INFO - [2024-05-21T14:23:32.529+0200] {dag.py:3954} INFO - Setting next_dagrun for example_subdag_operator.section-1 to None, run_after=None
[2024-05-21T14:23:32.529+0200] {logging_mixin.py:188} INFO - [2024-05-21T14:23:32.529+0200] {dag.py:3954} INFO - Setting next_dagrun for example_subdag_operator.section-2 to None, run_after=None
[2024-05-21T14:23:32.543+0200] {processor.py:183} INFO - Processing /home/munya/anaconda3/lib/python3.11/site-packages/airflow/example_dags/example_subdag_operator.py took 0.099 seconds
[2024-05-21T14:24:43.656+0200] {processor.py:161} INFO - Started process (PID=294382) to work on /home/munya/anaconda3/lib/python3.11/site-packages/airflow/example_dags/example_subdag_operator.py
[2024-05-21T14:24:43.657+0200] {processor.py:830} INFO - Processing file /home/munya/anaconda3/lib/python3.11/site-packages/airflow/example_dags/example_subdag_operator.py for tasks to queue
[2024-05-21T14:24:43.658+0200] {logging_mixin.py:188} INFO - [2024-05-21T14:24:43.657+0200] {dagbag.py:545} INFO - Filling up the DagBag from /home/munya/anaconda3/lib/python3.11/site-packages/airflow/example_dags/example_subdag_operator.py
[2024-05-21T14:24:43.676+0200] {processor.py:840} INFO - DAG(s) 'example_subdag_operator.section-1', 'example_subdag_operator.section-2', 'example_subdag_operator' retrieved from /home/munya/anaconda3/lib/python3.11/site-packages/airflow/example_dags/example_subdag_operator.py
[2024-05-21T14:24:43.694+0200] {logging_mixin.py:188} INFO - [2024-05-21T14:24:43.693+0200] {dag.py:3096} INFO - Sync 3 DAGs
[2024-05-21T14:24:43.712+0200] {logging_mixin.py:188} INFO - [2024-05-21T14:24:43.712+0200] {dag.py:3954} INFO - Setting next_dagrun for example_subdag_operator to 2022-01-01 00:00:00+00:00, run_after=2022-01-01 00:00:00+00:00
[2024-05-21T14:24:43.715+0200] {logging_mixin.py:188} INFO - [2024-05-21T14:24:43.715+0200] {dag.py:3954} INFO - Setting next_dagrun for example_subdag_operator.section-1 to None, run_after=None
[2024-05-21T14:24:43.716+0200] {logging_mixin.py:188} INFO - [2024-05-21T14:24:43.716+0200] {dag.py:3954} INFO - Setting next_dagrun for example_subdag_operator.section-2 to None, run_after=None
[2024-05-21T14:24:43.721+0200] {logging_mixin.py:188} INFO - [2024-05-21T14:24:43.721+0200] {dag.py:3096} INFO - Sync 2 DAGs
[2024-05-21T14:24:43.725+0200] {logging_mixin.py:188} INFO - [2024-05-21T14:24:43.725+0200] {dag.py:3954} INFO - Setting next_dagrun for example_subdag_operator.section-1 to None, run_after=None
[2024-05-21T14:24:43.725+0200] {logging_mixin.py:188} INFO - [2024-05-21T14:24:43.725+0200] {dag.py:3954} INFO - Setting next_dagrun for example_subdag_operator.section-2 to None, run_after=None
[2024-05-21T14:24:43.737+0200] {processor.py:183} INFO - Processing /home/munya/anaconda3/lib/python3.11/site-packages/airflow/example_dags/example_subdag_operator.py took 0.087 seconds
[2024-05-21T14:25:58.682+0200] {processor.py:161} INFO - Started process (PID=295906) to work on /home/munya/anaconda3/lib/python3.11/site-packages/airflow/example_dags/example_subdag_operator.py
[2024-05-21T14:25:58.683+0200] {processor.py:830} INFO - Processing file /home/munya/anaconda3/lib/python3.11/site-packages/airflow/example_dags/example_subdag_operator.py for tasks to queue
[2024-05-21T14:25:58.684+0200] {logging_mixin.py:188} INFO - [2024-05-21T14:25:58.684+0200] {dagbag.py:545} INFO - Filling up the DagBag from /home/munya/anaconda3/lib/python3.11/site-packages/airflow/example_dags/example_subdag_operator.py
[2024-05-21T14:25:58.713+0200] {processor.py:840} INFO - DAG(s) 'example_subdag_operator.section-1', 'example_subdag_operator.section-2', 'example_subdag_operator' retrieved from /home/munya/anaconda3/lib/python3.11/site-packages/airflow/example_dags/example_subdag_operator.py
[2024-05-21T14:25:58.747+0200] {logging_mixin.py:188} INFO - [2024-05-21T14:25:58.746+0200] {dag.py:3096} INFO - Sync 3 DAGs
[2024-05-21T14:25:58.793+0200] {logging_mixin.py:188} INFO - [2024-05-21T14:25:58.792+0200] {dag.py:3954} INFO - Setting next_dagrun for example_subdag_operator to 2022-01-01 00:00:00+00:00, run_after=2022-01-01 00:00:00+00:00
[2024-05-21T14:25:58.797+0200] {logging_mixin.py:188} INFO - [2024-05-21T14:25:58.797+0200] {dag.py:3954} INFO - Setting next_dagrun for example_subdag_operator.section-1 to None, run_after=None
[2024-05-21T14:25:58.799+0200] {logging_mixin.py:188} INFO - [2024-05-21T14:25:58.799+0200] {dag.py:3954} INFO - Setting next_dagrun for example_subdag_operator.section-2 to None, run_after=None
[2024-05-21T14:25:58.809+0200] {logging_mixin.py:188} INFO - [2024-05-21T14:25:58.809+0200] {dag.py:3096} INFO - Sync 2 DAGs
[2024-05-21T14:25:58.816+0200] {logging_mixin.py:188} INFO - [2024-05-21T14:25:58.816+0200] {dag.py:3954} INFO - Setting next_dagrun for example_subdag_operator.section-1 to None, run_after=None
[2024-05-21T14:25:58.817+0200] {logging_mixin.py:188} INFO - [2024-05-21T14:25:58.817+0200] {dag.py:3954} INFO - Setting next_dagrun for example_subdag_operator.section-2 to None, run_after=None
[2024-05-21T14:25:58.836+0200] {processor.py:183} INFO - Processing /home/munya/anaconda3/lib/python3.11/site-packages/airflow/example_dags/example_subdag_operator.py took 0.162 seconds
[2024-05-21T14:27:02.477+0200] {processor.py:161} INFO - Started process (PID=297268) to work on /home/munya/anaconda3/lib/python3.11/site-packages/airflow/example_dags/example_subdag_operator.py
[2024-05-21T14:27:02.480+0200] {processor.py:830} INFO - Processing file /home/munya/anaconda3/lib/python3.11/site-packages/airflow/example_dags/example_subdag_operator.py for tasks to queue
[2024-05-21T14:27:02.484+0200] {logging_mixin.py:188} INFO - [2024-05-21T14:27:02.482+0200] {dagbag.py:545} INFO - Filling up the DagBag from /home/munya/anaconda3/lib/python3.11/site-packages/airflow/example_dags/example_subdag_operator.py
[2024-05-21T14:27:02.572+0200] {processor.py:840} INFO - DAG(s) 'example_subdag_operator.section-1', 'example_subdag_operator.section-2', 'example_subdag_operator' retrieved from /home/munya/anaconda3/lib/python3.11/site-packages/airflow/example_dags/example_subdag_operator.py
[2024-05-21T14:27:02.641+0200] {logging_mixin.py:188} INFO - [2024-05-21T14:27:02.641+0200] {dag.py:3096} INFO - Sync 3 DAGs
[2024-05-21T14:27:02.718+0200] {logging_mixin.py:188} INFO - [2024-05-21T14:27:02.717+0200] {dag.py:3954} INFO - Setting next_dagrun for example_subdag_operator to 2022-01-01 00:00:00+00:00, run_after=2022-01-01 00:00:00+00:00
[2024-05-21T14:27:02.730+0200] {logging_mixin.py:188} INFO - [2024-05-21T14:27:02.730+0200] {dag.py:3954} INFO - Setting next_dagrun for example_subdag_operator.section-1 to None, run_after=None
[2024-05-21T14:27:02.734+0200] {logging_mixin.py:188} INFO - [2024-05-21T14:27:02.733+0200] {dag.py:3954} INFO - Setting next_dagrun for example_subdag_operator.section-2 to None, run_after=None
[2024-05-21T14:27:02.753+0200] {logging_mixin.py:188} INFO - [2024-05-21T14:27:02.752+0200] {dag.py:3096} INFO - Sync 2 DAGs
[2024-05-21T14:27:02.766+0200] {logging_mixin.py:188} INFO - [2024-05-21T14:27:02.765+0200] {dag.py:3954} INFO - Setting next_dagrun for example_subdag_operator.section-1 to None, run_after=None
[2024-05-21T14:27:02.768+0200] {logging_mixin.py:188} INFO - [2024-05-21T14:27:02.767+0200] {dag.py:3954} INFO - Setting next_dagrun for example_subdag_operator.section-2 to None, run_after=None
[2024-05-21T14:27:02.817+0200] {processor.py:183} INFO - Processing /home/munya/anaconda3/lib/python3.11/site-packages/airflow/example_dags/example_subdag_operator.py took 0.364 seconds
[2024-05-21T14:28:04.919+0200] {processor.py:161} INFO - Started process (PID=298529) to work on /home/munya/anaconda3/lib/python3.11/site-packages/airflow/example_dags/example_subdag_operator.py
[2024-05-21T14:28:04.921+0200] {processor.py:830} INFO - Processing file /home/munya/anaconda3/lib/python3.11/site-packages/airflow/example_dags/example_subdag_operator.py for tasks to queue
[2024-05-21T14:28:04.922+0200] {logging_mixin.py:188} INFO - [2024-05-21T14:28:04.921+0200] {dagbag.py:545} INFO - Filling up the DagBag from /home/munya/anaconda3/lib/python3.11/site-packages/airflow/example_dags/example_subdag_operator.py
[2024-05-21T14:28:04.945+0200] {processor.py:840} INFO - DAG(s) 'example_subdag_operator.section-1', 'example_subdag_operator.section-2', 'example_subdag_operator' retrieved from /home/munya/anaconda3/lib/python3.11/site-packages/airflow/example_dags/example_subdag_operator.py
[2024-05-21T14:28:04.965+0200] {logging_mixin.py:188} INFO - [2024-05-21T14:28:04.965+0200] {dag.py:3096} INFO - Sync 3 DAGs
[2024-05-21T14:28:04.983+0200] {logging_mixin.py:188} INFO - [2024-05-21T14:28:04.983+0200] {dag.py:3954} INFO - Setting next_dagrun for example_subdag_operator to 2022-01-01 00:00:00+00:00, run_after=2022-01-01 00:00:00+00:00
[2024-05-21T14:28:04.987+0200] {logging_mixin.py:188} INFO - [2024-05-21T14:28:04.986+0200] {dag.py:3954} INFO - Setting next_dagrun for example_subdag_operator.section-1 to None, run_after=None
[2024-05-21T14:28:04.988+0200] {logging_mixin.py:188} INFO - [2024-05-21T14:28:04.988+0200] {dag.py:3954} INFO - Setting next_dagrun for example_subdag_operator.section-2 to None, run_after=None
[2024-05-21T14:28:04.994+0200] {logging_mixin.py:188} INFO - [2024-05-21T14:28:04.994+0200] {dag.py:3096} INFO - Sync 2 DAGs
[2024-05-21T14:28:04.998+0200] {logging_mixin.py:188} INFO - [2024-05-21T14:28:04.998+0200] {dag.py:3954} INFO - Setting next_dagrun for example_subdag_operator.section-1 to None, run_after=None
[2024-05-21T14:28:04.999+0200] {logging_mixin.py:188} INFO - [2024-05-21T14:28:04.998+0200] {dag.py:3954} INFO - Setting next_dagrun for example_subdag_operator.section-2 to None, run_after=None
[2024-05-21T14:28:05.012+0200] {processor.py:183} INFO - Processing /home/munya/anaconda3/lib/python3.11/site-packages/airflow/example_dags/example_subdag_operator.py took 0.099 seconds
[2024-05-21T14:29:12.243+0200] {processor.py:161} INFO - Started process (PID=299961) to work on /home/munya/anaconda3/lib/python3.11/site-packages/airflow/example_dags/example_subdag_operator.py
[2024-05-21T14:29:12.244+0200] {processor.py:830} INFO - Processing file /home/munya/anaconda3/lib/python3.11/site-packages/airflow/example_dags/example_subdag_operator.py for tasks to queue
[2024-05-21T14:29:12.245+0200] {logging_mixin.py:188} INFO - [2024-05-21T14:29:12.245+0200] {dagbag.py:545} INFO - Filling up the DagBag from /home/munya/anaconda3/lib/python3.11/site-packages/airflow/example_dags/example_subdag_operator.py
[2024-05-21T14:29:12.271+0200] {processor.py:840} INFO - DAG(s) 'example_subdag_operator.section-1', 'example_subdag_operator.section-2', 'example_subdag_operator' retrieved from /home/munya/anaconda3/lib/python3.11/site-packages/airflow/example_dags/example_subdag_operator.py
[2024-05-21T14:29:12.292+0200] {logging_mixin.py:188} INFO - [2024-05-21T14:29:12.291+0200] {dag.py:3096} INFO - Sync 3 DAGs
[2024-05-21T14:29:12.317+0200] {logging_mixin.py:188} INFO - [2024-05-21T14:29:12.317+0200] {dag.py:3954} INFO - Setting next_dagrun for example_subdag_operator to 2022-01-01 00:00:00+00:00, run_after=2022-01-01 00:00:00+00:00
[2024-05-21T14:29:12.321+0200] {logging_mixin.py:188} INFO - [2024-05-21T14:29:12.321+0200] {dag.py:3954} INFO - Setting next_dagrun for example_subdag_operator.section-1 to None, run_after=None
[2024-05-21T14:29:12.459+0200] {logging_mixin.py:188} INFO - [2024-05-21T14:29:12.459+0200] {dag.py:3954} INFO - Setting next_dagrun for example_subdag_operator.section-2 to None, run_after=None
[2024-05-21T14:29:12.465+0200] {logging_mixin.py:188} INFO - [2024-05-21T14:29:12.465+0200] {dag.py:3096} INFO - Sync 2 DAGs
[2024-05-21T14:29:12.470+0200] {logging_mixin.py:188} INFO - [2024-05-21T14:29:12.469+0200] {dag.py:3954} INFO - Setting next_dagrun for example_subdag_operator.section-1 to None, run_after=None
[2024-05-21T14:29:12.470+0200] {logging_mixin.py:188} INFO - [2024-05-21T14:29:12.470+0200] {dag.py:3954} INFO - Setting next_dagrun for example_subdag_operator.section-2 to None, run_after=None
[2024-05-21T14:29:12.484+0200] {processor.py:183} INFO - Processing /home/munya/anaconda3/lib/python3.11/site-packages/airflow/example_dags/example_subdag_operator.py took 0.248 seconds
[2024-05-21T14:30:17.322+0200] {processor.py:161} INFO - Started process (PID=301339) to work on /home/munya/anaconda3/lib/python3.11/site-packages/airflow/example_dags/example_subdag_operator.py
[2024-05-21T14:30:17.325+0200] {processor.py:830} INFO - Processing file /home/munya/anaconda3/lib/python3.11/site-packages/airflow/example_dags/example_subdag_operator.py for tasks to queue
[2024-05-21T14:30:17.328+0200] {logging_mixin.py:188} INFO - [2024-05-21T14:30:17.327+0200] {dagbag.py:545} INFO - Filling up the DagBag from /home/munya/anaconda3/lib/python3.11/site-packages/airflow/example_dags/example_subdag_operator.py
[2024-05-21T14:30:17.409+0200] {processor.py:840} INFO - DAG(s) 'example_subdag_operator.section-1', 'example_subdag_operator.section-2', 'example_subdag_operator' retrieved from /home/munya/anaconda3/lib/python3.11/site-packages/airflow/example_dags/example_subdag_operator.py
[2024-05-21T14:30:17.488+0200] {logging_mixin.py:188} INFO - [2024-05-21T14:30:17.487+0200] {dag.py:3096} INFO - Sync 3 DAGs
[2024-05-21T14:30:17.577+0200] {logging_mixin.py:188} INFO - [2024-05-21T14:30:17.576+0200] {dag.py:3954} INFO - Setting next_dagrun for example_subdag_operator to 2022-01-01 00:00:00+00:00, run_after=2022-01-01 00:00:00+00:00
[2024-05-21T14:30:17.588+0200] {logging_mixin.py:188} INFO - [2024-05-21T14:30:17.587+0200] {dag.py:3954} INFO - Setting next_dagrun for example_subdag_operator.section-1 to None, run_after=None
[2024-05-21T14:30:17.948+0200] {logging_mixin.py:188} INFO - [2024-05-21T14:30:17.947+0200] {dag.py:3954} INFO - Setting next_dagrun for example_subdag_operator.section-2 to None, run_after=None
[2024-05-21T14:30:17.971+0200] {logging_mixin.py:188} INFO - [2024-05-21T14:30:17.970+0200] {dag.py:3096} INFO - Sync 2 DAGs
[2024-05-21T14:30:17.992+0200] {logging_mixin.py:188} INFO - [2024-05-21T14:30:17.991+0200] {dag.py:3954} INFO - Setting next_dagrun for example_subdag_operator.section-1 to None, run_after=None
[2024-05-21T14:30:17.994+0200] {logging_mixin.py:188} INFO - [2024-05-21T14:30:17.993+0200] {dag.py:3954} INFO - Setting next_dagrun for example_subdag_operator.section-2 to None, run_after=None
[2024-05-21T14:30:18.035+0200] {processor.py:183} INFO - Processing /home/munya/anaconda3/lib/python3.11/site-packages/airflow/example_dags/example_subdag_operator.py took 0.735 seconds
[2024-05-21T14:31:23.455+0200] {processor.py:161} INFO - Started process (PID=302810) to work on /home/munya/anaconda3/lib/python3.11/site-packages/airflow/example_dags/example_subdag_operator.py
[2024-05-21T14:31:23.456+0200] {processor.py:830} INFO - Processing file /home/munya/anaconda3/lib/python3.11/site-packages/airflow/example_dags/example_subdag_operator.py for tasks to queue
[2024-05-21T14:31:23.458+0200] {logging_mixin.py:188} INFO - [2024-05-21T14:31:23.457+0200] {dagbag.py:545} INFO - Filling up the DagBag from /home/munya/anaconda3/lib/python3.11/site-packages/airflow/example_dags/example_subdag_operator.py
[2024-05-21T14:31:23.481+0200] {processor.py:840} INFO - DAG(s) 'example_subdag_operator.section-1', 'example_subdag_operator.section-2', 'example_subdag_operator' retrieved from /home/munya/anaconda3/lib/python3.11/site-packages/airflow/example_dags/example_subdag_operator.py
[2024-05-21T14:31:23.501+0200] {logging_mixin.py:188} INFO - [2024-05-21T14:31:23.501+0200] {dag.py:3096} INFO - Sync 3 DAGs
[2024-05-21T14:31:23.525+0200] {logging_mixin.py:188} INFO - [2024-05-21T14:31:23.525+0200] {dag.py:3954} INFO - Setting next_dagrun for example_subdag_operator to 2022-01-01 00:00:00+00:00, run_after=2022-01-01 00:00:00+00:00
[2024-05-21T14:31:23.529+0200] {logging_mixin.py:188} INFO - [2024-05-21T14:31:23.529+0200] {dag.py:3954} INFO - Setting next_dagrun for example_subdag_operator.section-1 to None, run_after=None
[2024-05-21T14:31:23.532+0200] {logging_mixin.py:188} INFO - [2024-05-21T14:31:23.532+0200] {dag.py:3954} INFO - Setting next_dagrun for example_subdag_operator.section-2 to None, run_after=None
[2024-05-21T14:31:23.539+0200] {logging_mixin.py:188} INFO - [2024-05-21T14:31:23.539+0200] {dag.py:3096} INFO - Sync 2 DAGs
[2024-05-21T14:31:23.671+0200] {logging_mixin.py:188} INFO - [2024-05-21T14:31:23.671+0200] {dag.py:3954} INFO - Setting next_dagrun for example_subdag_operator.section-1 to None, run_after=None
[2024-05-21T14:31:23.671+0200] {logging_mixin.py:188} INFO - [2024-05-21T14:31:23.671+0200] {dag.py:3954} INFO - Setting next_dagrun for example_subdag_operator.section-2 to None, run_after=None
[2024-05-21T14:31:23.686+0200] {processor.py:183} INFO - Processing /home/munya/anaconda3/lib/python3.11/site-packages/airflow/example_dags/example_subdag_operator.py took 0.238 seconds
[2024-05-21T14:32:29.694+0200] {processor.py:161} INFO - Started process (PID=304270) to work on /home/munya/anaconda3/lib/python3.11/site-packages/airflow/example_dags/example_subdag_operator.py
[2024-05-21T14:32:29.695+0200] {processor.py:830} INFO - Processing file /home/munya/anaconda3/lib/python3.11/site-packages/airflow/example_dags/example_subdag_operator.py for tasks to queue
[2024-05-21T14:32:29.696+0200] {logging_mixin.py:188} INFO - [2024-05-21T14:32:29.695+0200] {dagbag.py:545} INFO - Filling up the DagBag from /home/munya/anaconda3/lib/python3.11/site-packages/airflow/example_dags/example_subdag_operator.py
[2024-05-21T14:32:29.717+0200] {processor.py:840} INFO - DAG(s) 'example_subdag_operator.section-1', 'example_subdag_operator.section-2', 'example_subdag_operator' retrieved from /home/munya/anaconda3/lib/python3.11/site-packages/airflow/example_dags/example_subdag_operator.py
[2024-05-21T14:32:29.738+0200] {logging_mixin.py:188} INFO - [2024-05-21T14:32:29.738+0200] {dag.py:3096} INFO - Sync 3 DAGs
[2024-05-21T14:32:29.763+0200] {logging_mixin.py:188} INFO - [2024-05-21T14:32:29.763+0200] {dag.py:3954} INFO - Setting next_dagrun for example_subdag_operator to 2022-01-01 00:00:00+00:00, run_after=2022-01-01 00:00:00+00:00
[2024-05-21T14:32:29.768+0200] {logging_mixin.py:188} INFO - [2024-05-21T14:32:29.767+0200] {dag.py:3954} INFO - Setting next_dagrun for example_subdag_operator.section-1 to None, run_after=None
[2024-05-21T14:32:29.769+0200] {logging_mixin.py:188} INFO - [2024-05-21T14:32:29.769+0200] {dag.py:3954} INFO - Setting next_dagrun for example_subdag_operator.section-2 to None, run_after=None
[2024-05-21T14:32:29.777+0200] {logging_mixin.py:188} INFO - [2024-05-21T14:32:29.777+0200] {dag.py:3096} INFO - Sync 2 DAGs
[2024-05-21T14:32:29.783+0200] {logging_mixin.py:188} INFO - [2024-05-21T14:32:29.783+0200] {dag.py:3954} INFO - Setting next_dagrun for example_subdag_operator.section-1 to None, run_after=None
[2024-05-21T14:32:29.784+0200] {logging_mixin.py:188} INFO - [2024-05-21T14:32:29.783+0200] {dag.py:3954} INFO - Setting next_dagrun for example_subdag_operator.section-2 to None, run_after=None
[2024-05-21T14:32:29.798+0200] {processor.py:183} INFO - Processing /home/munya/anaconda3/lib/python3.11/site-packages/airflow/example_dags/example_subdag_operator.py took 0.110 seconds
[2024-05-21T14:33:42.306+0200] {processor.py:161} INFO - Started process (PID=305741) to work on /home/munya/anaconda3/lib/python3.11/site-packages/airflow/example_dags/example_subdag_operator.py
[2024-05-21T14:33:42.307+0200] {processor.py:830} INFO - Processing file /home/munya/anaconda3/lib/python3.11/site-packages/airflow/example_dags/example_subdag_operator.py for tasks to queue
[2024-05-21T14:33:42.307+0200] {logging_mixin.py:188} INFO - [2024-05-21T14:33:42.307+0200] {dagbag.py:545} INFO - Filling up the DagBag from /home/munya/anaconda3/lib/python3.11/site-packages/airflow/example_dags/example_subdag_operator.py
[2024-05-21T14:33:42.329+0200] {processor.py:840} INFO - DAG(s) 'example_subdag_operator.section-1', 'example_subdag_operator.section-2', 'example_subdag_operator' retrieved from /home/munya/anaconda3/lib/python3.11/site-packages/airflow/example_dags/example_subdag_operator.py
[2024-05-21T14:33:42.347+0200] {logging_mixin.py:188} INFO - [2024-05-21T14:33:42.347+0200] {dag.py:3096} INFO - Sync 3 DAGs
[2024-05-21T14:33:42.367+0200] {logging_mixin.py:188} INFO - [2024-05-21T14:33:42.367+0200] {dag.py:3954} INFO - Setting next_dagrun for example_subdag_operator to 2022-01-01 00:00:00+00:00, run_after=2022-01-01 00:00:00+00:00
[2024-05-21T14:33:42.370+0200] {logging_mixin.py:188} INFO - [2024-05-21T14:33:42.370+0200] {dag.py:3954} INFO - Setting next_dagrun for example_subdag_operator.section-1 to None, run_after=None
[2024-05-21T14:33:42.371+0200] {logging_mixin.py:188} INFO - [2024-05-21T14:33:42.371+0200] {dag.py:3954} INFO - Setting next_dagrun for example_subdag_operator.section-2 to None, run_after=None
[2024-05-21T14:33:42.376+0200] {logging_mixin.py:188} INFO - [2024-05-21T14:33:42.375+0200] {dag.py:3096} INFO - Sync 2 DAGs
[2024-05-21T14:33:42.379+0200] {logging_mixin.py:188} INFO - [2024-05-21T14:33:42.379+0200] {dag.py:3954} INFO - Setting next_dagrun for example_subdag_operator.section-1 to None, run_after=None
[2024-05-21T14:33:42.379+0200] {logging_mixin.py:188} INFO - [2024-05-21T14:33:42.379+0200] {dag.py:3954} INFO - Setting next_dagrun for example_subdag_operator.section-2 to None, run_after=None
[2024-05-21T14:33:42.392+0200] {processor.py:183} INFO - Processing /home/munya/anaconda3/lib/python3.11/site-packages/airflow/example_dags/example_subdag_operator.py took 0.093 seconds
[2024-05-21T14:34:57.333+0200] {processor.py:161} INFO - Started process (PID=307336) to work on /home/munya/anaconda3/lib/python3.11/site-packages/airflow/example_dags/example_subdag_operator.py
[2024-05-21T14:34:57.336+0200] {processor.py:830} INFO - Processing file /home/munya/anaconda3/lib/python3.11/site-packages/airflow/example_dags/example_subdag_operator.py for tasks to queue
[2024-05-21T14:34:57.340+0200] {logging_mixin.py:188} INFO - [2024-05-21T14:34:57.338+0200] {dagbag.py:545} INFO - Filling up the DagBag from /home/munya/anaconda3/lib/python3.11/site-packages/airflow/example_dags/example_subdag_operator.py
[2024-05-21T14:34:57.431+0200] {processor.py:840} INFO - DAG(s) 'example_subdag_operator.section-1', 'example_subdag_operator.section-2', 'example_subdag_operator' retrieved from /home/munya/anaconda3/lib/python3.11/site-packages/airflow/example_dags/example_subdag_operator.py
[2024-05-21T14:34:57.548+0200] {logging_mixin.py:188} INFO - [2024-05-21T14:34:57.547+0200] {dag.py:3096} INFO - Sync 3 DAGs
[2024-05-21T14:34:57.633+0200] {logging_mixin.py:188} INFO - [2024-05-21T14:34:57.632+0200] {dag.py:3954} INFO - Setting next_dagrun for example_subdag_operator to 2022-01-01 00:00:00+00:00, run_after=2022-01-01 00:00:00+00:00
[2024-05-21T14:34:57.647+0200] {logging_mixin.py:188} INFO - [2024-05-21T14:34:57.646+0200] {dag.py:3954} INFO - Setting next_dagrun for example_subdag_operator.section-1 to None, run_after=None
[2024-05-21T14:34:57.651+0200] {logging_mixin.py:188} INFO - [2024-05-21T14:34:57.650+0200] {dag.py:3954} INFO - Setting next_dagrun for example_subdag_operator.section-2 to None, run_after=None
[2024-05-21T14:34:57.674+0200] {logging_mixin.py:188} INFO - [2024-05-21T14:34:57.673+0200] {dag.py:3096} INFO - Sync 2 DAGs
[2024-05-21T14:34:57.690+0200] {logging_mixin.py:188} INFO - [2024-05-21T14:34:57.689+0200] {dag.py:3954} INFO - Setting next_dagrun for example_subdag_operator.section-1 to None, run_after=None
[2024-05-21T14:34:57.692+0200] {logging_mixin.py:188} INFO - [2024-05-21T14:34:57.691+0200] {dag.py:3954} INFO - Setting next_dagrun for example_subdag_operator.section-2 to None, run_after=None
[2024-05-21T14:34:57.739+0200] {processor.py:183} INFO - Processing /home/munya/anaconda3/lib/python3.11/site-packages/airflow/example_dags/example_subdag_operator.py took 0.430 seconds
[2024-05-21T14:36:14.553+0200] {processor.py:161} INFO - Started process (PID=308947) to work on /home/munya/anaconda3/lib/python3.11/site-packages/airflow/example_dags/example_subdag_operator.py
[2024-05-21T14:36:14.556+0200] {processor.py:830} INFO - Processing file /home/munya/anaconda3/lib/python3.11/site-packages/airflow/example_dags/example_subdag_operator.py for tasks to queue
[2024-05-21T14:36:14.559+0200] {logging_mixin.py:188} INFO - [2024-05-21T14:36:14.557+0200] {dagbag.py:545} INFO - Filling up the DagBag from /home/munya/anaconda3/lib/python3.11/site-packages/airflow/example_dags/example_subdag_operator.py
[2024-05-21T14:36:14.633+0200] {processor.py:840} INFO - DAG(s) 'example_subdag_operator.section-1', 'example_subdag_operator.section-2', 'example_subdag_operator' retrieved from /home/munya/anaconda3/lib/python3.11/site-packages/airflow/example_dags/example_subdag_operator.py
[2024-05-21T14:36:14.704+0200] {logging_mixin.py:188} INFO - [2024-05-21T14:36:14.703+0200] {dag.py:3096} INFO - Sync 3 DAGs
[2024-05-21T14:36:14.762+0200] {logging_mixin.py:188} INFO - [2024-05-21T14:36:14.761+0200] {dag.py:3954} INFO - Setting next_dagrun for example_subdag_operator to 2022-01-01 00:00:00+00:00, run_after=2022-01-01 00:00:00+00:00
[2024-05-21T14:36:14.773+0200] {logging_mixin.py:188} INFO - [2024-05-21T14:36:14.772+0200] {dag.py:3954} INFO - Setting next_dagrun for example_subdag_operator.section-1 to None, run_after=None
[2024-05-21T14:36:14.776+0200] {logging_mixin.py:188} INFO - [2024-05-21T14:36:14.776+0200] {dag.py:3954} INFO - Setting next_dagrun for example_subdag_operator.section-2 to None, run_after=None
[2024-05-21T14:36:14.797+0200] {logging_mixin.py:188} INFO - [2024-05-21T14:36:14.796+0200] {dag.py:3096} INFO - Sync 2 DAGs
[2024-05-21T14:36:14.809+0200] {logging_mixin.py:188} INFO - [2024-05-21T14:36:14.809+0200] {dag.py:3954} INFO - Setting next_dagrun for example_subdag_operator.section-1 to None, run_after=None
[2024-05-21T14:36:14.810+0200] {logging_mixin.py:188} INFO - [2024-05-21T14:36:14.810+0200] {dag.py:3954} INFO - Setting next_dagrun for example_subdag_operator.section-2 to None, run_after=None
[2024-05-21T14:36:14.842+0200] {processor.py:183} INFO - Processing /home/munya/anaconda3/lib/python3.11/site-packages/airflow/example_dags/example_subdag_operator.py took 0.314 seconds
[2024-05-21T14:37:20.653+0200] {processor.py:161} INFO - Started process (PID=310376) to work on /home/munya/anaconda3/lib/python3.11/site-packages/airflow/example_dags/example_subdag_operator.py
[2024-05-21T14:37:20.654+0200] {processor.py:830} INFO - Processing file /home/munya/anaconda3/lib/python3.11/site-packages/airflow/example_dags/example_subdag_operator.py for tasks to queue
[2024-05-21T14:37:20.655+0200] {logging_mixin.py:188} INFO - [2024-05-21T14:37:20.655+0200] {dagbag.py:545} INFO - Filling up the DagBag from /home/munya/anaconda3/lib/python3.11/site-packages/airflow/example_dags/example_subdag_operator.py
[2024-05-21T14:37:20.686+0200] {processor.py:840} INFO - DAG(s) 'example_subdag_operator.section-1', 'example_subdag_operator.section-2', 'example_subdag_operator' retrieved from /home/munya/anaconda3/lib/python3.11/site-packages/airflow/example_dags/example_subdag_operator.py
[2024-05-21T14:37:20.715+0200] {logging_mixin.py:188} INFO - [2024-05-21T14:37:20.715+0200] {dag.py:3096} INFO - Sync 3 DAGs
[2024-05-21T14:37:20.746+0200] {logging_mixin.py:188} INFO - [2024-05-21T14:37:20.746+0200] {dag.py:3954} INFO - Setting next_dagrun for example_subdag_operator to 2022-01-01 00:00:00+00:00, run_after=2022-01-01 00:00:00+00:00
[2024-05-21T14:37:20.750+0200] {logging_mixin.py:188} INFO - [2024-05-21T14:37:20.750+0200] {dag.py:3954} INFO - Setting next_dagrun for example_subdag_operator.section-1 to None, run_after=None
[2024-05-21T14:37:20.751+0200] {logging_mixin.py:188} INFO - [2024-05-21T14:37:20.751+0200] {dag.py:3954} INFO - Setting next_dagrun for example_subdag_operator.section-2 to None, run_after=None
[2024-05-21T14:37:20.758+0200] {logging_mixin.py:188} INFO - [2024-05-21T14:37:20.757+0200] {dag.py:3096} INFO - Sync 2 DAGs
[2024-05-21T14:37:20.762+0200] {logging_mixin.py:188} INFO - [2024-05-21T14:37:20.762+0200] {dag.py:3954} INFO - Setting next_dagrun for example_subdag_operator.section-1 to None, run_after=None
[2024-05-21T14:37:20.762+0200] {logging_mixin.py:188} INFO - [2024-05-21T14:37:20.762+0200] {dag.py:3954} INFO - Setting next_dagrun for example_subdag_operator.section-2 to None, run_after=None
[2024-05-21T14:37:20.776+0200] {processor.py:183} INFO - Processing /home/munya/anaconda3/lib/python3.11/site-packages/airflow/example_dags/example_subdag_operator.py took 0.132 seconds
[2024-05-21T14:38:31.636+0200] {processor.py:161} INFO - Started process (PID=311924) to work on /home/munya/anaconda3/lib/python3.11/site-packages/airflow/example_dags/example_subdag_operator.py
[2024-05-21T14:38:31.637+0200] {processor.py:830} INFO - Processing file /home/munya/anaconda3/lib/python3.11/site-packages/airflow/example_dags/example_subdag_operator.py for tasks to queue
[2024-05-21T14:38:31.638+0200] {logging_mixin.py:188} INFO - [2024-05-21T14:38:31.637+0200] {dagbag.py:545} INFO - Filling up the DagBag from /home/munya/anaconda3/lib/python3.11/site-packages/airflow/example_dags/example_subdag_operator.py
[2024-05-21T14:38:31.654+0200] {processor.py:840} INFO - DAG(s) 'example_subdag_operator.section-1', 'example_subdag_operator.section-2', 'example_subdag_operator' retrieved from /home/munya/anaconda3/lib/python3.11/site-packages/airflow/example_dags/example_subdag_operator.py
[2024-05-21T14:38:31.667+0200] {logging_mixin.py:188} INFO - [2024-05-21T14:38:31.667+0200] {dag.py:3096} INFO - Sync 3 DAGs
[2024-05-21T14:38:31.684+0200] {logging_mixin.py:188} INFO - [2024-05-21T14:38:31.684+0200] {dag.py:3954} INFO - Setting next_dagrun for example_subdag_operator to 2022-01-01 00:00:00+00:00, run_after=2022-01-01 00:00:00+00:00
[2024-05-21T14:38:31.687+0200] {logging_mixin.py:188} INFO - [2024-05-21T14:38:31.687+0200] {dag.py:3954} INFO - Setting next_dagrun for example_subdag_operator.section-1 to None, run_after=None
[2024-05-21T14:38:31.688+0200] {logging_mixin.py:188} INFO - [2024-05-21T14:38:31.688+0200] {dag.py:3954} INFO - Setting next_dagrun for example_subdag_operator.section-2 to None, run_after=None
[2024-05-21T14:38:31.694+0200] {logging_mixin.py:188} INFO - [2024-05-21T14:38:31.694+0200] {dag.py:3096} INFO - Sync 2 DAGs
[2024-05-21T14:38:31.699+0200] {logging_mixin.py:188} INFO - [2024-05-21T14:38:31.699+0200] {dag.py:3954} INFO - Setting next_dagrun for example_subdag_operator.section-1 to None, run_after=None
[2024-05-21T14:38:31.699+0200] {logging_mixin.py:188} INFO - [2024-05-21T14:38:31.699+0200] {dag.py:3954} INFO - Setting next_dagrun for example_subdag_operator.section-2 to None, run_after=None
[2024-05-21T14:38:31.714+0200] {processor.py:183} INFO - Processing /home/munya/anaconda3/lib/python3.11/site-packages/airflow/example_dags/example_subdag_operator.py took 0.085 seconds
[2024-05-21T14:39:39.618+0200] {processor.py:161} INFO - Started process (PID=313370) to work on /home/munya/anaconda3/lib/python3.11/site-packages/airflow/example_dags/example_subdag_operator.py
[2024-05-21T14:39:39.623+0200] {processor.py:830} INFO - Processing file /home/munya/anaconda3/lib/python3.11/site-packages/airflow/example_dags/example_subdag_operator.py for tasks to queue
[2024-05-21T14:39:39.629+0200] {logging_mixin.py:188} INFO - [2024-05-21T14:39:39.627+0200] {dagbag.py:545} INFO - Filling up the DagBag from /home/munya/anaconda3/lib/python3.11/site-packages/airflow/example_dags/example_subdag_operator.py
[2024-05-21T14:39:39.721+0200] {processor.py:840} INFO - DAG(s) 'example_subdag_operator.section-1', 'example_subdag_operator.section-2', 'example_subdag_operator' retrieved from /home/munya/anaconda3/lib/python3.11/site-packages/airflow/example_dags/example_subdag_operator.py
[2024-05-21T14:39:39.793+0200] {logging_mixin.py:188} INFO - [2024-05-21T14:39:39.792+0200] {dag.py:3096} INFO - Sync 3 DAGs
[2024-05-21T14:39:39.847+0200] {logging_mixin.py:188} INFO - [2024-05-21T14:39:39.846+0200] {dag.py:3954} INFO - Setting next_dagrun for example_subdag_operator to 2022-01-01 00:00:00+00:00, run_after=2022-01-01 00:00:00+00:00
[2024-05-21T14:39:39.858+0200] {logging_mixin.py:188} INFO - [2024-05-21T14:39:39.857+0200] {dag.py:3954} INFO - Setting next_dagrun for example_subdag_operator.section-1 to None, run_after=None
[2024-05-21T14:39:39.861+0200] {logging_mixin.py:188} INFO - [2024-05-21T14:39:39.860+0200] {dag.py:3954} INFO - Setting next_dagrun for example_subdag_operator.section-2 to None, run_after=None
[2024-05-21T14:39:39.880+0200] {logging_mixin.py:188} INFO - [2024-05-21T14:39:39.879+0200] {dag.py:3096} INFO - Sync 2 DAGs
[2024-05-21T14:39:39.899+0200] {logging_mixin.py:188} INFO - [2024-05-21T14:39:39.898+0200] {dag.py:3954} INFO - Setting next_dagrun for example_subdag_operator.section-1 to None, run_after=None
[2024-05-21T14:39:39.900+0200] {logging_mixin.py:188} INFO - [2024-05-21T14:39:39.900+0200] {dag.py:3954} INFO - Setting next_dagrun for example_subdag_operator.section-2 to None, run_after=None
[2024-05-21T14:39:39.951+0200] {processor.py:183} INFO - Processing /home/munya/anaconda3/lib/python3.11/site-packages/airflow/example_dags/example_subdag_operator.py took 0.366 seconds
[2024-05-21T14:40:44.049+0200] {processor.py:161} INFO - Started process (PID=314668) to work on /home/munya/anaconda3/lib/python3.11/site-packages/airflow/example_dags/example_subdag_operator.py
[2024-05-21T14:40:44.050+0200] {processor.py:830} INFO - Processing file /home/munya/anaconda3/lib/python3.11/site-packages/airflow/example_dags/example_subdag_operator.py for tasks to queue
[2024-05-21T14:40:44.051+0200] {logging_mixin.py:188} INFO - [2024-05-21T14:40:44.051+0200] {dagbag.py:545} INFO - Filling up the DagBag from /home/munya/anaconda3/lib/python3.11/site-packages/airflow/example_dags/example_subdag_operator.py
[2024-05-21T14:40:44.072+0200] {processor.py:840} INFO - DAG(s) 'example_subdag_operator.section-1', 'example_subdag_operator.section-2', 'example_subdag_operator' retrieved from /home/munya/anaconda3/lib/python3.11/site-packages/airflow/example_dags/example_subdag_operator.py
[2024-05-21T14:40:44.092+0200] {logging_mixin.py:188} INFO - [2024-05-21T14:40:44.091+0200] {dag.py:3096} INFO - Sync 3 DAGs
[2024-05-21T14:40:44.107+0200] {logging_mixin.py:188} INFO - [2024-05-21T14:40:44.107+0200] {dag.py:3954} INFO - Setting next_dagrun for example_subdag_operator to 2022-01-01 00:00:00+00:00, run_after=2022-01-01 00:00:00+00:00
[2024-05-21T14:40:44.110+0200] {logging_mixin.py:188} INFO - [2024-05-21T14:40:44.110+0200] {dag.py:3954} INFO - Setting next_dagrun for example_subdag_operator.section-1 to None, run_after=None
[2024-05-21T14:40:44.111+0200] {logging_mixin.py:188} INFO - [2024-05-21T14:40:44.111+0200] {dag.py:3954} INFO - Setting next_dagrun for example_subdag_operator.section-2 to None, run_after=None
[2024-05-21T14:40:44.116+0200] {logging_mixin.py:188} INFO - [2024-05-21T14:40:44.115+0200] {dag.py:3096} INFO - Sync 2 DAGs
[2024-05-21T14:40:44.119+0200] {logging_mixin.py:188} INFO - [2024-05-21T14:40:44.119+0200] {dag.py:3954} INFO - Setting next_dagrun for example_subdag_operator.section-1 to None, run_after=None
[2024-05-21T14:40:44.119+0200] {logging_mixin.py:188} INFO - [2024-05-21T14:40:44.119+0200] {dag.py:3954} INFO - Setting next_dagrun for example_subdag_operator.section-2 to None, run_after=None
[2024-05-21T14:40:44.132+0200] {processor.py:183} INFO - Processing /home/munya/anaconda3/lib/python3.11/site-packages/airflow/example_dags/example_subdag_operator.py took 0.090 seconds
[2024-05-21T14:41:54.358+0200] {processor.py:161} INFO - Started process (PID=316106) to work on /home/munya/anaconda3/lib/python3.11/site-packages/airflow/example_dags/example_subdag_operator.py
[2024-05-21T14:41:54.361+0200] {processor.py:830} INFO - Processing file /home/munya/anaconda3/lib/python3.11/site-packages/airflow/example_dags/example_subdag_operator.py for tasks to queue
[2024-05-21T14:41:54.364+0200] {logging_mixin.py:188} INFO - [2024-05-21T14:41:54.362+0200] {dagbag.py:545} INFO - Filling up the DagBag from /home/munya/anaconda3/lib/python3.11/site-packages/airflow/example_dags/example_subdag_operator.py
[2024-05-21T14:41:54.435+0200] {processor.py:840} INFO - DAG(s) 'example_subdag_operator.section-1', 'example_subdag_operator.section-2', 'example_subdag_operator' retrieved from /home/munya/anaconda3/lib/python3.11/site-packages/airflow/example_dags/example_subdag_operator.py
[2024-05-21T14:41:54.497+0200] {logging_mixin.py:188} INFO - [2024-05-21T14:41:54.496+0200] {dag.py:3096} INFO - Sync 3 DAGs
[2024-05-21T14:41:54.571+0200] {logging_mixin.py:188} INFO - [2024-05-21T14:41:54.571+0200] {dag.py:3954} INFO - Setting next_dagrun for example_subdag_operator to 2022-01-01 00:00:00+00:00, run_after=2022-01-01 00:00:00+00:00
[2024-05-21T14:41:54.576+0200] {logging_mixin.py:188} INFO - [2024-05-21T14:41:54.575+0200] {dag.py:3954} INFO - Setting next_dagrun for example_subdag_operator.section-1 to None, run_after=None
[2024-05-21T14:41:54.577+0200] {logging_mixin.py:188} INFO - [2024-05-21T14:41:54.577+0200] {dag.py:3954} INFO - Setting next_dagrun for example_subdag_operator.section-2 to None, run_after=None
[2024-05-21T14:41:54.586+0200] {logging_mixin.py:188} INFO - [2024-05-21T14:41:54.586+0200] {dag.py:3096} INFO - Sync 2 DAGs
[2024-05-21T14:41:54.592+0200] {logging_mixin.py:188} INFO - [2024-05-21T14:41:54.592+0200] {dag.py:3954} INFO - Setting next_dagrun for example_subdag_operator.section-1 to None, run_after=None
[2024-05-21T14:41:54.593+0200] {logging_mixin.py:188} INFO - [2024-05-21T14:41:54.593+0200] {dag.py:3954} INFO - Setting next_dagrun for example_subdag_operator.section-2 to None, run_after=None
[2024-05-21T14:41:54.612+0200] {processor.py:183} INFO - Processing /home/munya/anaconda3/lib/python3.11/site-packages/airflow/example_dags/example_subdag_operator.py took 0.266 seconds
[2024-05-21T14:43:02.809+0200] {processor.py:161} INFO - Started process (PID=317570) to work on /home/munya/anaconda3/lib/python3.11/site-packages/airflow/example_dags/example_subdag_operator.py
[2024-05-21T14:43:02.810+0200] {processor.py:830} INFO - Processing file /home/munya/anaconda3/lib/python3.11/site-packages/airflow/example_dags/example_subdag_operator.py for tasks to queue
[2024-05-21T14:43:02.811+0200] {logging_mixin.py:188} INFO - [2024-05-21T14:43:02.811+0200] {dagbag.py:545} INFO - Filling up the DagBag from /home/munya/anaconda3/lib/python3.11/site-packages/airflow/example_dags/example_subdag_operator.py
[2024-05-21T14:43:02.834+0200] {processor.py:840} INFO - DAG(s) 'example_subdag_operator.section-1', 'example_subdag_operator.section-2', 'example_subdag_operator' retrieved from /home/munya/anaconda3/lib/python3.11/site-packages/airflow/example_dags/example_subdag_operator.py
[2024-05-21T14:43:02.854+0200] {logging_mixin.py:188} INFO - [2024-05-21T14:43:02.854+0200] {dag.py:3096} INFO - Sync 3 DAGs
[2024-05-21T14:43:02.876+0200] {logging_mixin.py:188} INFO - [2024-05-21T14:43:02.876+0200] {dag.py:3954} INFO - Setting next_dagrun for example_subdag_operator to 2022-01-01 00:00:00+00:00, run_after=2022-01-01 00:00:00+00:00
[2024-05-21T14:43:02.880+0200] {logging_mixin.py:188} INFO - [2024-05-21T14:43:02.880+0200] {dag.py:3954} INFO - Setting next_dagrun for example_subdag_operator.section-1 to None, run_after=None
[2024-05-21T14:43:02.882+0200] {logging_mixin.py:188} INFO - [2024-05-21T14:43:02.882+0200] {dag.py:3954} INFO - Setting next_dagrun for example_subdag_operator.section-2 to None, run_after=None
[2024-05-21T14:43:02.891+0200] {logging_mixin.py:188} INFO - [2024-05-21T14:43:02.890+0200] {dag.py:3096} INFO - Sync 2 DAGs
[2024-05-21T14:43:02.895+0200] {logging_mixin.py:188} INFO - [2024-05-21T14:43:02.895+0200] {dag.py:3954} INFO - Setting next_dagrun for example_subdag_operator.section-1 to None, run_after=None
[2024-05-21T14:43:02.896+0200] {logging_mixin.py:188} INFO - [2024-05-21T14:43:02.896+0200] {dag.py:3954} INFO - Setting next_dagrun for example_subdag_operator.section-2 to None, run_after=None
[2024-05-21T14:43:02.913+0200] {processor.py:183} INFO - Processing /home/munya/anaconda3/lib/python3.11/site-packages/airflow/example_dags/example_subdag_operator.py took 0.110 seconds
[2024-05-21T14:44:12.913+0200] {processor.py:161} INFO - Started process (PID=318970) to work on /home/munya/anaconda3/lib/python3.11/site-packages/airflow/example_dags/example_subdag_operator.py
[2024-05-21T14:44:12.917+0200] {processor.py:830} INFO - Processing file /home/munya/anaconda3/lib/python3.11/site-packages/airflow/example_dags/example_subdag_operator.py for tasks to queue
[2024-05-21T14:44:12.921+0200] {logging_mixin.py:188} INFO - [2024-05-21T14:44:12.919+0200] {dagbag.py:545} INFO - Filling up the DagBag from /home/munya/anaconda3/lib/python3.11/site-packages/airflow/example_dags/example_subdag_operator.py
[2024-05-21T14:44:13.015+0200] {processor.py:840} INFO - DAG(s) 'example_subdag_operator.section-1', 'example_subdag_operator.section-2', 'example_subdag_operator' retrieved from /home/munya/anaconda3/lib/python3.11/site-packages/airflow/example_dags/example_subdag_operator.py
[2024-05-21T14:44:13.071+0200] {logging_mixin.py:188} INFO - [2024-05-21T14:44:13.071+0200] {dag.py:3096} INFO - Sync 3 DAGs
[2024-05-21T14:44:13.094+0200] {logging_mixin.py:188} INFO - [2024-05-21T14:44:13.093+0200] {dag.py:3954} INFO - Setting next_dagrun for example_subdag_operator to 2022-01-01 00:00:00+00:00, run_after=2022-01-01 00:00:00+00:00
[2024-05-21T14:44:13.097+0200] {logging_mixin.py:188} INFO - [2024-05-21T14:44:13.097+0200] {dag.py:3954} INFO - Setting next_dagrun for example_subdag_operator.section-1 to None, run_after=None
[2024-05-21T14:44:13.098+0200] {logging_mixin.py:188} INFO - [2024-05-21T14:44:13.098+0200] {dag.py:3954} INFO - Setting next_dagrun for example_subdag_operator.section-2 to None, run_after=None
[2024-05-21T14:44:13.105+0200] {logging_mixin.py:188} INFO - [2024-05-21T14:44:13.105+0200] {dag.py:3096} INFO - Sync 2 DAGs
[2024-05-21T14:44:13.108+0200] {logging_mixin.py:188} INFO - [2024-05-21T14:44:13.108+0200] {dag.py:3954} INFO - Setting next_dagrun for example_subdag_operator.section-1 to None, run_after=None
[2024-05-21T14:44:13.109+0200] {logging_mixin.py:188} INFO - [2024-05-21T14:44:13.109+0200] {dag.py:3954} INFO - Setting next_dagrun for example_subdag_operator.section-2 to None, run_after=None
[2024-05-21T14:44:13.122+0200] {processor.py:183} INFO - Processing /home/munya/anaconda3/lib/python3.11/site-packages/airflow/example_dags/example_subdag_operator.py took 0.236 seconds
[2024-05-21T14:45:17.742+0200] {processor.py:161} INFO - Started process (PID=320284) to work on /home/munya/anaconda3/lib/python3.11/site-packages/airflow/example_dags/example_subdag_operator.py
[2024-05-21T14:45:17.743+0200] {processor.py:830} INFO - Processing file /home/munya/anaconda3/lib/python3.11/site-packages/airflow/example_dags/example_subdag_operator.py for tasks to queue
[2024-05-21T14:45:17.744+0200] {logging_mixin.py:188} INFO - [2024-05-21T14:45:17.743+0200] {dagbag.py:545} INFO - Filling up the DagBag from /home/munya/anaconda3/lib/python3.11/site-packages/airflow/example_dags/example_subdag_operator.py
[2024-05-21T14:45:17.767+0200] {processor.py:840} INFO - DAG(s) 'example_subdag_operator.section-1', 'example_subdag_operator.section-2', 'example_subdag_operator' retrieved from /home/munya/anaconda3/lib/python3.11/site-packages/airflow/example_dags/example_subdag_operator.py
[2024-05-21T14:45:17.789+0200] {logging_mixin.py:188} INFO - [2024-05-21T14:45:17.788+0200] {dag.py:3096} INFO - Sync 3 DAGs
[2024-05-21T14:45:17.814+0200] {logging_mixin.py:188} INFO - [2024-05-21T14:45:17.814+0200] {dag.py:3954} INFO - Setting next_dagrun for example_subdag_operator to 2022-01-01 00:00:00+00:00, run_after=2022-01-01 00:00:00+00:00
[2024-05-21T14:45:17.818+0200] {logging_mixin.py:188} INFO - [2024-05-21T14:45:17.818+0200] {dag.py:3954} INFO - Setting next_dagrun for example_subdag_operator.section-1 to None, run_after=None
[2024-05-21T14:45:17.819+0200] {logging_mixin.py:188} INFO - [2024-05-21T14:45:17.819+0200] {dag.py:3954} INFO - Setting next_dagrun for example_subdag_operator.section-2 to None, run_after=None
[2024-05-21T14:45:17.827+0200] {logging_mixin.py:188} INFO - [2024-05-21T14:45:17.827+0200] {dag.py:3096} INFO - Sync 2 DAGs
[2024-05-21T14:45:17.833+0200] {logging_mixin.py:188} INFO - [2024-05-21T14:45:17.833+0200] {dag.py:3954} INFO - Setting next_dagrun for example_subdag_operator.section-1 to None, run_after=None
[2024-05-21T14:45:17.833+0200] {logging_mixin.py:188} INFO - [2024-05-21T14:45:17.833+0200] {dag.py:3954} INFO - Setting next_dagrun for example_subdag_operator.section-2 to None, run_after=None
[2024-05-21T14:45:17.848+0200] {processor.py:183} INFO - Processing /home/munya/anaconda3/lib/python3.11/site-packages/airflow/example_dags/example_subdag_operator.py took 0.113 seconds
[2024-05-21T14:46:24.217+0200] {processor.py:161} INFO - Started process (PID=321646) to work on /home/munya/anaconda3/lib/python3.11/site-packages/airflow/example_dags/example_subdag_operator.py
[2024-05-21T14:46:24.222+0200] {processor.py:830} INFO - Processing file /home/munya/anaconda3/lib/python3.11/site-packages/airflow/example_dags/example_subdag_operator.py for tasks to queue
[2024-05-21T14:46:24.226+0200] {logging_mixin.py:188} INFO - [2024-05-21T14:46:24.225+0200] {dagbag.py:545} INFO - Filling up the DagBag from /home/munya/anaconda3/lib/python3.11/site-packages/airflow/example_dags/example_subdag_operator.py
[2024-05-21T14:46:24.323+0200] {processor.py:840} INFO - DAG(s) 'example_subdag_operator.section-1', 'example_subdag_operator.section-2', 'example_subdag_operator' retrieved from /home/munya/anaconda3/lib/python3.11/site-packages/airflow/example_dags/example_subdag_operator.py
[2024-05-21T14:46:24.406+0200] {logging_mixin.py:188} INFO - [2024-05-21T14:46:24.405+0200] {dag.py:3096} INFO - Sync 3 DAGs
[2024-05-21T14:46:24.544+0200] {logging_mixin.py:188} INFO - [2024-05-21T14:46:24.543+0200] {dag.py:3954} INFO - Setting next_dagrun for example_subdag_operator to 2022-01-01 00:00:00+00:00, run_after=2022-01-01 00:00:00+00:00
[2024-05-21T14:46:24.560+0200] {logging_mixin.py:188} INFO - [2024-05-21T14:46:24.559+0200] {dag.py:3954} INFO - Setting next_dagrun for example_subdag_operator.section-1 to None, run_after=None
[2024-05-21T14:46:24.564+0200] {logging_mixin.py:188} INFO - [2024-05-21T14:46:24.563+0200] {dag.py:3954} INFO - Setting next_dagrun for example_subdag_operator.section-2 to None, run_after=None
[2024-05-21T14:46:24.591+0200] {logging_mixin.py:188} INFO - [2024-05-21T14:46:24.590+0200] {dag.py:3096} INFO - Sync 2 DAGs
[2024-05-21T14:46:24.608+0200] {logging_mixin.py:188} INFO - [2024-05-21T14:46:24.607+0200] {dag.py:3954} INFO - Setting next_dagrun for example_subdag_operator.section-1 to None, run_after=None
[2024-05-21T14:46:24.610+0200] {logging_mixin.py:188} INFO - [2024-05-21T14:46:24.609+0200] {dag.py:3954} INFO - Setting next_dagrun for example_subdag_operator.section-2 to None, run_after=None
[2024-05-21T14:46:24.667+0200] {processor.py:183} INFO - Processing /home/munya/anaconda3/lib/python3.11/site-packages/airflow/example_dags/example_subdag_operator.py took 0.490 seconds
[2024-05-21T14:47:29.972+0200] {processor.py:161} INFO - Started process (PID=322973) to work on /home/munya/anaconda3/lib/python3.11/site-packages/airflow/example_dags/example_subdag_operator.py
[2024-05-21T14:47:29.973+0200] {processor.py:830} INFO - Processing file /home/munya/anaconda3/lib/python3.11/site-packages/airflow/example_dags/example_subdag_operator.py for tasks to queue
[2024-05-21T14:47:29.974+0200] {logging_mixin.py:188} INFO - [2024-05-21T14:47:29.974+0200] {dagbag.py:545} INFO - Filling up the DagBag from /home/munya/anaconda3/lib/python3.11/site-packages/airflow/example_dags/example_subdag_operator.py
[2024-05-21T14:47:29.997+0200] {processor.py:840} INFO - DAG(s) 'example_subdag_operator.section-1', 'example_subdag_operator.section-2', 'example_subdag_operator' retrieved from /home/munya/anaconda3/lib/python3.11/site-packages/airflow/example_dags/example_subdag_operator.py
[2024-05-21T14:47:30.017+0200] {logging_mixin.py:188} INFO - [2024-05-21T14:47:30.017+0200] {dag.py:3096} INFO - Sync 3 DAGs
[2024-05-21T14:47:30.044+0200] {logging_mixin.py:188} INFO - [2024-05-21T14:47:30.043+0200] {dag.py:3954} INFO - Setting next_dagrun for example_subdag_operator to 2022-01-01 00:00:00+00:00, run_after=2022-01-01 00:00:00+00:00
[2024-05-21T14:47:30.050+0200] {logging_mixin.py:188} INFO - [2024-05-21T14:47:30.050+0200] {dag.py:3954} INFO - Setting next_dagrun for example_subdag_operator.section-1 to None, run_after=None
[2024-05-21T14:47:30.052+0200] {logging_mixin.py:188} INFO - [2024-05-21T14:47:30.051+0200] {dag.py:3954} INFO - Setting next_dagrun for example_subdag_operator.section-2 to None, run_after=None
[2024-05-21T14:47:30.061+0200] {logging_mixin.py:188} INFO - [2024-05-21T14:47:30.061+0200] {dag.py:3096} INFO - Sync 2 DAGs
[2024-05-21T14:47:30.067+0200] {logging_mixin.py:188} INFO - [2024-05-21T14:47:30.066+0200] {dag.py:3954} INFO - Setting next_dagrun for example_subdag_operator.section-1 to None, run_after=None
[2024-05-21T14:47:30.067+0200] {logging_mixin.py:188} INFO - [2024-05-21T14:47:30.067+0200] {dag.py:3954} INFO - Setting next_dagrun for example_subdag_operator.section-2 to None, run_after=None
[2024-05-21T14:47:30.081+0200] {processor.py:183} INFO - Processing /home/munya/anaconda3/lib/python3.11/site-packages/airflow/example_dags/example_subdag_operator.py took 0.116 seconds
[2024-05-21T14:48:32.579+0200] {processor.py:161} INFO - Started process (PID=324229) to work on /home/munya/anaconda3/lib/python3.11/site-packages/airflow/example_dags/example_subdag_operator.py
[2024-05-21T14:48:32.580+0200] {processor.py:830} INFO - Processing file /home/munya/anaconda3/lib/python3.11/site-packages/airflow/example_dags/example_subdag_operator.py for tasks to queue
[2024-05-21T14:48:32.581+0200] {logging_mixin.py:188} INFO - [2024-05-21T14:48:32.580+0200] {dagbag.py:545} INFO - Filling up the DagBag from /home/munya/anaconda3/lib/python3.11/site-packages/airflow/example_dags/example_subdag_operator.py
[2024-05-21T14:48:32.604+0200] {processor.py:840} INFO - DAG(s) 'example_subdag_operator.section-1', 'example_subdag_operator.section-2', 'example_subdag_operator' retrieved from /home/munya/anaconda3/lib/python3.11/site-packages/airflow/example_dags/example_subdag_operator.py
[2024-05-21T14:48:32.624+0200] {logging_mixin.py:188} INFO - [2024-05-21T14:48:32.624+0200] {dag.py:3096} INFO - Sync 3 DAGs
[2024-05-21T14:48:32.640+0200] {logging_mixin.py:188} INFO - [2024-05-21T14:48:32.640+0200] {dag.py:3954} INFO - Setting next_dagrun for example_subdag_operator to 2022-01-01 00:00:00+00:00, run_after=2022-01-01 00:00:00+00:00
[2024-05-21T14:48:32.644+0200] {logging_mixin.py:188} INFO - [2024-05-21T14:48:32.644+0200] {dag.py:3954} INFO - Setting next_dagrun for example_subdag_operator.section-1 to None, run_after=None
[2024-05-21T14:48:32.645+0200] {logging_mixin.py:188} INFO - [2024-05-21T14:48:32.645+0200] {dag.py:3954} INFO - Setting next_dagrun for example_subdag_operator.section-2 to None, run_after=None
[2024-05-21T14:48:32.651+0200] {logging_mixin.py:188} INFO - [2024-05-21T14:48:32.651+0200] {dag.py:3096} INFO - Sync 2 DAGs
[2024-05-21T14:48:32.655+0200] {logging_mixin.py:188} INFO - [2024-05-21T14:48:32.655+0200] {dag.py:3954} INFO - Setting next_dagrun for example_subdag_operator.section-1 to None, run_after=None
[2024-05-21T14:48:32.655+0200] {logging_mixin.py:188} INFO - [2024-05-21T14:48:32.655+0200] {dag.py:3954} INFO - Setting next_dagrun for example_subdag_operator.section-2 to None, run_after=None
[2024-05-21T14:48:32.669+0200] {processor.py:183} INFO - Processing /home/munya/anaconda3/lib/python3.11/site-packages/airflow/example_dags/example_subdag_operator.py took 0.097 seconds
[2024-05-21T14:49:36.148+0200] {processor.py:161} INFO - Started process (PID=325476) to work on /home/munya/anaconda3/lib/python3.11/site-packages/airflow/example_dags/example_subdag_operator.py
[2024-05-21T14:49:36.149+0200] {processor.py:830} INFO - Processing file /home/munya/anaconda3/lib/python3.11/site-packages/airflow/example_dags/example_subdag_operator.py for tasks to queue
[2024-05-21T14:49:36.149+0200] {logging_mixin.py:188} INFO - [2024-05-21T14:49:36.149+0200] {dagbag.py:545} INFO - Filling up the DagBag from /home/munya/anaconda3/lib/python3.11/site-packages/airflow/example_dags/example_subdag_operator.py
[2024-05-21T14:49:36.170+0200] {processor.py:840} INFO - DAG(s) 'example_subdag_operator.section-1', 'example_subdag_operator.section-2', 'example_subdag_operator' retrieved from /home/munya/anaconda3/lib/python3.11/site-packages/airflow/example_dags/example_subdag_operator.py
[2024-05-21T14:49:36.185+0200] {logging_mixin.py:188} INFO - [2024-05-21T14:49:36.184+0200] {dag.py:3096} INFO - Sync 3 DAGs
[2024-05-21T14:49:36.206+0200] {logging_mixin.py:188} INFO - [2024-05-21T14:49:36.206+0200] {dag.py:3954} INFO - Setting next_dagrun for example_subdag_operator to 2022-01-01 00:00:00+00:00, run_after=2022-01-01 00:00:00+00:00
[2024-05-21T14:49:36.210+0200] {logging_mixin.py:188} INFO - [2024-05-21T14:49:36.210+0200] {dag.py:3954} INFO - Setting next_dagrun for example_subdag_operator.section-1 to None, run_after=None
[2024-05-21T14:49:36.211+0200] {logging_mixin.py:188} INFO - [2024-05-21T14:49:36.211+0200] {dag.py:3954} INFO - Setting next_dagrun for example_subdag_operator.section-2 to None, run_after=None
[2024-05-21T14:49:36.219+0200] {logging_mixin.py:188} INFO - [2024-05-21T14:49:36.219+0200] {dag.py:3096} INFO - Sync 2 DAGs
[2024-05-21T14:49:36.223+0200] {logging_mixin.py:188} INFO - [2024-05-21T14:49:36.223+0200] {dag.py:3954} INFO - Setting next_dagrun for example_subdag_operator.section-1 to None, run_after=None
[2024-05-21T14:49:36.224+0200] {logging_mixin.py:188} INFO - [2024-05-21T14:49:36.224+0200] {dag.py:3954} INFO - Setting next_dagrun for example_subdag_operator.section-2 to None, run_after=None
[2024-05-21T14:49:36.235+0200] {processor.py:183} INFO - Processing /home/munya/anaconda3/lib/python3.11/site-packages/airflow/example_dags/example_subdag_operator.py took 0.094 seconds
[2024-05-21T14:50:42.624+0200] {processor.py:161} INFO - Started process (PID=326907) to work on /home/munya/anaconda3/lib/python3.11/site-packages/airflow/example_dags/example_subdag_operator.py
[2024-05-21T14:50:42.626+0200] {processor.py:830} INFO - Processing file /home/munya/anaconda3/lib/python3.11/site-packages/airflow/example_dags/example_subdag_operator.py for tasks to queue
[2024-05-21T14:50:42.627+0200] {logging_mixin.py:188} INFO - [2024-05-21T14:50:42.627+0200] {dagbag.py:545} INFO - Filling up the DagBag from /home/munya/anaconda3/lib/python3.11/site-packages/airflow/example_dags/example_subdag_operator.py
[2024-05-21T14:50:42.655+0200] {processor.py:840} INFO - DAG(s) 'example_subdag_operator.section-1', 'example_subdag_operator.section-2', 'example_subdag_operator' retrieved from /home/munya/anaconda3/lib/python3.11/site-packages/airflow/example_dags/example_subdag_operator.py
[2024-05-21T14:50:42.680+0200] {logging_mixin.py:188} INFO - [2024-05-21T14:50:42.679+0200] {dag.py:3096} INFO - Sync 3 DAGs
[2024-05-21T14:50:42.707+0200] {logging_mixin.py:188} INFO - [2024-05-21T14:50:42.707+0200] {dag.py:3954} INFO - Setting next_dagrun for example_subdag_operator to 2022-01-01 00:00:00+00:00, run_after=2022-01-01 00:00:00+00:00
[2024-05-21T14:50:42.713+0200] {logging_mixin.py:188} INFO - [2024-05-21T14:50:42.713+0200] {dag.py:3954} INFO - Setting next_dagrun for example_subdag_operator.section-1 to None, run_after=None
[2024-05-21T14:50:42.715+0200] {logging_mixin.py:188} INFO - [2024-05-21T14:50:42.714+0200] {dag.py:3954} INFO - Setting next_dagrun for example_subdag_operator.section-2 to None, run_after=None
[2024-05-21T14:50:42.726+0200] {logging_mixin.py:188} INFO - [2024-05-21T14:50:42.726+0200] {dag.py:3096} INFO - Sync 2 DAGs
[2024-05-21T14:50:42.733+0200] {logging_mixin.py:188} INFO - [2024-05-21T14:50:42.732+0200] {dag.py:3954} INFO - Setting next_dagrun for example_subdag_operator.section-1 to None, run_after=None
[2024-05-21T14:50:42.733+0200] {logging_mixin.py:188} INFO - [2024-05-21T14:50:42.733+0200] {dag.py:3954} INFO - Setting next_dagrun for example_subdag_operator.section-2 to None, run_after=None
[2024-05-21T14:50:42.752+0200] {processor.py:183} INFO - Processing /home/munya/anaconda3/lib/python3.11/site-packages/airflow/example_dags/example_subdag_operator.py took 0.137 seconds
[2024-05-21T14:51:42.244+0200] {processor.py:161} INFO - Started process (PID=328097) to work on /home/munya/anaconda3/lib/python3.11/site-packages/airflow/example_dags/example_subdag_operator.py
[2024-05-21T14:51:42.246+0200] {processor.py:830} INFO - Processing file /home/munya/anaconda3/lib/python3.11/site-packages/airflow/example_dags/example_subdag_operator.py for tasks to queue
[2024-05-21T14:51:42.248+0200] {logging_mixin.py:188} INFO - [2024-05-21T14:51:42.247+0200] {dagbag.py:545} INFO - Filling up the DagBag from /home/munya/anaconda3/lib/python3.11/site-packages/airflow/example_dags/example_subdag_operator.py
[2024-05-21T14:51:42.280+0200] {processor.py:840} INFO - DAG(s) 'example_subdag_operator.section-1', 'example_subdag_operator.section-2', 'example_subdag_operator' retrieved from /home/munya/anaconda3/lib/python3.11/site-packages/airflow/example_dags/example_subdag_operator.py
[2024-05-21T14:51:42.308+0200] {logging_mixin.py:188} INFO - [2024-05-21T14:51:42.307+0200] {dag.py:3096} INFO - Sync 3 DAGs
[2024-05-21T14:51:42.340+0200] {logging_mixin.py:188} INFO - [2024-05-21T14:51:42.340+0200] {dag.py:3954} INFO - Setting next_dagrun for example_subdag_operator to 2022-01-01 00:00:00+00:00, run_after=2022-01-01 00:00:00+00:00
[2024-05-21T14:51:42.346+0200] {logging_mixin.py:188} INFO - [2024-05-21T14:51:42.345+0200] {dag.py:3954} INFO - Setting next_dagrun for example_subdag_operator.section-1 to None, run_after=None
[2024-05-21T14:51:42.347+0200] {logging_mixin.py:188} INFO - [2024-05-21T14:51:42.347+0200] {dag.py:3954} INFO - Setting next_dagrun for example_subdag_operator.section-2 to None, run_after=None
[2024-05-21T14:51:42.353+0200] {logging_mixin.py:188} INFO - [2024-05-21T14:51:42.353+0200] {dag.py:3096} INFO - Sync 2 DAGs
[2024-05-21T14:51:42.361+0200] {logging_mixin.py:188} INFO - [2024-05-21T14:51:42.360+0200] {dag.py:3954} INFO - Setting next_dagrun for example_subdag_operator.section-1 to None, run_after=None
[2024-05-21T14:51:42.361+0200] {logging_mixin.py:188} INFO - [2024-05-21T14:51:42.361+0200] {dag.py:3954} INFO - Setting next_dagrun for example_subdag_operator.section-2 to None, run_after=None
[2024-05-21T14:51:42.380+0200] {processor.py:183} INFO - Processing /home/munya/anaconda3/lib/python3.11/site-packages/airflow/example_dags/example_subdag_operator.py took 0.146 seconds
[2024-05-21T14:52:47.632+0200] {processor.py:161} INFO - Started process (PID=329408) to work on /home/munya/anaconda3/lib/python3.11/site-packages/airflow/example_dags/example_subdag_operator.py
[2024-05-21T14:52:47.635+0200] {processor.py:830} INFO - Processing file /home/munya/anaconda3/lib/python3.11/site-packages/airflow/example_dags/example_subdag_operator.py for tasks to queue
[2024-05-21T14:52:47.638+0200] {logging_mixin.py:188} INFO - [2024-05-21T14:52:47.637+0200] {dagbag.py:545} INFO - Filling up the DagBag from /home/munya/anaconda3/lib/python3.11/site-packages/airflow/example_dags/example_subdag_operator.py
[2024-05-21T14:52:47.713+0200] {processor.py:840} INFO - DAG(s) 'example_subdag_operator.section-1', 'example_subdag_operator.section-2', 'example_subdag_operator' retrieved from /home/munya/anaconda3/lib/python3.11/site-packages/airflow/example_dags/example_subdag_operator.py
[2024-05-21T14:52:47.780+0200] {logging_mixin.py:188} INFO - [2024-05-21T14:52:47.780+0200] {dag.py:3096} INFO - Sync 3 DAGs
[2024-05-21T14:52:47.853+0200] {logging_mixin.py:188} INFO - [2024-05-21T14:52:47.852+0200] {dag.py:3954} INFO - Setting next_dagrun for example_subdag_operator to 2022-01-01 00:00:00+00:00, run_after=2022-01-01 00:00:00+00:00
[2024-05-21T14:52:47.863+0200] {logging_mixin.py:188} INFO - [2024-05-21T14:52:47.863+0200] {dag.py:3954} INFO - Setting next_dagrun for example_subdag_operator.section-1 to None, run_after=None
[2024-05-21T14:52:47.866+0200] {logging_mixin.py:188} INFO - [2024-05-21T14:52:47.866+0200] {dag.py:3954} INFO - Setting next_dagrun for example_subdag_operator.section-2 to None, run_after=None
[2024-05-21T14:52:47.886+0200] {logging_mixin.py:188} INFO - [2024-05-21T14:52:47.885+0200] {dag.py:3096} INFO - Sync 2 DAGs
[2024-05-21T14:52:47.902+0200] {logging_mixin.py:188} INFO - [2024-05-21T14:52:47.901+0200] {dag.py:3954} INFO - Setting next_dagrun for example_subdag_operator.section-1 to None, run_after=None
[2024-05-21T14:52:47.903+0200] {logging_mixin.py:188} INFO - [2024-05-21T14:52:47.903+0200] {dag.py:3954} INFO - Setting next_dagrun for example_subdag_operator.section-2 to None, run_after=None
[2024-05-21T14:52:47.945+0200] {processor.py:183} INFO - Processing /home/munya/anaconda3/lib/python3.11/site-packages/airflow/example_dags/example_subdag_operator.py took 0.332 seconds
[2024-05-21T14:53:51.569+0200] {processor.py:161} INFO - Started process (PID=330694) to work on /home/munya/anaconda3/lib/python3.11/site-packages/airflow/example_dags/example_subdag_operator.py
[2024-05-21T14:53:51.570+0200] {processor.py:830} INFO - Processing file /home/munya/anaconda3/lib/python3.11/site-packages/airflow/example_dags/example_subdag_operator.py for tasks to queue
[2024-05-21T14:53:51.571+0200] {logging_mixin.py:188} INFO - [2024-05-21T14:53:51.570+0200] {dagbag.py:545} INFO - Filling up the DagBag from /home/munya/anaconda3/lib/python3.11/site-packages/airflow/example_dags/example_subdag_operator.py
[2024-05-21T14:53:51.598+0200] {processor.py:840} INFO - DAG(s) 'example_subdag_operator.section-1', 'example_subdag_operator.section-2', 'example_subdag_operator' retrieved from /home/munya/anaconda3/lib/python3.11/site-packages/airflow/example_dags/example_subdag_operator.py
[2024-05-21T14:53:51.622+0200] {logging_mixin.py:188} INFO - [2024-05-21T14:53:51.622+0200] {dag.py:3096} INFO - Sync 3 DAGs
[2024-05-21T14:53:51.651+0200] {logging_mixin.py:188} INFO - [2024-05-21T14:53:51.651+0200] {dag.py:3954} INFO - Setting next_dagrun for example_subdag_operator to 2022-01-01 00:00:00+00:00, run_after=2022-01-01 00:00:00+00:00
[2024-05-21T14:53:51.655+0200] {logging_mixin.py:188} INFO - [2024-05-21T14:53:51.655+0200] {dag.py:3954} INFO - Setting next_dagrun for example_subdag_operator.section-1 to None, run_after=None
[2024-05-21T14:53:51.657+0200] {logging_mixin.py:188} INFO - [2024-05-21T14:53:51.657+0200] {dag.py:3954} INFO - Setting next_dagrun for example_subdag_operator.section-2 to None, run_after=None
[2024-05-21T14:53:51.665+0200] {logging_mixin.py:188} INFO - [2024-05-21T14:53:51.665+0200] {dag.py:3096} INFO - Sync 2 DAGs
[2024-05-21T14:53:51.671+0200] {logging_mixin.py:188} INFO - [2024-05-21T14:53:51.671+0200] {dag.py:3954} INFO - Setting next_dagrun for example_subdag_operator.section-1 to None, run_after=None
[2024-05-21T14:53:51.671+0200] {logging_mixin.py:188} INFO - [2024-05-21T14:53:51.671+0200] {dag.py:3954} INFO - Setting next_dagrun for example_subdag_operator.section-2 to None, run_after=None
[2024-05-21T14:53:51.697+0200] {processor.py:183} INFO - Processing /home/munya/anaconda3/lib/python3.11/site-packages/airflow/example_dags/example_subdag_operator.py took 0.135 seconds
[2024-05-21T14:54:51.270+0200] {processor.py:161} INFO - Started process (PID=331880) to work on /home/munya/anaconda3/lib/python3.11/site-packages/airflow/example_dags/example_subdag_operator.py
[2024-05-21T14:54:51.271+0200] {processor.py:830} INFO - Processing file /home/munya/anaconda3/lib/python3.11/site-packages/airflow/example_dags/example_subdag_operator.py for tasks to queue
[2024-05-21T14:54:51.272+0200] {logging_mixin.py:188} INFO - [2024-05-21T14:54:51.271+0200] {dagbag.py:545} INFO - Filling up the DagBag from /home/munya/anaconda3/lib/python3.11/site-packages/airflow/example_dags/example_subdag_operator.py
[2024-05-21T14:54:51.300+0200] {processor.py:840} INFO - DAG(s) 'example_subdag_operator.section-1', 'example_subdag_operator.section-2', 'example_subdag_operator' retrieved from /home/munya/anaconda3/lib/python3.11/site-packages/airflow/example_dags/example_subdag_operator.py
[2024-05-21T14:54:51.314+0200] {logging_mixin.py:188} INFO - [2024-05-21T14:54:51.313+0200] {dag.py:3096} INFO - Sync 3 DAGs
[2024-05-21T14:54:51.329+0200] {logging_mixin.py:188} INFO - [2024-05-21T14:54:51.329+0200] {dag.py:3954} INFO - Setting next_dagrun for example_subdag_operator to 2022-01-01 00:00:00+00:00, run_after=2022-01-01 00:00:00+00:00
[2024-05-21T14:54:51.332+0200] {logging_mixin.py:188} INFO - [2024-05-21T14:54:51.332+0200] {dag.py:3954} INFO - Setting next_dagrun for example_subdag_operator.section-1 to None, run_after=None
[2024-05-21T14:54:51.333+0200] {logging_mixin.py:188} INFO - [2024-05-21T14:54:51.333+0200] {dag.py:3954} INFO - Setting next_dagrun for example_subdag_operator.section-2 to None, run_after=None
[2024-05-21T14:54:51.337+0200] {logging_mixin.py:188} INFO - [2024-05-21T14:54:51.337+0200] {dag.py:3096} INFO - Sync 2 DAGs
[2024-05-21T14:54:51.341+0200] {logging_mixin.py:188} INFO - [2024-05-21T14:54:51.341+0200] {dag.py:3954} INFO - Setting next_dagrun for example_subdag_operator.section-1 to None, run_after=None
[2024-05-21T14:54:51.341+0200] {logging_mixin.py:188} INFO - [2024-05-21T14:54:51.341+0200] {dag.py:3954} INFO - Setting next_dagrun for example_subdag_operator.section-2 to None, run_after=None
[2024-05-21T14:54:51.355+0200] {processor.py:183} INFO - Processing /home/munya/anaconda3/lib/python3.11/site-packages/airflow/example_dags/example_subdag_operator.py took 0.092 seconds
[2024-05-21T14:56:01.796+0200] {processor.py:161} INFO - Started process (PID=333276) to work on /home/munya/anaconda3/lib/python3.11/site-packages/airflow/example_dags/example_subdag_operator.py
[2024-05-21T14:56:01.799+0200] {processor.py:830} INFO - Processing file /home/munya/anaconda3/lib/python3.11/site-packages/airflow/example_dags/example_subdag_operator.py for tasks to queue
[2024-05-21T14:56:01.802+0200] {logging_mixin.py:188} INFO - [2024-05-21T14:56:01.801+0200] {dagbag.py:545} INFO - Filling up the DagBag from /home/munya/anaconda3/lib/python3.11/site-packages/airflow/example_dags/example_subdag_operator.py
[2024-05-21T14:56:01.884+0200] {processor.py:840} INFO - DAG(s) 'example_subdag_operator.section-1', 'example_subdag_operator.section-2', 'example_subdag_operator' retrieved from /home/munya/anaconda3/lib/python3.11/site-packages/airflow/example_dags/example_subdag_operator.py
[2024-05-21T14:56:01.960+0200] {logging_mixin.py:188} INFO - [2024-05-21T14:56:01.959+0200] {dag.py:3096} INFO - Sync 3 DAGs
[2024-05-21T14:56:02.049+0200] {logging_mixin.py:188} INFO - [2024-05-21T14:56:02.048+0200] {dag.py:3954} INFO - Setting next_dagrun for example_subdag_operator to 2022-01-01 00:00:00+00:00, run_after=2022-01-01 00:00:00+00:00
[2024-05-21T14:56:02.065+0200] {logging_mixin.py:188} INFO - [2024-05-21T14:56:02.064+0200] {dag.py:3954} INFO - Setting next_dagrun for example_subdag_operator.section-1 to None, run_after=None
[2024-05-21T14:56:02.070+0200] {logging_mixin.py:188} INFO - [2024-05-21T14:56:02.069+0200] {dag.py:3954} INFO - Setting next_dagrun for example_subdag_operator.section-2 to None, run_after=None
[2024-05-21T14:56:02.097+0200] {logging_mixin.py:188} INFO - [2024-05-21T14:56:02.096+0200] {dag.py:3096} INFO - Sync 2 DAGs
[2024-05-21T14:56:02.116+0200] {logging_mixin.py:188} INFO - [2024-05-21T14:56:02.115+0200] {dag.py:3954} INFO - Setting next_dagrun for example_subdag_operator.section-1 to None, run_after=None
[2024-05-21T14:56:02.118+0200] {logging_mixin.py:188} INFO - [2024-05-21T14:56:02.117+0200] {dag.py:3954} INFO - Setting next_dagrun for example_subdag_operator.section-2 to None, run_after=None
[2024-05-21T14:56:02.168+0200] {processor.py:183} INFO - Processing /home/munya/anaconda3/lib/python3.11/site-packages/airflow/example_dags/example_subdag_operator.py took 0.395 seconds
[2024-05-21T14:57:05.800+0200] {processor.py:161} INFO - Started process (PID=334532) to work on /home/munya/anaconda3/lib/python3.11/site-packages/airflow/example_dags/example_subdag_operator.py
[2024-05-21T14:57:05.801+0200] {processor.py:830} INFO - Processing file /home/munya/anaconda3/lib/python3.11/site-packages/airflow/example_dags/example_subdag_operator.py for tasks to queue
[2024-05-21T14:57:05.802+0200] {logging_mixin.py:188} INFO - [2024-05-21T14:57:05.801+0200] {dagbag.py:545} INFO - Filling up the DagBag from /home/munya/anaconda3/lib/python3.11/site-packages/airflow/example_dags/example_subdag_operator.py
[2024-05-21T14:57:05.822+0200] {processor.py:840} INFO - DAG(s) 'example_subdag_operator.section-1', 'example_subdag_operator.section-2', 'example_subdag_operator' retrieved from /home/munya/anaconda3/lib/python3.11/site-packages/airflow/example_dags/example_subdag_operator.py
[2024-05-21T14:57:05.841+0200] {logging_mixin.py:188} INFO - [2024-05-21T14:57:05.841+0200] {dag.py:3096} INFO - Sync 3 DAGs
[2024-05-21T14:57:05.863+0200] {logging_mixin.py:188} INFO - [2024-05-21T14:57:05.862+0200] {dag.py:3954} INFO - Setting next_dagrun for example_subdag_operator to 2022-01-01 00:00:00+00:00, run_after=2022-01-01 00:00:00+00:00
[2024-05-21T14:57:05.866+0200] {logging_mixin.py:188} INFO - [2024-05-21T14:57:05.866+0200] {dag.py:3954} INFO - Setting next_dagrun for example_subdag_operator.section-1 to None, run_after=None
[2024-05-21T14:57:05.867+0200] {logging_mixin.py:188} INFO - [2024-05-21T14:57:05.867+0200] {dag.py:3954} INFO - Setting next_dagrun for example_subdag_operator.section-2 to None, run_after=None
[2024-05-21T14:57:05.874+0200] {logging_mixin.py:188} INFO - [2024-05-21T14:57:05.873+0200] {dag.py:3096} INFO - Sync 2 DAGs
[2024-05-21T14:57:05.878+0200] {logging_mixin.py:188} INFO - [2024-05-21T14:57:05.878+0200] {dag.py:3954} INFO - Setting next_dagrun for example_subdag_operator.section-1 to None, run_after=None
[2024-05-21T14:57:05.878+0200] {logging_mixin.py:188} INFO - [2024-05-21T14:57:05.878+0200] {dag.py:3954} INFO - Setting next_dagrun for example_subdag_operator.section-2 to None, run_after=None
[2024-05-21T14:57:05.892+0200] {processor.py:183} INFO - Processing /home/munya/anaconda3/lib/python3.11/site-packages/airflow/example_dags/example_subdag_operator.py took 0.099 seconds
[2024-05-21T14:58:06.715+0200] {processor.py:161} INFO - Started process (PID=335752) to work on /home/munya/anaconda3/lib/python3.11/site-packages/airflow/example_dags/example_subdag_operator.py
[2024-05-21T14:58:06.716+0200] {processor.py:830} INFO - Processing file /home/munya/anaconda3/lib/python3.11/site-packages/airflow/example_dags/example_subdag_operator.py for tasks to queue
[2024-05-21T14:58:06.717+0200] {logging_mixin.py:188} INFO - [2024-05-21T14:58:06.717+0200] {dagbag.py:545} INFO - Filling up the DagBag from /home/munya/anaconda3/lib/python3.11/site-packages/airflow/example_dags/example_subdag_operator.py
[2024-05-21T14:58:06.745+0200] {processor.py:840} INFO - DAG(s) 'example_subdag_operator.section-1', 'example_subdag_operator.section-2', 'example_subdag_operator' retrieved from /home/munya/anaconda3/lib/python3.11/site-packages/airflow/example_dags/example_subdag_operator.py
[2024-05-21T14:58:06.770+0200] {logging_mixin.py:188} INFO - [2024-05-21T14:58:06.769+0200] {dag.py:3096} INFO - Sync 3 DAGs
[2024-05-21T14:58:06.798+0200] {logging_mixin.py:188} INFO - [2024-05-21T14:58:06.798+0200] {dag.py:3954} INFO - Setting next_dagrun for example_subdag_operator to 2022-01-01 00:00:00+00:00, run_after=2022-01-01 00:00:00+00:00
[2024-05-21T14:58:06.803+0200] {logging_mixin.py:188} INFO - [2024-05-21T14:58:06.803+0200] {dag.py:3954} INFO - Setting next_dagrun for example_subdag_operator.section-1 to None, run_after=None
[2024-05-21T14:58:06.804+0200] {logging_mixin.py:188} INFO - [2024-05-21T14:58:06.804+0200] {dag.py:3954} INFO - Setting next_dagrun for example_subdag_operator.section-2 to None, run_after=None
[2024-05-21T14:58:06.812+0200] {logging_mixin.py:188} INFO - [2024-05-21T14:58:06.812+0200] {dag.py:3096} INFO - Sync 2 DAGs
[2024-05-21T14:58:06.818+0200] {logging_mixin.py:188} INFO - [2024-05-21T14:58:06.818+0200] {dag.py:3954} INFO - Setting next_dagrun for example_subdag_operator.section-1 to None, run_after=None
[2024-05-21T14:58:06.819+0200] {logging_mixin.py:188} INFO - [2024-05-21T14:58:06.819+0200] {dag.py:3954} INFO - Setting next_dagrun for example_subdag_operator.section-2 to None, run_after=None
[2024-05-21T14:58:06.835+0200] {processor.py:183} INFO - Processing /home/munya/anaconda3/lib/python3.11/site-packages/airflow/example_dags/example_subdag_operator.py took 0.129 seconds
[2024-05-21T14:59:31.577+0200] {processor.py:161} INFO - Started process (PID=337409) to work on /home/munya/anaconda3/lib/python3.11/site-packages/airflow/example_dags/example_subdag_operator.py
[2024-05-21T14:59:31.580+0200] {processor.py:830} INFO - Processing file /home/munya/anaconda3/lib/python3.11/site-packages/airflow/example_dags/example_subdag_operator.py for tasks to queue
[2024-05-21T14:59:31.583+0200] {logging_mixin.py:188} INFO - [2024-05-21T14:59:31.582+0200] {dagbag.py:545} INFO - Filling up the DagBag from /home/munya/anaconda3/lib/python3.11/site-packages/airflow/example_dags/example_subdag_operator.py
[2024-05-21T14:59:31.659+0200] {processor.py:840} INFO - DAG(s) 'example_subdag_operator.section-1', 'example_subdag_operator.section-2', 'example_subdag_operator' retrieved from /home/munya/anaconda3/lib/python3.11/site-packages/airflow/example_dags/example_subdag_operator.py
[2024-05-21T14:59:31.721+0200] {logging_mixin.py:188} INFO - [2024-05-21T14:59:31.720+0200] {dag.py:3096} INFO - Sync 3 DAGs
[2024-05-21T14:59:31.803+0200] {logging_mixin.py:188} INFO - [2024-05-21T14:59:31.802+0200] {dag.py:3954} INFO - Setting next_dagrun for example_subdag_operator to 2022-01-01 00:00:00+00:00, run_after=2022-01-01 00:00:00+00:00
[2024-05-21T14:59:31.812+0200] {logging_mixin.py:188} INFO - [2024-05-21T14:59:31.811+0200] {dag.py:3954} INFO - Setting next_dagrun for example_subdag_operator.section-1 to None, run_after=None
[2024-05-21T14:59:31.816+0200] {logging_mixin.py:188} INFO - [2024-05-21T14:59:31.815+0200] {dag.py:3954} INFO - Setting next_dagrun for example_subdag_operator.section-2 to None, run_after=None
[2024-05-21T14:59:31.836+0200] {logging_mixin.py:188} INFO - [2024-05-21T14:59:31.836+0200] {dag.py:3096} INFO - Sync 2 DAGs
[2024-05-21T14:59:31.850+0200] {logging_mixin.py:188} INFO - [2024-05-21T14:59:31.850+0200] {dag.py:3954} INFO - Setting next_dagrun for example_subdag_operator.section-1 to None, run_after=None
[2024-05-21T14:59:31.852+0200] {logging_mixin.py:188} INFO - [2024-05-21T14:59:31.851+0200] {dag.py:3954} INFO - Setting next_dagrun for example_subdag_operator.section-2 to None, run_after=None
[2024-05-21T14:59:31.891+0200] {processor.py:183} INFO - Processing /home/munya/anaconda3/lib/python3.11/site-packages/airflow/example_dags/example_subdag_operator.py took 0.339 seconds
[2024-05-21T15:00:38.665+0200] {processor.py:161} INFO - Started process (PID=338726) to work on /home/munya/anaconda3/lib/python3.11/site-packages/airflow/example_dags/example_subdag_operator.py
[2024-05-21T15:00:38.666+0200] {processor.py:830} INFO - Processing file /home/munya/anaconda3/lib/python3.11/site-packages/airflow/example_dags/example_subdag_operator.py for tasks to queue
[2024-05-21T15:00:38.667+0200] {logging_mixin.py:188} INFO - [2024-05-21T15:00:38.667+0200] {dagbag.py:545} INFO - Filling up the DagBag from /home/munya/anaconda3/lib/python3.11/site-packages/airflow/example_dags/example_subdag_operator.py
[2024-05-21T15:00:38.691+0200] {processor.py:840} INFO - DAG(s) 'example_subdag_operator.section-1', 'example_subdag_operator.section-2', 'example_subdag_operator' retrieved from /home/munya/anaconda3/lib/python3.11/site-packages/airflow/example_dags/example_subdag_operator.py
[2024-05-21T15:00:38.710+0200] {logging_mixin.py:188} INFO - [2024-05-21T15:00:38.710+0200] {dag.py:3096} INFO - Sync 3 DAGs
[2024-05-21T15:00:38.738+0200] {logging_mixin.py:188} INFO - [2024-05-21T15:00:38.738+0200] {dag.py:3954} INFO - Setting next_dagrun for example_subdag_operator to 2022-01-01 00:00:00+00:00, run_after=2022-01-01 00:00:00+00:00
[2024-05-21T15:00:38.742+0200] {logging_mixin.py:188} INFO - [2024-05-21T15:00:38.741+0200] {dag.py:3954} INFO - Setting next_dagrun for example_subdag_operator.section-1 to None, run_after=None
[2024-05-21T15:00:38.743+0200] {logging_mixin.py:188} INFO - [2024-05-21T15:00:38.743+0200] {dag.py:3954} INFO - Setting next_dagrun for example_subdag_operator.section-2 to None, run_after=None
[2024-05-21T15:00:38.749+0200] {logging_mixin.py:188} INFO - [2024-05-21T15:00:38.749+0200] {dag.py:3096} INFO - Sync 2 DAGs
[2024-05-21T15:00:38.755+0200] {logging_mixin.py:188} INFO - [2024-05-21T15:00:38.754+0200] {dag.py:3954} INFO - Setting next_dagrun for example_subdag_operator.section-1 to None, run_after=None
[2024-05-21T15:00:38.755+0200] {logging_mixin.py:188} INFO - [2024-05-21T15:00:38.755+0200] {dag.py:3954} INFO - Setting next_dagrun for example_subdag_operator.section-2 to None, run_after=None
[2024-05-21T15:00:38.770+0200] {processor.py:183} INFO - Processing /home/munya/anaconda3/lib/python3.11/site-packages/airflow/example_dags/example_subdag_operator.py took 0.112 seconds
[2024-05-21T15:01:45.505+0200] {processor.py:161} INFO - Started process (PID=340068) to work on /home/munya/anaconda3/lib/python3.11/site-packages/airflow/example_dags/example_subdag_operator.py
[2024-05-21T15:01:45.506+0200] {processor.py:830} INFO - Processing file /home/munya/anaconda3/lib/python3.11/site-packages/airflow/example_dags/example_subdag_operator.py for tasks to queue
[2024-05-21T15:01:45.507+0200] {logging_mixin.py:188} INFO - [2024-05-21T15:01:45.507+0200] {dagbag.py:545} INFO - Filling up the DagBag from /home/munya/anaconda3/lib/python3.11/site-packages/airflow/example_dags/example_subdag_operator.py
[2024-05-21T15:01:45.525+0200] {processor.py:840} INFO - DAG(s) 'example_subdag_operator.section-1', 'example_subdag_operator.section-2', 'example_subdag_operator' retrieved from /home/munya/anaconda3/lib/python3.11/site-packages/airflow/example_dags/example_subdag_operator.py
[2024-05-21T15:01:45.538+0200] {logging_mixin.py:188} INFO - [2024-05-21T15:01:45.538+0200] {dag.py:3096} INFO - Sync 3 DAGs
[2024-05-21T15:01:45.554+0200] {logging_mixin.py:188} INFO - [2024-05-21T15:01:45.554+0200] {dag.py:3954} INFO - Setting next_dagrun for example_subdag_operator to 2022-01-01 00:00:00+00:00, run_after=2022-01-01 00:00:00+00:00
[2024-05-21T15:01:45.557+0200] {logging_mixin.py:188} INFO - [2024-05-21T15:01:45.557+0200] {dag.py:3954} INFO - Setting next_dagrun for example_subdag_operator.section-1 to None, run_after=None
[2024-05-21T15:01:45.558+0200] {logging_mixin.py:188} INFO - [2024-05-21T15:01:45.558+0200] {dag.py:3954} INFO - Setting next_dagrun for example_subdag_operator.section-2 to None, run_after=None
[2024-05-21T15:01:45.562+0200] {logging_mixin.py:188} INFO - [2024-05-21T15:01:45.562+0200] {dag.py:3096} INFO - Sync 2 DAGs
[2024-05-21T15:01:45.566+0200] {logging_mixin.py:188} INFO - [2024-05-21T15:01:45.566+0200] {dag.py:3954} INFO - Setting next_dagrun for example_subdag_operator.section-1 to None, run_after=None
[2024-05-21T15:01:45.566+0200] {logging_mixin.py:188} INFO - [2024-05-21T15:01:45.566+0200] {dag.py:3954} INFO - Setting next_dagrun for example_subdag_operator.section-2 to None, run_after=None
[2024-05-21T15:01:45.576+0200] {processor.py:183} INFO - Processing /home/munya/anaconda3/lib/python3.11/site-packages/airflow/example_dags/example_subdag_operator.py took 0.076 seconds
[2024-05-21T15:02:58.755+0200] {processor.py:161} INFO - Started process (PID=341624) to work on /home/munya/anaconda3/lib/python3.11/site-packages/airflow/example_dags/example_subdag_operator.py
[2024-05-21T15:02:58.756+0200] {processor.py:830} INFO - Processing file /home/munya/anaconda3/lib/python3.11/site-packages/airflow/example_dags/example_subdag_operator.py for tasks to queue
[2024-05-21T15:02:58.757+0200] {logging_mixin.py:188} INFO - [2024-05-21T15:02:58.756+0200] {dagbag.py:545} INFO - Filling up the DagBag from /home/munya/anaconda3/lib/python3.11/site-packages/airflow/example_dags/example_subdag_operator.py
[2024-05-21T15:02:58.785+0200] {processor.py:840} INFO - DAG(s) 'example_subdag_operator.section-1', 'example_subdag_operator.section-2', 'example_subdag_operator' retrieved from /home/munya/anaconda3/lib/python3.11/site-packages/airflow/example_dags/example_subdag_operator.py
[2024-05-21T15:02:58.800+0200] {logging_mixin.py:188} INFO - [2024-05-21T15:02:58.800+0200] {dag.py:3096} INFO - Sync 3 DAGs
[2024-05-21T15:02:58.820+0200] {logging_mixin.py:188} INFO - [2024-05-21T15:02:58.820+0200] {dag.py:3954} INFO - Setting next_dagrun for example_subdag_operator to 2022-01-01 00:00:00+00:00, run_after=2022-01-01 00:00:00+00:00
[2024-05-21T15:02:58.823+0200] {logging_mixin.py:188} INFO - [2024-05-21T15:02:58.823+0200] {dag.py:3954} INFO - Setting next_dagrun for example_subdag_operator.section-1 to None, run_after=None
[2024-05-21T15:02:58.825+0200] {logging_mixin.py:188} INFO - [2024-05-21T15:02:58.824+0200] {dag.py:3954} INFO - Setting next_dagrun for example_subdag_operator.section-2 to None, run_after=None
[2024-05-21T15:02:58.831+0200] {logging_mixin.py:188} INFO - [2024-05-21T15:02:58.831+0200] {dag.py:3096} INFO - Sync 2 DAGs
[2024-05-21T15:02:58.836+0200] {logging_mixin.py:188} INFO - [2024-05-21T15:02:58.836+0200] {dag.py:3954} INFO - Setting next_dagrun for example_subdag_operator.section-1 to None, run_after=None
[2024-05-21T15:02:58.837+0200] {logging_mixin.py:188} INFO - [2024-05-21T15:02:58.837+0200] {dag.py:3954} INFO - Setting next_dagrun for example_subdag_operator.section-2 to None, run_after=None
[2024-05-21T15:02:58.852+0200] {processor.py:183} INFO - Processing /home/munya/anaconda3/lib/python3.11/site-packages/airflow/example_dags/example_subdag_operator.py took 0.107 seconds
[2024-05-21T15:04:02.000+0200] {processor.py:161} INFO - Started process (PID=342905) to work on /home/munya/anaconda3/lib/python3.11/site-packages/airflow/example_dags/example_subdag_operator.py
[2024-05-21T15:04:02.001+0200] {processor.py:830} INFO - Processing file /home/munya/anaconda3/lib/python3.11/site-packages/airflow/example_dags/example_subdag_operator.py for tasks to queue
[2024-05-21T15:04:02.002+0200] {logging_mixin.py:188} INFO - [2024-05-21T15:04:02.001+0200] {dagbag.py:545} INFO - Filling up the DagBag from /home/munya/anaconda3/lib/python3.11/site-packages/airflow/example_dags/example_subdag_operator.py
[2024-05-21T15:04:02.024+0200] {processor.py:840} INFO - DAG(s) 'example_subdag_operator.section-1', 'example_subdag_operator.section-2', 'example_subdag_operator' retrieved from /home/munya/anaconda3/lib/python3.11/site-packages/airflow/example_dags/example_subdag_operator.py
[2024-05-21T15:04:02.043+0200] {logging_mixin.py:188} INFO - [2024-05-21T15:04:02.043+0200] {dag.py:3096} INFO - Sync 3 DAGs
[2024-05-21T15:04:02.063+0200] {logging_mixin.py:188} INFO - [2024-05-21T15:04:02.063+0200] {dag.py:3954} INFO - Setting next_dagrun for example_subdag_operator to 2022-01-01 00:00:00+00:00, run_after=2022-01-01 00:00:00+00:00
[2024-05-21T15:04:02.066+0200] {logging_mixin.py:188} INFO - [2024-05-21T15:04:02.066+0200] {dag.py:3954} INFO - Setting next_dagrun for example_subdag_operator.section-1 to None, run_after=None
[2024-05-21T15:04:02.069+0200] {logging_mixin.py:188} INFO - [2024-05-21T15:04:02.068+0200] {dag.py:3954} INFO - Setting next_dagrun for example_subdag_operator.section-2 to None, run_after=None
[2024-05-21T15:04:02.074+0200] {logging_mixin.py:188} INFO - [2024-05-21T15:04:02.074+0200] {dag.py:3096} INFO - Sync 2 DAGs
[2024-05-21T15:04:02.079+0200] {logging_mixin.py:188} INFO - [2024-05-21T15:04:02.079+0200] {dag.py:3954} INFO - Setting next_dagrun for example_subdag_operator.section-1 to None, run_after=None
[2024-05-21T15:04:02.080+0200] {logging_mixin.py:188} INFO - [2024-05-21T15:04:02.079+0200] {dag.py:3954} INFO - Setting next_dagrun for example_subdag_operator.section-2 to None, run_after=None
[2024-05-21T15:04:02.093+0200] {processor.py:183} INFO - Processing /home/munya/anaconda3/lib/python3.11/site-packages/airflow/example_dags/example_subdag_operator.py took 0.099 seconds
[2024-05-21T15:05:05.642+0200] {processor.py:161} INFO - Started process (PID=344156) to work on /home/munya/anaconda3/lib/python3.11/site-packages/airflow/example_dags/example_subdag_operator.py
[2024-05-21T15:05:05.645+0200] {processor.py:830} INFO - Processing file /home/munya/anaconda3/lib/python3.11/site-packages/airflow/example_dags/example_subdag_operator.py for tasks to queue
[2024-05-21T15:05:05.649+0200] {logging_mixin.py:188} INFO - [2024-05-21T15:05:05.647+0200] {dagbag.py:545} INFO - Filling up the DagBag from /home/munya/anaconda3/lib/python3.11/site-packages/airflow/example_dags/example_subdag_operator.py
[2024-05-21T15:05:05.746+0200] {processor.py:840} INFO - DAG(s) 'example_subdag_operator.section-1', 'example_subdag_operator.section-2', 'example_subdag_operator' retrieved from /home/munya/anaconda3/lib/python3.11/site-packages/airflow/example_dags/example_subdag_operator.py
[2024-05-21T15:05:05.825+0200] {logging_mixin.py:188} INFO - [2024-05-21T15:05:05.824+0200] {dag.py:3096} INFO - Sync 3 DAGs
[2024-05-21T15:05:05.893+0200] {logging_mixin.py:188} INFO - [2024-05-21T15:05:05.892+0200] {dag.py:3954} INFO - Setting next_dagrun for example_subdag_operator to 2022-01-01 00:00:00+00:00, run_after=2022-01-01 00:00:00+00:00
[2024-05-21T15:05:05.903+0200] {logging_mixin.py:188} INFO - [2024-05-21T15:05:05.902+0200] {dag.py:3954} INFO - Setting next_dagrun for example_subdag_operator.section-1 to None, run_after=None
[2024-05-21T15:05:05.913+0200] {logging_mixin.py:188} INFO - [2024-05-21T15:05:05.912+0200] {dag.py:3954} INFO - Setting next_dagrun for example_subdag_operator.section-2 to None, run_after=None
[2024-05-21T15:05:05.935+0200] {logging_mixin.py:188} INFO - [2024-05-21T15:05:05.934+0200] {dag.py:3096} INFO - Sync 2 DAGs
[2024-05-21T15:05:05.950+0200] {logging_mixin.py:188} INFO - [2024-05-21T15:05:05.949+0200] {dag.py:3954} INFO - Setting next_dagrun for example_subdag_operator.section-1 to None, run_after=None
[2024-05-21T15:05:05.952+0200] {logging_mixin.py:188} INFO - [2024-05-21T15:05:05.952+0200] {dag.py:3954} INFO - Setting next_dagrun for example_subdag_operator.section-2 to None, run_after=None
[2024-05-21T15:05:06.003+0200] {processor.py:183} INFO - Processing /home/munya/anaconda3/lib/python3.11/site-packages/airflow/example_dags/example_subdag_operator.py took 0.386 seconds
[2024-05-21T15:06:09.242+0200] {processor.py:161} INFO - Started process (PID=345417) to work on /home/munya/anaconda3/lib/python3.11/site-packages/airflow/example_dags/example_subdag_operator.py
[2024-05-21T15:06:09.243+0200] {processor.py:830} INFO - Processing file /home/munya/anaconda3/lib/python3.11/site-packages/airflow/example_dags/example_subdag_operator.py for tasks to queue
[2024-05-21T15:06:09.244+0200] {logging_mixin.py:188} INFO - [2024-05-21T15:06:09.243+0200] {dagbag.py:545} INFO - Filling up the DagBag from /home/munya/anaconda3/lib/python3.11/site-packages/airflow/example_dags/example_subdag_operator.py
[2024-05-21T15:06:09.271+0200] {processor.py:840} INFO - DAG(s) 'example_subdag_operator.section-1', 'example_subdag_operator.section-2', 'example_subdag_operator' retrieved from /home/munya/anaconda3/lib/python3.11/site-packages/airflow/example_dags/example_subdag_operator.py
[2024-05-21T15:06:09.292+0200] {logging_mixin.py:188} INFO - [2024-05-21T15:06:09.292+0200] {dag.py:3096} INFO - Sync 3 DAGs
[2024-05-21T15:06:09.318+0200] {logging_mixin.py:188} INFO - [2024-05-21T15:06:09.318+0200] {dag.py:3954} INFO - Setting next_dagrun for example_subdag_operator to 2022-01-01 00:00:00+00:00, run_after=2022-01-01 00:00:00+00:00
[2024-05-21T15:06:09.323+0200] {logging_mixin.py:188} INFO - [2024-05-21T15:06:09.322+0200] {dag.py:3954} INFO - Setting next_dagrun for example_subdag_operator.section-1 to None, run_after=None
[2024-05-21T15:06:09.324+0200] {logging_mixin.py:188} INFO - [2024-05-21T15:06:09.324+0200] {dag.py:3954} INFO - Setting next_dagrun for example_subdag_operator.section-2 to None, run_after=None
[2024-05-21T15:06:09.331+0200] {logging_mixin.py:188} INFO - [2024-05-21T15:06:09.331+0200] {dag.py:3096} INFO - Sync 2 DAGs
[2024-05-21T15:06:09.339+0200] {logging_mixin.py:188} INFO - [2024-05-21T15:06:09.338+0200] {dag.py:3954} INFO - Setting next_dagrun for example_subdag_operator.section-1 to None, run_after=None
[2024-05-21T15:06:09.339+0200] {logging_mixin.py:188} INFO - [2024-05-21T15:06:09.339+0200] {dag.py:3954} INFO - Setting next_dagrun for example_subdag_operator.section-2 to None, run_after=None
[2024-05-21T15:06:09.354+0200] {processor.py:183} INFO - Processing /home/munya/anaconda3/lib/python3.11/site-packages/airflow/example_dags/example_subdag_operator.py took 0.121 seconds
[2024-05-21T15:07:20.122+0200] {processor.py:161} INFO - Started process (PID=346802) to work on /home/munya/anaconda3/lib/python3.11/site-packages/airflow/example_dags/example_subdag_operator.py
[2024-05-21T15:07:20.124+0200] {processor.py:830} INFO - Processing file /home/munya/anaconda3/lib/python3.11/site-packages/airflow/example_dags/example_subdag_operator.py for tasks to queue
[2024-05-21T15:07:20.125+0200] {logging_mixin.py:188} INFO - [2024-05-21T15:07:20.124+0200] {dagbag.py:545} INFO - Filling up the DagBag from /home/munya/anaconda3/lib/python3.11/site-packages/airflow/example_dags/example_subdag_operator.py
[2024-05-21T15:07:20.149+0200] {processor.py:840} INFO - DAG(s) 'example_subdag_operator.section-1', 'example_subdag_operator.section-2', 'example_subdag_operator' retrieved from /home/munya/anaconda3/lib/python3.11/site-packages/airflow/example_dags/example_subdag_operator.py
[2024-05-21T15:07:20.168+0200] {logging_mixin.py:188} INFO - [2024-05-21T15:07:20.168+0200] {dag.py:3096} INFO - Sync 3 DAGs
[2024-05-21T15:07:20.192+0200] {logging_mixin.py:188} INFO - [2024-05-21T15:07:20.192+0200] {dag.py:3954} INFO - Setting next_dagrun for example_subdag_operator to 2022-01-01 00:00:00+00:00, run_after=2022-01-01 00:00:00+00:00
[2024-05-21T15:07:20.196+0200] {logging_mixin.py:188} INFO - [2024-05-21T15:07:20.196+0200] {dag.py:3954} INFO - Setting next_dagrun for example_subdag_operator.section-1 to None, run_after=None
[2024-05-21T15:07:20.198+0200] {logging_mixin.py:188} INFO - [2024-05-21T15:07:20.197+0200] {dag.py:3954} INFO - Setting next_dagrun for example_subdag_operator.section-2 to None, run_after=None
[2024-05-21T15:07:20.205+0200] {logging_mixin.py:188} INFO - [2024-05-21T15:07:20.204+0200] {dag.py:3096} INFO - Sync 2 DAGs
[2024-05-21T15:07:20.210+0200] {logging_mixin.py:188} INFO - [2024-05-21T15:07:20.209+0200] {dag.py:3954} INFO - Setting next_dagrun for example_subdag_operator.section-1 to None, run_after=None
[2024-05-21T15:07:20.210+0200] {logging_mixin.py:188} INFO - [2024-05-21T15:07:20.210+0200] {dag.py:3954} INFO - Setting next_dagrun for example_subdag_operator.section-2 to None, run_after=None
[2024-05-21T15:07:20.225+0200] {processor.py:183} INFO - Processing /home/munya/anaconda3/lib/python3.11/site-packages/airflow/example_dags/example_subdag_operator.py took 0.109 seconds
[2024-05-21T15:08:25.154+0200] {processor.py:161} INFO - Started process (PID=348145) to work on /home/munya/anaconda3/lib/python3.11/site-packages/airflow/example_dags/example_subdag_operator.py
[2024-05-21T15:08:25.154+0200] {processor.py:830} INFO - Processing file /home/munya/anaconda3/lib/python3.11/site-packages/airflow/example_dags/example_subdag_operator.py for tasks to queue
[2024-05-21T15:08:25.155+0200] {logging_mixin.py:188} INFO - [2024-05-21T15:08:25.155+0200] {dagbag.py:545} INFO - Filling up the DagBag from /home/munya/anaconda3/lib/python3.11/site-packages/airflow/example_dags/example_subdag_operator.py
[2024-05-21T15:08:25.178+0200] {processor.py:840} INFO - DAG(s) 'example_subdag_operator.section-1', 'example_subdag_operator.section-2', 'example_subdag_operator' retrieved from /home/munya/anaconda3/lib/python3.11/site-packages/airflow/example_dags/example_subdag_operator.py
[2024-05-21T15:08:25.192+0200] {logging_mixin.py:188} INFO - [2024-05-21T15:08:25.192+0200] {dag.py:3096} INFO - Sync 3 DAGs
[2024-05-21T15:08:25.210+0200] {logging_mixin.py:188} INFO - [2024-05-21T15:08:25.209+0200] {dag.py:3954} INFO - Setting next_dagrun for example_subdag_operator to 2022-01-01 00:00:00+00:00, run_after=2022-01-01 00:00:00+00:00
[2024-05-21T15:08:25.213+0200] {logging_mixin.py:188} INFO - [2024-05-21T15:08:25.213+0200] {dag.py:3954} INFO - Setting next_dagrun for example_subdag_operator.section-1 to None, run_after=None
[2024-05-21T15:08:25.214+0200] {logging_mixin.py:188} INFO - [2024-05-21T15:08:25.214+0200] {dag.py:3954} INFO - Setting next_dagrun for example_subdag_operator.section-2 to None, run_after=None
[2024-05-21T15:08:25.220+0200] {logging_mixin.py:188} INFO - [2024-05-21T15:08:25.220+0200] {dag.py:3096} INFO - Sync 2 DAGs
[2024-05-21T15:08:25.224+0200] {logging_mixin.py:188} INFO - [2024-05-21T15:08:25.224+0200] {dag.py:3954} INFO - Setting next_dagrun for example_subdag_operator.section-1 to None, run_after=None
[2024-05-21T15:08:25.225+0200] {logging_mixin.py:188} INFO - [2024-05-21T15:08:25.225+0200] {dag.py:3954} INFO - Setting next_dagrun for example_subdag_operator.section-2 to None, run_after=None
[2024-05-21T15:08:25.239+0200] {processor.py:183} INFO - Processing /home/munya/anaconda3/lib/python3.11/site-packages/airflow/example_dags/example_subdag_operator.py took 0.093 seconds
[2024-05-21T15:09:24.107+0200] {processor.py:161} INFO - Started process (PID=349370) to work on /home/munya/anaconda3/lib/python3.11/site-packages/airflow/example_dags/example_subdag_operator.py
[2024-05-21T15:09:24.108+0200] {processor.py:830} INFO - Processing file /home/munya/anaconda3/lib/python3.11/site-packages/airflow/example_dags/example_subdag_operator.py for tasks to queue
[2024-05-21T15:09:24.109+0200] {logging_mixin.py:188} INFO - [2024-05-21T15:09:24.109+0200] {dagbag.py:545} INFO - Filling up the DagBag from /home/munya/anaconda3/lib/python3.11/site-packages/airflow/example_dags/example_subdag_operator.py
[2024-05-21T15:09:24.132+0200] {processor.py:840} INFO - DAG(s) 'example_subdag_operator.section-1', 'example_subdag_operator.section-2', 'example_subdag_operator' retrieved from /home/munya/anaconda3/lib/python3.11/site-packages/airflow/example_dags/example_subdag_operator.py
[2024-05-21T15:09:24.147+0200] {logging_mixin.py:188} INFO - [2024-05-21T15:09:24.147+0200] {dag.py:3096} INFO - Sync 3 DAGs
[2024-05-21T15:09:24.164+0200] {logging_mixin.py:188} INFO - [2024-05-21T15:09:24.164+0200] {dag.py:3954} INFO - Setting next_dagrun for example_subdag_operator to 2022-01-01 00:00:00+00:00, run_after=2022-01-01 00:00:00+00:00
[2024-05-21T15:09:24.167+0200] {logging_mixin.py:188} INFO - [2024-05-21T15:09:24.167+0200] {dag.py:3954} INFO - Setting next_dagrun for example_subdag_operator.section-1 to None, run_after=None
[2024-05-21T15:09:24.168+0200] {logging_mixin.py:188} INFO - [2024-05-21T15:09:24.168+0200] {dag.py:3954} INFO - Setting next_dagrun for example_subdag_operator.section-2 to None, run_after=None
[2024-05-21T15:09:24.174+0200] {logging_mixin.py:188} INFO - [2024-05-21T15:09:24.173+0200] {dag.py:3096} INFO - Sync 2 DAGs
[2024-05-21T15:09:24.177+0200] {logging_mixin.py:188} INFO - [2024-05-21T15:09:24.177+0200] {dag.py:3954} INFO - Setting next_dagrun for example_subdag_operator.section-1 to None, run_after=None
[2024-05-21T15:09:24.178+0200] {logging_mixin.py:188} INFO - [2024-05-21T15:09:24.178+0200] {dag.py:3954} INFO - Setting next_dagrun for example_subdag_operator.section-2 to None, run_after=None
[2024-05-21T15:09:24.191+0200] {processor.py:183} INFO - Processing /home/munya/anaconda3/lib/python3.11/site-packages/airflow/example_dags/example_subdag_operator.py took 0.090 seconds
[2024-05-21T15:10:28.053+0200] {processor.py:161} INFO - Started process (PID=350659) to work on /home/munya/anaconda3/lib/python3.11/site-packages/airflow/example_dags/example_subdag_operator.py
[2024-05-21T15:10:28.055+0200] {processor.py:830} INFO - Processing file /home/munya/anaconda3/lib/python3.11/site-packages/airflow/example_dags/example_subdag_operator.py for tasks to queue
[2024-05-21T15:10:28.056+0200] {logging_mixin.py:188} INFO - [2024-05-21T15:10:28.055+0200] {dagbag.py:545} INFO - Filling up the DagBag from /home/munya/anaconda3/lib/python3.11/site-packages/airflow/example_dags/example_subdag_operator.py
[2024-05-21T15:10:28.082+0200] {processor.py:840} INFO - DAG(s) 'example_subdag_operator.section-1', 'example_subdag_operator.section-2', 'example_subdag_operator' retrieved from /home/munya/anaconda3/lib/python3.11/site-packages/airflow/example_dags/example_subdag_operator.py
[2024-05-21T15:10:28.104+0200] {logging_mixin.py:188} INFO - [2024-05-21T15:10:28.104+0200] {dag.py:3096} INFO - Sync 3 DAGs
[2024-05-21T15:10:28.126+0200] {logging_mixin.py:188} INFO - [2024-05-21T15:10:28.126+0200] {dag.py:3954} INFO - Setting next_dagrun for example_subdag_operator to 2022-01-01 00:00:00+00:00, run_after=2022-01-01 00:00:00+00:00
[2024-05-21T15:10:28.130+0200] {logging_mixin.py:188} INFO - [2024-05-21T15:10:28.130+0200] {dag.py:3954} INFO - Setting next_dagrun for example_subdag_operator.section-1 to None, run_after=None
[2024-05-21T15:10:28.131+0200] {logging_mixin.py:188} INFO - [2024-05-21T15:10:28.131+0200] {dag.py:3954} INFO - Setting next_dagrun for example_subdag_operator.section-2 to None, run_after=None
[2024-05-21T15:10:28.138+0200] {logging_mixin.py:188} INFO - [2024-05-21T15:10:28.138+0200] {dag.py:3096} INFO - Sync 2 DAGs
[2024-05-21T15:10:28.143+0200] {logging_mixin.py:188} INFO - [2024-05-21T15:10:28.143+0200] {dag.py:3954} INFO - Setting next_dagrun for example_subdag_operator.section-1 to None, run_after=None
[2024-05-21T15:10:28.144+0200] {logging_mixin.py:188} INFO - [2024-05-21T15:10:28.143+0200] {dag.py:3954} INFO - Setting next_dagrun for example_subdag_operator.section-2 to None, run_after=None
[2024-05-21T15:10:28.155+0200] {processor.py:183} INFO - Processing /home/munya/anaconda3/lib/python3.11/site-packages/airflow/example_dags/example_subdag_operator.py took 0.110 seconds
[2024-05-21T15:11:30.140+0200] {processor.py:161} INFO - Started process (PID=351867) to work on /home/munya/anaconda3/lib/python3.11/site-packages/airflow/example_dags/example_subdag_operator.py
[2024-05-21T15:11:30.141+0200] {processor.py:830} INFO - Processing file /home/munya/anaconda3/lib/python3.11/site-packages/airflow/example_dags/example_subdag_operator.py for tasks to queue
[2024-05-21T15:11:30.142+0200] {logging_mixin.py:188} INFO - [2024-05-21T15:11:30.141+0200] {dagbag.py:545} INFO - Filling up the DagBag from /home/munya/anaconda3/lib/python3.11/site-packages/airflow/example_dags/example_subdag_operator.py
[2024-05-21T15:11:30.164+0200] {processor.py:840} INFO - DAG(s) 'example_subdag_operator.section-1', 'example_subdag_operator.section-2', 'example_subdag_operator' retrieved from /home/munya/anaconda3/lib/python3.11/site-packages/airflow/example_dags/example_subdag_operator.py
[2024-05-21T15:11:30.184+0200] {logging_mixin.py:188} INFO - [2024-05-21T15:11:30.184+0200] {dag.py:3096} INFO - Sync 3 DAGs
[2024-05-21T15:11:30.203+0200] {logging_mixin.py:188} INFO - [2024-05-21T15:11:30.203+0200] {dag.py:3954} INFO - Setting next_dagrun for example_subdag_operator to 2022-01-01 00:00:00+00:00, run_after=2022-01-01 00:00:00+00:00
[2024-05-21T15:11:30.207+0200] {logging_mixin.py:188} INFO - [2024-05-21T15:11:30.206+0200] {dag.py:3954} INFO - Setting next_dagrun for example_subdag_operator.section-1 to None, run_after=None
[2024-05-21T15:11:30.208+0200] {logging_mixin.py:188} INFO - [2024-05-21T15:11:30.207+0200] {dag.py:3954} INFO - Setting next_dagrun for example_subdag_operator.section-2 to None, run_after=None
[2024-05-21T15:11:30.214+0200] {logging_mixin.py:188} INFO - [2024-05-21T15:11:30.214+0200] {dag.py:3096} INFO - Sync 2 DAGs
[2024-05-21T15:11:30.218+0200] {logging_mixin.py:188} INFO - [2024-05-21T15:11:30.218+0200] {dag.py:3954} INFO - Setting next_dagrun for example_subdag_operator.section-1 to None, run_after=None
[2024-05-21T15:11:30.219+0200] {logging_mixin.py:188} INFO - [2024-05-21T15:11:30.219+0200] {dag.py:3954} INFO - Setting next_dagrun for example_subdag_operator.section-2 to None, run_after=None
[2024-05-21T15:11:30.235+0200] {processor.py:183} INFO - Processing /home/munya/anaconda3/lib/python3.11/site-packages/airflow/example_dags/example_subdag_operator.py took 0.102 seconds
[2024-05-21T15:12:37.569+0200] {processor.py:161} INFO - Started process (PID=353159) to work on /home/munya/anaconda3/lib/python3.11/site-packages/airflow/example_dags/example_subdag_operator.py
[2024-05-21T15:12:37.571+0200] {processor.py:830} INFO - Processing file /home/munya/anaconda3/lib/python3.11/site-packages/airflow/example_dags/example_subdag_operator.py for tasks to queue
[2024-05-21T15:12:37.577+0200] {logging_mixin.py:188} INFO - [2024-05-21T15:12:37.572+0200] {dagbag.py:545} INFO - Filling up the DagBag from /home/munya/anaconda3/lib/python3.11/site-packages/airflow/example_dags/example_subdag_operator.py
[2024-05-21T15:12:37.625+0200] {processor.py:840} INFO - DAG(s) 'example_subdag_operator.section-1', 'example_subdag_operator.section-2', 'example_subdag_operator' retrieved from /home/munya/anaconda3/lib/python3.11/site-packages/airflow/example_dags/example_subdag_operator.py
[2024-05-21T15:12:37.675+0200] {logging_mixin.py:188} INFO - [2024-05-21T15:12:37.675+0200] {dag.py:3096} INFO - Sync 3 DAGs
[2024-05-21T15:12:37.718+0200] {logging_mixin.py:188} INFO - [2024-05-21T15:12:37.718+0200] {dag.py:3954} INFO - Setting next_dagrun for example_subdag_operator to 2022-01-01 00:00:00+00:00, run_after=2022-01-01 00:00:00+00:00
[2024-05-21T15:12:37.723+0200] {logging_mixin.py:188} INFO - [2024-05-21T15:12:37.722+0200] {dag.py:3954} INFO - Setting next_dagrun for example_subdag_operator.section-1 to None, run_after=None
[2024-05-21T15:12:37.724+0200] {logging_mixin.py:188} INFO - [2024-05-21T15:12:37.724+0200] {dag.py:3954} INFO - Setting next_dagrun for example_subdag_operator.section-2 to None, run_after=None
[2024-05-21T15:12:37.734+0200] {logging_mixin.py:188} INFO - [2024-05-21T15:12:37.733+0200] {dag.py:3096} INFO - Sync 2 DAGs
[2024-05-21T15:12:37.741+0200] {logging_mixin.py:188} INFO - [2024-05-21T15:12:37.741+0200] {dag.py:3954} INFO - Setting next_dagrun for example_subdag_operator.section-1 to None, run_after=None
[2024-05-21T15:12:37.742+0200] {logging_mixin.py:188} INFO - [2024-05-21T15:12:37.742+0200] {dag.py:3954} INFO - Setting next_dagrun for example_subdag_operator.section-2 to None, run_after=None
[2024-05-21T15:12:37.769+0200] {processor.py:183} INFO - Processing /home/munya/anaconda3/lib/python3.11/site-packages/airflow/example_dags/example_subdag_operator.py took 0.227 seconds
[2024-05-21T15:13:44.623+0200] {processor.py:161} INFO - Started process (PID=354471) to work on /home/munya/anaconda3/lib/python3.11/site-packages/airflow/example_dags/example_subdag_operator.py
[2024-05-21T15:13:44.624+0200] {processor.py:830} INFO - Processing file /home/munya/anaconda3/lib/python3.11/site-packages/airflow/example_dags/example_subdag_operator.py for tasks to queue
[2024-05-21T15:13:44.625+0200] {logging_mixin.py:188} INFO - [2024-05-21T15:13:44.624+0200] {dagbag.py:545} INFO - Filling up the DagBag from /home/munya/anaconda3/lib/python3.11/site-packages/airflow/example_dags/example_subdag_operator.py
[2024-05-21T15:13:44.655+0200] {processor.py:840} INFO - DAG(s) 'example_subdag_operator.section-1', 'example_subdag_operator.section-2', 'example_subdag_operator' retrieved from /home/munya/anaconda3/lib/python3.11/site-packages/airflow/example_dags/example_subdag_operator.py
[2024-05-21T15:13:44.680+0200] {logging_mixin.py:188} INFO - [2024-05-21T15:13:44.679+0200] {dag.py:3096} INFO - Sync 3 DAGs
[2024-05-21T15:13:44.707+0200] {logging_mixin.py:188} INFO - [2024-05-21T15:13:44.705+0200] {dag.py:3954} INFO - Setting next_dagrun for example_subdag_operator to 2022-01-01 00:00:00+00:00, run_after=2022-01-01 00:00:00+00:00
[2024-05-21T15:13:44.710+0200] {logging_mixin.py:188} INFO - [2024-05-21T15:13:44.710+0200] {dag.py:3954} INFO - Setting next_dagrun for example_subdag_operator.section-1 to None, run_after=None
[2024-05-21T15:13:44.711+0200] {logging_mixin.py:188} INFO - [2024-05-21T15:13:44.711+0200] {dag.py:3954} INFO - Setting next_dagrun for example_subdag_operator.section-2 to None, run_after=None
[2024-05-21T15:13:44.716+0200] {logging_mixin.py:188} INFO - [2024-05-21T15:13:44.716+0200] {dag.py:3096} INFO - Sync 2 DAGs
[2024-05-21T15:13:44.720+0200] {logging_mixin.py:188} INFO - [2024-05-21T15:13:44.719+0200] {dag.py:3954} INFO - Setting next_dagrun for example_subdag_operator.section-1 to None, run_after=None
[2024-05-21T15:13:44.720+0200] {logging_mixin.py:188} INFO - [2024-05-21T15:13:44.720+0200] {dag.py:3954} INFO - Setting next_dagrun for example_subdag_operator.section-2 to None, run_after=None
[2024-05-21T15:13:44.733+0200] {processor.py:183} INFO - Processing /home/munya/anaconda3/lib/python3.11/site-packages/airflow/example_dags/example_subdag_operator.py took 0.117 seconds
[2024-05-21T15:14:52.064+0200] {processor.py:161} INFO - Started process (PID=355811) to work on /home/munya/anaconda3/lib/python3.11/site-packages/airflow/example_dags/example_subdag_operator.py
[2024-05-21T15:14:52.067+0200] {processor.py:830} INFO - Processing file /home/munya/anaconda3/lib/python3.11/site-packages/airflow/example_dags/example_subdag_operator.py for tasks to queue
[2024-05-21T15:14:52.071+0200] {logging_mixin.py:188} INFO - [2024-05-21T15:14:52.070+0200] {dagbag.py:545} INFO - Filling up the DagBag from /home/munya/anaconda3/lib/python3.11/site-packages/airflow/example_dags/example_subdag_operator.py
[2024-05-21T15:14:52.151+0200] {processor.py:840} INFO - DAG(s) 'example_subdag_operator.section-1', 'example_subdag_operator.section-2', 'example_subdag_operator' retrieved from /home/munya/anaconda3/lib/python3.11/site-packages/airflow/example_dags/example_subdag_operator.py
[2024-05-21T15:14:52.222+0200] {logging_mixin.py:188} INFO - [2024-05-21T15:14:52.221+0200] {dag.py:3096} INFO - Sync 3 DAGs
[2024-05-21T15:14:52.307+0200] {logging_mixin.py:188} INFO - [2024-05-21T15:14:52.306+0200] {dag.py:3954} INFO - Setting next_dagrun for example_subdag_operator to 2022-01-01 00:00:00+00:00, run_after=2022-01-01 00:00:00+00:00
[2024-05-21T15:14:52.323+0200] {logging_mixin.py:188} INFO - [2024-05-21T15:14:52.322+0200] {dag.py:3954} INFO - Setting next_dagrun for example_subdag_operator.section-1 to None, run_after=None
[2024-05-21T15:14:52.329+0200] {logging_mixin.py:188} INFO - [2024-05-21T15:14:52.328+0200] {dag.py:3954} INFO - Setting next_dagrun for example_subdag_operator.section-2 to None, run_after=None
[2024-05-21T15:14:52.361+0200] {logging_mixin.py:188} INFO - [2024-05-21T15:14:52.360+0200] {dag.py:3096} INFO - Sync 2 DAGs
[2024-05-21T15:14:52.375+0200] {logging_mixin.py:188} INFO - [2024-05-21T15:14:52.374+0200] {dag.py:3954} INFO - Setting next_dagrun for example_subdag_operator.section-1 to None, run_after=None
[2024-05-21T15:14:52.377+0200] {logging_mixin.py:188} INFO - [2024-05-21T15:14:52.376+0200] {dag.py:3954} INFO - Setting next_dagrun for example_subdag_operator.section-2 to None, run_after=None
[2024-05-21T15:14:52.423+0200] {processor.py:183} INFO - Processing /home/munya/anaconda3/lib/python3.11/site-packages/airflow/example_dags/example_subdag_operator.py took 0.385 seconds
[2024-05-21T15:16:02.253+0200] {processor.py:161} INFO - Started process (PID=357206) to work on /home/munya/anaconda3/lib/python3.11/site-packages/airflow/example_dags/example_subdag_operator.py
[2024-05-21T15:16:02.256+0200] {processor.py:830} INFO - Processing file /home/munya/anaconda3/lib/python3.11/site-packages/airflow/example_dags/example_subdag_operator.py for tasks to queue
[2024-05-21T15:16:02.259+0200] {logging_mixin.py:188} INFO - [2024-05-21T15:16:02.258+0200] {dagbag.py:545} INFO - Filling up the DagBag from /home/munya/anaconda3/lib/python3.11/site-packages/airflow/example_dags/example_subdag_operator.py
[2024-05-21T15:16:02.341+0200] {processor.py:840} INFO - DAG(s) 'example_subdag_operator.section-1', 'example_subdag_operator.section-2', 'example_subdag_operator' retrieved from /home/munya/anaconda3/lib/python3.11/site-packages/airflow/example_dags/example_subdag_operator.py
[2024-05-21T15:16:02.409+0200] {logging_mixin.py:188} INFO - [2024-05-21T15:16:02.408+0200] {dag.py:3096} INFO - Sync 3 DAGs
[2024-05-21T15:16:02.485+0200] {logging_mixin.py:188} INFO - [2024-05-21T15:16:02.484+0200] {dag.py:3954} INFO - Setting next_dagrun for example_subdag_operator to 2022-01-01 00:00:00+00:00, run_after=2022-01-01 00:00:00+00:00
[2024-05-21T15:16:02.498+0200] {logging_mixin.py:188} INFO - [2024-05-21T15:16:02.498+0200] {dag.py:3954} INFO - Setting next_dagrun for example_subdag_operator.section-1 to None, run_after=None
[2024-05-21T15:16:02.503+0200] {logging_mixin.py:188} INFO - [2024-05-21T15:16:02.502+0200] {dag.py:3954} INFO - Setting next_dagrun for example_subdag_operator.section-2 to None, run_after=None
[2024-05-21T15:16:02.527+0200] {logging_mixin.py:188} INFO - [2024-05-21T15:16:02.526+0200] {dag.py:3096} INFO - Sync 2 DAGs
[2024-05-21T15:16:02.543+0200] {logging_mixin.py:188} INFO - [2024-05-21T15:16:02.542+0200] {dag.py:3954} INFO - Setting next_dagrun for example_subdag_operator.section-1 to None, run_after=None
[2024-05-21T15:16:02.544+0200] {logging_mixin.py:188} INFO - [2024-05-21T15:16:02.544+0200] {dag.py:3954} INFO - Setting next_dagrun for example_subdag_operator.section-2 to None, run_after=None
[2024-05-21T15:16:02.583+0200] {processor.py:183} INFO - Processing /home/munya/anaconda3/lib/python3.11/site-packages/airflow/example_dags/example_subdag_operator.py took 0.354 seconds
[2024-05-21T15:17:04.435+0200] {processor.py:161} INFO - Started process (PID=358414) to work on /home/munya/anaconda3/lib/python3.11/site-packages/airflow/example_dags/example_subdag_operator.py
[2024-05-21T15:17:04.436+0200] {processor.py:830} INFO - Processing file /home/munya/anaconda3/lib/python3.11/site-packages/airflow/example_dags/example_subdag_operator.py for tasks to queue
[2024-05-21T15:17:04.438+0200] {logging_mixin.py:188} INFO - [2024-05-21T15:17:04.437+0200] {dagbag.py:545} INFO - Filling up the DagBag from /home/munya/anaconda3/lib/python3.11/site-packages/airflow/example_dags/example_subdag_operator.py
[2024-05-21T15:17:04.476+0200] {processor.py:840} INFO - DAG(s) 'example_subdag_operator.section-1', 'example_subdag_operator.section-2', 'example_subdag_operator' retrieved from /home/munya/anaconda3/lib/python3.11/site-packages/airflow/example_dags/example_subdag_operator.py
[2024-05-21T15:17:04.506+0200] {logging_mixin.py:188} INFO - [2024-05-21T15:17:04.506+0200] {dag.py:3096} INFO - Sync 3 DAGs
[2024-05-21T15:17:04.535+0200] {logging_mixin.py:188} INFO - [2024-05-21T15:17:04.534+0200] {dag.py:3954} INFO - Setting next_dagrun for example_subdag_operator to 2022-01-01 00:00:00+00:00, run_after=2022-01-01 00:00:00+00:00
[2024-05-21T15:17:04.540+0200] {logging_mixin.py:188} INFO - [2024-05-21T15:17:04.540+0200] {dag.py:3954} INFO - Setting next_dagrun for example_subdag_operator.section-1 to None, run_after=None
[2024-05-21T15:17:04.542+0200] {logging_mixin.py:188} INFO - [2024-05-21T15:17:04.542+0200] {dag.py:3954} INFO - Setting next_dagrun for example_subdag_operator.section-2 to None, run_after=None
[2024-05-21T15:17:04.554+0200] {logging_mixin.py:188} INFO - [2024-05-21T15:17:04.554+0200] {dag.py:3096} INFO - Sync 2 DAGs
[2024-05-21T15:17:04.561+0200] {logging_mixin.py:188} INFO - [2024-05-21T15:17:04.561+0200] {dag.py:3954} INFO - Setting next_dagrun for example_subdag_operator.section-1 to None, run_after=None
[2024-05-21T15:17:04.563+0200] {logging_mixin.py:188} INFO - [2024-05-21T15:17:04.562+0200] {dag.py:3954} INFO - Setting next_dagrun for example_subdag_operator.section-2 to None, run_after=None
[2024-05-21T15:17:04.582+0200] {processor.py:183} INFO - Processing /home/munya/anaconda3/lib/python3.11/site-packages/airflow/example_dags/example_subdag_operator.py took 0.157 seconds
[2024-05-21T15:18:17.117+0200] {processor.py:161} INFO - Started process (PID=359905) to work on /home/munya/anaconda3/lib/python3.11/site-packages/airflow/example_dags/example_subdag_operator.py
[2024-05-21T15:18:17.118+0200] {processor.py:830} INFO - Processing file /home/munya/anaconda3/lib/python3.11/site-packages/airflow/example_dags/example_subdag_operator.py for tasks to queue
[2024-05-21T15:18:17.119+0200] {logging_mixin.py:188} INFO - [2024-05-21T15:18:17.119+0200] {dagbag.py:545} INFO - Filling up the DagBag from /home/munya/anaconda3/lib/python3.11/site-packages/airflow/example_dags/example_subdag_operator.py
[2024-05-21T15:18:17.141+0200] {processor.py:840} INFO - DAG(s) 'example_subdag_operator.section-1', 'example_subdag_operator.section-2', 'example_subdag_operator' retrieved from /home/munya/anaconda3/lib/python3.11/site-packages/airflow/example_dags/example_subdag_operator.py
[2024-05-21T15:18:17.162+0200] {logging_mixin.py:188} INFO - [2024-05-21T15:18:17.162+0200] {dag.py:3096} INFO - Sync 3 DAGs
[2024-05-21T15:18:17.185+0200] {logging_mixin.py:188} INFO - [2024-05-21T15:18:17.185+0200] {dag.py:3954} INFO - Setting next_dagrun for example_subdag_operator to 2022-01-01 00:00:00+00:00, run_after=2022-01-01 00:00:00+00:00
[2024-05-21T15:18:17.188+0200] {logging_mixin.py:188} INFO - [2024-05-21T15:18:17.188+0200] {dag.py:3954} INFO - Setting next_dagrun for example_subdag_operator.section-1 to None, run_after=None
[2024-05-21T15:18:17.189+0200] {logging_mixin.py:188} INFO - [2024-05-21T15:18:17.188+0200] {dag.py:3954} INFO - Setting next_dagrun for example_subdag_operator.section-2 to None, run_after=None
[2024-05-21T15:18:17.194+0200] {logging_mixin.py:188} INFO - [2024-05-21T15:18:17.194+0200] {dag.py:3096} INFO - Sync 2 DAGs
[2024-05-21T15:18:17.197+0200] {logging_mixin.py:188} INFO - [2024-05-21T15:18:17.197+0200] {dag.py:3954} INFO - Setting next_dagrun for example_subdag_operator.section-1 to None, run_after=None
[2024-05-21T15:18:17.198+0200] {logging_mixin.py:188} INFO - [2024-05-21T15:18:17.198+0200] {dag.py:3954} INFO - Setting next_dagrun for example_subdag_operator.section-2 to None, run_after=None
[2024-05-21T15:18:17.211+0200] {processor.py:183} INFO - Processing /home/munya/anaconda3/lib/python3.11/site-packages/airflow/example_dags/example_subdag_operator.py took 0.101 seconds
[2024-05-21T15:19:22.994+0200] {processor.py:161} INFO - Started process (PID=361211) to work on /home/munya/anaconda3/lib/python3.11/site-packages/airflow/example_dags/example_subdag_operator.py
[2024-05-21T15:19:22.995+0200] {processor.py:830} INFO - Processing file /home/munya/anaconda3/lib/python3.11/site-packages/airflow/example_dags/example_subdag_operator.py for tasks to queue
[2024-05-21T15:19:22.996+0200] {logging_mixin.py:188} INFO - [2024-05-21T15:19:22.996+0200] {dagbag.py:545} INFO - Filling up the DagBag from /home/munya/anaconda3/lib/python3.11/site-packages/airflow/example_dags/example_subdag_operator.py
[2024-05-21T15:19:23.019+0200] {processor.py:840} INFO - DAG(s) 'example_subdag_operator.section-1', 'example_subdag_operator.section-2', 'example_subdag_operator' retrieved from /home/munya/anaconda3/lib/python3.11/site-packages/airflow/example_dags/example_subdag_operator.py
[2024-05-21T15:19:23.040+0200] {logging_mixin.py:188} INFO - [2024-05-21T15:19:23.040+0200] {dag.py:3096} INFO - Sync 3 DAGs
[2024-05-21T15:19:23.065+0200] {logging_mixin.py:188} INFO - [2024-05-21T15:19:23.065+0200] {dag.py:3954} INFO - Setting next_dagrun for example_subdag_operator to 2022-01-01 00:00:00+00:00, run_after=2022-01-01 00:00:00+00:00
[2024-05-21T15:19:23.070+0200] {logging_mixin.py:188} INFO - [2024-05-21T15:19:23.069+0200] {dag.py:3954} INFO - Setting next_dagrun for example_subdag_operator.section-1 to None, run_after=None
[2024-05-21T15:19:23.071+0200] {logging_mixin.py:188} INFO - [2024-05-21T15:19:23.071+0200] {dag.py:3954} INFO - Setting next_dagrun for example_subdag_operator.section-2 to None, run_after=None
[2024-05-21T15:19:23.080+0200] {logging_mixin.py:188} INFO - [2024-05-21T15:19:23.080+0200] {dag.py:3096} INFO - Sync 2 DAGs
[2024-05-21T15:19:23.085+0200] {logging_mixin.py:188} INFO - [2024-05-21T15:19:23.085+0200] {dag.py:3954} INFO - Setting next_dagrun for example_subdag_operator.section-1 to None, run_after=None
[2024-05-21T15:19:23.086+0200] {logging_mixin.py:188} INFO - [2024-05-21T15:19:23.086+0200] {dag.py:3954} INFO - Setting next_dagrun for example_subdag_operator.section-2 to None, run_after=None
[2024-05-21T15:19:23.102+0200] {processor.py:183} INFO - Processing /home/munya/anaconda3/lib/python3.11/site-packages/airflow/example_dags/example_subdag_operator.py took 0.115 seconds
[2024-05-21T15:20:31.118+0200] {processor.py:161} INFO - Started process (PID=362542) to work on /home/munya/anaconda3/lib/python3.11/site-packages/airflow/example_dags/example_subdag_operator.py
[2024-05-21T15:20:31.119+0200] {processor.py:830} INFO - Processing file /home/munya/anaconda3/lib/python3.11/site-packages/airflow/example_dags/example_subdag_operator.py for tasks to queue
[2024-05-21T15:20:31.120+0200] {logging_mixin.py:188} INFO - [2024-05-21T15:20:31.119+0200] {dagbag.py:545} INFO - Filling up the DagBag from /home/munya/anaconda3/lib/python3.11/site-packages/airflow/example_dags/example_subdag_operator.py
[2024-05-21T15:20:31.143+0200] {processor.py:840} INFO - DAG(s) 'example_subdag_operator.section-1', 'example_subdag_operator.section-2', 'example_subdag_operator' retrieved from /home/munya/anaconda3/lib/python3.11/site-packages/airflow/example_dags/example_subdag_operator.py
[2024-05-21T15:20:31.164+0200] {logging_mixin.py:188} INFO - [2024-05-21T15:20:31.164+0200] {dag.py:3096} INFO - Sync 3 DAGs
[2024-05-21T15:20:31.186+0200] {logging_mixin.py:188} INFO - [2024-05-21T15:20:31.185+0200] {dag.py:3954} INFO - Setting next_dagrun for example_subdag_operator to 2022-01-01 00:00:00+00:00, run_after=2022-01-01 00:00:00+00:00
[2024-05-21T15:20:31.189+0200] {logging_mixin.py:188} INFO - [2024-05-21T15:20:31.189+0200] {dag.py:3954} INFO - Setting next_dagrun for example_subdag_operator.section-1 to None, run_after=None
[2024-05-21T15:20:31.190+0200] {logging_mixin.py:188} INFO - [2024-05-21T15:20:31.190+0200] {dag.py:3954} INFO - Setting next_dagrun for example_subdag_operator.section-2 to None, run_after=None
[2024-05-21T15:20:31.197+0200] {logging_mixin.py:188} INFO - [2024-05-21T15:20:31.196+0200] {dag.py:3096} INFO - Sync 2 DAGs
[2024-05-21T15:20:31.201+0200] {logging_mixin.py:188} INFO - [2024-05-21T15:20:31.201+0200] {dag.py:3954} INFO - Setting next_dagrun for example_subdag_operator.section-1 to None, run_after=None
[2024-05-21T15:20:31.202+0200] {logging_mixin.py:188} INFO - [2024-05-21T15:20:31.202+0200] {dag.py:3954} INFO - Setting next_dagrun for example_subdag_operator.section-2 to None, run_after=None
[2024-05-21T15:20:31.215+0200] {processor.py:183} INFO - Processing /home/munya/anaconda3/lib/python3.11/site-packages/airflow/example_dags/example_subdag_operator.py took 0.105 seconds
[2024-05-21T15:21:41.078+0200] {processor.py:161} INFO - Started process (PID=363937) to work on /home/munya/anaconda3/lib/python3.11/site-packages/airflow/example_dags/example_subdag_operator.py
[2024-05-21T15:21:41.079+0200] {processor.py:830} INFO - Processing file /home/munya/anaconda3/lib/python3.11/site-packages/airflow/example_dags/example_subdag_operator.py for tasks to queue
[2024-05-21T15:21:41.080+0200] {logging_mixin.py:188} INFO - [2024-05-21T15:21:41.079+0200] {dagbag.py:545} INFO - Filling up the DagBag from /home/munya/anaconda3/lib/python3.11/site-packages/airflow/example_dags/example_subdag_operator.py
[2024-05-21T15:21:41.099+0200] {processor.py:840} INFO - DAG(s) 'example_subdag_operator.section-1', 'example_subdag_operator.section-2', 'example_subdag_operator' retrieved from /home/munya/anaconda3/lib/python3.11/site-packages/airflow/example_dags/example_subdag_operator.py
[2024-05-21T15:21:41.115+0200] {logging_mixin.py:188} INFO - [2024-05-21T15:21:41.114+0200] {dag.py:3096} INFO - Sync 3 DAGs
[2024-05-21T15:21:41.133+0200] {logging_mixin.py:188} INFO - [2024-05-21T15:21:41.133+0200] {dag.py:3954} INFO - Setting next_dagrun for example_subdag_operator to 2022-01-01 00:00:00+00:00, run_after=2022-01-01 00:00:00+00:00
[2024-05-21T15:21:41.137+0200] {logging_mixin.py:188} INFO - [2024-05-21T15:21:41.137+0200] {dag.py:3954} INFO - Setting next_dagrun for example_subdag_operator.section-1 to None, run_after=None
[2024-05-21T15:21:41.138+0200] {logging_mixin.py:188} INFO - [2024-05-21T15:21:41.138+0200] {dag.py:3954} INFO - Setting next_dagrun for example_subdag_operator.section-2 to None, run_after=None
[2024-05-21T15:21:41.143+0200] {logging_mixin.py:188} INFO - [2024-05-21T15:21:41.143+0200] {dag.py:3096} INFO - Sync 2 DAGs
[2024-05-21T15:21:41.147+0200] {logging_mixin.py:188} INFO - [2024-05-21T15:21:41.147+0200] {dag.py:3954} INFO - Setting next_dagrun for example_subdag_operator.section-1 to None, run_after=None
[2024-05-21T15:21:41.147+0200] {logging_mixin.py:188} INFO - [2024-05-21T15:21:41.147+0200] {dag.py:3954} INFO - Setting next_dagrun for example_subdag_operator.section-2 to None, run_after=None
[2024-05-21T15:21:41.160+0200] {processor.py:183} INFO - Processing /home/munya/anaconda3/lib/python3.11/site-packages/airflow/example_dags/example_subdag_operator.py took 0.088 seconds
[2024-05-21T15:22:46.832+0200] {processor.py:161} INFO - Started process (PID=365231) to work on /home/munya/anaconda3/lib/python3.11/site-packages/airflow/example_dags/example_subdag_operator.py
[2024-05-21T15:22:46.833+0200] {processor.py:830} INFO - Processing file /home/munya/anaconda3/lib/python3.11/site-packages/airflow/example_dags/example_subdag_operator.py for tasks to queue
[2024-05-21T15:22:46.834+0200] {logging_mixin.py:188} INFO - [2024-05-21T15:22:46.834+0200] {dagbag.py:545} INFO - Filling up the DagBag from /home/munya/anaconda3/lib/python3.11/site-packages/airflow/example_dags/example_subdag_operator.py
[2024-05-21T15:22:46.859+0200] {processor.py:840} INFO - DAG(s) 'example_subdag_operator.section-1', 'example_subdag_operator.section-2', 'example_subdag_operator' retrieved from /home/munya/anaconda3/lib/python3.11/site-packages/airflow/example_dags/example_subdag_operator.py
[2024-05-21T15:22:46.878+0200] {logging_mixin.py:188} INFO - [2024-05-21T15:22:46.878+0200] {dag.py:3096} INFO - Sync 3 DAGs
[2024-05-21T15:22:46.904+0200] {logging_mixin.py:188} INFO - [2024-05-21T15:22:46.904+0200] {dag.py:3954} INFO - Setting next_dagrun for example_subdag_operator to 2022-01-01 00:00:00+00:00, run_after=2022-01-01 00:00:00+00:00
[2024-05-21T15:22:46.908+0200] {logging_mixin.py:188} INFO - [2024-05-21T15:22:46.907+0200] {dag.py:3954} INFO - Setting next_dagrun for example_subdag_operator.section-1 to None, run_after=None
[2024-05-21T15:22:46.909+0200] {logging_mixin.py:188} INFO - [2024-05-21T15:22:46.909+0200] {dag.py:3954} INFO - Setting next_dagrun for example_subdag_operator.section-2 to None, run_after=None
[2024-05-21T15:22:46.915+0200] {logging_mixin.py:188} INFO - [2024-05-21T15:22:46.915+0200] {dag.py:3096} INFO - Sync 2 DAGs
[2024-05-21T15:22:46.919+0200] {logging_mixin.py:188} INFO - [2024-05-21T15:22:46.919+0200] {dag.py:3954} INFO - Setting next_dagrun for example_subdag_operator.section-1 to None, run_after=None
[2024-05-21T15:22:46.920+0200] {logging_mixin.py:188} INFO - [2024-05-21T15:22:46.920+0200] {dag.py:3954} INFO - Setting next_dagrun for example_subdag_operator.section-2 to None, run_after=None
[2024-05-21T15:22:46.934+0200] {processor.py:183} INFO - Processing /home/munya/anaconda3/lib/python3.11/site-packages/airflow/example_dags/example_subdag_operator.py took 0.108 seconds
[2024-05-21T15:23:49.841+0200] {processor.py:161} INFO - Started process (PID=366474) to work on /home/munya/anaconda3/lib/python3.11/site-packages/airflow/example_dags/example_subdag_operator.py
[2024-05-21T15:23:49.844+0200] {processor.py:830} INFO - Processing file /home/munya/anaconda3/lib/python3.11/site-packages/airflow/example_dags/example_subdag_operator.py for tasks to queue
[2024-05-21T15:23:49.849+0200] {logging_mixin.py:188} INFO - [2024-05-21T15:23:49.847+0200] {dagbag.py:545} INFO - Filling up the DagBag from /home/munya/anaconda3/lib/python3.11/site-packages/airflow/example_dags/example_subdag_operator.py
[2024-05-21T15:23:49.929+0200] {processor.py:840} INFO - DAG(s) 'example_subdag_operator.section-1', 'example_subdag_operator.section-2', 'example_subdag_operator' retrieved from /home/munya/anaconda3/lib/python3.11/site-packages/airflow/example_dags/example_subdag_operator.py
[2024-05-21T15:23:50.002+0200] {logging_mixin.py:188} INFO - [2024-05-21T15:23:50.001+0200] {dag.py:3096} INFO - Sync 3 DAGs
[2024-05-21T15:23:50.092+0200] {logging_mixin.py:188} INFO - [2024-05-21T15:23:50.091+0200] {dag.py:3954} INFO - Setting next_dagrun for example_subdag_operator to 2022-01-01 00:00:00+00:00, run_after=2022-01-01 00:00:00+00:00
[2024-05-21T15:23:50.114+0200] {logging_mixin.py:188} INFO - [2024-05-21T15:23:50.113+0200] {dag.py:3954} INFO - Setting next_dagrun for example_subdag_operator.section-1 to None, run_after=None
[2024-05-21T15:23:50.120+0200] {logging_mixin.py:188} INFO - [2024-05-21T15:23:50.119+0200] {dag.py:3954} INFO - Setting next_dagrun for example_subdag_operator.section-2 to None, run_after=None
[2024-05-21T15:23:50.168+0200] {logging_mixin.py:188} INFO - [2024-05-21T15:23:50.167+0200] {dag.py:3096} INFO - Sync 2 DAGs
[2024-05-21T15:23:50.211+0200] {logging_mixin.py:188} INFO - [2024-05-21T15:23:50.210+0200] {dag.py:3954} INFO - Setting next_dagrun for example_subdag_operator.section-1 to None, run_after=None
[2024-05-21T15:23:50.215+0200] {logging_mixin.py:188} INFO - [2024-05-21T15:23:50.213+0200] {dag.py:3954} INFO - Setting next_dagrun for example_subdag_operator.section-2 to None, run_after=None
[2024-05-21T15:23:50.301+0200] {processor.py:183} INFO - Processing /home/munya/anaconda3/lib/python3.11/site-packages/airflow/example_dags/example_subdag_operator.py took 0.486 seconds
[2024-05-21T15:24:52.190+0200] {processor.py:161} INFO - Started process (PID=367757) to work on /home/munya/anaconda3/lib/python3.11/site-packages/airflow/example_dags/example_subdag_operator.py
[2024-05-21T15:24:52.191+0200] {processor.py:830} INFO - Processing file /home/munya/anaconda3/lib/python3.11/site-packages/airflow/example_dags/example_subdag_operator.py for tasks to queue
[2024-05-21T15:24:52.193+0200] {logging_mixin.py:188} INFO - [2024-05-21T15:24:52.192+0200] {dagbag.py:545} INFO - Filling up the DagBag from /home/munya/anaconda3/lib/python3.11/site-packages/airflow/example_dags/example_subdag_operator.py
[2024-05-21T15:24:52.220+0200] {processor.py:840} INFO - DAG(s) 'example_subdag_operator.section-1', 'example_subdag_operator.section-2', 'example_subdag_operator' retrieved from /home/munya/anaconda3/lib/python3.11/site-packages/airflow/example_dags/example_subdag_operator.py
[2024-05-21T15:24:52.242+0200] {logging_mixin.py:188} INFO - [2024-05-21T15:24:52.242+0200] {dag.py:3096} INFO - Sync 3 DAGs
[2024-05-21T15:24:52.268+0200] {logging_mixin.py:188} INFO - [2024-05-21T15:24:52.268+0200] {dag.py:3954} INFO - Setting next_dagrun for example_subdag_operator to 2022-01-01 00:00:00+00:00, run_after=2022-01-01 00:00:00+00:00
[2024-05-21T15:24:52.272+0200] {logging_mixin.py:188} INFO - [2024-05-21T15:24:52.272+0200] {dag.py:3954} INFO - Setting next_dagrun for example_subdag_operator.section-1 to None, run_after=None
[2024-05-21T15:24:52.274+0200] {logging_mixin.py:188} INFO - [2024-05-21T15:24:52.273+0200] {dag.py:3954} INFO - Setting next_dagrun for example_subdag_operator.section-2 to None, run_after=None
[2024-05-21T15:24:52.282+0200] {logging_mixin.py:188} INFO - [2024-05-21T15:24:52.282+0200] {dag.py:3096} INFO - Sync 2 DAGs
[2024-05-21T15:24:52.288+0200] {logging_mixin.py:188} INFO - [2024-05-21T15:24:52.288+0200] {dag.py:3954} INFO - Setting next_dagrun for example_subdag_operator.section-1 to None, run_after=None
[2024-05-21T15:24:52.288+0200] {logging_mixin.py:188} INFO - [2024-05-21T15:24:52.288+0200] {dag.py:3954} INFO - Setting next_dagrun for example_subdag_operator.section-2 to None, run_after=None
[2024-05-21T15:24:52.305+0200] {processor.py:183} INFO - Processing /home/munya/anaconda3/lib/python3.11/site-packages/airflow/example_dags/example_subdag_operator.py took 0.122 seconds
[2024-05-21T15:25:57.483+0200] {processor.py:161} INFO - Started process (PID=369072) to work on /home/munya/anaconda3/lib/python3.11/site-packages/airflow/example_dags/example_subdag_operator.py
[2024-05-21T15:25:57.484+0200] {processor.py:830} INFO - Processing file /home/munya/anaconda3/lib/python3.11/site-packages/airflow/example_dags/example_subdag_operator.py for tasks to queue
[2024-05-21T15:25:57.485+0200] {logging_mixin.py:188} INFO - [2024-05-21T15:25:57.485+0200] {dagbag.py:545} INFO - Filling up the DagBag from /home/munya/anaconda3/lib/python3.11/site-packages/airflow/example_dags/example_subdag_operator.py
[2024-05-21T15:25:57.506+0200] {processor.py:840} INFO - DAG(s) 'example_subdag_operator.section-1', 'example_subdag_operator.section-2', 'example_subdag_operator' retrieved from /home/munya/anaconda3/lib/python3.11/site-packages/airflow/example_dags/example_subdag_operator.py
[2024-05-21T15:25:57.527+0200] {logging_mixin.py:188} INFO - [2024-05-21T15:25:57.527+0200] {dag.py:3096} INFO - Sync 3 DAGs
[2024-05-21T15:25:57.548+0200] {logging_mixin.py:188} INFO - [2024-05-21T15:25:57.547+0200] {dag.py:3954} INFO - Setting next_dagrun for example_subdag_operator to 2022-01-01 00:00:00+00:00, run_after=2022-01-01 00:00:00+00:00
[2024-05-21T15:25:57.551+0200] {logging_mixin.py:188} INFO - [2024-05-21T15:25:57.550+0200] {dag.py:3954} INFO - Setting next_dagrun for example_subdag_operator.section-1 to None, run_after=None
[2024-05-21T15:25:57.552+0200] {logging_mixin.py:188} INFO - [2024-05-21T15:25:57.551+0200] {dag.py:3954} INFO - Setting next_dagrun for example_subdag_operator.section-2 to None, run_after=None
[2024-05-21T15:25:57.558+0200] {logging_mixin.py:188} INFO - [2024-05-21T15:25:57.558+0200] {dag.py:3096} INFO - Sync 2 DAGs
[2024-05-21T15:25:57.563+0200] {logging_mixin.py:188} INFO - [2024-05-21T15:25:57.563+0200] {dag.py:3954} INFO - Setting next_dagrun for example_subdag_operator.section-1 to None, run_after=None
[2024-05-21T15:25:57.563+0200] {logging_mixin.py:188} INFO - [2024-05-21T15:25:57.563+0200] {dag.py:3954} INFO - Setting next_dagrun for example_subdag_operator.section-2 to None, run_after=None
[2024-05-21T15:25:57.579+0200] {processor.py:183} INFO - Processing /home/munya/anaconda3/lib/python3.11/site-packages/airflow/example_dags/example_subdag_operator.py took 0.103 seconds
[2024-05-21T15:27:06.784+0200] {processor.py:161} INFO - Started process (PID=370420) to work on /home/munya/anaconda3/lib/python3.11/site-packages/airflow/example_dags/example_subdag_operator.py
[2024-05-21T15:27:06.785+0200] {processor.py:830} INFO - Processing file /home/munya/anaconda3/lib/python3.11/site-packages/airflow/example_dags/example_subdag_operator.py for tasks to queue
[2024-05-21T15:27:06.787+0200] {logging_mixin.py:188} INFO - [2024-05-21T15:27:06.786+0200] {dagbag.py:545} INFO - Filling up the DagBag from /home/munya/anaconda3/lib/python3.11/site-packages/airflow/example_dags/example_subdag_operator.py
[2024-05-21T15:27:06.812+0200] {processor.py:840} INFO - DAG(s) 'example_subdag_operator.section-1', 'example_subdag_operator.section-2', 'example_subdag_operator' retrieved from /home/munya/anaconda3/lib/python3.11/site-packages/airflow/example_dags/example_subdag_operator.py
[2024-05-21T15:27:06.834+0200] {logging_mixin.py:188} INFO - [2024-05-21T15:27:06.833+0200] {dag.py:3096} INFO - Sync 3 DAGs
[2024-05-21T15:27:06.855+0200] {logging_mixin.py:188} INFO - [2024-05-21T15:27:06.854+0200] {dag.py:3954} INFO - Setting next_dagrun for example_subdag_operator to 2022-01-01 00:00:00+00:00, run_after=2022-01-01 00:00:00+00:00
[2024-05-21T15:27:06.858+0200] {logging_mixin.py:188} INFO - [2024-05-21T15:27:06.857+0200] {dag.py:3954} INFO - Setting next_dagrun for example_subdag_operator.section-1 to None, run_after=None
[2024-05-21T15:27:06.859+0200] {logging_mixin.py:188} INFO - [2024-05-21T15:27:06.859+0200] {dag.py:3954} INFO - Setting next_dagrun for example_subdag_operator.section-2 to None, run_after=None
[2024-05-21T15:27:06.866+0200] {logging_mixin.py:188} INFO - [2024-05-21T15:27:06.866+0200] {dag.py:3096} INFO - Sync 2 DAGs
[2024-05-21T15:27:06.870+0200] {logging_mixin.py:188} INFO - [2024-05-21T15:27:06.870+0200] {dag.py:3954} INFO - Setting next_dagrun for example_subdag_operator.section-1 to None, run_after=None
[2024-05-21T15:27:06.870+0200] {logging_mixin.py:188} INFO - [2024-05-21T15:27:06.870+0200] {dag.py:3954} INFO - Setting next_dagrun for example_subdag_operator.section-2 to None, run_after=None
[2024-05-21T15:27:06.885+0200] {processor.py:183} INFO - Processing /home/munya/anaconda3/lib/python3.11/site-packages/airflow/example_dags/example_subdag_operator.py took 0.108 seconds
[2024-05-21T15:28:15.926+0200] {processor.py:161} INFO - Started process (PID=371834) to work on /home/munya/anaconda3/lib/python3.11/site-packages/airflow/example_dags/example_subdag_operator.py
[2024-05-21T15:28:15.928+0200] {processor.py:830} INFO - Processing file /home/munya/anaconda3/lib/python3.11/site-packages/airflow/example_dags/example_subdag_operator.py for tasks to queue
[2024-05-21T15:28:15.929+0200] {logging_mixin.py:188} INFO - [2024-05-21T15:28:15.928+0200] {dagbag.py:545} INFO - Filling up the DagBag from /home/munya/anaconda3/lib/python3.11/site-packages/airflow/example_dags/example_subdag_operator.py
[2024-05-21T15:28:15.955+0200] {processor.py:840} INFO - DAG(s) 'example_subdag_operator.section-1', 'example_subdag_operator.section-2', 'example_subdag_operator' retrieved from /home/munya/anaconda3/lib/python3.11/site-packages/airflow/example_dags/example_subdag_operator.py
[2024-05-21T15:28:15.974+0200] {logging_mixin.py:188} INFO - [2024-05-21T15:28:15.974+0200] {dag.py:3096} INFO - Sync 3 DAGs
[2024-05-21T15:28:15.999+0200] {logging_mixin.py:188} INFO - [2024-05-21T15:28:15.998+0200] {dag.py:3954} INFO - Setting next_dagrun for example_subdag_operator to 2022-01-01 00:00:00+00:00, run_after=2022-01-01 00:00:00+00:00
[2024-05-21T15:28:16.003+0200] {logging_mixin.py:188} INFO - [2024-05-21T15:28:16.003+0200] {dag.py:3954} INFO - Setting next_dagrun for example_subdag_operator.section-1 to None, run_after=None
[2024-05-21T15:28:16.005+0200] {logging_mixin.py:188} INFO - [2024-05-21T15:28:16.004+0200] {dag.py:3954} INFO - Setting next_dagrun for example_subdag_operator.section-2 to None, run_after=None
[2024-05-21T15:28:16.016+0200] {logging_mixin.py:188} INFO - [2024-05-21T15:28:16.016+0200] {dag.py:3096} INFO - Sync 2 DAGs
[2024-05-21T15:28:16.022+0200] {logging_mixin.py:188} INFO - [2024-05-21T15:28:16.022+0200] {dag.py:3954} INFO - Setting next_dagrun for example_subdag_operator.section-1 to None, run_after=None
[2024-05-21T15:28:16.023+0200] {logging_mixin.py:188} INFO - [2024-05-21T15:28:16.023+0200] {dag.py:3954} INFO - Setting next_dagrun for example_subdag_operator.section-2 to None, run_after=None
[2024-05-21T15:28:16.047+0200] {processor.py:183} INFO - Processing /home/munya/anaconda3/lib/python3.11/site-packages/airflow/example_dags/example_subdag_operator.py took 0.129 seconds
[2024-05-21T15:29:24.373+0200] {processor.py:161} INFO - Started process (PID=373203) to work on /home/munya/anaconda3/lib/python3.11/site-packages/airflow/example_dags/example_subdag_operator.py
[2024-05-21T15:29:24.374+0200] {processor.py:830} INFO - Processing file /home/munya/anaconda3/lib/python3.11/site-packages/airflow/example_dags/example_subdag_operator.py for tasks to queue
[2024-05-21T15:29:24.375+0200] {logging_mixin.py:188} INFO - [2024-05-21T15:29:24.375+0200] {dagbag.py:545} INFO - Filling up the DagBag from /home/munya/anaconda3/lib/python3.11/site-packages/airflow/example_dags/example_subdag_operator.py
[2024-05-21T15:29:24.400+0200] {processor.py:840} INFO - DAG(s) 'example_subdag_operator.section-1', 'example_subdag_operator.section-2', 'example_subdag_operator' retrieved from /home/munya/anaconda3/lib/python3.11/site-packages/airflow/example_dags/example_subdag_operator.py
[2024-05-21T15:29:24.418+0200] {logging_mixin.py:188} INFO - [2024-05-21T15:29:24.418+0200] {dag.py:3096} INFO - Sync 3 DAGs
[2024-05-21T15:29:24.441+0200] {logging_mixin.py:188} INFO - [2024-05-21T15:29:24.441+0200] {dag.py:3954} INFO - Setting next_dagrun for example_subdag_operator to 2022-01-01 00:00:00+00:00, run_after=2022-01-01 00:00:00+00:00
[2024-05-21T15:29:24.445+0200] {logging_mixin.py:188} INFO - [2024-05-21T15:29:24.445+0200] {dag.py:3954} INFO - Setting next_dagrun for example_subdag_operator.section-1 to None, run_after=None
[2024-05-21T15:29:24.446+0200] {logging_mixin.py:188} INFO - [2024-05-21T15:29:24.446+0200] {dag.py:3954} INFO - Setting next_dagrun for example_subdag_operator.section-2 to None, run_after=None
[2024-05-21T15:29:24.453+0200] {logging_mixin.py:188} INFO - [2024-05-21T15:29:24.452+0200] {dag.py:3096} INFO - Sync 2 DAGs
[2024-05-21T15:29:24.457+0200] {logging_mixin.py:188} INFO - [2024-05-21T15:29:24.457+0200] {dag.py:3954} INFO - Setting next_dagrun for example_subdag_operator.section-1 to None, run_after=None
[2024-05-21T15:29:24.457+0200] {logging_mixin.py:188} INFO - [2024-05-21T15:29:24.457+0200] {dag.py:3954} INFO - Setting next_dagrun for example_subdag_operator.section-2 to None, run_after=None
[2024-05-21T15:29:24.473+0200] {processor.py:183} INFO - Processing /home/munya/anaconda3/lib/python3.11/site-packages/airflow/example_dags/example_subdag_operator.py took 0.107 seconds
[2024-05-21T15:30:27.031+0200] {processor.py:161} INFO - Started process (PID=374470) to work on /home/munya/anaconda3/lib/python3.11/site-packages/airflow/example_dags/example_subdag_operator.py
[2024-05-21T15:30:27.033+0200] {processor.py:830} INFO - Processing file /home/munya/anaconda3/lib/python3.11/site-packages/airflow/example_dags/example_subdag_operator.py for tasks to queue
[2024-05-21T15:30:27.034+0200] {logging_mixin.py:188} INFO - [2024-05-21T15:30:27.033+0200] {dagbag.py:545} INFO - Filling up the DagBag from /home/munya/anaconda3/lib/python3.11/site-packages/airflow/example_dags/example_subdag_operator.py
[2024-05-21T15:30:27.063+0200] {processor.py:840} INFO - DAG(s) 'example_subdag_operator.section-1', 'example_subdag_operator.section-2', 'example_subdag_operator' retrieved from /home/munya/anaconda3/lib/python3.11/site-packages/airflow/example_dags/example_subdag_operator.py
[2024-05-21T15:30:27.085+0200] {logging_mixin.py:188} INFO - [2024-05-21T15:30:27.085+0200] {dag.py:3096} INFO - Sync 3 DAGs
[2024-05-21T15:30:27.111+0200] {logging_mixin.py:188} INFO - [2024-05-21T15:30:27.110+0200] {dag.py:3954} INFO - Setting next_dagrun for example_subdag_operator to 2022-01-01 00:00:00+00:00, run_after=2022-01-01 00:00:00+00:00
[2024-05-21T15:30:27.115+0200] {logging_mixin.py:188} INFO - [2024-05-21T15:30:27.114+0200] {dag.py:3954} INFO - Setting next_dagrun for example_subdag_operator.section-1 to None, run_after=None
[2024-05-21T15:30:27.116+0200] {logging_mixin.py:188} INFO - [2024-05-21T15:30:27.116+0200] {dag.py:3954} INFO - Setting next_dagrun for example_subdag_operator.section-2 to None, run_after=None
[2024-05-21T15:30:27.124+0200] {logging_mixin.py:188} INFO - [2024-05-21T15:30:27.124+0200] {dag.py:3096} INFO - Sync 2 DAGs
[2024-05-21T15:30:27.130+0200] {logging_mixin.py:188} INFO - [2024-05-21T15:30:27.130+0200] {dag.py:3954} INFO - Setting next_dagrun for example_subdag_operator.section-1 to None, run_after=None
[2024-05-21T15:30:27.131+0200] {logging_mixin.py:188} INFO - [2024-05-21T15:30:27.131+0200] {dag.py:3954} INFO - Setting next_dagrun for example_subdag_operator.section-2 to None, run_after=None
[2024-05-21T15:30:27.151+0200] {processor.py:183} INFO - Processing /home/munya/anaconda3/lib/python3.11/site-packages/airflow/example_dags/example_subdag_operator.py took 0.129 seconds
[2024-05-21T15:31:36.279+0200] {processor.py:161} INFO - Started process (PID=375856) to work on /home/munya/anaconda3/lib/python3.11/site-packages/airflow/example_dags/example_subdag_operator.py
[2024-05-21T15:31:36.332+0200] {processor.py:830} INFO - Processing file /home/munya/anaconda3/lib/python3.11/site-packages/airflow/example_dags/example_subdag_operator.py for tasks to queue
[2024-05-21T15:31:36.333+0200] {logging_mixin.py:188} INFO - [2024-05-21T15:31:36.333+0200] {dagbag.py:545} INFO - Filling up the DagBag from /home/munya/anaconda3/lib/python3.11/site-packages/airflow/example_dags/example_subdag_operator.py
[2024-05-21T15:31:36.374+0200] {processor.py:840} INFO - DAG(s) 'example_subdag_operator.section-1', 'example_subdag_operator.section-2', 'example_subdag_operator' retrieved from /home/munya/anaconda3/lib/python3.11/site-packages/airflow/example_dags/example_subdag_operator.py
[2024-05-21T15:31:36.414+0200] {logging_mixin.py:188} INFO - [2024-05-21T15:31:36.414+0200] {dag.py:3096} INFO - Sync 3 DAGs
[2024-05-21T15:31:36.454+0200] {logging_mixin.py:188} INFO - [2024-05-21T15:31:36.454+0200] {dag.py:3954} INFO - Setting next_dagrun for example_subdag_operator to 2022-01-01 00:00:00+00:00, run_after=2022-01-01 00:00:00+00:00
[2024-05-21T15:31:36.465+0200] {logging_mixin.py:188} INFO - [2024-05-21T15:31:36.464+0200] {dag.py:3954} INFO - Setting next_dagrun for example_subdag_operator.section-1 to None, run_after=None
[2024-05-21T15:31:36.467+0200] {logging_mixin.py:188} INFO - [2024-05-21T15:31:36.467+0200] {dag.py:3954} INFO - Setting next_dagrun for example_subdag_operator.section-2 to None, run_after=None
[2024-05-21T15:31:36.484+0200] {logging_mixin.py:188} INFO - [2024-05-21T15:31:36.484+0200] {dag.py:3096} INFO - Sync 2 DAGs
[2024-05-21T15:31:36.498+0200] {logging_mixin.py:188} INFO - [2024-05-21T15:31:36.498+0200] {dag.py:3954} INFO - Setting next_dagrun for example_subdag_operator.section-1 to None, run_after=None
[2024-05-21T15:31:36.499+0200] {logging_mixin.py:188} INFO - [2024-05-21T15:31:36.499+0200] {dag.py:3954} INFO - Setting next_dagrun for example_subdag_operator.section-2 to None, run_after=None
[2024-05-21T15:31:36.533+0200] {processor.py:183} INFO - Processing /home/munya/anaconda3/lib/python3.11/site-packages/airflow/example_dags/example_subdag_operator.py took 0.265 seconds
[2024-05-21T15:32:43.898+0200] {processor.py:161} INFO - Started process (PID=377204) to work on /home/munya/anaconda3/lib/python3.11/site-packages/airflow/example_dags/example_subdag_operator.py
[2024-05-21T15:32:43.899+0200] {processor.py:830} INFO - Processing file /home/munya/anaconda3/lib/python3.11/site-packages/airflow/example_dags/example_subdag_operator.py for tasks to queue
[2024-05-21T15:32:43.900+0200] {logging_mixin.py:188} INFO - [2024-05-21T15:32:43.900+0200] {dagbag.py:545} INFO - Filling up the DagBag from /home/munya/anaconda3/lib/python3.11/site-packages/airflow/example_dags/example_subdag_operator.py
[2024-05-21T15:32:43.927+0200] {processor.py:840} INFO - DAG(s) 'example_subdag_operator.section-1', 'example_subdag_operator.section-2', 'example_subdag_operator' retrieved from /home/munya/anaconda3/lib/python3.11/site-packages/airflow/example_dags/example_subdag_operator.py
[2024-05-21T15:32:43.946+0200] {logging_mixin.py:188} INFO - [2024-05-21T15:32:43.946+0200] {dag.py:3096} INFO - Sync 3 DAGs
[2024-05-21T15:32:43.966+0200] {logging_mixin.py:188} INFO - [2024-05-21T15:32:43.966+0200] {dag.py:3954} INFO - Setting next_dagrun for example_subdag_operator to 2022-01-01 00:00:00+00:00, run_after=2022-01-01 00:00:00+00:00
[2024-05-21T15:32:43.970+0200] {logging_mixin.py:188} INFO - [2024-05-21T15:32:43.970+0200] {dag.py:3954} INFO - Setting next_dagrun for example_subdag_operator.section-1 to None, run_after=None
[2024-05-21T15:32:43.972+0200] {logging_mixin.py:188} INFO - [2024-05-21T15:32:43.972+0200] {dag.py:3954} INFO - Setting next_dagrun for example_subdag_operator.section-2 to None, run_after=None
[2024-05-21T15:32:43.979+0200] {logging_mixin.py:188} INFO - [2024-05-21T15:32:43.979+0200] {dag.py:3096} INFO - Sync 2 DAGs
[2024-05-21T15:32:43.984+0200] {logging_mixin.py:188} INFO - [2024-05-21T15:32:43.984+0200] {dag.py:3954} INFO - Setting next_dagrun for example_subdag_operator.section-1 to None, run_after=None
[2024-05-21T15:32:43.984+0200] {logging_mixin.py:188} INFO - [2024-05-21T15:32:43.984+0200] {dag.py:3954} INFO - Setting next_dagrun for example_subdag_operator.section-2 to None, run_after=None
[2024-05-21T15:32:43.996+0200] {processor.py:183} INFO - Processing /home/munya/anaconda3/lib/python3.11/site-packages/airflow/example_dags/example_subdag_operator.py took 0.105 seconds
[2024-05-21T15:33:51.178+0200] {processor.py:161} INFO - Started process (PID=378540) to work on /home/munya/anaconda3/lib/python3.11/site-packages/airflow/example_dags/example_subdag_operator.py
[2024-05-21T15:33:51.179+0200] {processor.py:830} INFO - Processing file /home/munya/anaconda3/lib/python3.11/site-packages/airflow/example_dags/example_subdag_operator.py for tasks to queue
[2024-05-21T15:33:51.180+0200] {logging_mixin.py:188} INFO - [2024-05-21T15:33:51.180+0200] {dagbag.py:545} INFO - Filling up the DagBag from /home/munya/anaconda3/lib/python3.11/site-packages/airflow/example_dags/example_subdag_operator.py
[2024-05-21T15:33:51.204+0200] {processor.py:840} INFO - DAG(s) 'example_subdag_operator.section-1', 'example_subdag_operator.section-2', 'example_subdag_operator' retrieved from /home/munya/anaconda3/lib/python3.11/site-packages/airflow/example_dags/example_subdag_operator.py
[2024-05-21T15:33:51.222+0200] {logging_mixin.py:188} INFO - [2024-05-21T15:33:51.222+0200] {dag.py:3096} INFO - Sync 3 DAGs
[2024-05-21T15:33:51.238+0200] {logging_mixin.py:188} INFO - [2024-05-21T15:33:51.238+0200] {dag.py:3954} INFO - Setting next_dagrun for example_subdag_operator to 2022-01-01 00:00:00+00:00, run_after=2022-01-01 00:00:00+00:00
[2024-05-21T15:33:51.241+0200] {logging_mixin.py:188} INFO - [2024-05-21T15:33:51.241+0200] {dag.py:3954} INFO - Setting next_dagrun for example_subdag_operator.section-1 to None, run_after=None
[2024-05-21T15:33:51.242+0200] {logging_mixin.py:188} INFO - [2024-05-21T15:33:51.242+0200] {dag.py:3954} INFO - Setting next_dagrun for example_subdag_operator.section-2 to None, run_after=None
[2024-05-21T15:33:51.247+0200] {logging_mixin.py:188} INFO - [2024-05-21T15:33:51.247+0200] {dag.py:3096} INFO - Sync 2 DAGs
[2024-05-21T15:33:51.252+0200] {logging_mixin.py:188} INFO - [2024-05-21T15:33:51.252+0200] {dag.py:3954} INFO - Setting next_dagrun for example_subdag_operator.section-1 to None, run_after=None
[2024-05-21T15:33:51.252+0200] {logging_mixin.py:188} INFO - [2024-05-21T15:33:51.252+0200] {dag.py:3954} INFO - Setting next_dagrun for example_subdag_operator.section-2 to None, run_after=None
[2024-05-21T15:33:51.266+0200] {processor.py:183} INFO - Processing /home/munya/anaconda3/lib/python3.11/site-packages/airflow/example_dags/example_subdag_operator.py took 0.094 seconds
[2024-05-21T15:35:00.976+0200] {processor.py:161} INFO - Started process (PID=379982) to work on /home/munya/anaconda3/lib/python3.11/site-packages/airflow/example_dags/example_subdag_operator.py
[2024-05-21T15:35:00.980+0200] {processor.py:830} INFO - Processing file /home/munya/anaconda3/lib/python3.11/site-packages/airflow/example_dags/example_subdag_operator.py for tasks to queue
[2024-05-21T15:35:00.983+0200] {logging_mixin.py:188} INFO - [2024-05-21T15:35:00.982+0200] {dagbag.py:545} INFO - Filling up the DagBag from /home/munya/anaconda3/lib/python3.11/site-packages/airflow/example_dags/example_subdag_operator.py
[2024-05-21T15:35:01.065+0200] {processor.py:840} INFO - DAG(s) 'example_subdag_operator.section-1', 'example_subdag_operator.section-2', 'example_subdag_operator' retrieved from /home/munya/anaconda3/lib/python3.11/site-packages/airflow/example_dags/example_subdag_operator.py
[2024-05-21T15:35:01.142+0200] {logging_mixin.py:188} INFO - [2024-05-21T15:35:01.142+0200] {dag.py:3096} INFO - Sync 3 DAGs
[2024-05-21T15:35:01.198+0200] {logging_mixin.py:188} INFO - [2024-05-21T15:35:01.198+0200] {dag.py:3954} INFO - Setting next_dagrun for example_subdag_operator to 2022-01-01 00:00:00+00:00, run_after=2022-01-01 00:00:00+00:00
[2024-05-21T15:35:01.202+0200] {logging_mixin.py:188} INFO - [2024-05-21T15:35:01.201+0200] {dag.py:3954} INFO - Setting next_dagrun for example_subdag_operator.section-1 to None, run_after=None
[2024-05-21T15:35:01.203+0200] {logging_mixin.py:188} INFO - [2024-05-21T15:35:01.203+0200] {dag.py:3954} INFO - Setting next_dagrun for example_subdag_operator.section-2 to None, run_after=None
[2024-05-21T15:35:01.210+0200] {logging_mixin.py:188} INFO - [2024-05-21T15:35:01.210+0200] {dag.py:3096} INFO - Sync 2 DAGs
[2024-05-21T15:35:01.216+0200] {logging_mixin.py:188} INFO - [2024-05-21T15:35:01.216+0200] {dag.py:3954} INFO - Setting next_dagrun for example_subdag_operator.section-1 to None, run_after=None
[2024-05-21T15:35:01.217+0200] {logging_mixin.py:188} INFO - [2024-05-21T15:35:01.217+0200] {dag.py:3954} INFO - Setting next_dagrun for example_subdag_operator.section-2 to None, run_after=None
[2024-05-21T15:35:01.234+0200] {processor.py:183} INFO - Processing /home/munya/anaconda3/lib/python3.11/site-packages/airflow/example_dags/example_subdag_operator.py took 0.282 seconds
[2024-05-21T15:36:09.128+0200] {processor.py:161} INFO - Started process (PID=381343) to work on /home/munya/anaconda3/lib/python3.11/site-packages/airflow/example_dags/example_subdag_operator.py
[2024-05-21T15:36:09.129+0200] {processor.py:830} INFO - Processing file /home/munya/anaconda3/lib/python3.11/site-packages/airflow/example_dags/example_subdag_operator.py for tasks to queue
[2024-05-21T15:36:09.130+0200] {logging_mixin.py:188} INFO - [2024-05-21T15:36:09.130+0200] {dagbag.py:545} INFO - Filling up the DagBag from /home/munya/anaconda3/lib/python3.11/site-packages/airflow/example_dags/example_subdag_operator.py
[2024-05-21T15:36:09.153+0200] {processor.py:840} INFO - DAG(s) 'example_subdag_operator.section-1', 'example_subdag_operator.section-2', 'example_subdag_operator' retrieved from /home/munya/anaconda3/lib/python3.11/site-packages/airflow/example_dags/example_subdag_operator.py
[2024-05-21T15:36:09.169+0200] {logging_mixin.py:188} INFO - [2024-05-21T15:36:09.169+0200] {dag.py:3096} INFO - Sync 3 DAGs
[2024-05-21T15:36:09.190+0200] {logging_mixin.py:188} INFO - [2024-05-21T15:36:09.190+0200] {dag.py:3954} INFO - Setting next_dagrun for example_subdag_operator to 2022-01-01 00:00:00+00:00, run_after=2022-01-01 00:00:00+00:00
[2024-05-21T15:36:09.194+0200] {logging_mixin.py:188} INFO - [2024-05-21T15:36:09.193+0200] {dag.py:3954} INFO - Setting next_dagrun for example_subdag_operator.section-1 to None, run_after=None
[2024-05-21T15:36:09.195+0200] {logging_mixin.py:188} INFO - [2024-05-21T15:36:09.194+0200] {dag.py:3954} INFO - Setting next_dagrun for example_subdag_operator.section-2 to None, run_after=None
[2024-05-21T15:36:09.201+0200] {logging_mixin.py:188} INFO - [2024-05-21T15:36:09.201+0200] {dag.py:3096} INFO - Sync 2 DAGs
[2024-05-21T15:36:09.205+0200] {logging_mixin.py:188} INFO - [2024-05-21T15:36:09.205+0200] {dag.py:3954} INFO - Setting next_dagrun for example_subdag_operator.section-1 to None, run_after=None
[2024-05-21T15:36:09.206+0200] {logging_mixin.py:188} INFO - [2024-05-21T15:36:09.205+0200] {dag.py:3954} INFO - Setting next_dagrun for example_subdag_operator.section-2 to None, run_after=None
[2024-05-21T15:36:09.223+0200] {processor.py:183} INFO - Processing /home/munya/anaconda3/lib/python3.11/site-packages/airflow/example_dags/example_subdag_operator.py took 0.102 seconds
[2024-05-21T15:37:22.534+0200] {processor.py:161} INFO - Started process (PID=382856) to work on /home/munya/anaconda3/lib/python3.11/site-packages/airflow/example_dags/example_subdag_operator.py
[2024-05-21T15:37:22.535+0200] {processor.py:830} INFO - Processing file /home/munya/anaconda3/lib/python3.11/site-packages/airflow/example_dags/example_subdag_operator.py for tasks to queue
[2024-05-21T15:37:22.537+0200] {logging_mixin.py:188} INFO - [2024-05-21T15:37:22.536+0200] {dagbag.py:545} INFO - Filling up the DagBag from /home/munya/anaconda3/lib/python3.11/site-packages/airflow/example_dags/example_subdag_operator.py
[2024-05-21T15:37:22.559+0200] {processor.py:840} INFO - DAG(s) 'example_subdag_operator.section-1', 'example_subdag_operator.section-2', 'example_subdag_operator' retrieved from /home/munya/anaconda3/lib/python3.11/site-packages/airflow/example_dags/example_subdag_operator.py
[2024-05-21T15:37:22.579+0200] {logging_mixin.py:188} INFO - [2024-05-21T15:37:22.578+0200] {dag.py:3096} INFO - Sync 3 DAGs
[2024-05-21T15:37:22.599+0200] {logging_mixin.py:188} INFO - [2024-05-21T15:37:22.598+0200] {dag.py:3954} INFO - Setting next_dagrun for example_subdag_operator to 2022-01-01 00:00:00+00:00, run_after=2022-01-01 00:00:00+00:00
[2024-05-21T15:37:22.602+0200] {logging_mixin.py:188} INFO - [2024-05-21T15:37:22.602+0200] {dag.py:3954} INFO - Setting next_dagrun for example_subdag_operator.section-1 to None, run_after=None
[2024-05-21T15:37:22.603+0200] {logging_mixin.py:188} INFO - [2024-05-21T15:37:22.603+0200] {dag.py:3954} INFO - Setting next_dagrun for example_subdag_operator.section-2 to None, run_after=None
[2024-05-21T15:37:22.609+0200] {logging_mixin.py:188} INFO - [2024-05-21T15:37:22.609+0200] {dag.py:3096} INFO - Sync 2 DAGs
[2024-05-21T15:37:22.614+0200] {logging_mixin.py:188} INFO - [2024-05-21T15:37:22.614+0200] {dag.py:3954} INFO - Setting next_dagrun for example_subdag_operator.section-1 to None, run_after=None
[2024-05-21T15:37:22.615+0200] {logging_mixin.py:188} INFO - [2024-05-21T15:37:22.615+0200] {dag.py:3954} INFO - Setting next_dagrun for example_subdag_operator.section-2 to None, run_after=None
[2024-05-21T15:37:22.628+0200] {processor.py:183} INFO - Processing /home/munya/anaconda3/lib/python3.11/site-packages/airflow/example_dags/example_subdag_operator.py took 0.101 seconds
[2024-05-21T15:38:30.921+0200] {processor.py:161} INFO - Started process (PID=384248) to work on /home/munya/anaconda3/lib/python3.11/site-packages/airflow/example_dags/example_subdag_operator.py
[2024-05-21T15:38:30.925+0200] {processor.py:830} INFO - Processing file /home/munya/anaconda3/lib/python3.11/site-packages/airflow/example_dags/example_subdag_operator.py for tasks to queue
[2024-05-21T15:38:30.928+0200] {logging_mixin.py:188} INFO - [2024-05-21T15:38:30.926+0200] {dagbag.py:545} INFO - Filling up the DagBag from /home/munya/anaconda3/lib/python3.11/site-packages/airflow/example_dags/example_subdag_operator.py
[2024-05-21T15:38:31.008+0200] {processor.py:840} INFO - DAG(s) 'example_subdag_operator.section-1', 'example_subdag_operator.section-2', 'example_subdag_operator' retrieved from /home/munya/anaconda3/lib/python3.11/site-packages/airflow/example_dags/example_subdag_operator.py
[2024-05-21T15:38:31.085+0200] {logging_mixin.py:188} INFO - [2024-05-21T15:38:31.084+0200] {dag.py:3096} INFO - Sync 3 DAGs
[2024-05-21T15:38:31.160+0200] {logging_mixin.py:188} INFO - [2024-05-21T15:38:31.159+0200] {dag.py:3954} INFO - Setting next_dagrun for example_subdag_operator to 2022-01-01 00:00:00+00:00, run_after=2022-01-01 00:00:00+00:00
[2024-05-21T15:38:31.174+0200] {logging_mixin.py:188} INFO - [2024-05-21T15:38:31.173+0200] {dag.py:3954} INFO - Setting next_dagrun for example_subdag_operator.section-1 to None, run_after=None
[2024-05-21T15:38:31.178+0200] {logging_mixin.py:188} INFO - [2024-05-21T15:38:31.177+0200] {dag.py:3954} INFO - Setting next_dagrun for example_subdag_operator.section-2 to None, run_after=None
[2024-05-21T15:38:31.202+0200] {logging_mixin.py:188} INFO - [2024-05-21T15:38:31.201+0200] {dag.py:3096} INFO - Sync 2 DAGs
[2024-05-21T15:38:31.222+0200] {logging_mixin.py:188} INFO - [2024-05-21T15:38:31.221+0200] {dag.py:3954} INFO - Setting next_dagrun for example_subdag_operator.section-1 to None, run_after=None
[2024-05-21T15:38:31.224+0200] {logging_mixin.py:188} INFO - [2024-05-21T15:38:31.223+0200] {dag.py:3954} INFO - Setting next_dagrun for example_subdag_operator.section-2 to None, run_after=None
[2024-05-21T15:38:31.287+0200] {processor.py:183} INFO - Processing /home/munya/anaconda3/lib/python3.11/site-packages/airflow/example_dags/example_subdag_operator.py took 0.390 seconds
[2024-05-21T15:39:38.977+0200] {processor.py:161} INFO - Started process (PID=385658) to work on /home/munya/anaconda3/lib/python3.11/site-packages/airflow/example_dags/example_subdag_operator.py
[2024-05-21T15:39:38.978+0200] {processor.py:830} INFO - Processing file /home/munya/anaconda3/lib/python3.11/site-packages/airflow/example_dags/example_subdag_operator.py for tasks to queue
[2024-05-21T15:39:38.979+0200] {logging_mixin.py:188} INFO - [2024-05-21T15:39:38.979+0200] {dagbag.py:545} INFO - Filling up the DagBag from /home/munya/anaconda3/lib/python3.11/site-packages/airflow/example_dags/example_subdag_operator.py
[2024-05-21T15:39:38.998+0200] {processor.py:840} INFO - DAG(s) 'example_subdag_operator.section-1', 'example_subdag_operator.section-2', 'example_subdag_operator' retrieved from /home/munya/anaconda3/lib/python3.11/site-packages/airflow/example_dags/example_subdag_operator.py
[2024-05-21T15:39:39.020+0200] {logging_mixin.py:188} INFO - [2024-05-21T15:39:39.019+0200] {dag.py:3096} INFO - Sync 3 DAGs
[2024-05-21T15:39:39.038+0200] {logging_mixin.py:188} INFO - [2024-05-21T15:39:39.038+0200] {dag.py:3954} INFO - Setting next_dagrun for example_subdag_operator to 2022-01-01 00:00:00+00:00, run_after=2022-01-01 00:00:00+00:00
[2024-05-21T15:39:39.041+0200] {logging_mixin.py:188} INFO - [2024-05-21T15:39:39.041+0200] {dag.py:3954} INFO - Setting next_dagrun for example_subdag_operator.section-1 to None, run_after=None
[2024-05-21T15:39:39.042+0200] {logging_mixin.py:188} INFO - [2024-05-21T15:39:39.042+0200] {dag.py:3954} INFO - Setting next_dagrun for example_subdag_operator.section-2 to None, run_after=None
[2024-05-21T15:39:39.047+0200] {logging_mixin.py:188} INFO - [2024-05-21T15:39:39.047+0200] {dag.py:3096} INFO - Sync 2 DAGs
[2024-05-21T15:39:39.050+0200] {logging_mixin.py:188} INFO - [2024-05-21T15:39:39.050+0200] {dag.py:3954} INFO - Setting next_dagrun for example_subdag_operator.section-1 to None, run_after=None
[2024-05-21T15:39:39.051+0200] {logging_mixin.py:188} INFO - [2024-05-21T15:39:39.051+0200] {dag.py:3954} INFO - Setting next_dagrun for example_subdag_operator.section-2 to None, run_after=None
[2024-05-21T15:39:39.062+0200] {processor.py:183} INFO - Processing /home/munya/anaconda3/lib/python3.11/site-packages/airflow/example_dags/example_subdag_operator.py took 0.092 seconds
[2024-05-21T15:40:45.248+0200] {processor.py:161} INFO - Started process (PID=386999) to work on /home/munya/anaconda3/lib/python3.11/site-packages/airflow/example_dags/example_subdag_operator.py
[2024-05-21T15:40:45.249+0200] {processor.py:830} INFO - Processing file /home/munya/anaconda3/lib/python3.11/site-packages/airflow/example_dags/example_subdag_operator.py for tasks to queue
[2024-05-21T15:40:45.251+0200] {logging_mixin.py:188} INFO - [2024-05-21T15:40:45.250+0200] {dagbag.py:545} INFO - Filling up the DagBag from /home/munya/anaconda3/lib/python3.11/site-packages/airflow/example_dags/example_subdag_operator.py
[2024-05-21T15:40:45.276+0200] {processor.py:840} INFO - DAG(s) 'example_subdag_operator.section-1', 'example_subdag_operator.section-2', 'example_subdag_operator' retrieved from /home/munya/anaconda3/lib/python3.11/site-packages/airflow/example_dags/example_subdag_operator.py
[2024-05-21T15:40:45.297+0200] {logging_mixin.py:188} INFO - [2024-05-21T15:40:45.296+0200] {dag.py:3096} INFO - Sync 3 DAGs
[2024-05-21T15:40:45.319+0200] {logging_mixin.py:188} INFO - [2024-05-21T15:40:45.319+0200] {dag.py:3954} INFO - Setting next_dagrun for example_subdag_operator to 2022-01-01 00:00:00+00:00, run_after=2022-01-01 00:00:00+00:00
[2024-05-21T15:40:45.323+0200] {logging_mixin.py:188} INFO - [2024-05-21T15:40:45.322+0200] {dag.py:3954} INFO - Setting next_dagrun for example_subdag_operator.section-1 to None, run_after=None
[2024-05-21T15:40:45.324+0200] {logging_mixin.py:188} INFO - [2024-05-21T15:40:45.324+0200] {dag.py:3954} INFO - Setting next_dagrun for example_subdag_operator.section-2 to None, run_after=None
[2024-05-21T15:40:45.330+0200] {logging_mixin.py:188} INFO - [2024-05-21T15:40:45.330+0200] {dag.py:3096} INFO - Sync 2 DAGs
[2024-05-21T15:40:45.335+0200] {logging_mixin.py:188} INFO - [2024-05-21T15:40:45.335+0200] {dag.py:3954} INFO - Setting next_dagrun for example_subdag_operator.section-1 to None, run_after=None
[2024-05-21T15:40:45.335+0200] {logging_mixin.py:188} INFO - [2024-05-21T15:40:45.335+0200] {dag.py:3954} INFO - Setting next_dagrun for example_subdag_operator.section-2 to None, run_after=None
[2024-05-21T15:40:45.355+0200] {processor.py:183} INFO - Processing /home/munya/anaconda3/lib/python3.11/site-packages/airflow/example_dags/example_subdag_operator.py took 0.114 seconds
[2024-05-21T15:41:57.557+0200] {processor.py:161} INFO - Started process (PID=388475) to work on /home/munya/anaconda3/lib/python3.11/site-packages/airflow/example_dags/example_subdag_operator.py
[2024-05-21T15:41:57.559+0200] {processor.py:830} INFO - Processing file /home/munya/anaconda3/lib/python3.11/site-packages/airflow/example_dags/example_subdag_operator.py for tasks to queue
[2024-05-21T15:41:57.560+0200] {logging_mixin.py:188} INFO - [2024-05-21T15:41:57.560+0200] {dagbag.py:545} INFO - Filling up the DagBag from /home/munya/anaconda3/lib/python3.11/site-packages/airflow/example_dags/example_subdag_operator.py
[2024-05-21T15:41:57.586+0200] {processor.py:840} INFO - DAG(s) 'example_subdag_operator.section-1', 'example_subdag_operator.section-2', 'example_subdag_operator' retrieved from /home/munya/anaconda3/lib/python3.11/site-packages/airflow/example_dags/example_subdag_operator.py
[2024-05-21T15:41:57.605+0200] {logging_mixin.py:188} INFO - [2024-05-21T15:41:57.604+0200] {dag.py:3096} INFO - Sync 3 DAGs
[2024-05-21T15:41:57.625+0200] {logging_mixin.py:188} INFO - [2024-05-21T15:41:57.624+0200] {dag.py:3954} INFO - Setting next_dagrun for example_subdag_operator to 2022-01-01 00:00:00+00:00, run_after=2022-01-01 00:00:00+00:00
[2024-05-21T15:41:57.628+0200] {logging_mixin.py:188} INFO - [2024-05-21T15:41:57.628+0200] {dag.py:3954} INFO - Setting next_dagrun for example_subdag_operator.section-1 to None, run_after=None
[2024-05-21T15:41:57.629+0200] {logging_mixin.py:188} INFO - [2024-05-21T15:41:57.629+0200] {dag.py:3954} INFO - Setting next_dagrun for example_subdag_operator.section-2 to None, run_after=None
[2024-05-21T15:41:57.636+0200] {logging_mixin.py:188} INFO - [2024-05-21T15:41:57.635+0200] {dag.py:3096} INFO - Sync 2 DAGs
[2024-05-21T15:41:57.639+0200] {logging_mixin.py:188} INFO - [2024-05-21T15:41:57.639+0200] {dag.py:3954} INFO - Setting next_dagrun for example_subdag_operator.section-1 to None, run_after=None
[2024-05-21T15:41:57.640+0200] {logging_mixin.py:188} INFO - [2024-05-21T15:41:57.640+0200] {dag.py:3954} INFO - Setting next_dagrun for example_subdag_operator.section-2 to None, run_after=None
[2024-05-21T15:41:57.650+0200] {processor.py:183} INFO - Processing /home/munya/anaconda3/lib/python3.11/site-packages/airflow/example_dags/example_subdag_operator.py took 0.099 seconds
[2024-05-21T15:43:04.035+0200] {processor.py:161} INFO - Started process (PID=389800) to work on /home/munya/anaconda3/lib/python3.11/site-packages/airflow/example_dags/example_subdag_operator.py
[2024-05-21T15:43:04.036+0200] {processor.py:830} INFO - Processing file /home/munya/anaconda3/lib/python3.11/site-packages/airflow/example_dags/example_subdag_operator.py for tasks to queue
[2024-05-21T15:43:04.037+0200] {logging_mixin.py:188} INFO - [2024-05-21T15:43:04.037+0200] {dagbag.py:545} INFO - Filling up the DagBag from /home/munya/anaconda3/lib/python3.11/site-packages/airflow/example_dags/example_subdag_operator.py
[2024-05-21T15:43:04.064+0200] {processor.py:840} INFO - DAG(s) 'example_subdag_operator.section-1', 'example_subdag_operator.section-2', 'example_subdag_operator' retrieved from /home/munya/anaconda3/lib/python3.11/site-packages/airflow/example_dags/example_subdag_operator.py
[2024-05-21T15:43:04.083+0200] {logging_mixin.py:188} INFO - [2024-05-21T15:43:04.083+0200] {dag.py:3096} INFO - Sync 3 DAGs
[2024-05-21T15:43:04.106+0200] {logging_mixin.py:188} INFO - [2024-05-21T15:43:04.105+0200] {dag.py:3954} INFO - Setting next_dagrun for example_subdag_operator to 2022-01-01 00:00:00+00:00, run_after=2022-01-01 00:00:00+00:00
[2024-05-21T15:43:04.109+0200] {logging_mixin.py:188} INFO - [2024-05-21T15:43:04.109+0200] {dag.py:3954} INFO - Setting next_dagrun for example_subdag_operator.section-1 to None, run_after=None
[2024-05-21T15:43:04.111+0200] {logging_mixin.py:188} INFO - [2024-05-21T15:43:04.110+0200] {dag.py:3954} INFO - Setting next_dagrun for example_subdag_operator.section-2 to None, run_after=None
[2024-05-21T15:43:04.118+0200] {logging_mixin.py:188} INFO - [2024-05-21T15:43:04.117+0200] {dag.py:3096} INFO - Sync 2 DAGs
[2024-05-21T15:43:04.122+0200] {logging_mixin.py:188} INFO - [2024-05-21T15:43:04.122+0200] {dag.py:3954} INFO - Setting next_dagrun for example_subdag_operator.section-1 to None, run_after=None
[2024-05-21T15:43:04.123+0200] {logging_mixin.py:188} INFO - [2024-05-21T15:43:04.122+0200] {dag.py:3954} INFO - Setting next_dagrun for example_subdag_operator.section-2 to None, run_after=None
[2024-05-21T15:43:04.137+0200] {processor.py:183} INFO - Processing /home/munya/anaconda3/lib/python3.11/site-packages/airflow/example_dags/example_subdag_operator.py took 0.109 seconds
[2024-05-21T15:44:20.123+0200] {processor.py:161} INFO - Started process (PID=391219) to work on /home/munya/anaconda3/lib/python3.11/site-packages/airflow/example_dags/example_subdag_operator.py
[2024-05-21T15:44:20.125+0200] {processor.py:830} INFO - Processing file /home/munya/anaconda3/lib/python3.11/site-packages/airflow/example_dags/example_subdag_operator.py for tasks to queue
[2024-05-21T15:44:20.128+0200] {logging_mixin.py:188} INFO - [2024-05-21T15:44:20.125+0200] {dagbag.py:545} INFO - Filling up the DagBag from /home/munya/anaconda3/lib/python3.11/site-packages/airflow/example_dags/example_subdag_operator.py
[2024-05-21T15:44:20.171+0200] {processor.py:840} INFO - DAG(s) 'example_subdag_operator.section-1', 'example_subdag_operator.section-2', 'example_subdag_operator' retrieved from /home/munya/anaconda3/lib/python3.11/site-packages/airflow/example_dags/example_subdag_operator.py
[2024-05-21T15:44:20.195+0200] {logging_mixin.py:188} INFO - [2024-05-21T15:44:20.195+0200] {dag.py:3096} INFO - Sync 3 DAGs
[2024-05-21T15:44:20.226+0200] {logging_mixin.py:188} INFO - [2024-05-21T15:44:20.226+0200] {dag.py:3954} INFO - Setting next_dagrun for example_subdag_operator to 2022-01-01 00:00:00+00:00, run_after=2022-01-01 00:00:00+00:00
[2024-05-21T15:44:20.232+0200] {logging_mixin.py:188} INFO - [2024-05-21T15:44:20.232+0200] {dag.py:3954} INFO - Setting next_dagrun for example_subdag_operator.section-1 to None, run_after=None
[2024-05-21T15:44:20.233+0200] {logging_mixin.py:188} INFO - [2024-05-21T15:44:20.233+0200] {dag.py:3954} INFO - Setting next_dagrun for example_subdag_operator.section-2 to None, run_after=None
[2024-05-21T15:44:20.241+0200] {logging_mixin.py:188} INFO - [2024-05-21T15:44:20.240+0200] {dag.py:3096} INFO - Sync 2 DAGs
[2024-05-21T15:44:20.245+0200] {logging_mixin.py:188} INFO - [2024-05-21T15:44:20.245+0200] {dag.py:3954} INFO - Setting next_dagrun for example_subdag_operator.section-1 to None, run_after=None
[2024-05-21T15:44:20.246+0200] {logging_mixin.py:188} INFO - [2024-05-21T15:44:20.246+0200] {dag.py:3954} INFO - Setting next_dagrun for example_subdag_operator.section-2 to None, run_after=None
[2024-05-21T15:44:20.267+0200] {processor.py:183} INFO - Processing /home/munya/anaconda3/lib/python3.11/site-packages/airflow/example_dags/example_subdag_operator.py took 0.154 seconds
[2024-05-21T15:45:47.581+0200] {processor.py:161} INFO - Started process (PID=392806) to work on /home/munya/anaconda3/lib/python3.11/site-packages/airflow/example_dags/example_subdag_operator.py
[2024-05-21T15:45:47.584+0200] {processor.py:830} INFO - Processing file /home/munya/anaconda3/lib/python3.11/site-packages/airflow/example_dags/example_subdag_operator.py for tasks to queue
[2024-05-21T15:45:47.589+0200] {logging_mixin.py:188} INFO - [2024-05-21T15:45:47.585+0200] {dagbag.py:545} INFO - Filling up the DagBag from /home/munya/anaconda3/lib/python3.11/site-packages/airflow/example_dags/example_subdag_operator.py
[2024-05-21T15:45:47.622+0200] {processor.py:840} INFO - DAG(s) 'example_subdag_operator.section-1', 'example_subdag_operator.section-2', 'example_subdag_operator' retrieved from /home/munya/anaconda3/lib/python3.11/site-packages/airflow/example_dags/example_subdag_operator.py
[2024-05-21T15:45:47.649+0200] {logging_mixin.py:188} INFO - [2024-05-21T15:45:47.649+0200] {dag.py:3096} INFO - Sync 3 DAGs
[2024-05-21T15:45:47.672+0200] {logging_mixin.py:188} INFO - [2024-05-21T15:45:47.671+0200] {dag.py:3954} INFO - Setting next_dagrun for example_subdag_operator to 2022-01-01 00:00:00+00:00, run_after=2022-01-01 00:00:00+00:00
[2024-05-21T15:45:47.677+0200] {logging_mixin.py:188} INFO - [2024-05-21T15:45:47.676+0200] {dag.py:3954} INFO - Setting next_dagrun for example_subdag_operator.section-1 to None, run_after=None
[2024-05-21T15:45:47.678+0200] {logging_mixin.py:188} INFO - [2024-05-21T15:45:47.677+0200] {dag.py:3954} INFO - Setting next_dagrun for example_subdag_operator.section-2 to None, run_after=None
[2024-05-21T15:45:47.684+0200] {logging_mixin.py:188} INFO - [2024-05-21T15:45:47.684+0200] {dag.py:3096} INFO - Sync 2 DAGs
[2024-05-21T15:45:47.688+0200] {logging_mixin.py:188} INFO - [2024-05-21T15:45:47.688+0200] {dag.py:3954} INFO - Setting next_dagrun for example_subdag_operator.section-1 to None, run_after=None
[2024-05-21T15:45:47.689+0200] {logging_mixin.py:188} INFO - [2024-05-21T15:45:47.689+0200] {dag.py:3954} INFO - Setting next_dagrun for example_subdag_operator.section-2 to None, run_after=None
[2024-05-21T15:45:47.702+0200] {processor.py:183} INFO - Processing /home/munya/anaconda3/lib/python3.11/site-packages/airflow/example_dags/example_subdag_operator.py took 0.131 seconds
[2024-05-21T15:47:24.581+0200] {processor.py:161} INFO - Started process (PID=394372) to work on /home/munya/anaconda3/lib/python3.11/site-packages/airflow/example_dags/example_subdag_operator.py
[2024-05-21T15:47:24.583+0200] {processor.py:830} INFO - Processing file /home/munya/anaconda3/lib/python3.11/site-packages/airflow/example_dags/example_subdag_operator.py for tasks to queue
[2024-05-21T15:47:24.583+0200] {logging_mixin.py:188} INFO - [2024-05-21T15:47:24.583+0200] {dagbag.py:545} INFO - Filling up the DagBag from /home/munya/anaconda3/lib/python3.11/site-packages/airflow/example_dags/example_subdag_operator.py
[2024-05-21T15:47:24.609+0200] {processor.py:840} INFO - DAG(s) 'example_subdag_operator.section-1', 'example_subdag_operator.section-2', 'example_subdag_operator' retrieved from /home/munya/anaconda3/lib/python3.11/site-packages/airflow/example_dags/example_subdag_operator.py
[2024-05-21T15:47:24.629+0200] {logging_mixin.py:188} INFO - [2024-05-21T15:47:24.628+0200] {dag.py:3096} INFO - Sync 3 DAGs
[2024-05-21T15:47:24.649+0200] {logging_mixin.py:188} INFO - [2024-05-21T15:47:24.649+0200] {dag.py:3954} INFO - Setting next_dagrun for example_subdag_operator to 2022-01-01 00:00:00+00:00, run_after=2022-01-01 00:00:00+00:00
[2024-05-21T15:47:24.652+0200] {logging_mixin.py:188} INFO - [2024-05-21T15:47:24.652+0200] {dag.py:3954} INFO - Setting next_dagrun for example_subdag_operator.section-1 to None, run_after=None
[2024-05-21T15:47:24.653+0200] {logging_mixin.py:188} INFO - [2024-05-21T15:47:24.653+0200] {dag.py:3954} INFO - Setting next_dagrun for example_subdag_operator.section-2 to None, run_after=None
[2024-05-21T15:47:24.660+0200] {logging_mixin.py:188} INFO - [2024-05-21T15:47:24.660+0200] {dag.py:3096} INFO - Sync 2 DAGs
[2024-05-21T15:47:24.664+0200] {logging_mixin.py:188} INFO - [2024-05-21T15:47:24.664+0200] {dag.py:3954} INFO - Setting next_dagrun for example_subdag_operator.section-1 to None, run_after=None
[2024-05-21T15:47:24.664+0200] {logging_mixin.py:188} INFO - [2024-05-21T15:47:24.664+0200] {dag.py:3954} INFO - Setting next_dagrun for example_subdag_operator.section-2 to None, run_after=None
[2024-05-21T15:47:24.675+0200] {processor.py:183} INFO - Processing /home/munya/anaconda3/lib/python3.11/site-packages/airflow/example_dags/example_subdag_operator.py took 0.099 seconds
[2024-05-21T15:49:32.269+0200] {processor.py:161} INFO - Started process (PID=396085) to work on /home/munya/anaconda3/lib/python3.11/site-packages/airflow/example_dags/example_subdag_operator.py
[2024-05-21T15:49:32.272+0200] {processor.py:830} INFO - Processing file /home/munya/anaconda3/lib/python3.11/site-packages/airflow/example_dags/example_subdag_operator.py for tasks to queue
[2024-05-21T15:49:32.277+0200] {logging_mixin.py:188} INFO - [2024-05-21T15:49:32.273+0200] {dagbag.py:545} INFO - Filling up the DagBag from /home/munya/anaconda3/lib/python3.11/site-packages/airflow/example_dags/example_subdag_operator.py
[2024-05-21T15:49:32.380+0200] {processor.py:840} INFO - DAG(s) 'example_subdag_operator.section-1', 'example_subdag_operator.section-2', 'example_subdag_operator' retrieved from /home/munya/anaconda3/lib/python3.11/site-packages/airflow/example_dags/example_subdag_operator.py
[2024-05-21T15:49:32.409+0200] {logging_mixin.py:188} INFO - [2024-05-21T15:49:32.408+0200] {dag.py:3096} INFO - Sync 3 DAGs
[2024-05-21T15:49:32.434+0200] {logging_mixin.py:188} INFO - [2024-05-21T15:49:32.433+0200] {dag.py:3954} INFO - Setting next_dagrun for example_subdag_operator to 2022-01-01 00:00:00+00:00, run_after=2022-01-01 00:00:00+00:00
[2024-05-21T15:49:32.437+0200] {logging_mixin.py:188} INFO - [2024-05-21T15:49:32.437+0200] {dag.py:3954} INFO - Setting next_dagrun for example_subdag_operator.section-1 to None, run_after=None
[2024-05-21T15:49:32.438+0200] {logging_mixin.py:188} INFO - [2024-05-21T15:49:32.438+0200] {dag.py:3954} INFO - Setting next_dagrun for example_subdag_operator.section-2 to None, run_after=None
[2024-05-21T15:49:32.446+0200] {logging_mixin.py:188} INFO - [2024-05-21T15:49:32.446+0200] {dag.py:3096} INFO - Sync 2 DAGs
[2024-05-21T15:49:32.451+0200] {logging_mixin.py:188} INFO - [2024-05-21T15:49:32.450+0200] {dag.py:3954} INFO - Setting next_dagrun for example_subdag_operator.section-1 to None, run_after=None
[2024-05-21T15:49:32.451+0200] {logging_mixin.py:188} INFO - [2024-05-21T15:49:32.451+0200] {dag.py:3954} INFO - Setting next_dagrun for example_subdag_operator.section-2 to None, run_after=None
[2024-05-21T15:49:32.464+0200] {processor.py:183} INFO - Processing /home/munya/anaconda3/lib/python3.11/site-packages/airflow/example_dags/example_subdag_operator.py took 0.208 seconds
[2024-05-21T15:53:23.917+0200] {processor.py:161} INFO - Started process (PID=397013) to work on /home/munya/anaconda3/lib/python3.11/site-packages/airflow/example_dags/example_subdag_operator.py
[2024-05-21T15:53:23.922+0200] {processor.py:830} INFO - Processing file /home/munya/anaconda3/lib/python3.11/site-packages/airflow/example_dags/example_subdag_operator.py for tasks to queue
[2024-05-21T15:53:23.925+0200] {logging_mixin.py:188} INFO - [2024-05-21T15:53:23.924+0200] {dagbag.py:545} INFO - Filling up the DagBag from /home/munya/anaconda3/lib/python3.11/site-packages/airflow/example_dags/example_subdag_operator.py
[2024-05-21T15:53:23.991+0200] {processor.py:840} INFO - DAG(s) 'example_subdag_operator.section-1', 'example_subdag_operator.section-2', 'example_subdag_operator' retrieved from /home/munya/anaconda3/lib/python3.11/site-packages/airflow/example_dags/example_subdag_operator.py
[2024-05-21T15:53:24.065+0200] {logging_mixin.py:188} INFO - [2024-05-21T15:53:24.064+0200] {dag.py:3096} INFO - Sync 3 DAGs
[2024-05-21T15:53:24.144+0200] {logging_mixin.py:188} INFO - [2024-05-21T15:53:24.143+0200] {dag.py:3954} INFO - Setting next_dagrun for example_subdag_operator to 2022-01-01 00:00:00+00:00, run_after=2022-01-01 00:00:00+00:00
[2024-05-21T15:53:24.156+0200] {logging_mixin.py:188} INFO - [2024-05-21T15:53:24.155+0200] {dag.py:3954} INFO - Setting next_dagrun for example_subdag_operator.section-1 to None, run_after=None
[2024-05-21T15:53:24.161+0200] {logging_mixin.py:188} INFO - [2024-05-21T15:53:24.160+0200] {dag.py:3954} INFO - Setting next_dagrun for example_subdag_operator.section-2 to None, run_after=None
[2024-05-21T15:53:24.182+0200] {logging_mixin.py:188} INFO - [2024-05-21T15:53:24.181+0200] {dag.py:3096} INFO - Sync 2 DAGs
[2024-05-21T15:53:24.199+0200] {logging_mixin.py:188} INFO - [2024-05-21T15:53:24.198+0200] {dag.py:3954} INFO - Setting next_dagrun for example_subdag_operator.section-1 to None, run_after=None
[2024-05-21T15:53:24.201+0200] {logging_mixin.py:188} INFO - [2024-05-21T15:53:24.200+0200] {dag.py:3954} INFO - Setting next_dagrun for example_subdag_operator.section-2 to None, run_after=None
[2024-05-21T15:53:24.254+0200] {processor.py:183} INFO - Processing /home/munya/anaconda3/lib/python3.11/site-packages/airflow/example_dags/example_subdag_operator.py took 0.362 seconds
[2024-05-21T15:54:29.844+0200] {processor.py:161} INFO - Started process (PID=398188) to work on /home/munya/anaconda3/lib/python3.11/site-packages/airflow/example_dags/example_subdag_operator.py
[2024-05-21T15:54:29.857+0200] {processor.py:830} INFO - Processing file /home/munya/anaconda3/lib/python3.11/site-packages/airflow/example_dags/example_subdag_operator.py for tasks to queue
[2024-05-21T15:54:29.870+0200] {logging_mixin.py:188} INFO - [2024-05-21T15:54:29.862+0200] {dagbag.py:545} INFO - Filling up the DagBag from /home/munya/anaconda3/lib/python3.11/site-packages/airflow/example_dags/example_subdag_operator.py
[2024-05-21T15:54:30.179+0200] {processor.py:840} INFO - DAG(s) 'example_subdag_operator.section-1', 'example_subdag_operator.section-2', 'example_subdag_operator' retrieved from /home/munya/anaconda3/lib/python3.11/site-packages/airflow/example_dags/example_subdag_operator.py
[2024-05-21T15:54:30.361+0200] {logging_mixin.py:188} INFO - [2024-05-21T15:54:30.360+0200] {dag.py:3096} INFO - Sync 3 DAGs
[2024-05-21T15:54:30.627+0200] {logging_mixin.py:188} INFO - [2024-05-21T15:54:30.623+0200] {dag.py:3954} INFO - Setting next_dagrun for example_subdag_operator to 2022-01-01 00:00:00+00:00, run_after=2022-01-01 00:00:00+00:00
[2024-05-21T15:54:30.667+0200] {logging_mixin.py:188} INFO - [2024-05-21T15:54:30.666+0200] {dag.py:3954} INFO - Setting next_dagrun for example_subdag_operator.section-1 to None, run_after=None
[2024-05-21T15:54:30.673+0200] {logging_mixin.py:188} INFO - [2024-05-21T15:54:30.672+0200] {dag.py:3954} INFO - Setting next_dagrun for example_subdag_operator.section-2 to None, run_after=None
[2024-05-21T15:54:30.873+0200] {logging_mixin.py:188} INFO - [2024-05-21T15:54:30.872+0200] {dag.py:3096} INFO - Sync 2 DAGs
[2024-05-21T15:54:30.927+0200] {logging_mixin.py:188} INFO - [2024-05-21T15:54:30.926+0200] {dag.py:3954} INFO - Setting next_dagrun for example_subdag_operator.section-1 to None, run_after=None
[2024-05-21T15:54:30.937+0200] {logging_mixin.py:188} INFO - [2024-05-21T15:54:30.928+0200] {dag.py:3954} INFO - Setting next_dagrun for example_subdag_operator.section-2 to None, run_after=None
[2024-05-21T15:54:31.304+0200] {processor.py:183} INFO - Processing /home/munya/anaconda3/lib/python3.11/site-packages/airflow/example_dags/example_subdag_operator.py took 1.611 seconds
[2024-05-21T15:55:59.075+0200] {processor.py:161} INFO - Started process (PID=399757) to work on /home/munya/anaconda3/lib/python3.11/site-packages/airflow/example_dags/example_subdag_operator.py
[2024-05-21T15:55:59.077+0200] {processor.py:830} INFO - Processing file /home/munya/anaconda3/lib/python3.11/site-packages/airflow/example_dags/example_subdag_operator.py for tasks to queue
[2024-05-21T15:55:59.087+0200] {logging_mixin.py:188} INFO - [2024-05-21T15:55:59.079+0200] {dagbag.py:545} INFO - Filling up the DagBag from /home/munya/anaconda3/lib/python3.11/site-packages/airflow/example_dags/example_subdag_operator.py
[2024-05-21T15:55:59.143+0200] {processor.py:840} INFO - DAG(s) 'example_subdag_operator.section-1', 'example_subdag_operator.section-2', 'example_subdag_operator' retrieved from /home/munya/anaconda3/lib/python3.11/site-packages/airflow/example_dags/example_subdag_operator.py
[2024-05-21T15:55:59.267+0200] {logging_mixin.py:188} INFO - [2024-05-21T15:55:59.265+0200] {dag.py:3096} INFO - Sync 3 DAGs
[2024-05-21T15:55:59.303+0200] {logging_mixin.py:188} INFO - [2024-05-21T15:55:59.302+0200] {dag.py:3954} INFO - Setting next_dagrun for example_subdag_operator to 2022-01-01 00:00:00+00:00, run_after=2022-01-01 00:00:00+00:00
[2024-05-21T15:55:59.310+0200] {logging_mixin.py:188} INFO - [2024-05-21T15:55:59.310+0200] {dag.py:3954} INFO - Setting next_dagrun for example_subdag_operator.section-1 to None, run_after=None
[2024-05-21T15:55:59.314+0200] {logging_mixin.py:188} INFO - [2024-05-21T15:55:59.313+0200] {dag.py:3954} INFO - Setting next_dagrun for example_subdag_operator.section-2 to None, run_after=None
[2024-05-21T15:55:59.334+0200] {logging_mixin.py:188} INFO - [2024-05-21T15:55:59.334+0200] {dag.py:3096} INFO - Sync 2 DAGs
[2024-05-21T15:55:59.340+0200] {logging_mixin.py:188} INFO - [2024-05-21T15:55:59.339+0200] {dag.py:3954} INFO - Setting next_dagrun for example_subdag_operator.section-1 to None, run_after=None
[2024-05-21T15:55:59.340+0200] {logging_mixin.py:188} INFO - [2024-05-21T15:55:59.340+0200] {dag.py:3954} INFO - Setting next_dagrun for example_subdag_operator.section-2 to None, run_after=None
[2024-05-21T15:55:59.372+0200] {processor.py:183} INFO - Processing /home/munya/anaconda3/lib/python3.11/site-packages/airflow/example_dags/example_subdag_operator.py took 0.312 seconds
[2024-05-21T15:57:38.604+0200] {processor.py:161} INFO - Started process (PID=401504) to work on /home/munya/anaconda3/lib/python3.11/site-packages/airflow/example_dags/example_subdag_operator.py
[2024-05-21T15:57:38.609+0200] {processor.py:830} INFO - Processing file /home/munya/anaconda3/lib/python3.11/site-packages/airflow/example_dags/example_subdag_operator.py for tasks to queue
[2024-05-21T15:57:38.622+0200] {logging_mixin.py:188} INFO - [2024-05-21T15:57:38.611+0200] {dagbag.py:545} INFO - Filling up the DagBag from /home/munya/anaconda3/lib/python3.11/site-packages/airflow/example_dags/example_subdag_operator.py
[2024-05-21T15:57:38.816+0200] {processor.py:840} INFO - DAG(s) 'example_subdag_operator.section-1', 'example_subdag_operator.section-2', 'example_subdag_operator' retrieved from /home/munya/anaconda3/lib/python3.11/site-packages/airflow/example_dags/example_subdag_operator.py
[2024-05-21T15:57:38.971+0200] {logging_mixin.py:188} INFO - [2024-05-21T15:57:38.970+0200] {dag.py:3096} INFO - Sync 3 DAGs
[2024-05-21T15:57:39.101+0200] {logging_mixin.py:188} INFO - [2024-05-21T15:57:39.100+0200] {dag.py:3954} INFO - Setting next_dagrun for example_subdag_operator to 2022-01-01 00:00:00+00:00, run_after=2022-01-01 00:00:00+00:00
[2024-05-21T15:57:39.139+0200] {logging_mixin.py:188} INFO - [2024-05-21T15:57:39.138+0200] {dag.py:3954} INFO - Setting next_dagrun for example_subdag_operator.section-1 to None, run_after=None
[2024-05-21T15:57:39.144+0200] {logging_mixin.py:188} INFO - [2024-05-21T15:57:39.143+0200] {dag.py:3954} INFO - Setting next_dagrun for example_subdag_operator.section-2 to None, run_after=None
[2024-05-21T15:57:39.186+0200] {logging_mixin.py:188} INFO - [2024-05-21T15:57:39.185+0200] {dag.py:3096} INFO - Sync 2 DAGs
[2024-05-21T15:57:39.204+0200] {logging_mixin.py:188} INFO - [2024-05-21T15:57:39.203+0200] {dag.py:3954} INFO - Setting next_dagrun for example_subdag_operator.section-1 to None, run_after=None
[2024-05-21T15:57:39.205+0200] {logging_mixin.py:188} INFO - [2024-05-21T15:57:39.205+0200] {dag.py:3954} INFO - Setting next_dagrun for example_subdag_operator.section-2 to None, run_after=None
[2024-05-21T15:57:39.278+0200] {processor.py:183} INFO - Processing /home/munya/anaconda3/lib/python3.11/site-packages/airflow/example_dags/example_subdag_operator.py took 0.740 seconds
[2024-05-21T15:59:24.070+0200] {processor.py:161} INFO - Started process (PID=403085) to work on /home/munya/anaconda3/lib/python3.11/site-packages/airflow/example_dags/example_subdag_operator.py
[2024-05-21T15:59:24.074+0200] {processor.py:830} INFO - Processing file /home/munya/anaconda3/lib/python3.11/site-packages/airflow/example_dags/example_subdag_operator.py for tasks to queue
[2024-05-21T15:59:24.087+0200] {logging_mixin.py:188} INFO - [2024-05-21T15:59:24.075+0200] {dagbag.py:545} INFO - Filling up the DagBag from /home/munya/anaconda3/lib/python3.11/site-packages/airflow/example_dags/example_subdag_operator.py
[2024-05-21T15:59:24.185+0200] {processor.py:840} INFO - DAG(s) 'example_subdag_operator.section-1', 'example_subdag_operator.section-2', 'example_subdag_operator' retrieved from /home/munya/anaconda3/lib/python3.11/site-packages/airflow/example_dags/example_subdag_operator.py
[2024-05-21T15:59:24.293+0200] {logging_mixin.py:188} INFO - [2024-05-21T15:59:24.293+0200] {dag.py:3096} INFO - Sync 3 DAGs
[2024-05-21T15:59:24.336+0200] {logging_mixin.py:188} INFO - [2024-05-21T15:59:24.335+0200] {dag.py:3954} INFO - Setting next_dagrun for example_subdag_operator to 2022-01-01 00:00:00+00:00, run_after=2022-01-01 00:00:00+00:00
[2024-05-21T15:59:24.342+0200] {logging_mixin.py:188} INFO - [2024-05-21T15:59:24.341+0200] {dag.py:3954} INFO - Setting next_dagrun for example_subdag_operator.section-1 to None, run_after=None
[2024-05-21T15:59:24.343+0200] {logging_mixin.py:188} INFO - [2024-05-21T15:59:24.343+0200] {dag.py:3954} INFO - Setting next_dagrun for example_subdag_operator.section-2 to None, run_after=None
[2024-05-21T15:59:24.366+0200] {logging_mixin.py:188} INFO - [2024-05-21T15:59:24.366+0200] {dag.py:3096} INFO - Sync 2 DAGs
[2024-05-21T15:59:24.372+0200] {logging_mixin.py:188} INFO - [2024-05-21T15:59:24.372+0200] {dag.py:3954} INFO - Setting next_dagrun for example_subdag_operator.section-1 to None, run_after=None
[2024-05-21T15:59:24.372+0200] {logging_mixin.py:188} INFO - [2024-05-21T15:59:24.372+0200] {dag.py:3954} INFO - Setting next_dagrun for example_subdag_operator.section-2 to None, run_after=None
[2024-05-21T15:59:24.402+0200] {processor.py:183} INFO - Processing /home/munya/anaconda3/lib/python3.11/site-packages/airflow/example_dags/example_subdag_operator.py took 0.356 seconds
[2024-05-21T16:00:58.353+0200] {processor.py:161} INFO - Started process (PID=405291) to work on /home/munya/anaconda3/lib/python3.11/site-packages/airflow/example_dags/example_subdag_operator.py
[2024-05-21T16:00:58.354+0200] {processor.py:830} INFO - Processing file /home/munya/anaconda3/lib/python3.11/site-packages/airflow/example_dags/example_subdag_operator.py for tasks to queue
[2024-05-21T16:00:58.355+0200] {logging_mixin.py:188} INFO - [2024-05-21T16:00:58.355+0200] {dagbag.py:545} INFO - Filling up the DagBag from /home/munya/anaconda3/lib/python3.11/site-packages/airflow/example_dags/example_subdag_operator.py
[2024-05-21T16:00:58.378+0200] {processor.py:840} INFO - DAG(s) 'example_subdag_operator.section-1', 'example_subdag_operator.section-2', 'example_subdag_operator' retrieved from /home/munya/anaconda3/lib/python3.11/site-packages/airflow/example_dags/example_subdag_operator.py
[2024-05-21T16:00:58.393+0200] {logging_mixin.py:188} INFO - [2024-05-21T16:00:58.393+0200] {dag.py:3096} INFO - Sync 3 DAGs
[2024-05-21T16:00:58.417+0200] {logging_mixin.py:188} INFO - [2024-05-21T16:00:58.417+0200] {dag.py:3954} INFO - Setting next_dagrun for example_subdag_operator to 2022-01-01 00:00:00+00:00, run_after=2022-01-01 00:00:00+00:00
[2024-05-21T16:00:58.422+0200] {logging_mixin.py:188} INFO - [2024-05-21T16:00:58.422+0200] {dag.py:3954} INFO - Setting next_dagrun for example_subdag_operator.section-1 to None, run_after=None
[2024-05-21T16:00:58.424+0200] {logging_mixin.py:188} INFO - [2024-05-21T16:00:58.424+0200] {dag.py:3954} INFO - Setting next_dagrun for example_subdag_operator.section-2 to None, run_after=None
[2024-05-21T16:00:58.434+0200] {logging_mixin.py:188} INFO - [2024-05-21T16:00:58.433+0200] {dag.py:3096} INFO - Sync 2 DAGs
[2024-05-21T16:00:58.439+0200] {logging_mixin.py:188} INFO - [2024-05-21T16:00:58.439+0200] {dag.py:3954} INFO - Setting next_dagrun for example_subdag_operator.section-1 to None, run_after=None
[2024-05-21T16:00:58.440+0200] {logging_mixin.py:188} INFO - [2024-05-21T16:00:58.440+0200] {dag.py:3954} INFO - Setting next_dagrun for example_subdag_operator.section-2 to None, run_after=None
[2024-05-21T16:00:58.454+0200] {processor.py:183} INFO - Processing /home/munya/anaconda3/lib/python3.11/site-packages/airflow/example_dags/example_subdag_operator.py took 0.109 seconds
[2024-05-21T16:02:23.706+0200] {processor.py:161} INFO - Started process (PID=407342) to work on /home/munya/anaconda3/lib/python3.11/site-packages/airflow/example_dags/example_subdag_operator.py
[2024-05-21T16:02:23.707+0200] {processor.py:830} INFO - Processing file /home/munya/anaconda3/lib/python3.11/site-packages/airflow/example_dags/example_subdag_operator.py for tasks to queue
[2024-05-21T16:02:23.713+0200] {logging_mixin.py:188} INFO - [2024-05-21T16:02:23.708+0200] {dagbag.py:545} INFO - Filling up the DagBag from /home/munya/anaconda3/lib/python3.11/site-packages/airflow/example_dags/example_subdag_operator.py
[2024-05-21T16:02:23.786+0200] {processor.py:840} INFO - DAG(s) 'example_subdag_operator.section-1', 'example_subdag_operator.section-2', 'example_subdag_operator' retrieved from /home/munya/anaconda3/lib/python3.11/site-packages/airflow/example_dags/example_subdag_operator.py
[2024-05-21T16:02:23.820+0200] {logging_mixin.py:188} INFO - [2024-05-21T16:02:23.819+0200] {dag.py:3096} INFO - Sync 3 DAGs
[2024-05-21T16:02:23.859+0200] {logging_mixin.py:188} INFO - [2024-05-21T16:02:23.858+0200] {dag.py:3954} INFO - Setting next_dagrun for example_subdag_operator to 2022-01-01 00:00:00+00:00, run_after=2022-01-01 00:00:00+00:00
[2024-05-21T16:02:23.868+0200] {logging_mixin.py:188} INFO - [2024-05-21T16:02:23.867+0200] {dag.py:3954} INFO - Setting next_dagrun for example_subdag_operator.section-1 to None, run_after=None
[2024-05-21T16:02:23.872+0200] {logging_mixin.py:188} INFO - [2024-05-21T16:02:23.872+0200] {dag.py:3954} INFO - Setting next_dagrun for example_subdag_operator.section-2 to None, run_after=None
[2024-05-21T16:02:23.891+0200] {logging_mixin.py:188} INFO - [2024-05-21T16:02:23.891+0200] {dag.py:3096} INFO - Sync 2 DAGs
[2024-05-21T16:02:23.901+0200] {logging_mixin.py:188} INFO - [2024-05-21T16:02:23.901+0200] {dag.py:3954} INFO - Setting next_dagrun for example_subdag_operator.section-1 to None, run_after=None
[2024-05-21T16:02:23.902+0200] {logging_mixin.py:188} INFO - [2024-05-21T16:02:23.902+0200] {dag.py:3954} INFO - Setting next_dagrun for example_subdag_operator.section-2 to None, run_after=None
[2024-05-21T16:02:23.945+0200] {processor.py:183} INFO - Processing /home/munya/anaconda3/lib/python3.11/site-packages/airflow/example_dags/example_subdag_operator.py took 0.249 seconds
[2024-05-21T16:11:58.312+0200] {processor.py:161} INFO - Started process (PID=10829) to work on /home/munya/anaconda3/lib/python3.11/site-packages/airflow/example_dags/example_subdag_operator.py
[2024-05-21T16:11:58.314+0200] {processor.py:830} INFO - Processing file /home/munya/anaconda3/lib/python3.11/site-packages/airflow/example_dags/example_subdag_operator.py for tasks to queue
[2024-05-21T16:11:58.315+0200] {logging_mixin.py:188} INFO - [2024-05-21T16:11:58.315+0200] {dagbag.py:545} INFO - Filling up the DagBag from /home/munya/anaconda3/lib/python3.11/site-packages/airflow/example_dags/example_subdag_operator.py
[2024-05-21T16:11:58.333+0200] {processor.py:840} INFO - DAG(s) 'example_subdag_operator.section-1', 'example_subdag_operator.section-2', 'example_subdag_operator' retrieved from /home/munya/anaconda3/lib/python3.11/site-packages/airflow/example_dags/example_subdag_operator.py
[2024-05-21T16:11:58.423+0200] {logging_mixin.py:188} INFO - [2024-05-21T16:11:58.423+0200] {dag.py:3096} INFO - Sync 3 DAGs
[2024-05-21T16:11:58.438+0200] {logging_mixin.py:188} INFO - [2024-05-21T16:11:58.438+0200] {dag.py:3954} INFO - Setting next_dagrun for example_subdag_operator to 2022-01-01 00:00:00+00:00, run_after=2022-01-01 00:00:00+00:00
[2024-05-21T16:11:58.440+0200] {logging_mixin.py:188} INFO - [2024-05-21T16:11:58.440+0200] {dag.py:3954} INFO - Setting next_dagrun for example_subdag_operator.section-1 to None, run_after=None
[2024-05-21T16:11:58.441+0200] {logging_mixin.py:188} INFO - [2024-05-21T16:11:58.441+0200] {dag.py:3954} INFO - Setting next_dagrun for example_subdag_operator.section-2 to None, run_after=None
[2024-05-21T16:11:58.448+0200] {logging_mixin.py:188} INFO - [2024-05-21T16:11:58.447+0200] {dag.py:3096} INFO - Sync 2 DAGs
[2024-05-21T16:11:58.452+0200] {logging_mixin.py:188} INFO - [2024-05-21T16:11:58.451+0200] {dag.py:3954} INFO - Setting next_dagrun for example_subdag_operator.section-1 to None, run_after=None
[2024-05-21T16:11:58.452+0200] {logging_mixin.py:188} INFO - [2024-05-21T16:11:58.452+0200] {dag.py:3954} INFO - Setting next_dagrun for example_subdag_operator.section-2 to None, run_after=None
[2024-05-21T16:11:58.464+0200] {processor.py:183} INFO - Processing /home/munya/anaconda3/lib/python3.11/site-packages/airflow/example_dags/example_subdag_operator.py took 0.157 seconds
[2024-05-21T16:13:12.940+0200] {processor.py:161} INFO - Started process (PID=12445) to work on /home/munya/anaconda3/lib/python3.11/site-packages/airflow/example_dags/example_subdag_operator.py
[2024-05-21T16:13:12.941+0200] {processor.py:830} INFO - Processing file /home/munya/anaconda3/lib/python3.11/site-packages/airflow/example_dags/example_subdag_operator.py for tasks to queue
[2024-05-21T16:13:12.942+0200] {logging_mixin.py:188} INFO - [2024-05-21T16:13:12.942+0200] {dagbag.py:545} INFO - Filling up the DagBag from /home/munya/anaconda3/lib/python3.11/site-packages/airflow/example_dags/example_subdag_operator.py
[2024-05-21T16:13:12.966+0200] {processor.py:840} INFO - DAG(s) 'example_subdag_operator.section-1', 'example_subdag_operator.section-2', 'example_subdag_operator' retrieved from /home/munya/anaconda3/lib/python3.11/site-packages/airflow/example_dags/example_subdag_operator.py
[2024-05-21T16:13:12.983+0200] {logging_mixin.py:188} INFO - [2024-05-21T16:13:12.983+0200] {dag.py:3096} INFO - Sync 3 DAGs
[2024-05-21T16:13:13.005+0200] {logging_mixin.py:188} INFO - [2024-05-21T16:13:13.005+0200] {dag.py:3954} INFO - Setting next_dagrun for example_subdag_operator to 2022-01-01 00:00:00+00:00, run_after=2022-01-01 00:00:00+00:00
[2024-05-21T16:13:13.008+0200] {logging_mixin.py:188} INFO - [2024-05-21T16:13:13.008+0200] {dag.py:3954} INFO - Setting next_dagrun for example_subdag_operator.section-1 to None, run_after=None
[2024-05-21T16:13:13.010+0200] {logging_mixin.py:188} INFO - [2024-05-21T16:13:13.010+0200] {dag.py:3954} INFO - Setting next_dagrun for example_subdag_operator.section-2 to None, run_after=None
[2024-05-21T16:13:13.017+0200] {logging_mixin.py:188} INFO - [2024-05-21T16:13:13.017+0200] {dag.py:3096} INFO - Sync 2 DAGs
[2024-05-21T16:13:13.024+0200] {logging_mixin.py:188} INFO - [2024-05-21T16:13:13.024+0200] {dag.py:3954} INFO - Setting next_dagrun for example_subdag_operator.section-1 to None, run_after=None
[2024-05-21T16:13:13.025+0200] {logging_mixin.py:188} INFO - [2024-05-21T16:13:13.024+0200] {dag.py:3954} INFO - Setting next_dagrun for example_subdag_operator.section-2 to None, run_after=None
[2024-05-21T16:13:13.040+0200] {processor.py:183} INFO - Processing /home/munya/anaconda3/lib/python3.11/site-packages/airflow/example_dags/example_subdag_operator.py took 0.107 seconds
[2024-05-21T16:14:52.939+0200] {processor.py:161} INFO - Started process (PID=14552) to work on /home/munya/anaconda3/lib/python3.11/site-packages/airflow/example_dags/example_subdag_operator.py
[2024-05-21T16:14:52.940+0200] {processor.py:830} INFO - Processing file /home/munya/anaconda3/lib/python3.11/site-packages/airflow/example_dags/example_subdag_operator.py for tasks to queue
[2024-05-21T16:14:52.941+0200] {logging_mixin.py:188} INFO - [2024-05-21T16:14:52.941+0200] {dagbag.py:545} INFO - Filling up the DagBag from /home/munya/anaconda3/lib/python3.11/site-packages/airflow/example_dags/example_subdag_operator.py
[2024-05-21T16:14:52.959+0200] {processor.py:840} INFO - DAG(s) 'example_subdag_operator.section-1', 'example_subdag_operator.section-2', 'example_subdag_operator' retrieved from /home/munya/anaconda3/lib/python3.11/site-packages/airflow/example_dags/example_subdag_operator.py
[2024-05-21T16:14:52.973+0200] {logging_mixin.py:188} INFO - [2024-05-21T16:14:52.973+0200] {dag.py:3096} INFO - Sync 3 DAGs
[2024-05-21T16:14:52.990+0200] {logging_mixin.py:188} INFO - [2024-05-21T16:14:52.990+0200] {dag.py:3954} INFO - Setting next_dagrun for example_subdag_operator to 2022-01-01 00:00:00+00:00, run_after=2022-01-01 00:00:00+00:00
[2024-05-21T16:14:52.993+0200] {logging_mixin.py:188} INFO - [2024-05-21T16:14:52.993+0200] {dag.py:3954} INFO - Setting next_dagrun for example_subdag_operator.section-1 to None, run_after=None
[2024-05-21T16:14:52.994+0200] {logging_mixin.py:188} INFO - [2024-05-21T16:14:52.994+0200] {dag.py:3954} INFO - Setting next_dagrun for example_subdag_operator.section-2 to None, run_after=None
[2024-05-21T16:14:52.999+0200] {logging_mixin.py:188} INFO - [2024-05-21T16:14:52.999+0200] {dag.py:3096} INFO - Sync 2 DAGs
[2024-05-21T16:14:53.003+0200] {logging_mixin.py:188} INFO - [2024-05-21T16:14:53.003+0200] {dag.py:3954} INFO - Setting next_dagrun for example_subdag_operator.section-1 to None, run_after=None
[2024-05-21T16:14:53.003+0200] {logging_mixin.py:188} INFO - [2024-05-21T16:14:53.003+0200] {dag.py:3954} INFO - Setting next_dagrun for example_subdag_operator.section-2 to None, run_after=None
[2024-05-21T16:14:53.015+0200] {processor.py:183} INFO - Processing /home/munya/anaconda3/lib/python3.11/site-packages/airflow/example_dags/example_subdag_operator.py took 0.081 seconds
[2024-05-21T16:15:53.927+0200] {processor.py:161} INFO - Started process (PID=15795) to work on /home/munya/anaconda3/lib/python3.11/site-packages/airflow/example_dags/example_subdag_operator.py
[2024-05-21T16:15:53.928+0200] {processor.py:830} INFO - Processing file /home/munya/anaconda3/lib/python3.11/site-packages/airflow/example_dags/example_subdag_operator.py for tasks to queue
[2024-05-21T16:15:53.929+0200] {logging_mixin.py:188} INFO - [2024-05-21T16:15:53.928+0200] {dagbag.py:545} INFO - Filling up the DagBag from /home/munya/anaconda3/lib/python3.11/site-packages/airflow/example_dags/example_subdag_operator.py
[2024-05-21T16:15:53.944+0200] {processor.py:840} INFO - DAG(s) 'example_subdag_operator.section-1', 'example_subdag_operator.section-2', 'example_subdag_operator' retrieved from /home/munya/anaconda3/lib/python3.11/site-packages/airflow/example_dags/example_subdag_operator.py
[2024-05-21T16:15:53.956+0200] {logging_mixin.py:188} INFO - [2024-05-21T16:15:53.956+0200] {dag.py:3096} INFO - Sync 3 DAGs
[2024-05-21T16:15:53.971+0200] {logging_mixin.py:188} INFO - [2024-05-21T16:15:53.970+0200] {dag.py:3954} INFO - Setting next_dagrun for example_subdag_operator to 2022-01-01 00:00:00+00:00, run_after=2022-01-01 00:00:00+00:00
[2024-05-21T16:15:53.973+0200] {logging_mixin.py:188} INFO - [2024-05-21T16:15:53.973+0200] {dag.py:3954} INFO - Setting next_dagrun for example_subdag_operator.section-1 to None, run_after=None
[2024-05-21T16:15:53.974+0200] {logging_mixin.py:188} INFO - [2024-05-21T16:15:53.974+0200] {dag.py:3954} INFO - Setting next_dagrun for example_subdag_operator.section-2 to None, run_after=None
[2024-05-21T16:15:53.979+0200] {logging_mixin.py:188} INFO - [2024-05-21T16:15:53.979+0200] {dag.py:3096} INFO - Sync 2 DAGs
[2024-05-21T16:15:53.982+0200] {logging_mixin.py:188} INFO - [2024-05-21T16:15:53.982+0200] {dag.py:3954} INFO - Setting next_dagrun for example_subdag_operator.section-1 to None, run_after=None
[2024-05-21T16:15:53.982+0200] {logging_mixin.py:188} INFO - [2024-05-21T16:15:53.982+0200] {dag.py:3954} INFO - Setting next_dagrun for example_subdag_operator.section-2 to None, run_after=None
[2024-05-21T16:15:53.992+0200] {processor.py:183} INFO - Processing /home/munya/anaconda3/lib/python3.11/site-packages/airflow/example_dags/example_subdag_operator.py took 0.071 seconds
[2024-05-21T16:16:56.098+0200] {processor.py:161} INFO - Started process (PID=17106) to work on /home/munya/anaconda3/lib/python3.11/site-packages/airflow/example_dags/example_subdag_operator.py
[2024-05-21T16:16:56.099+0200] {processor.py:830} INFO - Processing file /home/munya/anaconda3/lib/python3.11/site-packages/airflow/example_dags/example_subdag_operator.py for tasks to queue
[2024-05-21T16:16:56.100+0200] {logging_mixin.py:188} INFO - [2024-05-21T16:16:56.100+0200] {dagbag.py:545} INFO - Filling up the DagBag from /home/munya/anaconda3/lib/python3.11/site-packages/airflow/example_dags/example_subdag_operator.py
[2024-05-21T16:16:56.117+0200] {processor.py:840} INFO - DAG(s) 'example_subdag_operator.section-1', 'example_subdag_operator.section-2', 'example_subdag_operator' retrieved from /home/munya/anaconda3/lib/python3.11/site-packages/airflow/example_dags/example_subdag_operator.py
[2024-05-21T16:16:56.129+0200] {logging_mixin.py:188} INFO - [2024-05-21T16:16:56.129+0200] {dag.py:3096} INFO - Sync 3 DAGs
[2024-05-21T16:16:56.144+0200] {logging_mixin.py:188} INFO - [2024-05-21T16:16:56.144+0200] {dag.py:3954} INFO - Setting next_dagrun for example_subdag_operator to 2022-01-01 00:00:00+00:00, run_after=2022-01-01 00:00:00+00:00
[2024-05-21T16:16:56.147+0200] {logging_mixin.py:188} INFO - [2024-05-21T16:16:56.147+0200] {dag.py:3954} INFO - Setting next_dagrun for example_subdag_operator.section-1 to None, run_after=None
[2024-05-21T16:16:56.148+0200] {logging_mixin.py:188} INFO - [2024-05-21T16:16:56.148+0200] {dag.py:3954} INFO - Setting next_dagrun for example_subdag_operator.section-2 to None, run_after=None
[2024-05-21T16:16:56.153+0200] {logging_mixin.py:188} INFO - [2024-05-21T16:16:56.153+0200] {dag.py:3096} INFO - Sync 2 DAGs
[2024-05-21T16:16:56.157+0200] {logging_mixin.py:188} INFO - [2024-05-21T16:16:56.156+0200] {dag.py:3954} INFO - Setting next_dagrun for example_subdag_operator.section-1 to None, run_after=None
[2024-05-21T16:16:56.157+0200] {logging_mixin.py:188} INFO - [2024-05-21T16:16:56.157+0200] {dag.py:3954} INFO - Setting next_dagrun for example_subdag_operator.section-2 to None, run_after=None
[2024-05-21T16:16:56.169+0200] {processor.py:183} INFO - Processing /home/munya/anaconda3/lib/python3.11/site-packages/airflow/example_dags/example_subdag_operator.py took 0.076 seconds
[2024-05-21T16:17:57.082+0200] {processor.py:161} INFO - Started process (PID=18350) to work on /home/munya/anaconda3/lib/python3.11/site-packages/airflow/example_dags/example_subdag_operator.py
[2024-05-21T16:17:57.085+0200] {processor.py:830} INFO - Processing file /home/munya/anaconda3/lib/python3.11/site-packages/airflow/example_dags/example_subdag_operator.py for tasks to queue
[2024-05-21T16:17:57.086+0200] {logging_mixin.py:188} INFO - [2024-05-21T16:17:57.086+0200] {dagbag.py:545} INFO - Filling up the DagBag from /home/munya/anaconda3/lib/python3.11/site-packages/airflow/example_dags/example_subdag_operator.py
[2024-05-21T16:17:57.114+0200] {processor.py:840} INFO - DAG(s) 'example_subdag_operator.section-1', 'example_subdag_operator.section-2', 'example_subdag_operator' retrieved from /home/munya/anaconda3/lib/python3.11/site-packages/airflow/example_dags/example_subdag_operator.py
[2024-05-21T16:17:57.142+0200] {logging_mixin.py:188} INFO - [2024-05-21T16:17:57.142+0200] {dag.py:3096} INFO - Sync 3 DAGs
[2024-05-21T16:17:57.171+0200] {logging_mixin.py:188} INFO - [2024-05-21T16:17:57.171+0200] {dag.py:3954} INFO - Setting next_dagrun for example_subdag_operator to 2022-01-01 00:00:00+00:00, run_after=2022-01-01 00:00:00+00:00
[2024-05-21T16:17:57.175+0200] {logging_mixin.py:188} INFO - [2024-05-21T16:17:57.175+0200] {dag.py:3954} INFO - Setting next_dagrun for example_subdag_operator.section-1 to None, run_after=None
[2024-05-21T16:17:57.177+0200] {logging_mixin.py:188} INFO - [2024-05-21T16:17:57.176+0200] {dag.py:3954} INFO - Setting next_dagrun for example_subdag_operator.section-2 to None, run_after=None
[2024-05-21T16:17:57.186+0200] {logging_mixin.py:188} INFO - [2024-05-21T16:17:57.185+0200] {dag.py:3096} INFO - Sync 2 DAGs
[2024-05-21T16:17:57.192+0200] {logging_mixin.py:188} INFO - [2024-05-21T16:17:57.191+0200] {dag.py:3954} INFO - Setting next_dagrun for example_subdag_operator.section-1 to None, run_after=None
[2024-05-21T16:17:57.192+0200] {logging_mixin.py:188} INFO - [2024-05-21T16:17:57.192+0200] {dag.py:3954} INFO - Setting next_dagrun for example_subdag_operator.section-2 to None, run_after=None
[2024-05-21T16:17:57.210+0200] {processor.py:183} INFO - Processing /home/munya/anaconda3/lib/python3.11/site-packages/airflow/example_dags/example_subdag_operator.py took 0.134 seconds
[2024-05-21T16:19:16.326+0200] {processor.py:161} INFO - Started process (PID=19929) to work on /home/munya/anaconda3/lib/python3.11/site-packages/airflow/example_dags/example_subdag_operator.py
[2024-05-21T16:19:16.328+0200] {processor.py:830} INFO - Processing file /home/munya/anaconda3/lib/python3.11/site-packages/airflow/example_dags/example_subdag_operator.py for tasks to queue
[2024-05-21T16:19:16.329+0200] {logging_mixin.py:188} INFO - [2024-05-21T16:19:16.329+0200] {dagbag.py:545} INFO - Filling up the DagBag from /home/munya/anaconda3/lib/python3.11/site-packages/airflow/example_dags/example_subdag_operator.py
[2024-05-21T16:19:16.361+0200] {processor.py:840} INFO - DAG(s) 'example_subdag_operator.section-1', 'example_subdag_operator.section-2', 'example_subdag_operator' retrieved from /home/munya/anaconda3/lib/python3.11/site-packages/airflow/example_dags/example_subdag_operator.py
[2024-05-21T16:19:16.387+0200] {logging_mixin.py:188} INFO - [2024-05-21T16:19:16.387+0200] {dag.py:3096} INFO - Sync 3 DAGs
[2024-05-21T16:19:16.416+0200] {logging_mixin.py:188} INFO - [2024-05-21T16:19:16.415+0200] {dag.py:3954} INFO - Setting next_dagrun for example_subdag_operator to 2022-01-01 00:00:00+00:00, run_after=2022-01-01 00:00:00+00:00
[2024-05-21T16:19:16.426+0200] {logging_mixin.py:188} INFO - [2024-05-21T16:19:16.425+0200] {dag.py:3954} INFO - Setting next_dagrun for example_subdag_operator.section-1 to None, run_after=None
[2024-05-21T16:19:16.431+0200] {logging_mixin.py:188} INFO - [2024-05-21T16:19:16.427+0200] {dag.py:3954} INFO - Setting next_dagrun for example_subdag_operator.section-2 to None, run_after=None
[2024-05-21T16:19:16.453+0200] {logging_mixin.py:188} INFO - [2024-05-21T16:19:16.453+0200] {dag.py:3096} INFO - Sync 2 DAGs
[2024-05-21T16:19:16.468+0200] {logging_mixin.py:188} INFO - [2024-05-21T16:19:16.468+0200] {dag.py:3954} INFO - Setting next_dagrun for example_subdag_operator.section-1 to None, run_after=None
[2024-05-21T16:19:16.469+0200] {logging_mixin.py:188} INFO - [2024-05-21T16:19:16.469+0200] {dag.py:3954} INFO - Setting next_dagrun for example_subdag_operator.section-2 to None, run_after=None
[2024-05-21T16:19:16.500+0200] {processor.py:183} INFO - Processing /home/munya/anaconda3/lib/python3.11/site-packages/airflow/example_dags/example_subdag_operator.py took 0.182 seconds
[2024-05-21T16:20:26.806+0200] {processor.py:161} INFO - Started process (PID=21363) to work on /home/munya/anaconda3/lib/python3.11/site-packages/airflow/example_dags/example_subdag_operator.py
[2024-05-21T16:20:26.807+0200] {processor.py:830} INFO - Processing file /home/munya/anaconda3/lib/python3.11/site-packages/airflow/example_dags/example_subdag_operator.py for tasks to queue
[2024-05-21T16:20:26.807+0200] {logging_mixin.py:188} INFO - [2024-05-21T16:20:26.807+0200] {dagbag.py:545} INFO - Filling up the DagBag from /home/munya/anaconda3/lib/python3.11/site-packages/airflow/example_dags/example_subdag_operator.py
[2024-05-21T16:20:26.825+0200] {processor.py:840} INFO - DAG(s) 'example_subdag_operator.section-1', 'example_subdag_operator.section-2', 'example_subdag_operator' retrieved from /home/munya/anaconda3/lib/python3.11/site-packages/airflow/example_dags/example_subdag_operator.py
[2024-05-21T16:20:26.838+0200] {logging_mixin.py:188} INFO - [2024-05-21T16:20:26.838+0200] {dag.py:3096} INFO - Sync 3 DAGs
[2024-05-21T16:20:26.855+0200] {logging_mixin.py:188} INFO - [2024-05-21T16:20:26.855+0200] {dag.py:3954} INFO - Setting next_dagrun for example_subdag_operator to 2022-01-01 00:00:00+00:00, run_after=2022-01-01 00:00:00+00:00
[2024-05-21T16:20:26.858+0200] {logging_mixin.py:188} INFO - [2024-05-21T16:20:26.858+0200] {dag.py:3954} INFO - Setting next_dagrun for example_subdag_operator.section-1 to None, run_after=None
[2024-05-21T16:20:26.859+0200] {logging_mixin.py:188} INFO - [2024-05-21T16:20:26.859+0200] {dag.py:3954} INFO - Setting next_dagrun for example_subdag_operator.section-2 to None, run_after=None
[2024-05-21T16:20:26.864+0200] {logging_mixin.py:188} INFO - [2024-05-21T16:20:26.864+0200] {dag.py:3096} INFO - Sync 2 DAGs
[2024-05-21T16:20:26.869+0200] {logging_mixin.py:188} INFO - [2024-05-21T16:20:26.868+0200] {dag.py:3954} INFO - Setting next_dagrun for example_subdag_operator.section-1 to None, run_after=None
[2024-05-21T16:20:26.869+0200] {logging_mixin.py:188} INFO - [2024-05-21T16:20:26.869+0200] {dag.py:3954} INFO - Setting next_dagrun for example_subdag_operator.section-2 to None, run_after=None
[2024-05-21T16:20:26.885+0200] {processor.py:183} INFO - Processing /home/munya/anaconda3/lib/python3.11/site-packages/airflow/example_dags/example_subdag_operator.py took 0.085 seconds
[2024-05-21T16:21:38.755+0200] {processor.py:161} INFO - Started process (PID=22828) to work on /home/munya/anaconda3/lib/python3.11/site-packages/airflow/example_dags/example_subdag_operator.py
[2024-05-21T16:21:38.759+0200] {processor.py:830} INFO - Processing file /home/munya/anaconda3/lib/python3.11/site-packages/airflow/example_dags/example_subdag_operator.py for tasks to queue
[2024-05-21T16:21:38.763+0200] {logging_mixin.py:188} INFO - [2024-05-21T16:21:38.762+0200] {dagbag.py:545} INFO - Filling up the DagBag from /home/munya/anaconda3/lib/python3.11/site-packages/airflow/example_dags/example_subdag_operator.py
[2024-05-21T16:21:38.834+0200] {processor.py:840} INFO - DAG(s) 'example_subdag_operator.section-1', 'example_subdag_operator.section-2', 'example_subdag_operator' retrieved from /home/munya/anaconda3/lib/python3.11/site-packages/airflow/example_dags/example_subdag_operator.py
[2024-05-21T16:21:38.884+0200] {logging_mixin.py:188} INFO - [2024-05-21T16:21:38.883+0200] {dag.py:3096} INFO - Sync 3 DAGs
[2024-05-21T16:21:38.940+0200] {logging_mixin.py:188} INFO - [2024-05-21T16:21:38.940+0200] {dag.py:3954} INFO - Setting next_dagrun for example_subdag_operator to 2022-01-01 00:00:00+00:00, run_after=2022-01-01 00:00:00+00:00
[2024-05-21T16:21:38.950+0200] {logging_mixin.py:188} INFO - [2024-05-21T16:21:38.949+0200] {dag.py:3954} INFO - Setting next_dagrun for example_subdag_operator.section-1 to None, run_after=None
[2024-05-21T16:21:38.953+0200] {logging_mixin.py:188} INFO - [2024-05-21T16:21:38.952+0200] {dag.py:3954} INFO - Setting next_dagrun for example_subdag_operator.section-2 to None, run_after=None
[2024-05-21T16:21:38.970+0200] {logging_mixin.py:188} INFO - [2024-05-21T16:21:38.970+0200] {dag.py:3096} INFO - Sync 2 DAGs
[2024-05-21T16:21:38.982+0200] {logging_mixin.py:188} INFO - [2024-05-21T16:21:38.981+0200] {dag.py:3954} INFO - Setting next_dagrun for example_subdag_operator.section-1 to None, run_after=None
[2024-05-21T16:21:38.983+0200] {logging_mixin.py:188} INFO - [2024-05-21T16:21:38.982+0200] {dag.py:3954} INFO - Setting next_dagrun for example_subdag_operator.section-2 to None, run_after=None
[2024-05-21T16:21:39.024+0200] {processor.py:183} INFO - Processing /home/munya/anaconda3/lib/python3.11/site-packages/airflow/example_dags/example_subdag_operator.py took 0.297 seconds
[2024-05-21T16:22:36.903+0200] {processor.py:161} INFO - Started process (PID=24016) to work on /home/munya/anaconda3/lib/python3.11/site-packages/airflow/example_dags/example_subdag_operator.py
[2024-05-21T16:22:36.904+0200] {processor.py:830} INFO - Processing file /home/munya/anaconda3/lib/python3.11/site-packages/airflow/example_dags/example_subdag_operator.py for tasks to queue
[2024-05-21T16:22:36.905+0200] {logging_mixin.py:188} INFO - [2024-05-21T16:22:36.904+0200] {dagbag.py:545} INFO - Filling up the DagBag from /home/munya/anaconda3/lib/python3.11/site-packages/airflow/example_dags/example_subdag_operator.py
[2024-05-21T16:22:36.923+0200] {processor.py:840} INFO - DAG(s) 'example_subdag_operator.section-1', 'example_subdag_operator.section-2', 'example_subdag_operator' retrieved from /home/munya/anaconda3/lib/python3.11/site-packages/airflow/example_dags/example_subdag_operator.py
[2024-05-21T16:22:36.937+0200] {logging_mixin.py:188} INFO - [2024-05-21T16:22:36.936+0200] {dag.py:3096} INFO - Sync 3 DAGs
[2024-05-21T16:22:36.953+0200] {logging_mixin.py:188} INFO - [2024-05-21T16:22:36.952+0200] {dag.py:3954} INFO - Setting next_dagrun for example_subdag_operator to 2022-01-01 00:00:00+00:00, run_after=2022-01-01 00:00:00+00:00
[2024-05-21T16:22:36.955+0200] {logging_mixin.py:188} INFO - [2024-05-21T16:22:36.955+0200] {dag.py:3954} INFO - Setting next_dagrun for example_subdag_operator.section-1 to None, run_after=None
[2024-05-21T16:22:36.957+0200] {logging_mixin.py:188} INFO - [2024-05-21T16:22:36.957+0200] {dag.py:3954} INFO - Setting next_dagrun for example_subdag_operator.section-2 to None, run_after=None
[2024-05-21T16:22:36.964+0200] {logging_mixin.py:188} INFO - [2024-05-21T16:22:36.963+0200] {dag.py:3096} INFO - Sync 2 DAGs
[2024-05-21T16:22:36.968+0200] {logging_mixin.py:188} INFO - [2024-05-21T16:22:36.968+0200] {dag.py:3954} INFO - Setting next_dagrun for example_subdag_operator.section-1 to None, run_after=None
[2024-05-21T16:22:36.968+0200] {logging_mixin.py:188} INFO - [2024-05-21T16:22:36.968+0200] {dag.py:3954} INFO - Setting next_dagrun for example_subdag_operator.section-2 to None, run_after=None
[2024-05-21T16:22:36.980+0200] {processor.py:183} INFO - Processing /home/munya/anaconda3/lib/python3.11/site-packages/airflow/example_dags/example_subdag_operator.py took 0.083 seconds
[2024-05-21T16:23:38.889+0200] {processor.py:161} INFO - Started process (PID=25273) to work on /home/munya/anaconda3/lib/python3.11/site-packages/airflow/example_dags/example_subdag_operator.py
[2024-05-21T16:23:38.890+0200] {processor.py:830} INFO - Processing file /home/munya/anaconda3/lib/python3.11/site-packages/airflow/example_dags/example_subdag_operator.py for tasks to queue
[2024-05-21T16:23:38.891+0200] {logging_mixin.py:188} INFO - [2024-05-21T16:23:38.891+0200] {dagbag.py:545} INFO - Filling up the DagBag from /home/munya/anaconda3/lib/python3.11/site-packages/airflow/example_dags/example_subdag_operator.py
[2024-05-21T16:23:38.910+0200] {processor.py:840} INFO - DAG(s) 'example_subdag_operator.section-1', 'example_subdag_operator.section-2', 'example_subdag_operator' retrieved from /home/munya/anaconda3/lib/python3.11/site-packages/airflow/example_dags/example_subdag_operator.py
[2024-05-21T16:23:38.923+0200] {logging_mixin.py:188} INFO - [2024-05-21T16:23:38.923+0200] {dag.py:3096} INFO - Sync 3 DAGs
[2024-05-21T16:23:38.940+0200] {logging_mixin.py:188} INFO - [2024-05-21T16:23:38.940+0200] {dag.py:3954} INFO - Setting next_dagrun for example_subdag_operator to 2022-01-01 00:00:00+00:00, run_after=2022-01-01 00:00:00+00:00
[2024-05-21T16:23:38.943+0200] {logging_mixin.py:188} INFO - [2024-05-21T16:23:38.943+0200] {dag.py:3954} INFO - Setting next_dagrun for example_subdag_operator.section-1 to None, run_after=None
[2024-05-21T16:23:38.944+0200] {logging_mixin.py:188} INFO - [2024-05-21T16:23:38.944+0200] {dag.py:3954} INFO - Setting next_dagrun for example_subdag_operator.section-2 to None, run_after=None
[2024-05-21T16:23:38.949+0200] {logging_mixin.py:188} INFO - [2024-05-21T16:23:38.948+0200] {dag.py:3096} INFO - Sync 2 DAGs
[2024-05-21T16:23:38.952+0200] {logging_mixin.py:188} INFO - [2024-05-21T16:23:38.952+0200] {dag.py:3954} INFO - Setting next_dagrun for example_subdag_operator.section-1 to None, run_after=None
[2024-05-21T16:23:38.953+0200] {logging_mixin.py:188} INFO - [2024-05-21T16:23:38.953+0200] {dag.py:3954} INFO - Setting next_dagrun for example_subdag_operator.section-2 to None, run_after=None
[2024-05-21T16:23:38.968+0200] {processor.py:183} INFO - Processing /home/munya/anaconda3/lib/python3.11/site-packages/airflow/example_dags/example_subdag_operator.py took 0.085 seconds
[2024-05-21T16:24:37.479+0200] {processor.py:161} INFO - Started process (PID=26525) to work on /home/munya/anaconda3/lib/python3.11/site-packages/airflow/example_dags/example_subdag_operator.py
[2024-05-21T16:24:37.480+0200] {processor.py:830} INFO - Processing file /home/munya/anaconda3/lib/python3.11/site-packages/airflow/example_dags/example_subdag_operator.py for tasks to queue
[2024-05-21T16:24:37.481+0200] {logging_mixin.py:188} INFO - [2024-05-21T16:24:37.481+0200] {dagbag.py:545} INFO - Filling up the DagBag from /home/munya/anaconda3/lib/python3.11/site-packages/airflow/example_dags/example_subdag_operator.py
[2024-05-21T16:24:37.499+0200] {processor.py:840} INFO - DAG(s) 'example_subdag_operator.section-1', 'example_subdag_operator.section-2', 'example_subdag_operator' retrieved from /home/munya/anaconda3/lib/python3.11/site-packages/airflow/example_dags/example_subdag_operator.py
[2024-05-21T16:24:37.512+0200] {logging_mixin.py:188} INFO - [2024-05-21T16:24:37.512+0200] {dag.py:3096} INFO - Sync 3 DAGs
[2024-05-21T16:24:37.529+0200] {logging_mixin.py:188} INFO - [2024-05-21T16:24:37.529+0200] {dag.py:3954} INFO - Setting next_dagrun for example_subdag_operator to 2022-01-01 00:00:00+00:00, run_after=2022-01-01 00:00:00+00:00
[2024-05-21T16:24:37.533+0200] {logging_mixin.py:188} INFO - [2024-05-21T16:24:37.533+0200] {dag.py:3954} INFO - Setting next_dagrun for example_subdag_operator.section-1 to None, run_after=None
[2024-05-21T16:24:37.535+0200] {logging_mixin.py:188} INFO - [2024-05-21T16:24:37.535+0200] {dag.py:3954} INFO - Setting next_dagrun for example_subdag_operator.section-2 to None, run_after=None
[2024-05-21T16:24:37.540+0200] {logging_mixin.py:188} INFO - [2024-05-21T16:24:37.540+0200] {dag.py:3096} INFO - Sync 2 DAGs
[2024-05-21T16:24:37.544+0200] {logging_mixin.py:188} INFO - [2024-05-21T16:24:37.544+0200] {dag.py:3954} INFO - Setting next_dagrun for example_subdag_operator.section-1 to None, run_after=None
[2024-05-21T16:24:37.544+0200] {logging_mixin.py:188} INFO - [2024-05-21T16:24:37.544+0200] {dag.py:3954} INFO - Setting next_dagrun for example_subdag_operator.section-2 to None, run_after=None
[2024-05-21T16:24:37.562+0200] {processor.py:183} INFO - Processing /home/munya/anaconda3/lib/python3.11/site-packages/airflow/example_dags/example_subdag_operator.py took 0.089 seconds
[2024-05-21T16:25:46.576+0200] {processor.py:161} INFO - Started process (PID=27895) to work on /home/munya/anaconda3/lib/python3.11/site-packages/airflow/example_dags/example_subdag_operator.py
[2024-05-21T16:25:46.577+0200] {processor.py:830} INFO - Processing file /home/munya/anaconda3/lib/python3.11/site-packages/airflow/example_dags/example_subdag_operator.py for tasks to queue
[2024-05-21T16:25:46.577+0200] {logging_mixin.py:188} INFO - [2024-05-21T16:25:46.577+0200] {dagbag.py:545} INFO - Filling up the DagBag from /home/munya/anaconda3/lib/python3.11/site-packages/airflow/example_dags/example_subdag_operator.py
[2024-05-21T16:25:46.594+0200] {processor.py:840} INFO - DAG(s) 'example_subdag_operator.section-1', 'example_subdag_operator.section-2', 'example_subdag_operator' retrieved from /home/munya/anaconda3/lib/python3.11/site-packages/airflow/example_dags/example_subdag_operator.py
[2024-05-21T16:25:46.606+0200] {logging_mixin.py:188} INFO - [2024-05-21T16:25:46.606+0200] {dag.py:3096} INFO - Sync 3 DAGs
[2024-05-21T16:25:46.620+0200] {logging_mixin.py:188} INFO - [2024-05-21T16:25:46.620+0200] {dag.py:3954} INFO - Setting next_dagrun for example_subdag_operator to 2022-01-01 00:00:00+00:00, run_after=2022-01-01 00:00:00+00:00
[2024-05-21T16:25:46.623+0200] {logging_mixin.py:188} INFO - [2024-05-21T16:25:46.623+0200] {dag.py:3954} INFO - Setting next_dagrun for example_subdag_operator.section-1 to None, run_after=None
[2024-05-21T16:25:46.623+0200] {logging_mixin.py:188} INFO - [2024-05-21T16:25:46.623+0200] {dag.py:3954} INFO - Setting next_dagrun for example_subdag_operator.section-2 to None, run_after=None
[2024-05-21T16:25:46.628+0200] {logging_mixin.py:188} INFO - [2024-05-21T16:25:46.628+0200] {dag.py:3096} INFO - Sync 2 DAGs
[2024-05-21T16:25:46.632+0200] {logging_mixin.py:188} INFO - [2024-05-21T16:25:46.631+0200] {dag.py:3954} INFO - Setting next_dagrun for example_subdag_operator.section-1 to None, run_after=None
[2024-05-21T16:25:46.632+0200] {logging_mixin.py:188} INFO - [2024-05-21T16:25:46.632+0200] {dag.py:3954} INFO - Setting next_dagrun for example_subdag_operator.section-2 to None, run_after=None
[2024-05-21T16:25:46.642+0200] {processor.py:183} INFO - Processing /home/munya/anaconda3/lib/python3.11/site-packages/airflow/example_dags/example_subdag_operator.py took 0.073 seconds
[2024-05-21T16:26:51.829+0200] {processor.py:161} INFO - Started process (PID=29234) to work on /home/munya/anaconda3/lib/python3.11/site-packages/airflow/example_dags/example_subdag_operator.py
[2024-05-21T16:26:51.830+0200] {processor.py:830} INFO - Processing file /home/munya/anaconda3/lib/python3.11/site-packages/airflow/example_dags/example_subdag_operator.py for tasks to queue
[2024-05-21T16:26:51.831+0200] {logging_mixin.py:188} INFO - [2024-05-21T16:26:51.830+0200] {dagbag.py:545} INFO - Filling up the DagBag from /home/munya/anaconda3/lib/python3.11/site-packages/airflow/example_dags/example_subdag_operator.py
[2024-05-21T16:26:51.848+0200] {processor.py:840} INFO - DAG(s) 'example_subdag_operator.section-1', 'example_subdag_operator.section-2', 'example_subdag_operator' retrieved from /home/munya/anaconda3/lib/python3.11/site-packages/airflow/example_dags/example_subdag_operator.py
[2024-05-21T16:26:51.860+0200] {logging_mixin.py:188} INFO - [2024-05-21T16:26:51.860+0200] {dag.py:3096} INFO - Sync 3 DAGs
[2024-05-21T16:26:51.876+0200] {logging_mixin.py:188} INFO - [2024-05-21T16:26:51.875+0200] {dag.py:3954} INFO - Setting next_dagrun for example_subdag_operator to 2022-01-01 00:00:00+00:00, run_after=2022-01-01 00:00:00+00:00
[2024-05-21T16:26:51.878+0200] {logging_mixin.py:188} INFO - [2024-05-21T16:26:51.878+0200] {dag.py:3954} INFO - Setting next_dagrun for example_subdag_operator.section-1 to None, run_after=None
[2024-05-21T16:26:51.879+0200] {logging_mixin.py:188} INFO - [2024-05-21T16:26:51.879+0200] {dag.py:3954} INFO - Setting next_dagrun for example_subdag_operator.section-2 to None, run_after=None
[2024-05-21T16:26:51.884+0200] {logging_mixin.py:188} INFO - [2024-05-21T16:26:51.884+0200] {dag.py:3096} INFO - Sync 2 DAGs
[2024-05-21T16:26:51.887+0200] {logging_mixin.py:188} INFO - [2024-05-21T16:26:51.887+0200] {dag.py:3954} INFO - Setting next_dagrun for example_subdag_operator.section-1 to None, run_after=None
[2024-05-21T16:26:51.888+0200] {logging_mixin.py:188} INFO - [2024-05-21T16:26:51.888+0200] {dag.py:3954} INFO - Setting next_dagrun for example_subdag_operator.section-2 to None, run_after=None
[2024-05-21T16:26:51.898+0200] {processor.py:183} INFO - Processing /home/munya/anaconda3/lib/python3.11/site-packages/airflow/example_dags/example_subdag_operator.py took 0.075 seconds
[2024-05-21T16:28:01.619+0200] {processor.py:161} INFO - Started process (PID=30634) to work on /home/munya/anaconda3/lib/python3.11/site-packages/airflow/example_dags/example_subdag_operator.py
[2024-05-21T16:28:01.620+0200] {processor.py:830} INFO - Processing file /home/munya/anaconda3/lib/python3.11/site-packages/airflow/example_dags/example_subdag_operator.py for tasks to queue
[2024-05-21T16:28:01.620+0200] {logging_mixin.py:188} INFO - [2024-05-21T16:28:01.620+0200] {dagbag.py:545} INFO - Filling up the DagBag from /home/munya/anaconda3/lib/python3.11/site-packages/airflow/example_dags/example_subdag_operator.py
[2024-05-21T16:28:01.637+0200] {processor.py:840} INFO - DAG(s) 'example_subdag_operator.section-1', 'example_subdag_operator.section-2', 'example_subdag_operator' retrieved from /home/munya/anaconda3/lib/python3.11/site-packages/airflow/example_dags/example_subdag_operator.py
[2024-05-21T16:28:01.649+0200] {logging_mixin.py:188} INFO - [2024-05-21T16:28:01.648+0200] {dag.py:3096} INFO - Sync 3 DAGs
[2024-05-21T16:28:01.663+0200] {logging_mixin.py:188} INFO - [2024-05-21T16:28:01.663+0200] {dag.py:3954} INFO - Setting next_dagrun for example_subdag_operator to 2022-01-01 00:00:00+00:00, run_after=2022-01-01 00:00:00+00:00
[2024-05-21T16:28:01.666+0200] {logging_mixin.py:188} INFO - [2024-05-21T16:28:01.665+0200] {dag.py:3954} INFO - Setting next_dagrun for example_subdag_operator.section-1 to None, run_after=None
[2024-05-21T16:28:01.666+0200] {logging_mixin.py:188} INFO - [2024-05-21T16:28:01.666+0200] {dag.py:3954} INFO - Setting next_dagrun for example_subdag_operator.section-2 to None, run_after=None
[2024-05-21T16:28:01.671+0200] {logging_mixin.py:188} INFO - [2024-05-21T16:28:01.671+0200] {dag.py:3096} INFO - Sync 2 DAGs
[2024-05-21T16:28:01.674+0200] {logging_mixin.py:188} INFO - [2024-05-21T16:28:01.674+0200] {dag.py:3954} INFO - Setting next_dagrun for example_subdag_operator.section-1 to None, run_after=None
[2024-05-21T16:28:01.674+0200] {logging_mixin.py:188} INFO - [2024-05-21T16:28:01.674+0200] {dag.py:3954} INFO - Setting next_dagrun for example_subdag_operator.section-2 to None, run_after=None
[2024-05-21T16:28:01.685+0200] {processor.py:183} INFO - Processing /home/munya/anaconda3/lib/python3.11/site-packages/airflow/example_dags/example_subdag_operator.py took 0.071 seconds
[2024-05-21T16:29:11.527+0200] {processor.py:161} INFO - Started process (PID=32025) to work on /home/munya/anaconda3/lib/python3.11/site-packages/airflow/example_dags/example_subdag_operator.py
[2024-05-21T16:29:11.527+0200] {processor.py:830} INFO - Processing file /home/munya/anaconda3/lib/python3.11/site-packages/airflow/example_dags/example_subdag_operator.py for tasks to queue
[2024-05-21T16:29:11.528+0200] {logging_mixin.py:188} INFO - [2024-05-21T16:29:11.528+0200] {dagbag.py:545} INFO - Filling up the DagBag from /home/munya/anaconda3/lib/python3.11/site-packages/airflow/example_dags/example_subdag_operator.py
[2024-05-21T16:29:11.545+0200] {processor.py:840} INFO - DAG(s) 'example_subdag_operator.section-1', 'example_subdag_operator.section-2', 'example_subdag_operator' retrieved from /home/munya/anaconda3/lib/python3.11/site-packages/airflow/example_dags/example_subdag_operator.py
[2024-05-21T16:29:11.557+0200] {logging_mixin.py:188} INFO - [2024-05-21T16:29:11.557+0200] {dag.py:3096} INFO - Sync 3 DAGs
[2024-05-21T16:29:11.579+0200] {logging_mixin.py:188} INFO - [2024-05-21T16:29:11.579+0200] {dag.py:3954} INFO - Setting next_dagrun for example_subdag_operator to 2022-01-01 00:00:00+00:00, run_after=2022-01-01 00:00:00+00:00
[2024-05-21T16:29:11.583+0200] {logging_mixin.py:188} INFO - [2024-05-21T16:29:11.583+0200] {dag.py:3954} INFO - Setting next_dagrun for example_subdag_operator.section-1 to None, run_after=None
[2024-05-21T16:29:11.584+0200] {logging_mixin.py:188} INFO - [2024-05-21T16:29:11.584+0200] {dag.py:3954} INFO - Setting next_dagrun for example_subdag_operator.section-2 to None, run_after=None
[2024-05-21T16:29:11.591+0200] {logging_mixin.py:188} INFO - [2024-05-21T16:29:11.591+0200] {dag.py:3096} INFO - Sync 2 DAGs
[2024-05-21T16:29:11.596+0200] {logging_mixin.py:188} INFO - [2024-05-21T16:29:11.596+0200] {dag.py:3954} INFO - Setting next_dagrun for example_subdag_operator.section-1 to None, run_after=None
[2024-05-21T16:29:11.597+0200] {logging_mixin.py:188} INFO - [2024-05-21T16:29:11.597+0200] {dag.py:3954} INFO - Setting next_dagrun for example_subdag_operator.section-2 to None, run_after=None
[2024-05-21T16:29:11.614+0200] {processor.py:183} INFO - Processing /home/munya/anaconda3/lib/python3.11/site-packages/airflow/example_dags/example_subdag_operator.py took 0.093 seconds
[2024-05-21T16:34:43.694+0200] {processor.py:161} INFO - Started process (PID=38834) to work on /home/munya/anaconda3/lib/python3.11/site-packages/airflow/example_dags/example_subdag_operator.py
[2024-05-21T16:34:43.697+0200] {processor.py:830} INFO - Processing file /home/munya/anaconda3/lib/python3.11/site-packages/airflow/example_dags/example_subdag_operator.py for tasks to queue
[2024-05-21T16:34:43.699+0200] {logging_mixin.py:188} INFO - [2024-05-21T16:34:43.698+0200] {dagbag.py:545} INFO - Filling up the DagBag from /home/munya/anaconda3/lib/python3.11/site-packages/airflow/example_dags/example_subdag_operator.py
[2024-05-21T16:34:43.776+0200] {processor.py:840} INFO - DAG(s) 'example_subdag_operator.section-1', 'example_subdag_operator.section-2', 'example_subdag_operator' retrieved from /home/munya/anaconda3/lib/python3.11/site-packages/airflow/example_dags/example_subdag_operator.py
[2024-05-21T16:34:43.832+0200] {logging_mixin.py:188} INFO - [2024-05-21T16:34:43.831+0200] {dag.py:3096} INFO - Sync 3 DAGs
[2024-05-21T16:34:43.887+0200] {logging_mixin.py:188} INFO - [2024-05-21T16:34:43.886+0200] {dag.py:3954} INFO - Setting next_dagrun for example_subdag_operator to 2022-01-01 00:00:00+00:00, run_after=2022-01-01 00:00:00+00:00
[2024-05-21T16:34:43.896+0200] {logging_mixin.py:188} INFO - [2024-05-21T16:34:43.895+0200] {dag.py:3954} INFO - Setting next_dagrun for example_subdag_operator.section-1 to None, run_after=None
[2024-05-21T16:34:43.899+0200] {logging_mixin.py:188} INFO - [2024-05-21T16:34:43.898+0200] {dag.py:3954} INFO - Setting next_dagrun for example_subdag_operator.section-2 to None, run_after=None
[2024-05-21T16:34:43.917+0200] {logging_mixin.py:188} INFO - [2024-05-21T16:34:43.917+0200] {dag.py:3096} INFO - Sync 2 DAGs
[2024-05-21T16:34:43.930+0200] {logging_mixin.py:188} INFO - [2024-05-21T16:34:43.929+0200] {dag.py:3954} INFO - Setting next_dagrun for example_subdag_operator.section-1 to None, run_after=None
[2024-05-21T16:34:43.931+0200] {logging_mixin.py:188} INFO - [2024-05-21T16:34:43.931+0200] {dag.py:3954} INFO - Setting next_dagrun for example_subdag_operator.section-2 to None, run_after=None
[2024-05-21T16:34:43.972+0200] {processor.py:183} INFO - Processing /home/munya/anaconda3/lib/python3.11/site-packages/airflow/example_dags/example_subdag_operator.py took 0.302 seconds
