[2024-05-20T08:58:16.956+0200] {processor.py:161} INFO - Started process (PID=489368) to work on /home/munya/anaconda3/lib/python3.11/site-packages/airflow/example_dags/example_sla_dag.py
[2024-05-20T08:58:16.957+0200] {processor.py:830} INFO - Processing file /home/munya/anaconda3/lib/python3.11/site-packages/airflow/example_dags/example_sla_dag.py for tasks to queue
[2024-05-20T08:58:16.958+0200] {logging_mixin.py:188} INFO - [2024-05-20T08:58:16.958+0200] {dagbag.py:545} INFO - Filling up the DagBag from /home/munya/anaconda3/lib/python3.11/site-packages/airflow/example_dags/example_sla_dag.py
[2024-05-20T08:58:16.967+0200] {processor.py:840} INFO - DAG(s) 'example_sla_dag' retrieved from /home/munya/anaconda3/lib/python3.11/site-packages/airflow/example_dags/example_sla_dag.py
[2024-05-20T08:58:17.041+0200] {logging_mixin.py:188} INFO - [2024-05-20T08:58:17.041+0200] {dag.py:3096} INFO - Sync 1 DAGs
[2024-05-20T08:58:17.061+0200] {logging_mixin.py:188} INFO - [2024-05-20T08:58:17.061+0200] {dag.py:3954} INFO - Setting next_dagrun for example_sla_dag to 2024-05-20 06:56:00+00:00, run_after=2024-05-20 06:58:00+00:00
[2024-05-20T08:58:17.077+0200] {processor.py:183} INFO - Processing /home/munya/anaconda3/lib/python3.11/site-packages/airflow/example_dags/example_sla_dag.py took 0.126 seconds
[2024-05-20T08:59:26.256+0200] {processor.py:161} INFO - Started process (PID=490736) to work on /home/munya/anaconda3/lib/python3.11/site-packages/airflow/example_dags/example_sla_dag.py
[2024-05-20T08:59:26.295+0200] {processor.py:830} INFO - Processing file /home/munya/anaconda3/lib/python3.11/site-packages/airflow/example_dags/example_sla_dag.py for tasks to queue
[2024-05-20T08:59:26.296+0200] {logging_mixin.py:188} INFO - [2024-05-20T08:59:26.295+0200] {dagbag.py:545} INFO - Filling up the DagBag from /home/munya/anaconda3/lib/python3.11/site-packages/airflow/example_dags/example_sla_dag.py
[2024-05-20T08:59:26.304+0200] {processor.py:840} INFO - DAG(s) 'example_sla_dag' retrieved from /home/munya/anaconda3/lib/python3.11/site-packages/airflow/example_dags/example_sla_dag.py
[2024-05-20T08:59:26.318+0200] {logging_mixin.py:188} INFO - [2024-05-20T08:59:26.318+0200] {dag.py:3096} INFO - Sync 1 DAGs
[2024-05-20T08:59:26.338+0200] {logging_mixin.py:188} INFO - [2024-05-20T08:59:26.337+0200] {dag.py:3954} INFO - Setting next_dagrun for example_sla_dag to 2024-05-20 06:56:00+00:00, run_after=2024-05-20 06:58:00+00:00
[2024-05-20T08:59:26.509+0200] {processor.py:183} INFO - Processing /home/munya/anaconda3/lib/python3.11/site-packages/airflow/example_dags/example_sla_dag.py took 0.260 seconds
[2024-05-20T09:00:43.487+0200] {processor.py:161} INFO - Started process (PID=492071) to work on /home/munya/anaconda3/lib/python3.11/site-packages/airflow/example_dags/example_sla_dag.py
[2024-05-20T09:00:43.488+0200] {processor.py:830} INFO - Processing file /home/munya/anaconda3/lib/python3.11/site-packages/airflow/example_dags/example_sla_dag.py for tasks to queue
[2024-05-20T09:00:43.489+0200] {logging_mixin.py:188} INFO - [2024-05-20T09:00:43.489+0200] {dagbag.py:545} INFO - Filling up the DagBag from /home/munya/anaconda3/lib/python3.11/site-packages/airflow/example_dags/example_sla_dag.py
[2024-05-20T09:00:43.496+0200] {processor.py:840} INFO - DAG(s) 'example_sla_dag' retrieved from /home/munya/anaconda3/lib/python3.11/site-packages/airflow/example_dags/example_sla_dag.py
[2024-05-20T09:00:43.508+0200] {logging_mixin.py:188} INFO - [2024-05-20T09:00:43.508+0200] {dag.py:3096} INFO - Sync 1 DAGs
[2024-05-20T09:00:43.525+0200] {logging_mixin.py:188} INFO - [2024-05-20T09:00:43.525+0200] {dag.py:3954} INFO - Setting next_dagrun for example_sla_dag to 2024-05-20 06:58:00+00:00, run_after=2024-05-20 07:00:00+00:00
[2024-05-20T09:00:43.540+0200] {processor.py:183} INFO - Processing /home/munya/anaconda3/lib/python3.11/site-packages/airflow/example_dags/example_sla_dag.py took 0.058 seconds
[2024-05-20T09:01:40.300+0200] {processor.py:161} INFO - Started process (PID=493042) to work on /home/munya/anaconda3/lib/python3.11/site-packages/airflow/example_dags/example_sla_dag.py
[2024-05-20T09:01:40.301+0200] {processor.py:830} INFO - Processing file /home/munya/anaconda3/lib/python3.11/site-packages/airflow/example_dags/example_sla_dag.py for tasks to queue
[2024-05-20T09:01:40.302+0200] {logging_mixin.py:188} INFO - [2024-05-20T09:01:40.302+0200] {dagbag.py:545} INFO - Filling up the DagBag from /home/munya/anaconda3/lib/python3.11/site-packages/airflow/example_dags/example_sla_dag.py
[2024-05-20T09:01:40.310+0200] {processor.py:840} INFO - DAG(s) 'example_sla_dag' retrieved from /home/munya/anaconda3/lib/python3.11/site-packages/airflow/example_dags/example_sla_dag.py
[2024-05-20T09:01:40.324+0200] {logging_mixin.py:188} INFO - [2024-05-20T09:01:40.324+0200] {dag.py:3096} INFO - Sync 1 DAGs
[2024-05-20T09:01:40.343+0200] {logging_mixin.py:188} INFO - [2024-05-20T09:01:40.343+0200] {dag.py:3954} INFO - Setting next_dagrun for example_sla_dag to 2024-05-20 06:58:00+00:00, run_after=2024-05-20 07:00:00+00:00
[2024-05-20T09:01:40.361+0200] {processor.py:183} INFO - Processing /home/munya/anaconda3/lib/python3.11/site-packages/airflow/example_dags/example_sla_dag.py took 0.066 seconds
[2024-05-20T09:02:33.616+0200] {processor.py:161} INFO - Started process (PID=493956) to work on /home/munya/anaconda3/lib/python3.11/site-packages/airflow/example_dags/example_sla_dag.py
[2024-05-20T09:02:33.617+0200] {processor.py:830} INFO - Processing file /home/munya/anaconda3/lib/python3.11/site-packages/airflow/example_dags/example_sla_dag.py for tasks to queue
[2024-05-20T09:02:33.618+0200] {logging_mixin.py:188} INFO - [2024-05-20T09:02:33.617+0200] {dagbag.py:545} INFO - Filling up the DagBag from /home/munya/anaconda3/lib/python3.11/site-packages/airflow/example_dags/example_sla_dag.py
[2024-05-20T09:02:33.625+0200] {processor.py:840} INFO - DAG(s) 'example_sla_dag' retrieved from /home/munya/anaconda3/lib/python3.11/site-packages/airflow/example_dags/example_sla_dag.py
[2024-05-20T09:02:33.637+0200] {logging_mixin.py:188} INFO - [2024-05-20T09:02:33.637+0200] {dag.py:3096} INFO - Sync 1 DAGs
[2024-05-20T09:02:33.655+0200] {logging_mixin.py:188} INFO - [2024-05-20T09:02:33.655+0200] {dag.py:3954} INFO - Setting next_dagrun for example_sla_dag to 2024-05-20 07:00:00+00:00, run_after=2024-05-20 07:02:00+00:00
[2024-05-20T09:02:33.673+0200] {processor.py:183} INFO - Processing /home/munya/anaconda3/lib/python3.11/site-packages/airflow/example_dags/example_sla_dag.py took 0.062 seconds
[2024-05-20T09:03:37.312+0200] {processor.py:161} INFO - Started process (PID=495087) to work on /home/munya/anaconda3/lib/python3.11/site-packages/airflow/example_dags/example_sla_dag.py
[2024-05-20T09:03:37.313+0200] {processor.py:830} INFO - Processing file /home/munya/anaconda3/lib/python3.11/site-packages/airflow/example_dags/example_sla_dag.py for tasks to queue
[2024-05-20T09:03:37.314+0200] {logging_mixin.py:188} INFO - [2024-05-20T09:03:37.314+0200] {dagbag.py:545} INFO - Filling up the DagBag from /home/munya/anaconda3/lib/python3.11/site-packages/airflow/example_dags/example_sla_dag.py
[2024-05-20T09:03:37.322+0200] {processor.py:840} INFO - DAG(s) 'example_sla_dag' retrieved from /home/munya/anaconda3/lib/python3.11/site-packages/airflow/example_dags/example_sla_dag.py
[2024-05-20T09:03:37.337+0200] {logging_mixin.py:188} INFO - [2024-05-20T09:03:37.336+0200] {dag.py:3096} INFO - Sync 1 DAGs
[2024-05-20T09:03:37.356+0200] {logging_mixin.py:188} INFO - [2024-05-20T09:03:37.356+0200] {dag.py:3954} INFO - Setting next_dagrun for example_sla_dag to 2024-05-20 07:00:00+00:00, run_after=2024-05-20 07:02:00+00:00
[2024-05-20T09:03:37.374+0200] {processor.py:183} INFO - Processing /home/munya/anaconda3/lib/python3.11/site-packages/airflow/example_dags/example_sla_dag.py took 0.067 seconds
[2024-05-20T09:04:36.731+0200] {processor.py:161} INFO - Started process (PID=496273) to work on /home/munya/anaconda3/lib/python3.11/site-packages/airflow/example_dags/example_sla_dag.py
[2024-05-20T09:04:36.732+0200] {processor.py:830} INFO - Processing file /home/munya/anaconda3/lib/python3.11/site-packages/airflow/example_dags/example_sla_dag.py for tasks to queue
[2024-05-20T09:04:36.733+0200] {logging_mixin.py:188} INFO - [2024-05-20T09:04:36.733+0200] {dagbag.py:545} INFO - Filling up the DagBag from /home/munya/anaconda3/lib/python3.11/site-packages/airflow/example_dags/example_sla_dag.py
[2024-05-20T09:04:36.744+0200] {processor.py:840} INFO - DAG(s) 'example_sla_dag' retrieved from /home/munya/anaconda3/lib/python3.11/site-packages/airflow/example_dags/example_sla_dag.py
[2024-05-20T09:04:36.760+0200] {logging_mixin.py:188} INFO - [2024-05-20T09:04:36.760+0200] {dag.py:3096} INFO - Sync 1 DAGs
[2024-05-20T09:04:36.788+0200] {logging_mixin.py:188} INFO - [2024-05-20T09:04:36.788+0200] {dag.py:3954} INFO - Setting next_dagrun for example_sla_dag to 2024-05-20 07:02:00+00:00, run_after=2024-05-20 07:04:00+00:00
[2024-05-20T09:04:36.813+0200] {processor.py:183} INFO - Processing /home/munya/anaconda3/lib/python3.11/site-packages/airflow/example_dags/example_sla_dag.py took 0.090 seconds
[2024-05-20T09:05:48.747+0200] {processor.py:161} INFO - Started process (PID=497633) to work on /home/munya/anaconda3/lib/python3.11/site-packages/airflow/example_dags/example_sla_dag.py
[2024-05-20T09:05:48.748+0200] {processor.py:830} INFO - Processing file /home/munya/anaconda3/lib/python3.11/site-packages/airflow/example_dags/example_sla_dag.py for tasks to queue
[2024-05-20T09:05:48.749+0200] {logging_mixin.py:188} INFO - [2024-05-20T09:05:48.749+0200] {dagbag.py:545} INFO - Filling up the DagBag from /home/munya/anaconda3/lib/python3.11/site-packages/airflow/example_dags/example_sla_dag.py
[2024-05-20T09:05:48.756+0200] {processor.py:840} INFO - DAG(s) 'example_sla_dag' retrieved from /home/munya/anaconda3/lib/python3.11/site-packages/airflow/example_dags/example_sla_dag.py
[2024-05-20T09:05:48.768+0200] {logging_mixin.py:188} INFO - [2024-05-20T09:05:48.768+0200] {dag.py:3096} INFO - Sync 1 DAGs
[2024-05-20T09:05:48.784+0200] {logging_mixin.py:188} INFO - [2024-05-20T09:05:48.784+0200] {dag.py:3954} INFO - Setting next_dagrun for example_sla_dag to 2024-05-20 07:02:00+00:00, run_after=2024-05-20 07:04:00+00:00
[2024-05-20T09:05:48.800+0200] {processor.py:183} INFO - Processing /home/munya/anaconda3/lib/python3.11/site-packages/airflow/example_dags/example_sla_dag.py took 0.057 seconds
[2024-05-20T09:06:47.744+0200] {processor.py:161} INFO - Started process (PID=498758) to work on /home/munya/anaconda3/lib/python3.11/site-packages/airflow/example_dags/example_sla_dag.py
[2024-05-20T09:06:47.747+0200] {processor.py:830} INFO - Processing file /home/munya/anaconda3/lib/python3.11/site-packages/airflow/example_dags/example_sla_dag.py for tasks to queue
[2024-05-20T09:06:47.749+0200] {logging_mixin.py:188} INFO - [2024-05-20T09:06:47.748+0200] {dagbag.py:545} INFO - Filling up the DagBag from /home/munya/anaconda3/lib/python3.11/site-packages/airflow/example_dags/example_sla_dag.py
[2024-05-20T09:06:47.777+0200] {processor.py:840} INFO - DAG(s) 'example_sla_dag' retrieved from /home/munya/anaconda3/lib/python3.11/site-packages/airflow/example_dags/example_sla_dag.py
[2024-05-20T09:06:47.840+0200] {logging_mixin.py:188} INFO - [2024-05-20T09:06:47.839+0200] {dag.py:3096} INFO - Sync 1 DAGs
[2024-05-20T09:06:47.934+0200] {logging_mixin.py:188} INFO - [2024-05-20T09:06:47.933+0200] {dag.py:3954} INFO - Setting next_dagrun for example_sla_dag to 2024-05-20 07:04:00+00:00, run_after=2024-05-20 07:06:00+00:00
[2024-05-20T09:06:47.983+0200] {processor.py:183} INFO - Processing /home/munya/anaconda3/lib/python3.11/site-packages/airflow/example_dags/example_sla_dag.py took 0.258 seconds
[2024-05-20T09:07:44.857+0200] {processor.py:161} INFO - Started process (PID=499786) to work on /home/munya/anaconda3/lib/python3.11/site-packages/airflow/example_dags/example_sla_dag.py
[2024-05-20T09:07:44.859+0200] {processor.py:830} INFO - Processing file /home/munya/anaconda3/lib/python3.11/site-packages/airflow/example_dags/example_sla_dag.py for tasks to queue
[2024-05-20T09:07:44.862+0200] {logging_mixin.py:188} INFO - [2024-05-20T09:07:44.860+0200] {dagbag.py:545} INFO - Filling up the DagBag from /home/munya/anaconda3/lib/python3.11/site-packages/airflow/example_dags/example_sla_dag.py
[2024-05-20T09:07:44.888+0200] {processor.py:840} INFO - DAG(s) 'example_sla_dag' retrieved from /home/munya/anaconda3/lib/python3.11/site-packages/airflow/example_dags/example_sla_dag.py
[2024-05-20T09:07:44.934+0200] {logging_mixin.py:188} INFO - [2024-05-20T09:07:44.933+0200] {dag.py:3096} INFO - Sync 1 DAGs
[2024-05-20T09:07:45.001+0200] {logging_mixin.py:188} INFO - [2024-05-20T09:07:45.000+0200] {dag.py:3954} INFO - Setting next_dagrun for example_sla_dag to 2024-05-20 07:04:00+00:00, run_after=2024-05-20 07:06:00+00:00
[2024-05-20T09:07:45.064+0200] {processor.py:183} INFO - Processing /home/munya/anaconda3/lib/python3.11/site-packages/airflow/example_dags/example_sla_dag.py took 0.226 seconds
[2024-05-20T09:08:47.992+0200] {processor.py:161} INFO - Started process (PID=500829) to work on /home/munya/anaconda3/lib/python3.11/site-packages/airflow/example_dags/example_sla_dag.py
[2024-05-20T09:08:47.993+0200] {processor.py:830} INFO - Processing file /home/munya/anaconda3/lib/python3.11/site-packages/airflow/example_dags/example_sla_dag.py for tasks to queue
[2024-05-20T09:08:47.994+0200] {logging_mixin.py:188} INFO - [2024-05-20T09:08:47.994+0200] {dagbag.py:545} INFO - Filling up the DagBag from /home/munya/anaconda3/lib/python3.11/site-packages/airflow/example_dags/example_sla_dag.py
[2024-05-20T09:08:48.001+0200] {processor.py:840} INFO - DAG(s) 'example_sla_dag' retrieved from /home/munya/anaconda3/lib/python3.11/site-packages/airflow/example_dags/example_sla_dag.py
[2024-05-20T09:08:48.014+0200] {logging_mixin.py:188} INFO - [2024-05-20T09:08:48.013+0200] {dag.py:3096} INFO - Sync 1 DAGs
[2024-05-20T09:08:48.030+0200] {logging_mixin.py:188} INFO - [2024-05-20T09:08:48.030+0200] {dag.py:3954} INFO - Setting next_dagrun for example_sla_dag to 2024-05-20 07:06:00+00:00, run_after=2024-05-20 07:08:00+00:00
[2024-05-20T09:08:48.044+0200] {processor.py:183} INFO - Processing /home/munya/anaconda3/lib/python3.11/site-packages/airflow/example_dags/example_sla_dag.py took 0.057 seconds
[2024-05-20T09:09:46.561+0200] {processor.py:161} INFO - Started process (PID=501973) to work on /home/munya/anaconda3/lib/python3.11/site-packages/airflow/example_dags/example_sla_dag.py
[2024-05-20T09:09:46.561+0200] {processor.py:830} INFO - Processing file /home/munya/anaconda3/lib/python3.11/site-packages/airflow/example_dags/example_sla_dag.py for tasks to queue
[2024-05-20T09:09:46.562+0200] {logging_mixin.py:188} INFO - [2024-05-20T09:09:46.562+0200] {dagbag.py:545} INFO - Filling up the DagBag from /home/munya/anaconda3/lib/python3.11/site-packages/airflow/example_dags/example_sla_dag.py
[2024-05-20T09:09:46.570+0200] {processor.py:840} INFO - DAG(s) 'example_sla_dag' retrieved from /home/munya/anaconda3/lib/python3.11/site-packages/airflow/example_dags/example_sla_dag.py
[2024-05-20T09:09:46.585+0200] {logging_mixin.py:188} INFO - [2024-05-20T09:09:46.585+0200] {dag.py:3096} INFO - Sync 1 DAGs
[2024-05-20T09:09:46.603+0200] {logging_mixin.py:188} INFO - [2024-05-20T09:09:46.603+0200] {dag.py:3954} INFO - Setting next_dagrun for example_sla_dag to 2024-05-20 07:06:00+00:00, run_after=2024-05-20 07:08:00+00:00
[2024-05-20T09:09:46.618+0200] {processor.py:183} INFO - Processing /home/munya/anaconda3/lib/python3.11/site-packages/airflow/example_dags/example_sla_dag.py took 0.062 seconds
[2024-05-20T09:10:45.222+0200] {processor.py:161} INFO - Started process (PID=503256) to work on /home/munya/anaconda3/lib/python3.11/site-packages/airflow/example_dags/example_sla_dag.py
[2024-05-20T09:10:45.225+0200] {processor.py:830} INFO - Processing file /home/munya/anaconda3/lib/python3.11/site-packages/airflow/example_dags/example_sla_dag.py for tasks to queue
[2024-05-20T09:10:45.228+0200] {logging_mixin.py:188} INFO - [2024-05-20T09:10:45.226+0200] {dagbag.py:545} INFO - Filling up the DagBag from /home/munya/anaconda3/lib/python3.11/site-packages/airflow/example_dags/example_sla_dag.py
[2024-05-20T09:10:45.255+0200] {processor.py:840} INFO - DAG(s) 'example_sla_dag' retrieved from /home/munya/anaconda3/lib/python3.11/site-packages/airflow/example_dags/example_sla_dag.py
[2024-05-20T09:10:45.308+0200] {logging_mixin.py:188} INFO - [2024-05-20T09:10:45.307+0200] {dag.py:3096} INFO - Sync 1 DAGs
[2024-05-20T09:10:45.373+0200] {logging_mixin.py:188} INFO - [2024-05-20T09:10:45.372+0200] {dag.py:3954} INFO - Setting next_dagrun for example_sla_dag to 2024-05-20 07:08:00+00:00, run_after=2024-05-20 07:10:00+00:00
[2024-05-20T09:10:45.427+0200] {processor.py:183} INFO - Processing /home/munya/anaconda3/lib/python3.11/site-packages/airflow/example_dags/example_sla_dag.py took 0.223 seconds
[2024-05-20T09:11:44.228+0200] {processor.py:161} INFO - Started process (PID=504573) to work on /home/munya/anaconda3/lib/python3.11/site-packages/airflow/example_dags/example_sla_dag.py
[2024-05-20T09:11:44.229+0200] {processor.py:830} INFO - Processing file /home/munya/anaconda3/lib/python3.11/site-packages/airflow/example_dags/example_sla_dag.py for tasks to queue
[2024-05-20T09:11:44.230+0200] {logging_mixin.py:188} INFO - [2024-05-20T09:11:44.229+0200] {dagbag.py:545} INFO - Filling up the DagBag from /home/munya/anaconda3/lib/python3.11/site-packages/airflow/example_dags/example_sla_dag.py
[2024-05-20T09:11:44.238+0200] {processor.py:840} INFO - DAG(s) 'example_sla_dag' retrieved from /home/munya/anaconda3/lib/python3.11/site-packages/airflow/example_dags/example_sla_dag.py
[2024-05-20T09:11:44.252+0200] {logging_mixin.py:188} INFO - [2024-05-20T09:11:44.251+0200] {dag.py:3096} INFO - Sync 1 DAGs
[2024-05-20T09:11:44.272+0200] {logging_mixin.py:188} INFO - [2024-05-20T09:11:44.272+0200] {dag.py:3954} INFO - Setting next_dagrun for example_sla_dag to 2024-05-20 07:08:00+00:00, run_after=2024-05-20 07:10:00+00:00
[2024-05-20T09:11:44.295+0200] {processor.py:183} INFO - Processing /home/munya/anaconda3/lib/python3.11/site-packages/airflow/example_dags/example_sla_dag.py took 0.073 seconds
[2024-05-20T09:12:40.034+0200] {processor.py:161} INFO - Started process (PID=505798) to work on /home/munya/anaconda3/lib/python3.11/site-packages/airflow/example_dags/example_sla_dag.py
[2024-05-20T09:12:40.035+0200] {processor.py:830} INFO - Processing file /home/munya/anaconda3/lib/python3.11/site-packages/airflow/example_dags/example_sla_dag.py for tasks to queue
[2024-05-20T09:12:40.035+0200] {logging_mixin.py:188} INFO - [2024-05-20T09:12:40.035+0200] {dagbag.py:545} INFO - Filling up the DagBag from /home/munya/anaconda3/lib/python3.11/site-packages/airflow/example_dags/example_sla_dag.py
[2024-05-20T09:12:40.043+0200] {processor.py:840} INFO - DAG(s) 'example_sla_dag' retrieved from /home/munya/anaconda3/lib/python3.11/site-packages/airflow/example_dags/example_sla_dag.py
[2024-05-20T09:12:40.056+0200] {logging_mixin.py:188} INFO - [2024-05-20T09:12:40.056+0200] {dag.py:3096} INFO - Sync 1 DAGs
[2024-05-20T09:12:40.075+0200] {logging_mixin.py:188} INFO - [2024-05-20T09:12:40.075+0200] {dag.py:3954} INFO - Setting next_dagrun for example_sla_dag to 2024-05-20 07:10:00+00:00, run_after=2024-05-20 07:12:00+00:00
[2024-05-20T09:12:40.090+0200] {processor.py:183} INFO - Processing /home/munya/anaconda3/lib/python3.11/site-packages/airflow/example_dags/example_sla_dag.py took 0.062 seconds
[2024-05-20T09:13:40.661+0200] {processor.py:161} INFO - Started process (PID=507137) to work on /home/munya/anaconda3/lib/python3.11/site-packages/airflow/example_dags/example_sla_dag.py
[2024-05-20T09:13:40.662+0200] {processor.py:830} INFO - Processing file /home/munya/anaconda3/lib/python3.11/site-packages/airflow/example_dags/example_sla_dag.py for tasks to queue
[2024-05-20T09:13:40.663+0200] {logging_mixin.py:188} INFO - [2024-05-20T09:13:40.663+0200] {dagbag.py:545} INFO - Filling up the DagBag from /home/munya/anaconda3/lib/python3.11/site-packages/airflow/example_dags/example_sla_dag.py
[2024-05-20T09:13:40.670+0200] {processor.py:840} INFO - DAG(s) 'example_sla_dag' retrieved from /home/munya/anaconda3/lib/python3.11/site-packages/airflow/example_dags/example_sla_dag.py
[2024-05-20T09:13:40.683+0200] {logging_mixin.py:188} INFO - [2024-05-20T09:13:40.683+0200] {dag.py:3096} INFO - Sync 1 DAGs
[2024-05-20T09:13:40.700+0200] {logging_mixin.py:188} INFO - [2024-05-20T09:13:40.700+0200] {dag.py:3954} INFO - Setting next_dagrun for example_sla_dag to 2024-05-20 07:10:00+00:00, run_after=2024-05-20 07:12:00+00:00
[2024-05-20T09:13:40.717+0200] {processor.py:183} INFO - Processing /home/munya/anaconda3/lib/python3.11/site-packages/airflow/example_dags/example_sla_dag.py took 0.060 seconds
[2024-05-20T09:14:43.749+0200] {processor.py:161} INFO - Started process (PID=508537) to work on /home/munya/anaconda3/lib/python3.11/site-packages/airflow/example_dags/example_sla_dag.py
[2024-05-20T09:14:43.750+0200] {processor.py:830} INFO - Processing file /home/munya/anaconda3/lib/python3.11/site-packages/airflow/example_dags/example_sla_dag.py for tasks to queue
[2024-05-20T09:14:43.751+0200] {logging_mixin.py:188} INFO - [2024-05-20T09:14:43.750+0200] {dagbag.py:545} INFO - Filling up the DagBag from /home/munya/anaconda3/lib/python3.11/site-packages/airflow/example_dags/example_sla_dag.py
[2024-05-20T09:14:43.759+0200] {processor.py:840} INFO - DAG(s) 'example_sla_dag' retrieved from /home/munya/anaconda3/lib/python3.11/site-packages/airflow/example_dags/example_sla_dag.py
[2024-05-20T09:14:43.773+0200] {logging_mixin.py:188} INFO - [2024-05-20T09:14:43.773+0200] {dag.py:3096} INFO - Sync 1 DAGs
[2024-05-20T09:14:43.793+0200] {logging_mixin.py:188} INFO - [2024-05-20T09:14:43.793+0200] {dag.py:3954} INFO - Setting next_dagrun for example_sla_dag to 2024-05-20 07:12:00+00:00, run_after=2024-05-20 07:14:00+00:00
[2024-05-20T09:14:43.811+0200] {processor.py:183} INFO - Processing /home/munya/anaconda3/lib/python3.11/site-packages/airflow/example_dags/example_sla_dag.py took 0.068 seconds
[2024-05-20T09:15:45.266+0200] {processor.py:161} INFO - Started process (PID=509898) to work on /home/munya/anaconda3/lib/python3.11/site-packages/airflow/example_dags/example_sla_dag.py
[2024-05-20T09:15:45.266+0200] {processor.py:830} INFO - Processing file /home/munya/anaconda3/lib/python3.11/site-packages/airflow/example_dags/example_sla_dag.py for tasks to queue
[2024-05-20T09:15:45.267+0200] {logging_mixin.py:188} INFO - [2024-05-20T09:15:45.267+0200] {dagbag.py:545} INFO - Filling up the DagBag from /home/munya/anaconda3/lib/python3.11/site-packages/airflow/example_dags/example_sla_dag.py
[2024-05-20T09:15:45.277+0200] {processor.py:840} INFO - DAG(s) 'example_sla_dag' retrieved from /home/munya/anaconda3/lib/python3.11/site-packages/airflow/example_dags/example_sla_dag.py
[2024-05-20T09:15:45.292+0200] {logging_mixin.py:188} INFO - [2024-05-20T09:15:45.292+0200] {dag.py:3096} INFO - Sync 1 DAGs
[2024-05-20T09:15:45.310+0200] {logging_mixin.py:188} INFO - [2024-05-20T09:15:45.310+0200] {dag.py:3954} INFO - Setting next_dagrun for example_sla_dag to 2024-05-20 07:12:00+00:00, run_after=2024-05-20 07:14:00+00:00
[2024-05-20T09:15:45.326+0200] {processor.py:183} INFO - Processing /home/munya/anaconda3/lib/python3.11/site-packages/airflow/example_dags/example_sla_dag.py took 0.066 seconds
[2024-05-20T09:16:43.766+0200] {processor.py:161} INFO - Started process (PID=511291) to work on /home/munya/anaconda3/lib/python3.11/site-packages/airflow/example_dags/example_sla_dag.py
[2024-05-20T09:16:43.767+0200] {processor.py:830} INFO - Processing file /home/munya/anaconda3/lib/python3.11/site-packages/airflow/example_dags/example_sla_dag.py for tasks to queue
[2024-05-20T09:16:43.767+0200] {logging_mixin.py:188} INFO - [2024-05-20T09:16:43.767+0200] {dagbag.py:545} INFO - Filling up the DagBag from /home/munya/anaconda3/lib/python3.11/site-packages/airflow/example_dags/example_sla_dag.py
[2024-05-20T09:16:43.775+0200] {processor.py:840} INFO - DAG(s) 'example_sla_dag' retrieved from /home/munya/anaconda3/lib/python3.11/site-packages/airflow/example_dags/example_sla_dag.py
[2024-05-20T09:16:43.790+0200] {logging_mixin.py:188} INFO - [2024-05-20T09:16:43.790+0200] {dag.py:3096} INFO - Sync 1 DAGs
[2024-05-20T09:16:43.814+0200] {logging_mixin.py:188} INFO - [2024-05-20T09:16:43.814+0200] {dag.py:3954} INFO - Setting next_dagrun for example_sla_dag to 2024-05-20 07:14:00+00:00, run_after=2024-05-20 07:16:00+00:00
[2024-05-20T09:16:43.834+0200] {processor.py:183} INFO - Processing /home/munya/anaconda3/lib/python3.11/site-packages/airflow/example_dags/example_sla_dag.py took 0.074 seconds
[2024-05-20T09:17:42.949+0200] {processor.py:161} INFO - Started process (PID=512627) to work on /home/munya/anaconda3/lib/python3.11/site-packages/airflow/example_dags/example_sla_dag.py
[2024-05-20T09:17:42.950+0200] {processor.py:830} INFO - Processing file /home/munya/anaconda3/lib/python3.11/site-packages/airflow/example_dags/example_sla_dag.py for tasks to queue
[2024-05-20T09:17:42.951+0200] {logging_mixin.py:188} INFO - [2024-05-20T09:17:42.951+0200] {dagbag.py:545} INFO - Filling up the DagBag from /home/munya/anaconda3/lib/python3.11/site-packages/airflow/example_dags/example_sla_dag.py
[2024-05-20T09:17:42.961+0200] {processor.py:840} INFO - DAG(s) 'example_sla_dag' retrieved from /home/munya/anaconda3/lib/python3.11/site-packages/airflow/example_dags/example_sla_dag.py
[2024-05-20T09:17:42.979+0200] {logging_mixin.py:188} INFO - [2024-05-20T09:17:42.979+0200] {dag.py:3096} INFO - Sync 1 DAGs
[2024-05-20T09:17:43.000+0200] {logging_mixin.py:188} INFO - [2024-05-20T09:17:43.000+0200] {dag.py:3954} INFO - Setting next_dagrun for example_sla_dag to 2024-05-20 07:14:00+00:00, run_after=2024-05-20 07:16:00+00:00
[2024-05-20T09:17:43.017+0200] {processor.py:183} INFO - Processing /home/munya/anaconda3/lib/python3.11/site-packages/airflow/example_dags/example_sla_dag.py took 0.075 seconds
[2024-05-20T09:18:54.992+0200] {processor.py:161} INFO - Started process (PID=514313) to work on /home/munya/anaconda3/lib/python3.11/site-packages/airflow/example_dags/example_sla_dag.py
[2024-05-20T09:18:54.993+0200] {processor.py:830} INFO - Processing file /home/munya/anaconda3/lib/python3.11/site-packages/airflow/example_dags/example_sla_dag.py for tasks to queue
[2024-05-20T09:18:54.994+0200] {logging_mixin.py:188} INFO - [2024-05-20T09:18:54.993+0200] {dagbag.py:545} INFO - Filling up the DagBag from /home/munya/anaconda3/lib/python3.11/site-packages/airflow/example_dags/example_sla_dag.py
[2024-05-20T09:18:55.000+0200] {processor.py:840} INFO - DAG(s) 'example_sla_dag' retrieved from /home/munya/anaconda3/lib/python3.11/site-packages/airflow/example_dags/example_sla_dag.py
[2024-05-20T09:18:55.013+0200] {logging_mixin.py:188} INFO - [2024-05-20T09:18:55.012+0200] {dag.py:3096} INFO - Sync 1 DAGs
[2024-05-20T09:18:55.029+0200] {logging_mixin.py:188} INFO - [2024-05-20T09:18:55.028+0200] {dag.py:3954} INFO - Setting next_dagrun for example_sla_dag to 2024-05-20 07:16:00+00:00, run_after=2024-05-20 07:18:00+00:00
[2024-05-20T09:18:55.043+0200] {processor.py:183} INFO - Processing /home/munya/anaconda3/lib/python3.11/site-packages/airflow/example_dags/example_sla_dag.py took 0.056 seconds
[2024-05-20T09:19:59.413+0200] {processor.py:161} INFO - Started process (PID=515398) to work on /home/munya/anaconda3/lib/python3.11/site-packages/airflow/example_dags/example_sla_dag.py
[2024-05-20T09:19:59.414+0200] {processor.py:830} INFO - Processing file /home/munya/anaconda3/lib/python3.11/site-packages/airflow/example_dags/example_sla_dag.py for tasks to queue
[2024-05-20T09:19:59.415+0200] {logging_mixin.py:188} INFO - [2024-05-20T09:19:59.415+0200] {dagbag.py:545} INFO - Filling up the DagBag from /home/munya/anaconda3/lib/python3.11/site-packages/airflow/example_dags/example_sla_dag.py
[2024-05-20T09:19:59.422+0200] {processor.py:840} INFO - DAG(s) 'example_sla_dag' retrieved from /home/munya/anaconda3/lib/python3.11/site-packages/airflow/example_dags/example_sla_dag.py
[2024-05-20T09:19:59.436+0200] {logging_mixin.py:188} INFO - [2024-05-20T09:19:59.436+0200] {dag.py:3096} INFO - Sync 1 DAGs
[2024-05-20T09:19:59.454+0200] {logging_mixin.py:188} INFO - [2024-05-20T09:19:59.454+0200] {dag.py:3954} INFO - Setting next_dagrun for example_sla_dag to 2024-05-20 07:16:00+00:00, run_after=2024-05-20 07:18:00+00:00
[2024-05-20T09:19:59.470+0200] {processor.py:183} INFO - Processing /home/munya/anaconda3/lib/python3.11/site-packages/airflow/example_dags/example_sla_dag.py took 0.062 seconds
[2024-05-20T09:21:02.264+0200] {processor.py:161} INFO - Started process (PID=516483) to work on /home/munya/anaconda3/lib/python3.11/site-packages/airflow/example_dags/example_sla_dag.py
[2024-05-20T09:21:02.265+0200] {processor.py:830} INFO - Processing file /home/munya/anaconda3/lib/python3.11/site-packages/airflow/example_dags/example_sla_dag.py for tasks to queue
[2024-05-20T09:21:02.266+0200] {logging_mixin.py:188} INFO - [2024-05-20T09:21:02.266+0200] {dagbag.py:545} INFO - Filling up the DagBag from /home/munya/anaconda3/lib/python3.11/site-packages/airflow/example_dags/example_sla_dag.py
[2024-05-20T09:21:02.275+0200] {processor.py:840} INFO - DAG(s) 'example_sla_dag' retrieved from /home/munya/anaconda3/lib/python3.11/site-packages/airflow/example_dags/example_sla_dag.py
[2024-05-20T09:21:02.294+0200] {logging_mixin.py:188} INFO - [2024-05-20T09:21:02.293+0200] {dag.py:3096} INFO - Sync 1 DAGs
[2024-05-20T09:21:02.316+0200] {logging_mixin.py:188} INFO - [2024-05-20T09:21:02.316+0200] {dag.py:3954} INFO - Setting next_dagrun for example_sla_dag to 2024-05-20 07:18:00+00:00, run_after=2024-05-20 07:20:00+00:00
[2024-05-20T09:21:02.338+0200] {processor.py:183} INFO - Processing /home/munya/anaconda3/lib/python3.11/site-packages/airflow/example_dags/example_sla_dag.py took 0.079 seconds
[2024-05-20T09:22:05.630+0200] {processor.py:161} INFO - Started process (PID=517557) to work on /home/munya/anaconda3/lib/python3.11/site-packages/airflow/example_dags/example_sla_dag.py
[2024-05-20T09:22:05.631+0200] {processor.py:830} INFO - Processing file /home/munya/anaconda3/lib/python3.11/site-packages/airflow/example_dags/example_sla_dag.py for tasks to queue
[2024-05-20T09:22:05.632+0200] {logging_mixin.py:188} INFO - [2024-05-20T09:22:05.631+0200] {dagbag.py:545} INFO - Filling up the DagBag from /home/munya/anaconda3/lib/python3.11/site-packages/airflow/example_dags/example_sla_dag.py
[2024-05-20T09:22:05.639+0200] {processor.py:840} INFO - DAG(s) 'example_sla_dag' retrieved from /home/munya/anaconda3/lib/python3.11/site-packages/airflow/example_dags/example_sla_dag.py
[2024-05-20T09:22:05.652+0200] {logging_mixin.py:188} INFO - [2024-05-20T09:22:05.652+0200] {dag.py:3096} INFO - Sync 1 DAGs
[2024-05-20T09:22:05.670+0200] {logging_mixin.py:188} INFO - [2024-05-20T09:22:05.670+0200] {dag.py:3954} INFO - Setting next_dagrun for example_sla_dag to 2024-05-20 07:20:00+00:00, run_after=2024-05-20 07:22:00+00:00
[2024-05-20T09:22:05.686+0200] {processor.py:183} INFO - Processing /home/munya/anaconda3/lib/python3.11/site-packages/airflow/example_dags/example_sla_dag.py took 0.061 seconds
[2024-05-20T09:23:06.396+0200] {processor.py:161} INFO - Started process (PID=518648) to work on /home/munya/anaconda3/lib/python3.11/site-packages/airflow/example_dags/example_sla_dag.py
[2024-05-20T09:23:06.397+0200] {processor.py:830} INFO - Processing file /home/munya/anaconda3/lib/python3.11/site-packages/airflow/example_dags/example_sla_dag.py for tasks to queue
[2024-05-20T09:23:06.398+0200] {logging_mixin.py:188} INFO - [2024-05-20T09:23:06.397+0200] {dagbag.py:545} INFO - Filling up the DagBag from /home/munya/anaconda3/lib/python3.11/site-packages/airflow/example_dags/example_sla_dag.py
[2024-05-20T09:23:06.405+0200] {processor.py:840} INFO - DAG(s) 'example_sla_dag' retrieved from /home/munya/anaconda3/lib/python3.11/site-packages/airflow/example_dags/example_sla_dag.py
[2024-05-20T09:23:06.418+0200] {logging_mixin.py:188} INFO - [2024-05-20T09:23:06.418+0200] {dag.py:3096} INFO - Sync 1 DAGs
[2024-05-20T09:23:06.435+0200] {logging_mixin.py:188} INFO - [2024-05-20T09:23:06.434+0200] {dag.py:3954} INFO - Setting next_dagrun for example_sla_dag to 2024-05-20 07:20:00+00:00, run_after=2024-05-20 07:22:00+00:00
[2024-05-20T09:23:06.450+0200] {processor.py:183} INFO - Processing /home/munya/anaconda3/lib/python3.11/site-packages/airflow/example_dags/example_sla_dag.py took 0.059 seconds
[2024-05-20T09:24:05.276+0200] {processor.py:161} INFO - Started process (PID=519674) to work on /home/munya/anaconda3/lib/python3.11/site-packages/airflow/example_dags/example_sla_dag.py
[2024-05-20T09:24:05.278+0200] {processor.py:830} INFO - Processing file /home/munya/anaconda3/lib/python3.11/site-packages/airflow/example_dags/example_sla_dag.py for tasks to queue
[2024-05-20T09:24:05.279+0200] {logging_mixin.py:188} INFO - [2024-05-20T09:24:05.278+0200] {dagbag.py:545} INFO - Filling up the DagBag from /home/munya/anaconda3/lib/python3.11/site-packages/airflow/example_dags/example_sla_dag.py
[2024-05-20T09:24:05.292+0200] {processor.py:840} INFO - DAG(s) 'example_sla_dag' retrieved from /home/munya/anaconda3/lib/python3.11/site-packages/airflow/example_dags/example_sla_dag.py
[2024-05-20T09:24:05.314+0200] {logging_mixin.py:188} INFO - [2024-05-20T09:24:05.313+0200] {dag.py:3096} INFO - Sync 1 DAGs
[2024-05-20T09:24:05.367+0200] {logging_mixin.py:188} INFO - [2024-05-20T09:24:05.367+0200] {dag.py:3954} INFO - Setting next_dagrun for example_sla_dag to 2024-05-20 07:22:00+00:00, run_after=2024-05-20 07:24:00+00:00
[2024-05-20T09:24:05.402+0200] {processor.py:183} INFO - Processing /home/munya/anaconda3/lib/python3.11/site-packages/airflow/example_dags/example_sla_dag.py took 0.134 seconds
[2024-05-20T09:25:08.435+0200] {processor.py:161} INFO - Started process (PID=520821) to work on /home/munya/anaconda3/lib/python3.11/site-packages/airflow/example_dags/example_sla_dag.py
[2024-05-20T09:25:08.436+0200] {processor.py:830} INFO - Processing file /home/munya/anaconda3/lib/python3.11/site-packages/airflow/example_dags/example_sla_dag.py for tasks to queue
[2024-05-20T09:25:08.437+0200] {logging_mixin.py:188} INFO - [2024-05-20T09:25:08.437+0200] {dagbag.py:545} INFO - Filling up the DagBag from /home/munya/anaconda3/lib/python3.11/site-packages/airflow/example_dags/example_sla_dag.py
[2024-05-20T09:25:08.444+0200] {processor.py:840} INFO - DAG(s) 'example_sla_dag' retrieved from /home/munya/anaconda3/lib/python3.11/site-packages/airflow/example_dags/example_sla_dag.py
[2024-05-20T09:25:08.457+0200] {logging_mixin.py:188} INFO - [2024-05-20T09:25:08.457+0200] {dag.py:3096} INFO - Sync 1 DAGs
[2024-05-20T09:25:08.474+0200] {logging_mixin.py:188} INFO - [2024-05-20T09:25:08.474+0200] {dag.py:3954} INFO - Setting next_dagrun for example_sla_dag to 2024-05-20 07:22:00+00:00, run_after=2024-05-20 07:24:00+00:00
[2024-05-20T09:25:08.489+0200] {processor.py:183} INFO - Processing /home/munya/anaconda3/lib/python3.11/site-packages/airflow/example_dags/example_sla_dag.py took 0.059 seconds
[2024-05-20T09:26:05.849+0200] {processor.py:161} INFO - Started process (PID=521795) to work on /home/munya/anaconda3/lib/python3.11/site-packages/airflow/example_dags/example_sla_dag.py
[2024-05-20T09:26:05.851+0200] {processor.py:830} INFO - Processing file /home/munya/anaconda3/lib/python3.11/site-packages/airflow/example_dags/example_sla_dag.py for tasks to queue
[2024-05-20T09:26:05.854+0200] {logging_mixin.py:188} INFO - [2024-05-20T09:26:05.853+0200] {dagbag.py:545} INFO - Filling up the DagBag from /home/munya/anaconda3/lib/python3.11/site-packages/airflow/example_dags/example_sla_dag.py
[2024-05-20T09:26:05.885+0200] {processor.py:840} INFO - DAG(s) 'example_sla_dag' retrieved from /home/munya/anaconda3/lib/python3.11/site-packages/airflow/example_dags/example_sla_dag.py
[2024-05-20T09:26:05.951+0200] {logging_mixin.py:188} INFO - [2024-05-20T09:26:05.950+0200] {dag.py:3096} INFO - Sync 1 DAGs
[2024-05-20T09:26:05.970+0200] {logging_mixin.py:188} INFO - [2024-05-20T09:26:05.970+0200] {dag.py:3954} INFO - Setting next_dagrun for example_sla_dag to 2024-05-20 07:24:00+00:00, run_after=2024-05-20 07:26:00+00:00
[2024-05-20T09:26:05.994+0200] {processor.py:183} INFO - Processing /home/munya/anaconda3/lib/python3.11/site-packages/airflow/example_dags/example_sla_dag.py took 0.164 seconds
[2024-05-20T09:27:05.073+0200] {processor.py:161} INFO - Started process (PID=522949) to work on /home/munya/anaconda3/lib/python3.11/site-packages/airflow/example_dags/example_sla_dag.py
[2024-05-20T09:27:05.077+0200] {processor.py:830} INFO - Processing file /home/munya/anaconda3/lib/python3.11/site-packages/airflow/example_dags/example_sla_dag.py for tasks to queue
[2024-05-20T09:27:05.081+0200] {logging_mixin.py:188} INFO - [2024-05-20T09:27:05.079+0200] {dagbag.py:545} INFO - Filling up the DagBag from /home/munya/anaconda3/lib/python3.11/site-packages/airflow/example_dags/example_sla_dag.py
[2024-05-20T09:27:05.129+0200] {processor.py:840} INFO - DAG(s) 'example_sla_dag' retrieved from /home/munya/anaconda3/lib/python3.11/site-packages/airflow/example_dags/example_sla_dag.py
[2024-05-20T09:27:05.198+0200] {logging_mixin.py:188} INFO - [2024-05-20T09:27:05.198+0200] {dag.py:3096} INFO - Sync 1 DAGs
[2024-05-20T09:27:05.271+0200] {logging_mixin.py:188} INFO - [2024-05-20T09:27:05.271+0200] {dag.py:3954} INFO - Setting next_dagrun for example_sla_dag to 2024-05-20 07:24:00+00:00, run_after=2024-05-20 07:26:00+00:00
[2024-05-20T09:27:05.328+0200] {processor.py:183} INFO - Processing /home/munya/anaconda3/lib/python3.11/site-packages/airflow/example_dags/example_sla_dag.py took 0.279 seconds
[2024-05-20T09:28:04.104+0200] {processor.py:161} INFO - Started process (PID=524195) to work on /home/munya/anaconda3/lib/python3.11/site-packages/airflow/example_dags/example_sla_dag.py
[2024-05-20T09:28:04.107+0200] {processor.py:830} INFO - Processing file /home/munya/anaconda3/lib/python3.11/site-packages/airflow/example_dags/example_sla_dag.py for tasks to queue
[2024-05-20T09:28:04.109+0200] {logging_mixin.py:188} INFO - [2024-05-20T09:28:04.108+0200] {dagbag.py:545} INFO - Filling up the DagBag from /home/munya/anaconda3/lib/python3.11/site-packages/airflow/example_dags/example_sla_dag.py
[2024-05-20T09:28:04.137+0200] {processor.py:840} INFO - DAG(s) 'example_sla_dag' retrieved from /home/munya/anaconda3/lib/python3.11/site-packages/airflow/example_dags/example_sla_dag.py
[2024-05-20T09:28:04.187+0200] {logging_mixin.py:188} INFO - [2024-05-20T09:28:04.187+0200] {dag.py:3096} INFO - Sync 1 DAGs
[2024-05-20T09:28:04.260+0200] {logging_mixin.py:188} INFO - [2024-05-20T09:28:04.259+0200] {dag.py:3954} INFO - Setting next_dagrun for example_sla_dag to 2024-05-20 07:26:00+00:00, run_after=2024-05-20 07:28:00+00:00
[2024-05-20T09:28:04.315+0200] {processor.py:183} INFO - Processing /home/munya/anaconda3/lib/python3.11/site-packages/airflow/example_dags/example_sla_dag.py took 0.230 seconds
[2024-05-20T09:29:07.260+0200] {processor.py:161} INFO - Started process (PID=525352) to work on /home/munya/anaconda3/lib/python3.11/site-packages/airflow/example_dags/example_sla_dag.py
[2024-05-20T09:29:07.261+0200] {processor.py:830} INFO - Processing file /home/munya/anaconda3/lib/python3.11/site-packages/airflow/example_dags/example_sla_dag.py for tasks to queue
[2024-05-20T09:29:07.261+0200] {logging_mixin.py:188} INFO - [2024-05-20T09:29:07.261+0200] {dagbag.py:545} INFO - Filling up the DagBag from /home/munya/anaconda3/lib/python3.11/site-packages/airflow/example_dags/example_sla_dag.py
[2024-05-20T09:29:07.268+0200] {processor.py:840} INFO - DAG(s) 'example_sla_dag' retrieved from /home/munya/anaconda3/lib/python3.11/site-packages/airflow/example_dags/example_sla_dag.py
[2024-05-20T09:29:07.281+0200] {logging_mixin.py:188} INFO - [2024-05-20T09:29:07.281+0200] {dag.py:3096} INFO - Sync 1 DAGs
[2024-05-20T09:29:07.298+0200] {logging_mixin.py:188} INFO - [2024-05-20T09:29:07.297+0200] {dag.py:3954} INFO - Setting next_dagrun for example_sla_dag to 2024-05-20 07:26:00+00:00, run_after=2024-05-20 07:28:00+00:00
[2024-05-20T09:29:07.313+0200] {processor.py:183} INFO - Processing /home/munya/anaconda3/lib/python3.11/site-packages/airflow/example_dags/example_sla_dag.py took 0.058 seconds
[2024-05-20T09:30:09.213+0200] {processor.py:161} INFO - Started process (PID=526427) to work on /home/munya/anaconda3/lib/python3.11/site-packages/airflow/example_dags/example_sla_dag.py
[2024-05-20T09:30:09.215+0200] {processor.py:830} INFO - Processing file /home/munya/anaconda3/lib/python3.11/site-packages/airflow/example_dags/example_sla_dag.py for tasks to queue
[2024-05-20T09:30:09.218+0200] {logging_mixin.py:188} INFO - [2024-05-20T09:30:09.217+0200] {dagbag.py:545} INFO - Filling up the DagBag from /home/munya/anaconda3/lib/python3.11/site-packages/airflow/example_dags/example_sla_dag.py
[2024-05-20T09:30:09.247+0200] {processor.py:840} INFO - DAG(s) 'example_sla_dag' retrieved from /home/munya/anaconda3/lib/python3.11/site-packages/airflow/example_dags/example_sla_dag.py
[2024-05-20T09:30:09.311+0200] {logging_mixin.py:188} INFO - [2024-05-20T09:30:09.310+0200] {dag.py:3096} INFO - Sync 1 DAGs
[2024-05-20T09:30:09.403+0200] {logging_mixin.py:188} INFO - [2024-05-20T09:30:09.402+0200] {dag.py:3954} INFO - Setting next_dagrun for example_sla_dag to 2024-05-20 07:28:00+00:00, run_after=2024-05-20 07:30:00+00:00
[2024-05-20T09:30:09.468+0200] {processor.py:183} INFO - Processing /home/munya/anaconda3/lib/python3.11/site-packages/airflow/example_dags/example_sla_dag.py took 0.282 seconds
[2024-05-20T09:31:09.004+0200] {processor.py:161} INFO - Started process (PID=527443) to work on /home/munya/anaconda3/lib/python3.11/site-packages/airflow/example_dags/example_sla_dag.py
[2024-05-20T09:31:09.005+0200] {processor.py:830} INFO - Processing file /home/munya/anaconda3/lib/python3.11/site-packages/airflow/example_dags/example_sla_dag.py for tasks to queue
[2024-05-20T09:31:09.006+0200] {logging_mixin.py:188} INFO - [2024-05-20T09:31:09.006+0200] {dagbag.py:545} INFO - Filling up the DagBag from /home/munya/anaconda3/lib/python3.11/site-packages/airflow/example_dags/example_sla_dag.py
[2024-05-20T09:31:09.014+0200] {processor.py:840} INFO - DAG(s) 'example_sla_dag' retrieved from /home/munya/anaconda3/lib/python3.11/site-packages/airflow/example_dags/example_sla_dag.py
[2024-05-20T09:31:09.028+0200] {logging_mixin.py:188} INFO - [2024-05-20T09:31:09.028+0200] {dag.py:3096} INFO - Sync 1 DAGs
[2024-05-20T09:31:09.047+0200] {logging_mixin.py:188} INFO - [2024-05-20T09:31:09.047+0200] {dag.py:3954} INFO - Setting next_dagrun for example_sla_dag to 2024-05-20 07:28:00+00:00, run_after=2024-05-20 07:30:00+00:00
[2024-05-20T09:31:09.066+0200] {processor.py:183} INFO - Processing /home/munya/anaconda3/lib/python3.11/site-packages/airflow/example_dags/example_sla_dag.py took 0.067 seconds
[2024-05-20T09:32:09.980+0200] {processor.py:161} INFO - Started process (PID=528962) to work on /home/munya/anaconda3/lib/python3.11/site-packages/airflow/example_dags/example_sla_dag.py
[2024-05-20T09:32:09.981+0200] {processor.py:830} INFO - Processing file /home/munya/anaconda3/lib/python3.11/site-packages/airflow/example_dags/example_sla_dag.py for tasks to queue
[2024-05-20T09:32:09.983+0200] {logging_mixin.py:188} INFO - [2024-05-20T09:32:09.982+0200] {dagbag.py:545} INFO - Filling up the DagBag from /home/munya/anaconda3/lib/python3.11/site-packages/airflow/example_dags/example_sla_dag.py
[2024-05-20T09:32:09.993+0200] {processor.py:840} INFO - DAG(s) 'example_sla_dag' retrieved from /home/munya/anaconda3/lib/python3.11/site-packages/airflow/example_dags/example_sla_dag.py
[2024-05-20T09:32:10.014+0200] {logging_mixin.py:188} INFO - [2024-05-20T09:32:10.013+0200] {dag.py:3096} INFO - Sync 1 DAGs
[2024-05-20T09:32:10.044+0200] {logging_mixin.py:188} INFO - [2024-05-20T09:32:10.043+0200] {dag.py:3954} INFO - Setting next_dagrun for example_sla_dag to 2024-05-20 07:30:00+00:00, run_after=2024-05-20 07:32:00+00:00
[2024-05-20T09:32:10.070+0200] {processor.py:183} INFO - Processing /home/munya/anaconda3/lib/python3.11/site-packages/airflow/example_dags/example_sla_dag.py took 0.098 seconds
[2024-05-20T09:33:12.502+0200] {processor.py:161} INFO - Started process (PID=529996) to work on /home/munya/anaconda3/lib/python3.11/site-packages/airflow/example_dags/example_sla_dag.py
[2024-05-20T09:33:12.505+0200] {processor.py:830} INFO - Processing file /home/munya/anaconda3/lib/python3.11/site-packages/airflow/example_dags/example_sla_dag.py for tasks to queue
[2024-05-20T09:33:12.509+0200] {logging_mixin.py:188} INFO - [2024-05-20T09:33:12.507+0200] {dagbag.py:545} INFO - Filling up the DagBag from /home/munya/anaconda3/lib/python3.11/site-packages/airflow/example_dags/example_sla_dag.py
[2024-05-20T09:33:12.548+0200] {processor.py:840} INFO - DAG(s) 'example_sla_dag' retrieved from /home/munya/anaconda3/lib/python3.11/site-packages/airflow/example_dags/example_sla_dag.py
[2024-05-20T09:33:12.621+0200] {logging_mixin.py:188} INFO - [2024-05-20T09:33:12.620+0200] {dag.py:3096} INFO - Sync 1 DAGs
[2024-05-20T09:33:12.821+0200] {logging_mixin.py:188} INFO - [2024-05-20T09:33:12.820+0200] {dag.py:3954} INFO - Setting next_dagrun for example_sla_dag to 2024-05-20 07:30:00+00:00, run_after=2024-05-20 07:32:00+00:00
[2024-05-20T09:33:12.912+0200] {processor.py:183} INFO - Processing /home/munya/anaconda3/lib/python3.11/site-packages/airflow/example_dags/example_sla_dag.py took 0.435 seconds
[2024-05-20T09:34:23.141+0200] {processor.py:161} INFO - Started process (PID=531277) to work on /home/munya/anaconda3/lib/python3.11/site-packages/airflow/example_dags/example_sla_dag.py
[2024-05-20T09:34:23.142+0200] {processor.py:830} INFO - Processing file /home/munya/anaconda3/lib/python3.11/site-packages/airflow/example_dags/example_sla_dag.py for tasks to queue
[2024-05-20T09:34:23.143+0200] {logging_mixin.py:188} INFO - [2024-05-20T09:34:23.143+0200] {dagbag.py:545} INFO - Filling up the DagBag from /home/munya/anaconda3/lib/python3.11/site-packages/airflow/example_dags/example_sla_dag.py
[2024-05-20T09:34:23.152+0200] {processor.py:840} INFO - DAG(s) 'example_sla_dag' retrieved from /home/munya/anaconda3/lib/python3.11/site-packages/airflow/example_dags/example_sla_dag.py
[2024-05-20T09:34:23.169+0200] {logging_mixin.py:188} INFO - [2024-05-20T09:34:23.169+0200] {dag.py:3096} INFO - Sync 1 DAGs
[2024-05-20T09:34:23.190+0200] {logging_mixin.py:188} INFO - [2024-05-20T09:34:23.190+0200] {dag.py:3954} INFO - Setting next_dagrun for example_sla_dag to 2024-05-20 07:32:00+00:00, run_after=2024-05-20 07:34:00+00:00
[2024-05-20T09:34:23.206+0200] {processor.py:183} INFO - Processing /home/munya/anaconda3/lib/python3.11/site-packages/airflow/example_dags/example_sla_dag.py took 0.072 seconds
[2024-05-20T09:35:30.361+0200] {processor.py:161} INFO - Started process (PID=532421) to work on /home/munya/anaconda3/lib/python3.11/site-packages/airflow/example_dags/example_sla_dag.py
[2024-05-20T09:35:30.362+0200] {processor.py:830} INFO - Processing file /home/munya/anaconda3/lib/python3.11/site-packages/airflow/example_dags/example_sla_dag.py for tasks to queue
[2024-05-20T09:35:30.362+0200] {logging_mixin.py:188} INFO - [2024-05-20T09:35:30.362+0200] {dagbag.py:545} INFO - Filling up the DagBag from /home/munya/anaconda3/lib/python3.11/site-packages/airflow/example_dags/example_sla_dag.py
[2024-05-20T09:35:30.370+0200] {processor.py:840} INFO - DAG(s) 'example_sla_dag' retrieved from /home/munya/anaconda3/lib/python3.11/site-packages/airflow/example_dags/example_sla_dag.py
[2024-05-20T09:35:30.384+0200] {logging_mixin.py:188} INFO - [2024-05-20T09:35:30.384+0200] {dag.py:3096} INFO - Sync 1 DAGs
[2024-05-20T09:35:30.403+0200] {logging_mixin.py:188} INFO - [2024-05-20T09:35:30.403+0200] {dag.py:3954} INFO - Setting next_dagrun for example_sla_dag to 2024-05-20 07:32:00+00:00, run_after=2024-05-20 07:34:00+00:00
[2024-05-20T09:35:30.420+0200] {processor.py:183} INFO - Processing /home/munya/anaconda3/lib/python3.11/site-packages/airflow/example_dags/example_sla_dag.py took 0.065 seconds
[2024-05-20T09:36:31.102+0200] {processor.py:161} INFO - Started process (PID=533448) to work on /home/munya/anaconda3/lib/python3.11/site-packages/airflow/example_dags/example_sla_dag.py
[2024-05-20T09:36:31.103+0200] {processor.py:830} INFO - Processing file /home/munya/anaconda3/lib/python3.11/site-packages/airflow/example_dags/example_sla_dag.py for tasks to queue
[2024-05-20T09:36:31.103+0200] {logging_mixin.py:188} INFO - [2024-05-20T09:36:31.103+0200] {dagbag.py:545} INFO - Filling up the DagBag from /home/munya/anaconda3/lib/python3.11/site-packages/airflow/example_dags/example_sla_dag.py
[2024-05-20T09:36:31.112+0200] {processor.py:840} INFO - DAG(s) 'example_sla_dag' retrieved from /home/munya/anaconda3/lib/python3.11/site-packages/airflow/example_dags/example_sla_dag.py
[2024-05-20T09:36:31.126+0200] {logging_mixin.py:188} INFO - [2024-05-20T09:36:31.126+0200] {dag.py:3096} INFO - Sync 1 DAGs
[2024-05-20T09:36:31.145+0200] {logging_mixin.py:188} INFO - [2024-05-20T09:36:31.145+0200] {dag.py:3954} INFO - Setting next_dagrun for example_sla_dag to 2024-05-20 07:34:00+00:00, run_after=2024-05-20 07:36:00+00:00
[2024-05-20T09:36:31.161+0200] {processor.py:183} INFO - Processing /home/munya/anaconda3/lib/python3.11/site-packages/airflow/example_dags/example_sla_dag.py took 0.065 seconds
[2024-05-20T09:37:34.386+0200] {processor.py:161} INFO - Started process (PID=534504) to work on /home/munya/anaconda3/lib/python3.11/site-packages/airflow/example_dags/example_sla_dag.py
[2024-05-20T09:37:34.387+0200] {processor.py:830} INFO - Processing file /home/munya/anaconda3/lib/python3.11/site-packages/airflow/example_dags/example_sla_dag.py for tasks to queue
[2024-05-20T09:37:34.388+0200] {logging_mixin.py:188} INFO - [2024-05-20T09:37:34.388+0200] {dagbag.py:545} INFO - Filling up the DagBag from /home/munya/anaconda3/lib/python3.11/site-packages/airflow/example_dags/example_sla_dag.py
[2024-05-20T09:37:34.398+0200] {processor.py:840} INFO - DAG(s) 'example_sla_dag' retrieved from /home/munya/anaconda3/lib/python3.11/site-packages/airflow/example_dags/example_sla_dag.py
[2024-05-20T09:37:34.416+0200] {logging_mixin.py:188} INFO - [2024-05-20T09:37:34.416+0200] {dag.py:3096} INFO - Sync 1 DAGs
[2024-05-20T09:37:34.442+0200] {logging_mixin.py:188} INFO - [2024-05-20T09:37:34.442+0200] {dag.py:3954} INFO - Setting next_dagrun for example_sla_dag to 2024-05-20 07:34:00+00:00, run_after=2024-05-20 07:36:00+00:00
[2024-05-20T09:37:34.464+0200] {processor.py:183} INFO - Processing /home/munya/anaconda3/lib/python3.11/site-packages/airflow/example_dags/example_sla_dag.py took 0.084 seconds
[2024-05-20T09:38:34.513+0200] {processor.py:161} INFO - Started process (PID=535509) to work on /home/munya/anaconda3/lib/python3.11/site-packages/airflow/example_dags/example_sla_dag.py
[2024-05-20T09:38:34.514+0200] {processor.py:830} INFO - Processing file /home/munya/anaconda3/lib/python3.11/site-packages/airflow/example_dags/example_sla_dag.py for tasks to queue
[2024-05-20T09:38:34.515+0200] {logging_mixin.py:188} INFO - [2024-05-20T09:38:34.515+0200] {dagbag.py:545} INFO - Filling up the DagBag from /home/munya/anaconda3/lib/python3.11/site-packages/airflow/example_dags/example_sla_dag.py
[2024-05-20T09:38:34.523+0200] {processor.py:840} INFO - DAG(s) 'example_sla_dag' retrieved from /home/munya/anaconda3/lib/python3.11/site-packages/airflow/example_dags/example_sla_dag.py
[2024-05-20T09:38:34.540+0200] {logging_mixin.py:188} INFO - [2024-05-20T09:38:34.539+0200] {dag.py:3096} INFO - Sync 1 DAGs
[2024-05-20T09:38:34.562+0200] {logging_mixin.py:188} INFO - [2024-05-20T09:38:34.562+0200] {dag.py:3954} INFO - Setting next_dagrun for example_sla_dag to 2024-05-20 07:36:00+00:00, run_after=2024-05-20 07:38:00+00:00
[2024-05-20T09:38:34.582+0200] {processor.py:183} INFO - Processing /home/munya/anaconda3/lib/python3.11/site-packages/airflow/example_dags/example_sla_dag.py took 0.077 seconds
[2024-05-20T09:39:42.848+0200] {processor.py:161} INFO - Started process (PID=536694) to work on /home/munya/anaconda3/lib/python3.11/site-packages/airflow/example_dags/example_sla_dag.py
[2024-05-20T09:39:42.849+0200] {processor.py:830} INFO - Processing file /home/munya/anaconda3/lib/python3.11/site-packages/airflow/example_dags/example_sla_dag.py for tasks to queue
[2024-05-20T09:39:42.850+0200] {logging_mixin.py:188} INFO - [2024-05-20T09:39:42.849+0200] {dagbag.py:545} INFO - Filling up the DagBag from /home/munya/anaconda3/lib/python3.11/site-packages/airflow/example_dags/example_sla_dag.py
[2024-05-20T09:39:42.858+0200] {processor.py:840} INFO - DAG(s) 'example_sla_dag' retrieved from /home/munya/anaconda3/lib/python3.11/site-packages/airflow/example_dags/example_sla_dag.py
[2024-05-20T09:39:42.874+0200] {logging_mixin.py:188} INFO - [2024-05-20T09:39:42.874+0200] {dag.py:3096} INFO - Sync 1 DAGs
[2024-05-20T09:39:42.893+0200] {logging_mixin.py:188} INFO - [2024-05-20T09:39:42.893+0200] {dag.py:3954} INFO - Setting next_dagrun for example_sla_dag to 2024-05-20 07:36:00+00:00, run_after=2024-05-20 07:38:00+00:00
[2024-05-20T09:39:42.910+0200] {processor.py:183} INFO - Processing /home/munya/anaconda3/lib/python3.11/site-packages/airflow/example_dags/example_sla_dag.py took 0.068 seconds
[2024-05-20T09:40:50.736+0200] {processor.py:161} INFO - Started process (PID=537844) to work on /home/munya/anaconda3/lib/python3.11/site-packages/airflow/example_dags/example_sla_dag.py
[2024-05-20T09:40:50.737+0200] {processor.py:830} INFO - Processing file /home/munya/anaconda3/lib/python3.11/site-packages/airflow/example_dags/example_sla_dag.py for tasks to queue
[2024-05-20T09:40:50.738+0200] {logging_mixin.py:188} INFO - [2024-05-20T09:40:50.737+0200] {dagbag.py:545} INFO - Filling up the DagBag from /home/munya/anaconda3/lib/python3.11/site-packages/airflow/example_dags/example_sla_dag.py
[2024-05-20T09:40:50.745+0200] {processor.py:840} INFO - DAG(s) 'example_sla_dag' retrieved from /home/munya/anaconda3/lib/python3.11/site-packages/airflow/example_dags/example_sla_dag.py
[2024-05-20T09:40:50.759+0200] {logging_mixin.py:188} INFO - [2024-05-20T09:40:50.759+0200] {dag.py:3096} INFO - Sync 1 DAGs
[2024-05-20T09:40:50.777+0200] {logging_mixin.py:188} INFO - [2024-05-20T09:40:50.777+0200] {dag.py:3954} INFO - Setting next_dagrun for example_sla_dag to 2024-05-20 07:38:00+00:00, run_after=2024-05-20 07:40:00+00:00
[2024-05-20T09:40:50.793+0200] {processor.py:183} INFO - Processing /home/munya/anaconda3/lib/python3.11/site-packages/airflow/example_dags/example_sla_dag.py took 0.063 seconds
[2024-05-20T09:41:58.920+0200] {processor.py:161} INFO - Started process (PID=539001) to work on /home/munya/anaconda3/lib/python3.11/site-packages/airflow/example_dags/example_sla_dag.py
[2024-05-20T09:41:58.921+0200] {processor.py:830} INFO - Processing file /home/munya/anaconda3/lib/python3.11/site-packages/airflow/example_dags/example_sla_dag.py for tasks to queue
[2024-05-20T09:41:58.922+0200] {logging_mixin.py:188} INFO - [2024-05-20T09:41:58.922+0200] {dagbag.py:545} INFO - Filling up the DagBag from /home/munya/anaconda3/lib/python3.11/site-packages/airflow/example_dags/example_sla_dag.py
[2024-05-20T09:41:58.931+0200] {processor.py:840} INFO - DAG(s) 'example_sla_dag' retrieved from /home/munya/anaconda3/lib/python3.11/site-packages/airflow/example_dags/example_sla_dag.py
[2024-05-20T09:41:58.946+0200] {logging_mixin.py:188} INFO - [2024-05-20T09:41:58.946+0200] {dag.py:3096} INFO - Sync 1 DAGs
[2024-05-20T09:41:58.965+0200] {logging_mixin.py:188} INFO - [2024-05-20T09:41:58.964+0200] {dag.py:3954} INFO - Setting next_dagrun for example_sla_dag to 2024-05-20 07:38:00+00:00, run_after=2024-05-20 07:40:00+00:00
[2024-05-20T09:41:58.980+0200] {processor.py:183} INFO - Processing /home/munya/anaconda3/lib/python3.11/site-packages/airflow/example_dags/example_sla_dag.py took 0.068 seconds
[2024-05-20T09:42:56.453+0200] {processor.py:161} INFO - Started process (PID=540207) to work on /home/munya/anaconda3/lib/python3.11/site-packages/airflow/example_dags/example_sla_dag.py
[2024-05-20T09:42:56.454+0200] {processor.py:830} INFO - Processing file /home/munya/anaconda3/lib/python3.11/site-packages/airflow/example_dags/example_sla_dag.py for tasks to queue
[2024-05-20T09:42:56.455+0200] {logging_mixin.py:188} INFO - [2024-05-20T09:42:56.454+0200] {dagbag.py:545} INFO - Filling up the DagBag from /home/munya/anaconda3/lib/python3.11/site-packages/airflow/example_dags/example_sla_dag.py
[2024-05-20T09:42:56.462+0200] {processor.py:840} INFO - DAG(s) 'example_sla_dag' retrieved from /home/munya/anaconda3/lib/python3.11/site-packages/airflow/example_dags/example_sla_dag.py
[2024-05-20T09:42:56.477+0200] {logging_mixin.py:188} INFO - [2024-05-20T09:42:56.477+0200] {dag.py:3096} INFO - Sync 1 DAGs
[2024-05-20T09:42:56.498+0200] {logging_mixin.py:188} INFO - [2024-05-20T09:42:56.498+0200] {dag.py:3954} INFO - Setting next_dagrun for example_sla_dag to 2024-05-20 07:40:00+00:00, run_after=2024-05-20 07:42:00+00:00
[2024-05-20T09:42:56.516+0200] {processor.py:183} INFO - Processing /home/munya/anaconda3/lib/python3.11/site-packages/airflow/example_dags/example_sla_dag.py took 0.069 seconds
[2024-05-20T09:44:03.253+0200] {processor.py:161} INFO - Started process (PID=541662) to work on /home/munya/anaconda3/lib/python3.11/site-packages/airflow/example_dags/example_sla_dag.py
[2024-05-20T09:44:03.254+0200] {processor.py:830} INFO - Processing file /home/munya/anaconda3/lib/python3.11/site-packages/airflow/example_dags/example_sla_dag.py for tasks to queue
[2024-05-20T09:44:03.255+0200] {logging_mixin.py:188} INFO - [2024-05-20T09:44:03.254+0200] {dagbag.py:545} INFO - Filling up the DagBag from /home/munya/anaconda3/lib/python3.11/site-packages/airflow/example_dags/example_sla_dag.py
[2024-05-20T09:44:03.264+0200] {processor.py:840} INFO - DAG(s) 'example_sla_dag' retrieved from /home/munya/anaconda3/lib/python3.11/site-packages/airflow/example_dags/example_sla_dag.py
[2024-05-20T09:44:03.278+0200] {logging_mixin.py:188} INFO - [2024-05-20T09:44:03.278+0200] {dag.py:3096} INFO - Sync 1 DAGs
[2024-05-20T09:44:03.300+0200] {logging_mixin.py:188} INFO - [2024-05-20T09:44:03.299+0200] {dag.py:3954} INFO - Setting next_dagrun for example_sla_dag to 2024-05-20 07:42:00+00:00, run_after=2024-05-20 07:44:00+00:00
[2024-05-20T09:44:03.319+0200] {processor.py:183} INFO - Processing /home/munya/anaconda3/lib/python3.11/site-packages/airflow/example_dags/example_sla_dag.py took 0.073 seconds
[2024-05-20T09:45:02.752+0200] {processor.py:161} INFO - Started process (PID=543061) to work on /home/munya/anaconda3/lib/python3.11/site-packages/airflow/example_dags/example_sla_dag.py
[2024-05-20T09:45:02.753+0200] {processor.py:830} INFO - Processing file /home/munya/anaconda3/lib/python3.11/site-packages/airflow/example_dags/example_sla_dag.py for tasks to queue
[2024-05-20T09:45:02.754+0200] {logging_mixin.py:188} INFO - [2024-05-20T09:45:02.754+0200] {dagbag.py:545} INFO - Filling up the DagBag from /home/munya/anaconda3/lib/python3.11/site-packages/airflow/example_dags/example_sla_dag.py
[2024-05-20T09:45:02.764+0200] {processor.py:840} INFO - DAG(s) 'example_sla_dag' retrieved from /home/munya/anaconda3/lib/python3.11/site-packages/airflow/example_dags/example_sla_dag.py
[2024-05-20T09:45:02.780+0200] {logging_mixin.py:188} INFO - [2024-05-20T09:45:02.780+0200] {dag.py:3096} INFO - Sync 1 DAGs
[2024-05-20T09:45:02.801+0200] {logging_mixin.py:188} INFO - [2024-05-20T09:45:02.801+0200] {dag.py:3954} INFO - Setting next_dagrun for example_sla_dag to 2024-05-20 07:42:00+00:00, run_after=2024-05-20 07:44:00+00:00
[2024-05-20T09:45:02.822+0200] {processor.py:183} INFO - Processing /home/munya/anaconda3/lib/python3.11/site-packages/airflow/example_dags/example_sla_dag.py took 0.076 seconds
[2024-05-20T09:46:04.455+0200] {processor.py:161} INFO - Started process (PID=544135) to work on /home/munya/anaconda3/lib/python3.11/site-packages/airflow/example_dags/example_sla_dag.py
[2024-05-20T09:46:04.456+0200] {processor.py:830} INFO - Processing file /home/munya/anaconda3/lib/python3.11/site-packages/airflow/example_dags/example_sla_dag.py for tasks to queue
[2024-05-20T09:46:04.456+0200] {logging_mixin.py:188} INFO - [2024-05-20T09:46:04.456+0200] {dagbag.py:545} INFO - Filling up the DagBag from /home/munya/anaconda3/lib/python3.11/site-packages/airflow/example_dags/example_sla_dag.py
[2024-05-20T09:46:04.465+0200] {processor.py:840} INFO - DAG(s) 'example_sla_dag' retrieved from /home/munya/anaconda3/lib/python3.11/site-packages/airflow/example_dags/example_sla_dag.py
[2024-05-20T09:46:04.480+0200] {logging_mixin.py:188} INFO - [2024-05-20T09:46:04.480+0200] {dag.py:3096} INFO - Sync 1 DAGs
[2024-05-20T09:46:04.505+0200] {logging_mixin.py:188} INFO - [2024-05-20T09:46:04.505+0200] {dag.py:3954} INFO - Setting next_dagrun for example_sla_dag to 2024-05-20 07:44:00+00:00, run_after=2024-05-20 07:46:00+00:00
[2024-05-20T09:46:04.528+0200] {processor.py:183} INFO - Processing /home/munya/anaconda3/lib/python3.11/site-packages/airflow/example_dags/example_sla_dag.py took 0.081 seconds
[2024-05-20T09:47:07.153+0200] {processor.py:161} INFO - Started process (PID=545186) to work on /home/munya/anaconda3/lib/python3.11/site-packages/airflow/example_dags/example_sla_dag.py
[2024-05-20T09:47:07.154+0200] {processor.py:830} INFO - Processing file /home/munya/anaconda3/lib/python3.11/site-packages/airflow/example_dags/example_sla_dag.py for tasks to queue
[2024-05-20T09:47:07.155+0200] {logging_mixin.py:188} INFO - [2024-05-20T09:47:07.155+0200] {dagbag.py:545} INFO - Filling up the DagBag from /home/munya/anaconda3/lib/python3.11/site-packages/airflow/example_dags/example_sla_dag.py
[2024-05-20T09:47:07.166+0200] {processor.py:840} INFO - DAG(s) 'example_sla_dag' retrieved from /home/munya/anaconda3/lib/python3.11/site-packages/airflow/example_dags/example_sla_dag.py
[2024-05-20T09:47:07.184+0200] {logging_mixin.py:188} INFO - [2024-05-20T09:47:07.183+0200] {dag.py:3096} INFO - Sync 1 DAGs
[2024-05-20T09:47:07.203+0200] {logging_mixin.py:188} INFO - [2024-05-20T09:47:07.202+0200] {dag.py:3954} INFO - Setting next_dagrun for example_sla_dag to 2024-05-20 07:44:00+00:00, run_after=2024-05-20 07:46:00+00:00
[2024-05-20T09:47:07.219+0200] {processor.py:183} INFO - Processing /home/munya/anaconda3/lib/python3.11/site-packages/airflow/example_dags/example_sla_dag.py took 0.072 seconds
[2024-05-20T09:48:06.575+0200] {processor.py:161} INFO - Started process (PID=546215) to work on /home/munya/anaconda3/lib/python3.11/site-packages/airflow/example_dags/example_sla_dag.py
[2024-05-20T09:48:06.576+0200] {processor.py:830} INFO - Processing file /home/munya/anaconda3/lib/python3.11/site-packages/airflow/example_dags/example_sla_dag.py for tasks to queue
[2024-05-20T09:48:06.578+0200] {logging_mixin.py:188} INFO - [2024-05-20T09:48:06.577+0200] {dagbag.py:545} INFO - Filling up the DagBag from /home/munya/anaconda3/lib/python3.11/site-packages/airflow/example_dags/example_sla_dag.py
[2024-05-20T09:48:06.587+0200] {processor.py:840} INFO - DAG(s) 'example_sla_dag' retrieved from /home/munya/anaconda3/lib/python3.11/site-packages/airflow/example_dags/example_sla_dag.py
[2024-05-20T09:48:06.601+0200] {logging_mixin.py:188} INFO - [2024-05-20T09:48:06.601+0200] {dag.py:3096} INFO - Sync 1 DAGs
[2024-05-20T09:48:06.620+0200] {logging_mixin.py:188} INFO - [2024-05-20T09:48:06.620+0200] {dag.py:3954} INFO - Setting next_dagrun for example_sla_dag to 2024-05-20 07:46:00+00:00, run_after=2024-05-20 07:48:00+00:00
[2024-05-20T09:48:06.637+0200] {processor.py:183} INFO - Processing /home/munya/anaconda3/lib/python3.11/site-packages/airflow/example_dags/example_sla_dag.py took 0.069 seconds
[2024-05-20T09:49:06.807+0200] {processor.py:161} INFO - Started process (PID=547222) to work on /home/munya/anaconda3/lib/python3.11/site-packages/airflow/example_dags/example_sla_dag.py
[2024-05-20T09:49:06.808+0200] {processor.py:830} INFO - Processing file /home/munya/anaconda3/lib/python3.11/site-packages/airflow/example_dags/example_sla_dag.py for tasks to queue
[2024-05-20T09:49:06.809+0200] {logging_mixin.py:188} INFO - [2024-05-20T09:49:06.809+0200] {dagbag.py:545} INFO - Filling up the DagBag from /home/munya/anaconda3/lib/python3.11/site-packages/airflow/example_dags/example_sla_dag.py
[2024-05-20T09:49:06.819+0200] {processor.py:840} INFO - DAG(s) 'example_sla_dag' retrieved from /home/munya/anaconda3/lib/python3.11/site-packages/airflow/example_dags/example_sla_dag.py
[2024-05-20T09:49:06.834+0200] {logging_mixin.py:188} INFO - [2024-05-20T09:49:06.833+0200] {dag.py:3096} INFO - Sync 1 DAGs
[2024-05-20T09:49:06.858+0200] {logging_mixin.py:188} INFO - [2024-05-20T09:49:06.858+0200] {dag.py:3954} INFO - Setting next_dagrun for example_sla_dag to 2024-05-20 07:46:00+00:00, run_after=2024-05-20 07:48:00+00:00
[2024-05-20T09:49:06.880+0200] {processor.py:183} INFO - Processing /home/munya/anaconda3/lib/python3.11/site-packages/airflow/example_dags/example_sla_dag.py took 0.079 seconds
[2024-05-20T09:50:11.507+0200] {processor.py:161} INFO - Started process (PID=548285) to work on /home/munya/anaconda3/lib/python3.11/site-packages/airflow/example_dags/example_sla_dag.py
[2024-05-20T09:50:11.508+0200] {processor.py:830} INFO - Processing file /home/munya/anaconda3/lib/python3.11/site-packages/airflow/example_dags/example_sla_dag.py for tasks to queue
[2024-05-20T09:50:11.509+0200] {logging_mixin.py:188} INFO - [2024-05-20T09:50:11.509+0200] {dagbag.py:545} INFO - Filling up the DagBag from /home/munya/anaconda3/lib/python3.11/site-packages/airflow/example_dags/example_sla_dag.py
[2024-05-20T09:50:11.517+0200] {processor.py:840} INFO - DAG(s) 'example_sla_dag' retrieved from /home/munya/anaconda3/lib/python3.11/site-packages/airflow/example_dags/example_sla_dag.py
[2024-05-20T09:50:11.532+0200] {logging_mixin.py:188} INFO - [2024-05-20T09:50:11.531+0200] {dag.py:3096} INFO - Sync 1 DAGs
[2024-05-20T09:50:11.553+0200] {logging_mixin.py:188} INFO - [2024-05-20T09:50:11.553+0200] {dag.py:3954} INFO - Setting next_dagrun for example_sla_dag to 2024-05-20 07:48:00+00:00, run_after=2024-05-20 07:50:00+00:00
[2024-05-20T09:50:11.573+0200] {processor.py:183} INFO - Processing /home/munya/anaconda3/lib/python3.11/site-packages/airflow/example_dags/example_sla_dag.py took 0.072 seconds
[2024-05-20T09:51:13.058+0200] {processor.py:161} INFO - Started process (PID=549379) to work on /home/munya/anaconda3/lib/python3.11/site-packages/airflow/example_dags/example_sla_dag.py
[2024-05-20T09:51:13.059+0200] {processor.py:830} INFO - Processing file /home/munya/anaconda3/lib/python3.11/site-packages/airflow/example_dags/example_sla_dag.py for tasks to queue
[2024-05-20T09:51:13.060+0200] {logging_mixin.py:188} INFO - [2024-05-20T09:51:13.060+0200] {dagbag.py:545} INFO - Filling up the DagBag from /home/munya/anaconda3/lib/python3.11/site-packages/airflow/example_dags/example_sla_dag.py
[2024-05-20T09:51:13.069+0200] {processor.py:840} INFO - DAG(s) 'example_sla_dag' retrieved from /home/munya/anaconda3/lib/python3.11/site-packages/airflow/example_dags/example_sla_dag.py
[2024-05-20T09:51:13.083+0200] {logging_mixin.py:188} INFO - [2024-05-20T09:51:13.083+0200] {dag.py:3096} INFO - Sync 1 DAGs
[2024-05-20T09:51:13.102+0200] {logging_mixin.py:188} INFO - [2024-05-20T09:51:13.101+0200] {dag.py:3954} INFO - Setting next_dagrun for example_sla_dag to 2024-05-20 07:48:00+00:00, run_after=2024-05-20 07:50:00+00:00
[2024-05-20T09:51:13.120+0200] {processor.py:183} INFO - Processing /home/munya/anaconda3/lib/python3.11/site-packages/airflow/example_dags/example_sla_dag.py took 0.068 seconds
[2024-05-20T09:52:17.348+0200] {processor.py:161} INFO - Started process (PID=550427) to work on /home/munya/anaconda3/lib/python3.11/site-packages/airflow/example_dags/example_sla_dag.py
[2024-05-20T09:52:17.348+0200] {processor.py:830} INFO - Processing file /home/munya/anaconda3/lib/python3.11/site-packages/airflow/example_dags/example_sla_dag.py for tasks to queue
[2024-05-20T09:52:17.349+0200] {logging_mixin.py:188} INFO - [2024-05-20T09:52:17.349+0200] {dagbag.py:545} INFO - Filling up the DagBag from /home/munya/anaconda3/lib/python3.11/site-packages/airflow/example_dags/example_sla_dag.py
[2024-05-20T09:52:17.358+0200] {processor.py:840} INFO - DAG(s) 'example_sla_dag' retrieved from /home/munya/anaconda3/lib/python3.11/site-packages/airflow/example_dags/example_sla_dag.py
[2024-05-20T09:52:17.381+0200] {logging_mixin.py:188} INFO - [2024-05-20T09:52:17.380+0200] {dag.py:3096} INFO - Sync 1 DAGs
[2024-05-20T09:52:17.409+0200] {logging_mixin.py:188} INFO - [2024-05-20T09:52:17.409+0200] {dag.py:3954} INFO - Setting next_dagrun for example_sla_dag to 2024-05-20 07:50:00+00:00, run_after=2024-05-20 07:52:00+00:00
[2024-05-20T09:52:17.429+0200] {processor.py:183} INFO - Processing /home/munya/anaconda3/lib/python3.11/site-packages/airflow/example_dags/example_sla_dag.py took 0.087 seconds
[2024-05-20T09:53:25.928+0200] {processor.py:161} INFO - Started process (PID=551744) to work on /home/munya/anaconda3/lib/python3.11/site-packages/airflow/example_dags/example_sla_dag.py
[2024-05-20T09:53:25.929+0200] {processor.py:830} INFO - Processing file /home/munya/anaconda3/lib/python3.11/site-packages/airflow/example_dags/example_sla_dag.py for tasks to queue
[2024-05-20T09:53:25.930+0200] {logging_mixin.py:188} INFO - [2024-05-20T09:53:25.930+0200] {dagbag.py:545} INFO - Filling up the DagBag from /home/munya/anaconda3/lib/python3.11/site-packages/airflow/example_dags/example_sla_dag.py
[2024-05-20T09:53:25.941+0200] {processor.py:840} INFO - DAG(s) 'example_sla_dag' retrieved from /home/munya/anaconda3/lib/python3.11/site-packages/airflow/example_dags/example_sla_dag.py
[2024-05-20T09:53:25.960+0200] {logging_mixin.py:188} INFO - [2024-05-20T09:53:25.960+0200] {dag.py:3096} INFO - Sync 1 DAGs
[2024-05-20T09:53:25.991+0200] {logging_mixin.py:188} INFO - [2024-05-20T09:53:25.990+0200] {dag.py:3954} INFO - Setting next_dagrun for example_sla_dag to 2024-05-20 07:50:00+00:00, run_after=2024-05-20 07:52:00+00:00
[2024-05-20T09:53:26.014+0200] {processor.py:183} INFO - Processing /home/munya/anaconda3/lib/python3.11/site-packages/airflow/example_dags/example_sla_dag.py took 0.094 seconds
[2024-05-20T09:54:26.116+0200] {processor.py:161} INFO - Started process (PID=552983) to work on /home/munya/anaconda3/lib/python3.11/site-packages/airflow/example_dags/example_sla_dag.py
[2024-05-20T09:54:26.117+0200] {processor.py:830} INFO - Processing file /home/munya/anaconda3/lib/python3.11/site-packages/airflow/example_dags/example_sla_dag.py for tasks to queue
[2024-05-20T09:54:26.118+0200] {logging_mixin.py:188} INFO - [2024-05-20T09:54:26.117+0200] {dagbag.py:545} INFO - Filling up the DagBag from /home/munya/anaconda3/lib/python3.11/site-packages/airflow/example_dags/example_sla_dag.py
[2024-05-20T09:54:26.126+0200] {processor.py:840} INFO - DAG(s) 'example_sla_dag' retrieved from /home/munya/anaconda3/lib/python3.11/site-packages/airflow/example_dags/example_sla_dag.py
[2024-05-20T09:54:26.141+0200] {logging_mixin.py:188} INFO - [2024-05-20T09:54:26.140+0200] {dag.py:3096} INFO - Sync 1 DAGs
[2024-05-20T09:54:26.160+0200] {logging_mixin.py:188} INFO - [2024-05-20T09:54:26.160+0200] {dag.py:3954} INFO - Setting next_dagrun for example_sla_dag to 2024-05-20 07:52:00+00:00, run_after=2024-05-20 07:54:00+00:00
[2024-05-20T09:54:26.177+0200] {processor.py:183} INFO - Processing /home/munya/anaconda3/lib/python3.11/site-packages/airflow/example_dags/example_sla_dag.py took 0.067 seconds
[2024-05-20T09:55:33.829+0200] {processor.py:161} INFO - Started process (PID=554502) to work on /home/munya/anaconda3/lib/python3.11/site-packages/airflow/example_dags/example_sla_dag.py
[2024-05-20T09:55:33.830+0200] {processor.py:830} INFO - Processing file /home/munya/anaconda3/lib/python3.11/site-packages/airflow/example_dags/example_sla_dag.py for tasks to queue
[2024-05-20T09:55:33.831+0200] {logging_mixin.py:188} INFO - [2024-05-20T09:55:33.831+0200] {dagbag.py:545} INFO - Filling up the DagBag from /home/munya/anaconda3/lib/python3.11/site-packages/airflow/example_dags/example_sla_dag.py
[2024-05-20T09:55:33.842+0200] {processor.py:840} INFO - DAG(s) 'example_sla_dag' retrieved from /home/munya/anaconda3/lib/python3.11/site-packages/airflow/example_dags/example_sla_dag.py
[2024-05-20T09:55:33.857+0200] {logging_mixin.py:188} INFO - [2024-05-20T09:55:33.857+0200] {dag.py:3096} INFO - Sync 1 DAGs
[2024-05-20T09:55:33.883+0200] {logging_mixin.py:188} INFO - [2024-05-20T09:55:33.883+0200] {dag.py:3954} INFO - Setting next_dagrun for example_sla_dag to 2024-05-20 07:52:00+00:00, run_after=2024-05-20 07:54:00+00:00
[2024-05-20T09:55:33.900+0200] {processor.py:183} INFO - Processing /home/munya/anaconda3/lib/python3.11/site-packages/airflow/example_dags/example_sla_dag.py took 0.077 seconds
[2024-05-20T09:56:38.027+0200] {processor.py:161} INFO - Started process (PID=555983) to work on /home/munya/anaconda3/lib/python3.11/site-packages/airflow/example_dags/example_sla_dag.py
[2024-05-20T09:56:38.029+0200] {processor.py:830} INFO - Processing file /home/munya/anaconda3/lib/python3.11/site-packages/airflow/example_dags/example_sla_dag.py for tasks to queue
[2024-05-20T09:56:38.033+0200] {logging_mixin.py:188} INFO - [2024-05-20T09:56:38.031+0200] {dagbag.py:545} INFO - Filling up the DagBag from /home/munya/anaconda3/lib/python3.11/site-packages/airflow/example_dags/example_sla_dag.py
[2024-05-20T09:56:38.064+0200] {processor.py:840} INFO - DAG(s) 'example_sla_dag' retrieved from /home/munya/anaconda3/lib/python3.11/site-packages/airflow/example_dags/example_sla_dag.py
[2024-05-20T09:56:38.123+0200] {logging_mixin.py:188} INFO - [2024-05-20T09:56:38.122+0200] {dag.py:3096} INFO - Sync 1 DAGs
[2024-05-20T09:56:38.200+0200] {logging_mixin.py:188} INFO - [2024-05-20T09:56:38.199+0200] {dag.py:3954} INFO - Setting next_dagrun for example_sla_dag to 2024-05-20 07:54:00+00:00, run_after=2024-05-20 07:56:00+00:00
[2024-05-20T09:56:38.268+0200] {processor.py:183} INFO - Processing /home/munya/anaconda3/lib/python3.11/site-packages/airflow/example_dags/example_sla_dag.py took 0.268 seconds
[2024-05-20T09:57:45.292+0200] {processor.py:161} INFO - Started process (PID=557495) to work on /home/munya/anaconda3/lib/python3.11/site-packages/airflow/example_dags/example_sla_dag.py
[2024-05-20T09:57:45.293+0200] {processor.py:830} INFO - Processing file /home/munya/anaconda3/lib/python3.11/site-packages/airflow/example_dags/example_sla_dag.py for tasks to queue
[2024-05-20T09:57:45.294+0200] {logging_mixin.py:188} INFO - [2024-05-20T09:57:45.294+0200] {dagbag.py:545} INFO - Filling up the DagBag from /home/munya/anaconda3/lib/python3.11/site-packages/airflow/example_dags/example_sla_dag.py
[2024-05-20T09:57:45.303+0200] {processor.py:840} INFO - DAG(s) 'example_sla_dag' retrieved from /home/munya/anaconda3/lib/python3.11/site-packages/airflow/example_dags/example_sla_dag.py
[2024-05-20T09:57:45.320+0200] {logging_mixin.py:188} INFO - [2024-05-20T09:57:45.320+0200] {dag.py:3096} INFO - Sync 1 DAGs
[2024-05-20T09:57:45.461+0200] {logging_mixin.py:188} INFO - [2024-05-20T09:57:45.461+0200] {dag.py:3954} INFO - Setting next_dagrun for example_sla_dag to 2024-05-20 07:54:00+00:00, run_after=2024-05-20 07:56:00+00:00
[2024-05-20T09:57:45.480+0200] {processor.py:183} INFO - Processing /home/munya/anaconda3/lib/python3.11/site-packages/airflow/example_dags/example_sla_dag.py took 0.194 seconds
[2024-05-20T09:58:51.792+0200] {processor.py:161} INFO - Started process (PID=558975) to work on /home/munya/anaconda3/lib/python3.11/site-packages/airflow/example_dags/example_sla_dag.py
[2024-05-20T09:58:51.792+0200] {processor.py:830} INFO - Processing file /home/munya/anaconda3/lib/python3.11/site-packages/airflow/example_dags/example_sla_dag.py for tasks to queue
[2024-05-20T09:58:51.793+0200] {logging_mixin.py:188} INFO - [2024-05-20T09:58:51.793+0200] {dagbag.py:545} INFO - Filling up the DagBag from /home/munya/anaconda3/lib/python3.11/site-packages/airflow/example_dags/example_sla_dag.py
[2024-05-20T09:58:51.802+0200] {processor.py:840} INFO - DAG(s) 'example_sla_dag' retrieved from /home/munya/anaconda3/lib/python3.11/site-packages/airflow/example_dags/example_sla_dag.py
[2024-05-20T09:58:51.818+0200] {logging_mixin.py:188} INFO - [2024-05-20T09:58:51.817+0200] {dag.py:3096} INFO - Sync 1 DAGs
[2024-05-20T09:58:51.837+0200] {logging_mixin.py:188} INFO - [2024-05-20T09:58:51.837+0200] {dag.py:3954} INFO - Setting next_dagrun for example_sla_dag to 2024-05-20 07:56:00+00:00, run_after=2024-05-20 07:58:00+00:00
[2024-05-20T09:58:51.856+0200] {processor.py:183} INFO - Processing /home/munya/anaconda3/lib/python3.11/site-packages/airflow/example_dags/example_sla_dag.py took 0.070 seconds
[2024-05-20T10:00:00.710+0200] {processor.py:161} INFO - Started process (PID=560543) to work on /home/munya/anaconda3/lib/python3.11/site-packages/airflow/example_dags/example_sla_dag.py
[2024-05-20T10:00:00.711+0200] {processor.py:830} INFO - Processing file /home/munya/anaconda3/lib/python3.11/site-packages/airflow/example_dags/example_sla_dag.py for tasks to queue
[2024-05-20T10:00:00.712+0200] {logging_mixin.py:188} INFO - [2024-05-20T10:00:00.712+0200] {dagbag.py:545} INFO - Filling up the DagBag from /home/munya/anaconda3/lib/python3.11/site-packages/airflow/example_dags/example_sla_dag.py
[2024-05-20T10:00:00.720+0200] {processor.py:840} INFO - DAG(s) 'example_sla_dag' retrieved from /home/munya/anaconda3/lib/python3.11/site-packages/airflow/example_dags/example_sla_dag.py
[2024-05-20T10:00:00.735+0200] {logging_mixin.py:188} INFO - [2024-05-20T10:00:00.735+0200] {dag.py:3096} INFO - Sync 1 DAGs
[2024-05-20T10:00:00.755+0200] {logging_mixin.py:188} INFO - [2024-05-20T10:00:00.755+0200] {dag.py:3954} INFO - Setting next_dagrun for example_sla_dag to 2024-05-20 07:58:00+00:00, run_after=2024-05-20 08:00:00+00:00
[2024-05-20T10:00:00.773+0200] {processor.py:183} INFO - Processing /home/munya/anaconda3/lib/python3.11/site-packages/airflow/example_dags/example_sla_dag.py took 0.070 seconds
[2024-05-20T10:01:14.575+0200] {processor.py:161} INFO - Started process (PID=562264) to work on /home/munya/anaconda3/lib/python3.11/site-packages/airflow/example_dags/example_sla_dag.py
[2024-05-20T10:01:14.576+0200] {processor.py:830} INFO - Processing file /home/munya/anaconda3/lib/python3.11/site-packages/airflow/example_dags/example_sla_dag.py for tasks to queue
[2024-05-20T10:01:14.577+0200] {logging_mixin.py:188} INFO - [2024-05-20T10:01:14.577+0200] {dagbag.py:545} INFO - Filling up the DagBag from /home/munya/anaconda3/lib/python3.11/site-packages/airflow/example_dags/example_sla_dag.py
[2024-05-20T10:01:14.588+0200] {processor.py:840} INFO - DAG(s) 'example_sla_dag' retrieved from /home/munya/anaconda3/lib/python3.11/site-packages/airflow/example_dags/example_sla_dag.py
[2024-05-20T10:01:14.607+0200] {logging_mixin.py:188} INFO - [2024-05-20T10:01:14.606+0200] {dag.py:3096} INFO - Sync 1 DAGs
[2024-05-20T10:01:14.630+0200] {logging_mixin.py:188} INFO - [2024-05-20T10:01:14.630+0200] {dag.py:3954} INFO - Setting next_dagrun for example_sla_dag to 2024-05-20 07:58:00+00:00, run_after=2024-05-20 08:00:00+00:00
[2024-05-20T10:01:14.646+0200] {processor.py:183} INFO - Processing /home/munya/anaconda3/lib/python3.11/site-packages/airflow/example_dags/example_sla_dag.py took 0.078 seconds
[2024-05-20T10:02:16.554+0200] {processor.py:161} INFO - Started process (PID=563623) to work on /home/munya/anaconda3/lib/python3.11/site-packages/airflow/example_dags/example_sla_dag.py
[2024-05-20T10:02:16.555+0200] {processor.py:830} INFO - Processing file /home/munya/anaconda3/lib/python3.11/site-packages/airflow/example_dags/example_sla_dag.py for tasks to queue
[2024-05-20T10:02:16.557+0200] {logging_mixin.py:188} INFO - [2024-05-20T10:02:16.556+0200] {dagbag.py:545} INFO - Filling up the DagBag from /home/munya/anaconda3/lib/python3.11/site-packages/airflow/example_dags/example_sla_dag.py
[2024-05-20T10:02:16.569+0200] {processor.py:840} INFO - DAG(s) 'example_sla_dag' retrieved from /home/munya/anaconda3/lib/python3.11/site-packages/airflow/example_dags/example_sla_dag.py
[2024-05-20T10:02:16.586+0200] {logging_mixin.py:188} INFO - [2024-05-20T10:02:16.586+0200] {dag.py:3096} INFO - Sync 1 DAGs
[2024-05-20T10:02:16.613+0200] {logging_mixin.py:188} INFO - [2024-05-20T10:02:16.613+0200] {dag.py:3954} INFO - Setting next_dagrun for example_sla_dag to 2024-05-20 08:00:00+00:00, run_after=2024-05-20 08:02:00+00:00
[2024-05-20T10:02:16.635+0200] {processor.py:183} INFO - Processing /home/munya/anaconda3/lib/python3.11/site-packages/airflow/example_dags/example_sla_dag.py took 0.087 seconds
[2024-05-20T10:03:19.307+0200] {processor.py:161} INFO - Started process (PID=564813) to work on /home/munya/anaconda3/lib/python3.11/site-packages/airflow/example_dags/example_sla_dag.py
[2024-05-20T10:03:19.310+0200] {processor.py:830} INFO - Processing file /home/munya/anaconda3/lib/python3.11/site-packages/airflow/example_dags/example_sla_dag.py for tasks to queue
[2024-05-20T10:03:19.313+0200] {logging_mixin.py:188} INFO - [2024-05-20T10:03:19.312+0200] {dagbag.py:545} INFO - Filling up the DagBag from /home/munya/anaconda3/lib/python3.11/site-packages/airflow/example_dags/example_sla_dag.py
[2024-05-20T10:03:19.348+0200] {processor.py:840} INFO - DAG(s) 'example_sla_dag' retrieved from /home/munya/anaconda3/lib/python3.11/site-packages/airflow/example_dags/example_sla_dag.py
[2024-05-20T10:03:19.408+0200] {logging_mixin.py:188} INFO - [2024-05-20T10:03:19.407+0200] {dag.py:3096} INFO - Sync 1 DAGs
[2024-05-20T10:03:19.489+0200] {logging_mixin.py:188} INFO - [2024-05-20T10:03:19.488+0200] {dag.py:3954} INFO - Setting next_dagrun for example_sla_dag to 2024-05-20 08:00:00+00:00, run_after=2024-05-20 08:02:00+00:00
[2024-05-20T10:03:19.558+0200] {processor.py:183} INFO - Processing /home/munya/anaconda3/lib/python3.11/site-packages/airflow/example_dags/example_sla_dag.py took 0.276 seconds
[2024-05-20T10:04:17.027+0200] {processor.py:161} INFO - Started process (PID=565950) to work on /home/munya/anaconda3/lib/python3.11/site-packages/airflow/example_dags/example_sla_dag.py
[2024-05-20T10:04:17.028+0200] {processor.py:830} INFO - Processing file /home/munya/anaconda3/lib/python3.11/site-packages/airflow/example_dags/example_sla_dag.py for tasks to queue
[2024-05-20T10:04:17.029+0200] {logging_mixin.py:188} INFO - [2024-05-20T10:04:17.028+0200] {dagbag.py:545} INFO - Filling up the DagBag from /home/munya/anaconda3/lib/python3.11/site-packages/airflow/example_dags/example_sla_dag.py
[2024-05-20T10:04:17.038+0200] {processor.py:840} INFO - DAG(s) 'example_sla_dag' retrieved from /home/munya/anaconda3/lib/python3.11/site-packages/airflow/example_dags/example_sla_dag.py
[2024-05-20T10:04:17.053+0200] {logging_mixin.py:188} INFO - [2024-05-20T10:04:17.053+0200] {dag.py:3096} INFO - Sync 1 DAGs
[2024-05-20T10:04:17.076+0200] {logging_mixin.py:188} INFO - [2024-05-20T10:04:17.076+0200] {dag.py:3954} INFO - Setting next_dagrun for example_sla_dag to 2024-05-20 08:02:00+00:00, run_after=2024-05-20 08:04:00+00:00
[2024-05-20T10:04:17.094+0200] {processor.py:183} INFO - Processing /home/munya/anaconda3/lib/python3.11/site-packages/airflow/example_dags/example_sla_dag.py took 0.073 seconds
[2024-05-20T10:05:13.525+0200] {processor.py:161} INFO - Started process (PID=566965) to work on /home/munya/anaconda3/lib/python3.11/site-packages/airflow/example_dags/example_sla_dag.py
[2024-05-20T10:05:13.526+0200] {processor.py:830} INFO - Processing file /home/munya/anaconda3/lib/python3.11/site-packages/airflow/example_dags/example_sla_dag.py for tasks to queue
[2024-05-20T10:05:13.527+0200] {logging_mixin.py:188} INFO - [2024-05-20T10:05:13.527+0200] {dagbag.py:545} INFO - Filling up the DagBag from /home/munya/anaconda3/lib/python3.11/site-packages/airflow/example_dags/example_sla_dag.py
[2024-05-20T10:05:13.537+0200] {processor.py:840} INFO - DAG(s) 'example_sla_dag' retrieved from /home/munya/anaconda3/lib/python3.11/site-packages/airflow/example_dags/example_sla_dag.py
[2024-05-20T10:05:13.554+0200] {logging_mixin.py:188} INFO - [2024-05-20T10:05:13.553+0200] {dag.py:3096} INFO - Sync 1 DAGs
[2024-05-20T10:05:13.575+0200] {logging_mixin.py:188} INFO - [2024-05-20T10:05:13.575+0200] {dag.py:3954} INFO - Setting next_dagrun for example_sla_dag to 2024-05-20 08:02:00+00:00, run_after=2024-05-20 08:04:00+00:00
[2024-05-20T10:05:13.594+0200] {processor.py:183} INFO - Processing /home/munya/anaconda3/lib/python3.11/site-packages/airflow/example_dags/example_sla_dag.py took 0.074 seconds
[2024-05-20T10:06:18.179+0200] {processor.py:161} INFO - Started process (PID=568077) to work on /home/munya/anaconda3/lib/python3.11/site-packages/airflow/example_dags/example_sla_dag.py
[2024-05-20T10:06:18.180+0200] {processor.py:830} INFO - Processing file /home/munya/anaconda3/lib/python3.11/site-packages/airflow/example_dags/example_sla_dag.py for tasks to queue
[2024-05-20T10:06:18.181+0200] {logging_mixin.py:188} INFO - [2024-05-20T10:06:18.181+0200] {dagbag.py:545} INFO - Filling up the DagBag from /home/munya/anaconda3/lib/python3.11/site-packages/airflow/example_dags/example_sla_dag.py
[2024-05-20T10:06:18.189+0200] {processor.py:840} INFO - DAG(s) 'example_sla_dag' retrieved from /home/munya/anaconda3/lib/python3.11/site-packages/airflow/example_dags/example_sla_dag.py
[2024-05-20T10:06:18.204+0200] {logging_mixin.py:188} INFO - [2024-05-20T10:06:18.203+0200] {dag.py:3096} INFO - Sync 1 DAGs
[2024-05-20T10:06:18.223+0200] {logging_mixin.py:188} INFO - [2024-05-20T10:06:18.223+0200] {dag.py:3954} INFO - Setting next_dagrun for example_sla_dag to 2024-05-20 08:04:00+00:00, run_after=2024-05-20 08:06:00+00:00
[2024-05-20T10:06:18.240+0200] {processor.py:183} INFO - Processing /home/munya/anaconda3/lib/python3.11/site-packages/airflow/example_dags/example_sla_dag.py took 0.066 seconds
[2024-05-20T10:07:15.237+0200] {processor.py:161} INFO - Started process (PID=569047) to work on /home/munya/anaconda3/lib/python3.11/site-packages/airflow/example_dags/example_sla_dag.py
[2024-05-20T10:07:15.238+0200] {processor.py:830} INFO - Processing file /home/munya/anaconda3/lib/python3.11/site-packages/airflow/example_dags/example_sla_dag.py for tasks to queue
[2024-05-20T10:07:15.239+0200] {logging_mixin.py:188} INFO - [2024-05-20T10:07:15.238+0200] {dagbag.py:545} INFO - Filling up the DagBag from /home/munya/anaconda3/lib/python3.11/site-packages/airflow/example_dags/example_sla_dag.py
[2024-05-20T10:07:15.248+0200] {processor.py:840} INFO - DAG(s) 'example_sla_dag' retrieved from /home/munya/anaconda3/lib/python3.11/site-packages/airflow/example_dags/example_sla_dag.py
[2024-05-20T10:07:15.262+0200] {logging_mixin.py:188} INFO - [2024-05-20T10:07:15.262+0200] {dag.py:3096} INFO - Sync 1 DAGs
[2024-05-20T10:07:15.285+0200] {logging_mixin.py:188} INFO - [2024-05-20T10:07:15.285+0200] {dag.py:3954} INFO - Setting next_dagrun for example_sla_dag to 2024-05-20 08:04:00+00:00, run_after=2024-05-20 08:06:00+00:00
[2024-05-20T10:07:15.303+0200] {processor.py:183} INFO - Processing /home/munya/anaconda3/lib/python3.11/site-packages/airflow/example_dags/example_sla_dag.py took 0.073 seconds
[2024-05-20T10:08:18.721+0200] {processor.py:161} INFO - Started process (PID=570096) to work on /home/munya/anaconda3/lib/python3.11/site-packages/airflow/example_dags/example_sla_dag.py
[2024-05-20T10:08:18.722+0200] {processor.py:830} INFO - Processing file /home/munya/anaconda3/lib/python3.11/site-packages/airflow/example_dags/example_sla_dag.py for tasks to queue
[2024-05-20T10:08:18.723+0200] {logging_mixin.py:188} INFO - [2024-05-20T10:08:18.722+0200] {dagbag.py:545} INFO - Filling up the DagBag from /home/munya/anaconda3/lib/python3.11/site-packages/airflow/example_dags/example_sla_dag.py
[2024-05-20T10:08:18.733+0200] {processor.py:840} INFO - DAG(s) 'example_sla_dag' retrieved from /home/munya/anaconda3/lib/python3.11/site-packages/airflow/example_dags/example_sla_dag.py
[2024-05-20T10:08:18.750+0200] {logging_mixin.py:188} INFO - [2024-05-20T10:08:18.750+0200] {dag.py:3096} INFO - Sync 1 DAGs
[2024-05-20T10:08:18.775+0200] {logging_mixin.py:188} INFO - [2024-05-20T10:08:18.775+0200] {dag.py:3954} INFO - Setting next_dagrun for example_sla_dag to 2024-05-20 08:06:00+00:00, run_after=2024-05-20 08:08:00+00:00
[2024-05-20T10:08:18.794+0200] {processor.py:183} INFO - Processing /home/munya/anaconda3/lib/python3.11/site-packages/airflow/example_dags/example_sla_dag.py took 0.081 seconds
[2024-05-20T10:09:18.993+0200] {processor.py:161} INFO - Started process (PID=571178) to work on /home/munya/anaconda3/lib/python3.11/site-packages/airflow/example_dags/example_sla_dag.py
[2024-05-20T10:09:18.994+0200] {processor.py:830} INFO - Processing file /home/munya/anaconda3/lib/python3.11/site-packages/airflow/example_dags/example_sla_dag.py for tasks to queue
[2024-05-20T10:09:18.995+0200] {logging_mixin.py:188} INFO - [2024-05-20T10:09:18.995+0200] {dagbag.py:545} INFO - Filling up the DagBag from /home/munya/anaconda3/lib/python3.11/site-packages/airflow/example_dags/example_sla_dag.py
[2024-05-20T10:09:19.007+0200] {processor.py:840} INFO - DAG(s) 'example_sla_dag' retrieved from /home/munya/anaconda3/lib/python3.11/site-packages/airflow/example_dags/example_sla_dag.py
[2024-05-20T10:09:19.027+0200] {logging_mixin.py:188} INFO - [2024-05-20T10:09:19.027+0200] {dag.py:3096} INFO - Sync 1 DAGs
[2024-05-20T10:09:19.056+0200] {logging_mixin.py:188} INFO - [2024-05-20T10:09:19.055+0200] {dag.py:3954} INFO - Setting next_dagrun for example_sla_dag to 2024-05-20 08:06:00+00:00, run_after=2024-05-20 08:08:00+00:00
[2024-05-20T10:09:19.081+0200] {processor.py:183} INFO - Processing /home/munya/anaconda3/lib/python3.11/site-packages/airflow/example_dags/example_sla_dag.py took 0.094 seconds
[2024-05-20T10:10:17.183+0200] {processor.py:161} INFO - Started process (PID=572171) to work on /home/munya/anaconda3/lib/python3.11/site-packages/airflow/example_dags/example_sla_dag.py
[2024-05-20T10:10:17.188+0200] {processor.py:830} INFO - Processing file /home/munya/anaconda3/lib/python3.11/site-packages/airflow/example_dags/example_sla_dag.py for tasks to queue
[2024-05-20T10:10:17.197+0200] {logging_mixin.py:188} INFO - [2024-05-20T10:10:17.195+0200] {dagbag.py:545} INFO - Filling up the DagBag from /home/munya/anaconda3/lib/python3.11/site-packages/airflow/example_dags/example_sla_dag.py
[2024-05-20T10:10:17.237+0200] {processor.py:840} INFO - DAG(s) 'example_sla_dag' retrieved from /home/munya/anaconda3/lib/python3.11/site-packages/airflow/example_dags/example_sla_dag.py
[2024-05-20T10:10:17.314+0200] {logging_mixin.py:188} INFO - [2024-05-20T10:10:17.313+0200] {dag.py:3096} INFO - Sync 1 DAGs
[2024-05-20T10:10:17.417+0200] {logging_mixin.py:188} INFO - [2024-05-20T10:10:17.417+0200] {dag.py:3954} INFO - Setting next_dagrun for example_sla_dag to 2024-05-20 08:08:00+00:00, run_after=2024-05-20 08:10:00+00:00
[2024-05-20T10:10:17.499+0200] {processor.py:183} INFO - Processing /home/munya/anaconda3/lib/python3.11/site-packages/airflow/example_dags/example_sla_dag.py took 0.349 seconds
[2024-05-20T10:11:22.677+0200] {processor.py:161} INFO - Started process (PID=573268) to work on /home/munya/anaconda3/lib/python3.11/site-packages/airflow/example_dags/example_sla_dag.py
[2024-05-20T10:11:22.679+0200] {processor.py:830} INFO - Processing file /home/munya/anaconda3/lib/python3.11/site-packages/airflow/example_dags/example_sla_dag.py for tasks to queue
[2024-05-20T10:11:22.680+0200] {logging_mixin.py:188} INFO - [2024-05-20T10:11:22.679+0200] {dagbag.py:545} INFO - Filling up the DagBag from /home/munya/anaconda3/lib/python3.11/site-packages/airflow/example_dags/example_sla_dag.py
[2024-05-20T10:11:22.688+0200] {processor.py:840} INFO - DAG(s) 'example_sla_dag' retrieved from /home/munya/anaconda3/lib/python3.11/site-packages/airflow/example_dags/example_sla_dag.py
[2024-05-20T10:11:22.703+0200] {logging_mixin.py:188} INFO - [2024-05-20T10:11:22.703+0200] {dag.py:3096} INFO - Sync 1 DAGs
[2024-05-20T10:11:22.725+0200] {logging_mixin.py:188} INFO - [2024-05-20T10:11:22.725+0200] {dag.py:3954} INFO - Setting next_dagrun for example_sla_dag to 2024-05-20 08:08:00+00:00, run_after=2024-05-20 08:10:00+00:00
[2024-05-20T10:11:22.743+0200] {processor.py:183} INFO - Processing /home/munya/anaconda3/lib/python3.11/site-packages/airflow/example_dags/example_sla_dag.py took 0.072 seconds
[2024-05-20T10:12:21.666+0200] {processor.py:161} INFO - Started process (PID=574267) to work on /home/munya/anaconda3/lib/python3.11/site-packages/airflow/example_dags/example_sla_dag.py
[2024-05-20T10:12:21.669+0200] {processor.py:830} INFO - Processing file /home/munya/anaconda3/lib/python3.11/site-packages/airflow/example_dags/example_sla_dag.py for tasks to queue
[2024-05-20T10:12:21.673+0200] {logging_mixin.py:188} INFO - [2024-05-20T10:12:21.671+0200] {dagbag.py:545} INFO - Filling up the DagBag from /home/munya/anaconda3/lib/python3.11/site-packages/airflow/example_dags/example_sla_dag.py
[2024-05-20T10:12:21.714+0200] {processor.py:840} INFO - DAG(s) 'example_sla_dag' retrieved from /home/munya/anaconda3/lib/python3.11/site-packages/airflow/example_dags/example_sla_dag.py
[2024-05-20T10:12:21.779+0200] {logging_mixin.py:188} INFO - [2024-05-20T10:12:21.778+0200] {dag.py:3096} INFO - Sync 1 DAGs
[2024-05-20T10:12:21.882+0200] {logging_mixin.py:188} INFO - [2024-05-20T10:12:21.881+0200] {dag.py:3954} INFO - Setting next_dagrun for example_sla_dag to 2024-05-20 08:10:00+00:00, run_after=2024-05-20 08:12:00+00:00
[2024-05-20T10:12:21.951+0200] {processor.py:183} INFO - Processing /home/munya/anaconda3/lib/python3.11/site-packages/airflow/example_dags/example_sla_dag.py took 0.310 seconds
[2024-05-20T10:13:21.315+0200] {processor.py:161} INFO - Started process (PID=575259) to work on /home/munya/anaconda3/lib/python3.11/site-packages/airflow/example_dags/example_sla_dag.py
[2024-05-20T10:13:21.318+0200] {processor.py:830} INFO - Processing file /home/munya/anaconda3/lib/python3.11/site-packages/airflow/example_dags/example_sla_dag.py for tasks to queue
[2024-05-20T10:13:21.322+0200] {logging_mixin.py:188} INFO - [2024-05-20T10:13:21.321+0200] {dagbag.py:545} INFO - Filling up the DagBag from /home/munya/anaconda3/lib/python3.11/site-packages/airflow/example_dags/example_sla_dag.py
[2024-05-20T10:13:21.362+0200] {processor.py:840} INFO - DAG(s) 'example_sla_dag' retrieved from /home/munya/anaconda3/lib/python3.11/site-packages/airflow/example_dags/example_sla_dag.py
[2024-05-20T10:13:21.435+0200] {logging_mixin.py:188} INFO - [2024-05-20T10:13:21.434+0200] {dag.py:3096} INFO - Sync 1 DAGs
[2024-05-20T10:13:21.540+0200] {logging_mixin.py:188} INFO - [2024-05-20T10:13:21.539+0200] {dag.py:3954} INFO - Setting next_dagrun for example_sla_dag to 2024-05-20 08:10:00+00:00, run_after=2024-05-20 08:12:00+00:00
[2024-05-20T10:13:21.618+0200] {processor.py:183} INFO - Processing /home/munya/anaconda3/lib/python3.11/site-packages/airflow/example_dags/example_sla_dag.py took 0.338 seconds
[2024-05-20T10:14:21.373+0200] {processor.py:161} INFO - Started process (PID=576296) to work on /home/munya/anaconda3/lib/python3.11/site-packages/airflow/example_dags/example_sla_dag.py
[2024-05-20T10:14:21.374+0200] {processor.py:830} INFO - Processing file /home/munya/anaconda3/lib/python3.11/site-packages/airflow/example_dags/example_sla_dag.py for tasks to queue
[2024-05-20T10:14:21.375+0200] {logging_mixin.py:188} INFO - [2024-05-20T10:14:21.375+0200] {dagbag.py:545} INFO - Filling up the DagBag from /home/munya/anaconda3/lib/python3.11/site-packages/airflow/example_dags/example_sla_dag.py
[2024-05-20T10:14:21.383+0200] {processor.py:840} INFO - DAG(s) 'example_sla_dag' retrieved from /home/munya/anaconda3/lib/python3.11/site-packages/airflow/example_dags/example_sla_dag.py
[2024-05-20T10:14:21.399+0200] {logging_mixin.py:188} INFO - [2024-05-20T10:14:21.399+0200] {dag.py:3096} INFO - Sync 1 DAGs
[2024-05-20T10:14:21.422+0200] {logging_mixin.py:188} INFO - [2024-05-20T10:14:21.422+0200] {dag.py:3954} INFO - Setting next_dagrun for example_sla_dag to 2024-05-20 08:12:00+00:00, run_after=2024-05-20 08:14:00+00:00
[2024-05-20T10:14:21.439+0200] {processor.py:183} INFO - Processing /home/munya/anaconda3/lib/python3.11/site-packages/airflow/example_dags/example_sla_dag.py took 0.072 seconds
[2024-05-20T10:15:22.175+0200] {processor.py:161} INFO - Started process (PID=577322) to work on /home/munya/anaconda3/lib/python3.11/site-packages/airflow/example_dags/example_sla_dag.py
[2024-05-20T10:15:22.176+0200] {processor.py:830} INFO - Processing file /home/munya/anaconda3/lib/python3.11/site-packages/airflow/example_dags/example_sla_dag.py for tasks to queue
[2024-05-20T10:15:22.177+0200] {logging_mixin.py:188} INFO - [2024-05-20T10:15:22.177+0200] {dagbag.py:545} INFO - Filling up the DagBag from /home/munya/anaconda3/lib/python3.11/site-packages/airflow/example_dags/example_sla_dag.py
[2024-05-20T10:15:22.186+0200] {processor.py:840} INFO - DAG(s) 'example_sla_dag' retrieved from /home/munya/anaconda3/lib/python3.11/site-packages/airflow/example_dags/example_sla_dag.py
[2024-05-20T10:15:22.205+0200] {logging_mixin.py:188} INFO - [2024-05-20T10:15:22.204+0200] {dag.py:3096} INFO - Sync 1 DAGs
[2024-05-20T10:15:22.227+0200] {logging_mixin.py:188} INFO - [2024-05-20T10:15:22.227+0200] {dag.py:3954} INFO - Setting next_dagrun for example_sla_dag to 2024-05-20 08:12:00+00:00, run_after=2024-05-20 08:14:00+00:00
[2024-05-20T10:15:22.244+0200] {processor.py:183} INFO - Processing /home/munya/anaconda3/lib/python3.11/site-packages/airflow/example_dags/example_sla_dag.py took 0.075 seconds
[2024-05-20T10:16:24.718+0200] {processor.py:161} INFO - Started process (PID=578372) to work on /home/munya/anaconda3/lib/python3.11/site-packages/airflow/example_dags/example_sla_dag.py
[2024-05-20T10:16:24.719+0200] {processor.py:830} INFO - Processing file /home/munya/anaconda3/lib/python3.11/site-packages/airflow/example_dags/example_sla_dag.py for tasks to queue
[2024-05-20T10:16:24.720+0200] {logging_mixin.py:188} INFO - [2024-05-20T10:16:24.719+0200] {dagbag.py:545} INFO - Filling up the DagBag from /home/munya/anaconda3/lib/python3.11/site-packages/airflow/example_dags/example_sla_dag.py
[2024-05-20T10:16:24.729+0200] {processor.py:840} INFO - DAG(s) 'example_sla_dag' retrieved from /home/munya/anaconda3/lib/python3.11/site-packages/airflow/example_dags/example_sla_dag.py
[2024-05-20T10:16:24.745+0200] {logging_mixin.py:188} INFO - [2024-05-20T10:16:24.744+0200] {dag.py:3096} INFO - Sync 1 DAGs
[2024-05-20T10:16:24.765+0200] {logging_mixin.py:188} INFO - [2024-05-20T10:16:24.765+0200] {dag.py:3954} INFO - Setting next_dagrun for example_sla_dag to 2024-05-20 08:14:00+00:00, run_after=2024-05-20 08:16:00+00:00
[2024-05-20T10:16:24.783+0200] {processor.py:183} INFO - Processing /home/munya/anaconda3/lib/python3.11/site-packages/airflow/example_dags/example_sla_dag.py took 0.072 seconds
[2024-05-20T10:17:24.981+0200] {processor.py:161} INFO - Started process (PID=579376) to work on /home/munya/anaconda3/lib/python3.11/site-packages/airflow/example_dags/example_sla_dag.py
[2024-05-20T10:17:24.982+0200] {processor.py:830} INFO - Processing file /home/munya/anaconda3/lib/python3.11/site-packages/airflow/example_dags/example_sla_dag.py for tasks to queue
[2024-05-20T10:17:24.983+0200] {logging_mixin.py:188} INFO - [2024-05-20T10:17:24.983+0200] {dagbag.py:545} INFO - Filling up the DagBag from /home/munya/anaconda3/lib/python3.11/site-packages/airflow/example_dags/example_sla_dag.py
[2024-05-20T10:17:24.990+0200] {processor.py:840} INFO - DAG(s) 'example_sla_dag' retrieved from /home/munya/anaconda3/lib/python3.11/site-packages/airflow/example_dags/example_sla_dag.py
[2024-05-20T10:17:25.005+0200] {logging_mixin.py:188} INFO - [2024-05-20T10:17:25.004+0200] {dag.py:3096} INFO - Sync 1 DAGs
[2024-05-20T10:17:25.025+0200] {logging_mixin.py:188} INFO - [2024-05-20T10:17:25.024+0200] {dag.py:3954} INFO - Setting next_dagrun for example_sla_dag to 2024-05-20 08:14:00+00:00, run_after=2024-05-20 08:16:00+00:00
[2024-05-20T10:17:25.048+0200] {processor.py:183} INFO - Processing /home/munya/anaconda3/lib/python3.11/site-packages/airflow/example_dags/example_sla_dag.py took 0.072 seconds
[2024-05-20T10:18:25.915+0200] {processor.py:161} INFO - Started process (PID=580427) to work on /home/munya/anaconda3/lib/python3.11/site-packages/airflow/example_dags/example_sla_dag.py
[2024-05-20T10:18:25.916+0200] {processor.py:830} INFO - Processing file /home/munya/anaconda3/lib/python3.11/site-packages/airflow/example_dags/example_sla_dag.py for tasks to queue
[2024-05-20T10:18:25.917+0200] {logging_mixin.py:188} INFO - [2024-05-20T10:18:25.916+0200] {dagbag.py:545} INFO - Filling up the DagBag from /home/munya/anaconda3/lib/python3.11/site-packages/airflow/example_dags/example_sla_dag.py
[2024-05-20T10:18:25.925+0200] {processor.py:840} INFO - DAG(s) 'example_sla_dag' retrieved from /home/munya/anaconda3/lib/python3.11/site-packages/airflow/example_dags/example_sla_dag.py
[2024-05-20T10:18:25.947+0200] {logging_mixin.py:188} INFO - [2024-05-20T10:18:25.947+0200] {dag.py:3096} INFO - Sync 1 DAGs
[2024-05-20T10:18:25.972+0200] {logging_mixin.py:188} INFO - [2024-05-20T10:18:25.972+0200] {dag.py:3954} INFO - Setting next_dagrun for example_sla_dag to 2024-05-20 08:16:00+00:00, run_after=2024-05-20 08:18:00+00:00
[2024-05-20T10:18:25.994+0200] {processor.py:183} INFO - Processing /home/munya/anaconda3/lib/python3.11/site-packages/airflow/example_dags/example_sla_dag.py took 0.085 seconds
[2024-05-20T10:19:28.130+0200] {processor.py:161} INFO - Started process (PID=581478) to work on /home/munya/anaconda3/lib/python3.11/site-packages/airflow/example_dags/example_sla_dag.py
[2024-05-20T10:19:28.131+0200] {processor.py:830} INFO - Processing file /home/munya/anaconda3/lib/python3.11/site-packages/airflow/example_dags/example_sla_dag.py for tasks to queue
[2024-05-20T10:19:28.132+0200] {logging_mixin.py:188} INFO - [2024-05-20T10:19:28.131+0200] {dagbag.py:545} INFO - Filling up the DagBag from /home/munya/anaconda3/lib/python3.11/site-packages/airflow/example_dags/example_sla_dag.py
[2024-05-20T10:19:28.140+0200] {processor.py:840} INFO - DAG(s) 'example_sla_dag' retrieved from /home/munya/anaconda3/lib/python3.11/site-packages/airflow/example_dags/example_sla_dag.py
[2024-05-20T10:19:28.154+0200] {logging_mixin.py:188} INFO - [2024-05-20T10:19:28.154+0200] {dag.py:3096} INFO - Sync 1 DAGs
[2024-05-20T10:19:28.173+0200] {logging_mixin.py:188} INFO - [2024-05-20T10:19:28.173+0200] {dag.py:3954} INFO - Setting next_dagrun for example_sla_dag to 2024-05-20 08:16:00+00:00, run_after=2024-05-20 08:18:00+00:00
[2024-05-20T10:19:28.190+0200] {processor.py:183} INFO - Processing /home/munya/anaconda3/lib/python3.11/site-packages/airflow/example_dags/example_sla_dag.py took 0.066 seconds
[2024-05-20T10:20:35.425+0200] {processor.py:161} INFO - Started process (PID=582658) to work on /home/munya/anaconda3/lib/python3.11/site-packages/airflow/example_dags/example_sla_dag.py
[2024-05-20T10:20:35.426+0200] {processor.py:830} INFO - Processing file /home/munya/anaconda3/lib/python3.11/site-packages/airflow/example_dags/example_sla_dag.py for tasks to queue
[2024-05-20T10:20:35.427+0200] {logging_mixin.py:188} INFO - [2024-05-20T10:20:35.427+0200] {dagbag.py:545} INFO - Filling up the DagBag from /home/munya/anaconda3/lib/python3.11/site-packages/airflow/example_dags/example_sla_dag.py
[2024-05-20T10:20:35.436+0200] {processor.py:840} INFO - DAG(s) 'example_sla_dag' retrieved from /home/munya/anaconda3/lib/python3.11/site-packages/airflow/example_dags/example_sla_dag.py
[2024-05-20T10:20:35.454+0200] {logging_mixin.py:188} INFO - [2024-05-20T10:20:35.453+0200] {dag.py:3096} INFO - Sync 1 DAGs
[2024-05-20T10:20:35.479+0200] {logging_mixin.py:188} INFO - [2024-05-20T10:20:35.478+0200] {dag.py:3954} INFO - Setting next_dagrun for example_sla_dag to 2024-05-20 08:18:00+00:00, run_after=2024-05-20 08:20:00+00:00
[2024-05-20T10:20:35.494+0200] {processor.py:183} INFO - Processing /home/munya/anaconda3/lib/python3.11/site-packages/airflow/example_dags/example_sla_dag.py took 0.075 seconds
[2024-05-20T10:21:42.809+0200] {processor.py:161} INFO - Started process (PID=583795) to work on /home/munya/anaconda3/lib/python3.11/site-packages/airflow/example_dags/example_sla_dag.py
[2024-05-20T10:21:42.810+0200] {processor.py:830} INFO - Processing file /home/munya/anaconda3/lib/python3.11/site-packages/airflow/example_dags/example_sla_dag.py for tasks to queue
[2024-05-20T10:21:42.811+0200] {logging_mixin.py:188} INFO - [2024-05-20T10:21:42.810+0200] {dagbag.py:545} INFO - Filling up the DagBag from /home/munya/anaconda3/lib/python3.11/site-packages/airflow/example_dags/example_sla_dag.py
[2024-05-20T10:21:42.819+0200] {processor.py:840} INFO - DAG(s) 'example_sla_dag' retrieved from /home/munya/anaconda3/lib/python3.11/site-packages/airflow/example_dags/example_sla_dag.py
[2024-05-20T10:21:42.834+0200] {logging_mixin.py:188} INFO - [2024-05-20T10:21:42.834+0200] {dag.py:3096} INFO - Sync 1 DAGs
[2024-05-20T10:21:42.853+0200] {logging_mixin.py:188} INFO - [2024-05-20T10:21:42.853+0200] {dag.py:3954} INFO - Setting next_dagrun for example_sla_dag to 2024-05-20 08:18:00+00:00, run_after=2024-05-20 08:20:00+00:00
[2024-05-20T10:21:42.872+0200] {processor.py:183} INFO - Processing /home/munya/anaconda3/lib/python3.11/site-packages/airflow/example_dags/example_sla_dag.py took 0.069 seconds
[2024-05-20T10:22:41.926+0200] {processor.py:161} INFO - Started process (PID=584809) to work on /home/munya/anaconda3/lib/python3.11/site-packages/airflow/example_dags/example_sla_dag.py
[2024-05-20T10:22:41.927+0200] {processor.py:830} INFO - Processing file /home/munya/anaconda3/lib/python3.11/site-packages/airflow/example_dags/example_sla_dag.py for tasks to queue
[2024-05-20T10:22:41.928+0200] {logging_mixin.py:188} INFO - [2024-05-20T10:22:41.927+0200] {dagbag.py:545} INFO - Filling up the DagBag from /home/munya/anaconda3/lib/python3.11/site-packages/airflow/example_dags/example_sla_dag.py
[2024-05-20T10:22:41.937+0200] {processor.py:840} INFO - DAG(s) 'example_sla_dag' retrieved from /home/munya/anaconda3/lib/python3.11/site-packages/airflow/example_dags/example_sla_dag.py
[2024-05-20T10:22:41.954+0200] {logging_mixin.py:188} INFO - [2024-05-20T10:22:41.953+0200] {dag.py:3096} INFO - Sync 1 DAGs
[2024-05-20T10:22:41.974+0200] {logging_mixin.py:188} INFO - [2024-05-20T10:22:41.974+0200] {dag.py:3954} INFO - Setting next_dagrun for example_sla_dag to 2024-05-20 08:20:00+00:00, run_after=2024-05-20 08:22:00+00:00
[2024-05-20T10:22:41.992+0200] {processor.py:183} INFO - Processing /home/munya/anaconda3/lib/python3.11/site-packages/airflow/example_dags/example_sla_dag.py took 0.073 seconds
[2024-05-20T10:23:41.437+0200] {processor.py:161} INFO - Started process (PID=585786) to work on /home/munya/anaconda3/lib/python3.11/site-packages/airflow/example_dags/example_sla_dag.py
[2024-05-20T10:23:41.441+0200] {processor.py:830} INFO - Processing file /home/munya/anaconda3/lib/python3.11/site-packages/airflow/example_dags/example_sla_dag.py for tasks to queue
[2024-05-20T10:23:41.445+0200] {logging_mixin.py:188} INFO - [2024-05-20T10:23:41.443+0200] {dagbag.py:545} INFO - Filling up the DagBag from /home/munya/anaconda3/lib/python3.11/site-packages/airflow/example_dags/example_sla_dag.py
[2024-05-20T10:23:41.489+0200] {processor.py:840} INFO - DAG(s) 'example_sla_dag' retrieved from /home/munya/anaconda3/lib/python3.11/site-packages/airflow/example_dags/example_sla_dag.py
[2024-05-20T10:23:41.546+0200] {logging_mixin.py:188} INFO - [2024-05-20T10:23:41.545+0200] {dag.py:3096} INFO - Sync 1 DAGs
[2024-05-20T10:23:41.646+0200] {logging_mixin.py:188} INFO - [2024-05-20T10:23:41.645+0200] {dag.py:3954} INFO - Setting next_dagrun for example_sla_dag to 2024-05-20 08:20:00+00:00, run_after=2024-05-20 08:22:00+00:00
[2024-05-20T10:23:41.715+0200] {processor.py:183} INFO - Processing /home/munya/anaconda3/lib/python3.11/site-packages/airflow/example_dags/example_sla_dag.py took 0.301 seconds
[2024-05-20T10:24:44.291+0200] {processor.py:161} INFO - Started process (PID=586869) to work on /home/munya/anaconda3/lib/python3.11/site-packages/airflow/example_dags/example_sla_dag.py
[2024-05-20T10:24:44.296+0200] {processor.py:830} INFO - Processing file /home/munya/anaconda3/lib/python3.11/site-packages/airflow/example_dags/example_sla_dag.py for tasks to queue
[2024-05-20T10:24:44.301+0200] {logging_mixin.py:188} INFO - [2024-05-20T10:24:44.300+0200] {dagbag.py:545} INFO - Filling up the DagBag from /home/munya/anaconda3/lib/python3.11/site-packages/airflow/example_dags/example_sla_dag.py
[2024-05-20T10:24:44.339+0200] {processor.py:840} INFO - DAG(s) 'example_sla_dag' retrieved from /home/munya/anaconda3/lib/python3.11/site-packages/airflow/example_dags/example_sla_dag.py
[2024-05-20T10:24:44.406+0200] {logging_mixin.py:188} INFO - [2024-05-20T10:24:44.406+0200] {dag.py:3096} INFO - Sync 1 DAGs
[2024-05-20T10:24:44.496+0200] {logging_mixin.py:188} INFO - [2024-05-20T10:24:44.495+0200] {dag.py:3954} INFO - Setting next_dagrun for example_sla_dag to 2024-05-20 08:22:00+00:00, run_after=2024-05-20 08:24:00+00:00
[2024-05-20T10:24:44.565+0200] {processor.py:183} INFO - Processing /home/munya/anaconda3/lib/python3.11/site-packages/airflow/example_dags/example_sla_dag.py took 0.300 seconds
[2024-05-20T10:25:46.633+0200] {processor.py:161} INFO - Started process (PID=587919) to work on /home/munya/anaconda3/lib/python3.11/site-packages/airflow/example_dags/example_sla_dag.py
[2024-05-20T10:25:46.635+0200] {processor.py:830} INFO - Processing file /home/munya/anaconda3/lib/python3.11/site-packages/airflow/example_dags/example_sla_dag.py for tasks to queue
[2024-05-20T10:25:46.639+0200] {logging_mixin.py:188} INFO - [2024-05-20T10:25:46.637+0200] {dagbag.py:545} INFO - Filling up the DagBag from /home/munya/anaconda3/lib/python3.11/site-packages/airflow/example_dags/example_sla_dag.py
[2024-05-20T10:25:46.668+0200] {processor.py:840} INFO - DAG(s) 'example_sla_dag' retrieved from /home/munya/anaconda3/lib/python3.11/site-packages/airflow/example_dags/example_sla_dag.py
[2024-05-20T10:25:46.722+0200] {logging_mixin.py:188} INFO - [2024-05-20T10:25:46.721+0200] {dag.py:3096} INFO - Sync 1 DAGs
[2024-05-20T10:25:46.817+0200] {logging_mixin.py:188} INFO - [2024-05-20T10:25:46.816+0200] {dag.py:3954} INFO - Setting next_dagrun for example_sla_dag to 2024-05-20 08:22:00+00:00, run_after=2024-05-20 08:24:00+00:00
[2024-05-20T10:25:46.879+0200] {processor.py:183} INFO - Processing /home/munya/anaconda3/lib/python3.11/site-packages/airflow/example_dags/example_sla_dag.py took 0.272 seconds
[2024-05-20T10:26:46.291+0200] {processor.py:161} INFO - Started process (PID=588910) to work on /home/munya/anaconda3/lib/python3.11/site-packages/airflow/example_dags/example_sla_dag.py
[2024-05-20T10:26:46.291+0200] {processor.py:830} INFO - Processing file /home/munya/anaconda3/lib/python3.11/site-packages/airflow/example_dags/example_sla_dag.py for tasks to queue
[2024-05-20T10:26:46.292+0200] {logging_mixin.py:188} INFO - [2024-05-20T10:26:46.292+0200] {dagbag.py:545} INFO - Filling up the DagBag from /home/munya/anaconda3/lib/python3.11/site-packages/airflow/example_dags/example_sla_dag.py
[2024-05-20T10:26:46.301+0200] {processor.py:840} INFO - DAG(s) 'example_sla_dag' retrieved from /home/munya/anaconda3/lib/python3.11/site-packages/airflow/example_dags/example_sla_dag.py
[2024-05-20T10:26:46.315+0200] {logging_mixin.py:188} INFO - [2024-05-20T10:26:46.315+0200] {dag.py:3096} INFO - Sync 1 DAGs
[2024-05-20T10:26:46.335+0200] {logging_mixin.py:188} INFO - [2024-05-20T10:26:46.335+0200] {dag.py:3954} INFO - Setting next_dagrun for example_sla_dag to 2024-05-20 08:24:00+00:00, run_after=2024-05-20 08:26:00+00:00
[2024-05-20T10:26:46.353+0200] {processor.py:183} INFO - Processing /home/munya/anaconda3/lib/python3.11/site-packages/airflow/example_dags/example_sla_dag.py took 0.069 seconds
[2024-05-20T10:27:47.295+0200] {processor.py:161} INFO - Started process (PID=589933) to work on /home/munya/anaconda3/lib/python3.11/site-packages/airflow/example_dags/example_sla_dag.py
[2024-05-20T10:27:47.297+0200] {processor.py:830} INFO - Processing file /home/munya/anaconda3/lib/python3.11/site-packages/airflow/example_dags/example_sla_dag.py for tasks to queue
[2024-05-20T10:27:47.297+0200] {logging_mixin.py:188} INFO - [2024-05-20T10:27:47.297+0200] {dagbag.py:545} INFO - Filling up the DagBag from /home/munya/anaconda3/lib/python3.11/site-packages/airflow/example_dags/example_sla_dag.py
[2024-05-20T10:27:47.307+0200] {processor.py:840} INFO - DAG(s) 'example_sla_dag' retrieved from /home/munya/anaconda3/lib/python3.11/site-packages/airflow/example_dags/example_sla_dag.py
[2024-05-20T10:27:47.324+0200] {logging_mixin.py:188} INFO - [2024-05-20T10:27:47.324+0200] {dag.py:3096} INFO - Sync 1 DAGs
[2024-05-20T10:27:47.344+0200] {logging_mixin.py:188} INFO - [2024-05-20T10:27:47.344+0200] {dag.py:3954} INFO - Setting next_dagrun for example_sla_dag to 2024-05-20 08:24:00+00:00, run_after=2024-05-20 08:26:00+00:00
[2024-05-20T10:27:47.366+0200] {processor.py:183} INFO - Processing /home/munya/anaconda3/lib/python3.11/site-packages/airflow/example_dags/example_sla_dag.py took 0.078 seconds
[2024-05-20T10:28:54.938+0200] {processor.py:161} INFO - Started process (PID=591147) to work on /home/munya/anaconda3/lib/python3.11/site-packages/airflow/example_dags/example_sla_dag.py
[2024-05-20T10:28:54.941+0200] {processor.py:830} INFO - Processing file /home/munya/anaconda3/lib/python3.11/site-packages/airflow/example_dags/example_sla_dag.py for tasks to queue
[2024-05-20T10:28:54.945+0200] {logging_mixin.py:188} INFO - [2024-05-20T10:28:54.943+0200] {dagbag.py:545} INFO - Filling up the DagBag from /home/munya/anaconda3/lib/python3.11/site-packages/airflow/example_dags/example_sla_dag.py
[2024-05-20T10:28:54.977+0200] {processor.py:840} INFO - DAG(s) 'example_sla_dag' retrieved from /home/munya/anaconda3/lib/python3.11/site-packages/airflow/example_dags/example_sla_dag.py
[2024-05-20T10:28:55.037+0200] {logging_mixin.py:188} INFO - [2024-05-20T10:28:55.036+0200] {dag.py:3096} INFO - Sync 1 DAGs
[2024-05-20T10:28:55.062+0200] {logging_mixin.py:188} INFO - [2024-05-20T10:28:55.062+0200] {dag.py:3954} INFO - Setting next_dagrun for example_sla_dag to 2024-05-20 08:26:00+00:00, run_after=2024-05-20 08:28:00+00:00
[2024-05-20T10:28:55.086+0200] {processor.py:183} INFO - Processing /home/munya/anaconda3/lib/python3.11/site-packages/airflow/example_dags/example_sla_dag.py took 0.173 seconds
[2024-05-20T10:29:55.278+0200] {processor.py:161} INFO - Started process (PID=592240) to work on /home/munya/anaconda3/lib/python3.11/site-packages/airflow/example_dags/example_sla_dag.py
[2024-05-20T10:29:55.279+0200] {processor.py:830} INFO - Processing file /home/munya/anaconda3/lib/python3.11/site-packages/airflow/example_dags/example_sla_dag.py for tasks to queue
[2024-05-20T10:29:55.279+0200] {logging_mixin.py:188} INFO - [2024-05-20T10:29:55.279+0200] {dagbag.py:545} INFO - Filling up the DagBag from /home/munya/anaconda3/lib/python3.11/site-packages/airflow/example_dags/example_sla_dag.py
[2024-05-20T10:29:55.288+0200] {processor.py:840} INFO - DAG(s) 'example_sla_dag' retrieved from /home/munya/anaconda3/lib/python3.11/site-packages/airflow/example_dags/example_sla_dag.py
[2024-05-20T10:29:55.303+0200] {logging_mixin.py:188} INFO - [2024-05-20T10:29:55.303+0200] {dag.py:3096} INFO - Sync 1 DAGs
[2024-05-20T10:29:55.326+0200] {logging_mixin.py:188} INFO - [2024-05-20T10:29:55.326+0200] {dag.py:3954} INFO - Setting next_dagrun for example_sla_dag to 2024-05-20 08:26:00+00:00, run_after=2024-05-20 08:28:00+00:00
[2024-05-20T10:29:55.344+0200] {processor.py:183} INFO - Processing /home/munya/anaconda3/lib/python3.11/site-packages/airflow/example_dags/example_sla_dag.py took 0.073 seconds
[2024-05-20T10:31:08.095+0200] {processor.py:161} INFO - Started process (PID=593430) to work on /home/munya/anaconda3/lib/python3.11/site-packages/airflow/example_dags/example_sla_dag.py
[2024-05-20T10:31:08.096+0200] {processor.py:830} INFO - Processing file /home/munya/anaconda3/lib/python3.11/site-packages/airflow/example_dags/example_sla_dag.py for tasks to queue
[2024-05-20T10:31:08.097+0200] {logging_mixin.py:188} INFO - [2024-05-20T10:31:08.097+0200] {dagbag.py:545} INFO - Filling up the DagBag from /home/munya/anaconda3/lib/python3.11/site-packages/airflow/example_dags/example_sla_dag.py
[2024-05-20T10:31:08.105+0200] {processor.py:840} INFO - DAG(s) 'example_sla_dag' retrieved from /home/munya/anaconda3/lib/python3.11/site-packages/airflow/example_dags/example_sla_dag.py
[2024-05-20T10:31:08.120+0200] {logging_mixin.py:188} INFO - [2024-05-20T10:31:08.120+0200] {dag.py:3096} INFO - Sync 1 DAGs
[2024-05-20T10:31:08.140+0200] {logging_mixin.py:188} INFO - [2024-05-20T10:31:08.140+0200] {dag.py:3954} INFO - Setting next_dagrun for example_sla_dag to 2024-05-20 08:28:00+00:00, run_after=2024-05-20 08:30:00+00:00
[2024-05-20T10:31:08.161+0200] {processor.py:183} INFO - Processing /home/munya/anaconda3/lib/python3.11/site-packages/airflow/example_dags/example_sla_dag.py took 0.071 seconds
[2024-05-20T10:32:14.304+0200] {processor.py:161} INFO - Started process (PID=594688) to work on /home/munya/anaconda3/lib/python3.11/site-packages/airflow/example_dags/example_sla_dag.py
[2024-05-20T10:32:14.305+0200] {processor.py:830} INFO - Processing file /home/munya/anaconda3/lib/python3.11/site-packages/airflow/example_dags/example_sla_dag.py for tasks to queue
[2024-05-20T10:32:14.306+0200] {logging_mixin.py:188} INFO - [2024-05-20T10:32:14.306+0200] {dagbag.py:545} INFO - Filling up the DagBag from /home/munya/anaconda3/lib/python3.11/site-packages/airflow/example_dags/example_sla_dag.py
[2024-05-20T10:32:14.316+0200] {processor.py:840} INFO - DAG(s) 'example_sla_dag' retrieved from /home/munya/anaconda3/lib/python3.11/site-packages/airflow/example_dags/example_sla_dag.py
[2024-05-20T10:32:14.333+0200] {logging_mixin.py:188} INFO - [2024-05-20T10:32:14.333+0200] {dag.py:3096} INFO - Sync 1 DAGs
[2024-05-20T10:32:14.359+0200] {logging_mixin.py:188} INFO - [2024-05-20T10:32:14.359+0200] {dag.py:3954} INFO - Setting next_dagrun for example_sla_dag to 2024-05-20 08:30:00+00:00, run_after=2024-05-20 08:32:00+00:00
[2024-05-20T10:32:14.382+0200] {processor.py:183} INFO - Processing /home/munya/anaconda3/lib/python3.11/site-packages/airflow/example_dags/example_sla_dag.py took 0.084 seconds
[2024-05-20T10:33:19.206+0200] {processor.py:161} INFO - Started process (PID=596019) to work on /home/munya/anaconda3/lib/python3.11/site-packages/airflow/example_dags/example_sla_dag.py
[2024-05-20T10:33:19.207+0200] {processor.py:830} INFO - Processing file /home/munya/anaconda3/lib/python3.11/site-packages/airflow/example_dags/example_sla_dag.py for tasks to queue
[2024-05-20T10:33:19.208+0200] {logging_mixin.py:188} INFO - [2024-05-20T10:33:19.208+0200] {dagbag.py:545} INFO - Filling up the DagBag from /home/munya/anaconda3/lib/python3.11/site-packages/airflow/example_dags/example_sla_dag.py
[2024-05-20T10:33:19.217+0200] {processor.py:840} INFO - DAG(s) 'example_sla_dag' retrieved from /home/munya/anaconda3/lib/python3.11/site-packages/airflow/example_dags/example_sla_dag.py
[2024-05-20T10:33:19.234+0200] {logging_mixin.py:188} INFO - [2024-05-20T10:33:19.234+0200] {dag.py:3096} INFO - Sync 1 DAGs
[2024-05-20T10:33:19.255+0200] {logging_mixin.py:188} INFO - [2024-05-20T10:33:19.255+0200] {dag.py:3954} INFO - Setting next_dagrun for example_sla_dag to 2024-05-20 08:30:00+00:00, run_after=2024-05-20 08:32:00+00:00
[2024-05-20T10:33:19.272+0200] {processor.py:183} INFO - Processing /home/munya/anaconda3/lib/python3.11/site-packages/airflow/example_dags/example_sla_dag.py took 0.072 seconds
[2024-05-20T10:34:18.879+0200] {processor.py:161} INFO - Started process (PID=597133) to work on /home/munya/anaconda3/lib/python3.11/site-packages/airflow/example_dags/example_sla_dag.py
[2024-05-20T10:34:18.880+0200] {processor.py:830} INFO - Processing file /home/munya/anaconda3/lib/python3.11/site-packages/airflow/example_dags/example_sla_dag.py for tasks to queue
[2024-05-20T10:34:18.881+0200] {logging_mixin.py:188} INFO - [2024-05-20T10:34:18.880+0200] {dagbag.py:545} INFO - Filling up the DagBag from /home/munya/anaconda3/lib/python3.11/site-packages/airflow/example_dags/example_sla_dag.py
[2024-05-20T10:34:18.889+0200] {processor.py:840} INFO - DAG(s) 'example_sla_dag' retrieved from /home/munya/anaconda3/lib/python3.11/site-packages/airflow/example_dags/example_sla_dag.py
[2024-05-20T10:34:18.904+0200] {logging_mixin.py:188} INFO - [2024-05-20T10:34:18.904+0200] {dag.py:3096} INFO - Sync 1 DAGs
[2024-05-20T10:34:18.925+0200] {logging_mixin.py:188} INFO - [2024-05-20T10:34:18.925+0200] {dag.py:3954} INFO - Setting next_dagrun for example_sla_dag to 2024-05-20 08:32:00+00:00, run_after=2024-05-20 08:34:00+00:00
[2024-05-20T10:34:18.945+0200] {processor.py:183} INFO - Processing /home/munya/anaconda3/lib/python3.11/site-packages/airflow/example_dags/example_sla_dag.py took 0.073 seconds
[2024-05-20T10:35:24.542+0200] {processor.py:161} INFO - Started process (PID=598331) to work on /home/munya/anaconda3/lib/python3.11/site-packages/airflow/example_dags/example_sla_dag.py
[2024-05-20T10:35:24.543+0200] {processor.py:830} INFO - Processing file /home/munya/anaconda3/lib/python3.11/site-packages/airflow/example_dags/example_sla_dag.py for tasks to queue
[2024-05-20T10:35:24.544+0200] {logging_mixin.py:188} INFO - [2024-05-20T10:35:24.543+0200] {dagbag.py:545} INFO - Filling up the DagBag from /home/munya/anaconda3/lib/python3.11/site-packages/airflow/example_dags/example_sla_dag.py
[2024-05-20T10:35:24.553+0200] {processor.py:840} INFO - DAG(s) 'example_sla_dag' retrieved from /home/munya/anaconda3/lib/python3.11/site-packages/airflow/example_dags/example_sla_dag.py
[2024-05-20T10:35:24.572+0200] {logging_mixin.py:188} INFO - [2024-05-20T10:35:24.571+0200] {dag.py:3096} INFO - Sync 1 DAGs
[2024-05-20T10:35:24.601+0200] {logging_mixin.py:188} INFO - [2024-05-20T10:35:24.600+0200] {dag.py:3954} INFO - Setting next_dagrun for example_sla_dag to 2024-05-20 08:32:00+00:00, run_after=2024-05-20 08:34:00+00:00
[2024-05-20T10:35:24.625+0200] {processor.py:183} INFO - Processing /home/munya/anaconda3/lib/python3.11/site-packages/airflow/example_dags/example_sla_dag.py took 0.091 seconds
[2024-05-20T10:36:27.957+0200] {processor.py:161} INFO - Started process (PID=599412) to work on /home/munya/anaconda3/lib/python3.11/site-packages/airflow/example_dags/example_sla_dag.py
[2024-05-20T10:36:27.958+0200] {processor.py:830} INFO - Processing file /home/munya/anaconda3/lib/python3.11/site-packages/airflow/example_dags/example_sla_dag.py for tasks to queue
[2024-05-20T10:36:27.958+0200] {logging_mixin.py:188} INFO - [2024-05-20T10:36:27.958+0200] {dagbag.py:545} INFO - Filling up the DagBag from /home/munya/anaconda3/lib/python3.11/site-packages/airflow/example_dags/example_sla_dag.py
[2024-05-20T10:36:27.966+0200] {processor.py:840} INFO - DAG(s) 'example_sla_dag' retrieved from /home/munya/anaconda3/lib/python3.11/site-packages/airflow/example_dags/example_sla_dag.py
[2024-05-20T10:36:27.981+0200] {logging_mixin.py:188} INFO - [2024-05-20T10:36:27.980+0200] {dag.py:3096} INFO - Sync 1 DAGs
[2024-05-20T10:36:28.000+0200] {logging_mixin.py:188} INFO - [2024-05-20T10:36:28.000+0200] {dag.py:3954} INFO - Setting next_dagrun for example_sla_dag to 2024-05-20 08:34:00+00:00, run_after=2024-05-20 08:36:00+00:00
[2024-05-20T10:36:28.018+0200] {processor.py:183} INFO - Processing /home/munya/anaconda3/lib/python3.11/site-packages/airflow/example_dags/example_sla_dag.py took 0.067 seconds
[2024-05-20T10:37:31.866+0200] {processor.py:161} INFO - Started process (PID=600457) to work on /home/munya/anaconda3/lib/python3.11/site-packages/airflow/example_dags/example_sla_dag.py
[2024-05-20T10:37:31.867+0200] {processor.py:830} INFO - Processing file /home/munya/anaconda3/lib/python3.11/site-packages/airflow/example_dags/example_sla_dag.py for tasks to queue
[2024-05-20T10:37:31.867+0200] {logging_mixin.py:188} INFO - [2024-05-20T10:37:31.867+0200] {dagbag.py:545} INFO - Filling up the DagBag from /home/munya/anaconda3/lib/python3.11/site-packages/airflow/example_dags/example_sla_dag.py
[2024-05-20T10:37:31.876+0200] {processor.py:840} INFO - DAG(s) 'example_sla_dag' retrieved from /home/munya/anaconda3/lib/python3.11/site-packages/airflow/example_dags/example_sla_dag.py
[2024-05-20T10:37:31.890+0200] {logging_mixin.py:188} INFO - [2024-05-20T10:37:31.890+0200] {dag.py:3096} INFO - Sync 1 DAGs
[2024-05-20T10:37:31.912+0200] {logging_mixin.py:188} INFO - [2024-05-20T10:37:31.912+0200] {dag.py:3954} INFO - Setting next_dagrun for example_sla_dag to 2024-05-20 08:34:00+00:00, run_after=2024-05-20 08:36:00+00:00
[2024-05-20T10:37:31.929+0200] {processor.py:183} INFO - Processing /home/munya/anaconda3/lib/python3.11/site-packages/airflow/example_dags/example_sla_dag.py took 0.070 seconds
[2024-05-20T10:38:37.436+0200] {processor.py:161} INFO - Started process (PID=601515) to work on /home/munya/anaconda3/lib/python3.11/site-packages/airflow/example_dags/example_sla_dag.py
[2024-05-20T10:38:37.437+0200] {processor.py:830} INFO - Processing file /home/munya/anaconda3/lib/python3.11/site-packages/airflow/example_dags/example_sla_dag.py for tasks to queue
[2024-05-20T10:38:37.438+0200] {logging_mixin.py:188} INFO - [2024-05-20T10:38:37.437+0200] {dagbag.py:545} INFO - Filling up the DagBag from /home/munya/anaconda3/lib/python3.11/site-packages/airflow/example_dags/example_sla_dag.py
[2024-05-20T10:38:37.447+0200] {processor.py:840} INFO - DAG(s) 'example_sla_dag' retrieved from /home/munya/anaconda3/lib/python3.11/site-packages/airflow/example_dags/example_sla_dag.py
[2024-05-20T10:38:37.462+0200] {logging_mixin.py:188} INFO - [2024-05-20T10:38:37.462+0200] {dag.py:3096} INFO - Sync 1 DAGs
[2024-05-20T10:38:37.485+0200] {logging_mixin.py:188} INFO - [2024-05-20T10:38:37.485+0200] {dag.py:3954} INFO - Setting next_dagrun for example_sla_dag to 2024-05-20 08:36:00+00:00, run_after=2024-05-20 08:38:00+00:00
[2024-05-20T10:38:37.505+0200] {processor.py:183} INFO - Processing /home/munya/anaconda3/lib/python3.11/site-packages/airflow/example_dags/example_sla_dag.py took 0.075 seconds
[2024-05-20T10:39:35.765+0200] {processor.py:161} INFO - Started process (PID=602492) to work on /home/munya/anaconda3/lib/python3.11/site-packages/airflow/example_dags/example_sla_dag.py
[2024-05-20T10:39:35.766+0200] {processor.py:830} INFO - Processing file /home/munya/anaconda3/lib/python3.11/site-packages/airflow/example_dags/example_sla_dag.py for tasks to queue
[2024-05-20T10:39:35.766+0200] {logging_mixin.py:188} INFO - [2024-05-20T10:39:35.766+0200] {dagbag.py:545} INFO - Filling up the DagBag from /home/munya/anaconda3/lib/python3.11/site-packages/airflow/example_dags/example_sla_dag.py
[2024-05-20T10:39:35.775+0200] {processor.py:840} INFO - DAG(s) 'example_sla_dag' retrieved from /home/munya/anaconda3/lib/python3.11/site-packages/airflow/example_dags/example_sla_dag.py
[2024-05-20T10:39:35.789+0200] {logging_mixin.py:188} INFO - [2024-05-20T10:39:35.789+0200] {dag.py:3096} INFO - Sync 1 DAGs
[2024-05-20T10:39:35.810+0200] {logging_mixin.py:188} INFO - [2024-05-20T10:39:35.810+0200] {dag.py:3954} INFO - Setting next_dagrun for example_sla_dag to 2024-05-20 08:36:00+00:00, run_after=2024-05-20 08:38:00+00:00
[2024-05-20T10:39:35.828+0200] {processor.py:183} INFO - Processing /home/munya/anaconda3/lib/python3.11/site-packages/airflow/example_dags/example_sla_dag.py took 0.069 seconds
[2024-05-20T10:40:37.923+0200] {processor.py:161} INFO - Started process (PID=603505) to work on /home/munya/anaconda3/lib/python3.11/site-packages/airflow/example_dags/example_sla_dag.py
[2024-05-20T10:40:37.923+0200] {processor.py:830} INFO - Processing file /home/munya/anaconda3/lib/python3.11/site-packages/airflow/example_dags/example_sla_dag.py for tasks to queue
[2024-05-20T10:40:37.924+0200] {logging_mixin.py:188} INFO - [2024-05-20T10:40:37.924+0200] {dagbag.py:545} INFO - Filling up the DagBag from /home/munya/anaconda3/lib/python3.11/site-packages/airflow/example_dags/example_sla_dag.py
[2024-05-20T10:40:37.933+0200] {processor.py:840} INFO - DAG(s) 'example_sla_dag' retrieved from /home/munya/anaconda3/lib/python3.11/site-packages/airflow/example_dags/example_sla_dag.py
[2024-05-20T10:40:37.946+0200] {logging_mixin.py:188} INFO - [2024-05-20T10:40:37.946+0200] {dag.py:3096} INFO - Sync 1 DAGs
[2024-05-20T10:40:37.966+0200] {logging_mixin.py:188} INFO - [2024-05-20T10:40:37.965+0200] {dag.py:3954} INFO - Setting next_dagrun for example_sla_dag to 2024-05-20 08:38:00+00:00, run_after=2024-05-20 08:40:00+00:00
[2024-05-20T10:40:37.983+0200] {processor.py:183} INFO - Processing /home/munya/anaconda3/lib/python3.11/site-packages/airflow/example_dags/example_sla_dag.py took 0.066 seconds
[2024-05-20T10:41:41.006+0200] {processor.py:161} INFO - Started process (PID=604566) to work on /home/munya/anaconda3/lib/python3.11/site-packages/airflow/example_dags/example_sla_dag.py
[2024-05-20T10:41:41.007+0200] {processor.py:830} INFO - Processing file /home/munya/anaconda3/lib/python3.11/site-packages/airflow/example_dags/example_sla_dag.py for tasks to queue
[2024-05-20T10:41:41.008+0200] {logging_mixin.py:188} INFO - [2024-05-20T10:41:41.008+0200] {dagbag.py:545} INFO - Filling up the DagBag from /home/munya/anaconda3/lib/python3.11/site-packages/airflow/example_dags/example_sla_dag.py
[2024-05-20T10:41:41.017+0200] {processor.py:840} INFO - DAG(s) 'example_sla_dag' retrieved from /home/munya/anaconda3/lib/python3.11/site-packages/airflow/example_dags/example_sla_dag.py
[2024-05-20T10:41:41.032+0200] {logging_mixin.py:188} INFO - [2024-05-20T10:41:41.032+0200] {dag.py:3096} INFO - Sync 1 DAGs
[2024-05-20T10:41:41.054+0200] {logging_mixin.py:188} INFO - [2024-05-20T10:41:41.054+0200] {dag.py:3954} INFO - Setting next_dagrun for example_sla_dag to 2024-05-20 08:38:00+00:00, run_after=2024-05-20 08:40:00+00:00
[2024-05-20T10:41:41.076+0200] {processor.py:183} INFO - Processing /home/munya/anaconda3/lib/python3.11/site-packages/airflow/example_dags/example_sla_dag.py took 0.075 seconds
[2024-05-20T10:42:43.779+0200] {processor.py:161} INFO - Started process (PID=605600) to work on /home/munya/anaconda3/lib/python3.11/site-packages/airflow/example_dags/example_sla_dag.py
[2024-05-20T10:42:43.780+0200] {processor.py:830} INFO - Processing file /home/munya/anaconda3/lib/python3.11/site-packages/airflow/example_dags/example_sla_dag.py for tasks to queue
[2024-05-20T10:42:43.780+0200] {logging_mixin.py:188} INFO - [2024-05-20T10:42:43.780+0200] {dagbag.py:545} INFO - Filling up the DagBag from /home/munya/anaconda3/lib/python3.11/site-packages/airflow/example_dags/example_sla_dag.py
[2024-05-20T10:42:43.789+0200] {processor.py:840} INFO - DAG(s) 'example_sla_dag' retrieved from /home/munya/anaconda3/lib/python3.11/site-packages/airflow/example_dags/example_sla_dag.py
[2024-05-20T10:42:43.804+0200] {logging_mixin.py:188} INFO - [2024-05-20T10:42:43.803+0200] {dag.py:3096} INFO - Sync 1 DAGs
[2024-05-20T10:42:43.826+0200] {logging_mixin.py:188} INFO - [2024-05-20T10:42:43.826+0200] {dag.py:3954} INFO - Setting next_dagrun for example_sla_dag to 2024-05-20 08:40:00+00:00, run_after=2024-05-20 08:42:00+00:00
[2024-05-20T10:42:43.843+0200] {processor.py:183} INFO - Processing /home/munya/anaconda3/lib/python3.11/site-packages/airflow/example_dags/example_sla_dag.py took 0.070 seconds
[2024-05-20T10:43:48.669+0200] {processor.py:161} INFO - Started process (PID=606668) to work on /home/munya/anaconda3/lib/python3.11/site-packages/airflow/example_dags/example_sla_dag.py
[2024-05-20T10:43:48.670+0200] {processor.py:830} INFO - Processing file /home/munya/anaconda3/lib/python3.11/site-packages/airflow/example_dags/example_sla_dag.py for tasks to queue
[2024-05-20T10:43:48.671+0200] {logging_mixin.py:188} INFO - [2024-05-20T10:43:48.671+0200] {dagbag.py:545} INFO - Filling up the DagBag from /home/munya/anaconda3/lib/python3.11/site-packages/airflow/example_dags/example_sla_dag.py
[2024-05-20T10:43:48.680+0200] {processor.py:840} INFO - DAG(s) 'example_sla_dag' retrieved from /home/munya/anaconda3/lib/python3.11/site-packages/airflow/example_dags/example_sla_dag.py
[2024-05-20T10:43:48.696+0200] {logging_mixin.py:188} INFO - [2024-05-20T10:43:48.696+0200] {dag.py:3096} INFO - Sync 1 DAGs
[2024-05-20T10:43:48.716+0200] {logging_mixin.py:188} INFO - [2024-05-20T10:43:48.716+0200] {dag.py:3954} INFO - Setting next_dagrun for example_sla_dag to 2024-05-20 08:40:00+00:00, run_after=2024-05-20 08:42:00+00:00
[2024-05-20T10:43:48.732+0200] {processor.py:183} INFO - Processing /home/munya/anaconda3/lib/python3.11/site-packages/airflow/example_dags/example_sla_dag.py took 0.069 seconds
[2024-05-20T10:44:55.607+0200] {processor.py:161} INFO - Started process (PID=607788) to work on /home/munya/anaconda3/lib/python3.11/site-packages/airflow/example_dags/example_sla_dag.py
[2024-05-20T10:44:55.608+0200] {processor.py:830} INFO - Processing file /home/munya/anaconda3/lib/python3.11/site-packages/airflow/example_dags/example_sla_dag.py for tasks to queue
[2024-05-20T10:44:55.608+0200] {logging_mixin.py:188} INFO - [2024-05-20T10:44:55.608+0200] {dagbag.py:545} INFO - Filling up the DagBag from /home/munya/anaconda3/lib/python3.11/site-packages/airflow/example_dags/example_sla_dag.py
[2024-05-20T10:44:55.616+0200] {processor.py:840} INFO - DAG(s) 'example_sla_dag' retrieved from /home/munya/anaconda3/lib/python3.11/site-packages/airflow/example_dags/example_sla_dag.py
[2024-05-20T10:44:55.631+0200] {logging_mixin.py:188} INFO - [2024-05-20T10:44:55.630+0200] {dag.py:3096} INFO - Sync 1 DAGs
[2024-05-20T10:44:55.654+0200] {logging_mixin.py:188} INFO - [2024-05-20T10:44:55.654+0200] {dag.py:3954} INFO - Setting next_dagrun for example_sla_dag to 2024-05-20 08:42:00+00:00, run_after=2024-05-20 08:44:00+00:00
[2024-05-20T10:44:55.673+0200] {processor.py:183} INFO - Processing /home/munya/anaconda3/lib/python3.11/site-packages/airflow/example_dags/example_sla_dag.py took 0.072 seconds
[2024-05-20T10:45:55.246+0200] {processor.py:161} INFO - Started process (PID=608792) to work on /home/munya/anaconda3/lib/python3.11/site-packages/airflow/example_dags/example_sla_dag.py
[2024-05-20T10:45:55.247+0200] {processor.py:830} INFO - Processing file /home/munya/anaconda3/lib/python3.11/site-packages/airflow/example_dags/example_sla_dag.py for tasks to queue
[2024-05-20T10:45:55.248+0200] {logging_mixin.py:188} INFO - [2024-05-20T10:45:55.248+0200] {dagbag.py:545} INFO - Filling up the DagBag from /home/munya/anaconda3/lib/python3.11/site-packages/airflow/example_dags/example_sla_dag.py
[2024-05-20T10:45:55.256+0200] {processor.py:840} INFO - DAG(s) 'example_sla_dag' retrieved from /home/munya/anaconda3/lib/python3.11/site-packages/airflow/example_dags/example_sla_dag.py
[2024-05-20T10:45:55.270+0200] {logging_mixin.py:188} INFO - [2024-05-20T10:45:55.270+0200] {dag.py:3096} INFO - Sync 1 DAGs
[2024-05-20T10:45:55.289+0200] {logging_mixin.py:188} INFO - [2024-05-20T10:45:55.289+0200] {dag.py:3954} INFO - Setting next_dagrun for example_sla_dag to 2024-05-20 08:42:00+00:00, run_after=2024-05-20 08:44:00+00:00
[2024-05-20T10:45:55.306+0200] {processor.py:183} INFO - Processing /home/munya/anaconda3/lib/python3.11/site-packages/airflow/example_dags/example_sla_dag.py took 0.065 seconds
[2024-05-20T10:46:58.328+0200] {processor.py:161} INFO - Started process (PID=609863) to work on /home/munya/anaconda3/lib/python3.11/site-packages/airflow/example_dags/example_sla_dag.py
[2024-05-20T10:46:58.329+0200] {processor.py:830} INFO - Processing file /home/munya/anaconda3/lib/python3.11/site-packages/airflow/example_dags/example_sla_dag.py for tasks to queue
[2024-05-20T10:46:58.330+0200] {logging_mixin.py:188} INFO - [2024-05-20T10:46:58.329+0200] {dagbag.py:545} INFO - Filling up the DagBag from /home/munya/anaconda3/lib/python3.11/site-packages/airflow/example_dags/example_sla_dag.py
[2024-05-20T10:46:58.338+0200] {processor.py:840} INFO - DAG(s) 'example_sla_dag' retrieved from /home/munya/anaconda3/lib/python3.11/site-packages/airflow/example_dags/example_sla_dag.py
[2024-05-20T10:46:58.352+0200] {logging_mixin.py:188} INFO - [2024-05-20T10:46:58.352+0200] {dag.py:3096} INFO - Sync 1 DAGs
[2024-05-20T10:46:58.371+0200] {logging_mixin.py:188} INFO - [2024-05-20T10:46:58.370+0200] {dag.py:3954} INFO - Setting next_dagrun for example_sla_dag to 2024-05-20 08:44:00+00:00, run_after=2024-05-20 08:46:00+00:00
[2024-05-20T10:46:58.388+0200] {processor.py:183} INFO - Processing /home/munya/anaconda3/lib/python3.11/site-packages/airflow/example_dags/example_sla_dag.py took 0.066 seconds
[2024-05-20T10:47:59.733+0200] {processor.py:161} INFO - Started process (PID=610894) to work on /home/munya/anaconda3/lib/python3.11/site-packages/airflow/example_dags/example_sla_dag.py
[2024-05-20T10:47:59.734+0200] {processor.py:830} INFO - Processing file /home/munya/anaconda3/lib/python3.11/site-packages/airflow/example_dags/example_sla_dag.py for tasks to queue
[2024-05-20T10:47:59.735+0200] {logging_mixin.py:188} INFO - [2024-05-20T10:47:59.735+0200] {dagbag.py:545} INFO - Filling up the DagBag from /home/munya/anaconda3/lib/python3.11/site-packages/airflow/example_dags/example_sla_dag.py
[2024-05-20T10:47:59.744+0200] {processor.py:840} INFO - DAG(s) 'example_sla_dag' retrieved from /home/munya/anaconda3/lib/python3.11/site-packages/airflow/example_dags/example_sla_dag.py
[2024-05-20T10:47:59.759+0200] {logging_mixin.py:188} INFO - [2024-05-20T10:47:59.759+0200] {dag.py:3096} INFO - Sync 1 DAGs
[2024-05-20T10:47:59.783+0200] {logging_mixin.py:188} INFO - [2024-05-20T10:47:59.782+0200] {dag.py:3954} INFO - Setting next_dagrun for example_sla_dag to 2024-05-20 08:44:00+00:00, run_after=2024-05-20 08:46:00+00:00
[2024-05-20T10:47:59.801+0200] {processor.py:183} INFO - Processing /home/munya/anaconda3/lib/python3.11/site-packages/airflow/example_dags/example_sla_dag.py took 0.074 seconds
[2024-05-20T10:49:04.427+0200] {processor.py:161} INFO - Started process (PID=611932) to work on /home/munya/anaconda3/lib/python3.11/site-packages/airflow/example_dags/example_sla_dag.py
[2024-05-20T10:49:04.428+0200] {processor.py:830} INFO - Processing file /home/munya/anaconda3/lib/python3.11/site-packages/airflow/example_dags/example_sla_dag.py for tasks to queue
[2024-05-20T10:49:04.429+0200] {logging_mixin.py:188} INFO - [2024-05-20T10:49:04.428+0200] {dagbag.py:545} INFO - Filling up the DagBag from /home/munya/anaconda3/lib/python3.11/site-packages/airflow/example_dags/example_sla_dag.py
[2024-05-20T10:49:04.436+0200] {processor.py:840} INFO - DAG(s) 'example_sla_dag' retrieved from /home/munya/anaconda3/lib/python3.11/site-packages/airflow/example_dags/example_sla_dag.py
[2024-05-20T10:49:04.451+0200] {logging_mixin.py:188} INFO - [2024-05-20T10:49:04.451+0200] {dag.py:3096} INFO - Sync 1 DAGs
[2024-05-20T10:49:04.471+0200] {logging_mixin.py:188} INFO - [2024-05-20T10:49:04.471+0200] {dag.py:3954} INFO - Setting next_dagrun for example_sla_dag to 2024-05-20 08:46:00+00:00, run_after=2024-05-20 08:48:00+00:00
[2024-05-20T10:49:04.489+0200] {processor.py:183} INFO - Processing /home/munya/anaconda3/lib/python3.11/site-packages/airflow/example_dags/example_sla_dag.py took 0.068 seconds
[2024-05-20T10:50:08.596+0200] {processor.py:161} INFO - Started process (PID=612982) to work on /home/munya/anaconda3/lib/python3.11/site-packages/airflow/example_dags/example_sla_dag.py
[2024-05-20T10:50:08.601+0200] {processor.py:830} INFO - Processing file /home/munya/anaconda3/lib/python3.11/site-packages/airflow/example_dags/example_sla_dag.py for tasks to queue
[2024-05-20T10:50:08.608+0200] {logging_mixin.py:188} INFO - [2024-05-20T10:50:08.606+0200] {dagbag.py:545} INFO - Filling up the DagBag from /home/munya/anaconda3/lib/python3.11/site-packages/airflow/example_dags/example_sla_dag.py
[2024-05-20T10:50:08.642+0200] {processor.py:840} INFO - DAG(s) 'example_sla_dag' retrieved from /home/munya/anaconda3/lib/python3.11/site-packages/airflow/example_dags/example_sla_dag.py
[2024-05-20T10:50:08.693+0200] {logging_mixin.py:188} INFO - [2024-05-20T10:50:08.692+0200] {dag.py:3096} INFO - Sync 1 DAGs
[2024-05-20T10:50:08.772+0200] {logging_mixin.py:188} INFO - [2024-05-20T10:50:08.772+0200] {dag.py:3954} INFO - Setting next_dagrun for example_sla_dag to 2024-05-20 08:48:00+00:00, run_after=2024-05-20 08:50:00+00:00
[2024-05-20T10:50:08.832+0200] {processor.py:183} INFO - Processing /home/munya/anaconda3/lib/python3.11/site-packages/airflow/example_dags/example_sla_dag.py took 0.275 seconds
[2024-05-20T10:51:11.016+0200] {processor.py:161} INFO - Started process (PID=614003) to work on /home/munya/anaconda3/lib/python3.11/site-packages/airflow/example_dags/example_sla_dag.py
[2024-05-20T10:51:11.017+0200] {processor.py:830} INFO - Processing file /home/munya/anaconda3/lib/python3.11/site-packages/airflow/example_dags/example_sla_dag.py for tasks to queue
[2024-05-20T10:51:11.018+0200] {logging_mixin.py:188} INFO - [2024-05-20T10:51:11.017+0200] {dagbag.py:545} INFO - Filling up the DagBag from /home/munya/anaconda3/lib/python3.11/site-packages/airflow/example_dags/example_sla_dag.py
[2024-05-20T10:51:11.025+0200] {processor.py:840} INFO - DAG(s) 'example_sla_dag' retrieved from /home/munya/anaconda3/lib/python3.11/site-packages/airflow/example_dags/example_sla_dag.py
[2024-05-20T10:51:11.039+0200] {logging_mixin.py:188} INFO - [2024-05-20T10:51:11.039+0200] {dag.py:3096} INFO - Sync 1 DAGs
[2024-05-20T10:51:11.059+0200] {logging_mixin.py:188} INFO - [2024-05-20T10:51:11.059+0200] {dag.py:3954} INFO - Setting next_dagrun for example_sla_dag to 2024-05-20 08:48:00+00:00, run_after=2024-05-20 08:50:00+00:00
[2024-05-20T10:51:11.076+0200] {processor.py:183} INFO - Processing /home/munya/anaconda3/lib/python3.11/site-packages/airflow/example_dags/example_sla_dag.py took 0.066 seconds
[2024-05-20T10:52:14.677+0200] {processor.py:161} INFO - Started process (PID=615048) to work on /home/munya/anaconda3/lib/python3.11/site-packages/airflow/example_dags/example_sla_dag.py
[2024-05-20T10:52:14.680+0200] {processor.py:830} INFO - Processing file /home/munya/anaconda3/lib/python3.11/site-packages/airflow/example_dags/example_sla_dag.py for tasks to queue
[2024-05-20T10:52:14.683+0200] {logging_mixin.py:188} INFO - [2024-05-20T10:52:14.682+0200] {dagbag.py:545} INFO - Filling up the DagBag from /home/munya/anaconda3/lib/python3.11/site-packages/airflow/example_dags/example_sla_dag.py
[2024-05-20T10:52:14.719+0200] {processor.py:840} INFO - DAG(s) 'example_sla_dag' retrieved from /home/munya/anaconda3/lib/python3.11/site-packages/airflow/example_dags/example_sla_dag.py
[2024-05-20T10:52:14.778+0200] {logging_mixin.py:188} INFO - [2024-05-20T10:52:14.777+0200] {dag.py:3096} INFO - Sync 1 DAGs
[2024-05-20T10:52:14.853+0200] {logging_mixin.py:188} INFO - [2024-05-20T10:52:14.853+0200] {dag.py:3954} INFO - Setting next_dagrun for example_sla_dag to 2024-05-20 08:50:00+00:00, run_after=2024-05-20 08:52:00+00:00
[2024-05-20T10:52:14.912+0200] {processor.py:183} INFO - Processing /home/munya/anaconda3/lib/python3.11/site-packages/airflow/example_dags/example_sla_dag.py took 0.255 seconds
[2024-05-20T10:53:18.503+0200] {processor.py:161} INFO - Started process (PID=616444) to work on /home/munya/anaconda3/lib/python3.11/site-packages/airflow/example_dags/example_sla_dag.py
[2024-05-20T10:53:18.506+0200] {processor.py:830} INFO - Processing file /home/munya/anaconda3/lib/python3.11/site-packages/airflow/example_dags/example_sla_dag.py for tasks to queue
[2024-05-20T10:53:18.510+0200] {logging_mixin.py:188} INFO - [2024-05-20T10:53:18.508+0200] {dagbag.py:545} INFO - Filling up the DagBag from /home/munya/anaconda3/lib/python3.11/site-packages/airflow/example_dags/example_sla_dag.py
[2024-05-20T10:53:18.545+0200] {processor.py:840} INFO - DAG(s) 'example_sla_dag' retrieved from /home/munya/anaconda3/lib/python3.11/site-packages/airflow/example_dags/example_sla_dag.py
[2024-05-20T10:53:18.597+0200] {logging_mixin.py:188} INFO - [2024-05-20T10:53:18.596+0200] {dag.py:3096} INFO - Sync 1 DAGs
[2024-05-20T10:53:18.668+0200] {logging_mixin.py:188} INFO - [2024-05-20T10:53:18.668+0200] {dag.py:3954} INFO - Setting next_dagrun for example_sla_dag to 2024-05-20 08:50:00+00:00, run_after=2024-05-20 08:52:00+00:00
[2024-05-20T10:53:18.738+0200] {processor.py:183} INFO - Processing /home/munya/anaconda3/lib/python3.11/site-packages/airflow/example_dags/example_sla_dag.py took 0.258 seconds
[2024-05-20T10:54:24.353+0200] {processor.py:161} INFO - Started process (PID=617550) to work on /home/munya/anaconda3/lib/python3.11/site-packages/airflow/example_dags/example_sla_dag.py
[2024-05-20T10:54:24.354+0200] {processor.py:830} INFO - Processing file /home/munya/anaconda3/lib/python3.11/site-packages/airflow/example_dags/example_sla_dag.py for tasks to queue
[2024-05-20T10:54:24.355+0200] {logging_mixin.py:188} INFO - [2024-05-20T10:54:24.354+0200] {dagbag.py:545} INFO - Filling up the DagBag from /home/munya/anaconda3/lib/python3.11/site-packages/airflow/example_dags/example_sla_dag.py
[2024-05-20T10:54:24.363+0200] {processor.py:840} INFO - DAG(s) 'example_sla_dag' retrieved from /home/munya/anaconda3/lib/python3.11/site-packages/airflow/example_dags/example_sla_dag.py
[2024-05-20T10:54:24.378+0200] {logging_mixin.py:188} INFO - [2024-05-20T10:54:24.378+0200] {dag.py:3096} INFO - Sync 1 DAGs
[2024-05-20T10:54:24.406+0200] {logging_mixin.py:188} INFO - [2024-05-20T10:54:24.406+0200] {dag.py:3954} INFO - Setting next_dagrun for example_sla_dag to 2024-05-20 08:52:00+00:00, run_after=2024-05-20 08:54:00+00:00
[2024-05-20T10:54:24.427+0200] {processor.py:183} INFO - Processing /home/munya/anaconda3/lib/python3.11/site-packages/airflow/example_dags/example_sla_dag.py took 0.080 seconds
[2024-05-20T10:55:31.431+0200] {processor.py:161} INFO - Started process (PID=618946) to work on /home/munya/anaconda3/lib/python3.11/site-packages/airflow/example_dags/example_sla_dag.py
[2024-05-20T10:55:31.432+0200] {processor.py:830} INFO - Processing file /home/munya/anaconda3/lib/python3.11/site-packages/airflow/example_dags/example_sla_dag.py for tasks to queue
[2024-05-20T10:55:31.433+0200] {logging_mixin.py:188} INFO - [2024-05-20T10:55:31.432+0200] {dagbag.py:545} INFO - Filling up the DagBag from /home/munya/anaconda3/lib/python3.11/site-packages/airflow/example_dags/example_sla_dag.py
[2024-05-20T10:55:31.441+0200] {processor.py:840} INFO - DAG(s) 'example_sla_dag' retrieved from /home/munya/anaconda3/lib/python3.11/site-packages/airflow/example_dags/example_sla_dag.py
[2024-05-20T10:55:31.457+0200] {logging_mixin.py:188} INFO - [2024-05-20T10:55:31.456+0200] {dag.py:3096} INFO - Sync 1 DAGs
[2024-05-20T10:55:31.477+0200] {logging_mixin.py:188} INFO - [2024-05-20T10:55:31.477+0200] {dag.py:3954} INFO - Setting next_dagrun for example_sla_dag to 2024-05-20 08:52:00+00:00, run_after=2024-05-20 08:54:00+00:00
[2024-05-20T10:55:31.495+0200] {processor.py:183} INFO - Processing /home/munya/anaconda3/lib/python3.11/site-packages/airflow/example_dags/example_sla_dag.py took 0.071 seconds
[2024-05-20T10:56:38.051+0200] {processor.py:161} INFO - Started process (PID=620109) to work on /home/munya/anaconda3/lib/python3.11/site-packages/airflow/example_dags/example_sla_dag.py
[2024-05-20T10:56:38.052+0200] {processor.py:830} INFO - Processing file /home/munya/anaconda3/lib/python3.11/site-packages/airflow/example_dags/example_sla_dag.py for tasks to queue
[2024-05-20T10:56:38.052+0200] {logging_mixin.py:188} INFO - [2024-05-20T10:56:38.052+0200] {dagbag.py:545} INFO - Filling up the DagBag from /home/munya/anaconda3/lib/python3.11/site-packages/airflow/example_dags/example_sla_dag.py
[2024-05-20T10:56:38.063+0200] {processor.py:840} INFO - DAG(s) 'example_sla_dag' retrieved from /home/munya/anaconda3/lib/python3.11/site-packages/airflow/example_dags/example_sla_dag.py
[2024-05-20T10:56:38.080+0200] {logging_mixin.py:188} INFO - [2024-05-20T10:56:38.080+0200] {dag.py:3096} INFO - Sync 1 DAGs
[2024-05-20T10:56:38.104+0200] {logging_mixin.py:188} INFO - [2024-05-20T10:56:38.104+0200] {dag.py:3954} INFO - Setting next_dagrun for example_sla_dag to 2024-05-20 08:54:00+00:00, run_after=2024-05-20 08:56:00+00:00
[2024-05-20T10:56:38.128+0200] {processor.py:183} INFO - Processing /home/munya/anaconda3/lib/python3.11/site-packages/airflow/example_dags/example_sla_dag.py took 0.083 seconds
[2024-05-20T10:57:41.997+0200] {processor.py:161} INFO - Started process (PID=621183) to work on /home/munya/anaconda3/lib/python3.11/site-packages/airflow/example_dags/example_sla_dag.py
[2024-05-20T10:57:41.997+0200] {processor.py:830} INFO - Processing file /home/munya/anaconda3/lib/python3.11/site-packages/airflow/example_dags/example_sla_dag.py for tasks to queue
[2024-05-20T10:57:41.998+0200] {logging_mixin.py:188} INFO - [2024-05-20T10:57:41.998+0200] {dagbag.py:545} INFO - Filling up the DagBag from /home/munya/anaconda3/lib/python3.11/site-packages/airflow/example_dags/example_sla_dag.py
[2024-05-20T10:57:42.006+0200] {processor.py:840} INFO - DAG(s) 'example_sla_dag' retrieved from /home/munya/anaconda3/lib/python3.11/site-packages/airflow/example_dags/example_sla_dag.py
[2024-05-20T10:57:42.021+0200] {logging_mixin.py:188} INFO - [2024-05-20T10:57:42.021+0200] {dag.py:3096} INFO - Sync 1 DAGs
[2024-05-20T10:57:42.040+0200] {logging_mixin.py:188} INFO - [2024-05-20T10:57:42.040+0200] {dag.py:3954} INFO - Setting next_dagrun for example_sla_dag to 2024-05-20 08:54:00+00:00, run_after=2024-05-20 08:56:00+00:00
[2024-05-20T10:57:42.058+0200] {processor.py:183} INFO - Processing /home/munya/anaconda3/lib/python3.11/site-packages/airflow/example_dags/example_sla_dag.py took 0.067 seconds
[2024-05-20T10:58:47.388+0200] {processor.py:161} INFO - Started process (PID=622297) to work on /home/munya/anaconda3/lib/python3.11/site-packages/airflow/example_dags/example_sla_dag.py
[2024-05-20T10:58:47.389+0200] {processor.py:830} INFO - Processing file /home/munya/anaconda3/lib/python3.11/site-packages/airflow/example_dags/example_sla_dag.py for tasks to queue
[2024-05-20T10:58:47.390+0200] {logging_mixin.py:188} INFO - [2024-05-20T10:58:47.389+0200] {dagbag.py:545} INFO - Filling up the DagBag from /home/munya/anaconda3/lib/python3.11/site-packages/airflow/example_dags/example_sla_dag.py
[2024-05-20T10:58:47.398+0200] {processor.py:840} INFO - DAG(s) 'example_sla_dag' retrieved from /home/munya/anaconda3/lib/python3.11/site-packages/airflow/example_dags/example_sla_dag.py
[2024-05-20T10:58:47.413+0200] {logging_mixin.py:188} INFO - [2024-05-20T10:58:47.412+0200] {dag.py:3096} INFO - Sync 1 DAGs
[2024-05-20T10:58:47.432+0200] {logging_mixin.py:188} INFO - [2024-05-20T10:58:47.432+0200] {dag.py:3954} INFO - Setting next_dagrun for example_sla_dag to 2024-05-20 08:56:00+00:00, run_after=2024-05-20 08:58:00+00:00
[2024-05-20T10:58:47.448+0200] {processor.py:183} INFO - Processing /home/munya/anaconda3/lib/python3.11/site-packages/airflow/example_dags/example_sla_dag.py took 0.066 seconds
[2024-05-20T10:59:49.888+0200] {processor.py:161} INFO - Started process (PID=623325) to work on /home/munya/anaconda3/lib/python3.11/site-packages/airflow/example_dags/example_sla_dag.py
[2024-05-20T10:59:49.889+0200] {processor.py:830} INFO - Processing file /home/munya/anaconda3/lib/python3.11/site-packages/airflow/example_dags/example_sla_dag.py for tasks to queue
[2024-05-20T10:59:49.890+0200] {logging_mixin.py:188} INFO - [2024-05-20T10:59:49.889+0200] {dagbag.py:545} INFO - Filling up the DagBag from /home/munya/anaconda3/lib/python3.11/site-packages/airflow/example_dags/example_sla_dag.py
[2024-05-20T10:59:49.901+0200] {processor.py:840} INFO - DAG(s) 'example_sla_dag' retrieved from /home/munya/anaconda3/lib/python3.11/site-packages/airflow/example_dags/example_sla_dag.py
[2024-05-20T10:59:49.919+0200] {logging_mixin.py:188} INFO - [2024-05-20T10:59:49.918+0200] {dag.py:3096} INFO - Sync 1 DAGs
[2024-05-20T10:59:49.944+0200] {logging_mixin.py:188} INFO - [2024-05-20T10:59:49.944+0200] {dag.py:3954} INFO - Setting next_dagrun for example_sla_dag to 2024-05-20 08:56:00+00:00, run_after=2024-05-20 08:58:00+00:00
[2024-05-20T10:59:49.971+0200] {processor.py:183} INFO - Processing /home/munya/anaconda3/lib/python3.11/site-packages/airflow/example_dags/example_sla_dag.py took 0.090 seconds
[2024-05-20T11:00:55.864+0200] {processor.py:161} INFO - Started process (PID=624436) to work on /home/munya/anaconda3/lib/python3.11/site-packages/airflow/example_dags/example_sla_dag.py
[2024-05-20T11:00:55.865+0200] {processor.py:830} INFO - Processing file /home/munya/anaconda3/lib/python3.11/site-packages/airflow/example_dags/example_sla_dag.py for tasks to queue
[2024-05-20T11:00:55.866+0200] {logging_mixin.py:188} INFO - [2024-05-20T11:00:55.866+0200] {dagbag.py:545} INFO - Filling up the DagBag from /home/munya/anaconda3/lib/python3.11/site-packages/airflow/example_dags/example_sla_dag.py
[2024-05-20T11:00:55.875+0200] {processor.py:840} INFO - DAG(s) 'example_sla_dag' retrieved from /home/munya/anaconda3/lib/python3.11/site-packages/airflow/example_dags/example_sla_dag.py
[2024-05-20T11:00:55.888+0200] {logging_mixin.py:188} INFO - [2024-05-20T11:00:55.888+0200] {dag.py:3096} INFO - Sync 1 DAGs
[2024-05-20T11:00:55.907+0200] {logging_mixin.py:188} INFO - [2024-05-20T11:00:55.907+0200] {dag.py:3954} INFO - Setting next_dagrun for example_sla_dag to 2024-05-20 08:58:00+00:00, run_after=2024-05-20 09:00:00+00:00
[2024-05-20T11:00:55.925+0200] {processor.py:183} INFO - Processing /home/munya/anaconda3/lib/python3.11/site-packages/airflow/example_dags/example_sla_dag.py took 0.067 seconds
[2024-05-20T11:01:58.961+0200] {processor.py:161} INFO - Started process (PID=625495) to work on /home/munya/anaconda3/lib/python3.11/site-packages/airflow/example_dags/example_sla_dag.py
[2024-05-20T11:01:58.962+0200] {processor.py:830} INFO - Processing file /home/munya/anaconda3/lib/python3.11/site-packages/airflow/example_dags/example_sla_dag.py for tasks to queue
[2024-05-20T11:01:58.963+0200] {logging_mixin.py:188} INFO - [2024-05-20T11:01:58.963+0200] {dagbag.py:545} INFO - Filling up the DagBag from /home/munya/anaconda3/lib/python3.11/site-packages/airflow/example_dags/example_sla_dag.py
[2024-05-20T11:01:58.971+0200] {processor.py:840} INFO - DAG(s) 'example_sla_dag' retrieved from /home/munya/anaconda3/lib/python3.11/site-packages/airflow/example_dags/example_sla_dag.py
[2024-05-20T11:01:58.985+0200] {logging_mixin.py:188} INFO - [2024-05-20T11:01:58.985+0200] {dag.py:3096} INFO - Sync 1 DAGs
[2024-05-20T11:01:59.004+0200] {logging_mixin.py:188} INFO - [2024-05-20T11:01:59.004+0200] {dag.py:3954} INFO - Setting next_dagrun for example_sla_dag to 2024-05-20 08:58:00+00:00, run_after=2024-05-20 09:00:00+00:00
[2024-05-20T11:01:59.020+0200] {processor.py:183} INFO - Processing /home/munya/anaconda3/lib/python3.11/site-packages/airflow/example_dags/example_sla_dag.py took 0.065 seconds
[2024-05-20T11:03:00.252+0200] {processor.py:161} INFO - Started process (PID=626517) to work on /home/munya/anaconda3/lib/python3.11/site-packages/airflow/example_dags/example_sla_dag.py
[2024-05-20T11:03:00.255+0200] {processor.py:830} INFO - Processing file /home/munya/anaconda3/lib/python3.11/site-packages/airflow/example_dags/example_sla_dag.py for tasks to queue
[2024-05-20T11:03:00.259+0200] {logging_mixin.py:188} INFO - [2024-05-20T11:03:00.257+0200] {dagbag.py:545} INFO - Filling up the DagBag from /home/munya/anaconda3/lib/python3.11/site-packages/airflow/example_dags/example_sla_dag.py
[2024-05-20T11:03:00.293+0200] {processor.py:840} INFO - DAG(s) 'example_sla_dag' retrieved from /home/munya/anaconda3/lib/python3.11/site-packages/airflow/example_dags/example_sla_dag.py
[2024-05-20T11:03:00.355+0200] {logging_mixin.py:188} INFO - [2024-05-20T11:03:00.354+0200] {dag.py:3096} INFO - Sync 1 DAGs
[2024-05-20T11:03:00.463+0200] {logging_mixin.py:188} INFO - [2024-05-20T11:03:00.462+0200] {dag.py:3954} INFO - Setting next_dagrun for example_sla_dag to 2024-05-20 09:00:00+00:00, run_after=2024-05-20 09:02:00+00:00
[2024-05-20T11:03:00.537+0200] {processor.py:183} INFO - Processing /home/munya/anaconda3/lib/python3.11/site-packages/airflow/example_dags/example_sla_dag.py took 0.310 seconds
[2024-05-20T11:04:10.169+0200] {processor.py:161} INFO - Started process (PID=627705) to work on /home/munya/anaconda3/lib/python3.11/site-packages/airflow/example_dags/example_sla_dag.py
[2024-05-20T11:04:10.172+0200] {processor.py:830} INFO - Processing file /home/munya/anaconda3/lib/python3.11/site-packages/airflow/example_dags/example_sla_dag.py for tasks to queue
[2024-05-20T11:04:10.175+0200] {logging_mixin.py:188} INFO - [2024-05-20T11:04:10.174+0200] {dagbag.py:545} INFO - Filling up the DagBag from /home/munya/anaconda3/lib/python3.11/site-packages/airflow/example_dags/example_sla_dag.py
[2024-05-20T11:04:10.210+0200] {processor.py:840} INFO - DAG(s) 'example_sla_dag' retrieved from /home/munya/anaconda3/lib/python3.11/site-packages/airflow/example_dags/example_sla_dag.py
[2024-05-20T11:04:10.262+0200] {logging_mixin.py:188} INFO - [2024-05-20T11:04:10.262+0200] {dag.py:3096} INFO - Sync 1 DAGs
[2024-05-20T11:04:10.331+0200] {logging_mixin.py:188} INFO - [2024-05-20T11:04:10.331+0200] {dag.py:3954} INFO - Setting next_dagrun for example_sla_dag to 2024-05-20 09:02:00+00:00, run_after=2024-05-20 09:04:00+00:00
[2024-05-20T11:04:10.386+0200] {processor.py:183} INFO - Processing /home/munya/anaconda3/lib/python3.11/site-packages/airflow/example_dags/example_sla_dag.py took 0.238 seconds
[2024-05-20T11:05:16.081+0200] {processor.py:161} INFO - Started process (PID=628857) to work on /home/munya/anaconda3/lib/python3.11/site-packages/airflow/example_dags/example_sla_dag.py
[2024-05-20T11:05:16.082+0200] {processor.py:830} INFO - Processing file /home/munya/anaconda3/lib/python3.11/site-packages/airflow/example_dags/example_sla_dag.py for tasks to queue
[2024-05-20T11:05:16.083+0200] {logging_mixin.py:188} INFO - [2024-05-20T11:05:16.083+0200] {dagbag.py:545} INFO - Filling up the DagBag from /home/munya/anaconda3/lib/python3.11/site-packages/airflow/example_dags/example_sla_dag.py
[2024-05-20T11:05:16.091+0200] {processor.py:840} INFO - DAG(s) 'example_sla_dag' retrieved from /home/munya/anaconda3/lib/python3.11/site-packages/airflow/example_dags/example_sla_dag.py
[2024-05-20T11:05:16.105+0200] {logging_mixin.py:188} INFO - [2024-05-20T11:05:16.105+0200] {dag.py:3096} INFO - Sync 1 DAGs
[2024-05-20T11:05:16.125+0200] {logging_mixin.py:188} INFO - [2024-05-20T11:05:16.125+0200] {dag.py:3954} INFO - Setting next_dagrun for example_sla_dag to 2024-05-20 09:02:00+00:00, run_after=2024-05-20 09:04:00+00:00
[2024-05-20T11:05:16.142+0200] {processor.py:183} INFO - Processing /home/munya/anaconda3/lib/python3.11/site-packages/airflow/example_dags/example_sla_dag.py took 0.066 seconds
[2024-05-20T11:06:17.165+0200] {processor.py:161} INFO - Started process (PID=629971) to work on /home/munya/anaconda3/lib/python3.11/site-packages/airflow/example_dags/example_sla_dag.py
[2024-05-20T11:06:17.166+0200] {processor.py:830} INFO - Processing file /home/munya/anaconda3/lib/python3.11/site-packages/airflow/example_dags/example_sla_dag.py for tasks to queue
[2024-05-20T11:06:17.167+0200] {logging_mixin.py:188} INFO - [2024-05-20T11:06:17.166+0200] {dagbag.py:545} INFO - Filling up the DagBag from /home/munya/anaconda3/lib/python3.11/site-packages/airflow/example_dags/example_sla_dag.py
[2024-05-20T11:06:17.176+0200] {processor.py:840} INFO - DAG(s) 'example_sla_dag' retrieved from /home/munya/anaconda3/lib/python3.11/site-packages/airflow/example_dags/example_sla_dag.py
[2024-05-20T11:06:17.195+0200] {logging_mixin.py:188} INFO - [2024-05-20T11:06:17.195+0200] {dag.py:3096} INFO - Sync 1 DAGs
[2024-05-20T11:06:17.221+0200] {logging_mixin.py:188} INFO - [2024-05-20T11:06:17.221+0200] {dag.py:3954} INFO - Setting next_dagrun for example_sla_dag to 2024-05-20 09:04:00+00:00, run_after=2024-05-20 09:06:00+00:00
[2024-05-20T11:06:17.238+0200] {processor.py:183} INFO - Processing /home/munya/anaconda3/lib/python3.11/site-packages/airflow/example_dags/example_sla_dag.py took 0.079 seconds
[2024-05-20T11:07:18.263+0200] {processor.py:161} INFO - Started process (PID=631009) to work on /home/munya/anaconda3/lib/python3.11/site-packages/airflow/example_dags/example_sla_dag.py
[2024-05-20T11:07:18.264+0200] {processor.py:830} INFO - Processing file /home/munya/anaconda3/lib/python3.11/site-packages/airflow/example_dags/example_sla_dag.py for tasks to queue
[2024-05-20T11:07:18.265+0200] {logging_mixin.py:188} INFO - [2024-05-20T11:07:18.265+0200] {dagbag.py:545} INFO - Filling up the DagBag from /home/munya/anaconda3/lib/python3.11/site-packages/airflow/example_dags/example_sla_dag.py
[2024-05-20T11:07:18.274+0200] {processor.py:840} INFO - DAG(s) 'example_sla_dag' retrieved from /home/munya/anaconda3/lib/python3.11/site-packages/airflow/example_dags/example_sla_dag.py
[2024-05-20T11:07:18.288+0200] {logging_mixin.py:188} INFO - [2024-05-20T11:07:18.288+0200] {dag.py:3096} INFO - Sync 1 DAGs
[2024-05-20T11:07:18.312+0200] {logging_mixin.py:188} INFO - [2024-05-20T11:07:18.311+0200] {dag.py:3954} INFO - Setting next_dagrun for example_sla_dag to 2024-05-20 09:04:00+00:00, run_after=2024-05-20 09:06:00+00:00
[2024-05-20T11:07:18.335+0200] {processor.py:183} INFO - Processing /home/munya/anaconda3/lib/python3.11/site-packages/airflow/example_dags/example_sla_dag.py took 0.078 seconds
[2024-05-20T11:08:18.664+0200] {processor.py:161} INFO - Started process (PID=632041) to work on /home/munya/anaconda3/lib/python3.11/site-packages/airflow/example_dags/example_sla_dag.py
[2024-05-20T11:08:18.667+0200] {processor.py:830} INFO - Processing file /home/munya/anaconda3/lib/python3.11/site-packages/airflow/example_dags/example_sla_dag.py for tasks to queue
[2024-05-20T11:08:18.670+0200] {logging_mixin.py:188} INFO - [2024-05-20T11:08:18.668+0200] {dagbag.py:545} INFO - Filling up the DagBag from /home/munya/anaconda3/lib/python3.11/site-packages/airflow/example_dags/example_sla_dag.py
[2024-05-20T11:08:18.706+0200] {processor.py:840} INFO - DAG(s) 'example_sla_dag' retrieved from /home/munya/anaconda3/lib/python3.11/site-packages/airflow/example_dags/example_sla_dag.py
[2024-05-20T11:08:18.761+0200] {logging_mixin.py:188} INFO - [2024-05-20T11:08:18.760+0200] {dag.py:3096} INFO - Sync 1 DAGs
[2024-05-20T11:08:18.833+0200] {logging_mixin.py:188} INFO - [2024-05-20T11:08:18.832+0200] {dag.py:3954} INFO - Setting next_dagrun for example_sla_dag to 2024-05-20 09:06:00+00:00, run_after=2024-05-20 09:08:00+00:00
[2024-05-20T11:08:18.896+0200] {processor.py:183} INFO - Processing /home/munya/anaconda3/lib/python3.11/site-packages/airflow/example_dags/example_sla_dag.py took 0.256 seconds
[2024-05-20T11:09:19.470+0200] {processor.py:161} INFO - Started process (PID=633154) to work on /home/munya/anaconda3/lib/python3.11/site-packages/airflow/example_dags/example_sla_dag.py
[2024-05-20T11:09:19.473+0200] {processor.py:830} INFO - Processing file /home/munya/anaconda3/lib/python3.11/site-packages/airflow/example_dags/example_sla_dag.py for tasks to queue
[2024-05-20T11:09:19.476+0200] {logging_mixin.py:188} INFO - [2024-05-20T11:09:19.474+0200] {dagbag.py:545} INFO - Filling up the DagBag from /home/munya/anaconda3/lib/python3.11/site-packages/airflow/example_dags/example_sla_dag.py
[2024-05-20T11:09:19.509+0200] {processor.py:840} INFO - DAG(s) 'example_sla_dag' retrieved from /home/munya/anaconda3/lib/python3.11/site-packages/airflow/example_dags/example_sla_dag.py
[2024-05-20T11:09:19.599+0200] {logging_mixin.py:188} INFO - [2024-05-20T11:09:19.599+0200] {dag.py:3096} INFO - Sync 1 DAGs
[2024-05-20T11:09:19.741+0200] {logging_mixin.py:188} INFO - [2024-05-20T11:09:19.740+0200] {dag.py:3954} INFO - Setting next_dagrun for example_sla_dag to 2024-05-20 09:06:00+00:00, run_after=2024-05-20 09:08:00+00:00
[2024-05-20T11:09:19.816+0200] {processor.py:183} INFO - Processing /home/munya/anaconda3/lib/python3.11/site-packages/airflow/example_dags/example_sla_dag.py took 0.366 seconds
[2024-05-20T11:10:43.871+0200] {processor.py:161} INFO - Started process (PID=634584) to work on /home/munya/anaconda3/lib/python3.11/site-packages/airflow/example_dags/example_sla_dag.py
[2024-05-20T11:10:43.872+0200] {processor.py:830} INFO - Processing file /home/munya/anaconda3/lib/python3.11/site-packages/airflow/example_dags/example_sla_dag.py for tasks to queue
[2024-05-20T11:10:43.873+0200] {logging_mixin.py:188} INFO - [2024-05-20T11:10:43.872+0200] {dagbag.py:545} INFO - Filling up the DagBag from /home/munya/anaconda3/lib/python3.11/site-packages/airflow/example_dags/example_sla_dag.py
[2024-05-20T11:10:43.880+0200] {processor.py:840} INFO - DAG(s) 'example_sla_dag' retrieved from /home/munya/anaconda3/lib/python3.11/site-packages/airflow/example_dags/example_sla_dag.py
[2024-05-20T11:10:43.895+0200] {logging_mixin.py:188} INFO - [2024-05-20T11:10:43.894+0200] {dag.py:3096} INFO - Sync 1 DAGs
[2024-05-20T11:10:43.914+0200] {logging_mixin.py:188} INFO - [2024-05-20T11:10:43.914+0200] {dag.py:3954} INFO - Setting next_dagrun for example_sla_dag to 2024-05-20 09:08:00+00:00, run_after=2024-05-20 09:10:00+00:00
[2024-05-20T11:10:43.930+0200] {processor.py:183} INFO - Processing /home/munya/anaconda3/lib/python3.11/site-packages/airflow/example_dags/example_sla_dag.py took 0.065 seconds
[2024-05-20T11:11:52.912+0200] {processor.py:161} INFO - Started process (PID=635730) to work on /home/munya/anaconda3/lib/python3.11/site-packages/airflow/example_dags/example_sla_dag.py
[2024-05-20T11:11:52.912+0200] {processor.py:830} INFO - Processing file /home/munya/anaconda3/lib/python3.11/site-packages/airflow/example_dags/example_sla_dag.py for tasks to queue
[2024-05-20T11:11:52.913+0200] {logging_mixin.py:188} INFO - [2024-05-20T11:11:52.913+0200] {dagbag.py:545} INFO - Filling up the DagBag from /home/munya/anaconda3/lib/python3.11/site-packages/airflow/example_dags/example_sla_dag.py
[2024-05-20T11:11:52.921+0200] {processor.py:840} INFO - DAG(s) 'example_sla_dag' retrieved from /home/munya/anaconda3/lib/python3.11/site-packages/airflow/example_dags/example_sla_dag.py
[2024-05-20T11:11:52.935+0200] {logging_mixin.py:188} INFO - [2024-05-20T11:11:52.935+0200] {dag.py:3096} INFO - Sync 1 DAGs
[2024-05-20T11:11:52.955+0200] {logging_mixin.py:188} INFO - [2024-05-20T11:11:52.955+0200] {dag.py:3954} INFO - Setting next_dagrun for example_sla_dag to 2024-05-20 09:08:00+00:00, run_after=2024-05-20 09:10:00+00:00
[2024-05-20T11:11:52.970+0200] {processor.py:183} INFO - Processing /home/munya/anaconda3/lib/python3.11/site-packages/airflow/example_dags/example_sla_dag.py took 0.064 seconds
[2024-05-20T11:12:57.695+0200] {processor.py:161} INFO - Started process (PID=636828) to work on /home/munya/anaconda3/lib/python3.11/site-packages/airflow/example_dags/example_sla_dag.py
[2024-05-20T11:12:57.696+0200] {processor.py:830} INFO - Processing file /home/munya/anaconda3/lib/python3.11/site-packages/airflow/example_dags/example_sla_dag.py for tasks to queue
[2024-05-20T11:12:57.697+0200] {logging_mixin.py:188} INFO - [2024-05-20T11:12:57.696+0200] {dagbag.py:545} INFO - Filling up the DagBag from /home/munya/anaconda3/lib/python3.11/site-packages/airflow/example_dags/example_sla_dag.py
[2024-05-20T11:12:57.705+0200] {processor.py:840} INFO - DAG(s) 'example_sla_dag' retrieved from /home/munya/anaconda3/lib/python3.11/site-packages/airflow/example_dags/example_sla_dag.py
[2024-05-20T11:12:57.718+0200] {logging_mixin.py:188} INFO - [2024-05-20T11:12:57.718+0200] {dag.py:3096} INFO - Sync 1 DAGs
[2024-05-20T11:12:57.737+0200] {logging_mixin.py:188} INFO - [2024-05-20T11:12:57.736+0200] {dag.py:3954} INFO - Setting next_dagrun for example_sla_dag to 2024-05-20 09:10:00+00:00, run_after=2024-05-20 09:12:00+00:00
[2024-05-20T11:12:57.753+0200] {processor.py:183} INFO - Processing /home/munya/anaconda3/lib/python3.11/site-packages/airflow/example_dags/example_sla_dag.py took 0.064 seconds
[2024-05-20T11:13:58.653+0200] {processor.py:161} INFO - Started process (PID=637837) to work on /home/munya/anaconda3/lib/python3.11/site-packages/airflow/example_dags/example_sla_dag.py
[2024-05-20T11:13:58.654+0200] {processor.py:830} INFO - Processing file /home/munya/anaconda3/lib/python3.11/site-packages/airflow/example_dags/example_sla_dag.py for tasks to queue
[2024-05-20T11:13:58.655+0200] {logging_mixin.py:188} INFO - [2024-05-20T11:13:58.654+0200] {dagbag.py:545} INFO - Filling up the DagBag from /home/munya/anaconda3/lib/python3.11/site-packages/airflow/example_dags/example_sla_dag.py
[2024-05-20T11:13:58.663+0200] {processor.py:840} INFO - DAG(s) 'example_sla_dag' retrieved from /home/munya/anaconda3/lib/python3.11/site-packages/airflow/example_dags/example_sla_dag.py
[2024-05-20T11:13:58.678+0200] {logging_mixin.py:188} INFO - [2024-05-20T11:13:58.678+0200] {dag.py:3096} INFO - Sync 1 DAGs
[2024-05-20T11:13:58.701+0200] {logging_mixin.py:188} INFO - [2024-05-20T11:13:58.701+0200] {dag.py:3954} INFO - Setting next_dagrun for example_sla_dag to 2024-05-20 09:10:00+00:00, run_after=2024-05-20 09:12:00+00:00
[2024-05-20T11:13:58.719+0200] {processor.py:183} INFO - Processing /home/munya/anaconda3/lib/python3.11/site-packages/airflow/example_dags/example_sla_dag.py took 0.071 seconds
[2024-05-20T11:15:02.490+0200] {processor.py:161} INFO - Started process (PID=638939) to work on /home/munya/anaconda3/lib/python3.11/site-packages/airflow/example_dags/example_sla_dag.py
[2024-05-20T11:15:02.491+0200] {processor.py:830} INFO - Processing file /home/munya/anaconda3/lib/python3.11/site-packages/airflow/example_dags/example_sla_dag.py for tasks to queue
[2024-05-20T11:15:02.491+0200] {logging_mixin.py:188} INFO - [2024-05-20T11:15:02.491+0200] {dagbag.py:545} INFO - Filling up the DagBag from /home/munya/anaconda3/lib/python3.11/site-packages/airflow/example_dags/example_sla_dag.py
[2024-05-20T11:15:02.500+0200] {processor.py:840} INFO - DAG(s) 'example_sla_dag' retrieved from /home/munya/anaconda3/lib/python3.11/site-packages/airflow/example_dags/example_sla_dag.py
[2024-05-20T11:15:02.515+0200] {logging_mixin.py:188} INFO - [2024-05-20T11:15:02.515+0200] {dag.py:3096} INFO - Sync 1 DAGs
[2024-05-20T11:15:02.534+0200] {logging_mixin.py:188} INFO - [2024-05-20T11:15:02.534+0200] {dag.py:3954} INFO - Setting next_dagrun for example_sla_dag to 2024-05-20 09:12:00+00:00, run_after=2024-05-20 09:14:00+00:00
[2024-05-20T11:15:02.552+0200] {processor.py:183} INFO - Processing /home/munya/anaconda3/lib/python3.11/site-packages/airflow/example_dags/example_sla_dag.py took 0.068 seconds
[2024-05-20T11:16:01.470+0200] {processor.py:161} INFO - Started process (PID=639917) to work on /home/munya/anaconda3/lib/python3.11/site-packages/airflow/example_dags/example_sla_dag.py
[2024-05-20T11:16:01.473+0200] {processor.py:830} INFO - Processing file /home/munya/anaconda3/lib/python3.11/site-packages/airflow/example_dags/example_sla_dag.py for tasks to queue
[2024-05-20T11:16:01.476+0200] {logging_mixin.py:188} INFO - [2024-05-20T11:16:01.475+0200] {dagbag.py:545} INFO - Filling up the DagBag from /home/munya/anaconda3/lib/python3.11/site-packages/airflow/example_dags/example_sla_dag.py
[2024-05-20T11:16:01.508+0200] {processor.py:840} INFO - DAG(s) 'example_sla_dag' retrieved from /home/munya/anaconda3/lib/python3.11/site-packages/airflow/example_dags/example_sla_dag.py
[2024-05-20T11:16:01.570+0200] {logging_mixin.py:188} INFO - [2024-05-20T11:16:01.570+0200] {dag.py:3096} INFO - Sync 1 DAGs
[2024-05-20T11:16:01.664+0200] {logging_mixin.py:188} INFO - [2024-05-20T11:16:01.663+0200] {dag.py:3954} INFO - Setting next_dagrun for example_sla_dag to 2024-05-20 09:14:00+00:00, run_after=2024-05-20 09:16:00+00:00
[2024-05-20T11:16:01.720+0200] {processor.py:183} INFO - Processing /home/munya/anaconda3/lib/python3.11/site-packages/airflow/example_dags/example_sla_dag.py took 0.271 seconds
[2024-05-20T11:17:03.627+0200] {processor.py:161} INFO - Started process (PID=640956) to work on /home/munya/anaconda3/lib/python3.11/site-packages/airflow/example_dags/example_sla_dag.py
[2024-05-20T11:17:03.628+0200] {processor.py:830} INFO - Processing file /home/munya/anaconda3/lib/python3.11/site-packages/airflow/example_dags/example_sla_dag.py for tasks to queue
[2024-05-20T11:17:03.629+0200] {logging_mixin.py:188} INFO - [2024-05-20T11:17:03.628+0200] {dagbag.py:545} INFO - Filling up the DagBag from /home/munya/anaconda3/lib/python3.11/site-packages/airflow/example_dags/example_sla_dag.py
[2024-05-20T11:17:03.636+0200] {processor.py:840} INFO - DAG(s) 'example_sla_dag' retrieved from /home/munya/anaconda3/lib/python3.11/site-packages/airflow/example_dags/example_sla_dag.py
[2024-05-20T11:17:03.651+0200] {logging_mixin.py:188} INFO - [2024-05-20T11:17:03.651+0200] {dag.py:3096} INFO - Sync 1 DAGs
[2024-05-20T11:17:03.670+0200] {logging_mixin.py:188} INFO - [2024-05-20T11:17:03.669+0200] {dag.py:3954} INFO - Setting next_dagrun for example_sla_dag to 2024-05-20 09:14:00+00:00, run_after=2024-05-20 09:16:00+00:00
[2024-05-20T11:17:03.685+0200] {processor.py:183} INFO - Processing /home/munya/anaconda3/lib/python3.11/site-packages/airflow/example_dags/example_sla_dag.py took 0.064 seconds
[2024-05-20T11:18:06.366+0200] {processor.py:161} INFO - Started process (PID=642007) to work on /home/munya/anaconda3/lib/python3.11/site-packages/airflow/example_dags/example_sla_dag.py
[2024-05-20T11:18:06.368+0200] {processor.py:830} INFO - Processing file /home/munya/anaconda3/lib/python3.11/site-packages/airflow/example_dags/example_sla_dag.py for tasks to queue
[2024-05-20T11:18:06.371+0200] {logging_mixin.py:188} INFO - [2024-05-20T11:18:06.370+0200] {dagbag.py:545} INFO - Filling up the DagBag from /home/munya/anaconda3/lib/python3.11/site-packages/airflow/example_dags/example_sla_dag.py
[2024-05-20T11:18:06.397+0200] {processor.py:840} INFO - DAG(s) 'example_sla_dag' retrieved from /home/munya/anaconda3/lib/python3.11/site-packages/airflow/example_dags/example_sla_dag.py
[2024-05-20T11:18:06.446+0200] {logging_mixin.py:188} INFO - [2024-05-20T11:18:06.445+0200] {dag.py:3096} INFO - Sync 1 DAGs
[2024-05-20T11:18:06.542+0200] {logging_mixin.py:188} INFO - [2024-05-20T11:18:06.541+0200] {dag.py:3954} INFO - Setting next_dagrun for example_sla_dag to 2024-05-20 09:16:00+00:00, run_after=2024-05-20 09:18:00+00:00
[2024-05-20T11:18:06.625+0200] {processor.py:183} INFO - Processing /home/munya/anaconda3/lib/python3.11/site-packages/airflow/example_dags/example_sla_dag.py took 0.283 seconds
[2024-05-20T11:19:06.974+0200] {processor.py:161} INFO - Started process (PID=643040) to work on /home/munya/anaconda3/lib/python3.11/site-packages/airflow/example_dags/example_sla_dag.py
[2024-05-20T11:19:06.977+0200] {processor.py:830} INFO - Processing file /home/munya/anaconda3/lib/python3.11/site-packages/airflow/example_dags/example_sla_dag.py for tasks to queue
[2024-05-20T11:19:06.980+0200] {logging_mixin.py:188} INFO - [2024-05-20T11:19:06.979+0200] {dagbag.py:545} INFO - Filling up the DagBag from /home/munya/anaconda3/lib/python3.11/site-packages/airflow/example_dags/example_sla_dag.py
[2024-05-20T11:19:06.996+0200] {processor.py:840} INFO - DAG(s) 'example_sla_dag' retrieved from /home/munya/anaconda3/lib/python3.11/site-packages/airflow/example_dags/example_sla_dag.py
[2024-05-20T11:19:07.012+0200] {logging_mixin.py:188} INFO - [2024-05-20T11:19:07.012+0200] {dag.py:3096} INFO - Sync 1 DAGs
[2024-05-20T11:19:07.032+0200] {logging_mixin.py:188} INFO - [2024-05-20T11:19:07.032+0200] {dag.py:3954} INFO - Setting next_dagrun for example_sla_dag to 2024-05-20 09:16:00+00:00, run_after=2024-05-20 09:18:00+00:00
[2024-05-20T11:19:07.052+0200] {processor.py:183} INFO - Processing /home/munya/anaconda3/lib/python3.11/site-packages/airflow/example_dags/example_sla_dag.py took 0.103 seconds
[2024-05-20T11:20:14.616+0200] {processor.py:161} INFO - Started process (PID=644178) to work on /home/munya/anaconda3/lib/python3.11/site-packages/airflow/example_dags/example_sla_dag.py
[2024-05-20T11:20:14.617+0200] {processor.py:830} INFO - Processing file /home/munya/anaconda3/lib/python3.11/site-packages/airflow/example_dags/example_sla_dag.py for tasks to queue
[2024-05-20T11:20:14.618+0200] {logging_mixin.py:188} INFO - [2024-05-20T11:20:14.617+0200] {dagbag.py:545} INFO - Filling up the DagBag from /home/munya/anaconda3/lib/python3.11/site-packages/airflow/example_dags/example_sla_dag.py
[2024-05-20T11:20:14.626+0200] {processor.py:840} INFO - DAG(s) 'example_sla_dag' retrieved from /home/munya/anaconda3/lib/python3.11/site-packages/airflow/example_dags/example_sla_dag.py
[2024-05-20T11:20:14.642+0200] {logging_mixin.py:188} INFO - [2024-05-20T11:20:14.642+0200] {dag.py:3096} INFO - Sync 1 DAGs
[2024-05-20T11:20:14.665+0200] {logging_mixin.py:188} INFO - [2024-05-20T11:20:14.665+0200] {dag.py:3954} INFO - Setting next_dagrun for example_sla_dag to 2024-05-20 09:18:00+00:00, run_after=2024-05-20 09:20:00+00:00
[2024-05-20T11:20:14.685+0200] {processor.py:183} INFO - Processing /home/munya/anaconda3/lib/python3.11/site-packages/airflow/example_dags/example_sla_dag.py took 0.075 seconds
[2024-05-20T11:21:17.338+0200] {processor.py:161} INFO - Started process (PID=645289) to work on /home/munya/anaconda3/lib/python3.11/site-packages/airflow/example_dags/example_sla_dag.py
[2024-05-20T11:21:17.339+0200] {processor.py:830} INFO - Processing file /home/munya/anaconda3/lib/python3.11/site-packages/airflow/example_dags/example_sla_dag.py for tasks to queue
[2024-05-20T11:21:17.339+0200] {logging_mixin.py:188} INFO - [2024-05-20T11:21:17.339+0200] {dagbag.py:545} INFO - Filling up the DagBag from /home/munya/anaconda3/lib/python3.11/site-packages/airflow/example_dags/example_sla_dag.py
[2024-05-20T11:21:17.348+0200] {processor.py:840} INFO - DAG(s) 'example_sla_dag' retrieved from /home/munya/anaconda3/lib/python3.11/site-packages/airflow/example_dags/example_sla_dag.py
[2024-05-20T11:21:17.362+0200] {logging_mixin.py:188} INFO - [2024-05-20T11:21:17.362+0200] {dag.py:3096} INFO - Sync 1 DAGs
[2024-05-20T11:21:17.383+0200] {logging_mixin.py:188} INFO - [2024-05-20T11:21:17.383+0200] {dag.py:3954} INFO - Setting next_dagrun for example_sla_dag to 2024-05-20 09:18:00+00:00, run_after=2024-05-20 09:20:00+00:00
[2024-05-20T11:21:17.401+0200] {processor.py:183} INFO - Processing /home/munya/anaconda3/lib/python3.11/site-packages/airflow/example_dags/example_sla_dag.py took 0.069 seconds
[2024-05-20T11:22:25.621+0200] {processor.py:161} INFO - Started process (PID=646433) to work on /home/munya/anaconda3/lib/python3.11/site-packages/airflow/example_dags/example_sla_dag.py
[2024-05-20T11:22:25.622+0200] {processor.py:830} INFO - Processing file /home/munya/anaconda3/lib/python3.11/site-packages/airflow/example_dags/example_sla_dag.py for tasks to queue
[2024-05-20T11:22:25.623+0200] {logging_mixin.py:188} INFO - [2024-05-20T11:22:25.623+0200] {dagbag.py:545} INFO - Filling up the DagBag from /home/munya/anaconda3/lib/python3.11/site-packages/airflow/example_dags/example_sla_dag.py
[2024-05-20T11:22:25.631+0200] {processor.py:840} INFO - DAG(s) 'example_sla_dag' retrieved from /home/munya/anaconda3/lib/python3.11/site-packages/airflow/example_dags/example_sla_dag.py
[2024-05-20T11:22:25.646+0200] {logging_mixin.py:188} INFO - [2024-05-20T11:22:25.646+0200] {dag.py:3096} INFO - Sync 1 DAGs
[2024-05-20T11:22:25.669+0200] {logging_mixin.py:188} INFO - [2024-05-20T11:22:25.668+0200] {dag.py:3954} INFO - Setting next_dagrun for example_sla_dag to 2024-05-20 09:20:00+00:00, run_after=2024-05-20 09:22:00+00:00
[2024-05-20T11:22:25.688+0200] {processor.py:183} INFO - Processing /home/munya/anaconda3/lib/python3.11/site-packages/airflow/example_dags/example_sla_dag.py took 0.072 seconds
[2024-05-20T11:23:32.271+0200] {processor.py:161} INFO - Started process (PID=647541) to work on /home/munya/anaconda3/lib/python3.11/site-packages/airflow/example_dags/example_sla_dag.py
[2024-05-20T11:23:32.272+0200] {processor.py:830} INFO - Processing file /home/munya/anaconda3/lib/python3.11/site-packages/airflow/example_dags/example_sla_dag.py for tasks to queue
[2024-05-20T11:23:32.273+0200] {logging_mixin.py:188} INFO - [2024-05-20T11:23:32.273+0200] {dagbag.py:545} INFO - Filling up the DagBag from /home/munya/anaconda3/lib/python3.11/site-packages/airflow/example_dags/example_sla_dag.py
[2024-05-20T11:23:32.281+0200] {processor.py:840} INFO - DAG(s) 'example_sla_dag' retrieved from /home/munya/anaconda3/lib/python3.11/site-packages/airflow/example_dags/example_sla_dag.py
[2024-05-20T11:23:32.296+0200] {logging_mixin.py:188} INFO - [2024-05-20T11:23:32.296+0200] {dag.py:3096} INFO - Sync 1 DAGs
[2024-05-20T11:23:32.319+0200] {logging_mixin.py:188} INFO - [2024-05-20T11:23:32.319+0200] {dag.py:3954} INFO - Setting next_dagrun for example_sla_dag to 2024-05-20 09:20:00+00:00, run_after=2024-05-20 09:22:00+00:00
[2024-05-20T11:23:32.336+0200] {processor.py:183} INFO - Processing /home/munya/anaconda3/lib/python3.11/site-packages/airflow/example_dags/example_sla_dag.py took 0.071 seconds
[2024-05-20T11:24:43.784+0200] {processor.py:161} INFO - Started process (PID=648748) to work on /home/munya/anaconda3/lib/python3.11/site-packages/airflow/example_dags/example_sla_dag.py
[2024-05-20T11:24:43.785+0200] {processor.py:830} INFO - Processing file /home/munya/anaconda3/lib/python3.11/site-packages/airflow/example_dags/example_sla_dag.py for tasks to queue
[2024-05-20T11:24:43.786+0200] {logging_mixin.py:188} INFO - [2024-05-20T11:24:43.785+0200] {dagbag.py:545} INFO - Filling up the DagBag from /home/munya/anaconda3/lib/python3.11/site-packages/airflow/example_dags/example_sla_dag.py
[2024-05-20T11:24:43.794+0200] {processor.py:840} INFO - DAG(s) 'example_sla_dag' retrieved from /home/munya/anaconda3/lib/python3.11/site-packages/airflow/example_dags/example_sla_dag.py
[2024-05-20T11:24:43.808+0200] {logging_mixin.py:188} INFO - [2024-05-20T11:24:43.808+0200] {dag.py:3096} INFO - Sync 1 DAGs
[2024-05-20T11:24:43.828+0200] {logging_mixin.py:188} INFO - [2024-05-20T11:24:43.828+0200] {dag.py:3954} INFO - Setting next_dagrun for example_sla_dag to 2024-05-20 09:22:00+00:00, run_after=2024-05-20 09:24:00+00:00
[2024-05-20T11:24:43.848+0200] {processor.py:183} INFO - Processing /home/munya/anaconda3/lib/python3.11/site-packages/airflow/example_dags/example_sla_dag.py took 0.070 seconds
[2024-05-20T11:25:46.361+0200] {processor.py:161} INFO - Started process (PID=649815) to work on /home/munya/anaconda3/lib/python3.11/site-packages/airflow/example_dags/example_sla_dag.py
[2024-05-20T11:25:46.362+0200] {processor.py:830} INFO - Processing file /home/munya/anaconda3/lib/python3.11/site-packages/airflow/example_dags/example_sla_dag.py for tasks to queue
[2024-05-20T11:25:46.363+0200] {logging_mixin.py:188} INFO - [2024-05-20T11:25:46.362+0200] {dagbag.py:545} INFO - Filling up the DagBag from /home/munya/anaconda3/lib/python3.11/site-packages/airflow/example_dags/example_sla_dag.py
[2024-05-20T11:25:46.373+0200] {processor.py:840} INFO - DAG(s) 'example_sla_dag' retrieved from /home/munya/anaconda3/lib/python3.11/site-packages/airflow/example_dags/example_sla_dag.py
[2024-05-20T11:25:46.390+0200] {logging_mixin.py:188} INFO - [2024-05-20T11:25:46.390+0200] {dag.py:3096} INFO - Sync 1 DAGs
[2024-05-20T11:25:46.416+0200] {logging_mixin.py:188} INFO - [2024-05-20T11:25:46.416+0200] {dag.py:3954} INFO - Setting next_dagrun for example_sla_dag to 2024-05-20 09:22:00+00:00, run_after=2024-05-20 09:24:00+00:00
[2024-05-20T11:25:46.438+0200] {processor.py:183} INFO - Processing /home/munya/anaconda3/lib/python3.11/site-packages/airflow/example_dags/example_sla_dag.py took 0.084 seconds
[2024-05-20T11:26:58.190+0200] {processor.py:161} INFO - Started process (PID=651038) to work on /home/munya/anaconda3/lib/python3.11/site-packages/airflow/example_dags/example_sla_dag.py
[2024-05-20T11:26:58.191+0200] {processor.py:830} INFO - Processing file /home/munya/anaconda3/lib/python3.11/site-packages/airflow/example_dags/example_sla_dag.py for tasks to queue
[2024-05-20T11:26:58.192+0200] {logging_mixin.py:188} INFO - [2024-05-20T11:26:58.192+0200] {dagbag.py:545} INFO - Filling up the DagBag from /home/munya/anaconda3/lib/python3.11/site-packages/airflow/example_dags/example_sla_dag.py
[2024-05-20T11:26:58.200+0200] {processor.py:840} INFO - DAG(s) 'example_sla_dag' retrieved from /home/munya/anaconda3/lib/python3.11/site-packages/airflow/example_dags/example_sla_dag.py
[2024-05-20T11:26:58.216+0200] {logging_mixin.py:188} INFO - [2024-05-20T11:26:58.215+0200] {dag.py:3096} INFO - Sync 1 DAGs
[2024-05-20T11:26:58.238+0200] {logging_mixin.py:188} INFO - [2024-05-20T11:26:58.238+0200] {dag.py:3954} INFO - Setting next_dagrun for example_sla_dag to 2024-05-20 09:24:00+00:00, run_after=2024-05-20 09:26:00+00:00
[2024-05-20T11:26:58.255+0200] {processor.py:183} INFO - Processing /home/munya/anaconda3/lib/python3.11/site-packages/airflow/example_dags/example_sla_dag.py took 0.070 seconds
[2024-05-20T11:28:08.243+0200] {processor.py:161} INFO - Started process (PID=652211) to work on /home/munya/anaconda3/lib/python3.11/site-packages/airflow/example_dags/example_sla_dag.py
[2024-05-20T11:28:08.244+0200] {processor.py:830} INFO - Processing file /home/munya/anaconda3/lib/python3.11/site-packages/airflow/example_dags/example_sla_dag.py for tasks to queue
[2024-05-20T11:28:08.245+0200] {logging_mixin.py:188} INFO - [2024-05-20T11:28:08.245+0200] {dagbag.py:545} INFO - Filling up the DagBag from /home/munya/anaconda3/lib/python3.11/site-packages/airflow/example_dags/example_sla_dag.py
[2024-05-20T11:28:08.253+0200] {processor.py:840} INFO - DAG(s) 'example_sla_dag' retrieved from /home/munya/anaconda3/lib/python3.11/site-packages/airflow/example_dags/example_sla_dag.py
[2024-05-20T11:28:08.267+0200] {logging_mixin.py:188} INFO - [2024-05-20T11:28:08.267+0200] {dag.py:3096} INFO - Sync 1 DAGs
[2024-05-20T11:28:08.392+0200] {logging_mixin.py:188} INFO - [2024-05-20T11:28:08.392+0200] {dag.py:3954} INFO - Setting next_dagrun for example_sla_dag to 2024-05-20 09:26:00+00:00, run_after=2024-05-20 09:28:00+00:00
[2024-05-20T11:28:08.407+0200] {processor.py:183} INFO - Processing /home/munya/anaconda3/lib/python3.11/site-packages/airflow/example_dags/example_sla_dag.py took 0.170 seconds
[2024-05-20T11:29:16.769+0200] {processor.py:161} INFO - Started process (PID=653345) to work on /home/munya/anaconda3/lib/python3.11/site-packages/airflow/example_dags/example_sla_dag.py
[2024-05-20T11:29:16.770+0200] {processor.py:830} INFO - Processing file /home/munya/anaconda3/lib/python3.11/site-packages/airflow/example_dags/example_sla_dag.py for tasks to queue
[2024-05-20T11:29:16.771+0200] {logging_mixin.py:188} INFO - [2024-05-20T11:29:16.770+0200] {dagbag.py:545} INFO - Filling up the DagBag from /home/munya/anaconda3/lib/python3.11/site-packages/airflow/example_dags/example_sla_dag.py
[2024-05-20T11:29:16.779+0200] {processor.py:840} INFO - DAG(s) 'example_sla_dag' retrieved from /home/munya/anaconda3/lib/python3.11/site-packages/airflow/example_dags/example_sla_dag.py
[2024-05-20T11:29:16.793+0200] {logging_mixin.py:188} INFO - [2024-05-20T11:29:16.793+0200] {dag.py:3096} INFO - Sync 1 DAGs
[2024-05-20T11:29:16.813+0200] {logging_mixin.py:188} INFO - [2024-05-20T11:29:16.812+0200] {dag.py:3954} INFO - Setting next_dagrun for example_sla_dag to 2024-05-20 09:26:00+00:00, run_after=2024-05-20 09:28:00+00:00
[2024-05-20T11:29:16.932+0200] {processor.py:183} INFO - Processing /home/munya/anaconda3/lib/python3.11/site-packages/airflow/example_dags/example_sla_dag.py took 0.169 seconds
[2024-05-20T11:30:28.503+0200] {processor.py:161} INFO - Started process (PID=654561) to work on /home/munya/anaconda3/lib/python3.11/site-packages/airflow/example_dags/example_sla_dag.py
[2024-05-20T11:30:28.507+0200] {processor.py:830} INFO - Processing file /home/munya/anaconda3/lib/python3.11/site-packages/airflow/example_dags/example_sla_dag.py for tasks to queue
[2024-05-20T11:30:28.510+0200] {logging_mixin.py:188} INFO - [2024-05-20T11:30:28.508+0200] {dagbag.py:545} INFO - Filling up the DagBag from /home/munya/anaconda3/lib/python3.11/site-packages/airflow/example_dags/example_sla_dag.py
[2024-05-20T11:30:28.537+0200] {processor.py:840} INFO - DAG(s) 'example_sla_dag' retrieved from /home/munya/anaconda3/lib/python3.11/site-packages/airflow/example_dags/example_sla_dag.py
[2024-05-20T11:30:28.585+0200] {logging_mixin.py:188} INFO - [2024-05-20T11:30:28.585+0200] {dag.py:3096} INFO - Sync 1 DAGs
[2024-05-20T11:30:28.665+0200] {logging_mixin.py:188} INFO - [2024-05-20T11:30:28.664+0200] {dag.py:3954} INFO - Setting next_dagrun for example_sla_dag to 2024-05-20 09:28:00+00:00, run_after=2024-05-20 09:30:00+00:00
[2024-05-20T11:30:28.717+0200] {processor.py:183} INFO - Processing /home/munya/anaconda3/lib/python3.11/site-packages/airflow/example_dags/example_sla_dag.py took 0.234 seconds
[2024-05-20T11:31:30.932+0200] {processor.py:161} INFO - Started process (PID=655604) to work on /home/munya/anaconda3/lib/python3.11/site-packages/airflow/example_dags/example_sla_dag.py
[2024-05-20T11:31:30.933+0200] {processor.py:830} INFO - Processing file /home/munya/anaconda3/lib/python3.11/site-packages/airflow/example_dags/example_sla_dag.py for tasks to queue
[2024-05-20T11:31:30.934+0200] {logging_mixin.py:188} INFO - [2024-05-20T11:31:30.934+0200] {dagbag.py:545} INFO - Filling up the DagBag from /home/munya/anaconda3/lib/python3.11/site-packages/airflow/example_dags/example_sla_dag.py
[2024-05-20T11:31:30.943+0200] {processor.py:840} INFO - DAG(s) 'example_sla_dag' retrieved from /home/munya/anaconda3/lib/python3.11/site-packages/airflow/example_dags/example_sla_dag.py
[2024-05-20T11:31:30.957+0200] {logging_mixin.py:188} INFO - [2024-05-20T11:31:30.957+0200] {dag.py:3096} INFO - Sync 1 DAGs
[2024-05-20T11:31:30.979+0200] {logging_mixin.py:188} INFO - [2024-05-20T11:31:30.979+0200] {dag.py:3954} INFO - Setting next_dagrun for example_sla_dag to 2024-05-20 09:28:00+00:00, run_after=2024-05-20 09:30:00+00:00
[2024-05-20T11:31:30.996+0200] {processor.py:183} INFO - Processing /home/munya/anaconda3/lib/python3.11/site-packages/airflow/example_dags/example_sla_dag.py took 0.070 seconds
[2024-05-20T11:32:33.582+0200] {processor.py:161} INFO - Started process (PID=656663) to work on /home/munya/anaconda3/lib/python3.11/site-packages/airflow/example_dags/example_sla_dag.py
[2024-05-20T11:32:33.583+0200] {processor.py:830} INFO - Processing file /home/munya/anaconda3/lib/python3.11/site-packages/airflow/example_dags/example_sla_dag.py for tasks to queue
[2024-05-20T11:32:33.583+0200] {logging_mixin.py:188} INFO - [2024-05-20T11:32:33.583+0200] {dagbag.py:545} INFO - Filling up the DagBag from /home/munya/anaconda3/lib/python3.11/site-packages/airflow/example_dags/example_sla_dag.py
[2024-05-20T11:32:33.591+0200] {processor.py:840} INFO - DAG(s) 'example_sla_dag' retrieved from /home/munya/anaconda3/lib/python3.11/site-packages/airflow/example_dags/example_sla_dag.py
[2024-05-20T11:32:33.607+0200] {logging_mixin.py:188} INFO - [2024-05-20T11:32:33.606+0200] {dag.py:3096} INFO - Sync 1 DAGs
[2024-05-20T11:32:33.629+0200] {logging_mixin.py:188} INFO - [2024-05-20T11:32:33.629+0200] {dag.py:3954} INFO - Setting next_dagrun for example_sla_dag to 2024-05-20 09:30:00+00:00, run_after=2024-05-20 09:32:00+00:00
[2024-05-20T11:32:33.647+0200] {processor.py:183} INFO - Processing /home/munya/anaconda3/lib/python3.11/site-packages/airflow/example_dags/example_sla_dag.py took 0.073 seconds
[2024-05-20T11:33:33.305+0200] {processor.py:161} INFO - Started process (PID=657668) to work on /home/munya/anaconda3/lib/python3.11/site-packages/airflow/example_dags/example_sla_dag.py
[2024-05-20T11:33:33.306+0200] {processor.py:830} INFO - Processing file /home/munya/anaconda3/lib/python3.11/site-packages/airflow/example_dags/example_sla_dag.py for tasks to queue
[2024-05-20T11:33:33.307+0200] {logging_mixin.py:188} INFO - [2024-05-20T11:33:33.307+0200] {dagbag.py:545} INFO - Filling up the DagBag from /home/munya/anaconda3/lib/python3.11/site-packages/airflow/example_dags/example_sla_dag.py
[2024-05-20T11:33:33.316+0200] {processor.py:840} INFO - DAG(s) 'example_sla_dag' retrieved from /home/munya/anaconda3/lib/python3.11/site-packages/airflow/example_dags/example_sla_dag.py
[2024-05-20T11:33:33.330+0200] {logging_mixin.py:188} INFO - [2024-05-20T11:33:33.330+0200] {dag.py:3096} INFO - Sync 1 DAGs
[2024-05-20T11:33:33.349+0200] {logging_mixin.py:188} INFO - [2024-05-20T11:33:33.349+0200] {dag.py:3954} INFO - Setting next_dagrun for example_sla_dag to 2024-05-20 09:30:00+00:00, run_after=2024-05-20 09:32:00+00:00
[2024-05-20T11:33:33.368+0200] {processor.py:183} INFO - Processing /home/munya/anaconda3/lib/python3.11/site-packages/airflow/example_dags/example_sla_dag.py took 0.068 seconds
[2024-05-20T11:34:36.583+0200] {processor.py:161} INFO - Started process (PID=658745) to work on /home/munya/anaconda3/lib/python3.11/site-packages/airflow/example_dags/example_sla_dag.py
[2024-05-20T11:34:36.587+0200] {processor.py:830} INFO - Processing file /home/munya/anaconda3/lib/python3.11/site-packages/airflow/example_dags/example_sla_dag.py for tasks to queue
[2024-05-20T11:34:36.591+0200] {logging_mixin.py:188} INFO - [2024-05-20T11:34:36.589+0200] {dagbag.py:545} INFO - Filling up the DagBag from /home/munya/anaconda3/lib/python3.11/site-packages/airflow/example_dags/example_sla_dag.py
[2024-05-20T11:34:36.644+0200] {processor.py:840} INFO - DAG(s) 'example_sla_dag' retrieved from /home/munya/anaconda3/lib/python3.11/site-packages/airflow/example_dags/example_sla_dag.py
[2024-05-20T11:34:36.721+0200] {logging_mixin.py:188} INFO - [2024-05-20T11:34:36.720+0200] {dag.py:3096} INFO - Sync 1 DAGs
[2024-05-20T11:34:36.837+0200] {logging_mixin.py:188} INFO - [2024-05-20T11:34:36.836+0200] {dag.py:3954} INFO - Setting next_dagrun for example_sla_dag to 2024-05-20 09:32:00+00:00, run_after=2024-05-20 09:34:00+00:00
[2024-05-20T11:34:36.912+0200] {processor.py:183} INFO - Processing /home/munya/anaconda3/lib/python3.11/site-packages/airflow/example_dags/example_sla_dag.py took 0.359 seconds
[2024-05-20T11:35:38.116+0200] {processor.py:161} INFO - Started process (PID=659812) to work on /home/munya/anaconda3/lib/python3.11/site-packages/airflow/example_dags/example_sla_dag.py
[2024-05-20T11:35:38.120+0200] {processor.py:830} INFO - Processing file /home/munya/anaconda3/lib/python3.11/site-packages/airflow/example_dags/example_sla_dag.py for tasks to queue
[2024-05-20T11:35:38.123+0200] {logging_mixin.py:188} INFO - [2024-05-20T11:35:38.121+0200] {dagbag.py:545} INFO - Filling up the DagBag from /home/munya/anaconda3/lib/python3.11/site-packages/airflow/example_dags/example_sla_dag.py
[2024-05-20T11:35:38.160+0200] {processor.py:840} INFO - DAG(s) 'example_sla_dag' retrieved from /home/munya/anaconda3/lib/python3.11/site-packages/airflow/example_dags/example_sla_dag.py
[2024-05-20T11:35:38.231+0200] {logging_mixin.py:188} INFO - [2024-05-20T11:35:38.230+0200] {dag.py:3096} INFO - Sync 1 DAGs
[2024-05-20T11:35:38.339+0200] {logging_mixin.py:188} INFO - [2024-05-20T11:35:38.338+0200] {dag.py:3954} INFO - Setting next_dagrun for example_sla_dag to 2024-05-20 09:32:00+00:00, run_after=2024-05-20 09:34:00+00:00
[2024-05-20T11:35:38.409+0200] {processor.py:183} INFO - Processing /home/munya/anaconda3/lib/python3.11/site-packages/airflow/example_dags/example_sla_dag.py took 0.320 seconds
[2024-05-20T11:36:42.260+0200] {processor.py:161} INFO - Started process (PID=660875) to work on /home/munya/anaconda3/lib/python3.11/site-packages/airflow/example_dags/example_sla_dag.py
[2024-05-20T11:36:42.260+0200] {processor.py:830} INFO - Processing file /home/munya/anaconda3/lib/python3.11/site-packages/airflow/example_dags/example_sla_dag.py for tasks to queue
[2024-05-20T11:36:42.261+0200] {logging_mixin.py:188} INFO - [2024-05-20T11:36:42.261+0200] {dagbag.py:545} INFO - Filling up the DagBag from /home/munya/anaconda3/lib/python3.11/site-packages/airflow/example_dags/example_sla_dag.py
[2024-05-20T11:36:42.269+0200] {processor.py:840} INFO - DAG(s) 'example_sla_dag' retrieved from /home/munya/anaconda3/lib/python3.11/site-packages/airflow/example_dags/example_sla_dag.py
[2024-05-20T11:36:42.284+0200] {logging_mixin.py:188} INFO - [2024-05-20T11:36:42.283+0200] {dag.py:3096} INFO - Sync 1 DAGs
[2024-05-20T11:36:42.311+0200] {logging_mixin.py:188} INFO - [2024-05-20T11:36:42.311+0200] {dag.py:3954} INFO - Setting next_dagrun for example_sla_dag to 2024-05-20 09:34:00+00:00, run_after=2024-05-20 09:36:00+00:00
[2024-05-20T11:36:42.333+0200] {processor.py:183} INFO - Processing /home/munya/anaconda3/lib/python3.11/site-packages/airflow/example_dags/example_sla_dag.py took 0.079 seconds
[2024-05-20T11:37:45.126+0200] {processor.py:161} INFO - Started process (PID=661944) to work on /home/munya/anaconda3/lib/python3.11/site-packages/airflow/example_dags/example_sla_dag.py
[2024-05-20T11:37:45.127+0200] {processor.py:830} INFO - Processing file /home/munya/anaconda3/lib/python3.11/site-packages/airflow/example_dags/example_sla_dag.py for tasks to queue
[2024-05-20T11:37:45.127+0200] {logging_mixin.py:188} INFO - [2024-05-20T11:37:45.127+0200] {dagbag.py:545} INFO - Filling up the DagBag from /home/munya/anaconda3/lib/python3.11/site-packages/airflow/example_dags/example_sla_dag.py
[2024-05-20T11:37:45.137+0200] {processor.py:840} INFO - DAG(s) 'example_sla_dag' retrieved from /home/munya/anaconda3/lib/python3.11/site-packages/airflow/example_dags/example_sla_dag.py
[2024-05-20T11:37:45.152+0200] {logging_mixin.py:188} INFO - [2024-05-20T11:37:45.152+0200] {dag.py:3096} INFO - Sync 1 DAGs
[2024-05-20T11:37:45.177+0200] {logging_mixin.py:188} INFO - [2024-05-20T11:37:45.176+0200] {dag.py:3954} INFO - Setting next_dagrun for example_sla_dag to 2024-05-20 09:34:00+00:00, run_after=2024-05-20 09:36:00+00:00
[2024-05-20T11:37:45.197+0200] {processor.py:183} INFO - Processing /home/munya/anaconda3/lib/python3.11/site-packages/airflow/example_dags/example_sla_dag.py took 0.078 seconds
[2024-05-20T11:38:49.874+0200] {processor.py:161} INFO - Started process (PID=663034) to work on /home/munya/anaconda3/lib/python3.11/site-packages/airflow/example_dags/example_sla_dag.py
[2024-05-20T11:38:49.874+0200] {processor.py:830} INFO - Processing file /home/munya/anaconda3/lib/python3.11/site-packages/airflow/example_dags/example_sla_dag.py for tasks to queue
[2024-05-20T11:38:49.875+0200] {logging_mixin.py:188} INFO - [2024-05-20T11:38:49.875+0200] {dagbag.py:545} INFO - Filling up the DagBag from /home/munya/anaconda3/lib/python3.11/site-packages/airflow/example_dags/example_sla_dag.py
[2024-05-20T11:38:49.883+0200] {processor.py:840} INFO - DAG(s) 'example_sla_dag' retrieved from /home/munya/anaconda3/lib/python3.11/site-packages/airflow/example_dags/example_sla_dag.py
[2024-05-20T11:38:49.899+0200] {logging_mixin.py:188} INFO - [2024-05-20T11:38:49.899+0200] {dag.py:3096} INFO - Sync 1 DAGs
[2024-05-20T11:38:49.922+0200] {logging_mixin.py:188} INFO - [2024-05-20T11:38:49.922+0200] {dag.py:3954} INFO - Setting next_dagrun for example_sla_dag to 2024-05-20 09:36:00+00:00, run_after=2024-05-20 09:38:00+00:00
[2024-05-20T11:38:49.939+0200] {processor.py:183} INFO - Processing /home/munya/anaconda3/lib/python3.11/site-packages/airflow/example_dags/example_sla_dag.py took 0.071 seconds
[2024-05-20T11:39:53.143+0200] {processor.py:161} INFO - Started process (PID=664133) to work on /home/munya/anaconda3/lib/python3.11/site-packages/airflow/example_dags/example_sla_dag.py
[2024-05-20T11:39:53.144+0200] {processor.py:830} INFO - Processing file /home/munya/anaconda3/lib/python3.11/site-packages/airflow/example_dags/example_sla_dag.py for tasks to queue
[2024-05-20T11:39:53.145+0200] {logging_mixin.py:188} INFO - [2024-05-20T11:39:53.145+0200] {dagbag.py:545} INFO - Filling up the DagBag from /home/munya/anaconda3/lib/python3.11/site-packages/airflow/example_dags/example_sla_dag.py
[2024-05-20T11:39:53.154+0200] {processor.py:840} INFO - DAG(s) 'example_sla_dag' retrieved from /home/munya/anaconda3/lib/python3.11/site-packages/airflow/example_dags/example_sla_dag.py
[2024-05-20T11:39:53.172+0200] {logging_mixin.py:188} INFO - [2024-05-20T11:39:53.171+0200] {dag.py:3096} INFO - Sync 1 DAGs
[2024-05-20T11:39:53.203+0200] {logging_mixin.py:188} INFO - [2024-05-20T11:39:53.203+0200] {dag.py:3954} INFO - Setting next_dagrun for example_sla_dag to 2024-05-20 09:36:00+00:00, run_after=2024-05-20 09:38:00+00:00
[2024-05-20T11:39:53.226+0200] {processor.py:183} INFO - Processing /home/munya/anaconda3/lib/python3.11/site-packages/airflow/example_dags/example_sla_dag.py took 0.090 seconds
[2024-05-20T11:40:58.501+0200] {processor.py:161} INFO - Started process (PID=665251) to work on /home/munya/anaconda3/lib/python3.11/site-packages/airflow/example_dags/example_sla_dag.py
[2024-05-20T11:40:58.504+0200] {processor.py:830} INFO - Processing file /home/munya/anaconda3/lib/python3.11/site-packages/airflow/example_dags/example_sla_dag.py for tasks to queue
[2024-05-20T11:40:58.507+0200] {logging_mixin.py:188} INFO - [2024-05-20T11:40:58.506+0200] {dagbag.py:545} INFO - Filling up the DagBag from /home/munya/anaconda3/lib/python3.11/site-packages/airflow/example_dags/example_sla_dag.py
[2024-05-20T11:40:58.534+0200] {processor.py:840} INFO - DAG(s) 'example_sla_dag' retrieved from /home/munya/anaconda3/lib/python3.11/site-packages/airflow/example_dags/example_sla_dag.py
[2024-05-20T11:40:58.595+0200] {logging_mixin.py:188} INFO - [2024-05-20T11:40:58.594+0200] {dag.py:3096} INFO - Sync 1 DAGs
[2024-05-20T11:40:58.674+0200] {logging_mixin.py:188} INFO - [2024-05-20T11:40:58.674+0200] {dag.py:3954} INFO - Setting next_dagrun for example_sla_dag to 2024-05-20 09:38:00+00:00, run_after=2024-05-20 09:40:00+00:00
[2024-05-20T11:40:58.732+0200] {processor.py:183} INFO - Processing /home/munya/anaconda3/lib/python3.11/site-packages/airflow/example_dags/example_sla_dag.py took 0.251 seconds
[2024-05-20T11:42:01.400+0200] {processor.py:161} INFO - Started process (PID=666288) to work on /home/munya/anaconda3/lib/python3.11/site-packages/airflow/example_dags/example_sla_dag.py
[2024-05-20T11:42:01.401+0200] {processor.py:830} INFO - Processing file /home/munya/anaconda3/lib/python3.11/site-packages/airflow/example_dags/example_sla_dag.py for tasks to queue
[2024-05-20T11:42:01.402+0200] {logging_mixin.py:188} INFO - [2024-05-20T11:42:01.401+0200] {dagbag.py:545} INFO - Filling up the DagBag from /home/munya/anaconda3/lib/python3.11/site-packages/airflow/example_dags/example_sla_dag.py
[2024-05-20T11:42:01.410+0200] {processor.py:840} INFO - DAG(s) 'example_sla_dag' retrieved from /home/munya/anaconda3/lib/python3.11/site-packages/airflow/example_dags/example_sla_dag.py
[2024-05-20T11:42:01.425+0200] {logging_mixin.py:188} INFO - [2024-05-20T11:42:01.424+0200] {dag.py:3096} INFO - Sync 1 DAGs
[2024-05-20T11:42:01.447+0200] {logging_mixin.py:188} INFO - [2024-05-20T11:42:01.447+0200] {dag.py:3954} INFO - Setting next_dagrun for example_sla_dag to 2024-05-20 09:40:00+00:00, run_after=2024-05-20 09:42:00+00:00
[2024-05-20T11:42:01.465+0200] {processor.py:183} INFO - Processing /home/munya/anaconda3/lib/python3.11/site-packages/airflow/example_dags/example_sla_dag.py took 0.072 seconds
[2024-05-20T11:43:00.383+0200] {processor.py:161} INFO - Started process (PID=667297) to work on /home/munya/anaconda3/lib/python3.11/site-packages/airflow/example_dags/example_sla_dag.py
[2024-05-20T11:43:00.385+0200] {processor.py:830} INFO - Processing file /home/munya/anaconda3/lib/python3.11/site-packages/airflow/example_dags/example_sla_dag.py for tasks to queue
[2024-05-20T11:43:00.388+0200] {logging_mixin.py:188} INFO - [2024-05-20T11:43:00.387+0200] {dagbag.py:545} INFO - Filling up the DagBag from /home/munya/anaconda3/lib/python3.11/site-packages/airflow/example_dags/example_sla_dag.py
[2024-05-20T11:43:00.421+0200] {processor.py:840} INFO - DAG(s) 'example_sla_dag' retrieved from /home/munya/anaconda3/lib/python3.11/site-packages/airflow/example_dags/example_sla_dag.py
[2024-05-20T11:43:00.480+0200] {logging_mixin.py:188} INFO - [2024-05-20T11:43:00.479+0200] {dag.py:3096} INFO - Sync 1 DAGs
[2024-05-20T11:43:00.575+0200] {logging_mixin.py:188} INFO - [2024-05-20T11:43:00.574+0200] {dag.py:3954} INFO - Setting next_dagrun for example_sla_dag to 2024-05-20 09:40:00+00:00, run_after=2024-05-20 09:42:00+00:00
[2024-05-20T11:43:00.644+0200] {processor.py:183} INFO - Processing /home/munya/anaconda3/lib/python3.11/site-packages/airflow/example_dags/example_sla_dag.py took 0.288 seconds
[2024-05-20T11:43:55.182+0200] {processor.py:161} INFO - Started process (PID=668218) to work on /home/munya/anaconda3/lib/python3.11/site-packages/airflow/example_dags/example_sla_dag.py
[2024-05-20T11:43:55.185+0200] {processor.py:830} INFO - Processing file /home/munya/anaconda3/lib/python3.11/site-packages/airflow/example_dags/example_sla_dag.py for tasks to queue
[2024-05-20T11:43:55.188+0200] {logging_mixin.py:188} INFO - [2024-05-20T11:43:55.186+0200] {dagbag.py:545} INFO - Filling up the DagBag from /home/munya/anaconda3/lib/python3.11/site-packages/airflow/example_dags/example_sla_dag.py
[2024-05-20T11:43:55.220+0200] {processor.py:840} INFO - DAG(s) 'example_sla_dag' retrieved from /home/munya/anaconda3/lib/python3.11/site-packages/airflow/example_dags/example_sla_dag.py
[2024-05-20T11:43:55.276+0200] {logging_mixin.py:188} INFO - [2024-05-20T11:43:55.275+0200] {dag.py:3096} INFO - Sync 1 DAGs
[2024-05-20T11:43:55.373+0200] {logging_mixin.py:188} INFO - [2024-05-20T11:43:55.373+0200] {dag.py:3954} INFO - Setting next_dagrun for example_sla_dag to 2024-05-20 09:40:00+00:00, run_after=2024-05-20 09:42:00+00:00
[2024-05-20T11:43:55.424+0200] {processor.py:183} INFO - Processing /home/munya/anaconda3/lib/python3.11/site-packages/airflow/example_dags/example_sla_dag.py took 0.263 seconds
[2024-05-20T11:44:55.920+0200] {processor.py:161} INFO - Started process (PID=669245) to work on /home/munya/anaconda3/lib/python3.11/site-packages/airflow/example_dags/example_sla_dag.py
[2024-05-20T11:44:55.921+0200] {processor.py:830} INFO - Processing file /home/munya/anaconda3/lib/python3.11/site-packages/airflow/example_dags/example_sla_dag.py for tasks to queue
[2024-05-20T11:44:55.921+0200] {logging_mixin.py:188} INFO - [2024-05-20T11:44:55.921+0200] {dagbag.py:545} INFO - Filling up the DagBag from /home/munya/anaconda3/lib/python3.11/site-packages/airflow/example_dags/example_sla_dag.py
[2024-05-20T11:44:55.930+0200] {processor.py:840} INFO - DAG(s) 'example_sla_dag' retrieved from /home/munya/anaconda3/lib/python3.11/site-packages/airflow/example_dags/example_sla_dag.py
[2024-05-20T11:44:55.947+0200] {logging_mixin.py:188} INFO - [2024-05-20T11:44:55.947+0200] {dag.py:3096} INFO - Sync 1 DAGs
[2024-05-20T11:44:55.974+0200] {logging_mixin.py:188} INFO - [2024-05-20T11:44:55.973+0200] {dag.py:3954} INFO - Setting next_dagrun for example_sla_dag to 2024-05-20 09:42:00+00:00, run_after=2024-05-20 09:44:00+00:00
[2024-05-20T11:44:55.997+0200] {processor.py:183} INFO - Processing /home/munya/anaconda3/lib/python3.11/site-packages/airflow/example_dags/example_sla_dag.py took 0.085 seconds
[2024-05-20T11:46:12.705+0200] {processor.py:161} INFO - Started process (PID=670511) to work on /home/munya/anaconda3/lib/python3.11/site-packages/airflow/example_dags/example_sla_dag.py
[2024-05-20T11:46:12.708+0200] {processor.py:830} INFO - Processing file /home/munya/anaconda3/lib/python3.11/site-packages/airflow/example_dags/example_sla_dag.py for tasks to queue
[2024-05-20T11:46:12.712+0200] {logging_mixin.py:188} INFO - [2024-05-20T11:46:12.710+0200] {dagbag.py:545} INFO - Filling up the DagBag from /home/munya/anaconda3/lib/python3.11/site-packages/airflow/example_dags/example_sla_dag.py
[2024-05-20T11:46:12.750+0200] {processor.py:840} INFO - DAG(s) 'example_sla_dag' retrieved from /home/munya/anaconda3/lib/python3.11/site-packages/airflow/example_dags/example_sla_dag.py
[2024-05-20T11:46:12.817+0200] {logging_mixin.py:188} INFO - [2024-05-20T11:46:12.816+0200] {dag.py:3096} INFO - Sync 1 DAGs
[2024-05-20T11:46:12.922+0200] {logging_mixin.py:188} INFO - [2024-05-20T11:46:12.921+0200] {dag.py:3954} INFO - Setting next_dagrun for example_sla_dag to 2024-05-20 09:44:00+00:00, run_after=2024-05-20 09:46:00+00:00
[2024-05-20T11:46:13.010+0200] {processor.py:183} INFO - Processing /home/munya/anaconda3/lib/python3.11/site-packages/airflow/example_dags/example_sla_dag.py took 0.331 seconds
[2024-05-20T11:47:15.827+0200] {processor.py:161} INFO - Started process (PID=671537) to work on /home/munya/anaconda3/lib/python3.11/site-packages/airflow/example_dags/example_sla_dag.py
[2024-05-20T11:47:15.830+0200] {processor.py:830} INFO - Processing file /home/munya/anaconda3/lib/python3.11/site-packages/airflow/example_dags/example_sla_dag.py for tasks to queue
[2024-05-20T11:47:15.834+0200] {logging_mixin.py:188} INFO - [2024-05-20T11:47:15.832+0200] {dagbag.py:545} INFO - Filling up the DagBag from /home/munya/anaconda3/lib/python3.11/site-packages/airflow/example_dags/example_sla_dag.py
[2024-05-20T11:47:15.868+0200] {processor.py:840} INFO - DAG(s) 'example_sla_dag' retrieved from /home/munya/anaconda3/lib/python3.11/site-packages/airflow/example_dags/example_sla_dag.py
[2024-05-20T11:47:15.928+0200] {logging_mixin.py:188} INFO - [2024-05-20T11:47:15.927+0200] {dag.py:3096} INFO - Sync 1 DAGs
[2024-05-20T11:47:16.012+0200] {logging_mixin.py:188} INFO - [2024-05-20T11:47:16.012+0200] {dag.py:3954} INFO - Setting next_dagrun for example_sla_dag to 2024-05-20 09:44:00+00:00, run_after=2024-05-20 09:46:00+00:00
[2024-05-20T11:47:16.076+0200] {processor.py:183} INFO - Processing /home/munya/anaconda3/lib/python3.11/site-packages/airflow/example_dags/example_sla_dag.py took 0.272 seconds
[2024-05-20T11:48:27.582+0200] {processor.py:161} INFO - Started process (PID=672725) to work on /home/munya/anaconda3/lib/python3.11/site-packages/airflow/example_dags/example_sla_dag.py
[2024-05-20T11:48:27.583+0200] {processor.py:830} INFO - Processing file /home/munya/anaconda3/lib/python3.11/site-packages/airflow/example_dags/example_sla_dag.py for tasks to queue
[2024-05-20T11:48:27.584+0200] {logging_mixin.py:188} INFO - [2024-05-20T11:48:27.584+0200] {dagbag.py:545} INFO - Filling up the DagBag from /home/munya/anaconda3/lib/python3.11/site-packages/airflow/example_dags/example_sla_dag.py
[2024-05-20T11:48:27.592+0200] {processor.py:840} INFO - DAG(s) 'example_sla_dag' retrieved from /home/munya/anaconda3/lib/python3.11/site-packages/airflow/example_dags/example_sla_dag.py
[2024-05-20T11:48:27.610+0200] {logging_mixin.py:188} INFO - [2024-05-20T11:48:27.609+0200] {dag.py:3096} INFO - Sync 1 DAGs
[2024-05-20T11:48:27.636+0200] {logging_mixin.py:188} INFO - [2024-05-20T11:48:27.635+0200] {dag.py:3954} INFO - Setting next_dagrun for example_sla_dag to 2024-05-20 09:46:00+00:00, run_after=2024-05-20 09:48:00+00:00
[2024-05-20T11:48:27.657+0200] {processor.py:183} INFO - Processing /home/munya/anaconda3/lib/python3.11/site-packages/airflow/example_dags/example_sla_dag.py took 0.083 seconds
[2024-05-20T11:49:29.769+0200] {processor.py:161} INFO - Started process (PID=673747) to work on /home/munya/anaconda3/lib/python3.11/site-packages/airflow/example_dags/example_sla_dag.py
[2024-05-20T11:49:29.770+0200] {processor.py:830} INFO - Processing file /home/munya/anaconda3/lib/python3.11/site-packages/airflow/example_dags/example_sla_dag.py for tasks to queue
[2024-05-20T11:49:29.771+0200] {logging_mixin.py:188} INFO - [2024-05-20T11:49:29.770+0200] {dagbag.py:545} INFO - Filling up the DagBag from /home/munya/anaconda3/lib/python3.11/site-packages/airflow/example_dags/example_sla_dag.py
[2024-05-20T11:49:29.783+0200] {processor.py:840} INFO - DAG(s) 'example_sla_dag' retrieved from /home/munya/anaconda3/lib/python3.11/site-packages/airflow/example_dags/example_sla_dag.py
[2024-05-20T11:49:29.799+0200] {logging_mixin.py:188} INFO - [2024-05-20T11:49:29.799+0200] {dag.py:3096} INFO - Sync 1 DAGs
[2024-05-20T11:49:29.826+0200] {logging_mixin.py:188} INFO - [2024-05-20T11:49:29.826+0200] {dag.py:3954} INFO - Setting next_dagrun for example_sla_dag to 2024-05-20 09:46:00+00:00, run_after=2024-05-20 09:48:00+00:00
[2024-05-20T11:49:29.846+0200] {processor.py:183} INFO - Processing /home/munya/anaconda3/lib/python3.11/site-packages/airflow/example_dags/example_sla_dag.py took 0.084 seconds
[2024-05-20T11:50:30.801+0200] {processor.py:161} INFO - Started process (PID=675046) to work on /home/munya/anaconda3/lib/python3.11/site-packages/airflow/example_dags/example_sla_dag.py
[2024-05-20T11:50:30.802+0200] {processor.py:830} INFO - Processing file /home/munya/anaconda3/lib/python3.11/site-packages/airflow/example_dags/example_sla_dag.py for tasks to queue
[2024-05-20T11:50:30.803+0200] {logging_mixin.py:188} INFO - [2024-05-20T11:50:30.802+0200] {dagbag.py:545} INFO - Filling up the DagBag from /home/munya/anaconda3/lib/python3.11/site-packages/airflow/example_dags/example_sla_dag.py
[2024-05-20T11:50:30.814+0200] {processor.py:840} INFO - DAG(s) 'example_sla_dag' retrieved from /home/munya/anaconda3/lib/python3.11/site-packages/airflow/example_dags/example_sla_dag.py
[2024-05-20T11:50:30.835+0200] {logging_mixin.py:188} INFO - [2024-05-20T11:50:30.835+0200] {dag.py:3096} INFO - Sync 1 DAGs
[2024-05-20T11:50:30.857+0200] {logging_mixin.py:188} INFO - [2024-05-20T11:50:30.857+0200] {dag.py:3954} INFO - Setting next_dagrun for example_sla_dag to 2024-05-20 09:48:00+00:00, run_after=2024-05-20 09:50:00+00:00
[2024-05-20T11:50:30.880+0200] {processor.py:183} INFO - Processing /home/munya/anaconda3/lib/python3.11/site-packages/airflow/example_dags/example_sla_dag.py took 0.086 seconds
[2024-05-20T11:51:33.341+0200] {processor.py:161} INFO - Started process (PID=676106) to work on /home/munya/anaconda3/lib/python3.11/site-packages/airflow/example_dags/example_sla_dag.py
[2024-05-20T11:51:33.341+0200] {processor.py:830} INFO - Processing file /home/munya/anaconda3/lib/python3.11/site-packages/airflow/example_dags/example_sla_dag.py for tasks to queue
[2024-05-20T11:51:33.342+0200] {logging_mixin.py:188} INFO - [2024-05-20T11:51:33.342+0200] {dagbag.py:545} INFO - Filling up the DagBag from /home/munya/anaconda3/lib/python3.11/site-packages/airflow/example_dags/example_sla_dag.py
[2024-05-20T11:51:33.350+0200] {processor.py:840} INFO - DAG(s) 'example_sla_dag' retrieved from /home/munya/anaconda3/lib/python3.11/site-packages/airflow/example_dags/example_sla_dag.py
[2024-05-20T11:51:33.366+0200] {logging_mixin.py:188} INFO - [2024-05-20T11:51:33.365+0200] {dag.py:3096} INFO - Sync 1 DAGs
[2024-05-20T11:51:33.389+0200] {logging_mixin.py:188} INFO - [2024-05-20T11:51:33.389+0200] {dag.py:3954} INFO - Setting next_dagrun for example_sla_dag to 2024-05-20 09:48:00+00:00, run_after=2024-05-20 09:50:00+00:00
[2024-05-20T11:51:33.406+0200] {processor.py:183} INFO - Processing /home/munya/anaconda3/lib/python3.11/site-packages/airflow/example_dags/example_sla_dag.py took 0.071 seconds
[2024-05-20T11:52:37.623+0200] {processor.py:161} INFO - Started process (PID=677215) to work on /home/munya/anaconda3/lib/python3.11/site-packages/airflow/example_dags/example_sla_dag.py
[2024-05-20T11:52:37.625+0200] {processor.py:830} INFO - Processing file /home/munya/anaconda3/lib/python3.11/site-packages/airflow/example_dags/example_sla_dag.py for tasks to queue
[2024-05-20T11:52:37.627+0200] {logging_mixin.py:188} INFO - [2024-05-20T11:52:37.626+0200] {dagbag.py:545} INFO - Filling up the DagBag from /home/munya/anaconda3/lib/python3.11/site-packages/airflow/example_dags/example_sla_dag.py
[2024-05-20T11:52:37.639+0200] {processor.py:840} INFO - DAG(s) 'example_sla_dag' retrieved from /home/munya/anaconda3/lib/python3.11/site-packages/airflow/example_dags/example_sla_dag.py
[2024-05-20T11:52:37.650+0200] {logging_mixin.py:188} INFO - [2024-05-20T11:52:37.649+0200] {dag.py:3096} INFO - Sync 1 DAGs
[2024-05-20T11:52:37.687+0200] {logging_mixin.py:188} INFO - [2024-05-20T11:52:37.687+0200] {dag.py:3954} INFO - Setting next_dagrun for example_sla_dag to 2024-05-20 09:50:00+00:00, run_after=2024-05-20 09:52:00+00:00
[2024-05-20T11:52:37.720+0200] {processor.py:183} INFO - Processing /home/munya/anaconda3/lib/python3.11/site-packages/airflow/example_dags/example_sla_dag.py took 0.104 seconds
[2024-05-20T11:54:13.070+0200] {processor.py:161} INFO - Started process (PID=678933) to work on /home/munya/anaconda3/lib/python3.11/site-packages/airflow/example_dags/example_sla_dag.py
[2024-05-20T11:54:13.071+0200] {processor.py:830} INFO - Processing file /home/munya/anaconda3/lib/python3.11/site-packages/airflow/example_dags/example_sla_dag.py for tasks to queue
[2024-05-20T11:54:13.071+0200] {logging_mixin.py:188} INFO - [2024-05-20T11:54:13.071+0200] {dagbag.py:545} INFO - Filling up the DagBag from /home/munya/anaconda3/lib/python3.11/site-packages/airflow/example_dags/example_sla_dag.py
[2024-05-20T11:54:13.080+0200] {processor.py:840} INFO - DAG(s) 'example_sla_dag' retrieved from /home/munya/anaconda3/lib/python3.11/site-packages/airflow/example_dags/example_sla_dag.py
[2024-05-20T11:54:13.176+0200] {logging_mixin.py:188} INFO - [2024-05-20T11:54:13.176+0200] {dag.py:3096} INFO - Sync 1 DAGs
[2024-05-20T11:54:13.199+0200] {logging_mixin.py:188} INFO - [2024-05-20T11:54:13.198+0200] {dag.py:3954} INFO - Setting next_dagrun for example_sla_dag to 2024-05-20 09:52:00+00:00, run_after=2024-05-20 09:54:00+00:00
[2024-05-20T11:54:13.226+0200] {processor.py:183} INFO - Processing /home/munya/anaconda3/lib/python3.11/site-packages/airflow/example_dags/example_sla_dag.py took 0.163 seconds
[2024-05-20T11:55:09.752+0200] {processor.py:161} INFO - Started process (PID=679861) to work on /home/munya/anaconda3/lib/python3.11/site-packages/airflow/example_dags/example_sla_dag.py
[2024-05-20T11:55:09.753+0200] {processor.py:830} INFO - Processing file /home/munya/anaconda3/lib/python3.11/site-packages/airflow/example_dags/example_sla_dag.py for tasks to queue
[2024-05-20T11:55:09.754+0200] {logging_mixin.py:188} INFO - [2024-05-20T11:55:09.753+0200] {dagbag.py:545} INFO - Filling up the DagBag from /home/munya/anaconda3/lib/python3.11/site-packages/airflow/example_dags/example_sla_dag.py
[2024-05-20T11:55:09.762+0200] {processor.py:840} INFO - DAG(s) 'example_sla_dag' retrieved from /home/munya/anaconda3/lib/python3.11/site-packages/airflow/example_dags/example_sla_dag.py
[2024-05-20T11:55:09.778+0200] {logging_mixin.py:188} INFO - [2024-05-20T11:55:09.778+0200] {dag.py:3096} INFO - Sync 1 DAGs
[2024-05-20T11:55:09.805+0200] {logging_mixin.py:188} INFO - [2024-05-20T11:55:09.804+0200] {dag.py:3954} INFO - Setting next_dagrun for example_sla_dag to 2024-05-20 09:52:00+00:00, run_after=2024-05-20 09:54:00+00:00
[2024-05-20T11:55:09.826+0200] {processor.py:183} INFO - Processing /home/munya/anaconda3/lib/python3.11/site-packages/airflow/example_dags/example_sla_dag.py took 0.081 seconds
[2024-05-20T11:56:22.904+0200] {processor.py:161} INFO - Started process (PID=681472) to work on /home/munya/anaconda3/lib/python3.11/site-packages/airflow/example_dags/example_sla_dag.py
[2024-05-20T11:56:22.911+0200] {processor.py:830} INFO - Processing file /home/munya/anaconda3/lib/python3.11/site-packages/airflow/example_dags/example_sla_dag.py for tasks to queue
[2024-05-20T11:56:22.912+0200] {logging_mixin.py:188} INFO - [2024-05-20T11:56:22.912+0200] {dagbag.py:545} INFO - Filling up the DagBag from /home/munya/anaconda3/lib/python3.11/site-packages/airflow/example_dags/example_sla_dag.py
[2024-05-20T11:56:22.926+0200] {processor.py:840} INFO - DAG(s) 'example_sla_dag' retrieved from /home/munya/anaconda3/lib/python3.11/site-packages/airflow/example_dags/example_sla_dag.py
[2024-05-20T11:56:22.963+0200] {logging_mixin.py:188} INFO - [2024-05-20T11:56:22.963+0200] {dag.py:3096} INFO - Sync 1 DAGs
[2024-05-20T11:56:23.025+0200] {logging_mixin.py:188} INFO - [2024-05-20T11:56:23.024+0200] {dag.py:3954} INFO - Setting next_dagrun for example_sla_dag to 2024-05-20 09:54:00+00:00, run_after=2024-05-20 09:56:00+00:00
[2024-05-20T11:56:23.059+0200] {processor.py:183} INFO - Processing /home/munya/anaconda3/lib/python3.11/site-packages/airflow/example_dags/example_sla_dag.py took 0.164 seconds
[2024-05-20T11:57:27.057+0200] {processor.py:161} INFO - Started process (PID=682739) to work on /home/munya/anaconda3/lib/python3.11/site-packages/airflow/example_dags/example_sla_dag.py
[2024-05-20T11:57:27.058+0200] {processor.py:830} INFO - Processing file /home/munya/anaconda3/lib/python3.11/site-packages/airflow/example_dags/example_sla_dag.py for tasks to queue
[2024-05-20T11:57:27.059+0200] {logging_mixin.py:188} INFO - [2024-05-20T11:57:27.058+0200] {dagbag.py:545} INFO - Filling up the DagBag from /home/munya/anaconda3/lib/python3.11/site-packages/airflow/example_dags/example_sla_dag.py
[2024-05-20T11:57:27.068+0200] {processor.py:840} INFO - DAG(s) 'example_sla_dag' retrieved from /home/munya/anaconda3/lib/python3.11/site-packages/airflow/example_dags/example_sla_dag.py
[2024-05-20T11:57:27.083+0200] {logging_mixin.py:188} INFO - [2024-05-20T11:57:27.082+0200] {dag.py:3096} INFO - Sync 1 DAGs
[2024-05-20T11:57:27.102+0200] {logging_mixin.py:188} INFO - [2024-05-20T11:57:27.102+0200] {dag.py:3954} INFO - Setting next_dagrun for example_sla_dag to 2024-05-20 09:54:00+00:00, run_after=2024-05-20 09:56:00+00:00
[2024-05-20T11:57:27.128+0200] {processor.py:183} INFO - Processing /home/munya/anaconda3/lib/python3.11/site-packages/airflow/example_dags/example_sla_dag.py took 0.078 seconds
[2024-05-20T11:59:30.850+0200] {processor.py:161} INFO - Started process (PID=684851) to work on /home/munya/anaconda3/lib/python3.11/site-packages/airflow/example_dags/example_sla_dag.py
[2024-05-20T11:59:30.851+0200] {processor.py:830} INFO - Processing file /home/munya/anaconda3/lib/python3.11/site-packages/airflow/example_dags/example_sla_dag.py for tasks to queue
[2024-05-20T11:59:30.853+0200] {logging_mixin.py:188} INFO - [2024-05-20T11:59:30.852+0200] {dagbag.py:545} INFO - Filling up the DagBag from /home/munya/anaconda3/lib/python3.11/site-packages/airflow/example_dags/example_sla_dag.py
[2024-05-20T11:59:30.867+0200] {processor.py:840} INFO - DAG(s) 'example_sla_dag' retrieved from /home/munya/anaconda3/lib/python3.11/site-packages/airflow/example_dags/example_sla_dag.py
[2024-05-20T11:59:30.893+0200] {logging_mixin.py:188} INFO - [2024-05-20T11:59:30.892+0200] {dag.py:3096} INFO - Sync 1 DAGs
[2024-05-20T11:59:30.928+0200] {logging_mixin.py:188} INFO - [2024-05-20T11:59:30.928+0200] {dag.py:3954} INFO - Setting next_dagrun for example_sla_dag to 2024-05-20 09:56:00+00:00, run_after=2024-05-20 09:58:00+00:00
[2024-05-20T11:59:30.978+0200] {processor.py:183} INFO - Processing /home/munya/anaconda3/lib/python3.11/site-packages/airflow/example_dags/example_sla_dag.py took 0.136 seconds
[2024-05-20T12:01:16.419+0200] {processor.py:161} INFO - Started process (PID=686675) to work on /home/munya/anaconda3/lib/python3.11/site-packages/airflow/example_dags/example_sla_dag.py
[2024-05-20T12:01:16.421+0200] {processor.py:830} INFO - Processing file /home/munya/anaconda3/lib/python3.11/site-packages/airflow/example_dags/example_sla_dag.py for tasks to queue
[2024-05-20T12:01:16.424+0200] {logging_mixin.py:188} INFO - [2024-05-20T12:01:16.423+0200] {dagbag.py:545} INFO - Filling up the DagBag from /home/munya/anaconda3/lib/python3.11/site-packages/airflow/example_dags/example_sla_dag.py
[2024-05-20T12:01:16.451+0200] {processor.py:840} INFO - DAG(s) 'example_sla_dag' retrieved from /home/munya/anaconda3/lib/python3.11/site-packages/airflow/example_dags/example_sla_dag.py
[2024-05-20T12:01:16.489+0200] {logging_mixin.py:188} INFO - [2024-05-20T12:01:16.488+0200] {dag.py:3096} INFO - Sync 1 DAGs
[2024-05-20T12:01:16.529+0200] {logging_mixin.py:188} INFO - [2024-05-20T12:01:16.528+0200] {dag.py:3954} INFO - Setting next_dagrun for example_sla_dag to 2024-05-20 09:58:00+00:00, run_after=2024-05-20 10:00:00+00:00
[2024-05-20T12:01:16.566+0200] {processor.py:183} INFO - Processing /home/munya/anaconda3/lib/python3.11/site-packages/airflow/example_dags/example_sla_dag.py took 0.163 seconds
[2024-05-20T12:02:19.835+0200] {processor.py:161} INFO - Started process (PID=687787) to work on /home/munya/anaconda3/lib/python3.11/site-packages/airflow/example_dags/example_sla_dag.py
[2024-05-20T12:02:19.836+0200] {processor.py:830} INFO - Processing file /home/munya/anaconda3/lib/python3.11/site-packages/airflow/example_dags/example_sla_dag.py for tasks to queue
[2024-05-20T12:02:19.837+0200] {logging_mixin.py:188} INFO - [2024-05-20T12:02:19.837+0200] {dagbag.py:545} INFO - Filling up the DagBag from /home/munya/anaconda3/lib/python3.11/site-packages/airflow/example_dags/example_sla_dag.py
[2024-05-20T12:02:19.849+0200] {processor.py:840} INFO - DAG(s) 'example_sla_dag' retrieved from /home/munya/anaconda3/lib/python3.11/site-packages/airflow/example_dags/example_sla_dag.py
[2024-05-20T12:02:19.870+0200] {logging_mixin.py:188} INFO - [2024-05-20T12:02:19.869+0200] {dag.py:3096} INFO - Sync 1 DAGs
[2024-05-20T12:02:19.910+0200] {logging_mixin.py:188} INFO - [2024-05-20T12:02:19.910+0200] {dag.py:3954} INFO - Setting next_dagrun for example_sla_dag to 2024-05-20 10:00:00+00:00, run_after=2024-05-20 10:02:00+00:00
[2024-05-20T12:02:19.938+0200] {processor.py:183} INFO - Processing /home/munya/anaconda3/lib/python3.11/site-packages/airflow/example_dags/example_sla_dag.py took 0.112 seconds
[2024-05-20T12:03:21.345+0200] {processor.py:161} INFO - Started process (PID=688846) to work on /home/munya/anaconda3/lib/python3.11/site-packages/airflow/example_dags/example_sla_dag.py
[2024-05-20T12:03:21.346+0200] {processor.py:830} INFO - Processing file /home/munya/anaconda3/lib/python3.11/site-packages/airflow/example_dags/example_sla_dag.py for tasks to queue
[2024-05-20T12:03:21.347+0200] {logging_mixin.py:188} INFO - [2024-05-20T12:03:21.347+0200] {dagbag.py:545} INFO - Filling up the DagBag from /home/munya/anaconda3/lib/python3.11/site-packages/airflow/example_dags/example_sla_dag.py
[2024-05-20T12:03:21.356+0200] {processor.py:840} INFO - DAG(s) 'example_sla_dag' retrieved from /home/munya/anaconda3/lib/python3.11/site-packages/airflow/example_dags/example_sla_dag.py
[2024-05-20T12:03:21.372+0200] {logging_mixin.py:188} INFO - [2024-05-20T12:03:21.371+0200] {dag.py:3096} INFO - Sync 1 DAGs
[2024-05-20T12:03:21.393+0200] {logging_mixin.py:188} INFO - [2024-05-20T12:03:21.392+0200] {dag.py:3954} INFO - Setting next_dagrun for example_sla_dag to 2024-05-20 10:00:00+00:00, run_after=2024-05-20 10:02:00+00:00
[2024-05-20T12:03:21.412+0200] {processor.py:183} INFO - Processing /home/munya/anaconda3/lib/python3.11/site-packages/airflow/example_dags/example_sla_dag.py took 0.073 seconds
[2024-05-20T12:04:18.849+0200] {processor.py:161} INFO - Started process (PID=689861) to work on /home/munya/anaconda3/lib/python3.11/site-packages/airflow/example_dags/example_sla_dag.py
[2024-05-20T12:04:18.850+0200] {processor.py:830} INFO - Processing file /home/munya/anaconda3/lib/python3.11/site-packages/airflow/example_dags/example_sla_dag.py for tasks to queue
[2024-05-20T12:04:18.851+0200] {logging_mixin.py:188} INFO - [2024-05-20T12:04:18.851+0200] {dagbag.py:545} INFO - Filling up the DagBag from /home/munya/anaconda3/lib/python3.11/site-packages/airflow/example_dags/example_sla_dag.py
[2024-05-20T12:04:18.862+0200] {processor.py:840} INFO - DAG(s) 'example_sla_dag' retrieved from /home/munya/anaconda3/lib/python3.11/site-packages/airflow/example_dags/example_sla_dag.py
[2024-05-20T12:04:18.881+0200] {logging_mixin.py:188} INFO - [2024-05-20T12:04:18.881+0200] {dag.py:3096} INFO - Sync 1 DAGs
[2024-05-20T12:04:18.909+0200] {logging_mixin.py:188} INFO - [2024-05-20T12:04:18.909+0200] {dag.py:3954} INFO - Setting next_dagrun for example_sla_dag to 2024-05-20 10:02:00+00:00, run_after=2024-05-20 10:04:00+00:00
[2024-05-20T12:04:18.932+0200] {processor.py:183} INFO - Processing /home/munya/anaconda3/lib/python3.11/site-packages/airflow/example_dags/example_sla_dag.py took 0.091 seconds
[2024-05-20T12:05:31.936+0200] {processor.py:161} INFO - Started process (PID=691125) to work on /home/munya/anaconda3/lib/python3.11/site-packages/airflow/example_dags/example_sla_dag.py
[2024-05-20T12:05:31.937+0200] {processor.py:830} INFO - Processing file /home/munya/anaconda3/lib/python3.11/site-packages/airflow/example_dags/example_sla_dag.py for tasks to queue
[2024-05-20T12:05:31.938+0200] {logging_mixin.py:188} INFO - [2024-05-20T12:05:31.938+0200] {dagbag.py:545} INFO - Filling up the DagBag from /home/munya/anaconda3/lib/python3.11/site-packages/airflow/example_dags/example_sla_dag.py
[2024-05-20T12:05:31.957+0200] {processor.py:840} INFO - DAG(s) 'example_sla_dag' retrieved from /home/munya/anaconda3/lib/python3.11/site-packages/airflow/example_dags/example_sla_dag.py
[2024-05-20T12:05:31.981+0200] {logging_mixin.py:188} INFO - [2024-05-20T12:05:31.981+0200] {dag.py:3096} INFO - Sync 1 DAGs
[2024-05-20T12:05:32.011+0200] {logging_mixin.py:188} INFO - [2024-05-20T12:05:32.011+0200] {dag.py:3954} INFO - Setting next_dagrun for example_sla_dag to 2024-05-20 10:02:00+00:00, run_after=2024-05-20 10:04:00+00:00
[2024-05-20T12:05:32.036+0200] {processor.py:183} INFO - Processing /home/munya/anaconda3/lib/python3.11/site-packages/airflow/example_dags/example_sla_dag.py took 0.107 seconds
[2024-05-20T12:06:23.675+0200] {processor.py:161} INFO - Started process (PID=692019) to work on /home/munya/anaconda3/lib/python3.11/site-packages/airflow/example_dags/example_sla_dag.py
[2024-05-20T12:06:23.676+0200] {processor.py:830} INFO - Processing file /home/munya/anaconda3/lib/python3.11/site-packages/airflow/example_dags/example_sla_dag.py for tasks to queue
[2024-05-20T12:06:23.677+0200] {logging_mixin.py:188} INFO - [2024-05-20T12:06:23.677+0200] {dagbag.py:545} INFO - Filling up the DagBag from /home/munya/anaconda3/lib/python3.11/site-packages/airflow/example_dags/example_sla_dag.py
[2024-05-20T12:06:23.689+0200] {processor.py:840} INFO - DAG(s) 'example_sla_dag' retrieved from /home/munya/anaconda3/lib/python3.11/site-packages/airflow/example_dags/example_sla_dag.py
[2024-05-20T12:06:23.707+0200] {logging_mixin.py:188} INFO - [2024-05-20T12:06:23.707+0200] {dag.py:3096} INFO - Sync 1 DAGs
[2024-05-20T12:06:23.736+0200] {logging_mixin.py:188} INFO - [2024-05-20T12:06:23.735+0200] {dag.py:3954} INFO - Setting next_dagrun for example_sla_dag to 2024-05-20 10:04:00+00:00, run_after=2024-05-20 10:06:00+00:00
[2024-05-20T12:06:23.758+0200] {processor.py:183} INFO - Processing /home/munya/anaconda3/lib/python3.11/site-packages/airflow/example_dags/example_sla_dag.py took 0.091 seconds
[2024-05-20T12:07:20.563+0200] {processor.py:161} INFO - Started process (PID=693007) to work on /home/munya/anaconda3/lib/python3.11/site-packages/airflow/example_dags/example_sla_dag.py
[2024-05-20T12:07:20.564+0200] {processor.py:830} INFO - Processing file /home/munya/anaconda3/lib/python3.11/site-packages/airflow/example_dags/example_sla_dag.py for tasks to queue
[2024-05-20T12:07:20.565+0200] {logging_mixin.py:188} INFO - [2024-05-20T12:07:20.565+0200] {dagbag.py:545} INFO - Filling up the DagBag from /home/munya/anaconda3/lib/python3.11/site-packages/airflow/example_dags/example_sla_dag.py
[2024-05-20T12:07:20.575+0200] {processor.py:840} INFO - DAG(s) 'example_sla_dag' retrieved from /home/munya/anaconda3/lib/python3.11/site-packages/airflow/example_dags/example_sla_dag.py
[2024-05-20T12:07:20.592+0200] {logging_mixin.py:188} INFO - [2024-05-20T12:07:20.592+0200] {dag.py:3096} INFO - Sync 1 DAGs
[2024-05-20T12:07:20.618+0200] {logging_mixin.py:188} INFO - [2024-05-20T12:07:20.618+0200] {dag.py:3954} INFO - Setting next_dagrun for example_sla_dag to 2024-05-20 10:04:00+00:00, run_after=2024-05-20 10:06:00+00:00
[2024-05-20T12:07:20.635+0200] {processor.py:183} INFO - Processing /home/munya/anaconda3/lib/python3.11/site-packages/airflow/example_dags/example_sla_dag.py took 0.079 seconds
[2024-05-20T12:08:13.550+0200] {processor.py:161} INFO - Started process (PID=693917) to work on /home/munya/anaconda3/lib/python3.11/site-packages/airflow/example_dags/example_sla_dag.py
[2024-05-20T12:08:13.551+0200] {processor.py:830} INFO - Processing file /home/munya/anaconda3/lib/python3.11/site-packages/airflow/example_dags/example_sla_dag.py for tasks to queue
[2024-05-20T12:08:13.552+0200] {logging_mixin.py:188} INFO - [2024-05-20T12:08:13.551+0200] {dagbag.py:545} INFO - Filling up the DagBag from /home/munya/anaconda3/lib/python3.11/site-packages/airflow/example_dags/example_sla_dag.py
[2024-05-20T12:08:13.563+0200] {processor.py:840} INFO - DAG(s) 'example_sla_dag' retrieved from /home/munya/anaconda3/lib/python3.11/site-packages/airflow/example_dags/example_sla_dag.py
[2024-05-20T12:08:13.580+0200] {logging_mixin.py:188} INFO - [2024-05-20T12:08:13.580+0200] {dag.py:3096} INFO - Sync 1 DAGs
[2024-05-20T12:08:13.604+0200] {logging_mixin.py:188} INFO - [2024-05-20T12:08:13.604+0200] {dag.py:3954} INFO - Setting next_dagrun for example_sla_dag to 2024-05-20 10:06:00+00:00, run_after=2024-05-20 10:08:00+00:00
[2024-05-20T12:08:13.626+0200] {processor.py:183} INFO - Processing /home/munya/anaconda3/lib/python3.11/site-packages/airflow/example_dags/example_sla_dag.py took 0.084 seconds
[2024-05-20T12:09:08.286+0200] {processor.py:161} INFO - Started process (PID=694909) to work on /home/munya/anaconda3/lib/python3.11/site-packages/airflow/example_dags/example_sla_dag.py
[2024-05-20T12:09:08.287+0200] {processor.py:830} INFO - Processing file /home/munya/anaconda3/lib/python3.11/site-packages/airflow/example_dags/example_sla_dag.py for tasks to queue
[2024-05-20T12:09:08.288+0200] {logging_mixin.py:188} INFO - [2024-05-20T12:09:08.288+0200] {dagbag.py:545} INFO - Filling up the DagBag from /home/munya/anaconda3/lib/python3.11/site-packages/airflow/example_dags/example_sla_dag.py
[2024-05-20T12:09:08.299+0200] {processor.py:840} INFO - DAG(s) 'example_sla_dag' retrieved from /home/munya/anaconda3/lib/python3.11/site-packages/airflow/example_dags/example_sla_dag.py
[2024-05-20T12:09:08.317+0200] {logging_mixin.py:188} INFO - [2024-05-20T12:09:08.317+0200] {dag.py:3096} INFO - Sync 1 DAGs
[2024-05-20T12:09:08.343+0200] {logging_mixin.py:188} INFO - [2024-05-20T12:09:08.343+0200] {dag.py:3954} INFO - Setting next_dagrun for example_sla_dag to 2024-05-20 10:06:00+00:00, run_after=2024-05-20 10:08:00+00:00
[2024-05-20T12:09:08.366+0200] {processor.py:183} INFO - Processing /home/munya/anaconda3/lib/python3.11/site-packages/airflow/example_dags/example_sla_dag.py took 0.087 seconds
[2024-05-20T12:10:05.392+0200] {processor.py:161} INFO - Started process (PID=695922) to work on /home/munya/anaconda3/lib/python3.11/site-packages/airflow/example_dags/example_sla_dag.py
[2024-05-20T12:10:05.393+0200] {processor.py:830} INFO - Processing file /home/munya/anaconda3/lib/python3.11/site-packages/airflow/example_dags/example_sla_dag.py for tasks to queue
[2024-05-20T12:10:05.394+0200] {logging_mixin.py:188} INFO - [2024-05-20T12:10:05.394+0200] {dagbag.py:545} INFO - Filling up the DagBag from /home/munya/anaconda3/lib/python3.11/site-packages/airflow/example_dags/example_sla_dag.py
[2024-05-20T12:10:05.404+0200] {processor.py:840} INFO - DAG(s) 'example_sla_dag' retrieved from /home/munya/anaconda3/lib/python3.11/site-packages/airflow/example_dags/example_sla_dag.py
[2024-05-20T12:10:05.419+0200] {logging_mixin.py:188} INFO - [2024-05-20T12:10:05.418+0200] {dag.py:3096} INFO - Sync 1 DAGs
[2024-05-20T12:10:05.440+0200] {logging_mixin.py:188} INFO - [2024-05-20T12:10:05.439+0200] {dag.py:3954} INFO - Setting next_dagrun for example_sla_dag to 2024-05-20 10:08:00+00:00, run_after=2024-05-20 10:10:00+00:00
[2024-05-20T12:10:05.458+0200] {processor.py:183} INFO - Processing /home/munya/anaconda3/lib/python3.11/site-packages/airflow/example_dags/example_sla_dag.py took 0.072 seconds
[2024-05-20T12:11:02.446+0200] {processor.py:161} INFO - Started process (PID=696899) to work on /home/munya/anaconda3/lib/python3.11/site-packages/airflow/example_dags/example_sla_dag.py
[2024-05-20T12:11:02.447+0200] {processor.py:830} INFO - Processing file /home/munya/anaconda3/lib/python3.11/site-packages/airflow/example_dags/example_sla_dag.py for tasks to queue
[2024-05-20T12:11:02.448+0200] {logging_mixin.py:188} INFO - [2024-05-20T12:11:02.447+0200] {dagbag.py:545} INFO - Filling up the DagBag from /home/munya/anaconda3/lib/python3.11/site-packages/airflow/example_dags/example_sla_dag.py
[2024-05-20T12:11:02.459+0200] {processor.py:840} INFO - DAG(s) 'example_sla_dag' retrieved from /home/munya/anaconda3/lib/python3.11/site-packages/airflow/example_dags/example_sla_dag.py
[2024-05-20T12:11:02.475+0200] {logging_mixin.py:188} INFO - [2024-05-20T12:11:02.475+0200] {dag.py:3096} INFO - Sync 1 DAGs
[2024-05-20T12:11:02.496+0200] {logging_mixin.py:188} INFO - [2024-05-20T12:11:02.496+0200] {dag.py:3954} INFO - Setting next_dagrun for example_sla_dag to 2024-05-20 10:08:00+00:00, run_after=2024-05-20 10:10:00+00:00
[2024-05-20T12:11:02.515+0200] {processor.py:183} INFO - Processing /home/munya/anaconda3/lib/python3.11/site-packages/airflow/example_dags/example_sla_dag.py took 0.076 seconds
[2024-05-20T12:11:56.995+0200] {processor.py:161} INFO - Started process (PID=697829) to work on /home/munya/anaconda3/lib/python3.11/site-packages/airflow/example_dags/example_sla_dag.py
[2024-05-20T12:11:56.996+0200] {processor.py:830} INFO - Processing file /home/munya/anaconda3/lib/python3.11/site-packages/airflow/example_dags/example_sla_dag.py for tasks to queue
[2024-05-20T12:11:56.998+0200] {logging_mixin.py:188} INFO - [2024-05-20T12:11:56.997+0200] {dagbag.py:545} INFO - Filling up the DagBag from /home/munya/anaconda3/lib/python3.11/site-packages/airflow/example_dags/example_sla_dag.py
[2024-05-20T12:11:57.010+0200] {processor.py:840} INFO - DAG(s) 'example_sla_dag' retrieved from /home/munya/anaconda3/lib/python3.11/site-packages/airflow/example_dags/example_sla_dag.py
[2024-05-20T12:11:57.028+0200] {logging_mixin.py:188} INFO - [2024-05-20T12:11:57.028+0200] {dag.py:3096} INFO - Sync 1 DAGs
[2024-05-20T12:11:57.058+0200] {logging_mixin.py:188} INFO - [2024-05-20T12:11:57.057+0200] {dag.py:3954} INFO - Setting next_dagrun for example_sla_dag to 2024-05-20 10:08:00+00:00, run_after=2024-05-20 10:10:00+00:00
[2024-05-20T12:11:57.082+0200] {processor.py:183} INFO - Processing /home/munya/anaconda3/lib/python3.11/site-packages/airflow/example_dags/example_sla_dag.py took 0.095 seconds
[2024-05-20T12:12:51.693+0200] {processor.py:161} INFO - Started process (PID=698820) to work on /home/munya/anaconda3/lib/python3.11/site-packages/airflow/example_dags/example_sla_dag.py
[2024-05-20T12:12:51.695+0200] {processor.py:830} INFO - Processing file /home/munya/anaconda3/lib/python3.11/site-packages/airflow/example_dags/example_sla_dag.py for tasks to queue
[2024-05-20T12:12:51.696+0200] {logging_mixin.py:188} INFO - [2024-05-20T12:12:51.696+0200] {dagbag.py:545} INFO - Filling up the DagBag from /home/munya/anaconda3/lib/python3.11/site-packages/airflow/example_dags/example_sla_dag.py
[2024-05-20T12:12:51.708+0200] {processor.py:840} INFO - DAG(s) 'example_sla_dag' retrieved from /home/munya/anaconda3/lib/python3.11/site-packages/airflow/example_dags/example_sla_dag.py
[2024-05-20T12:12:51.737+0200] {logging_mixin.py:188} INFO - [2024-05-20T12:12:51.736+0200] {dag.py:3096} INFO - Sync 1 DAGs
[2024-05-20T12:12:51.765+0200] {logging_mixin.py:188} INFO - [2024-05-20T12:12:51.765+0200] {dag.py:3954} INFO - Setting next_dagrun for example_sla_dag to 2024-05-20 10:10:00+00:00, run_after=2024-05-20 10:12:00+00:00
[2024-05-20T12:12:51.793+0200] {processor.py:183} INFO - Processing /home/munya/anaconda3/lib/python3.11/site-packages/airflow/example_dags/example_sla_dag.py took 0.108 seconds
[2024-05-20T12:13:46.254+0200] {processor.py:161} INFO - Started process (PID=699750) to work on /home/munya/anaconda3/lib/python3.11/site-packages/airflow/example_dags/example_sla_dag.py
[2024-05-20T12:13:46.255+0200] {processor.py:830} INFO - Processing file /home/munya/anaconda3/lib/python3.11/site-packages/airflow/example_dags/example_sla_dag.py for tasks to queue
[2024-05-20T12:13:46.256+0200] {logging_mixin.py:188} INFO - [2024-05-20T12:13:46.256+0200] {dagbag.py:545} INFO - Filling up the DagBag from /home/munya/anaconda3/lib/python3.11/site-packages/airflow/example_dags/example_sla_dag.py
[2024-05-20T12:13:46.265+0200] {processor.py:840} INFO - DAG(s) 'example_sla_dag' retrieved from /home/munya/anaconda3/lib/python3.11/site-packages/airflow/example_dags/example_sla_dag.py
[2024-05-20T12:13:46.279+0200] {logging_mixin.py:188} INFO - [2024-05-20T12:13:46.279+0200] {dag.py:3096} INFO - Sync 1 DAGs
[2024-05-20T12:13:46.298+0200] {logging_mixin.py:188} INFO - [2024-05-20T12:13:46.298+0200] {dag.py:3954} INFO - Setting next_dagrun for example_sla_dag to 2024-05-20 10:10:00+00:00, run_after=2024-05-20 10:12:00+00:00
[2024-05-20T12:13:46.314+0200] {processor.py:183} INFO - Processing /home/munya/anaconda3/lib/python3.11/site-packages/airflow/example_dags/example_sla_dag.py took 0.065 seconds
[2024-05-20T12:14:44.114+0200] {processor.py:161} INFO - Started process (PID=700759) to work on /home/munya/anaconda3/lib/python3.11/site-packages/airflow/example_dags/example_sla_dag.py
[2024-05-20T12:14:44.116+0200] {processor.py:830} INFO - Processing file /home/munya/anaconda3/lib/python3.11/site-packages/airflow/example_dags/example_sla_dag.py for tasks to queue
[2024-05-20T12:14:44.117+0200] {logging_mixin.py:188} INFO - [2024-05-20T12:14:44.117+0200] {dagbag.py:545} INFO - Filling up the DagBag from /home/munya/anaconda3/lib/python3.11/site-packages/airflow/example_dags/example_sla_dag.py
[2024-05-20T12:14:44.129+0200] {processor.py:840} INFO - DAG(s) 'example_sla_dag' retrieved from /home/munya/anaconda3/lib/python3.11/site-packages/airflow/example_dags/example_sla_dag.py
[2024-05-20T12:14:44.148+0200] {logging_mixin.py:188} INFO - [2024-05-20T12:14:44.148+0200] {dag.py:3096} INFO - Sync 1 DAGs
[2024-05-20T12:14:44.175+0200] {logging_mixin.py:188} INFO - [2024-05-20T12:14:44.175+0200] {dag.py:3954} INFO - Setting next_dagrun for example_sla_dag to 2024-05-20 10:12:00+00:00, run_after=2024-05-20 10:14:00+00:00
[2024-05-20T12:14:44.198+0200] {processor.py:183} INFO - Processing /home/munya/anaconda3/lib/python3.11/site-packages/airflow/example_dags/example_sla_dag.py took 0.094 seconds
[2024-05-20T12:15:41.110+0200] {processor.py:161} INFO - Started process (PID=701744) to work on /home/munya/anaconda3/lib/python3.11/site-packages/airflow/example_dags/example_sla_dag.py
[2024-05-20T12:15:41.111+0200] {processor.py:830} INFO - Processing file /home/munya/anaconda3/lib/python3.11/site-packages/airflow/example_dags/example_sla_dag.py for tasks to queue
[2024-05-20T12:15:41.112+0200] {logging_mixin.py:188} INFO - [2024-05-20T12:15:41.111+0200] {dagbag.py:545} INFO - Filling up the DagBag from /home/munya/anaconda3/lib/python3.11/site-packages/airflow/example_dags/example_sla_dag.py
[2024-05-20T12:15:41.120+0200] {processor.py:840} INFO - DAG(s) 'example_sla_dag' retrieved from /home/munya/anaconda3/lib/python3.11/site-packages/airflow/example_dags/example_sla_dag.py
[2024-05-20T12:15:41.136+0200] {logging_mixin.py:188} INFO - [2024-05-20T12:15:41.136+0200] {dag.py:3096} INFO - Sync 1 DAGs
[2024-05-20T12:15:41.159+0200] {logging_mixin.py:188} INFO - [2024-05-20T12:15:41.159+0200] {dag.py:3954} INFO - Setting next_dagrun for example_sla_dag to 2024-05-20 10:12:00+00:00, run_after=2024-05-20 10:14:00+00:00
[2024-05-20T12:15:41.176+0200] {processor.py:183} INFO - Processing /home/munya/anaconda3/lib/python3.11/site-packages/airflow/example_dags/example_sla_dag.py took 0.073 seconds
[2024-05-20T12:16:37.836+0200] {processor.py:161} INFO - Started process (PID=702719) to work on /home/munya/anaconda3/lib/python3.11/site-packages/airflow/example_dags/example_sla_dag.py
[2024-05-20T12:16:37.837+0200] {processor.py:830} INFO - Processing file /home/munya/anaconda3/lib/python3.11/site-packages/airflow/example_dags/example_sla_dag.py for tasks to queue
[2024-05-20T12:16:37.838+0200] {logging_mixin.py:188} INFO - [2024-05-20T12:16:37.837+0200] {dagbag.py:545} INFO - Filling up the DagBag from /home/munya/anaconda3/lib/python3.11/site-packages/airflow/example_dags/example_sla_dag.py
[2024-05-20T12:16:37.849+0200] {processor.py:840} INFO - DAG(s) 'example_sla_dag' retrieved from /home/munya/anaconda3/lib/python3.11/site-packages/airflow/example_dags/example_sla_dag.py
[2024-05-20T12:16:37.868+0200] {logging_mixin.py:188} INFO - [2024-05-20T12:16:37.868+0200] {dag.py:3096} INFO - Sync 1 DAGs
[2024-05-20T12:16:37.896+0200] {logging_mixin.py:188} INFO - [2024-05-20T12:16:37.896+0200] {dag.py:3954} INFO - Setting next_dagrun for example_sla_dag to 2024-05-20 10:14:00+00:00, run_after=2024-05-20 10:16:00+00:00
[2024-05-20T12:16:37.917+0200] {processor.py:183} INFO - Processing /home/munya/anaconda3/lib/python3.11/site-packages/airflow/example_dags/example_sla_dag.py took 0.089 seconds
[2024-05-20T12:17:32.536+0200] {processor.py:161} INFO - Started process (PID=703676) to work on /home/munya/anaconda3/lib/python3.11/site-packages/airflow/example_dags/example_sla_dag.py
[2024-05-20T12:17:32.538+0200] {processor.py:830} INFO - Processing file /home/munya/anaconda3/lib/python3.11/site-packages/airflow/example_dags/example_sla_dag.py for tasks to queue
[2024-05-20T12:17:32.540+0200] {logging_mixin.py:188} INFO - [2024-05-20T12:17:32.539+0200] {dagbag.py:545} INFO - Filling up the DagBag from /home/munya/anaconda3/lib/python3.11/site-packages/airflow/example_dags/example_sla_dag.py
[2024-05-20T12:17:32.555+0200] {processor.py:840} INFO - DAG(s) 'example_sla_dag' retrieved from /home/munya/anaconda3/lib/python3.11/site-packages/airflow/example_dags/example_sla_dag.py
[2024-05-20T12:17:32.587+0200] {logging_mixin.py:188} INFO - [2024-05-20T12:17:32.587+0200] {dag.py:3096} INFO - Sync 1 DAGs
[2024-05-20T12:17:32.616+0200] {logging_mixin.py:188} INFO - [2024-05-20T12:17:32.615+0200] {dag.py:3954} INFO - Setting next_dagrun for example_sla_dag to 2024-05-20 10:14:00+00:00, run_after=2024-05-20 10:16:00+00:00
[2024-05-20T12:17:32.639+0200] {processor.py:183} INFO - Processing /home/munya/anaconda3/lib/python3.11/site-packages/airflow/example_dags/example_sla_dag.py took 0.113 seconds
[2024-05-20T12:18:26.176+0200] {processor.py:161} INFO - Started process (PID=704605) to work on /home/munya/anaconda3/lib/python3.11/site-packages/airflow/example_dags/example_sla_dag.py
[2024-05-20T12:18:26.177+0200] {processor.py:830} INFO - Processing file /home/munya/anaconda3/lib/python3.11/site-packages/airflow/example_dags/example_sla_dag.py for tasks to queue
[2024-05-20T12:18:26.178+0200] {logging_mixin.py:188} INFO - [2024-05-20T12:18:26.178+0200] {dagbag.py:545} INFO - Filling up the DagBag from /home/munya/anaconda3/lib/python3.11/site-packages/airflow/example_dags/example_sla_dag.py
[2024-05-20T12:18:26.188+0200] {processor.py:840} INFO - DAG(s) 'example_sla_dag' retrieved from /home/munya/anaconda3/lib/python3.11/site-packages/airflow/example_dags/example_sla_dag.py
[2024-05-20T12:18:26.207+0200] {logging_mixin.py:188} INFO - [2024-05-20T12:18:26.207+0200] {dag.py:3096} INFO - Sync 1 DAGs
[2024-05-20T12:18:26.235+0200] {logging_mixin.py:188} INFO - [2024-05-20T12:18:26.235+0200] {dag.py:3954} INFO - Setting next_dagrun for example_sla_dag to 2024-05-20 10:16:00+00:00, run_after=2024-05-20 10:18:00+00:00
[2024-05-20T12:18:26.254+0200] {processor.py:183} INFO - Processing /home/munya/anaconda3/lib/python3.11/site-packages/airflow/example_dags/example_sla_dag.py took 0.085 seconds
[2024-05-20T12:19:22.588+0200] {processor.py:161} INFO - Started process (PID=705725) to work on /home/munya/anaconda3/lib/python3.11/site-packages/airflow/example_dags/example_sla_dag.py
[2024-05-20T12:19:22.589+0200] {processor.py:830} INFO - Processing file /home/munya/anaconda3/lib/python3.11/site-packages/airflow/example_dags/example_sla_dag.py for tasks to queue
[2024-05-20T12:19:22.591+0200] {logging_mixin.py:188} INFO - [2024-05-20T12:19:22.590+0200] {dagbag.py:545} INFO - Filling up the DagBag from /home/munya/anaconda3/lib/python3.11/site-packages/airflow/example_dags/example_sla_dag.py
[2024-05-20T12:19:22.607+0200] {processor.py:840} INFO - DAG(s) 'example_sla_dag' retrieved from /home/munya/anaconda3/lib/python3.11/site-packages/airflow/example_dags/example_sla_dag.py
[2024-05-20T12:19:22.627+0200] {logging_mixin.py:188} INFO - [2024-05-20T12:19:22.627+0200] {dag.py:3096} INFO - Sync 1 DAGs
[2024-05-20T12:19:22.655+0200] {logging_mixin.py:188} INFO - [2024-05-20T12:19:22.654+0200] {dag.py:3954} INFO - Setting next_dagrun for example_sla_dag to 2024-05-20 10:16:00+00:00, run_after=2024-05-20 10:18:00+00:00
[2024-05-20T12:19:22.680+0200] {processor.py:183} INFO - Processing /home/munya/anaconda3/lib/python3.11/site-packages/airflow/example_dags/example_sla_dag.py took 0.100 seconds
[2024-05-20T12:20:24.010+0200] {processor.py:161} INFO - Started process (PID=706756) to work on /home/munya/anaconda3/lib/python3.11/site-packages/airflow/example_dags/example_sla_dag.py
[2024-05-20T12:20:24.012+0200] {processor.py:830} INFO - Processing file /home/munya/anaconda3/lib/python3.11/site-packages/airflow/example_dags/example_sla_dag.py for tasks to queue
[2024-05-20T12:20:24.013+0200] {logging_mixin.py:188} INFO - [2024-05-20T12:20:24.012+0200] {dagbag.py:545} INFO - Filling up the DagBag from /home/munya/anaconda3/lib/python3.11/site-packages/airflow/example_dags/example_sla_dag.py
[2024-05-20T12:20:24.025+0200] {processor.py:840} INFO - DAG(s) 'example_sla_dag' retrieved from /home/munya/anaconda3/lib/python3.11/site-packages/airflow/example_dags/example_sla_dag.py
[2024-05-20T12:20:24.048+0200] {logging_mixin.py:188} INFO - [2024-05-20T12:20:24.046+0200] {dag.py:3096} INFO - Sync 1 DAGs
[2024-05-20T12:20:24.093+0200] {logging_mixin.py:188} INFO - [2024-05-20T12:20:24.093+0200] {dag.py:3954} INFO - Setting next_dagrun for example_sla_dag to 2024-05-20 10:18:00+00:00, run_after=2024-05-20 10:20:00+00:00
[2024-05-20T12:20:24.125+0200] {processor.py:183} INFO - Processing /home/munya/anaconda3/lib/python3.11/site-packages/airflow/example_dags/example_sla_dag.py took 0.123 seconds
[2024-05-20T12:21:23.952+0200] {processor.py:161} INFO - Started process (PID=707776) to work on /home/munya/anaconda3/lib/python3.11/site-packages/airflow/example_dags/example_sla_dag.py
[2024-05-20T12:21:23.953+0200] {processor.py:830} INFO - Processing file /home/munya/anaconda3/lib/python3.11/site-packages/airflow/example_dags/example_sla_dag.py for tasks to queue
[2024-05-20T12:21:23.954+0200] {logging_mixin.py:188} INFO - [2024-05-20T12:21:23.954+0200] {dagbag.py:545} INFO - Filling up the DagBag from /home/munya/anaconda3/lib/python3.11/site-packages/airflow/example_dags/example_sla_dag.py
[2024-05-20T12:21:23.967+0200] {processor.py:840} INFO - DAG(s) 'example_sla_dag' retrieved from /home/munya/anaconda3/lib/python3.11/site-packages/airflow/example_dags/example_sla_dag.py
[2024-05-20T12:21:23.989+0200] {logging_mixin.py:188} INFO - [2024-05-20T12:21:23.988+0200] {dag.py:3096} INFO - Sync 1 DAGs
[2024-05-20T12:21:24.022+0200] {logging_mixin.py:188} INFO - [2024-05-20T12:21:24.022+0200] {dag.py:3954} INFO - Setting next_dagrun for example_sla_dag to 2024-05-20 10:18:00+00:00, run_after=2024-05-20 10:20:00+00:00
[2024-05-20T12:21:24.050+0200] {processor.py:183} INFO - Processing /home/munya/anaconda3/lib/python3.11/site-packages/airflow/example_dags/example_sla_dag.py took 0.110 seconds
[2024-05-20T12:22:23.535+0200] {processor.py:161} INFO - Started process (PID=708787) to work on /home/munya/anaconda3/lib/python3.11/site-packages/airflow/example_dags/example_sla_dag.py
[2024-05-20T12:22:23.536+0200] {processor.py:830} INFO - Processing file /home/munya/anaconda3/lib/python3.11/site-packages/airflow/example_dags/example_sla_dag.py for tasks to queue
[2024-05-20T12:22:23.537+0200] {logging_mixin.py:188} INFO - [2024-05-20T12:22:23.537+0200] {dagbag.py:545} INFO - Filling up the DagBag from /home/munya/anaconda3/lib/python3.11/site-packages/airflow/example_dags/example_sla_dag.py
[2024-05-20T12:22:23.550+0200] {processor.py:840} INFO - DAG(s) 'example_sla_dag' retrieved from /home/munya/anaconda3/lib/python3.11/site-packages/airflow/example_dags/example_sla_dag.py
[2024-05-20T12:22:23.574+0200] {logging_mixin.py:188} INFO - [2024-05-20T12:22:23.573+0200] {dag.py:3096} INFO - Sync 1 DAGs
[2024-05-20T12:22:23.609+0200] {logging_mixin.py:188} INFO - [2024-05-20T12:22:23.609+0200] {dag.py:3954} INFO - Setting next_dagrun for example_sla_dag to 2024-05-20 10:20:00+00:00, run_after=2024-05-20 10:22:00+00:00
[2024-05-20T12:22:23.641+0200] {processor.py:183} INFO - Processing /home/munya/anaconda3/lib/python3.11/site-packages/airflow/example_dags/example_sla_dag.py took 0.114 seconds
[2024-05-20T12:23:24.124+0200] {processor.py:161} INFO - Started process (PID=709804) to work on /home/munya/anaconda3/lib/python3.11/site-packages/airflow/example_dags/example_sla_dag.py
[2024-05-20T12:23:24.126+0200] {processor.py:830} INFO - Processing file /home/munya/anaconda3/lib/python3.11/site-packages/airflow/example_dags/example_sla_dag.py for tasks to queue
[2024-05-20T12:23:24.128+0200] {logging_mixin.py:188} INFO - [2024-05-20T12:23:24.126+0200] {dagbag.py:545} INFO - Filling up the DagBag from /home/munya/anaconda3/lib/python3.11/site-packages/airflow/example_dags/example_sla_dag.py
[2024-05-20T12:23:24.152+0200] {processor.py:840} INFO - DAG(s) 'example_sla_dag' retrieved from /home/munya/anaconda3/lib/python3.11/site-packages/airflow/example_dags/example_sla_dag.py
[2024-05-20T12:23:24.176+0200] {logging_mixin.py:188} INFO - [2024-05-20T12:23:24.176+0200] {dag.py:3096} INFO - Sync 1 DAGs
[2024-05-20T12:23:24.212+0200] {logging_mixin.py:188} INFO - [2024-05-20T12:23:24.211+0200] {dag.py:3954} INFO - Setting next_dagrun for example_sla_dag to 2024-05-20 10:20:00+00:00, run_after=2024-05-20 10:22:00+00:00
[2024-05-20T12:23:24.234+0200] {processor.py:183} INFO - Processing /home/munya/anaconda3/lib/python3.11/site-packages/airflow/example_dags/example_sla_dag.py took 0.121 seconds
[2024-05-20T12:24:22.637+0200] {processor.py:161} INFO - Started process (PID=710780) to work on /home/munya/anaconda3/lib/python3.11/site-packages/airflow/example_dags/example_sla_dag.py
[2024-05-20T12:24:22.638+0200] {processor.py:830} INFO - Processing file /home/munya/anaconda3/lib/python3.11/site-packages/airflow/example_dags/example_sla_dag.py for tasks to queue
[2024-05-20T12:24:22.639+0200] {logging_mixin.py:188} INFO - [2024-05-20T12:24:22.638+0200] {dagbag.py:545} INFO - Filling up the DagBag from /home/munya/anaconda3/lib/python3.11/site-packages/airflow/example_dags/example_sla_dag.py
[2024-05-20T12:24:22.651+0200] {processor.py:840} INFO - DAG(s) 'example_sla_dag' retrieved from /home/munya/anaconda3/lib/python3.11/site-packages/airflow/example_dags/example_sla_dag.py
[2024-05-20T12:24:22.670+0200] {logging_mixin.py:188} INFO - [2024-05-20T12:24:22.670+0200] {dag.py:3096} INFO - Sync 1 DAGs
[2024-05-20T12:24:22.699+0200] {logging_mixin.py:188} INFO - [2024-05-20T12:24:22.699+0200] {dag.py:3954} INFO - Setting next_dagrun for example_sla_dag to 2024-05-20 10:22:00+00:00, run_after=2024-05-20 10:24:00+00:00
[2024-05-20T12:24:22.730+0200] {processor.py:183} INFO - Processing /home/munya/anaconda3/lib/python3.11/site-packages/airflow/example_dags/example_sla_dag.py took 0.102 seconds
[2024-05-20T12:25:21.845+0200] {processor.py:161} INFO - Started process (PID=711792) to work on /home/munya/anaconda3/lib/python3.11/site-packages/airflow/example_dags/example_sla_dag.py
[2024-05-20T12:25:21.847+0200] {processor.py:830} INFO - Processing file /home/munya/anaconda3/lib/python3.11/site-packages/airflow/example_dags/example_sla_dag.py for tasks to queue
[2024-05-20T12:25:21.848+0200] {logging_mixin.py:188} INFO - [2024-05-20T12:25:21.847+0200] {dagbag.py:545} INFO - Filling up the DagBag from /home/munya/anaconda3/lib/python3.11/site-packages/airflow/example_dags/example_sla_dag.py
[2024-05-20T12:25:21.861+0200] {processor.py:840} INFO - DAG(s) 'example_sla_dag' retrieved from /home/munya/anaconda3/lib/python3.11/site-packages/airflow/example_dags/example_sla_dag.py
[2024-05-20T12:25:21.883+0200] {logging_mixin.py:188} INFO - [2024-05-20T12:25:21.883+0200] {dag.py:3096} INFO - Sync 1 DAGs
[2024-05-20T12:25:21.915+0200] {logging_mixin.py:188} INFO - [2024-05-20T12:25:21.914+0200] {dag.py:3954} INFO - Setting next_dagrun for example_sla_dag to 2024-05-20 10:22:00+00:00, run_after=2024-05-20 10:24:00+00:00
[2024-05-20T12:25:21.946+0200] {processor.py:183} INFO - Processing /home/munya/anaconda3/lib/python3.11/site-packages/airflow/example_dags/example_sla_dag.py took 0.108 seconds
[2024-05-20T12:26:21.090+0200] {processor.py:161} INFO - Started process (PID=713043) to work on /home/munya/anaconda3/lib/python3.11/site-packages/airflow/example_dags/example_sla_dag.py
[2024-05-20T12:26:21.093+0200] {processor.py:830} INFO - Processing file /home/munya/anaconda3/lib/python3.11/site-packages/airflow/example_dags/example_sla_dag.py for tasks to queue
[2024-05-20T12:26:21.095+0200] {logging_mixin.py:188} INFO - [2024-05-20T12:26:21.094+0200] {dagbag.py:545} INFO - Filling up the DagBag from /home/munya/anaconda3/lib/python3.11/site-packages/airflow/example_dags/example_sla_dag.py
[2024-05-20T12:26:21.115+0200] {processor.py:840} INFO - DAG(s) 'example_sla_dag' retrieved from /home/munya/anaconda3/lib/python3.11/site-packages/airflow/example_dags/example_sla_dag.py
[2024-05-20T12:26:21.147+0200] {logging_mixin.py:188} INFO - [2024-05-20T12:26:21.147+0200] {dag.py:3096} INFO - Sync 1 DAGs
[2024-05-20T12:26:21.196+0200] {logging_mixin.py:188} INFO - [2024-05-20T12:26:21.196+0200] {dag.py:3954} INFO - Setting next_dagrun for example_sla_dag to 2024-05-20 10:24:00+00:00, run_after=2024-05-20 10:26:00+00:00
[2024-05-20T12:26:21.268+0200] {processor.py:183} INFO - Processing /home/munya/anaconda3/lib/python3.11/site-packages/airflow/example_dags/example_sla_dag.py took 0.189 seconds
[2024-05-20T12:27:33.711+0200] {processor.py:161} INFO - Started process (PID=714242) to work on /home/munya/anaconda3/lib/python3.11/site-packages/airflow/example_dags/example_sla_dag.py
[2024-05-20T12:27:33.713+0200] {processor.py:830} INFO - Processing file /home/munya/anaconda3/lib/python3.11/site-packages/airflow/example_dags/example_sla_dag.py for tasks to queue
[2024-05-20T12:27:33.715+0200] {logging_mixin.py:188} INFO - [2024-05-20T12:27:33.714+0200] {dagbag.py:545} INFO - Filling up the DagBag from /home/munya/anaconda3/lib/python3.11/site-packages/airflow/example_dags/example_sla_dag.py
[2024-05-20T12:27:33.741+0200] {processor.py:840} INFO - DAG(s) 'example_sla_dag' retrieved from /home/munya/anaconda3/lib/python3.11/site-packages/airflow/example_dags/example_sla_dag.py
[2024-05-20T12:27:33.780+0200] {logging_mixin.py:188} INFO - [2024-05-20T12:27:33.779+0200] {dag.py:3096} INFO - Sync 1 DAGs
[2024-05-20T12:27:33.840+0200] {logging_mixin.py:188} INFO - [2024-05-20T12:27:33.839+0200] {dag.py:3954} INFO - Setting next_dagrun for example_sla_dag to 2024-05-20 10:24:00+00:00, run_after=2024-05-20 10:26:00+00:00
[2024-05-20T12:27:33.923+0200] {processor.py:183} INFO - Processing /home/munya/anaconda3/lib/python3.11/site-packages/airflow/example_dags/example_sla_dag.py took 0.228 seconds
[2024-05-20T12:28:56.801+0200] {processor.py:161} INFO - Started process (PID=715565) to work on /home/munya/anaconda3/lib/python3.11/site-packages/airflow/example_dags/example_sla_dag.py
[2024-05-20T12:28:56.802+0200] {processor.py:830} INFO - Processing file /home/munya/anaconda3/lib/python3.11/site-packages/airflow/example_dags/example_sla_dag.py for tasks to queue
[2024-05-20T12:28:56.804+0200] {logging_mixin.py:188} INFO - [2024-05-20T12:28:56.803+0200] {dagbag.py:545} INFO - Filling up the DagBag from /home/munya/anaconda3/lib/python3.11/site-packages/airflow/example_dags/example_sla_dag.py
[2024-05-20T12:28:56.821+0200] {processor.py:840} INFO - DAG(s) 'example_sla_dag' retrieved from /home/munya/anaconda3/lib/python3.11/site-packages/airflow/example_dags/example_sla_dag.py
[2024-05-20T12:28:56.853+0200] {logging_mixin.py:188} INFO - [2024-05-20T12:28:56.853+0200] {dag.py:3096} INFO - Sync 1 DAGs
[2024-05-20T12:28:56.903+0200] {logging_mixin.py:188} INFO - [2024-05-20T12:28:56.903+0200] {dag.py:3954} INFO - Setting next_dagrun for example_sla_dag to 2024-05-20 10:26:00+00:00, run_after=2024-05-20 10:28:00+00:00
[2024-05-20T12:28:56.981+0200] {processor.py:183} INFO - Processing /home/munya/anaconda3/lib/python3.11/site-packages/airflow/example_dags/example_sla_dag.py took 0.194 seconds
[2024-05-20T12:30:12.833+0200] {processor.py:161} INFO - Started process (PID=716802) to work on /home/munya/anaconda3/lib/python3.11/site-packages/airflow/example_dags/example_sla_dag.py
[2024-05-20T12:30:12.835+0200] {processor.py:830} INFO - Processing file /home/munya/anaconda3/lib/python3.11/site-packages/airflow/example_dags/example_sla_dag.py for tasks to queue
[2024-05-20T12:30:12.836+0200] {logging_mixin.py:188} INFO - [2024-05-20T12:30:12.836+0200] {dagbag.py:545} INFO - Filling up the DagBag from /home/munya/anaconda3/lib/python3.11/site-packages/airflow/example_dags/example_sla_dag.py
[2024-05-20T12:30:12.853+0200] {processor.py:840} INFO - DAG(s) 'example_sla_dag' retrieved from /home/munya/anaconda3/lib/python3.11/site-packages/airflow/example_dags/example_sla_dag.py
[2024-05-20T12:30:12.883+0200] {logging_mixin.py:188} INFO - [2024-05-20T12:30:12.882+0200] {dag.py:3096} INFO - Sync 1 DAGs
[2024-05-20T12:30:12.925+0200] {logging_mixin.py:188} INFO - [2024-05-20T12:30:12.924+0200] {dag.py:3954} INFO - Setting next_dagrun for example_sla_dag to 2024-05-20 10:28:00+00:00, run_after=2024-05-20 10:30:00+00:00
[2024-05-20T12:30:12.960+0200] {processor.py:183} INFO - Processing /home/munya/anaconda3/lib/python3.11/site-packages/airflow/example_dags/example_sla_dag.py took 0.138 seconds
[2024-05-20T12:31:30.440+0200] {processor.py:161} INFO - Started process (PID=718040) to work on /home/munya/anaconda3/lib/python3.11/site-packages/airflow/example_dags/example_sla_dag.py
[2024-05-20T12:31:30.441+0200] {processor.py:830} INFO - Processing file /home/munya/anaconda3/lib/python3.11/site-packages/airflow/example_dags/example_sla_dag.py for tasks to queue
[2024-05-20T12:31:30.442+0200] {logging_mixin.py:188} INFO - [2024-05-20T12:31:30.442+0200] {dagbag.py:545} INFO - Filling up the DagBag from /home/munya/anaconda3/lib/python3.11/site-packages/airflow/example_dags/example_sla_dag.py
[2024-05-20T12:31:30.457+0200] {processor.py:840} INFO - DAG(s) 'example_sla_dag' retrieved from /home/munya/anaconda3/lib/python3.11/site-packages/airflow/example_dags/example_sla_dag.py
[2024-05-20T12:31:30.484+0200] {logging_mixin.py:188} INFO - [2024-05-20T12:31:30.483+0200] {dag.py:3096} INFO - Sync 1 DAGs
[2024-05-20T12:31:30.529+0200] {logging_mixin.py:188} INFO - [2024-05-20T12:31:30.529+0200] {dag.py:3954} INFO - Setting next_dagrun for example_sla_dag to 2024-05-20 10:28:00+00:00, run_after=2024-05-20 10:30:00+00:00
[2024-05-20T12:31:30.561+0200] {processor.py:183} INFO - Processing /home/munya/anaconda3/lib/python3.11/site-packages/airflow/example_dags/example_sla_dag.py took 0.130 seconds
[2024-05-20T12:32:49.018+0200] {processor.py:161} INFO - Started process (PID=719315) to work on /home/munya/anaconda3/lib/python3.11/site-packages/airflow/example_dags/example_sla_dag.py
[2024-05-20T12:32:49.020+0200] {processor.py:830} INFO - Processing file /home/munya/anaconda3/lib/python3.11/site-packages/airflow/example_dags/example_sla_dag.py for tasks to queue
[2024-05-20T12:32:49.022+0200] {logging_mixin.py:188} INFO - [2024-05-20T12:32:49.021+0200] {dagbag.py:545} INFO - Filling up the DagBag from /home/munya/anaconda3/lib/python3.11/site-packages/airflow/example_dags/example_sla_dag.py
[2024-05-20T12:32:49.042+0200] {processor.py:840} INFO - DAG(s) 'example_sla_dag' retrieved from /home/munya/anaconda3/lib/python3.11/site-packages/airflow/example_dags/example_sla_dag.py
[2024-05-20T12:32:49.077+0200] {logging_mixin.py:188} INFO - [2024-05-20T12:32:49.077+0200] {dag.py:3096} INFO - Sync 1 DAGs
[2024-05-20T12:32:49.128+0200] {logging_mixin.py:188} INFO - [2024-05-20T12:32:49.128+0200] {dag.py:3954} INFO - Setting next_dagrun for example_sla_dag to 2024-05-20 10:30:00+00:00, run_after=2024-05-20 10:32:00+00:00
[2024-05-20T12:32:49.169+0200] {processor.py:183} INFO - Processing /home/munya/anaconda3/lib/python3.11/site-packages/airflow/example_dags/example_sla_dag.py took 0.165 seconds
[2024-05-20T12:34:04.578+0200] {processor.py:161} INFO - Started process (PID=720537) to work on /home/munya/anaconda3/lib/python3.11/site-packages/airflow/example_dags/example_sla_dag.py
[2024-05-20T12:34:04.580+0200] {processor.py:830} INFO - Processing file /home/munya/anaconda3/lib/python3.11/site-packages/airflow/example_dags/example_sla_dag.py for tasks to queue
[2024-05-20T12:34:04.581+0200] {logging_mixin.py:188} INFO - [2024-05-20T12:34:04.581+0200] {dagbag.py:545} INFO - Filling up the DagBag from /home/munya/anaconda3/lib/python3.11/site-packages/airflow/example_dags/example_sla_dag.py
[2024-05-20T12:34:04.600+0200] {processor.py:840} INFO - DAG(s) 'example_sla_dag' retrieved from /home/munya/anaconda3/lib/python3.11/site-packages/airflow/example_dags/example_sla_dag.py
[2024-05-20T12:34:04.630+0200] {logging_mixin.py:188} INFO - [2024-05-20T12:34:04.630+0200] {dag.py:3096} INFO - Sync 1 DAGs
[2024-05-20T12:34:04.672+0200] {logging_mixin.py:188} INFO - [2024-05-20T12:34:04.671+0200] {dag.py:3954} INFO - Setting next_dagrun for example_sla_dag to 2024-05-20 10:32:00+00:00, run_after=2024-05-20 10:34:00+00:00
[2024-05-20T12:34:04.702+0200] {processor.py:183} INFO - Processing /home/munya/anaconda3/lib/python3.11/site-packages/airflow/example_dags/example_sla_dag.py took 0.137 seconds
[2024-05-20T12:35:16.133+0200] {processor.py:161} INFO - Started process (PID=721722) to work on /home/munya/anaconda3/lib/python3.11/site-packages/airflow/example_dags/example_sla_dag.py
[2024-05-20T12:35:16.135+0200] {processor.py:830} INFO - Processing file /home/munya/anaconda3/lib/python3.11/site-packages/airflow/example_dags/example_sla_dag.py for tasks to queue
[2024-05-20T12:35:16.137+0200] {logging_mixin.py:188} INFO - [2024-05-20T12:35:16.136+0200] {dagbag.py:545} INFO - Filling up the DagBag from /home/munya/anaconda3/lib/python3.11/site-packages/airflow/example_dags/example_sla_dag.py
[2024-05-20T12:35:16.155+0200] {processor.py:840} INFO - DAG(s) 'example_sla_dag' retrieved from /home/munya/anaconda3/lib/python3.11/site-packages/airflow/example_dags/example_sla_dag.py
[2024-05-20T12:35:16.186+0200] {logging_mixin.py:188} INFO - [2024-05-20T12:35:16.186+0200] {dag.py:3096} INFO - Sync 1 DAGs
[2024-05-20T12:35:16.228+0200] {logging_mixin.py:188} INFO - [2024-05-20T12:35:16.227+0200] {dag.py:3954} INFO - Setting next_dagrun for example_sla_dag to 2024-05-20 10:32:00+00:00, run_after=2024-05-20 10:34:00+00:00
[2024-05-20T12:35:16.264+0200] {processor.py:183} INFO - Processing /home/munya/anaconda3/lib/python3.11/site-packages/airflow/example_dags/example_sla_dag.py took 0.144 seconds
[2024-05-20T12:36:30.428+0200] {processor.py:161} INFO - Started process (PID=722942) to work on /home/munya/anaconda3/lib/python3.11/site-packages/airflow/example_dags/example_sla_dag.py
[2024-05-20T12:36:30.430+0200] {processor.py:830} INFO - Processing file /home/munya/anaconda3/lib/python3.11/site-packages/airflow/example_dags/example_sla_dag.py for tasks to queue
[2024-05-20T12:36:30.431+0200] {logging_mixin.py:188} INFO - [2024-05-20T12:36:30.431+0200] {dagbag.py:545} INFO - Filling up the DagBag from /home/munya/anaconda3/lib/python3.11/site-packages/airflow/example_dags/example_sla_dag.py
[2024-05-20T12:36:30.449+0200] {processor.py:840} INFO - DAG(s) 'example_sla_dag' retrieved from /home/munya/anaconda3/lib/python3.11/site-packages/airflow/example_dags/example_sla_dag.py
[2024-05-20T12:36:30.479+0200] {logging_mixin.py:188} INFO - [2024-05-20T12:36:30.478+0200] {dag.py:3096} INFO - Sync 1 DAGs
[2024-05-20T12:36:30.530+0200] {logging_mixin.py:188} INFO - [2024-05-20T12:36:30.530+0200] {dag.py:3954} INFO - Setting next_dagrun for example_sla_dag to 2024-05-20 10:34:00+00:00, run_after=2024-05-20 10:36:00+00:00
[2024-05-20T12:36:30.573+0200] {processor.py:183} INFO - Processing /home/munya/anaconda3/lib/python3.11/site-packages/airflow/example_dags/example_sla_dag.py took 0.157 seconds
[2024-05-20T12:37:50.333+0200] {processor.py:161} INFO - Started process (PID=724269) to work on /home/munya/anaconda3/lib/python3.11/site-packages/airflow/example_dags/example_sla_dag.py
[2024-05-20T12:37:50.335+0200] {processor.py:830} INFO - Processing file /home/munya/anaconda3/lib/python3.11/site-packages/airflow/example_dags/example_sla_dag.py for tasks to queue
[2024-05-20T12:37:50.337+0200] {logging_mixin.py:188} INFO - [2024-05-20T12:37:50.336+0200] {dagbag.py:545} INFO - Filling up the DagBag from /home/munya/anaconda3/lib/python3.11/site-packages/airflow/example_dags/example_sla_dag.py
[2024-05-20T12:37:50.361+0200] {processor.py:840} INFO - DAG(s) 'example_sla_dag' retrieved from /home/munya/anaconda3/lib/python3.11/site-packages/airflow/example_dags/example_sla_dag.py
[2024-05-20T12:37:50.401+0200] {logging_mixin.py:188} INFO - [2024-05-20T12:37:50.401+0200] {dag.py:3096} INFO - Sync 1 DAGs
[2024-05-20T12:37:50.469+0200] {logging_mixin.py:188} INFO - [2024-05-20T12:37:50.468+0200] {dag.py:3954} INFO - Setting next_dagrun for example_sla_dag to 2024-05-20 10:34:00+00:00, run_after=2024-05-20 10:36:00+00:00
[2024-05-20T12:37:50.546+0200] {processor.py:183} INFO - Processing /home/munya/anaconda3/lib/python3.11/site-packages/airflow/example_dags/example_sla_dag.py took 0.227 seconds
[2024-05-20T12:39:07.086+0200] {processor.py:161} INFO - Started process (PID=725787) to work on /home/munya/anaconda3/lib/python3.11/site-packages/airflow/example_dags/example_sla_dag.py
[2024-05-20T12:39:07.088+0200] {processor.py:830} INFO - Processing file /home/munya/anaconda3/lib/python3.11/site-packages/airflow/example_dags/example_sla_dag.py for tasks to queue
[2024-05-20T12:39:07.090+0200] {logging_mixin.py:188} INFO - [2024-05-20T12:39:07.089+0200] {dagbag.py:545} INFO - Filling up the DagBag from /home/munya/anaconda3/lib/python3.11/site-packages/airflow/example_dags/example_sla_dag.py
[2024-05-20T12:39:07.110+0200] {processor.py:840} INFO - DAG(s) 'example_sla_dag' retrieved from /home/munya/anaconda3/lib/python3.11/site-packages/airflow/example_dags/example_sla_dag.py
[2024-05-20T12:39:07.144+0200] {logging_mixin.py:188} INFO - [2024-05-20T12:39:07.144+0200] {dag.py:3096} INFO - Sync 1 DAGs
[2024-05-20T12:39:07.194+0200] {logging_mixin.py:188} INFO - [2024-05-20T12:39:07.194+0200] {dag.py:3954} INFO - Setting next_dagrun for example_sla_dag to 2024-05-20 10:36:00+00:00, run_after=2024-05-20 10:38:00+00:00
[2024-05-20T12:39:07.234+0200] {processor.py:183} INFO - Processing /home/munya/anaconda3/lib/python3.11/site-packages/airflow/example_dags/example_sla_dag.py took 0.160 seconds
[2024-05-20T12:40:23.276+0200] {processor.py:161} INFO - Started process (PID=727028) to work on /home/munya/anaconda3/lib/python3.11/site-packages/airflow/example_dags/example_sla_dag.py
[2024-05-20T12:40:23.278+0200] {processor.py:830} INFO - Processing file /home/munya/anaconda3/lib/python3.11/site-packages/airflow/example_dags/example_sla_dag.py for tasks to queue
[2024-05-20T12:40:23.279+0200] {logging_mixin.py:188} INFO - [2024-05-20T12:40:23.279+0200] {dagbag.py:545} INFO - Filling up the DagBag from /home/munya/anaconda3/lib/python3.11/site-packages/airflow/example_dags/example_sla_dag.py
[2024-05-20T12:40:23.299+0200] {processor.py:840} INFO - DAG(s) 'example_sla_dag' retrieved from /home/munya/anaconda3/lib/python3.11/site-packages/airflow/example_dags/example_sla_dag.py
[2024-05-20T12:40:23.331+0200] {logging_mixin.py:188} INFO - [2024-05-20T12:40:23.331+0200] {dag.py:3096} INFO - Sync 1 DAGs
[2024-05-20T12:40:23.382+0200] {logging_mixin.py:188} INFO - [2024-05-20T12:40:23.382+0200] {dag.py:3954} INFO - Setting next_dagrun for example_sla_dag to 2024-05-20 10:38:00+00:00, run_after=2024-05-20 10:40:00+00:00
[2024-05-20T12:40:23.421+0200] {processor.py:183} INFO - Processing /home/munya/anaconda3/lib/python3.11/site-packages/airflow/example_dags/example_sla_dag.py took 0.159 seconds
[2024-05-20T12:41:34.327+0200] {processor.py:161} INFO - Started process (PID=728190) to work on /home/munya/anaconda3/lib/python3.11/site-packages/airflow/example_dags/example_sla_dag.py
[2024-05-20T12:41:34.328+0200] {processor.py:830} INFO - Processing file /home/munya/anaconda3/lib/python3.11/site-packages/airflow/example_dags/example_sla_dag.py for tasks to queue
[2024-05-20T12:41:34.330+0200] {logging_mixin.py:188} INFO - [2024-05-20T12:41:34.329+0200] {dagbag.py:545} INFO - Filling up the DagBag from /home/munya/anaconda3/lib/python3.11/site-packages/airflow/example_dags/example_sla_dag.py
[2024-05-20T12:41:34.349+0200] {processor.py:840} INFO - DAG(s) 'example_sla_dag' retrieved from /home/munya/anaconda3/lib/python3.11/site-packages/airflow/example_dags/example_sla_dag.py
[2024-05-20T12:41:34.397+0200] {logging_mixin.py:188} INFO - [2024-05-20T12:41:34.397+0200] {dag.py:3096} INFO - Sync 1 DAGs
[2024-05-20T12:41:34.462+0200] {logging_mixin.py:188} INFO - [2024-05-20T12:41:34.462+0200] {dag.py:3954} INFO - Setting next_dagrun for example_sla_dag to 2024-05-20 10:38:00+00:00, run_after=2024-05-20 10:40:00+00:00
[2024-05-20T12:41:34.504+0200] {processor.py:183} INFO - Processing /home/munya/anaconda3/lib/python3.11/site-packages/airflow/example_dags/example_sla_dag.py took 0.189 seconds
[2024-05-20T12:42:46.404+0200] {processor.py:161} INFO - Started process (PID=729385) to work on /home/munya/anaconda3/lib/python3.11/site-packages/airflow/example_dags/example_sla_dag.py
[2024-05-20T12:42:46.405+0200] {processor.py:830} INFO - Processing file /home/munya/anaconda3/lib/python3.11/site-packages/airflow/example_dags/example_sla_dag.py for tasks to queue
[2024-05-20T12:42:46.406+0200] {logging_mixin.py:188} INFO - [2024-05-20T12:42:46.406+0200] {dagbag.py:545} INFO - Filling up the DagBag from /home/munya/anaconda3/lib/python3.11/site-packages/airflow/example_dags/example_sla_dag.py
[2024-05-20T12:42:46.418+0200] {processor.py:840} INFO - DAG(s) 'example_sla_dag' retrieved from /home/munya/anaconda3/lib/python3.11/site-packages/airflow/example_dags/example_sla_dag.py
[2024-05-20T12:42:46.439+0200] {logging_mixin.py:188} INFO - [2024-05-20T12:42:46.439+0200] {dag.py:3096} INFO - Sync 1 DAGs
[2024-05-20T12:42:46.469+0200] {logging_mixin.py:188} INFO - [2024-05-20T12:42:46.469+0200] {dag.py:3954} INFO - Setting next_dagrun for example_sla_dag to 2024-05-20 10:40:00+00:00, run_after=2024-05-20 10:42:00+00:00
[2024-05-20T12:42:46.497+0200] {processor.py:183} INFO - Processing /home/munya/anaconda3/lib/python3.11/site-packages/airflow/example_dags/example_sla_dag.py took 0.101 seconds
[2024-05-20T12:43:57.743+0200] {processor.py:161} INFO - Started process (PID=730554) to work on /home/munya/anaconda3/lib/python3.11/site-packages/airflow/example_dags/example_sla_dag.py
[2024-05-20T12:43:57.744+0200] {processor.py:830} INFO - Processing file /home/munya/anaconda3/lib/python3.11/site-packages/airflow/example_dags/example_sla_dag.py for tasks to queue
[2024-05-20T12:43:57.746+0200] {logging_mixin.py:188} INFO - [2024-05-20T12:43:57.745+0200] {dagbag.py:545} INFO - Filling up the DagBag from /home/munya/anaconda3/lib/python3.11/site-packages/airflow/example_dags/example_sla_dag.py
[2024-05-20T12:43:57.762+0200] {processor.py:840} INFO - DAG(s) 'example_sla_dag' retrieved from /home/munya/anaconda3/lib/python3.11/site-packages/airflow/example_dags/example_sla_dag.py
[2024-05-20T12:43:57.789+0200] {logging_mixin.py:188} INFO - [2024-05-20T12:43:57.789+0200] {dag.py:3096} INFO - Sync 1 DAGs
[2024-05-20T12:43:57.827+0200] {logging_mixin.py:188} INFO - [2024-05-20T12:43:57.827+0200] {dag.py:3954} INFO - Setting next_dagrun for example_sla_dag to 2024-05-20 10:40:00+00:00, run_after=2024-05-20 10:42:00+00:00
[2024-05-20T12:43:57.859+0200] {processor.py:183} INFO - Processing /home/munya/anaconda3/lib/python3.11/site-packages/airflow/example_dags/example_sla_dag.py took 0.124 seconds
[2024-05-20T12:45:11.326+0200] {processor.py:161} INFO - Started process (PID=731784) to work on /home/munya/anaconda3/lib/python3.11/site-packages/airflow/example_dags/example_sla_dag.py
[2024-05-20T12:45:11.328+0200] {processor.py:830} INFO - Processing file /home/munya/anaconda3/lib/python3.11/site-packages/airflow/example_dags/example_sla_dag.py for tasks to queue
[2024-05-20T12:45:11.329+0200] {logging_mixin.py:188} INFO - [2024-05-20T12:45:11.329+0200] {dagbag.py:545} INFO - Filling up the DagBag from /home/munya/anaconda3/lib/python3.11/site-packages/airflow/example_dags/example_sla_dag.py
[2024-05-20T12:45:11.346+0200] {processor.py:840} INFO - DAG(s) 'example_sla_dag' retrieved from /home/munya/anaconda3/lib/python3.11/site-packages/airflow/example_dags/example_sla_dag.py
[2024-05-20T12:45:11.374+0200] {logging_mixin.py:188} INFO - [2024-05-20T12:45:11.374+0200] {dag.py:3096} INFO - Sync 1 DAGs
[2024-05-20T12:45:11.415+0200] {logging_mixin.py:188} INFO - [2024-05-20T12:45:11.415+0200] {dag.py:3954} INFO - Setting next_dagrun for example_sla_dag to 2024-05-20 10:42:00+00:00, run_after=2024-05-20 10:44:00+00:00
[2024-05-20T12:45:11.450+0200] {processor.py:183} INFO - Processing /home/munya/anaconda3/lib/python3.11/site-packages/airflow/example_dags/example_sla_dag.py took 0.136 seconds
[2024-05-20T12:46:16.169+0200] {processor.py:161} INFO - Started process (PID=732832) to work on /home/munya/anaconda3/lib/python3.11/site-packages/airflow/example_dags/example_sla_dag.py
[2024-05-20T12:46:16.170+0200] {processor.py:830} INFO - Processing file /home/munya/anaconda3/lib/python3.11/site-packages/airflow/example_dags/example_sla_dag.py for tasks to queue
[2024-05-20T12:46:16.171+0200] {logging_mixin.py:188} INFO - [2024-05-20T12:46:16.171+0200] {dagbag.py:545} INFO - Filling up the DagBag from /home/munya/anaconda3/lib/python3.11/site-packages/airflow/example_dags/example_sla_dag.py
[2024-05-20T12:46:16.183+0200] {processor.py:840} INFO - DAG(s) 'example_sla_dag' retrieved from /home/munya/anaconda3/lib/python3.11/site-packages/airflow/example_dags/example_sla_dag.py
[2024-05-20T12:46:16.205+0200] {logging_mixin.py:188} INFO - [2024-05-20T12:46:16.205+0200] {dag.py:3096} INFO - Sync 1 DAGs
[2024-05-20T12:46:16.233+0200] {logging_mixin.py:188} INFO - [2024-05-20T12:46:16.233+0200] {dag.py:3954} INFO - Setting next_dagrun for example_sla_dag to 2024-05-20 10:44:00+00:00, run_after=2024-05-20 10:46:00+00:00
[2024-05-20T12:46:16.260+0200] {processor.py:183} INFO - Processing /home/munya/anaconda3/lib/python3.11/site-packages/airflow/example_dags/example_sla_dag.py took 0.100 seconds
[2024-05-20T12:47:24.210+0200] {processor.py:161} INFO - Started process (PID=733971) to work on /home/munya/anaconda3/lib/python3.11/site-packages/airflow/example_dags/example_sla_dag.py
[2024-05-20T12:47:24.211+0200] {processor.py:830} INFO - Processing file /home/munya/anaconda3/lib/python3.11/site-packages/airflow/example_dags/example_sla_dag.py for tasks to queue
[2024-05-20T12:47:24.213+0200] {logging_mixin.py:188} INFO - [2024-05-20T12:47:24.212+0200] {dagbag.py:545} INFO - Filling up the DagBag from /home/munya/anaconda3/lib/python3.11/site-packages/airflow/example_dags/example_sla_dag.py
[2024-05-20T12:47:24.229+0200] {processor.py:840} INFO - DAG(s) 'example_sla_dag' retrieved from /home/munya/anaconda3/lib/python3.11/site-packages/airflow/example_dags/example_sla_dag.py
[2024-05-20T12:47:24.260+0200] {logging_mixin.py:188} INFO - [2024-05-20T12:47:24.259+0200] {dag.py:3096} INFO - Sync 1 DAGs
[2024-05-20T12:47:24.309+0200] {logging_mixin.py:188} INFO - [2024-05-20T12:47:24.309+0200] {dag.py:3954} INFO - Setting next_dagrun for example_sla_dag to 2024-05-20 10:44:00+00:00, run_after=2024-05-20 10:46:00+00:00
[2024-05-20T12:47:24.347+0200] {processor.py:183} INFO - Processing /home/munya/anaconda3/lib/python3.11/site-packages/airflow/example_dags/example_sla_dag.py took 0.149 seconds
[2024-05-20T12:48:36.179+0200] {processor.py:161} INFO - Started process (PID=735492) to work on /home/munya/anaconda3/lib/python3.11/site-packages/airflow/example_dags/example_sla_dag.py
[2024-05-20T12:48:36.180+0200] {processor.py:830} INFO - Processing file /home/munya/anaconda3/lib/python3.11/site-packages/airflow/example_dags/example_sla_dag.py for tasks to queue
[2024-05-20T12:48:36.181+0200] {logging_mixin.py:188} INFO - [2024-05-20T12:48:36.181+0200] {dagbag.py:545} INFO - Filling up the DagBag from /home/munya/anaconda3/lib/python3.11/site-packages/airflow/example_dags/example_sla_dag.py
[2024-05-20T12:48:36.198+0200] {processor.py:840} INFO - DAG(s) 'example_sla_dag' retrieved from /home/munya/anaconda3/lib/python3.11/site-packages/airflow/example_dags/example_sla_dag.py
[2024-05-20T12:48:36.225+0200] {logging_mixin.py:188} INFO - [2024-05-20T12:48:36.225+0200] {dag.py:3096} INFO - Sync 1 DAGs
[2024-05-20T12:48:36.268+0200] {logging_mixin.py:188} INFO - [2024-05-20T12:48:36.267+0200] {dag.py:3954} INFO - Setting next_dagrun for example_sla_dag to 2024-05-20 10:46:00+00:00, run_after=2024-05-20 10:48:00+00:00
[2024-05-20T12:48:36.295+0200] {processor.py:183} INFO - Processing /home/munya/anaconda3/lib/python3.11/site-packages/airflow/example_dags/example_sla_dag.py took 0.128 seconds
[2024-05-20T12:49:48.607+0200] {processor.py:161} INFO - Started process (PID=736682) to work on /home/munya/anaconda3/lib/python3.11/site-packages/airflow/example_dags/example_sla_dag.py
[2024-05-20T12:49:48.609+0200] {processor.py:830} INFO - Processing file /home/munya/anaconda3/lib/python3.11/site-packages/airflow/example_dags/example_sla_dag.py for tasks to queue
[2024-05-20T12:49:48.611+0200] {logging_mixin.py:188} INFO - [2024-05-20T12:49:48.610+0200] {dagbag.py:545} INFO - Filling up the DagBag from /home/munya/anaconda3/lib/python3.11/site-packages/airflow/example_dags/example_sla_dag.py
[2024-05-20T12:49:48.628+0200] {processor.py:840} INFO - DAG(s) 'example_sla_dag' retrieved from /home/munya/anaconda3/lib/python3.11/site-packages/airflow/example_dags/example_sla_dag.py
[2024-05-20T12:49:48.656+0200] {logging_mixin.py:188} INFO - [2024-05-20T12:49:48.655+0200] {dag.py:3096} INFO - Sync 1 DAGs
[2024-05-20T12:49:48.696+0200] {logging_mixin.py:188} INFO - [2024-05-20T12:49:48.695+0200] {dag.py:3954} INFO - Setting next_dagrun for example_sla_dag to 2024-05-20 10:46:00+00:00, run_after=2024-05-20 10:48:00+00:00
[2024-05-20T12:49:48.729+0200] {processor.py:183} INFO - Processing /home/munya/anaconda3/lib/python3.11/site-packages/airflow/example_dags/example_sla_dag.py took 0.135 seconds
[2024-05-20T12:50:58.784+0200] {processor.py:161} INFO - Started process (PID=737845) to work on /home/munya/anaconda3/lib/python3.11/site-packages/airflow/example_dags/example_sla_dag.py
[2024-05-20T12:50:58.785+0200] {processor.py:830} INFO - Processing file /home/munya/anaconda3/lib/python3.11/site-packages/airflow/example_dags/example_sla_dag.py for tasks to queue
[2024-05-20T12:50:58.787+0200] {logging_mixin.py:188} INFO - [2024-05-20T12:50:58.786+0200] {dagbag.py:545} INFO - Filling up the DagBag from /home/munya/anaconda3/lib/python3.11/site-packages/airflow/example_dags/example_sla_dag.py
[2024-05-20T12:50:58.803+0200] {processor.py:840} INFO - DAG(s) 'example_sla_dag' retrieved from /home/munya/anaconda3/lib/python3.11/site-packages/airflow/example_dags/example_sla_dag.py
[2024-05-20T12:50:58.830+0200] {logging_mixin.py:188} INFO - [2024-05-20T12:50:58.830+0200] {dag.py:3096} INFO - Sync 1 DAGs
[2024-05-20T12:50:58.872+0200] {logging_mixin.py:188} INFO - [2024-05-20T12:50:58.871+0200] {dag.py:3954} INFO - Setting next_dagrun for example_sla_dag to 2024-05-20 10:48:00+00:00, run_after=2024-05-20 10:50:00+00:00
[2024-05-20T12:50:58.903+0200] {processor.py:183} INFO - Processing /home/munya/anaconda3/lib/python3.11/site-packages/airflow/example_dags/example_sla_dag.py took 0.131 seconds
[2024-05-20T12:52:17.283+0200] {processor.py:161} INFO - Started process (PID=739165) to work on /home/munya/anaconda3/lib/python3.11/site-packages/airflow/example_dags/example_sla_dag.py
[2024-05-20T12:52:17.284+0200] {processor.py:830} INFO - Processing file /home/munya/anaconda3/lib/python3.11/site-packages/airflow/example_dags/example_sla_dag.py for tasks to queue
[2024-05-20T12:52:17.286+0200] {logging_mixin.py:188} INFO - [2024-05-20T12:52:17.285+0200] {dagbag.py:545} INFO - Filling up the DagBag from /home/munya/anaconda3/lib/python3.11/site-packages/airflow/example_dags/example_sla_dag.py
[2024-05-20T12:52:17.305+0200] {processor.py:840} INFO - DAG(s) 'example_sla_dag' retrieved from /home/munya/anaconda3/lib/python3.11/site-packages/airflow/example_dags/example_sla_dag.py
[2024-05-20T12:52:17.336+0200] {logging_mixin.py:188} INFO - [2024-05-20T12:52:17.336+0200] {dag.py:3096} INFO - Sync 1 DAGs
[2024-05-20T12:52:17.390+0200] {logging_mixin.py:188} INFO - [2024-05-20T12:52:17.389+0200] {dag.py:3954} INFO - Setting next_dagrun for example_sla_dag to 2024-05-20 10:50:00+00:00, run_after=2024-05-20 10:52:00+00:00
[2024-05-20T12:52:17.424+0200] {processor.py:183} INFO - Processing /home/munya/anaconda3/lib/python3.11/site-packages/airflow/example_dags/example_sla_dag.py took 0.154 seconds
[2024-05-20T12:53:33.285+0200] {processor.py:161} INFO - Started process (PID=740412) to work on /home/munya/anaconda3/lib/python3.11/site-packages/airflow/example_dags/example_sla_dag.py
[2024-05-20T12:53:33.287+0200] {processor.py:830} INFO - Processing file /home/munya/anaconda3/lib/python3.11/site-packages/airflow/example_dags/example_sla_dag.py for tasks to queue
[2024-05-20T12:53:33.288+0200] {logging_mixin.py:188} INFO - [2024-05-20T12:53:33.288+0200] {dagbag.py:545} INFO - Filling up the DagBag from /home/munya/anaconda3/lib/python3.11/site-packages/airflow/example_dags/example_sla_dag.py
[2024-05-20T12:53:33.305+0200] {processor.py:840} INFO - DAG(s) 'example_sla_dag' retrieved from /home/munya/anaconda3/lib/python3.11/site-packages/airflow/example_dags/example_sla_dag.py
[2024-05-20T12:53:33.328+0200] {logging_mixin.py:188} INFO - [2024-05-20T12:53:33.328+0200] {dag.py:3096} INFO - Sync 1 DAGs
[2024-05-20T12:53:33.370+0200] {logging_mixin.py:188} INFO - [2024-05-20T12:53:33.369+0200] {dag.py:3954} INFO - Setting next_dagrun for example_sla_dag to 2024-05-20 10:50:00+00:00, run_after=2024-05-20 10:52:00+00:00
[2024-05-20T12:53:33.402+0200] {processor.py:183} INFO - Processing /home/munya/anaconda3/lib/python3.11/site-packages/airflow/example_dags/example_sla_dag.py took 0.126 seconds
[2024-05-20T12:54:45.247+0200] {processor.py:161} INFO - Started process (PID=741614) to work on /home/munya/anaconda3/lib/python3.11/site-packages/airflow/example_dags/example_sla_dag.py
[2024-05-20T12:54:45.249+0200] {processor.py:830} INFO - Processing file /home/munya/anaconda3/lib/python3.11/site-packages/airflow/example_dags/example_sla_dag.py for tasks to queue
[2024-05-20T12:54:45.250+0200] {logging_mixin.py:188} INFO - [2024-05-20T12:54:45.250+0200] {dagbag.py:545} INFO - Filling up the DagBag from /home/munya/anaconda3/lib/python3.11/site-packages/airflow/example_dags/example_sla_dag.py
[2024-05-20T12:54:45.268+0200] {processor.py:840} INFO - DAG(s) 'example_sla_dag' retrieved from /home/munya/anaconda3/lib/python3.11/site-packages/airflow/example_dags/example_sla_dag.py
[2024-05-20T12:54:45.296+0200] {logging_mixin.py:188} INFO - [2024-05-20T12:54:45.295+0200] {dag.py:3096} INFO - Sync 1 DAGs
[2024-05-20T12:54:45.335+0200] {logging_mixin.py:188} INFO - [2024-05-20T12:54:45.334+0200] {dag.py:3954} INFO - Setting next_dagrun for example_sla_dag to 2024-05-20 10:52:00+00:00, run_after=2024-05-20 10:54:00+00:00
[2024-05-20T12:54:45.375+0200] {processor.py:183} INFO - Processing /home/munya/anaconda3/lib/python3.11/site-packages/airflow/example_dags/example_sla_dag.py took 0.139 seconds
[2024-05-20T12:56:00.752+0200] {processor.py:161} INFO - Started process (PID=742874) to work on /home/munya/anaconda3/lib/python3.11/site-packages/airflow/example_dags/example_sla_dag.py
[2024-05-20T12:56:00.754+0200] {processor.py:830} INFO - Processing file /home/munya/anaconda3/lib/python3.11/site-packages/airflow/example_dags/example_sla_dag.py for tasks to queue
[2024-05-20T12:56:00.756+0200] {logging_mixin.py:188} INFO - [2024-05-20T12:56:00.755+0200] {dagbag.py:545} INFO - Filling up the DagBag from /home/munya/anaconda3/lib/python3.11/site-packages/airflow/example_dags/example_sla_dag.py
[2024-05-20T12:56:00.774+0200] {processor.py:840} INFO - DAG(s) 'example_sla_dag' retrieved from /home/munya/anaconda3/lib/python3.11/site-packages/airflow/example_dags/example_sla_dag.py
[2024-05-20T12:56:00.804+0200] {logging_mixin.py:188} INFO - [2024-05-20T12:56:00.804+0200] {dag.py:3096} INFO - Sync 1 DAGs
[2024-05-20T12:56:00.900+0200] {logging_mixin.py:188} INFO - [2024-05-20T12:56:00.900+0200] {dag.py:3954} INFO - Setting next_dagrun for example_sla_dag to 2024-05-20 10:54:00+00:00, run_after=2024-05-20 10:56:00+00:00
[2024-05-20T12:56:00.942+0200] {processor.py:183} INFO - Processing /home/munya/anaconda3/lib/python3.11/site-packages/airflow/example_dags/example_sla_dag.py took 0.202 seconds
[2024-05-20T12:57:19.500+0200] {processor.py:161} INFO - Started process (PID=744158) to work on /home/munya/anaconda3/lib/python3.11/site-packages/airflow/example_dags/example_sla_dag.py
[2024-05-20T12:57:19.502+0200] {processor.py:830} INFO - Processing file /home/munya/anaconda3/lib/python3.11/site-packages/airflow/example_dags/example_sla_dag.py for tasks to queue
[2024-05-20T12:57:19.503+0200] {logging_mixin.py:188} INFO - [2024-05-20T12:57:19.503+0200] {dagbag.py:545} INFO - Filling up the DagBag from /home/munya/anaconda3/lib/python3.11/site-packages/airflow/example_dags/example_sla_dag.py
[2024-05-20T12:57:19.521+0200] {processor.py:840} INFO - DAG(s) 'example_sla_dag' retrieved from /home/munya/anaconda3/lib/python3.11/site-packages/airflow/example_dags/example_sla_dag.py
[2024-05-20T12:57:19.549+0200] {logging_mixin.py:188} INFO - [2024-05-20T12:57:19.549+0200] {dag.py:3096} INFO - Sync 1 DAGs
[2024-05-20T12:57:19.596+0200] {logging_mixin.py:188} INFO - [2024-05-20T12:57:19.595+0200] {dag.py:3954} INFO - Setting next_dagrun for example_sla_dag to 2024-05-20 10:54:00+00:00, run_after=2024-05-20 10:56:00+00:00
[2024-05-20T12:57:19.632+0200] {processor.py:183} INFO - Processing /home/munya/anaconda3/lib/python3.11/site-packages/airflow/example_dags/example_sla_dag.py took 0.144 seconds
[2024-05-20T12:58:33.026+0200] {processor.py:161} INFO - Started process (PID=745442) to work on /home/munya/anaconda3/lib/python3.11/site-packages/airflow/example_dags/example_sla_dag.py
[2024-05-20T12:58:33.027+0200] {processor.py:830} INFO - Processing file /home/munya/anaconda3/lib/python3.11/site-packages/airflow/example_dags/example_sla_dag.py for tasks to queue
[2024-05-20T12:58:33.028+0200] {logging_mixin.py:188} INFO - [2024-05-20T12:58:33.028+0200] {dagbag.py:545} INFO - Filling up the DagBag from /home/munya/anaconda3/lib/python3.11/site-packages/airflow/example_dags/example_sla_dag.py
[2024-05-20T12:58:33.045+0200] {processor.py:840} INFO - DAG(s) 'example_sla_dag' retrieved from /home/munya/anaconda3/lib/python3.11/site-packages/airflow/example_dags/example_sla_dag.py
[2024-05-20T12:58:33.076+0200] {logging_mixin.py:188} INFO - [2024-05-20T12:58:33.075+0200] {dag.py:3096} INFO - Sync 1 DAGs
[2024-05-20T12:58:33.127+0200] {logging_mixin.py:188} INFO - [2024-05-20T12:58:33.127+0200] {dag.py:3954} INFO - Setting next_dagrun for example_sla_dag to 2024-05-20 10:56:00+00:00, run_after=2024-05-20 10:58:00+00:00
[2024-05-20T12:58:33.165+0200] {processor.py:183} INFO - Processing /home/munya/anaconda3/lib/python3.11/site-packages/airflow/example_dags/example_sla_dag.py took 0.150 seconds
[2024-05-20T12:59:47.173+0200] {processor.py:161} INFO - Started process (PID=746694) to work on /home/munya/anaconda3/lib/python3.11/site-packages/airflow/example_dags/example_sla_dag.py
[2024-05-20T12:59:47.175+0200] {processor.py:830} INFO - Processing file /home/munya/anaconda3/lib/python3.11/site-packages/airflow/example_dags/example_sla_dag.py for tasks to queue
[2024-05-20T12:59:47.177+0200] {logging_mixin.py:188} INFO - [2024-05-20T12:59:47.176+0200] {dagbag.py:545} INFO - Filling up the DagBag from /home/munya/anaconda3/lib/python3.11/site-packages/airflow/example_dags/example_sla_dag.py
[2024-05-20T12:59:47.200+0200] {processor.py:840} INFO - DAG(s) 'example_sla_dag' retrieved from /home/munya/anaconda3/lib/python3.11/site-packages/airflow/example_dags/example_sla_dag.py
[2024-05-20T12:59:47.234+0200] {logging_mixin.py:188} INFO - [2024-05-20T12:59:47.234+0200] {dag.py:3096} INFO - Sync 1 DAGs
[2024-05-20T12:59:47.285+0200] {logging_mixin.py:188} INFO - [2024-05-20T12:59:47.285+0200] {dag.py:3954} INFO - Setting next_dagrun for example_sla_dag to 2024-05-20 10:56:00+00:00, run_after=2024-05-20 10:58:00+00:00
[2024-05-20T12:59:47.322+0200] {processor.py:183} INFO - Processing /home/munya/anaconda3/lib/python3.11/site-packages/airflow/example_dags/example_sla_dag.py took 0.164 seconds
[2024-05-20T13:01:03.563+0200] {processor.py:161} INFO - Started process (PID=747961) to work on /home/munya/anaconda3/lib/python3.11/site-packages/airflow/example_dags/example_sla_dag.py
[2024-05-20T13:01:03.565+0200] {processor.py:830} INFO - Processing file /home/munya/anaconda3/lib/python3.11/site-packages/airflow/example_dags/example_sla_dag.py for tasks to queue
[2024-05-20T13:01:03.567+0200] {logging_mixin.py:188} INFO - [2024-05-20T13:01:03.566+0200] {dagbag.py:545} INFO - Filling up the DagBag from /home/munya/anaconda3/lib/python3.11/site-packages/airflow/example_dags/example_sla_dag.py
[2024-05-20T13:01:03.588+0200] {processor.py:840} INFO - DAG(s) 'example_sla_dag' retrieved from /home/munya/anaconda3/lib/python3.11/site-packages/airflow/example_dags/example_sla_dag.py
[2024-05-20T13:01:03.620+0200] {logging_mixin.py:188} INFO - [2024-05-20T13:01:03.620+0200] {dag.py:3096} INFO - Sync 1 DAGs
[2024-05-20T13:01:03.668+0200] {logging_mixin.py:188} INFO - [2024-05-20T13:01:03.668+0200] {dag.py:3954} INFO - Setting next_dagrun for example_sla_dag to 2024-05-20 10:58:00+00:00, run_after=2024-05-20 11:00:00+00:00
[2024-05-20T13:01:03.707+0200] {processor.py:183} INFO - Processing /home/munya/anaconda3/lib/python3.11/site-packages/airflow/example_dags/example_sla_dag.py took 0.157 seconds
[2024-05-20T13:02:17.534+0200] {processor.py:161} INFO - Started process (PID=749186) to work on /home/munya/anaconda3/lib/python3.11/site-packages/airflow/example_dags/example_sla_dag.py
[2024-05-20T13:02:17.535+0200] {processor.py:830} INFO - Processing file /home/munya/anaconda3/lib/python3.11/site-packages/airflow/example_dags/example_sla_dag.py for tasks to queue
[2024-05-20T13:02:17.537+0200] {logging_mixin.py:188} INFO - [2024-05-20T13:02:17.536+0200] {dagbag.py:545} INFO - Filling up the DagBag from /home/munya/anaconda3/lib/python3.11/site-packages/airflow/example_dags/example_sla_dag.py
[2024-05-20T13:02:17.549+0200] {processor.py:840} INFO - DAG(s) 'example_sla_dag' retrieved from /home/munya/anaconda3/lib/python3.11/site-packages/airflow/example_dags/example_sla_dag.py
[2024-05-20T13:02:17.572+0200] {logging_mixin.py:188} INFO - [2024-05-20T13:02:17.572+0200] {dag.py:3096} INFO - Sync 1 DAGs
[2024-05-20T13:02:17.600+0200] {logging_mixin.py:188} INFO - [2024-05-20T13:02:17.600+0200] {dag.py:3954} INFO - Setting next_dagrun for example_sla_dag to 2024-05-20 11:00:00+00:00, run_after=2024-05-20 11:02:00+00:00
[2024-05-20T13:02:17.626+0200] {processor.py:183} INFO - Processing /home/munya/anaconda3/lib/python3.11/site-packages/airflow/example_dags/example_sla_dag.py took 0.102 seconds
[2024-05-20T13:03:32.797+0200] {processor.py:161} INFO - Started process (PID=750437) to work on /home/munya/anaconda3/lib/python3.11/site-packages/airflow/example_dags/example_sla_dag.py
[2024-05-20T13:03:32.799+0200] {processor.py:830} INFO - Processing file /home/munya/anaconda3/lib/python3.11/site-packages/airflow/example_dags/example_sla_dag.py for tasks to queue
[2024-05-20T13:03:32.800+0200] {logging_mixin.py:188} INFO - [2024-05-20T13:03:32.799+0200] {dagbag.py:545} INFO - Filling up the DagBag from /home/munya/anaconda3/lib/python3.11/site-packages/airflow/example_dags/example_sla_dag.py
[2024-05-20T13:03:32.818+0200] {processor.py:840} INFO - DAG(s) 'example_sla_dag' retrieved from /home/munya/anaconda3/lib/python3.11/site-packages/airflow/example_dags/example_sla_dag.py
[2024-05-20T13:03:32.848+0200] {logging_mixin.py:188} INFO - [2024-05-20T13:03:32.847+0200] {dag.py:3096} INFO - Sync 1 DAGs
[2024-05-20T13:03:32.892+0200] {logging_mixin.py:188} INFO - [2024-05-20T13:03:32.892+0200] {dag.py:3954} INFO - Setting next_dagrun for example_sla_dag to 2024-05-20 11:00:00+00:00, run_after=2024-05-20 11:02:00+00:00
[2024-05-20T13:03:32.927+0200] {processor.py:183} INFO - Processing /home/munya/anaconda3/lib/python3.11/site-packages/airflow/example_dags/example_sla_dag.py took 0.141 seconds
[2024-05-20T13:04:54.897+0200] {processor.py:161} INFO - Started process (PID=751817) to work on /home/munya/anaconda3/lib/python3.11/site-packages/airflow/example_dags/example_sla_dag.py
[2024-05-20T13:04:54.899+0200] {processor.py:830} INFO - Processing file /home/munya/anaconda3/lib/python3.11/site-packages/airflow/example_dags/example_sla_dag.py for tasks to queue
[2024-05-20T13:04:54.900+0200] {logging_mixin.py:188} INFO - [2024-05-20T13:04:54.899+0200] {dagbag.py:545} INFO - Filling up the DagBag from /home/munya/anaconda3/lib/python3.11/site-packages/airflow/example_dags/example_sla_dag.py
[2024-05-20T13:04:54.913+0200] {processor.py:840} INFO - DAG(s) 'example_sla_dag' retrieved from /home/munya/anaconda3/lib/python3.11/site-packages/airflow/example_dags/example_sla_dag.py
[2024-05-20T13:04:54.935+0200] {logging_mixin.py:188} INFO - [2024-05-20T13:04:54.935+0200] {dag.py:3096} INFO - Sync 1 DAGs
[2024-05-20T13:04:55.141+0200] {logging_mixin.py:188} INFO - [2024-05-20T13:04:55.141+0200] {dag.py:3954} INFO - Setting next_dagrun for example_sla_dag to 2024-05-20 11:02:00+00:00, run_after=2024-05-20 11:04:00+00:00
[2024-05-20T13:04:55.168+0200] {processor.py:183} INFO - Processing /home/munya/anaconda3/lib/python3.11/site-packages/airflow/example_dags/example_sla_dag.py took 0.280 seconds
[2024-05-20T13:06:16.870+0200] {processor.py:161} INFO - Started process (PID=753229) to work on /home/munya/anaconda3/lib/python3.11/site-packages/airflow/example_dags/example_sla_dag.py
[2024-05-20T13:06:16.873+0200] {processor.py:830} INFO - Processing file /home/munya/anaconda3/lib/python3.11/site-packages/airflow/example_dags/example_sla_dag.py for tasks to queue
[2024-05-20T13:06:16.874+0200] {logging_mixin.py:188} INFO - [2024-05-20T13:06:16.874+0200] {dagbag.py:545} INFO - Filling up the DagBag from /home/munya/anaconda3/lib/python3.11/site-packages/airflow/example_dags/example_sla_dag.py
[2024-05-20T13:06:16.890+0200] {processor.py:840} INFO - DAG(s) 'example_sla_dag' retrieved from /home/munya/anaconda3/lib/python3.11/site-packages/airflow/example_dags/example_sla_dag.py
[2024-05-20T13:06:16.916+0200] {logging_mixin.py:188} INFO - [2024-05-20T13:06:16.916+0200] {dag.py:3096} INFO - Sync 1 DAGs
[2024-05-20T13:06:17.097+0200] {logging_mixin.py:188} INFO - [2024-05-20T13:06:17.097+0200] {dag.py:3954} INFO - Setting next_dagrun for example_sla_dag to 2024-05-20 11:04:00+00:00, run_after=2024-05-20 11:06:00+00:00
[2024-05-20T13:06:17.128+0200] {processor.py:183} INFO - Processing /home/munya/anaconda3/lib/python3.11/site-packages/airflow/example_dags/example_sla_dag.py took 0.273 seconds
[2024-05-20T13:07:49.278+0200] {processor.py:161} INFO - Started process (PID=754722) to work on /home/munya/anaconda3/lib/python3.11/site-packages/airflow/example_dags/example_sla_dag.py
[2024-05-20T13:07:49.280+0200] {processor.py:830} INFO - Processing file /home/munya/anaconda3/lib/python3.11/site-packages/airflow/example_dags/example_sla_dag.py for tasks to queue
[2024-05-20T13:07:49.282+0200] {logging_mixin.py:188} INFO - [2024-05-20T13:07:49.281+0200] {dagbag.py:545} INFO - Filling up the DagBag from /home/munya/anaconda3/lib/python3.11/site-packages/airflow/example_dags/example_sla_dag.py
[2024-05-20T13:07:49.302+0200] {processor.py:840} INFO - DAG(s) 'example_sla_dag' retrieved from /home/munya/anaconda3/lib/python3.11/site-packages/airflow/example_dags/example_sla_dag.py
[2024-05-20T13:07:49.338+0200] {logging_mixin.py:188} INFO - [2024-05-20T13:07:49.337+0200] {dag.py:3096} INFO - Sync 1 DAGs
[2024-05-20T13:07:49.622+0200] {logging_mixin.py:188} INFO - [2024-05-20T13:07:49.622+0200] {dag.py:3954} INFO - Setting next_dagrun for example_sla_dag to 2024-05-20 11:04:00+00:00, run_after=2024-05-20 11:06:00+00:00
[2024-05-20T13:07:49.652+0200] {processor.py:183} INFO - Processing /home/munya/anaconda3/lib/python3.11/site-packages/airflow/example_dags/example_sla_dag.py took 0.388 seconds
[2024-05-20T13:09:00.964+0200] {processor.py:161} INFO - Started process (PID=756011) to work on /home/munya/anaconda3/lib/python3.11/site-packages/airflow/example_dags/example_sla_dag.py
[2024-05-20T13:09:00.966+0200] {processor.py:830} INFO - Processing file /home/munya/anaconda3/lib/python3.11/site-packages/airflow/example_dags/example_sla_dag.py for tasks to queue
[2024-05-20T13:09:00.967+0200] {logging_mixin.py:188} INFO - [2024-05-20T13:09:00.967+0200] {dagbag.py:545} INFO - Filling up the DagBag from /home/munya/anaconda3/lib/python3.11/site-packages/airflow/example_dags/example_sla_dag.py
[2024-05-20T13:09:00.984+0200] {processor.py:840} INFO - DAG(s) 'example_sla_dag' retrieved from /home/munya/anaconda3/lib/python3.11/site-packages/airflow/example_dags/example_sla_dag.py
[2024-05-20T13:09:01.013+0200] {logging_mixin.py:188} INFO - [2024-05-20T13:09:01.012+0200] {dag.py:3096} INFO - Sync 1 DAGs
[2024-05-20T13:09:01.069+0200] {logging_mixin.py:188} INFO - [2024-05-20T13:09:01.068+0200] {dag.py:3954} INFO - Setting next_dagrun for example_sla_dag to 2024-05-20 11:06:00+00:00, run_after=2024-05-20 11:08:00+00:00
[2024-05-20T13:09:01.154+0200] {processor.py:183} INFO - Processing /home/munya/anaconda3/lib/python3.11/site-packages/airflow/example_dags/example_sla_dag.py took 0.201 seconds
[2024-05-20T13:10:07.629+0200] {processor.py:161} INFO - Started process (PID=757102) to work on /home/munya/anaconda3/lib/python3.11/site-packages/airflow/example_dags/example_sla_dag.py
[2024-05-20T13:10:07.631+0200] {processor.py:830} INFO - Processing file /home/munya/anaconda3/lib/python3.11/site-packages/airflow/example_dags/example_sla_dag.py for tasks to queue
[2024-05-20T13:10:07.632+0200] {logging_mixin.py:188} INFO - [2024-05-20T13:10:07.632+0200] {dagbag.py:545} INFO - Filling up the DagBag from /home/munya/anaconda3/lib/python3.11/site-packages/airflow/example_dags/example_sla_dag.py
[2024-05-20T13:10:07.650+0200] {processor.py:840} INFO - DAG(s) 'example_sla_dag' retrieved from /home/munya/anaconda3/lib/python3.11/site-packages/airflow/example_dags/example_sla_dag.py
[2024-05-20T13:10:07.682+0200] {logging_mixin.py:188} INFO - [2024-05-20T13:10:07.681+0200] {dag.py:3096} INFO - Sync 1 DAGs
[2024-05-20T13:10:07.726+0200] {logging_mixin.py:188} INFO - [2024-05-20T13:10:07.725+0200] {dag.py:3954} INFO - Setting next_dagrun for example_sla_dag to 2024-05-20 11:08:00+00:00, run_after=2024-05-20 11:10:00+00:00
[2024-05-20T13:10:07.760+0200] {processor.py:183} INFO - Processing /home/munya/anaconda3/lib/python3.11/site-packages/airflow/example_dags/example_sla_dag.py took 0.143 seconds
[2024-05-20T13:11:21.951+0200] {processor.py:161} INFO - Started process (PID=758348) to work on /home/munya/anaconda3/lib/python3.11/site-packages/airflow/example_dags/example_sla_dag.py
[2024-05-20T13:11:21.952+0200] {processor.py:830} INFO - Processing file /home/munya/anaconda3/lib/python3.11/site-packages/airflow/example_dags/example_sla_dag.py for tasks to queue
[2024-05-20T13:11:21.954+0200] {logging_mixin.py:188} INFO - [2024-05-20T13:11:21.953+0200] {dagbag.py:545} INFO - Filling up the DagBag from /home/munya/anaconda3/lib/python3.11/site-packages/airflow/example_dags/example_sla_dag.py
[2024-05-20T13:11:21.972+0200] {processor.py:840} INFO - DAG(s) 'example_sla_dag' retrieved from /home/munya/anaconda3/lib/python3.11/site-packages/airflow/example_dags/example_sla_dag.py
[2024-05-20T13:11:21.999+0200] {logging_mixin.py:188} INFO - [2024-05-20T13:11:21.999+0200] {dag.py:3096} INFO - Sync 1 DAGs
[2024-05-20T13:11:22.041+0200] {logging_mixin.py:188} INFO - [2024-05-20T13:11:22.040+0200] {dag.py:3954} INFO - Setting next_dagrun for example_sla_dag to 2024-05-20 11:08:00+00:00, run_after=2024-05-20 11:10:00+00:00
[2024-05-20T13:11:22.075+0200] {processor.py:183} INFO - Processing /home/munya/anaconda3/lib/python3.11/site-packages/airflow/example_dags/example_sla_dag.py took 0.135 seconds
[2024-05-20T13:12:32.204+0200] {processor.py:161} INFO - Started process (PID=759564) to work on /home/munya/anaconda3/lib/python3.11/site-packages/airflow/example_dags/example_sla_dag.py
[2024-05-20T13:12:32.206+0200] {processor.py:830} INFO - Processing file /home/munya/anaconda3/lib/python3.11/site-packages/airflow/example_dags/example_sla_dag.py for tasks to queue
[2024-05-20T13:12:32.207+0200] {logging_mixin.py:188} INFO - [2024-05-20T13:12:32.207+0200] {dagbag.py:545} INFO - Filling up the DagBag from /home/munya/anaconda3/lib/python3.11/site-packages/airflow/example_dags/example_sla_dag.py
[2024-05-20T13:12:32.224+0200] {processor.py:840} INFO - DAG(s) 'example_sla_dag' retrieved from /home/munya/anaconda3/lib/python3.11/site-packages/airflow/example_dags/example_sla_dag.py
[2024-05-20T13:12:32.248+0200] {logging_mixin.py:188} INFO - [2024-05-20T13:12:32.248+0200] {dag.py:3096} INFO - Sync 1 DAGs
[2024-05-20T13:12:32.281+0200] {logging_mixin.py:188} INFO - [2024-05-20T13:12:32.281+0200] {dag.py:3954} INFO - Setting next_dagrun for example_sla_dag to 2024-05-20 11:10:00+00:00, run_after=2024-05-20 11:12:00+00:00
[2024-05-20T13:12:32.311+0200] {processor.py:183} INFO - Processing /home/munya/anaconda3/lib/python3.11/site-packages/airflow/example_dags/example_sla_dag.py took 0.119 seconds
[2024-05-20T13:13:49.600+0200] {processor.py:161} INFO - Started process (PID=760841) to work on /home/munya/anaconda3/lib/python3.11/site-packages/airflow/example_dags/example_sla_dag.py
[2024-05-20T13:13:49.601+0200] {processor.py:830} INFO - Processing file /home/munya/anaconda3/lib/python3.11/site-packages/airflow/example_dags/example_sla_dag.py for tasks to queue
[2024-05-20T13:13:49.602+0200] {logging_mixin.py:188} INFO - [2024-05-20T13:13:49.602+0200] {dagbag.py:545} INFO - Filling up the DagBag from /home/munya/anaconda3/lib/python3.11/site-packages/airflow/example_dags/example_sla_dag.py
[2024-05-20T13:13:49.615+0200] {processor.py:840} INFO - DAG(s) 'example_sla_dag' retrieved from /home/munya/anaconda3/lib/python3.11/site-packages/airflow/example_dags/example_sla_dag.py
[2024-05-20T13:13:49.644+0200] {logging_mixin.py:188} INFO - [2024-05-20T13:13:49.643+0200] {dag.py:3096} INFO - Sync 1 DAGs
[2024-05-20T13:13:49.677+0200] {logging_mixin.py:188} INFO - [2024-05-20T13:13:49.677+0200] {dag.py:3954} INFO - Setting next_dagrun for example_sla_dag to 2024-05-20 11:10:00+00:00, run_after=2024-05-20 11:12:00+00:00
[2024-05-20T13:13:49.706+0200] {processor.py:183} INFO - Processing /home/munya/anaconda3/lib/python3.11/site-packages/airflow/example_dags/example_sla_dag.py took 0.116 seconds
[2024-05-20T13:15:03.207+0200] {processor.py:161} INFO - Started process (PID=762105) to work on /home/munya/anaconda3/lib/python3.11/site-packages/airflow/example_dags/example_sla_dag.py
[2024-05-20T13:15:03.209+0200] {processor.py:830} INFO - Processing file /home/munya/anaconda3/lib/python3.11/site-packages/airflow/example_dags/example_sla_dag.py for tasks to queue
[2024-05-20T13:15:03.210+0200] {logging_mixin.py:188} INFO - [2024-05-20T13:15:03.209+0200] {dagbag.py:545} INFO - Filling up the DagBag from /home/munya/anaconda3/lib/python3.11/site-packages/airflow/example_dags/example_sla_dag.py
[2024-05-20T13:15:03.224+0200] {processor.py:840} INFO - DAG(s) 'example_sla_dag' retrieved from /home/munya/anaconda3/lib/python3.11/site-packages/airflow/example_dags/example_sla_dag.py
[2024-05-20T13:15:03.249+0200] {logging_mixin.py:188} INFO - [2024-05-20T13:15:03.248+0200] {dag.py:3096} INFO - Sync 1 DAGs
[2024-05-20T13:15:03.278+0200] {logging_mixin.py:188} INFO - [2024-05-20T13:15:03.278+0200] {dag.py:3954} INFO - Setting next_dagrun for example_sla_dag to 2024-05-20 11:12:00+00:00, run_after=2024-05-20 11:14:00+00:00
[2024-05-20T13:15:03.301+0200] {processor.py:183} INFO - Processing /home/munya/anaconda3/lib/python3.11/site-packages/airflow/example_dags/example_sla_dag.py took 0.102 seconds
[2024-05-20T13:16:24.619+0200] {processor.py:161} INFO - Started process (PID=763634) to work on /home/munya/anaconda3/lib/python3.11/site-packages/airflow/example_dags/example_sla_dag.py
[2024-05-20T13:16:24.621+0200] {processor.py:830} INFO - Processing file /home/munya/anaconda3/lib/python3.11/site-packages/airflow/example_dags/example_sla_dag.py for tasks to queue
[2024-05-20T13:16:24.623+0200] {logging_mixin.py:188} INFO - [2024-05-20T13:16:24.622+0200] {dagbag.py:545} INFO - Filling up the DagBag from /home/munya/anaconda3/lib/python3.11/site-packages/airflow/example_dags/example_sla_dag.py
[2024-05-20T13:16:24.649+0200] {processor.py:840} INFO - DAG(s) 'example_sla_dag' retrieved from /home/munya/anaconda3/lib/python3.11/site-packages/airflow/example_dags/example_sla_dag.py
[2024-05-20T13:16:24.688+0200] {logging_mixin.py:188} INFO - [2024-05-20T13:16:24.687+0200] {dag.py:3096} INFO - Sync 1 DAGs
[2024-05-20T13:16:24.737+0200] {logging_mixin.py:188} INFO - [2024-05-20T13:16:24.737+0200] {dag.py:3954} INFO - Setting next_dagrun for example_sla_dag to 2024-05-20 11:14:00+00:00, run_after=2024-05-20 11:16:00+00:00
[2024-05-20T13:16:24.773+0200] {processor.py:183} INFO - Processing /home/munya/anaconda3/lib/python3.11/site-packages/airflow/example_dags/example_sla_dag.py took 0.170 seconds
[2024-05-20T13:17:42.194+0200] {processor.py:161} INFO - Started process (PID=764988) to work on /home/munya/anaconda3/lib/python3.11/site-packages/airflow/example_dags/example_sla_dag.py
[2024-05-20T13:17:42.196+0200] {processor.py:830} INFO - Processing file /home/munya/anaconda3/lib/python3.11/site-packages/airflow/example_dags/example_sla_dag.py for tasks to queue
[2024-05-20T13:17:42.198+0200] {logging_mixin.py:188} INFO - [2024-05-20T13:17:42.197+0200] {dagbag.py:545} INFO - Filling up the DagBag from /home/munya/anaconda3/lib/python3.11/site-packages/airflow/example_dags/example_sla_dag.py
[2024-05-20T13:17:42.218+0200] {processor.py:840} INFO - DAG(s) 'example_sla_dag' retrieved from /home/munya/anaconda3/lib/python3.11/site-packages/airflow/example_dags/example_sla_dag.py
[2024-05-20T13:17:42.259+0200] {logging_mixin.py:188} INFO - [2024-05-20T13:17:42.258+0200] {dag.py:3096} INFO - Sync 1 DAGs
[2024-05-20T13:17:42.314+0200] {logging_mixin.py:188} INFO - [2024-05-20T13:17:42.313+0200] {dag.py:3954} INFO - Setting next_dagrun for example_sla_dag to 2024-05-20 11:14:00+00:00, run_after=2024-05-20 11:16:00+00:00
[2024-05-20T13:17:42.372+0200] {processor.py:183} INFO - Processing /home/munya/anaconda3/lib/python3.11/site-packages/airflow/example_dags/example_sla_dag.py took 0.192 seconds
[2024-05-20T13:18:55.812+0200] {processor.py:161} INFO - Started process (PID=766276) to work on /home/munya/anaconda3/lib/python3.11/site-packages/airflow/example_dags/example_sla_dag.py
[2024-05-20T13:18:55.814+0200] {processor.py:830} INFO - Processing file /home/munya/anaconda3/lib/python3.11/site-packages/airflow/example_dags/example_sla_dag.py for tasks to queue
[2024-05-20T13:18:55.815+0200] {logging_mixin.py:188} INFO - [2024-05-20T13:18:55.815+0200] {dagbag.py:545} INFO - Filling up the DagBag from /home/munya/anaconda3/lib/python3.11/site-packages/airflow/example_dags/example_sla_dag.py
[2024-05-20T13:18:55.835+0200] {processor.py:840} INFO - DAG(s) 'example_sla_dag' retrieved from /home/munya/anaconda3/lib/python3.11/site-packages/airflow/example_dags/example_sla_dag.py
[2024-05-20T13:18:55.868+0200] {logging_mixin.py:188} INFO - [2024-05-20T13:18:55.868+0200] {dag.py:3096} INFO - Sync 1 DAGs
[2024-05-20T13:18:55.918+0200] {logging_mixin.py:188} INFO - [2024-05-20T13:18:55.917+0200] {dag.py:3954} INFO - Setting next_dagrun for example_sla_dag to 2024-05-20 11:16:00+00:00, run_after=2024-05-20 11:18:00+00:00
[2024-05-20T13:18:55.957+0200] {processor.py:183} INFO - Processing /home/munya/anaconda3/lib/python3.11/site-packages/airflow/example_dags/example_sla_dag.py took 0.159 seconds
[2024-05-20T13:20:08.314+0200] {processor.py:161} INFO - Started process (PID=767614) to work on /home/munya/anaconda3/lib/python3.11/site-packages/airflow/example_dags/example_sla_dag.py
[2024-05-20T13:20:08.316+0200] {processor.py:830} INFO - Processing file /home/munya/anaconda3/lib/python3.11/site-packages/airflow/example_dags/example_sla_dag.py for tasks to queue
[2024-05-20T13:20:08.318+0200] {logging_mixin.py:188} INFO - [2024-05-20T13:20:08.317+0200] {dagbag.py:545} INFO - Filling up the DagBag from /home/munya/anaconda3/lib/python3.11/site-packages/airflow/example_dags/example_sla_dag.py
[2024-05-20T13:20:08.336+0200] {processor.py:840} INFO - DAG(s) 'example_sla_dag' retrieved from /home/munya/anaconda3/lib/python3.11/site-packages/airflow/example_dags/example_sla_dag.py
[2024-05-20T13:20:08.369+0200] {logging_mixin.py:188} INFO - [2024-05-20T13:20:08.369+0200] {dag.py:3096} INFO - Sync 1 DAGs
[2024-05-20T13:20:08.413+0200] {logging_mixin.py:188} INFO - [2024-05-20T13:20:08.413+0200] {dag.py:3954} INFO - Setting next_dagrun for example_sla_dag to 2024-05-20 11:18:00+00:00, run_after=2024-05-20 11:20:00+00:00
[2024-05-20T13:20:08.441+0200] {processor.py:183} INFO - Processing /home/munya/anaconda3/lib/python3.11/site-packages/airflow/example_dags/example_sla_dag.py took 0.139 seconds
[2024-05-20T13:21:20.092+0200] {processor.py:161} INFO - Started process (PID=768844) to work on /home/munya/anaconda3/lib/python3.11/site-packages/airflow/example_dags/example_sla_dag.py
[2024-05-20T13:21:20.093+0200] {processor.py:830} INFO - Processing file /home/munya/anaconda3/lib/python3.11/site-packages/airflow/example_dags/example_sla_dag.py for tasks to queue
[2024-05-20T13:21:20.095+0200] {logging_mixin.py:188} INFO - [2024-05-20T13:21:20.094+0200] {dagbag.py:545} INFO - Filling up the DagBag from /home/munya/anaconda3/lib/python3.11/site-packages/airflow/example_dags/example_sla_dag.py
[2024-05-20T13:21:20.110+0200] {processor.py:840} INFO - DAG(s) 'example_sla_dag' retrieved from /home/munya/anaconda3/lib/python3.11/site-packages/airflow/example_dags/example_sla_dag.py
[2024-05-20T13:21:20.132+0200] {logging_mixin.py:188} INFO - [2024-05-20T13:21:20.131+0200] {dag.py:3096} INFO - Sync 1 DAGs
[2024-05-20T13:21:20.170+0200] {logging_mixin.py:188} INFO - [2024-05-20T13:21:20.170+0200] {dag.py:3954} INFO - Setting next_dagrun for example_sla_dag to 2024-05-20 11:18:00+00:00, run_after=2024-05-20 11:20:00+00:00
[2024-05-20T13:21:20.198+0200] {processor.py:183} INFO - Processing /home/munya/anaconda3/lib/python3.11/site-packages/airflow/example_dags/example_sla_dag.py took 0.117 seconds
[2024-05-20T13:22:32.278+0200] {processor.py:161} INFO - Started process (PID=770018) to work on /home/munya/anaconda3/lib/python3.11/site-packages/airflow/example_dags/example_sla_dag.py
[2024-05-20T13:22:32.280+0200] {processor.py:830} INFO - Processing file /home/munya/anaconda3/lib/python3.11/site-packages/airflow/example_dags/example_sla_dag.py for tasks to queue
[2024-05-20T13:22:32.281+0200] {logging_mixin.py:188} INFO - [2024-05-20T13:22:32.281+0200] {dagbag.py:545} INFO - Filling up the DagBag from /home/munya/anaconda3/lib/python3.11/site-packages/airflow/example_dags/example_sla_dag.py
[2024-05-20T13:22:32.301+0200] {processor.py:840} INFO - DAG(s) 'example_sla_dag' retrieved from /home/munya/anaconda3/lib/python3.11/site-packages/airflow/example_dags/example_sla_dag.py
[2024-05-20T13:22:32.334+0200] {logging_mixin.py:188} INFO - [2024-05-20T13:22:32.333+0200] {dag.py:3096} INFO - Sync 1 DAGs
[2024-05-20T13:22:32.379+0200] {logging_mixin.py:188} INFO - [2024-05-20T13:22:32.378+0200] {dag.py:3954} INFO - Setting next_dagrun for example_sla_dag to 2024-05-20 11:20:00+00:00, run_after=2024-05-20 11:22:00+00:00
[2024-05-20T13:22:32.417+0200] {processor.py:183} INFO - Processing /home/munya/anaconda3/lib/python3.11/site-packages/airflow/example_dags/example_sla_dag.py took 0.151 seconds
[2024-05-20T13:23:36.916+0200] {processor.py:161} INFO - Started process (PID=771095) to work on /home/munya/anaconda3/lib/python3.11/site-packages/airflow/example_dags/example_sla_dag.py
[2024-05-20T13:23:36.917+0200] {processor.py:830} INFO - Processing file /home/munya/anaconda3/lib/python3.11/site-packages/airflow/example_dags/example_sla_dag.py for tasks to queue
[2024-05-20T13:23:36.918+0200] {logging_mixin.py:188} INFO - [2024-05-20T13:23:36.918+0200] {dagbag.py:545} INFO - Filling up the DagBag from /home/munya/anaconda3/lib/python3.11/site-packages/airflow/example_dags/example_sla_dag.py
[2024-05-20T13:23:36.935+0200] {processor.py:840} INFO - DAG(s) 'example_sla_dag' retrieved from /home/munya/anaconda3/lib/python3.11/site-packages/airflow/example_dags/example_sla_dag.py
[2024-05-20T13:23:36.959+0200] {logging_mixin.py:188} INFO - [2024-05-20T13:23:36.959+0200] {dag.py:3096} INFO - Sync 1 DAGs
[2024-05-20T13:23:36.990+0200] {logging_mixin.py:188} INFO - [2024-05-20T13:23:36.989+0200] {dag.py:3954} INFO - Setting next_dagrun for example_sla_dag to 2024-05-20 11:20:00+00:00, run_after=2024-05-20 11:22:00+00:00
[2024-05-20T13:23:37.018+0200] {processor.py:183} INFO - Processing /home/munya/anaconda3/lib/python3.11/site-packages/airflow/example_dags/example_sla_dag.py took 0.111 seconds
[2024-05-20T13:24:40.697+0200] {processor.py:161} INFO - Started process (PID=772354) to work on /home/munya/anaconda3/lib/python3.11/site-packages/airflow/example_dags/example_sla_dag.py
[2024-05-20T13:24:40.698+0200] {processor.py:830} INFO - Processing file /home/munya/anaconda3/lib/python3.11/site-packages/airflow/example_dags/example_sla_dag.py for tasks to queue
[2024-05-20T13:24:40.701+0200] {logging_mixin.py:188} INFO - [2024-05-20T13:24:40.699+0200] {dagbag.py:545} INFO - Filling up the DagBag from /home/munya/anaconda3/lib/python3.11/site-packages/airflow/example_dags/example_sla_dag.py
[2024-05-20T13:24:40.725+0200] {processor.py:840} INFO - DAG(s) 'example_sla_dag' retrieved from /home/munya/anaconda3/lib/python3.11/site-packages/airflow/example_dags/example_sla_dag.py
[2024-05-20T13:24:40.744+0200] {logging_mixin.py:188} INFO - [2024-05-20T13:24:40.743+0200] {dag.py:3096} INFO - Sync 1 DAGs
[2024-05-20T13:24:40.770+0200] {logging_mixin.py:188} INFO - [2024-05-20T13:24:40.770+0200] {dag.py:3954} INFO - Setting next_dagrun for example_sla_dag to 2024-05-20 11:22:00+00:00, run_after=2024-05-20 11:24:00+00:00
[2024-05-20T13:24:40.789+0200] {processor.py:183} INFO - Processing /home/munya/anaconda3/lib/python3.11/site-packages/airflow/example_dags/example_sla_dag.py took 0.099 seconds
[2024-05-20T13:25:34.850+0200] {processor.py:161} INFO - Started process (PID=773289) to work on /home/munya/anaconda3/lib/python3.11/site-packages/airflow/example_dags/example_sla_dag.py
[2024-05-20T13:25:34.851+0200] {processor.py:830} INFO - Processing file /home/munya/anaconda3/lib/python3.11/site-packages/airflow/example_dags/example_sla_dag.py for tasks to queue
[2024-05-20T13:25:34.852+0200] {logging_mixin.py:188} INFO - [2024-05-20T13:25:34.851+0200] {dagbag.py:545} INFO - Filling up the DagBag from /home/munya/anaconda3/lib/python3.11/site-packages/airflow/example_dags/example_sla_dag.py
[2024-05-20T13:25:34.859+0200] {processor.py:840} INFO - DAG(s) 'example_sla_dag' retrieved from /home/munya/anaconda3/lib/python3.11/site-packages/airflow/example_dags/example_sla_dag.py
[2024-05-20T13:25:34.874+0200] {logging_mixin.py:188} INFO - [2024-05-20T13:25:34.874+0200] {dag.py:3096} INFO - Sync 1 DAGs
[2024-05-20T13:25:34.896+0200] {logging_mixin.py:188} INFO - [2024-05-20T13:25:34.896+0200] {dag.py:3954} INFO - Setting next_dagrun for example_sla_dag to 2024-05-20 11:22:00+00:00, run_after=2024-05-20 11:24:00+00:00
[2024-05-20T13:25:34.913+0200] {processor.py:183} INFO - Processing /home/munya/anaconda3/lib/python3.11/site-packages/airflow/example_dags/example_sla_dag.py took 0.069 seconds
[2024-05-20T13:26:23.952+0200] {processor.py:161} INFO - Started process (PID=774145) to work on /home/munya/anaconda3/lib/python3.11/site-packages/airflow/example_dags/example_sla_dag.py
[2024-05-20T13:26:23.953+0200] {processor.py:830} INFO - Processing file /home/munya/anaconda3/lib/python3.11/site-packages/airflow/example_dags/example_sla_dag.py for tasks to queue
[2024-05-20T13:26:23.954+0200] {logging_mixin.py:188} INFO - [2024-05-20T13:26:23.953+0200] {dagbag.py:545} INFO - Filling up the DagBag from /home/munya/anaconda3/lib/python3.11/site-packages/airflow/example_dags/example_sla_dag.py
[2024-05-20T13:26:23.964+0200] {processor.py:840} INFO - DAG(s) 'example_sla_dag' retrieved from /home/munya/anaconda3/lib/python3.11/site-packages/airflow/example_dags/example_sla_dag.py
[2024-05-20T13:26:23.983+0200] {logging_mixin.py:188} INFO - [2024-05-20T13:26:23.982+0200] {dag.py:3096} INFO - Sync 1 DAGs
[2024-05-20T13:26:24.010+0200] {logging_mixin.py:188} INFO - [2024-05-20T13:26:24.010+0200] {dag.py:3954} INFO - Setting next_dagrun for example_sla_dag to 2024-05-20 11:24:00+00:00, run_after=2024-05-20 11:26:00+00:00
[2024-05-20T13:26:24.032+0200] {processor.py:183} INFO - Processing /home/munya/anaconda3/lib/python3.11/site-packages/airflow/example_dags/example_sla_dag.py took 0.087 seconds
[2024-05-20T13:27:19.197+0200] {processor.py:161} INFO - Started process (PID=775081) to work on /home/munya/anaconda3/lib/python3.11/site-packages/airflow/example_dags/example_sla_dag.py
[2024-05-20T13:27:19.198+0200] {processor.py:830} INFO - Processing file /home/munya/anaconda3/lib/python3.11/site-packages/airflow/example_dags/example_sla_dag.py for tasks to queue
[2024-05-20T13:27:19.199+0200] {logging_mixin.py:188} INFO - [2024-05-20T13:27:19.199+0200] {dagbag.py:545} INFO - Filling up the DagBag from /home/munya/anaconda3/lib/python3.11/site-packages/airflow/example_dags/example_sla_dag.py
[2024-05-20T13:27:19.208+0200] {processor.py:840} INFO - DAG(s) 'example_sla_dag' retrieved from /home/munya/anaconda3/lib/python3.11/site-packages/airflow/example_dags/example_sla_dag.py
[2024-05-20T13:27:19.224+0200] {logging_mixin.py:188} INFO - [2024-05-20T13:27:19.224+0200] {dag.py:3096} INFO - Sync 1 DAGs
[2024-05-20T13:27:19.247+0200] {logging_mixin.py:188} INFO - [2024-05-20T13:27:19.247+0200] {dag.py:3954} INFO - Setting next_dagrun for example_sla_dag to 2024-05-20 11:24:00+00:00, run_after=2024-05-20 11:26:00+00:00
[2024-05-20T13:27:19.267+0200] {processor.py:183} INFO - Processing /home/munya/anaconda3/lib/python3.11/site-packages/airflow/example_dags/example_sla_dag.py took 0.076 seconds
[2024-05-20T13:28:13.872+0200] {processor.py:161} INFO - Started process (PID=776028) to work on /home/munya/anaconda3/lib/python3.11/site-packages/airflow/example_dags/example_sla_dag.py
[2024-05-20T13:28:13.873+0200] {processor.py:830} INFO - Processing file /home/munya/anaconda3/lib/python3.11/site-packages/airflow/example_dags/example_sla_dag.py for tasks to queue
[2024-05-20T13:28:13.874+0200] {logging_mixin.py:188} INFO - [2024-05-20T13:28:13.874+0200] {dagbag.py:545} INFO - Filling up the DagBag from /home/munya/anaconda3/lib/python3.11/site-packages/airflow/example_dags/example_sla_dag.py
[2024-05-20T13:28:13.882+0200] {processor.py:840} INFO - DAG(s) 'example_sla_dag' retrieved from /home/munya/anaconda3/lib/python3.11/site-packages/airflow/example_dags/example_sla_dag.py
[2024-05-20T13:28:13.896+0200] {logging_mixin.py:188} INFO - [2024-05-20T13:28:13.896+0200] {dag.py:3096} INFO - Sync 1 DAGs
[2024-05-20T13:28:13.920+0200] {logging_mixin.py:188} INFO - [2024-05-20T13:28:13.920+0200] {dag.py:3954} INFO - Setting next_dagrun for example_sla_dag to 2024-05-20 11:26:00+00:00, run_after=2024-05-20 11:28:00+00:00
[2024-05-20T13:28:13.939+0200] {processor.py:183} INFO - Processing /home/munya/anaconda3/lib/python3.11/site-packages/airflow/example_dags/example_sla_dag.py took 0.072 seconds
[2024-05-20T13:29:10.210+0200] {processor.py:161} INFO - Started process (PID=777017) to work on /home/munya/anaconda3/lib/python3.11/site-packages/airflow/example_dags/example_sla_dag.py
[2024-05-20T13:29:10.211+0200] {processor.py:830} INFO - Processing file /home/munya/anaconda3/lib/python3.11/site-packages/airflow/example_dags/example_sla_dag.py for tasks to queue
[2024-05-20T13:29:10.212+0200] {logging_mixin.py:188} INFO - [2024-05-20T13:29:10.211+0200] {dagbag.py:545} INFO - Filling up the DagBag from /home/munya/anaconda3/lib/python3.11/site-packages/airflow/example_dags/example_sla_dag.py
[2024-05-20T13:29:10.222+0200] {processor.py:840} INFO - DAG(s) 'example_sla_dag' retrieved from /home/munya/anaconda3/lib/python3.11/site-packages/airflow/example_dags/example_sla_dag.py
[2024-05-20T13:29:10.240+0200] {logging_mixin.py:188} INFO - [2024-05-20T13:29:10.240+0200] {dag.py:3096} INFO - Sync 1 DAGs
[2024-05-20T13:29:10.266+0200] {logging_mixin.py:188} INFO - [2024-05-20T13:29:10.266+0200] {dag.py:3954} INFO - Setting next_dagrun for example_sla_dag to 2024-05-20 11:26:00+00:00, run_after=2024-05-20 11:28:00+00:00
[2024-05-20T13:29:10.286+0200] {processor.py:183} INFO - Processing /home/munya/anaconda3/lib/python3.11/site-packages/airflow/example_dags/example_sla_dag.py took 0.084 seconds
[2024-05-20T13:30:06.883+0200] {processor.py:161} INFO - Started process (PID=777984) to work on /home/munya/anaconda3/lib/python3.11/site-packages/airflow/example_dags/example_sla_dag.py
[2024-05-20T13:30:06.884+0200] {processor.py:830} INFO - Processing file /home/munya/anaconda3/lib/python3.11/site-packages/airflow/example_dags/example_sla_dag.py for tasks to queue
[2024-05-20T13:30:06.885+0200] {logging_mixin.py:188} INFO - [2024-05-20T13:30:06.885+0200] {dagbag.py:545} INFO - Filling up the DagBag from /home/munya/anaconda3/lib/python3.11/site-packages/airflow/example_dags/example_sla_dag.py
[2024-05-20T13:30:06.896+0200] {processor.py:840} INFO - DAG(s) 'example_sla_dag' retrieved from /home/munya/anaconda3/lib/python3.11/site-packages/airflow/example_dags/example_sla_dag.py
[2024-05-20T13:30:06.917+0200] {logging_mixin.py:188} INFO - [2024-05-20T13:30:06.916+0200] {dag.py:3096} INFO - Sync 1 DAGs
[2024-05-20T13:30:06.943+0200] {logging_mixin.py:188} INFO - [2024-05-20T13:30:06.943+0200] {dag.py:3954} INFO - Setting next_dagrun for example_sla_dag to 2024-05-20 11:28:00+00:00, run_after=2024-05-20 11:30:00+00:00
[2024-05-20T13:30:06.967+0200] {processor.py:183} INFO - Processing /home/munya/anaconda3/lib/python3.11/site-packages/airflow/example_dags/example_sla_dag.py took 0.090 seconds
[2024-05-20T13:31:00.653+0200] {processor.py:161} INFO - Started process (PID=778958) to work on /home/munya/anaconda3/lib/python3.11/site-packages/airflow/example_dags/example_sla_dag.py
[2024-05-20T13:31:00.654+0200] {processor.py:830} INFO - Processing file /home/munya/anaconda3/lib/python3.11/site-packages/airflow/example_dags/example_sla_dag.py for tasks to queue
[2024-05-20T13:31:00.655+0200] {logging_mixin.py:188} INFO - [2024-05-20T13:31:00.655+0200] {dagbag.py:545} INFO - Filling up the DagBag from /home/munya/anaconda3/lib/python3.11/site-packages/airflow/example_dags/example_sla_dag.py
[2024-05-20T13:31:00.664+0200] {processor.py:840} INFO - DAG(s) 'example_sla_dag' retrieved from /home/munya/anaconda3/lib/python3.11/site-packages/airflow/example_dags/example_sla_dag.py
[2024-05-20T13:31:00.681+0200] {logging_mixin.py:188} INFO - [2024-05-20T13:31:00.680+0200] {dag.py:3096} INFO - Sync 1 DAGs
[2024-05-20T13:31:00.704+0200] {logging_mixin.py:188} INFO - [2024-05-20T13:31:00.704+0200] {dag.py:3954} INFO - Setting next_dagrun for example_sla_dag to 2024-05-20 11:28:00+00:00, run_after=2024-05-20 11:30:00+00:00
[2024-05-20T13:31:00.725+0200] {processor.py:183} INFO - Processing /home/munya/anaconda3/lib/python3.11/site-packages/airflow/example_dags/example_sla_dag.py took 0.079 seconds
[2024-05-20T13:31:56.119+0200] {processor.py:161} INFO - Started process (PID=779955) to work on /home/munya/anaconda3/lib/python3.11/site-packages/airflow/example_dags/example_sla_dag.py
[2024-05-20T13:31:56.120+0200] {processor.py:830} INFO - Processing file /home/munya/anaconda3/lib/python3.11/site-packages/airflow/example_dags/example_sla_dag.py for tasks to queue
[2024-05-20T13:31:56.121+0200] {logging_mixin.py:188} INFO - [2024-05-20T13:31:56.121+0200] {dagbag.py:545} INFO - Filling up the DagBag from /home/munya/anaconda3/lib/python3.11/site-packages/airflow/example_dags/example_sla_dag.py
[2024-05-20T13:31:56.134+0200] {processor.py:840} INFO - DAG(s) 'example_sla_dag' retrieved from /home/munya/anaconda3/lib/python3.11/site-packages/airflow/example_dags/example_sla_dag.py
[2024-05-20T13:31:56.155+0200] {logging_mixin.py:188} INFO - [2024-05-20T13:31:56.154+0200] {dag.py:3096} INFO - Sync 1 DAGs
[2024-05-20T13:31:56.175+0200] {logging_mixin.py:188} INFO - [2024-05-20T13:31:56.175+0200] {dag.py:3954} INFO - Setting next_dagrun for example_sla_dag to 2024-05-20 11:28:00+00:00, run_after=2024-05-20 11:30:00+00:00
[2024-05-20T13:31:56.194+0200] {processor.py:183} INFO - Processing /home/munya/anaconda3/lib/python3.11/site-packages/airflow/example_dags/example_sla_dag.py took 0.081 seconds
[2024-05-20T13:32:51.864+0200] {processor.py:161} INFO - Started process (PID=780985) to work on /home/munya/anaconda3/lib/python3.11/site-packages/airflow/example_dags/example_sla_dag.py
[2024-05-20T13:32:51.865+0200] {processor.py:830} INFO - Processing file /home/munya/anaconda3/lib/python3.11/site-packages/airflow/example_dags/example_sla_dag.py for tasks to queue
[2024-05-20T13:32:51.866+0200] {logging_mixin.py:188} INFO - [2024-05-20T13:32:51.866+0200] {dagbag.py:545} INFO - Filling up the DagBag from /home/munya/anaconda3/lib/python3.11/site-packages/airflow/example_dags/example_sla_dag.py
[2024-05-20T13:32:51.877+0200] {processor.py:840} INFO - DAG(s) 'example_sla_dag' retrieved from /home/munya/anaconda3/lib/python3.11/site-packages/airflow/example_dags/example_sla_dag.py
[2024-05-20T13:32:51.896+0200] {logging_mixin.py:188} INFO - [2024-05-20T13:32:51.896+0200] {dag.py:3096} INFO - Sync 1 DAGs
[2024-05-20T13:32:51.924+0200] {logging_mixin.py:188} INFO - [2024-05-20T13:32:51.924+0200] {dag.py:3954} INFO - Setting next_dagrun for example_sla_dag to 2024-05-20 11:30:00+00:00, run_after=2024-05-20 11:32:00+00:00
[2024-05-20T13:32:51.946+0200] {processor.py:183} INFO - Processing /home/munya/anaconda3/lib/python3.11/site-packages/airflow/example_dags/example_sla_dag.py took 0.090 seconds
[2024-05-20T13:33:45.045+0200] {processor.py:161} INFO - Started process (PID=781963) to work on /home/munya/anaconda3/lib/python3.11/site-packages/airflow/example_dags/example_sla_dag.py
[2024-05-20T13:33:45.046+0200] {processor.py:830} INFO - Processing file /home/munya/anaconda3/lib/python3.11/site-packages/airflow/example_dags/example_sla_dag.py for tasks to queue
[2024-05-20T13:33:45.047+0200] {logging_mixin.py:188} INFO - [2024-05-20T13:33:45.047+0200] {dagbag.py:545} INFO - Filling up the DagBag from /home/munya/anaconda3/lib/python3.11/site-packages/airflow/example_dags/example_sla_dag.py
[2024-05-20T13:33:45.058+0200] {processor.py:840} INFO - DAG(s) 'example_sla_dag' retrieved from /home/munya/anaconda3/lib/python3.11/site-packages/airflow/example_dags/example_sla_dag.py
[2024-05-20T13:33:45.072+0200] {logging_mixin.py:188} INFO - [2024-05-20T13:33:45.072+0200] {dag.py:3096} INFO - Sync 1 DAGs
[2024-05-20T13:33:45.091+0200] {logging_mixin.py:188} INFO - [2024-05-20T13:33:45.091+0200] {dag.py:3954} INFO - Setting next_dagrun for example_sla_dag to 2024-05-20 11:30:00+00:00, run_after=2024-05-20 11:32:00+00:00
[2024-05-20T13:33:45.115+0200] {processor.py:183} INFO - Processing /home/munya/anaconda3/lib/python3.11/site-packages/airflow/example_dags/example_sla_dag.py took 0.077 seconds
[2024-05-20T13:34:40.354+0200] {processor.py:161} INFO - Started process (PID=782982) to work on /home/munya/anaconda3/lib/python3.11/site-packages/airflow/example_dags/example_sla_dag.py
[2024-05-20T13:34:40.356+0200] {processor.py:830} INFO - Processing file /home/munya/anaconda3/lib/python3.11/site-packages/airflow/example_dags/example_sla_dag.py for tasks to queue
[2024-05-20T13:34:40.357+0200] {logging_mixin.py:188} INFO - [2024-05-20T13:34:40.356+0200] {dagbag.py:545} INFO - Filling up the DagBag from /home/munya/anaconda3/lib/python3.11/site-packages/airflow/example_dags/example_sla_dag.py
[2024-05-20T13:34:40.367+0200] {processor.py:840} INFO - DAG(s) 'example_sla_dag' retrieved from /home/munya/anaconda3/lib/python3.11/site-packages/airflow/example_dags/example_sla_dag.py
[2024-05-20T13:34:40.386+0200] {logging_mixin.py:188} INFO - [2024-05-20T13:34:40.385+0200] {dag.py:3096} INFO - Sync 1 DAGs
[2024-05-20T13:34:40.415+0200] {logging_mixin.py:188} INFO - [2024-05-20T13:34:40.414+0200] {dag.py:3954} INFO - Setting next_dagrun for example_sla_dag to 2024-05-20 11:32:00+00:00, run_after=2024-05-20 11:34:00+00:00
[2024-05-20T13:34:40.437+0200] {processor.py:183} INFO - Processing /home/munya/anaconda3/lib/python3.11/site-packages/airflow/example_dags/example_sla_dag.py took 0.089 seconds
[2024-05-20T13:35:37.581+0200] {processor.py:161} INFO - Started process (PID=784044) to work on /home/munya/anaconda3/lib/python3.11/site-packages/airflow/example_dags/example_sla_dag.py
[2024-05-20T13:35:37.582+0200] {processor.py:830} INFO - Processing file /home/munya/anaconda3/lib/python3.11/site-packages/airflow/example_dags/example_sla_dag.py for tasks to queue
[2024-05-20T13:35:37.582+0200] {logging_mixin.py:188} INFO - [2024-05-20T13:35:37.582+0200] {dagbag.py:545} INFO - Filling up the DagBag from /home/munya/anaconda3/lib/python3.11/site-packages/airflow/example_dags/example_sla_dag.py
[2024-05-20T13:35:37.591+0200] {processor.py:840} INFO - DAG(s) 'example_sla_dag' retrieved from /home/munya/anaconda3/lib/python3.11/site-packages/airflow/example_dags/example_sla_dag.py
[2024-05-20T13:35:37.606+0200] {logging_mixin.py:188} INFO - [2024-05-20T13:35:37.606+0200] {dag.py:3096} INFO - Sync 1 DAGs
[2024-05-20T13:35:37.627+0200] {logging_mixin.py:188} INFO - [2024-05-20T13:35:37.627+0200] {dag.py:3954} INFO - Setting next_dagrun for example_sla_dag to 2024-05-20 11:32:00+00:00, run_after=2024-05-20 11:34:00+00:00
[2024-05-20T13:35:37.646+0200] {processor.py:183} INFO - Processing /home/munya/anaconda3/lib/python3.11/site-packages/airflow/example_dags/example_sla_dag.py took 0.073 seconds
[2024-05-20T13:36:34.215+0200] {processor.py:161} INFO - Started process (PID=785087) to work on /home/munya/anaconda3/lib/python3.11/site-packages/airflow/example_dags/example_sla_dag.py
[2024-05-20T13:36:34.216+0200] {processor.py:830} INFO - Processing file /home/munya/anaconda3/lib/python3.11/site-packages/airflow/example_dags/example_sla_dag.py for tasks to queue
[2024-05-20T13:36:34.217+0200] {logging_mixin.py:188} INFO - [2024-05-20T13:36:34.216+0200] {dagbag.py:545} INFO - Filling up the DagBag from /home/munya/anaconda3/lib/python3.11/site-packages/airflow/example_dags/example_sla_dag.py
[2024-05-20T13:36:34.227+0200] {processor.py:840} INFO - DAG(s) 'example_sla_dag' retrieved from /home/munya/anaconda3/lib/python3.11/site-packages/airflow/example_dags/example_sla_dag.py
[2024-05-20T13:36:34.245+0200] {logging_mixin.py:188} INFO - [2024-05-20T13:36:34.244+0200] {dag.py:3096} INFO - Sync 1 DAGs
[2024-05-20T13:36:34.276+0200] {logging_mixin.py:188} INFO - [2024-05-20T13:36:34.276+0200] {dag.py:3954} INFO - Setting next_dagrun for example_sla_dag to 2024-05-20 11:34:00+00:00, run_after=2024-05-20 11:36:00+00:00
[2024-05-20T13:36:34.307+0200] {processor.py:183} INFO - Processing /home/munya/anaconda3/lib/python3.11/site-packages/airflow/example_dags/example_sla_dag.py took 0.099 seconds
[2024-05-20T13:37:29.884+0200] {processor.py:161} INFO - Started process (PID=786115) to work on /home/munya/anaconda3/lib/python3.11/site-packages/airflow/example_dags/example_sla_dag.py
[2024-05-20T13:37:29.887+0200] {processor.py:830} INFO - Processing file /home/munya/anaconda3/lib/python3.11/site-packages/airflow/example_dags/example_sla_dag.py for tasks to queue
[2024-05-20T13:37:29.888+0200] {logging_mixin.py:188} INFO - [2024-05-20T13:37:29.887+0200] {dagbag.py:545} INFO - Filling up the DagBag from /home/munya/anaconda3/lib/python3.11/site-packages/airflow/example_dags/example_sla_dag.py
[2024-05-20T13:37:29.899+0200] {processor.py:840} INFO - DAG(s) 'example_sla_dag' retrieved from /home/munya/anaconda3/lib/python3.11/site-packages/airflow/example_dags/example_sla_dag.py
[2024-05-20T13:37:29.920+0200] {logging_mixin.py:188} INFO - [2024-05-20T13:37:29.920+0200] {dag.py:3096} INFO - Sync 1 DAGs
[2024-05-20T13:37:29.946+0200] {logging_mixin.py:188} INFO - [2024-05-20T13:37:29.946+0200] {dag.py:3954} INFO - Setting next_dagrun for example_sla_dag to 2024-05-20 11:34:00+00:00, run_after=2024-05-20 11:36:00+00:00
[2024-05-20T13:37:29.969+0200] {processor.py:183} INFO - Processing /home/munya/anaconda3/lib/python3.11/site-packages/airflow/example_dags/example_sla_dag.py took 0.093 seconds
[2024-05-20T13:38:27.844+0200] {processor.py:161} INFO - Started process (PID=787230) to work on /home/munya/anaconda3/lib/python3.11/site-packages/airflow/example_dags/example_sla_dag.py
[2024-05-20T13:38:27.846+0200] {processor.py:830} INFO - Processing file /home/munya/anaconda3/lib/python3.11/site-packages/airflow/example_dags/example_sla_dag.py for tasks to queue
[2024-05-20T13:38:27.847+0200] {logging_mixin.py:188} INFO - [2024-05-20T13:38:27.846+0200] {dagbag.py:545} INFO - Filling up the DagBag from /home/munya/anaconda3/lib/python3.11/site-packages/airflow/example_dags/example_sla_dag.py
[2024-05-20T13:38:27.857+0200] {processor.py:840} INFO - DAG(s) 'example_sla_dag' retrieved from /home/munya/anaconda3/lib/python3.11/site-packages/airflow/example_dags/example_sla_dag.py
[2024-05-20T13:38:27.877+0200] {logging_mixin.py:188} INFO - [2024-05-20T13:38:27.876+0200] {dag.py:3096} INFO - Sync 1 DAGs
[2024-05-20T13:38:27.904+0200] {logging_mixin.py:188} INFO - [2024-05-20T13:38:27.904+0200] {dag.py:3954} INFO - Setting next_dagrun for example_sla_dag to 2024-05-20 11:36:00+00:00, run_after=2024-05-20 11:38:00+00:00
[2024-05-20T13:38:27.928+0200] {processor.py:183} INFO - Processing /home/munya/anaconda3/lib/python3.11/site-packages/airflow/example_dags/example_sla_dag.py took 0.092 seconds
[2024-05-20T13:39:27.478+0200] {processor.py:161} INFO - Started process (PID=788344) to work on /home/munya/anaconda3/lib/python3.11/site-packages/airflow/example_dags/example_sla_dag.py
[2024-05-20T13:39:27.479+0200] {processor.py:830} INFO - Processing file /home/munya/anaconda3/lib/python3.11/site-packages/airflow/example_dags/example_sla_dag.py for tasks to queue
[2024-05-20T13:39:27.480+0200] {logging_mixin.py:188} INFO - [2024-05-20T13:39:27.479+0200] {dagbag.py:545} INFO - Filling up the DagBag from /home/munya/anaconda3/lib/python3.11/site-packages/airflow/example_dags/example_sla_dag.py
[2024-05-20T13:39:27.488+0200] {processor.py:840} INFO - DAG(s) 'example_sla_dag' retrieved from /home/munya/anaconda3/lib/python3.11/site-packages/airflow/example_dags/example_sla_dag.py
[2024-05-20T13:39:27.505+0200] {logging_mixin.py:188} INFO - [2024-05-20T13:39:27.504+0200] {dag.py:3096} INFO - Sync 1 DAGs
[2024-05-20T13:39:27.533+0200] {logging_mixin.py:188} INFO - [2024-05-20T13:39:27.533+0200] {dag.py:3954} INFO - Setting next_dagrun for example_sla_dag to 2024-05-20 11:36:00+00:00, run_after=2024-05-20 11:38:00+00:00
[2024-05-20T13:39:27.559+0200] {processor.py:183} INFO - Processing /home/munya/anaconda3/lib/python3.11/site-packages/airflow/example_dags/example_sla_dag.py took 0.086 seconds
[2024-05-20T13:40:22.622+0200] {processor.py:161} INFO - Started process (PID=789370) to work on /home/munya/anaconda3/lib/python3.11/site-packages/airflow/example_dags/example_sla_dag.py
[2024-05-20T13:40:22.623+0200] {processor.py:830} INFO - Processing file /home/munya/anaconda3/lib/python3.11/site-packages/airflow/example_dags/example_sla_dag.py for tasks to queue
[2024-05-20T13:40:22.624+0200] {logging_mixin.py:188} INFO - [2024-05-20T13:40:22.623+0200] {dagbag.py:545} INFO - Filling up the DagBag from /home/munya/anaconda3/lib/python3.11/site-packages/airflow/example_dags/example_sla_dag.py
[2024-05-20T13:40:22.635+0200] {processor.py:840} INFO - DAG(s) 'example_sla_dag' retrieved from /home/munya/anaconda3/lib/python3.11/site-packages/airflow/example_dags/example_sla_dag.py
[2024-05-20T13:40:22.656+0200] {logging_mixin.py:188} INFO - [2024-05-20T13:40:22.656+0200] {dag.py:3096} INFO - Sync 1 DAGs
[2024-05-20T13:40:22.686+0200] {logging_mixin.py:188} INFO - [2024-05-20T13:40:22.686+0200] {dag.py:3954} INFO - Setting next_dagrun for example_sla_dag to 2024-05-20 11:38:00+00:00, run_after=2024-05-20 11:40:00+00:00
[2024-05-20T13:40:22.712+0200] {processor.py:183} INFO - Processing /home/munya/anaconda3/lib/python3.11/site-packages/airflow/example_dags/example_sla_dag.py took 0.099 seconds
[2024-05-20T13:41:16.366+0200] {processor.py:161} INFO - Started process (PID=790369) to work on /home/munya/anaconda3/lib/python3.11/site-packages/airflow/example_dags/example_sla_dag.py
[2024-05-20T13:41:16.367+0200] {processor.py:830} INFO - Processing file /home/munya/anaconda3/lib/python3.11/site-packages/airflow/example_dags/example_sla_dag.py for tasks to queue
[2024-05-20T13:41:16.368+0200] {logging_mixin.py:188} INFO - [2024-05-20T13:41:16.368+0200] {dagbag.py:545} INFO - Filling up the DagBag from /home/munya/anaconda3/lib/python3.11/site-packages/airflow/example_dags/example_sla_dag.py
[2024-05-20T13:41:16.383+0200] {processor.py:840} INFO - DAG(s) 'example_sla_dag' retrieved from /home/munya/anaconda3/lib/python3.11/site-packages/airflow/example_dags/example_sla_dag.py
[2024-05-20T13:41:16.408+0200] {logging_mixin.py:188} INFO - [2024-05-20T13:41:16.408+0200] {dag.py:3096} INFO - Sync 1 DAGs
[2024-05-20T13:41:16.445+0200] {logging_mixin.py:188} INFO - [2024-05-20T13:41:16.444+0200] {dag.py:3954} INFO - Setting next_dagrun for example_sla_dag to 2024-05-20 11:38:00+00:00, run_after=2024-05-20 11:40:00+00:00
[2024-05-20T13:41:16.479+0200] {processor.py:183} INFO - Processing /home/munya/anaconda3/lib/python3.11/site-packages/airflow/example_dags/example_sla_dag.py took 0.123 seconds
[2024-05-20T13:42:10.344+0200] {processor.py:161} INFO - Started process (PID=791369) to work on /home/munya/anaconda3/lib/python3.11/site-packages/airflow/example_dags/example_sla_dag.py
[2024-05-20T13:42:10.345+0200] {processor.py:830} INFO - Processing file /home/munya/anaconda3/lib/python3.11/site-packages/airflow/example_dags/example_sla_dag.py for tasks to queue
[2024-05-20T13:42:10.346+0200] {logging_mixin.py:188} INFO - [2024-05-20T13:42:10.346+0200] {dagbag.py:545} INFO - Filling up the DagBag from /home/munya/anaconda3/lib/python3.11/site-packages/airflow/example_dags/example_sla_dag.py
[2024-05-20T13:42:10.356+0200] {processor.py:840} INFO - DAG(s) 'example_sla_dag' retrieved from /home/munya/anaconda3/lib/python3.11/site-packages/airflow/example_dags/example_sla_dag.py
[2024-05-20T13:42:10.374+0200] {logging_mixin.py:188} INFO - [2024-05-20T13:42:10.374+0200] {dag.py:3096} INFO - Sync 1 DAGs
[2024-05-20T13:42:10.402+0200] {logging_mixin.py:188} INFO - [2024-05-20T13:42:10.402+0200] {dag.py:3954} INFO - Setting next_dagrun for example_sla_dag to 2024-05-20 11:40:00+00:00, run_after=2024-05-20 11:42:00+00:00
[2024-05-20T13:42:10.424+0200] {processor.py:183} INFO - Processing /home/munya/anaconda3/lib/python3.11/site-packages/airflow/example_dags/example_sla_dag.py took 0.087 seconds
[2024-05-20T13:43:01.929+0200] {processor.py:161} INFO - Started process (PID=792309) to work on /home/munya/anaconda3/lib/python3.11/site-packages/airflow/example_dags/example_sla_dag.py
[2024-05-20T13:43:01.930+0200] {processor.py:830} INFO - Processing file /home/munya/anaconda3/lib/python3.11/site-packages/airflow/example_dags/example_sla_dag.py for tasks to queue
[2024-05-20T13:43:01.931+0200] {logging_mixin.py:188} INFO - [2024-05-20T13:43:01.931+0200] {dagbag.py:545} INFO - Filling up the DagBag from /home/munya/anaconda3/lib/python3.11/site-packages/airflow/example_dags/example_sla_dag.py
[2024-05-20T13:43:01.939+0200] {processor.py:840} INFO - DAG(s) 'example_sla_dag' retrieved from /home/munya/anaconda3/lib/python3.11/site-packages/airflow/example_dags/example_sla_dag.py
[2024-05-20T13:43:01.954+0200] {logging_mixin.py:188} INFO - [2024-05-20T13:43:01.954+0200] {dag.py:3096} INFO - Sync 1 DAGs
[2024-05-20T13:43:01.979+0200] {logging_mixin.py:188} INFO - [2024-05-20T13:43:01.979+0200] {dag.py:3954} INFO - Setting next_dagrun for example_sla_dag to 2024-05-20 11:40:00+00:00, run_after=2024-05-20 11:42:00+00:00
[2024-05-20T13:43:01.998+0200] {processor.py:183} INFO - Processing /home/munya/anaconda3/lib/python3.11/site-packages/airflow/example_dags/example_sla_dag.py took 0.076 seconds
[2024-05-20T13:43:55.102+0200] {processor.py:161} INFO - Started process (PID=793304) to work on /home/munya/anaconda3/lib/python3.11/site-packages/airflow/example_dags/example_sla_dag.py
[2024-05-20T13:43:55.103+0200] {processor.py:830} INFO - Processing file /home/munya/anaconda3/lib/python3.11/site-packages/airflow/example_dags/example_sla_dag.py for tasks to queue
[2024-05-20T13:43:55.103+0200] {logging_mixin.py:188} INFO - [2024-05-20T13:43:55.103+0200] {dagbag.py:545} INFO - Filling up the DagBag from /home/munya/anaconda3/lib/python3.11/site-packages/airflow/example_dags/example_sla_dag.py
[2024-05-20T13:43:55.112+0200] {processor.py:840} INFO - DAG(s) 'example_sla_dag' retrieved from /home/munya/anaconda3/lib/python3.11/site-packages/airflow/example_dags/example_sla_dag.py
[2024-05-20T13:43:55.128+0200] {logging_mixin.py:188} INFO - [2024-05-20T13:43:55.128+0200] {dag.py:3096} INFO - Sync 1 DAGs
[2024-05-20T13:43:55.152+0200] {logging_mixin.py:188} INFO - [2024-05-20T13:43:55.151+0200] {dag.py:3954} INFO - Setting next_dagrun for example_sla_dag to 2024-05-20 11:40:00+00:00, run_after=2024-05-20 11:42:00+00:00
[2024-05-20T13:43:55.173+0200] {processor.py:183} INFO - Processing /home/munya/anaconda3/lib/python3.11/site-packages/airflow/example_dags/example_sla_dag.py took 0.077 seconds
[2024-05-20T13:44:49.471+0200] {processor.py:161} INFO - Started process (PID=794318) to work on /home/munya/anaconda3/lib/python3.11/site-packages/airflow/example_dags/example_sla_dag.py
[2024-05-20T13:44:49.472+0200] {processor.py:830} INFO - Processing file /home/munya/anaconda3/lib/python3.11/site-packages/airflow/example_dags/example_sla_dag.py for tasks to queue
[2024-05-20T13:44:49.473+0200] {logging_mixin.py:188} INFO - [2024-05-20T13:44:49.472+0200] {dagbag.py:545} INFO - Filling up the DagBag from /home/munya/anaconda3/lib/python3.11/site-packages/airflow/example_dags/example_sla_dag.py
[2024-05-20T13:44:49.482+0200] {processor.py:840} INFO - DAG(s) 'example_sla_dag' retrieved from /home/munya/anaconda3/lib/python3.11/site-packages/airflow/example_dags/example_sla_dag.py
[2024-05-20T13:44:49.498+0200] {logging_mixin.py:188} INFO - [2024-05-20T13:44:49.498+0200] {dag.py:3096} INFO - Sync 1 DAGs
[2024-05-20T13:44:49.528+0200] {logging_mixin.py:188} INFO - [2024-05-20T13:44:49.528+0200] {dag.py:3954} INFO - Setting next_dagrun for example_sla_dag to 2024-05-20 11:42:00+00:00, run_after=2024-05-20 11:44:00+00:00
[2024-05-20T13:44:49.554+0200] {processor.py:183} INFO - Processing /home/munya/anaconda3/lib/python3.11/site-packages/airflow/example_dags/example_sla_dag.py took 0.089 seconds
[2024-05-20T13:45:46.094+0200] {processor.py:161} INFO - Started process (PID=795376) to work on /home/munya/anaconda3/lib/python3.11/site-packages/airflow/example_dags/example_sla_dag.py
[2024-05-20T13:45:46.095+0200] {processor.py:830} INFO - Processing file /home/munya/anaconda3/lib/python3.11/site-packages/airflow/example_dags/example_sla_dag.py for tasks to queue
[2024-05-20T13:45:46.096+0200] {logging_mixin.py:188} INFO - [2024-05-20T13:45:46.096+0200] {dagbag.py:545} INFO - Filling up the DagBag from /home/munya/anaconda3/lib/python3.11/site-packages/airflow/example_dags/example_sla_dag.py
[2024-05-20T13:45:46.104+0200] {processor.py:840} INFO - DAG(s) 'example_sla_dag' retrieved from /home/munya/anaconda3/lib/python3.11/site-packages/airflow/example_dags/example_sla_dag.py
[2024-05-20T13:45:46.119+0200] {logging_mixin.py:188} INFO - [2024-05-20T13:45:46.118+0200] {dag.py:3096} INFO - Sync 1 DAGs
[2024-05-20T13:45:46.140+0200] {logging_mixin.py:188} INFO - [2024-05-20T13:45:46.140+0200] {dag.py:3954} INFO - Setting next_dagrun for example_sla_dag to 2024-05-20 11:42:00+00:00, run_after=2024-05-20 11:44:00+00:00
[2024-05-20T13:45:46.159+0200] {processor.py:183} INFO - Processing /home/munya/anaconda3/lib/python3.11/site-packages/airflow/example_dags/example_sla_dag.py took 0.071 seconds
[2024-05-20T13:46:36.611+0200] {processor.py:161} INFO - Started process (PID=796293) to work on /home/munya/anaconda3/lib/python3.11/site-packages/airflow/example_dags/example_sla_dag.py
[2024-05-20T13:46:36.613+0200] {processor.py:830} INFO - Processing file /home/munya/anaconda3/lib/python3.11/site-packages/airflow/example_dags/example_sla_dag.py for tasks to queue
[2024-05-20T13:46:36.614+0200] {logging_mixin.py:188} INFO - [2024-05-20T13:46:36.613+0200] {dagbag.py:545} INFO - Filling up the DagBag from /home/munya/anaconda3/lib/python3.11/site-packages/airflow/example_dags/example_sla_dag.py
[2024-05-20T13:46:36.624+0200] {processor.py:840} INFO - DAG(s) 'example_sla_dag' retrieved from /home/munya/anaconda3/lib/python3.11/site-packages/airflow/example_dags/example_sla_dag.py
[2024-05-20T13:46:36.646+0200] {logging_mixin.py:188} INFO - [2024-05-20T13:46:36.646+0200] {dag.py:3096} INFO - Sync 1 DAGs
[2024-05-20T13:46:36.678+0200] {logging_mixin.py:188} INFO - [2024-05-20T13:46:36.678+0200] {dag.py:3954} INFO - Setting next_dagrun for example_sla_dag to 2024-05-20 11:44:00+00:00, run_after=2024-05-20 11:46:00+00:00
[2024-05-20T13:46:36.736+0200] {processor.py:183} INFO - Processing /home/munya/anaconda3/lib/python3.11/site-packages/airflow/example_dags/example_sla_dag.py took 0.133 seconds
[2024-05-20T13:47:29.385+0200] {processor.py:161} INFO - Started process (PID=797272) to work on /home/munya/anaconda3/lib/python3.11/site-packages/airflow/example_dags/example_sla_dag.py
[2024-05-20T13:47:29.386+0200] {processor.py:830} INFO - Processing file /home/munya/anaconda3/lib/python3.11/site-packages/airflow/example_dags/example_sla_dag.py for tasks to queue
[2024-05-20T13:47:29.386+0200] {logging_mixin.py:188} INFO - [2024-05-20T13:47:29.386+0200] {dagbag.py:545} INFO - Filling up the DagBag from /home/munya/anaconda3/lib/python3.11/site-packages/airflow/example_dags/example_sla_dag.py
[2024-05-20T13:47:29.397+0200] {processor.py:840} INFO - DAG(s) 'example_sla_dag' retrieved from /home/munya/anaconda3/lib/python3.11/site-packages/airflow/example_dags/example_sla_dag.py
[2024-05-20T13:47:29.413+0200] {logging_mixin.py:188} INFO - [2024-05-20T13:47:29.412+0200] {dag.py:3096} INFO - Sync 1 DAGs
[2024-05-20T13:47:29.439+0200] {logging_mixin.py:188} INFO - [2024-05-20T13:47:29.438+0200] {dag.py:3954} INFO - Setting next_dagrun for example_sla_dag to 2024-05-20 11:44:00+00:00, run_after=2024-05-20 11:46:00+00:00
[2024-05-20T13:47:29.463+0200] {processor.py:183} INFO - Processing /home/munya/anaconda3/lib/python3.11/site-packages/airflow/example_dags/example_sla_dag.py took 0.086 seconds
[2024-05-20T13:48:20.701+0200] {processor.py:161} INFO - Started process (PID=798245) to work on /home/munya/anaconda3/lib/python3.11/site-packages/airflow/example_dags/example_sla_dag.py
[2024-05-20T13:48:20.702+0200] {processor.py:830} INFO - Processing file /home/munya/anaconda3/lib/python3.11/site-packages/airflow/example_dags/example_sla_dag.py for tasks to queue
[2024-05-20T13:48:20.703+0200] {logging_mixin.py:188} INFO - [2024-05-20T13:48:20.703+0200] {dagbag.py:545} INFO - Filling up the DagBag from /home/munya/anaconda3/lib/python3.11/site-packages/airflow/example_dags/example_sla_dag.py
[2024-05-20T13:48:20.712+0200] {processor.py:840} INFO - DAG(s) 'example_sla_dag' retrieved from /home/munya/anaconda3/lib/python3.11/site-packages/airflow/example_dags/example_sla_dag.py
[2024-05-20T13:48:20.729+0200] {logging_mixin.py:188} INFO - [2024-05-20T13:48:20.729+0200] {dag.py:3096} INFO - Sync 1 DAGs
[2024-05-20T13:48:20.755+0200] {logging_mixin.py:188} INFO - [2024-05-20T13:48:20.754+0200] {dag.py:3954} INFO - Setting next_dagrun for example_sla_dag to 2024-05-20 11:46:00+00:00, run_after=2024-05-20 11:48:00+00:00
[2024-05-20T13:48:20.780+0200] {processor.py:183} INFO - Processing /home/munya/anaconda3/lib/python3.11/site-packages/airflow/example_dags/example_sla_dag.py took 0.085 seconds
[2024-05-20T13:49:15.404+0200] {processor.py:161} INFO - Started process (PID=799225) to work on /home/munya/anaconda3/lib/python3.11/site-packages/airflow/example_dags/example_sla_dag.py
[2024-05-20T13:49:15.405+0200] {processor.py:830} INFO - Processing file /home/munya/anaconda3/lib/python3.11/site-packages/airflow/example_dags/example_sla_dag.py for tasks to queue
[2024-05-20T13:49:15.406+0200] {logging_mixin.py:188} INFO - [2024-05-20T13:49:15.406+0200] {dagbag.py:545} INFO - Filling up the DagBag from /home/munya/anaconda3/lib/python3.11/site-packages/airflow/example_dags/example_sla_dag.py
[2024-05-20T13:49:15.416+0200] {processor.py:840} INFO - DAG(s) 'example_sla_dag' retrieved from /home/munya/anaconda3/lib/python3.11/site-packages/airflow/example_dags/example_sla_dag.py
[2024-05-20T13:49:15.435+0200] {logging_mixin.py:188} INFO - [2024-05-20T13:49:15.435+0200] {dag.py:3096} INFO - Sync 1 DAGs
[2024-05-20T13:49:15.461+0200] {logging_mixin.py:188} INFO - [2024-05-20T13:49:15.460+0200] {dag.py:3954} INFO - Setting next_dagrun for example_sla_dag to 2024-05-20 11:46:00+00:00, run_after=2024-05-20 11:48:00+00:00
[2024-05-20T13:49:15.479+0200] {processor.py:183} INFO - Processing /home/munya/anaconda3/lib/python3.11/site-packages/airflow/example_dags/example_sla_dag.py took 0.081 seconds
[2024-05-20T13:50:10.929+0200] {processor.py:161} INFO - Started process (PID=800298) to work on /home/munya/anaconda3/lib/python3.11/site-packages/airflow/example_dags/example_sla_dag.py
[2024-05-20T13:50:10.931+0200] {processor.py:830} INFO - Processing file /home/munya/anaconda3/lib/python3.11/site-packages/airflow/example_dags/example_sla_dag.py for tasks to queue
[2024-05-20T13:50:10.932+0200] {logging_mixin.py:188} INFO - [2024-05-20T13:50:10.931+0200] {dagbag.py:545} INFO - Filling up the DagBag from /home/munya/anaconda3/lib/python3.11/site-packages/airflow/example_dags/example_sla_dag.py
[2024-05-20T13:50:10.949+0200] {processor.py:840} INFO - DAG(s) 'example_sla_dag' retrieved from /home/munya/anaconda3/lib/python3.11/site-packages/airflow/example_dags/example_sla_dag.py
[2024-05-20T13:50:11.004+0200] {logging_mixin.py:188} INFO - [2024-05-20T13:50:11.004+0200] {dag.py:3096} INFO - Sync 1 DAGs
[2024-05-20T13:50:11.036+0200] {logging_mixin.py:188} INFO - [2024-05-20T13:50:11.035+0200] {dag.py:3954} INFO - Setting next_dagrun for example_sla_dag to 2024-05-20 11:48:00+00:00, run_after=2024-05-20 11:50:00+00:00
[2024-05-20T13:50:11.061+0200] {processor.py:183} INFO - Processing /home/munya/anaconda3/lib/python3.11/site-packages/airflow/example_dags/example_sla_dag.py took 0.150 seconds
[2024-05-20T13:51:07.540+0200] {processor.py:161} INFO - Started process (PID=801350) to work on /home/munya/anaconda3/lib/python3.11/site-packages/airflow/example_dags/example_sla_dag.py
[2024-05-20T13:51:07.541+0200] {processor.py:830} INFO - Processing file /home/munya/anaconda3/lib/python3.11/site-packages/airflow/example_dags/example_sla_dag.py for tasks to queue
[2024-05-20T13:51:07.543+0200] {logging_mixin.py:188} INFO - [2024-05-20T13:51:07.542+0200] {dagbag.py:545} INFO - Filling up the DagBag from /home/munya/anaconda3/lib/python3.11/site-packages/airflow/example_dags/example_sla_dag.py
[2024-05-20T13:51:07.553+0200] {processor.py:840} INFO - DAG(s) 'example_sla_dag' retrieved from /home/munya/anaconda3/lib/python3.11/site-packages/airflow/example_dags/example_sla_dag.py
[2024-05-20T13:51:07.574+0200] {logging_mixin.py:188} INFO - [2024-05-20T13:51:07.574+0200] {dag.py:3096} INFO - Sync 1 DAGs
[2024-05-20T13:51:07.606+0200] {logging_mixin.py:188} INFO - [2024-05-20T13:51:07.606+0200] {dag.py:3954} INFO - Setting next_dagrun for example_sla_dag to 2024-05-20 11:48:00+00:00, run_after=2024-05-20 11:50:00+00:00
[2024-05-20T13:51:07.630+0200] {processor.py:183} INFO - Processing /home/munya/anaconda3/lib/python3.11/site-packages/airflow/example_dags/example_sla_dag.py took 0.096 seconds
[2024-05-20T13:52:00.995+0200] {processor.py:161} INFO - Started process (PID=802344) to work on /home/munya/anaconda3/lib/python3.11/site-packages/airflow/example_dags/example_sla_dag.py
[2024-05-20T13:52:00.996+0200] {processor.py:830} INFO - Processing file /home/munya/anaconda3/lib/python3.11/site-packages/airflow/example_dags/example_sla_dag.py for tasks to queue
[2024-05-20T13:52:00.997+0200] {logging_mixin.py:188} INFO - [2024-05-20T13:52:00.997+0200] {dagbag.py:545} INFO - Filling up the DagBag from /home/munya/anaconda3/lib/python3.11/site-packages/airflow/example_dags/example_sla_dag.py
[2024-05-20T13:52:01.012+0200] {processor.py:840} INFO - DAG(s) 'example_sla_dag' retrieved from /home/munya/anaconda3/lib/python3.11/site-packages/airflow/example_dags/example_sla_dag.py
[2024-05-20T13:52:01.036+0200] {logging_mixin.py:188} INFO - [2024-05-20T13:52:01.035+0200] {dag.py:3096} INFO - Sync 1 DAGs
[2024-05-20T13:52:01.063+0200] {logging_mixin.py:188} INFO - [2024-05-20T13:52:01.063+0200] {dag.py:3954} INFO - Setting next_dagrun for example_sla_dag to 2024-05-20 11:50:00+00:00, run_after=2024-05-20 11:52:00+00:00
[2024-05-20T13:52:01.089+0200] {processor.py:183} INFO - Processing /home/munya/anaconda3/lib/python3.11/site-packages/airflow/example_dags/example_sla_dag.py took 0.102 seconds
[2024-05-20T13:52:53.053+0200] {processor.py:161} INFO - Started process (PID=803299) to work on /home/munya/anaconda3/lib/python3.11/site-packages/airflow/example_dags/example_sla_dag.py
[2024-05-20T13:52:53.054+0200] {processor.py:830} INFO - Processing file /home/munya/anaconda3/lib/python3.11/site-packages/airflow/example_dags/example_sla_dag.py for tasks to queue
[2024-05-20T13:52:53.056+0200] {logging_mixin.py:188} INFO - [2024-05-20T13:52:53.055+0200] {dagbag.py:545} INFO - Filling up the DagBag from /home/munya/anaconda3/lib/python3.11/site-packages/airflow/example_dags/example_sla_dag.py
[2024-05-20T13:52:53.071+0200] {processor.py:840} INFO - DAG(s) 'example_sla_dag' retrieved from /home/munya/anaconda3/lib/python3.11/site-packages/airflow/example_dags/example_sla_dag.py
[2024-05-20T13:52:53.094+0200] {logging_mixin.py:188} INFO - [2024-05-20T13:52:53.094+0200] {dag.py:3096} INFO - Sync 1 DAGs
[2024-05-20T13:52:53.124+0200] {logging_mixin.py:188} INFO - [2024-05-20T13:52:53.124+0200] {dag.py:3954} INFO - Setting next_dagrun for example_sla_dag to 2024-05-20 11:50:00+00:00, run_after=2024-05-20 11:52:00+00:00
[2024-05-20T13:52:53.146+0200] {processor.py:183} INFO - Processing /home/munya/anaconda3/lib/python3.11/site-packages/airflow/example_dags/example_sla_dag.py took 0.102 seconds
[2024-05-20T13:53:47.193+0200] {processor.py:161} INFO - Started process (PID=804307) to work on /home/munya/anaconda3/lib/python3.11/site-packages/airflow/example_dags/example_sla_dag.py
[2024-05-20T13:53:47.195+0200] {processor.py:830} INFO - Processing file /home/munya/anaconda3/lib/python3.11/site-packages/airflow/example_dags/example_sla_dag.py for tasks to queue
[2024-05-20T13:53:47.196+0200] {logging_mixin.py:188} INFO - [2024-05-20T13:53:47.195+0200] {dagbag.py:545} INFO - Filling up the DagBag from /home/munya/anaconda3/lib/python3.11/site-packages/airflow/example_dags/example_sla_dag.py
[2024-05-20T13:53:47.209+0200] {processor.py:840} INFO - DAG(s) 'example_sla_dag' retrieved from /home/munya/anaconda3/lib/python3.11/site-packages/airflow/example_dags/example_sla_dag.py
[2024-05-20T13:53:47.229+0200] {logging_mixin.py:188} INFO - [2024-05-20T13:53:47.229+0200] {dag.py:3096} INFO - Sync 1 DAGs
[2024-05-20T13:53:47.256+0200] {logging_mixin.py:188} INFO - [2024-05-20T13:53:47.256+0200] {dag.py:3954} INFO - Setting next_dagrun for example_sla_dag to 2024-05-20 11:50:00+00:00, run_after=2024-05-20 11:52:00+00:00
[2024-05-20T13:53:47.280+0200] {processor.py:183} INFO - Processing /home/munya/anaconda3/lib/python3.11/site-packages/airflow/example_dags/example_sla_dag.py took 0.096 seconds
[2024-05-20T13:54:44.989+0200] {processor.py:161} INFO - Started process (PID=805363) to work on /home/munya/anaconda3/lib/python3.11/site-packages/airflow/example_dags/example_sla_dag.py
[2024-05-20T13:54:44.990+0200] {processor.py:830} INFO - Processing file /home/munya/anaconda3/lib/python3.11/site-packages/airflow/example_dags/example_sla_dag.py for tasks to queue
[2024-05-20T13:54:44.991+0200] {logging_mixin.py:188} INFO - [2024-05-20T13:54:44.990+0200] {dagbag.py:545} INFO - Filling up the DagBag from /home/munya/anaconda3/lib/python3.11/site-packages/airflow/example_dags/example_sla_dag.py
[2024-05-20T13:54:45.000+0200] {processor.py:840} INFO - DAG(s) 'example_sla_dag' retrieved from /home/munya/anaconda3/lib/python3.11/site-packages/airflow/example_dags/example_sla_dag.py
[2024-05-20T13:54:45.018+0200] {logging_mixin.py:188} INFO - [2024-05-20T13:54:45.018+0200] {dag.py:3096} INFO - Sync 1 DAGs
[2024-05-20T13:54:45.040+0200] {logging_mixin.py:188} INFO - [2024-05-20T13:54:45.040+0200] {dag.py:3954} INFO - Setting next_dagrun for example_sla_dag to 2024-05-20 11:52:00+00:00, run_after=2024-05-20 11:54:00+00:00
[2024-05-20T13:54:45.057+0200] {processor.py:183} INFO - Processing /home/munya/anaconda3/lib/python3.11/site-packages/airflow/example_dags/example_sla_dag.py took 0.075 seconds
[2024-05-20T13:55:49.991+0200] {processor.py:161} INFO - Started process (PID=806655) to work on /home/munya/anaconda3/lib/python3.11/site-packages/airflow/example_dags/example_sla_dag.py
[2024-05-20T13:55:49.992+0200] {processor.py:830} INFO - Processing file /home/munya/anaconda3/lib/python3.11/site-packages/airflow/example_dags/example_sla_dag.py for tasks to queue
[2024-05-20T13:55:49.993+0200] {logging_mixin.py:188} INFO - [2024-05-20T13:55:49.992+0200] {dagbag.py:545} INFO - Filling up the DagBag from /home/munya/anaconda3/lib/python3.11/site-packages/airflow/example_dags/example_sla_dag.py
[2024-05-20T13:55:50.003+0200] {processor.py:840} INFO - DAG(s) 'example_sla_dag' retrieved from /home/munya/anaconda3/lib/python3.11/site-packages/airflow/example_dags/example_sla_dag.py
[2024-05-20T13:55:50.021+0200] {logging_mixin.py:188} INFO - [2024-05-20T13:55:50.021+0200] {dag.py:3096} INFO - Sync 1 DAGs
[2024-05-20T13:55:50.048+0200] {logging_mixin.py:188} INFO - [2024-05-20T13:55:50.047+0200] {dag.py:3954} INFO - Setting next_dagrun for example_sla_dag to 2024-05-20 11:52:00+00:00, run_after=2024-05-20 11:54:00+00:00
[2024-05-20T13:55:50.072+0200] {processor.py:183} INFO - Processing /home/munya/anaconda3/lib/python3.11/site-packages/airflow/example_dags/example_sla_dag.py took 0.088 seconds
[2024-05-20T13:56:47.269+0200] {processor.py:161} INFO - Started process (PID=807704) to work on /home/munya/anaconda3/lib/python3.11/site-packages/airflow/example_dags/example_sla_dag.py
[2024-05-20T13:56:47.270+0200] {processor.py:830} INFO - Processing file /home/munya/anaconda3/lib/python3.11/site-packages/airflow/example_dags/example_sla_dag.py for tasks to queue
[2024-05-20T13:56:47.271+0200] {logging_mixin.py:188} INFO - [2024-05-20T13:56:47.271+0200] {dagbag.py:545} INFO - Filling up the DagBag from /home/munya/anaconda3/lib/python3.11/site-packages/airflow/example_dags/example_sla_dag.py
[2024-05-20T13:56:47.282+0200] {processor.py:840} INFO - DAG(s) 'example_sla_dag' retrieved from /home/munya/anaconda3/lib/python3.11/site-packages/airflow/example_dags/example_sla_dag.py
[2024-05-20T13:56:47.303+0200] {logging_mixin.py:188} INFO - [2024-05-20T13:56:47.303+0200] {dag.py:3096} INFO - Sync 1 DAGs
[2024-05-20T13:56:47.342+0200] {logging_mixin.py:188} INFO - [2024-05-20T13:56:47.342+0200] {dag.py:3954} INFO - Setting next_dagrun for example_sla_dag to 2024-05-20 11:54:00+00:00, run_after=2024-05-20 11:56:00+00:00
[2024-05-20T13:56:47.375+0200] {processor.py:183} INFO - Processing /home/munya/anaconda3/lib/python3.11/site-packages/airflow/example_dags/example_sla_dag.py took 0.114 seconds
[2024-05-20T13:57:45.112+0200] {processor.py:161} INFO - Started process (PID=808822) to work on /home/munya/anaconda3/lib/python3.11/site-packages/airflow/example_dags/example_sla_dag.py
[2024-05-20T13:57:45.113+0200] {processor.py:830} INFO - Processing file /home/munya/anaconda3/lib/python3.11/site-packages/airflow/example_dags/example_sla_dag.py for tasks to queue
[2024-05-20T13:57:45.114+0200] {logging_mixin.py:188} INFO - [2024-05-20T13:57:45.114+0200] {dagbag.py:545} INFO - Filling up the DagBag from /home/munya/anaconda3/lib/python3.11/site-packages/airflow/example_dags/example_sla_dag.py
[2024-05-20T13:57:45.124+0200] {processor.py:840} INFO - DAG(s) 'example_sla_dag' retrieved from /home/munya/anaconda3/lib/python3.11/site-packages/airflow/example_dags/example_sla_dag.py
[2024-05-20T13:57:45.141+0200] {logging_mixin.py:188} INFO - [2024-05-20T13:57:45.141+0200] {dag.py:3096} INFO - Sync 1 DAGs
[2024-05-20T13:57:45.170+0200] {logging_mixin.py:188} INFO - [2024-05-20T13:57:45.169+0200] {dag.py:3954} INFO - Setting next_dagrun for example_sla_dag to 2024-05-20 11:54:00+00:00, run_after=2024-05-20 11:56:00+00:00
[2024-05-20T13:57:45.189+0200] {processor.py:183} INFO - Processing /home/munya/anaconda3/lib/python3.11/site-packages/airflow/example_dags/example_sla_dag.py took 0.082 seconds
[2024-05-20T13:58:44.134+0200] {processor.py:161} INFO - Started process (PID=809977) to work on /home/munya/anaconda3/lib/python3.11/site-packages/airflow/example_dags/example_sla_dag.py
[2024-05-20T13:58:44.136+0200] {processor.py:830} INFO - Processing file /home/munya/anaconda3/lib/python3.11/site-packages/airflow/example_dags/example_sla_dag.py for tasks to queue
[2024-05-20T13:58:44.137+0200] {logging_mixin.py:188} INFO - [2024-05-20T13:58:44.136+0200] {dagbag.py:545} INFO - Filling up the DagBag from /home/munya/anaconda3/lib/python3.11/site-packages/airflow/example_dags/example_sla_dag.py
[2024-05-20T13:58:44.152+0200] {processor.py:840} INFO - DAG(s) 'example_sla_dag' retrieved from /home/munya/anaconda3/lib/python3.11/site-packages/airflow/example_dags/example_sla_dag.py
[2024-05-20T13:58:44.175+0200] {logging_mixin.py:188} INFO - [2024-05-20T13:58:44.174+0200] {dag.py:3096} INFO - Sync 1 DAGs
[2024-05-20T13:58:44.207+0200] {logging_mixin.py:188} INFO - [2024-05-20T13:58:44.207+0200] {dag.py:3954} INFO - Setting next_dagrun for example_sla_dag to 2024-05-20 11:56:00+00:00, run_after=2024-05-20 11:58:00+00:00
[2024-05-20T13:58:44.238+0200] {processor.py:183} INFO - Processing /home/munya/anaconda3/lib/python3.11/site-packages/airflow/example_dags/example_sla_dag.py took 0.115 seconds
[2024-05-20T13:59:41.909+0200] {processor.py:161} INFO - Started process (PID=811044) to work on /home/munya/anaconda3/lib/python3.11/site-packages/airflow/example_dags/example_sla_dag.py
[2024-05-20T13:59:41.910+0200] {processor.py:830} INFO - Processing file /home/munya/anaconda3/lib/python3.11/site-packages/airflow/example_dags/example_sla_dag.py for tasks to queue
[2024-05-20T13:59:41.912+0200] {logging_mixin.py:188} INFO - [2024-05-20T13:59:41.911+0200] {dagbag.py:545} INFO - Filling up the DagBag from /home/munya/anaconda3/lib/python3.11/site-packages/airflow/example_dags/example_sla_dag.py
[2024-05-20T13:59:41.925+0200] {processor.py:840} INFO - DAG(s) 'example_sla_dag' retrieved from /home/munya/anaconda3/lib/python3.11/site-packages/airflow/example_dags/example_sla_dag.py
[2024-05-20T13:59:41.947+0200] {logging_mixin.py:188} INFO - [2024-05-20T13:59:41.946+0200] {dag.py:3096} INFO - Sync 1 DAGs
[2024-05-20T13:59:41.979+0200] {logging_mixin.py:188} INFO - [2024-05-20T13:59:41.978+0200] {dag.py:3954} INFO - Setting next_dagrun for example_sla_dag to 2024-05-20 11:56:00+00:00, run_after=2024-05-20 11:58:00+00:00
[2024-05-20T13:59:42.010+0200] {processor.py:183} INFO - Processing /home/munya/anaconda3/lib/python3.11/site-packages/airflow/example_dags/example_sla_dag.py took 0.111 seconds
[2024-05-20T14:00:37.961+0200] {processor.py:161} INFO - Started process (PID=812071) to work on /home/munya/anaconda3/lib/python3.11/site-packages/airflow/example_dags/example_sla_dag.py
[2024-05-20T14:00:37.962+0200] {processor.py:830} INFO - Processing file /home/munya/anaconda3/lib/python3.11/site-packages/airflow/example_dags/example_sla_dag.py for tasks to queue
[2024-05-20T14:00:37.963+0200] {logging_mixin.py:188} INFO - [2024-05-20T14:00:37.963+0200] {dagbag.py:545} INFO - Filling up the DagBag from /home/munya/anaconda3/lib/python3.11/site-packages/airflow/example_dags/example_sla_dag.py
[2024-05-20T14:00:37.971+0200] {processor.py:840} INFO - DAG(s) 'example_sla_dag' retrieved from /home/munya/anaconda3/lib/python3.11/site-packages/airflow/example_dags/example_sla_dag.py
[2024-05-20T14:00:37.987+0200] {logging_mixin.py:188} INFO - [2024-05-20T14:00:37.986+0200] {dag.py:3096} INFO - Sync 1 DAGs
[2024-05-20T14:00:38.011+0200] {logging_mixin.py:188} INFO - [2024-05-20T14:00:38.010+0200] {dag.py:3954} INFO - Setting next_dagrun for example_sla_dag to 2024-05-20 11:58:00+00:00, run_after=2024-05-20 12:00:00+00:00
[2024-05-20T14:00:38.032+0200] {processor.py:183} INFO - Processing /home/munya/anaconda3/lib/python3.11/site-packages/airflow/example_dags/example_sla_dag.py took 0.077 seconds
[2024-05-20T14:01:34.821+0200] {processor.py:161} INFO - Started process (PID=813151) to work on /home/munya/anaconda3/lib/python3.11/site-packages/airflow/example_dags/example_sla_dag.py
[2024-05-20T14:01:34.823+0200] {processor.py:830} INFO - Processing file /home/munya/anaconda3/lib/python3.11/site-packages/airflow/example_dags/example_sla_dag.py for tasks to queue
[2024-05-20T14:01:34.824+0200] {logging_mixin.py:188} INFO - [2024-05-20T14:01:34.823+0200] {dagbag.py:545} INFO - Filling up the DagBag from /home/munya/anaconda3/lib/python3.11/site-packages/airflow/example_dags/example_sla_dag.py
[2024-05-20T14:01:34.834+0200] {processor.py:840} INFO - DAG(s) 'example_sla_dag' retrieved from /home/munya/anaconda3/lib/python3.11/site-packages/airflow/example_dags/example_sla_dag.py
[2024-05-20T14:01:34.853+0200] {logging_mixin.py:188} INFO - [2024-05-20T14:01:34.853+0200] {dag.py:3096} INFO - Sync 1 DAGs
[2024-05-20T14:01:34.882+0200] {logging_mixin.py:188} INFO - [2024-05-20T14:01:34.881+0200] {dag.py:3954} INFO - Setting next_dagrun for example_sla_dag to 2024-05-20 11:58:00+00:00, run_after=2024-05-20 12:00:00+00:00
[2024-05-20T14:01:34.903+0200] {processor.py:183} INFO - Processing /home/munya/anaconda3/lib/python3.11/site-packages/airflow/example_dags/example_sla_dag.py took 0.088 seconds
[2024-05-20T14:02:28.847+0200] {processor.py:161} INFO - Started process (PID=814162) to work on /home/munya/anaconda3/lib/python3.11/site-packages/airflow/example_dags/example_sla_dag.py
[2024-05-20T14:02:28.848+0200] {processor.py:830} INFO - Processing file /home/munya/anaconda3/lib/python3.11/site-packages/airflow/example_dags/example_sla_dag.py for tasks to queue
[2024-05-20T14:02:28.850+0200] {logging_mixin.py:188} INFO - [2024-05-20T14:02:28.849+0200] {dagbag.py:545} INFO - Filling up the DagBag from /home/munya/anaconda3/lib/python3.11/site-packages/airflow/example_dags/example_sla_dag.py
[2024-05-20T14:02:28.863+0200] {processor.py:840} INFO - DAG(s) 'example_sla_dag' retrieved from /home/munya/anaconda3/lib/python3.11/site-packages/airflow/example_dags/example_sla_dag.py
[2024-05-20T14:02:28.881+0200] {logging_mixin.py:188} INFO - [2024-05-20T14:02:28.881+0200] {dag.py:3096} INFO - Sync 1 DAGs
[2024-05-20T14:02:28.906+0200] {logging_mixin.py:188} INFO - [2024-05-20T14:02:28.906+0200] {dag.py:3954} INFO - Setting next_dagrun for example_sla_dag to 2024-05-20 12:00:00+00:00, run_after=2024-05-20 12:02:00+00:00
[2024-05-20T14:02:28.930+0200] {processor.py:183} INFO - Processing /home/munya/anaconda3/lib/python3.11/site-packages/airflow/example_dags/example_sla_dag.py took 0.094 seconds
[2024-05-20T14:03:27.848+0200] {processor.py:161} INFO - Started process (PID=815368) to work on /home/munya/anaconda3/lib/python3.11/site-packages/airflow/example_dags/example_sla_dag.py
[2024-05-20T14:03:27.850+0200] {processor.py:830} INFO - Processing file /home/munya/anaconda3/lib/python3.11/site-packages/airflow/example_dags/example_sla_dag.py for tasks to queue
[2024-05-20T14:03:27.851+0200] {logging_mixin.py:188} INFO - [2024-05-20T14:03:27.851+0200] {dagbag.py:545} INFO - Filling up the DagBag from /home/munya/anaconda3/lib/python3.11/site-packages/airflow/example_dags/example_sla_dag.py
[2024-05-20T14:03:27.865+0200] {processor.py:840} INFO - DAG(s) 'example_sla_dag' retrieved from /home/munya/anaconda3/lib/python3.11/site-packages/airflow/example_dags/example_sla_dag.py
[2024-05-20T14:03:27.890+0200] {logging_mixin.py:188} INFO - [2024-05-20T14:03:27.889+0200] {dag.py:3096} INFO - Sync 1 DAGs
[2024-05-20T14:03:27.931+0200] {logging_mixin.py:188} INFO - [2024-05-20T14:03:27.931+0200] {dag.py:3954} INFO - Setting next_dagrun for example_sla_dag to 2024-05-20 12:00:00+00:00, run_after=2024-05-20 12:02:00+00:00
[2024-05-20T14:03:27.967+0200] {processor.py:183} INFO - Processing /home/munya/anaconda3/lib/python3.11/site-packages/airflow/example_dags/example_sla_dag.py took 0.129 seconds
[2024-05-20T14:04:25.761+0200] {processor.py:161} INFO - Started process (PID=816530) to work on /home/munya/anaconda3/lib/python3.11/site-packages/airflow/example_dags/example_sla_dag.py
[2024-05-20T14:04:25.762+0200] {processor.py:830} INFO - Processing file /home/munya/anaconda3/lib/python3.11/site-packages/airflow/example_dags/example_sla_dag.py for tasks to queue
[2024-05-20T14:04:25.763+0200] {logging_mixin.py:188} INFO - [2024-05-20T14:04:25.762+0200] {dagbag.py:545} INFO - Filling up the DagBag from /home/munya/anaconda3/lib/python3.11/site-packages/airflow/example_dags/example_sla_dag.py
[2024-05-20T14:04:25.774+0200] {processor.py:840} INFO - DAG(s) 'example_sla_dag' retrieved from /home/munya/anaconda3/lib/python3.11/site-packages/airflow/example_dags/example_sla_dag.py
[2024-05-20T14:04:25.794+0200] {logging_mixin.py:188} INFO - [2024-05-20T14:04:25.793+0200] {dag.py:3096} INFO - Sync 1 DAGs
[2024-05-20T14:04:25.822+0200] {logging_mixin.py:188} INFO - [2024-05-20T14:04:25.822+0200] {dag.py:3954} INFO - Setting next_dagrun for example_sla_dag to 2024-05-20 12:02:00+00:00, run_after=2024-05-20 12:04:00+00:00
[2024-05-20T14:04:25.846+0200] {processor.py:183} INFO - Processing /home/munya/anaconda3/lib/python3.11/site-packages/airflow/example_dags/example_sla_dag.py took 0.093 seconds
[2024-05-20T14:05:22.931+0200] {processor.py:161} INFO - Started process (PID=817620) to work on /home/munya/anaconda3/lib/python3.11/site-packages/airflow/example_dags/example_sla_dag.py
[2024-05-20T14:05:22.932+0200] {processor.py:830} INFO - Processing file /home/munya/anaconda3/lib/python3.11/site-packages/airflow/example_dags/example_sla_dag.py for tasks to queue
[2024-05-20T14:05:22.933+0200] {logging_mixin.py:188} INFO - [2024-05-20T14:05:22.933+0200] {dagbag.py:545} INFO - Filling up the DagBag from /home/munya/anaconda3/lib/python3.11/site-packages/airflow/example_dags/example_sla_dag.py
[2024-05-20T14:05:22.943+0200] {processor.py:840} INFO - DAG(s) 'example_sla_dag' retrieved from /home/munya/anaconda3/lib/python3.11/site-packages/airflow/example_dags/example_sla_dag.py
[2024-05-20T14:05:22.962+0200] {logging_mixin.py:188} INFO - [2024-05-20T14:05:22.962+0200] {dag.py:3096} INFO - Sync 1 DAGs
[2024-05-20T14:05:22.986+0200] {logging_mixin.py:188} INFO - [2024-05-20T14:05:22.986+0200] {dag.py:3954} INFO - Setting next_dagrun for example_sla_dag to 2024-05-20 12:02:00+00:00, run_after=2024-05-20 12:04:00+00:00
[2024-05-20T14:05:23.005+0200] {processor.py:183} INFO - Processing /home/munya/anaconda3/lib/python3.11/site-packages/airflow/example_dags/example_sla_dag.py took 0.081 seconds
[2024-05-20T14:06:25.329+0200] {processor.py:161} INFO - Started process (PID=818770) to work on /home/munya/anaconda3/lib/python3.11/site-packages/airflow/example_dags/example_sla_dag.py
[2024-05-20T14:06:25.330+0200] {processor.py:830} INFO - Processing file /home/munya/anaconda3/lib/python3.11/site-packages/airflow/example_dags/example_sla_dag.py for tasks to queue
[2024-05-20T14:06:25.331+0200] {logging_mixin.py:188} INFO - [2024-05-20T14:06:25.331+0200] {dagbag.py:545} INFO - Filling up the DagBag from /home/munya/anaconda3/lib/python3.11/site-packages/airflow/example_dags/example_sla_dag.py
[2024-05-20T14:06:25.342+0200] {processor.py:840} INFO - DAG(s) 'example_sla_dag' retrieved from /home/munya/anaconda3/lib/python3.11/site-packages/airflow/example_dags/example_sla_dag.py
[2024-05-20T14:06:25.359+0200] {logging_mixin.py:188} INFO - [2024-05-20T14:06:25.359+0200] {dag.py:3096} INFO - Sync 1 DAGs
[2024-05-20T14:06:25.386+0200] {logging_mixin.py:188} INFO - [2024-05-20T14:06:25.385+0200] {dag.py:3954} INFO - Setting next_dagrun for example_sla_dag to 2024-05-20 12:04:00+00:00, run_after=2024-05-20 12:06:00+00:00
[2024-05-20T14:06:25.409+0200] {processor.py:183} INFO - Processing /home/munya/anaconda3/lib/python3.11/site-packages/airflow/example_dags/example_sla_dag.py took 0.087 seconds
[2024-05-20T14:07:23.757+0200] {processor.py:161} INFO - Started process (PID=819877) to work on /home/munya/anaconda3/lib/python3.11/site-packages/airflow/example_dags/example_sla_dag.py
[2024-05-20T14:07:23.759+0200] {processor.py:830} INFO - Processing file /home/munya/anaconda3/lib/python3.11/site-packages/airflow/example_dags/example_sla_dag.py for tasks to queue
[2024-05-20T14:07:23.761+0200] {logging_mixin.py:188} INFO - [2024-05-20T14:07:23.760+0200] {dagbag.py:545} INFO - Filling up the DagBag from /home/munya/anaconda3/lib/python3.11/site-packages/airflow/example_dags/example_sla_dag.py
[2024-05-20T14:07:23.773+0200] {processor.py:840} INFO - DAG(s) 'example_sla_dag' retrieved from /home/munya/anaconda3/lib/python3.11/site-packages/airflow/example_dags/example_sla_dag.py
[2024-05-20T14:07:23.795+0200] {logging_mixin.py:188} INFO - [2024-05-20T14:07:23.794+0200] {dag.py:3096} INFO - Sync 1 DAGs
[2024-05-20T14:07:23.825+0200] {logging_mixin.py:188} INFO - [2024-05-20T14:07:23.825+0200] {dag.py:3954} INFO - Setting next_dagrun for example_sla_dag to 2024-05-20 12:04:00+00:00, run_after=2024-05-20 12:06:00+00:00
[2024-05-20T14:07:23.852+0200] {processor.py:183} INFO - Processing /home/munya/anaconda3/lib/python3.11/site-packages/airflow/example_dags/example_sla_dag.py took 0.101 seconds
[2024-05-20T14:08:25.045+0200] {processor.py:161} INFO - Started process (PID=820922) to work on /home/munya/anaconda3/lib/python3.11/site-packages/airflow/example_dags/example_sla_dag.py
[2024-05-20T14:08:25.046+0200] {processor.py:830} INFO - Processing file /home/munya/anaconda3/lib/python3.11/site-packages/airflow/example_dags/example_sla_dag.py for tasks to queue
[2024-05-20T14:08:25.047+0200] {logging_mixin.py:188} INFO - [2024-05-20T14:08:25.046+0200] {dagbag.py:545} INFO - Filling up the DagBag from /home/munya/anaconda3/lib/python3.11/site-packages/airflow/example_dags/example_sla_dag.py
[2024-05-20T14:08:25.055+0200] {processor.py:840} INFO - DAG(s) 'example_sla_dag' retrieved from /home/munya/anaconda3/lib/python3.11/site-packages/airflow/example_dags/example_sla_dag.py
[2024-05-20T14:08:25.071+0200] {logging_mixin.py:188} INFO - [2024-05-20T14:08:25.071+0200] {dag.py:3096} INFO - Sync 1 DAGs
[2024-05-20T14:08:25.097+0200] {logging_mixin.py:188} INFO - [2024-05-20T14:08:25.097+0200] {dag.py:3954} INFO - Setting next_dagrun for example_sla_dag to 2024-05-20 12:06:00+00:00, run_after=2024-05-20 12:08:00+00:00
[2024-05-20T14:08:25.117+0200] {processor.py:183} INFO - Processing /home/munya/anaconda3/lib/python3.11/site-packages/airflow/example_dags/example_sla_dag.py took 0.080 seconds
[2024-05-20T14:09:23.114+0200] {processor.py:161} INFO - Started process (PID=822052) to work on /home/munya/anaconda3/lib/python3.11/site-packages/airflow/example_dags/example_sla_dag.py
[2024-05-20T14:09:23.115+0200] {processor.py:830} INFO - Processing file /home/munya/anaconda3/lib/python3.11/site-packages/airflow/example_dags/example_sla_dag.py for tasks to queue
[2024-05-20T14:09:23.115+0200] {logging_mixin.py:188} INFO - [2024-05-20T14:09:23.115+0200] {dagbag.py:545} INFO - Filling up the DagBag from /home/munya/anaconda3/lib/python3.11/site-packages/airflow/example_dags/example_sla_dag.py
[2024-05-20T14:09:23.123+0200] {processor.py:840} INFO - DAG(s) 'example_sla_dag' retrieved from /home/munya/anaconda3/lib/python3.11/site-packages/airflow/example_dags/example_sla_dag.py
[2024-05-20T14:09:23.138+0200] {logging_mixin.py:188} INFO - [2024-05-20T14:09:23.137+0200] {dag.py:3096} INFO - Sync 1 DAGs
[2024-05-20T14:09:23.159+0200] {logging_mixin.py:188} INFO - [2024-05-20T14:09:23.159+0200] {dag.py:3954} INFO - Setting next_dagrun for example_sla_dag to 2024-05-20 12:06:00+00:00, run_after=2024-05-20 12:08:00+00:00
[2024-05-20T14:09:23.179+0200] {processor.py:183} INFO - Processing /home/munya/anaconda3/lib/python3.11/site-packages/airflow/example_dags/example_sla_dag.py took 0.071 seconds
[2024-05-20T14:10:21.494+0200] {processor.py:161} INFO - Started process (PID=823139) to work on /home/munya/anaconda3/lib/python3.11/site-packages/airflow/example_dags/example_sla_dag.py
[2024-05-20T14:10:21.495+0200] {processor.py:830} INFO - Processing file /home/munya/anaconda3/lib/python3.11/site-packages/airflow/example_dags/example_sla_dag.py for tasks to queue
[2024-05-20T14:10:21.496+0200] {logging_mixin.py:188} INFO - [2024-05-20T14:10:21.496+0200] {dagbag.py:545} INFO - Filling up the DagBag from /home/munya/anaconda3/lib/python3.11/site-packages/airflow/example_dags/example_sla_dag.py
[2024-05-20T14:10:21.507+0200] {processor.py:840} INFO - DAG(s) 'example_sla_dag' retrieved from /home/munya/anaconda3/lib/python3.11/site-packages/airflow/example_dags/example_sla_dag.py
[2024-05-20T14:10:21.527+0200] {logging_mixin.py:188} INFO - [2024-05-20T14:10:21.527+0200] {dag.py:3096} INFO - Sync 1 DAGs
[2024-05-20T14:10:21.557+0200] {logging_mixin.py:188} INFO - [2024-05-20T14:10:21.556+0200] {dag.py:3954} INFO - Setting next_dagrun for example_sla_dag to 2024-05-20 12:08:00+00:00, run_after=2024-05-20 12:10:00+00:00
[2024-05-20T14:10:21.584+0200] {processor.py:183} INFO - Processing /home/munya/anaconda3/lib/python3.11/site-packages/airflow/example_dags/example_sla_dag.py took 0.098 seconds
[2024-05-20T14:11:19.930+0200] {processor.py:161} INFO - Started process (PID=824326) to work on /home/munya/anaconda3/lib/python3.11/site-packages/airflow/example_dags/example_sla_dag.py
[2024-05-20T14:11:19.931+0200] {processor.py:830} INFO - Processing file /home/munya/anaconda3/lib/python3.11/site-packages/airflow/example_dags/example_sla_dag.py for tasks to queue
[2024-05-20T14:11:19.932+0200] {logging_mixin.py:188} INFO - [2024-05-20T14:11:19.932+0200] {dagbag.py:545} INFO - Filling up the DagBag from /home/munya/anaconda3/lib/python3.11/site-packages/airflow/example_dags/example_sla_dag.py
[2024-05-20T14:11:19.942+0200] {processor.py:840} INFO - DAG(s) 'example_sla_dag' retrieved from /home/munya/anaconda3/lib/python3.11/site-packages/airflow/example_dags/example_sla_dag.py
[2024-05-20T14:11:19.959+0200] {logging_mixin.py:188} INFO - [2024-05-20T14:11:19.959+0200] {dag.py:3096} INFO - Sync 1 DAGs
[2024-05-20T14:11:19.984+0200] {logging_mixin.py:188} INFO - [2024-05-20T14:11:19.984+0200] {dag.py:3954} INFO - Setting next_dagrun for example_sla_dag to 2024-05-20 12:08:00+00:00, run_after=2024-05-20 12:10:00+00:00
[2024-05-20T14:11:20.004+0200] {processor.py:183} INFO - Processing /home/munya/anaconda3/lib/python3.11/site-packages/airflow/example_dags/example_sla_dag.py took 0.081 seconds
[2024-05-20T14:12:25.403+0200] {processor.py:161} INFO - Started process (PID=825621) to work on /home/munya/anaconda3/lib/python3.11/site-packages/airflow/example_dags/example_sla_dag.py
[2024-05-20T14:12:25.404+0200] {processor.py:830} INFO - Processing file /home/munya/anaconda3/lib/python3.11/site-packages/airflow/example_dags/example_sla_dag.py for tasks to queue
[2024-05-20T14:12:25.405+0200] {logging_mixin.py:188} INFO - [2024-05-20T14:12:25.405+0200] {dagbag.py:545} INFO - Filling up the DagBag from /home/munya/anaconda3/lib/python3.11/site-packages/airflow/example_dags/example_sla_dag.py
[2024-05-20T14:12:25.415+0200] {processor.py:840} INFO - DAG(s) 'example_sla_dag' retrieved from /home/munya/anaconda3/lib/python3.11/site-packages/airflow/example_dags/example_sla_dag.py
[2024-05-20T14:12:25.433+0200] {logging_mixin.py:188} INFO - [2024-05-20T14:12:25.433+0200] {dag.py:3096} INFO - Sync 1 DAGs
[2024-05-20T14:12:25.460+0200] {logging_mixin.py:188} INFO - [2024-05-20T14:12:25.460+0200] {dag.py:3954} INFO - Setting next_dagrun for example_sla_dag to 2024-05-20 12:10:00+00:00, run_after=2024-05-20 12:12:00+00:00
[2024-05-20T14:12:25.480+0200] {processor.py:183} INFO - Processing /home/munya/anaconda3/lib/python3.11/site-packages/airflow/example_dags/example_sla_dag.py took 0.085 seconds
[2024-05-20T14:13:24.107+0200] {processor.py:161} INFO - Started process (PID=826768) to work on /home/munya/anaconda3/lib/python3.11/site-packages/airflow/example_dags/example_sla_dag.py
[2024-05-20T14:13:24.108+0200] {processor.py:830} INFO - Processing file /home/munya/anaconda3/lib/python3.11/site-packages/airflow/example_dags/example_sla_dag.py for tasks to queue
[2024-05-20T14:13:24.109+0200] {logging_mixin.py:188} INFO - [2024-05-20T14:13:24.108+0200] {dagbag.py:545} INFO - Filling up the DagBag from /home/munya/anaconda3/lib/python3.11/site-packages/airflow/example_dags/example_sla_dag.py
[2024-05-20T14:13:24.121+0200] {processor.py:840} INFO - DAG(s) 'example_sla_dag' retrieved from /home/munya/anaconda3/lib/python3.11/site-packages/airflow/example_dags/example_sla_dag.py
[2024-05-20T14:13:24.142+0200] {logging_mixin.py:188} INFO - [2024-05-20T14:13:24.141+0200] {dag.py:3096} INFO - Sync 1 DAGs
[2024-05-20T14:13:24.169+0200] {logging_mixin.py:188} INFO - [2024-05-20T14:13:24.169+0200] {dag.py:3954} INFO - Setting next_dagrun for example_sla_dag to 2024-05-20 12:10:00+00:00, run_after=2024-05-20 12:12:00+00:00
[2024-05-20T14:13:24.193+0200] {processor.py:183} INFO - Processing /home/munya/anaconda3/lib/python3.11/site-packages/airflow/example_dags/example_sla_dag.py took 0.094 seconds
[2024-05-20T14:14:20.315+0200] {processor.py:161} INFO - Started process (PID=827898) to work on /home/munya/anaconda3/lib/python3.11/site-packages/airflow/example_dags/example_sla_dag.py
[2024-05-20T14:14:20.316+0200] {processor.py:830} INFO - Processing file /home/munya/anaconda3/lib/python3.11/site-packages/airflow/example_dags/example_sla_dag.py for tasks to queue
[2024-05-20T14:14:20.317+0200] {logging_mixin.py:188} INFO - [2024-05-20T14:14:20.316+0200] {dagbag.py:545} INFO - Filling up the DagBag from /home/munya/anaconda3/lib/python3.11/site-packages/airflow/example_dags/example_sla_dag.py
[2024-05-20T14:14:20.327+0200] {processor.py:840} INFO - DAG(s) 'example_sla_dag' retrieved from /home/munya/anaconda3/lib/python3.11/site-packages/airflow/example_dags/example_sla_dag.py
[2024-05-20T14:14:20.343+0200] {logging_mixin.py:188} INFO - [2024-05-20T14:14:20.343+0200] {dag.py:3096} INFO - Sync 1 DAGs
[2024-05-20T14:14:20.362+0200] {logging_mixin.py:188} INFO - [2024-05-20T14:14:20.362+0200] {dag.py:3954} INFO - Setting next_dagrun for example_sla_dag to 2024-05-20 12:12:00+00:00, run_after=2024-05-20 12:14:00+00:00
[2024-05-20T14:14:20.380+0200] {processor.py:183} INFO - Processing /home/munya/anaconda3/lib/python3.11/site-packages/airflow/example_dags/example_sla_dag.py took 0.073 seconds
[2024-05-20T14:15:17.448+0200] {processor.py:161} INFO - Started process (PID=829171) to work on /home/munya/anaconda3/lib/python3.11/site-packages/airflow/example_dags/example_sla_dag.py
[2024-05-20T14:15:17.449+0200] {processor.py:830} INFO - Processing file /home/munya/anaconda3/lib/python3.11/site-packages/airflow/example_dags/example_sla_dag.py for tasks to queue
[2024-05-20T14:15:17.450+0200] {logging_mixin.py:188} INFO - [2024-05-20T14:15:17.450+0200] {dagbag.py:545} INFO - Filling up the DagBag from /home/munya/anaconda3/lib/python3.11/site-packages/airflow/example_dags/example_sla_dag.py
[2024-05-20T14:15:17.459+0200] {processor.py:840} INFO - DAG(s) 'example_sla_dag' retrieved from /home/munya/anaconda3/lib/python3.11/site-packages/airflow/example_dags/example_sla_dag.py
[2024-05-20T14:15:17.475+0200] {logging_mixin.py:188} INFO - [2024-05-20T14:15:17.475+0200] {dag.py:3096} INFO - Sync 1 DAGs
[2024-05-20T14:15:17.498+0200] {logging_mixin.py:188} INFO - [2024-05-20T14:15:17.498+0200] {dag.py:3954} INFO - Setting next_dagrun for example_sla_dag to 2024-05-20 12:12:00+00:00, run_after=2024-05-20 12:14:00+00:00
[2024-05-20T14:15:17.530+0200] {processor.py:183} INFO - Processing /home/munya/anaconda3/lib/python3.11/site-packages/airflow/example_dags/example_sla_dag.py took 0.089 seconds
[2024-05-20T14:16:13.221+0200] {processor.py:161} INFO - Started process (PID=830356) to work on /home/munya/anaconda3/lib/python3.11/site-packages/airflow/example_dags/example_sla_dag.py
[2024-05-20T14:16:13.222+0200] {processor.py:830} INFO - Processing file /home/munya/anaconda3/lib/python3.11/site-packages/airflow/example_dags/example_sla_dag.py for tasks to queue
[2024-05-20T14:16:13.223+0200] {logging_mixin.py:188} INFO - [2024-05-20T14:16:13.222+0200] {dagbag.py:545} INFO - Filling up the DagBag from /home/munya/anaconda3/lib/python3.11/site-packages/airflow/example_dags/example_sla_dag.py
[2024-05-20T14:16:13.230+0200] {processor.py:840} INFO - DAG(s) 'example_sla_dag' retrieved from /home/munya/anaconda3/lib/python3.11/site-packages/airflow/example_dags/example_sla_dag.py
[2024-05-20T14:16:13.244+0200] {logging_mixin.py:188} INFO - [2024-05-20T14:16:13.244+0200] {dag.py:3096} INFO - Sync 1 DAGs
[2024-05-20T14:16:13.264+0200] {logging_mixin.py:188} INFO - [2024-05-20T14:16:13.264+0200] {dag.py:3954} INFO - Setting next_dagrun for example_sla_dag to 2024-05-20 12:14:00+00:00, run_after=2024-05-20 12:16:00+00:00
[2024-05-20T14:16:13.282+0200] {processor.py:183} INFO - Processing /home/munya/anaconda3/lib/python3.11/site-packages/airflow/example_dags/example_sla_dag.py took 0.066 seconds
[2024-05-20T14:17:08.925+0200] {processor.py:161} INFO - Started process (PID=831528) to work on /home/munya/anaconda3/lib/python3.11/site-packages/airflow/example_dags/example_sla_dag.py
[2024-05-20T14:17:08.926+0200] {processor.py:830} INFO - Processing file /home/munya/anaconda3/lib/python3.11/site-packages/airflow/example_dags/example_sla_dag.py for tasks to queue
[2024-05-20T14:17:08.927+0200] {logging_mixin.py:188} INFO - [2024-05-20T14:17:08.926+0200] {dagbag.py:545} INFO - Filling up the DagBag from /home/munya/anaconda3/lib/python3.11/site-packages/airflow/example_dags/example_sla_dag.py
[2024-05-20T14:17:08.939+0200] {processor.py:840} INFO - DAG(s) 'example_sla_dag' retrieved from /home/munya/anaconda3/lib/python3.11/site-packages/airflow/example_dags/example_sla_dag.py
[2024-05-20T14:17:08.953+0200] {logging_mixin.py:188} INFO - [2024-05-20T14:17:08.953+0200] {dag.py:3096} INFO - Sync 1 DAGs
[2024-05-20T14:17:08.976+0200] {logging_mixin.py:188} INFO - [2024-05-20T14:17:08.975+0200] {dag.py:3954} INFO - Setting next_dagrun for example_sla_dag to 2024-05-20 12:14:00+00:00, run_after=2024-05-20 12:16:00+00:00
[2024-05-20T14:17:08.996+0200] {processor.py:183} INFO - Processing /home/munya/anaconda3/lib/python3.11/site-packages/airflow/example_dags/example_sla_dag.py took 0.078 seconds
[2024-05-20T14:18:06.347+0200] {processor.py:161} INFO - Started process (PID=832677) to work on /home/munya/anaconda3/lib/python3.11/site-packages/airflow/example_dags/example_sla_dag.py
[2024-05-20T14:18:06.348+0200] {processor.py:830} INFO - Processing file /home/munya/anaconda3/lib/python3.11/site-packages/airflow/example_dags/example_sla_dag.py for tasks to queue
[2024-05-20T14:18:06.350+0200] {logging_mixin.py:188} INFO - [2024-05-20T14:18:06.349+0200] {dagbag.py:545} INFO - Filling up the DagBag from /home/munya/anaconda3/lib/python3.11/site-packages/airflow/example_dags/example_sla_dag.py
[2024-05-20T14:18:06.361+0200] {processor.py:840} INFO - DAG(s) 'example_sla_dag' retrieved from /home/munya/anaconda3/lib/python3.11/site-packages/airflow/example_dags/example_sla_dag.py
[2024-05-20T14:18:06.381+0200] {logging_mixin.py:188} INFO - [2024-05-20T14:18:06.381+0200] {dag.py:3096} INFO - Sync 1 DAGs
[2024-05-20T14:18:06.407+0200] {logging_mixin.py:188} INFO - [2024-05-20T14:18:06.407+0200] {dag.py:3954} INFO - Setting next_dagrun for example_sla_dag to 2024-05-20 12:16:00+00:00, run_after=2024-05-20 12:18:00+00:00
[2024-05-20T14:18:06.429+0200] {processor.py:183} INFO - Processing /home/munya/anaconda3/lib/python3.11/site-packages/airflow/example_dags/example_sla_dag.py took 0.089 seconds
[2024-05-20T14:19:00.420+0200] {processor.py:161} INFO - Started process (PID=833884) to work on /home/munya/anaconda3/lib/python3.11/site-packages/airflow/example_dags/example_sla_dag.py
[2024-05-20T14:19:00.421+0200] {processor.py:830} INFO - Processing file /home/munya/anaconda3/lib/python3.11/site-packages/airflow/example_dags/example_sla_dag.py for tasks to queue
[2024-05-20T14:19:00.422+0200] {logging_mixin.py:188} INFO - [2024-05-20T14:19:00.422+0200] {dagbag.py:545} INFO - Filling up the DagBag from /home/munya/anaconda3/lib/python3.11/site-packages/airflow/example_dags/example_sla_dag.py
[2024-05-20T14:19:00.434+0200] {processor.py:840} INFO - DAG(s) 'example_sla_dag' retrieved from /home/munya/anaconda3/lib/python3.11/site-packages/airflow/example_dags/example_sla_dag.py
[2024-05-20T14:19:00.463+0200] {logging_mixin.py:188} INFO - [2024-05-20T14:19:00.463+0200] {dag.py:3096} INFO - Sync 1 DAGs
[2024-05-20T14:19:00.517+0200] {logging_mixin.py:188} INFO - [2024-05-20T14:19:00.510+0200] {dag.py:3954} INFO - Setting next_dagrun for example_sla_dag to 2024-05-20 12:16:00+00:00, run_after=2024-05-20 12:18:00+00:00
[2024-05-20T14:19:00.562+0200] {processor.py:183} INFO - Processing /home/munya/anaconda3/lib/python3.11/site-packages/airflow/example_dags/example_sla_dag.py took 0.150 seconds
[2024-05-20T14:19:58.119+0200] {processor.py:161} INFO - Started process (PID=835057) to work on /home/munya/anaconda3/lib/python3.11/site-packages/airflow/example_dags/example_sla_dag.py
[2024-05-20T14:19:58.120+0200] {processor.py:830} INFO - Processing file /home/munya/anaconda3/lib/python3.11/site-packages/airflow/example_dags/example_sla_dag.py for tasks to queue
[2024-05-20T14:19:58.122+0200] {logging_mixin.py:188} INFO - [2024-05-20T14:19:58.121+0200] {dagbag.py:545} INFO - Filling up the DagBag from /home/munya/anaconda3/lib/python3.11/site-packages/airflow/example_dags/example_sla_dag.py
[2024-05-20T14:19:58.133+0200] {processor.py:840} INFO - DAG(s) 'example_sla_dag' retrieved from /home/munya/anaconda3/lib/python3.11/site-packages/airflow/example_dags/example_sla_dag.py
[2024-05-20T14:19:58.155+0200] {logging_mixin.py:188} INFO - [2024-05-20T14:19:58.154+0200] {dag.py:3096} INFO - Sync 1 DAGs
[2024-05-20T14:19:58.186+0200] {logging_mixin.py:188} INFO - [2024-05-20T14:19:58.185+0200] {dag.py:3954} INFO - Setting next_dagrun for example_sla_dag to 2024-05-20 12:16:00+00:00, run_after=2024-05-20 12:18:00+00:00
[2024-05-20T14:19:58.209+0200] {processor.py:183} INFO - Processing /home/munya/anaconda3/lib/python3.11/site-packages/airflow/example_dags/example_sla_dag.py took 0.098 seconds
[2024-05-20T14:21:03.431+0200] {processor.py:161} INFO - Started process (PID=836399) to work on /home/munya/anaconda3/lib/python3.11/site-packages/airflow/example_dags/example_sla_dag.py
[2024-05-20T14:21:03.432+0200] {processor.py:830} INFO - Processing file /home/munya/anaconda3/lib/python3.11/site-packages/airflow/example_dags/example_sla_dag.py for tasks to queue
[2024-05-20T14:21:03.433+0200] {logging_mixin.py:188} INFO - [2024-05-20T14:21:03.432+0200] {dagbag.py:545} INFO - Filling up the DagBag from /home/munya/anaconda3/lib/python3.11/site-packages/airflow/example_dags/example_sla_dag.py
[2024-05-20T14:21:03.449+0200] {processor.py:840} INFO - DAG(s) 'example_sla_dag' retrieved from /home/munya/anaconda3/lib/python3.11/site-packages/airflow/example_dags/example_sla_dag.py
[2024-05-20T14:21:03.477+0200] {logging_mixin.py:188} INFO - [2024-05-20T14:21:03.477+0200] {dag.py:3096} INFO - Sync 1 DAGs
[2024-05-20T14:21:03.515+0200] {logging_mixin.py:188} INFO - [2024-05-20T14:21:03.515+0200] {dag.py:3954} INFO - Setting next_dagrun for example_sla_dag to 2024-05-20 12:18:00+00:00, run_after=2024-05-20 12:20:00+00:00
[2024-05-20T14:21:03.553+0200] {processor.py:183} INFO - Processing /home/munya/anaconda3/lib/python3.11/site-packages/airflow/example_dags/example_sla_dag.py took 0.132 seconds
[2024-05-20T14:22:05.354+0200] {processor.py:161} INFO - Started process (PID=837471) to work on /home/munya/anaconda3/lib/python3.11/site-packages/airflow/example_dags/example_sla_dag.py
[2024-05-20T14:22:05.355+0200] {processor.py:830} INFO - Processing file /home/munya/anaconda3/lib/python3.11/site-packages/airflow/example_dags/example_sla_dag.py for tasks to queue
[2024-05-20T14:22:05.356+0200] {logging_mixin.py:188} INFO - [2024-05-20T14:22:05.356+0200] {dagbag.py:545} INFO - Filling up the DagBag from /home/munya/anaconda3/lib/python3.11/site-packages/airflow/example_dags/example_sla_dag.py
[2024-05-20T14:22:05.367+0200] {processor.py:840} INFO - DAG(s) 'example_sla_dag' retrieved from /home/munya/anaconda3/lib/python3.11/site-packages/airflow/example_dags/example_sla_dag.py
[2024-05-20T14:22:05.385+0200] {logging_mixin.py:188} INFO - [2024-05-20T14:22:05.385+0200] {dag.py:3096} INFO - Sync 1 DAGs
[2024-05-20T14:22:05.410+0200] {logging_mixin.py:188} INFO - [2024-05-20T14:22:05.410+0200] {dag.py:3954} INFO - Setting next_dagrun for example_sla_dag to 2024-05-20 12:20:00+00:00, run_after=2024-05-20 12:22:00+00:00
[2024-05-20T14:22:05.429+0200] {processor.py:183} INFO - Processing /home/munya/anaconda3/lib/python3.11/site-packages/airflow/example_dags/example_sla_dag.py took 0.082 seconds
[2024-05-20T14:23:01.937+0200] {processor.py:161} INFO - Started process (PID=838436) to work on /home/munya/anaconda3/lib/python3.11/site-packages/airflow/example_dags/example_sla_dag.py
[2024-05-20T14:23:01.938+0200] {processor.py:830} INFO - Processing file /home/munya/anaconda3/lib/python3.11/site-packages/airflow/example_dags/example_sla_dag.py for tasks to queue
[2024-05-20T14:23:01.940+0200] {logging_mixin.py:188} INFO - [2024-05-20T14:23:01.939+0200] {dagbag.py:545} INFO - Filling up the DagBag from /home/munya/anaconda3/lib/python3.11/site-packages/airflow/example_dags/example_sla_dag.py
[2024-05-20T14:23:01.952+0200] {processor.py:840} INFO - DAG(s) 'example_sla_dag' retrieved from /home/munya/anaconda3/lib/python3.11/site-packages/airflow/example_dags/example_sla_dag.py
[2024-05-20T14:23:01.971+0200] {logging_mixin.py:188} INFO - [2024-05-20T14:23:01.971+0200] {dag.py:3096} INFO - Sync 1 DAGs
[2024-05-20T14:23:01.997+0200] {logging_mixin.py:188} INFO - [2024-05-20T14:23:01.997+0200] {dag.py:3954} INFO - Setting next_dagrun for example_sla_dag to 2024-05-20 12:20:00+00:00, run_after=2024-05-20 12:22:00+00:00
[2024-05-20T14:23:02.018+0200] {processor.py:183} INFO - Processing /home/munya/anaconda3/lib/python3.11/site-packages/airflow/example_dags/example_sla_dag.py took 0.090 seconds
[2024-05-20T14:23:53.957+0200] {processor.py:161} INFO - Started process (PID=839325) to work on /home/munya/anaconda3/lib/python3.11/site-packages/airflow/example_dags/example_sla_dag.py
[2024-05-20T14:23:53.959+0200] {processor.py:830} INFO - Processing file /home/munya/anaconda3/lib/python3.11/site-packages/airflow/example_dags/example_sla_dag.py for tasks to queue
[2024-05-20T14:23:53.960+0200] {logging_mixin.py:188} INFO - [2024-05-20T14:23:53.959+0200] {dagbag.py:545} INFO - Filling up the DagBag from /home/munya/anaconda3/lib/python3.11/site-packages/airflow/example_dags/example_sla_dag.py
[2024-05-20T14:23:53.973+0200] {processor.py:840} INFO - DAG(s) 'example_sla_dag' retrieved from /home/munya/anaconda3/lib/python3.11/site-packages/airflow/example_dags/example_sla_dag.py
[2024-05-20T14:23:53.992+0200] {logging_mixin.py:188} INFO - [2024-05-20T14:23:53.992+0200] {dag.py:3096} INFO - Sync 1 DAGs
[2024-05-20T14:23:54.019+0200] {logging_mixin.py:188} INFO - [2024-05-20T14:23:54.018+0200] {dag.py:3954} INFO - Setting next_dagrun for example_sla_dag to 2024-05-20 12:20:00+00:00, run_after=2024-05-20 12:22:00+00:00
[2024-05-20T14:23:54.040+0200] {processor.py:183} INFO - Processing /home/munya/anaconda3/lib/python3.11/site-packages/airflow/example_dags/example_sla_dag.py took 0.090 seconds
[2024-05-20T14:24:48.974+0200] {processor.py:161} INFO - Started process (PID=840272) to work on /home/munya/anaconda3/lib/python3.11/site-packages/airflow/example_dags/example_sla_dag.py
[2024-05-20T14:24:48.975+0200] {processor.py:830} INFO - Processing file /home/munya/anaconda3/lib/python3.11/site-packages/airflow/example_dags/example_sla_dag.py for tasks to queue
[2024-05-20T14:24:48.977+0200] {logging_mixin.py:188} INFO - [2024-05-20T14:24:48.976+0200] {dagbag.py:545} INFO - Filling up the DagBag from /home/munya/anaconda3/lib/python3.11/site-packages/airflow/example_dags/example_sla_dag.py
[2024-05-20T14:24:48.987+0200] {processor.py:840} INFO - DAG(s) 'example_sla_dag' retrieved from /home/munya/anaconda3/lib/python3.11/site-packages/airflow/example_dags/example_sla_dag.py
[2024-05-20T14:24:49.007+0200] {logging_mixin.py:188} INFO - [2024-05-20T14:24:49.006+0200] {dag.py:3096} INFO - Sync 1 DAGs
[2024-05-20T14:24:49.033+0200] {logging_mixin.py:188} INFO - [2024-05-20T14:24:49.033+0200] {dag.py:3954} INFO - Setting next_dagrun for example_sla_dag to 2024-05-20 12:22:00+00:00, run_after=2024-05-20 12:24:00+00:00
[2024-05-20T14:24:49.071+0200] {processor.py:183} INFO - Processing /home/munya/anaconda3/lib/python3.11/site-packages/airflow/example_dags/example_sla_dag.py took 0.104 seconds
[2024-05-20T14:25:47.047+0200] {processor.py:161} INFO - Started process (PID=841285) to work on /home/munya/anaconda3/lib/python3.11/site-packages/airflow/example_dags/example_sla_dag.py
[2024-05-20T14:25:47.048+0200] {processor.py:830} INFO - Processing file /home/munya/anaconda3/lib/python3.11/site-packages/airflow/example_dags/example_sla_dag.py for tasks to queue
[2024-05-20T14:25:47.049+0200] {logging_mixin.py:188} INFO - [2024-05-20T14:25:47.049+0200] {dagbag.py:545} INFO - Filling up the DagBag from /home/munya/anaconda3/lib/python3.11/site-packages/airflow/example_dags/example_sla_dag.py
[2024-05-20T14:25:47.060+0200] {processor.py:840} INFO - DAG(s) 'example_sla_dag' retrieved from /home/munya/anaconda3/lib/python3.11/site-packages/airflow/example_dags/example_sla_dag.py
[2024-05-20T14:25:47.081+0200] {logging_mixin.py:188} INFO - [2024-05-20T14:25:47.081+0200] {dag.py:3096} INFO - Sync 1 DAGs
[2024-05-20T14:25:47.108+0200] {logging_mixin.py:188} INFO - [2024-05-20T14:25:47.107+0200] {dag.py:3954} INFO - Setting next_dagrun for example_sla_dag to 2024-05-20 12:22:00+00:00, run_after=2024-05-20 12:24:00+00:00
[2024-05-20T14:25:47.129+0200] {processor.py:183} INFO - Processing /home/munya/anaconda3/lib/python3.11/site-packages/airflow/example_dags/example_sla_dag.py took 0.089 seconds
[2024-05-20T14:26:43.882+0200] {processor.py:161} INFO - Started process (PID=842314) to work on /home/munya/anaconda3/lib/python3.11/site-packages/airflow/example_dags/example_sla_dag.py
[2024-05-20T14:26:43.883+0200] {processor.py:830} INFO - Processing file /home/munya/anaconda3/lib/python3.11/site-packages/airflow/example_dags/example_sla_dag.py for tasks to queue
[2024-05-20T14:26:43.884+0200] {logging_mixin.py:188} INFO - [2024-05-20T14:26:43.884+0200] {dagbag.py:545} INFO - Filling up the DagBag from /home/munya/anaconda3/lib/python3.11/site-packages/airflow/example_dags/example_sla_dag.py
[2024-05-20T14:26:43.895+0200] {processor.py:840} INFO - DAG(s) 'example_sla_dag' retrieved from /home/munya/anaconda3/lib/python3.11/site-packages/airflow/example_dags/example_sla_dag.py
[2024-05-20T14:26:43.914+0200] {logging_mixin.py:188} INFO - [2024-05-20T14:26:43.914+0200] {dag.py:3096} INFO - Sync 1 DAGs
[2024-05-20T14:26:43.940+0200] {logging_mixin.py:188} INFO - [2024-05-20T14:26:43.940+0200] {dag.py:3954} INFO - Setting next_dagrun for example_sla_dag to 2024-05-20 12:24:00+00:00, run_after=2024-05-20 12:26:00+00:00
[2024-05-20T14:26:43.964+0200] {processor.py:183} INFO - Processing /home/munya/anaconda3/lib/python3.11/site-packages/airflow/example_dags/example_sla_dag.py took 0.089 seconds
[2024-05-20T14:27:46.036+0200] {processor.py:161} INFO - Started process (PID=843592) to work on /home/munya/anaconda3/lib/python3.11/site-packages/airflow/example_dags/example_sla_dag.py
[2024-05-20T14:27:46.037+0200] {processor.py:830} INFO - Processing file /home/munya/anaconda3/lib/python3.11/site-packages/airflow/example_dags/example_sla_dag.py for tasks to queue
[2024-05-20T14:27:46.038+0200] {logging_mixin.py:188} INFO - [2024-05-20T14:27:46.038+0200] {dagbag.py:545} INFO - Filling up the DagBag from /home/munya/anaconda3/lib/python3.11/site-packages/airflow/example_dags/example_sla_dag.py
[2024-05-20T14:27:46.049+0200] {processor.py:840} INFO - DAG(s) 'example_sla_dag' retrieved from /home/munya/anaconda3/lib/python3.11/site-packages/airflow/example_dags/example_sla_dag.py
[2024-05-20T14:27:46.069+0200] {logging_mixin.py:188} INFO - [2024-05-20T14:27:46.069+0200] {dag.py:3096} INFO - Sync 1 DAGs
[2024-05-20T14:27:46.097+0200] {logging_mixin.py:188} INFO - [2024-05-20T14:27:46.096+0200] {dag.py:3954} INFO - Setting next_dagrun for example_sla_dag to 2024-05-20 12:24:00+00:00, run_after=2024-05-20 12:26:00+00:00
[2024-05-20T14:27:46.118+0200] {processor.py:183} INFO - Processing /home/munya/anaconda3/lib/python3.11/site-packages/airflow/example_dags/example_sla_dag.py took 0.089 seconds
[2024-05-20T14:28:41.433+0200] {processor.py:161} INFO - Started process (PID=844640) to work on /home/munya/anaconda3/lib/python3.11/site-packages/airflow/example_dags/example_sla_dag.py
[2024-05-20T14:28:41.434+0200] {processor.py:830} INFO - Processing file /home/munya/anaconda3/lib/python3.11/site-packages/airflow/example_dags/example_sla_dag.py for tasks to queue
[2024-05-20T14:28:41.435+0200] {logging_mixin.py:188} INFO - [2024-05-20T14:28:41.435+0200] {dagbag.py:545} INFO - Filling up the DagBag from /home/munya/anaconda3/lib/python3.11/site-packages/airflow/example_dags/example_sla_dag.py
[2024-05-20T14:28:41.444+0200] {processor.py:840} INFO - DAG(s) 'example_sla_dag' retrieved from /home/munya/anaconda3/lib/python3.11/site-packages/airflow/example_dags/example_sla_dag.py
[2024-05-20T14:28:41.461+0200] {logging_mixin.py:188} INFO - [2024-05-20T14:28:41.461+0200] {dag.py:3096} INFO - Sync 1 DAGs
[2024-05-20T14:28:41.487+0200] {logging_mixin.py:188} INFO - [2024-05-20T14:28:41.487+0200] {dag.py:3954} INFO - Setting next_dagrun for example_sla_dag to 2024-05-20 12:26:00+00:00, run_after=2024-05-20 12:28:00+00:00
[2024-05-20T14:28:41.506+0200] {processor.py:183} INFO - Processing /home/munya/anaconda3/lib/python3.11/site-packages/airflow/example_dags/example_sla_dag.py took 0.078 seconds
[2024-05-20T14:29:39.889+0200] {processor.py:161} INFO - Started process (PID=845713) to work on /home/munya/anaconda3/lib/python3.11/site-packages/airflow/example_dags/example_sla_dag.py
[2024-05-20T14:29:39.891+0200] {processor.py:830} INFO - Processing file /home/munya/anaconda3/lib/python3.11/site-packages/airflow/example_dags/example_sla_dag.py for tasks to queue
[2024-05-20T14:29:39.893+0200] {logging_mixin.py:188} INFO - [2024-05-20T14:29:39.892+0200] {dagbag.py:545} INFO - Filling up the DagBag from /home/munya/anaconda3/lib/python3.11/site-packages/airflow/example_dags/example_sla_dag.py
[2024-05-20T14:29:39.905+0200] {processor.py:840} INFO - DAG(s) 'example_sla_dag' retrieved from /home/munya/anaconda3/lib/python3.11/site-packages/airflow/example_dags/example_sla_dag.py
[2024-05-20T14:29:39.923+0200] {logging_mixin.py:188} INFO - [2024-05-20T14:29:39.923+0200] {dag.py:3096} INFO - Sync 1 DAGs
[2024-05-20T14:29:39.949+0200] {logging_mixin.py:188} INFO - [2024-05-20T14:29:39.949+0200] {dag.py:3954} INFO - Setting next_dagrun for example_sla_dag to 2024-05-20 12:26:00+00:00, run_after=2024-05-20 12:28:00+00:00
[2024-05-20T14:29:39.973+0200] {processor.py:183} INFO - Processing /home/munya/anaconda3/lib/python3.11/site-packages/airflow/example_dags/example_sla_dag.py took 0.093 seconds
[2024-05-20T14:30:38.956+0200] {processor.py:161} INFO - Started process (PID=846828) to work on /home/munya/anaconda3/lib/python3.11/site-packages/airflow/example_dags/example_sla_dag.py
[2024-05-20T14:30:38.957+0200] {processor.py:830} INFO - Processing file /home/munya/anaconda3/lib/python3.11/site-packages/airflow/example_dags/example_sla_dag.py for tasks to queue
[2024-05-20T14:30:38.958+0200] {logging_mixin.py:188} INFO - [2024-05-20T14:30:38.957+0200] {dagbag.py:545} INFO - Filling up the DagBag from /home/munya/anaconda3/lib/python3.11/site-packages/airflow/example_dags/example_sla_dag.py
[2024-05-20T14:30:38.968+0200] {processor.py:840} INFO - DAG(s) 'example_sla_dag' retrieved from /home/munya/anaconda3/lib/python3.11/site-packages/airflow/example_dags/example_sla_dag.py
[2024-05-20T14:30:38.986+0200] {logging_mixin.py:188} INFO - [2024-05-20T14:30:38.985+0200] {dag.py:3096} INFO - Sync 1 DAGs
[2024-05-20T14:30:39.012+0200] {logging_mixin.py:188} INFO - [2024-05-20T14:30:39.012+0200] {dag.py:3954} INFO - Setting next_dagrun for example_sla_dag to 2024-05-20 12:28:00+00:00, run_after=2024-05-20 12:30:00+00:00
[2024-05-20T14:30:39.033+0200] {processor.py:183} INFO - Processing /home/munya/anaconda3/lib/python3.11/site-packages/airflow/example_dags/example_sla_dag.py took 0.085 seconds
[2024-05-20T14:31:39.442+0200] {processor.py:161} INFO - Started process (PID=847971) to work on /home/munya/anaconda3/lib/python3.11/site-packages/airflow/example_dags/example_sla_dag.py
[2024-05-20T14:31:39.443+0200] {processor.py:830} INFO - Processing file /home/munya/anaconda3/lib/python3.11/site-packages/airflow/example_dags/example_sla_dag.py for tasks to queue
[2024-05-20T14:31:39.444+0200] {logging_mixin.py:188} INFO - [2024-05-20T14:31:39.443+0200] {dagbag.py:545} INFO - Filling up the DagBag from /home/munya/anaconda3/lib/python3.11/site-packages/airflow/example_dags/example_sla_dag.py
[2024-05-20T14:31:39.453+0200] {processor.py:840} INFO - DAG(s) 'example_sla_dag' retrieved from /home/munya/anaconda3/lib/python3.11/site-packages/airflow/example_dags/example_sla_dag.py
[2024-05-20T14:31:39.470+0200] {logging_mixin.py:188} INFO - [2024-05-20T14:31:39.469+0200] {dag.py:3096} INFO - Sync 1 DAGs
[2024-05-20T14:31:39.489+0200] {logging_mixin.py:188} INFO - [2024-05-20T14:31:39.489+0200] {dag.py:3954} INFO - Setting next_dagrun for example_sla_dag to 2024-05-20 12:28:00+00:00, run_after=2024-05-20 12:30:00+00:00
[2024-05-20T14:31:39.510+0200] {processor.py:183} INFO - Processing /home/munya/anaconda3/lib/python3.11/site-packages/airflow/example_dags/example_sla_dag.py took 0.074 seconds
[2024-05-20T14:32:38.439+0200] {processor.py:161} INFO - Started process (PID=849169) to work on /home/munya/anaconda3/lib/python3.11/site-packages/airflow/example_dags/example_sla_dag.py
[2024-05-20T14:32:38.441+0200] {processor.py:830} INFO - Processing file /home/munya/anaconda3/lib/python3.11/site-packages/airflow/example_dags/example_sla_dag.py for tasks to queue
[2024-05-20T14:32:38.442+0200] {logging_mixin.py:188} INFO - [2024-05-20T14:32:38.442+0200] {dagbag.py:545} INFO - Filling up the DagBag from /home/munya/anaconda3/lib/python3.11/site-packages/airflow/example_dags/example_sla_dag.py
[2024-05-20T14:32:38.456+0200] {processor.py:840} INFO - DAG(s) 'example_sla_dag' retrieved from /home/munya/anaconda3/lib/python3.11/site-packages/airflow/example_dags/example_sla_dag.py
[2024-05-20T14:32:38.477+0200] {logging_mixin.py:188} INFO - [2024-05-20T14:32:38.476+0200] {dag.py:3096} INFO - Sync 1 DAGs
[2024-05-20T14:32:38.505+0200] {logging_mixin.py:188} INFO - [2024-05-20T14:32:38.505+0200] {dag.py:3954} INFO - Setting next_dagrun for example_sla_dag to 2024-05-20 12:30:00+00:00, run_after=2024-05-20 12:32:00+00:00
[2024-05-20T14:32:38.533+0200] {processor.py:183} INFO - Processing /home/munya/anaconda3/lib/python3.11/site-packages/airflow/example_dags/example_sla_dag.py took 0.103 seconds
[2024-05-20T14:33:38.172+0200] {processor.py:161} INFO - Started process (PID=850173) to work on /home/munya/anaconda3/lib/python3.11/site-packages/airflow/example_dags/example_sla_dag.py
[2024-05-20T14:33:38.173+0200] {processor.py:830} INFO - Processing file /home/munya/anaconda3/lib/python3.11/site-packages/airflow/example_dags/example_sla_dag.py for tasks to queue
[2024-05-20T14:33:38.174+0200] {logging_mixin.py:188} INFO - [2024-05-20T14:33:38.174+0200] {dagbag.py:545} INFO - Filling up the DagBag from /home/munya/anaconda3/lib/python3.11/site-packages/airflow/example_dags/example_sla_dag.py
[2024-05-20T14:33:38.189+0200] {processor.py:840} INFO - DAG(s) 'example_sla_dag' retrieved from /home/munya/anaconda3/lib/python3.11/site-packages/airflow/example_dags/example_sla_dag.py
[2024-05-20T14:33:38.211+0200] {logging_mixin.py:188} INFO - [2024-05-20T14:33:38.211+0200] {dag.py:3096} INFO - Sync 1 DAGs
[2024-05-20T14:33:38.242+0200] {logging_mixin.py:188} INFO - [2024-05-20T14:33:38.241+0200] {dag.py:3954} INFO - Setting next_dagrun for example_sla_dag to 2024-05-20 12:30:00+00:00, run_after=2024-05-20 12:32:00+00:00
[2024-05-20T14:33:38.270+0200] {processor.py:183} INFO - Processing /home/munya/anaconda3/lib/python3.11/site-packages/airflow/example_dags/example_sla_dag.py took 0.107 seconds
[2024-05-20T14:34:42.749+0200] {processor.py:161} INFO - Started process (PID=851274) to work on /home/munya/anaconda3/lib/python3.11/site-packages/airflow/example_dags/example_sla_dag.py
[2024-05-20T14:34:42.750+0200] {processor.py:830} INFO - Processing file /home/munya/anaconda3/lib/python3.11/site-packages/airflow/example_dags/example_sla_dag.py for tasks to queue
[2024-05-20T14:34:42.751+0200] {logging_mixin.py:188} INFO - [2024-05-20T14:34:42.751+0200] {dagbag.py:545} INFO - Filling up the DagBag from /home/munya/anaconda3/lib/python3.11/site-packages/airflow/example_dags/example_sla_dag.py
[2024-05-20T14:34:42.760+0200] {processor.py:840} INFO - DAG(s) 'example_sla_dag' retrieved from /home/munya/anaconda3/lib/python3.11/site-packages/airflow/example_dags/example_sla_dag.py
[2024-05-20T14:34:42.780+0200] {logging_mixin.py:188} INFO - [2024-05-20T14:34:42.780+0200] {dag.py:3096} INFO - Sync 1 DAGs
[2024-05-20T14:34:42.808+0200] {logging_mixin.py:188} INFO - [2024-05-20T14:34:42.808+0200] {dag.py:3954} INFO - Setting next_dagrun for example_sla_dag to 2024-05-20 12:32:00+00:00, run_after=2024-05-20 12:34:00+00:00
[2024-05-20T14:34:42.834+0200] {processor.py:183} INFO - Processing /home/munya/anaconda3/lib/python3.11/site-packages/airflow/example_dags/example_sla_dag.py took 0.093 seconds
[2024-05-20T14:35:42.078+0200] {processor.py:161} INFO - Started process (PID=852327) to work on /home/munya/anaconda3/lib/python3.11/site-packages/airflow/example_dags/example_sla_dag.py
[2024-05-20T14:35:42.079+0200] {processor.py:830} INFO - Processing file /home/munya/anaconda3/lib/python3.11/site-packages/airflow/example_dags/example_sla_dag.py for tasks to queue
[2024-05-20T14:35:42.080+0200] {logging_mixin.py:188} INFO - [2024-05-20T14:35:42.080+0200] {dagbag.py:545} INFO - Filling up the DagBag from /home/munya/anaconda3/lib/python3.11/site-packages/airflow/example_dags/example_sla_dag.py
[2024-05-20T14:35:42.094+0200] {processor.py:840} INFO - DAG(s) 'example_sla_dag' retrieved from /home/munya/anaconda3/lib/python3.11/site-packages/airflow/example_dags/example_sla_dag.py
[2024-05-20T14:35:42.115+0200] {logging_mixin.py:188} INFO - [2024-05-20T14:35:42.115+0200] {dag.py:3096} INFO - Sync 1 DAGs
[2024-05-20T14:35:42.144+0200] {logging_mixin.py:188} INFO - [2024-05-20T14:35:42.143+0200] {dag.py:3954} INFO - Setting next_dagrun for example_sla_dag to 2024-05-20 12:32:00+00:00, run_after=2024-05-20 12:34:00+00:00
[2024-05-20T14:35:42.165+0200] {processor.py:183} INFO - Processing /home/munya/anaconda3/lib/python3.11/site-packages/airflow/example_dags/example_sla_dag.py took 0.095 seconds
[2024-05-20T14:36:43.125+0200] {processor.py:161} INFO - Started process (PID=853364) to work on /home/munya/anaconda3/lib/python3.11/site-packages/airflow/example_dags/example_sla_dag.py
[2024-05-20T14:36:43.126+0200] {processor.py:830} INFO - Processing file /home/munya/anaconda3/lib/python3.11/site-packages/airflow/example_dags/example_sla_dag.py for tasks to queue
[2024-05-20T14:36:43.127+0200] {logging_mixin.py:188} INFO - [2024-05-20T14:36:43.126+0200] {dagbag.py:545} INFO - Filling up the DagBag from /home/munya/anaconda3/lib/python3.11/site-packages/airflow/example_dags/example_sla_dag.py
[2024-05-20T14:36:43.137+0200] {processor.py:840} INFO - DAG(s) 'example_sla_dag' retrieved from /home/munya/anaconda3/lib/python3.11/site-packages/airflow/example_dags/example_sla_dag.py
[2024-05-20T14:36:43.155+0200] {logging_mixin.py:188} INFO - [2024-05-20T14:36:43.155+0200] {dag.py:3096} INFO - Sync 1 DAGs
[2024-05-20T14:36:43.178+0200] {logging_mixin.py:188} INFO - [2024-05-20T14:36:43.178+0200] {dag.py:3954} INFO - Setting next_dagrun for example_sla_dag to 2024-05-20 12:34:00+00:00, run_after=2024-05-20 12:36:00+00:00
[2024-05-20T14:36:43.199+0200] {processor.py:183} INFO - Processing /home/munya/anaconda3/lib/python3.11/site-packages/airflow/example_dags/example_sla_dag.py took 0.080 seconds
[2024-05-20T14:37:46.941+0200] {processor.py:161} INFO - Started process (PID=854559) to work on /home/munya/anaconda3/lib/python3.11/site-packages/airflow/example_dags/example_sla_dag.py
[2024-05-20T14:37:46.942+0200] {processor.py:830} INFO - Processing file /home/munya/anaconda3/lib/python3.11/site-packages/airflow/example_dags/example_sla_dag.py for tasks to queue
[2024-05-20T14:37:46.943+0200] {logging_mixin.py:188} INFO - [2024-05-20T14:37:46.943+0200] {dagbag.py:545} INFO - Filling up the DagBag from /home/munya/anaconda3/lib/python3.11/site-packages/airflow/example_dags/example_sla_dag.py
[2024-05-20T14:37:46.952+0200] {processor.py:840} INFO - DAG(s) 'example_sla_dag' retrieved from /home/munya/anaconda3/lib/python3.11/site-packages/airflow/example_dags/example_sla_dag.py
[2024-05-20T14:37:46.968+0200] {logging_mixin.py:188} INFO - [2024-05-20T14:37:46.967+0200] {dag.py:3096} INFO - Sync 1 DAGs
[2024-05-20T14:37:47.110+0200] {logging_mixin.py:188} INFO - [2024-05-20T14:37:47.110+0200] {dag.py:3954} INFO - Setting next_dagrun for example_sla_dag to 2024-05-20 12:34:00+00:00, run_after=2024-05-20 12:36:00+00:00
[2024-05-20T14:37:47.127+0200] {processor.py:183} INFO - Processing /home/munya/anaconda3/lib/python3.11/site-packages/airflow/example_dags/example_sla_dag.py took 0.191 seconds
[2024-05-20T14:38:47.538+0200] {processor.py:161} INFO - Started process (PID=855582) to work on /home/munya/anaconda3/lib/python3.11/site-packages/airflow/example_dags/example_sla_dag.py
[2024-05-20T14:38:47.539+0200] {processor.py:830} INFO - Processing file /home/munya/anaconda3/lib/python3.11/site-packages/airflow/example_dags/example_sla_dag.py for tasks to queue
[2024-05-20T14:38:47.540+0200] {logging_mixin.py:188} INFO - [2024-05-20T14:38:47.540+0200] {dagbag.py:545} INFO - Filling up the DagBag from /home/munya/anaconda3/lib/python3.11/site-packages/airflow/example_dags/example_sla_dag.py
[2024-05-20T14:38:47.552+0200] {processor.py:840} INFO - DAG(s) 'example_sla_dag' retrieved from /home/munya/anaconda3/lib/python3.11/site-packages/airflow/example_dags/example_sla_dag.py
[2024-05-20T14:38:47.572+0200] {logging_mixin.py:188} INFO - [2024-05-20T14:38:47.572+0200] {dag.py:3096} INFO - Sync 1 DAGs
[2024-05-20T14:38:47.600+0200] {logging_mixin.py:188} INFO - [2024-05-20T14:38:47.600+0200] {dag.py:3954} INFO - Setting next_dagrun for example_sla_dag to 2024-05-20 12:36:00+00:00, run_after=2024-05-20 12:38:00+00:00
[2024-05-20T14:38:47.776+0200] {processor.py:183} INFO - Processing /home/munya/anaconda3/lib/python3.11/site-packages/airflow/example_dags/example_sla_dag.py took 0.246 seconds
[2024-05-20T14:39:48.049+0200] {processor.py:161} INFO - Started process (PID=856644) to work on /home/munya/anaconda3/lib/python3.11/site-packages/airflow/example_dags/example_sla_dag.py
[2024-05-20T14:39:48.050+0200] {processor.py:830} INFO - Processing file /home/munya/anaconda3/lib/python3.11/site-packages/airflow/example_dags/example_sla_dag.py for tasks to queue
[2024-05-20T14:39:48.051+0200] {logging_mixin.py:188} INFO - [2024-05-20T14:39:48.050+0200] {dagbag.py:545} INFO - Filling up the DagBag from /home/munya/anaconda3/lib/python3.11/site-packages/airflow/example_dags/example_sla_dag.py
[2024-05-20T14:39:48.062+0200] {processor.py:840} INFO - DAG(s) 'example_sla_dag' retrieved from /home/munya/anaconda3/lib/python3.11/site-packages/airflow/example_dags/example_sla_dag.py
[2024-05-20T14:39:48.080+0200] {logging_mixin.py:188} INFO - [2024-05-20T14:39:48.079+0200] {dag.py:3096} INFO - Sync 1 DAGs
[2024-05-20T14:39:48.106+0200] {logging_mixin.py:188} INFO - [2024-05-20T14:39:48.106+0200] {dag.py:3954} INFO - Setting next_dagrun for example_sla_dag to 2024-05-20 12:36:00+00:00, run_after=2024-05-20 12:38:00+00:00
[2024-05-20T14:39:48.127+0200] {processor.py:183} INFO - Processing /home/munya/anaconda3/lib/python3.11/site-packages/airflow/example_dags/example_sla_dag.py took 0.085 seconds
[2024-05-20T14:40:55.630+0200] {processor.py:161} INFO - Started process (PID=857749) to work on /home/munya/anaconda3/lib/python3.11/site-packages/airflow/example_dags/example_sla_dag.py
[2024-05-20T14:40:55.630+0200] {processor.py:830} INFO - Processing file /home/munya/anaconda3/lib/python3.11/site-packages/airflow/example_dags/example_sla_dag.py for tasks to queue
[2024-05-20T14:40:55.631+0200] {logging_mixin.py:188} INFO - [2024-05-20T14:40:55.631+0200] {dagbag.py:545} INFO - Filling up the DagBag from /home/munya/anaconda3/lib/python3.11/site-packages/airflow/example_dags/example_sla_dag.py
[2024-05-20T14:40:55.639+0200] {processor.py:840} INFO - DAG(s) 'example_sla_dag' retrieved from /home/munya/anaconda3/lib/python3.11/site-packages/airflow/example_dags/example_sla_dag.py
[2024-05-20T14:40:55.656+0200] {logging_mixin.py:188} INFO - [2024-05-20T14:40:55.655+0200] {dag.py:3096} INFO - Sync 1 DAGs
[2024-05-20T14:40:55.676+0200] {logging_mixin.py:188} INFO - [2024-05-20T14:40:55.676+0200] {dag.py:3954} INFO - Setting next_dagrun for example_sla_dag to 2024-05-20 12:38:00+00:00, run_after=2024-05-20 12:40:00+00:00
[2024-05-20T14:40:55.695+0200] {processor.py:183} INFO - Processing /home/munya/anaconda3/lib/python3.11/site-packages/airflow/example_dags/example_sla_dag.py took 0.071 seconds
[2024-05-20T14:42:02.922+0200] {processor.py:161} INFO - Started process (PID=858971) to work on /home/munya/anaconda3/lib/python3.11/site-packages/airflow/example_dags/example_sla_dag.py
[2024-05-20T14:42:02.923+0200] {processor.py:830} INFO - Processing file /home/munya/anaconda3/lib/python3.11/site-packages/airflow/example_dags/example_sla_dag.py for tasks to queue
[2024-05-20T14:42:02.924+0200] {logging_mixin.py:188} INFO - [2024-05-20T14:42:02.924+0200] {dagbag.py:545} INFO - Filling up the DagBag from /home/munya/anaconda3/lib/python3.11/site-packages/airflow/example_dags/example_sla_dag.py
[2024-05-20T14:42:02.934+0200] {processor.py:840} INFO - DAG(s) 'example_sla_dag' retrieved from /home/munya/anaconda3/lib/python3.11/site-packages/airflow/example_dags/example_sla_dag.py
[2024-05-20T14:42:02.953+0200] {logging_mixin.py:188} INFO - [2024-05-20T14:42:02.953+0200] {dag.py:3096} INFO - Sync 1 DAGs
[2024-05-20T14:42:02.980+0200] {logging_mixin.py:188} INFO - [2024-05-20T14:42:02.980+0200] {dag.py:3954} INFO - Setting next_dagrun for example_sla_dag to 2024-05-20 12:40:00+00:00, run_after=2024-05-20 12:42:00+00:00
[2024-05-20T14:42:03.125+0200] {processor.py:183} INFO - Processing /home/munya/anaconda3/lib/python3.11/site-packages/airflow/example_dags/example_sla_dag.py took 0.208 seconds
[2024-05-20T14:43:05.117+0200] {processor.py:161} INFO - Started process (PID=860026) to work on /home/munya/anaconda3/lib/python3.11/site-packages/airflow/example_dags/example_sla_dag.py
[2024-05-20T14:43:05.118+0200] {processor.py:830} INFO - Processing file /home/munya/anaconda3/lib/python3.11/site-packages/airflow/example_dags/example_sla_dag.py for tasks to queue
[2024-05-20T14:43:05.119+0200] {logging_mixin.py:188} INFO - [2024-05-20T14:43:05.118+0200] {dagbag.py:545} INFO - Filling up the DagBag from /home/munya/anaconda3/lib/python3.11/site-packages/airflow/example_dags/example_sla_dag.py
[2024-05-20T14:43:05.129+0200] {processor.py:840} INFO - DAG(s) 'example_sla_dag' retrieved from /home/munya/anaconda3/lib/python3.11/site-packages/airflow/example_dags/example_sla_dag.py
[2024-05-20T14:43:05.146+0200] {logging_mixin.py:188} INFO - [2024-05-20T14:43:05.146+0200] {dag.py:3096} INFO - Sync 1 DAGs
[2024-05-20T14:43:05.174+0200] {logging_mixin.py:188} INFO - [2024-05-20T14:43:05.173+0200] {dag.py:3954} INFO - Setting next_dagrun for example_sla_dag to 2024-05-20 12:40:00+00:00, run_after=2024-05-20 12:42:00+00:00
[2024-05-20T14:43:05.192+0200] {processor.py:183} INFO - Processing /home/munya/anaconda3/lib/python3.11/site-packages/airflow/example_dags/example_sla_dag.py took 0.081 seconds
[2024-05-20T14:44:18.277+0200] {processor.py:161} INFO - Started process (PID=861265) to work on /home/munya/anaconda3/lib/python3.11/site-packages/airflow/example_dags/example_sla_dag.py
[2024-05-20T14:44:18.279+0200] {processor.py:830} INFO - Processing file /home/munya/anaconda3/lib/python3.11/site-packages/airflow/example_dags/example_sla_dag.py for tasks to queue
[2024-05-20T14:44:18.280+0200] {logging_mixin.py:188} INFO - [2024-05-20T14:44:18.279+0200] {dagbag.py:545} INFO - Filling up the DagBag from /home/munya/anaconda3/lib/python3.11/site-packages/airflow/example_dags/example_sla_dag.py
[2024-05-20T14:44:18.292+0200] {processor.py:840} INFO - DAG(s) 'example_sla_dag' retrieved from /home/munya/anaconda3/lib/python3.11/site-packages/airflow/example_dags/example_sla_dag.py
[2024-05-20T14:44:18.311+0200] {logging_mixin.py:188} INFO - [2024-05-20T14:44:18.311+0200] {dag.py:3096} INFO - Sync 1 DAGs
[2024-05-20T14:44:18.339+0200] {logging_mixin.py:188} INFO - [2024-05-20T14:44:18.339+0200] {dag.py:3954} INFO - Setting next_dagrun for example_sla_dag to 2024-05-20 12:42:00+00:00, run_after=2024-05-20 12:44:00+00:00
[2024-05-20T14:44:18.367+0200] {processor.py:183} INFO - Processing /home/munya/anaconda3/lib/python3.11/site-packages/airflow/example_dags/example_sla_dag.py took 0.099 seconds
[2024-05-20T14:45:16.100+0200] {processor.py:161} INFO - Started process (PID=862281) to work on /home/munya/anaconda3/lib/python3.11/site-packages/airflow/example_dags/example_sla_dag.py
[2024-05-20T14:45:16.101+0200] {processor.py:830} INFO - Processing file /home/munya/anaconda3/lib/python3.11/site-packages/airflow/example_dags/example_sla_dag.py for tasks to queue
[2024-05-20T14:45:16.102+0200] {logging_mixin.py:188} INFO - [2024-05-20T14:45:16.101+0200] {dagbag.py:545} INFO - Filling up the DagBag from /home/munya/anaconda3/lib/python3.11/site-packages/airflow/example_dags/example_sla_dag.py
[2024-05-20T14:45:16.114+0200] {processor.py:840} INFO - DAG(s) 'example_sla_dag' retrieved from /home/munya/anaconda3/lib/python3.11/site-packages/airflow/example_dags/example_sla_dag.py
[2024-05-20T14:45:16.133+0200] {logging_mixin.py:188} INFO - [2024-05-20T14:45:16.133+0200] {dag.py:3096} INFO - Sync 1 DAGs
[2024-05-20T14:45:16.162+0200] {logging_mixin.py:188} INFO - [2024-05-20T14:45:16.162+0200] {dag.py:3954} INFO - Setting next_dagrun for example_sla_dag to 2024-05-20 12:42:00+00:00, run_after=2024-05-20 12:44:00+00:00
[2024-05-20T14:45:16.189+0200] {processor.py:183} INFO - Processing /home/munya/anaconda3/lib/python3.11/site-packages/airflow/example_dags/example_sla_dag.py took 0.097 seconds
[2024-05-20T14:46:16.325+0200] {processor.py:161} INFO - Started process (PID=863444) to work on /home/munya/anaconda3/lib/python3.11/site-packages/airflow/example_dags/example_sla_dag.py
[2024-05-20T14:46:16.327+0200] {processor.py:830} INFO - Processing file /home/munya/anaconda3/lib/python3.11/site-packages/airflow/example_dags/example_sla_dag.py for tasks to queue
[2024-05-20T14:46:16.328+0200] {logging_mixin.py:188} INFO - [2024-05-20T14:46:16.327+0200] {dagbag.py:545} INFO - Filling up the DagBag from /home/munya/anaconda3/lib/python3.11/site-packages/airflow/example_dags/example_sla_dag.py
[2024-05-20T14:46:16.340+0200] {processor.py:840} INFO - DAG(s) 'example_sla_dag' retrieved from /home/munya/anaconda3/lib/python3.11/site-packages/airflow/example_dags/example_sla_dag.py
[2024-05-20T14:46:16.361+0200] {logging_mixin.py:188} INFO - [2024-05-20T14:46:16.361+0200] {dag.py:3096} INFO - Sync 1 DAGs
[2024-05-20T14:46:16.391+0200] {logging_mixin.py:188} INFO - [2024-05-20T14:46:16.391+0200] {dag.py:3954} INFO - Setting next_dagrun for example_sla_dag to 2024-05-20 12:44:00+00:00, run_after=2024-05-20 12:46:00+00:00
[2024-05-20T14:46:16.417+0200] {processor.py:183} INFO - Processing /home/munya/anaconda3/lib/python3.11/site-packages/airflow/example_dags/example_sla_dag.py took 0.100 seconds
[2024-05-20T14:47:21.553+0200] {processor.py:161} INFO - Started process (PID=864565) to work on /home/munya/anaconda3/lib/python3.11/site-packages/airflow/example_dags/example_sla_dag.py
[2024-05-20T14:47:21.555+0200] {processor.py:830} INFO - Processing file /home/munya/anaconda3/lib/python3.11/site-packages/airflow/example_dags/example_sla_dag.py for tasks to queue
[2024-05-20T14:47:21.556+0200] {logging_mixin.py:188} INFO - [2024-05-20T14:47:21.556+0200] {dagbag.py:545} INFO - Filling up the DagBag from /home/munya/anaconda3/lib/python3.11/site-packages/airflow/example_dags/example_sla_dag.py
[2024-05-20T14:47:21.567+0200] {processor.py:840} INFO - DAG(s) 'example_sla_dag' retrieved from /home/munya/anaconda3/lib/python3.11/site-packages/airflow/example_dags/example_sla_dag.py
[2024-05-20T14:47:21.585+0200] {logging_mixin.py:188} INFO - [2024-05-20T14:47:21.584+0200] {dag.py:3096} INFO - Sync 1 DAGs
[2024-05-20T14:47:21.612+0200] {logging_mixin.py:188} INFO - [2024-05-20T14:47:21.612+0200] {dag.py:3954} INFO - Setting next_dagrun for example_sla_dag to 2024-05-20 12:44:00+00:00, run_after=2024-05-20 12:46:00+00:00
[2024-05-20T14:47:21.633+0200] {processor.py:183} INFO - Processing /home/munya/anaconda3/lib/python3.11/site-packages/airflow/example_dags/example_sla_dag.py took 0.087 seconds
[2024-05-20T14:48:19.906+0200] {processor.py:161} INFO - Started process (PID=865567) to work on /home/munya/anaconda3/lib/python3.11/site-packages/airflow/example_dags/example_sla_dag.py
[2024-05-20T14:48:19.907+0200] {processor.py:830} INFO - Processing file /home/munya/anaconda3/lib/python3.11/site-packages/airflow/example_dags/example_sla_dag.py for tasks to queue
[2024-05-20T14:48:19.908+0200] {logging_mixin.py:188} INFO - [2024-05-20T14:48:19.908+0200] {dagbag.py:545} INFO - Filling up the DagBag from /home/munya/anaconda3/lib/python3.11/site-packages/airflow/example_dags/example_sla_dag.py
[2024-05-20T14:48:19.917+0200] {processor.py:840} INFO - DAG(s) 'example_sla_dag' retrieved from /home/munya/anaconda3/lib/python3.11/site-packages/airflow/example_dags/example_sla_dag.py
[2024-05-20T14:48:19.932+0200] {logging_mixin.py:188} INFO - [2024-05-20T14:48:19.932+0200] {dag.py:3096} INFO - Sync 1 DAGs
[2024-05-20T14:48:19.951+0200] {logging_mixin.py:188} INFO - [2024-05-20T14:48:19.951+0200] {dag.py:3954} INFO - Setting next_dagrun for example_sla_dag to 2024-05-20 12:46:00+00:00, run_after=2024-05-20 12:48:00+00:00
[2024-05-20T14:48:19.968+0200] {processor.py:183} INFO - Processing /home/munya/anaconda3/lib/python3.11/site-packages/airflow/example_dags/example_sla_dag.py took 0.069 seconds
[2024-05-20T14:49:17.992+0200] {processor.py:161} INFO - Started process (PID=866599) to work on /home/munya/anaconda3/lib/python3.11/site-packages/airflow/example_dags/example_sla_dag.py
[2024-05-20T14:49:17.993+0200] {processor.py:830} INFO - Processing file /home/munya/anaconda3/lib/python3.11/site-packages/airflow/example_dags/example_sla_dag.py for tasks to queue
[2024-05-20T14:49:17.993+0200] {logging_mixin.py:188} INFO - [2024-05-20T14:49:17.993+0200] {dagbag.py:545} INFO - Filling up the DagBag from /home/munya/anaconda3/lib/python3.11/site-packages/airflow/example_dags/example_sla_dag.py
[2024-05-20T14:49:18.002+0200] {processor.py:840} INFO - DAG(s) 'example_sla_dag' retrieved from /home/munya/anaconda3/lib/python3.11/site-packages/airflow/example_dags/example_sla_dag.py
[2024-05-20T14:49:18.018+0200] {logging_mixin.py:188} INFO - [2024-05-20T14:49:18.018+0200] {dag.py:3096} INFO - Sync 1 DAGs
[2024-05-20T14:49:18.043+0200] {logging_mixin.py:188} INFO - [2024-05-20T14:49:18.042+0200] {dag.py:3954} INFO - Setting next_dagrun for example_sla_dag to 2024-05-20 12:46:00+00:00, run_after=2024-05-20 12:48:00+00:00
[2024-05-20T14:49:18.063+0200] {processor.py:183} INFO - Processing /home/munya/anaconda3/lib/python3.11/site-packages/airflow/example_dags/example_sla_dag.py took 0.078 seconds
[2024-05-20T14:50:21.454+0200] {processor.py:161} INFO - Started process (PID=867746) to work on /home/munya/anaconda3/lib/python3.11/site-packages/airflow/example_dags/example_sla_dag.py
[2024-05-20T14:50:21.455+0200] {processor.py:830} INFO - Processing file /home/munya/anaconda3/lib/python3.11/site-packages/airflow/example_dags/example_sla_dag.py for tasks to queue
[2024-05-20T14:50:21.456+0200] {logging_mixin.py:188} INFO - [2024-05-20T14:50:21.456+0200] {dagbag.py:545} INFO - Filling up the DagBag from /home/munya/anaconda3/lib/python3.11/site-packages/airflow/example_dags/example_sla_dag.py
[2024-05-20T14:50:21.469+0200] {processor.py:840} INFO - DAG(s) 'example_sla_dag' retrieved from /home/munya/anaconda3/lib/python3.11/site-packages/airflow/example_dags/example_sla_dag.py
[2024-05-20T14:50:21.493+0200] {logging_mixin.py:188} INFO - [2024-05-20T14:50:21.492+0200] {dag.py:3096} INFO - Sync 1 DAGs
[2024-05-20T14:50:21.535+0200] {logging_mixin.py:188} INFO - [2024-05-20T14:50:21.535+0200] {dag.py:3954} INFO - Setting next_dagrun for example_sla_dag to 2024-05-20 12:48:00+00:00, run_after=2024-05-20 12:50:00+00:00
[2024-05-20T14:50:21.577+0200] {processor.py:183} INFO - Processing /home/munya/anaconda3/lib/python3.11/site-packages/airflow/example_dags/example_sla_dag.py took 0.130 seconds
[2024-05-20T14:51:22.726+0200] {processor.py:161} INFO - Started process (PID=869050) to work on /home/munya/anaconda3/lib/python3.11/site-packages/airflow/example_dags/example_sla_dag.py
[2024-05-20T14:51:22.727+0200] {processor.py:830} INFO - Processing file /home/munya/anaconda3/lib/python3.11/site-packages/airflow/example_dags/example_sla_dag.py for tasks to queue
[2024-05-20T14:51:22.729+0200] {logging_mixin.py:188} INFO - [2024-05-20T14:51:22.728+0200] {dagbag.py:545} INFO - Filling up the DagBag from /home/munya/anaconda3/lib/python3.11/site-packages/airflow/example_dags/example_sla_dag.py
[2024-05-20T14:51:22.743+0200] {processor.py:840} INFO - DAG(s) 'example_sla_dag' retrieved from /home/munya/anaconda3/lib/python3.11/site-packages/airflow/example_dags/example_sla_dag.py
[2024-05-20T14:51:22.764+0200] {logging_mixin.py:188} INFO - [2024-05-20T14:51:22.763+0200] {dag.py:3096} INFO - Sync 1 DAGs
[2024-05-20T14:51:22.793+0200] {logging_mixin.py:188} INFO - [2024-05-20T14:51:22.792+0200] {dag.py:3954} INFO - Setting next_dagrun for example_sla_dag to 2024-05-20 12:48:00+00:00, run_after=2024-05-20 12:50:00+00:00
[2024-05-20T14:51:22.823+0200] {processor.py:183} INFO - Processing /home/munya/anaconda3/lib/python3.11/site-packages/airflow/example_dags/example_sla_dag.py took 0.105 seconds
[2024-05-20T14:52:22.095+0200] {processor.py:161} INFO - Started process (PID=870120) to work on /home/munya/anaconda3/lib/python3.11/site-packages/airflow/example_dags/example_sla_dag.py
[2024-05-20T14:52:22.096+0200] {processor.py:830} INFO - Processing file /home/munya/anaconda3/lib/python3.11/site-packages/airflow/example_dags/example_sla_dag.py for tasks to queue
[2024-05-20T14:52:22.097+0200] {logging_mixin.py:188} INFO - [2024-05-20T14:52:22.097+0200] {dagbag.py:545} INFO - Filling up the DagBag from /home/munya/anaconda3/lib/python3.11/site-packages/airflow/example_dags/example_sla_dag.py
[2024-05-20T14:52:22.109+0200] {processor.py:840} INFO - DAG(s) 'example_sla_dag' retrieved from /home/munya/anaconda3/lib/python3.11/site-packages/airflow/example_dags/example_sla_dag.py
[2024-05-20T14:52:22.127+0200] {logging_mixin.py:188} INFO - [2024-05-20T14:52:22.127+0200] {dag.py:3096} INFO - Sync 1 DAGs
[2024-05-20T14:52:22.157+0200] {logging_mixin.py:188} INFO - [2024-05-20T14:52:22.156+0200] {dag.py:3954} INFO - Setting next_dagrun for example_sla_dag to 2024-05-20 12:50:00+00:00, run_after=2024-05-20 12:52:00+00:00
[2024-05-20T14:52:22.184+0200] {processor.py:183} INFO - Processing /home/munya/anaconda3/lib/python3.11/site-packages/airflow/example_dags/example_sla_dag.py took 0.096 seconds
[2024-05-20T14:53:16.287+0200] {processor.py:161} INFO - Started process (PID=871039) to work on /home/munya/anaconda3/lib/python3.11/site-packages/airflow/example_dags/example_sla_dag.py
[2024-05-20T14:53:16.288+0200] {processor.py:830} INFO - Processing file /home/munya/anaconda3/lib/python3.11/site-packages/airflow/example_dags/example_sla_dag.py for tasks to queue
[2024-05-20T14:53:16.289+0200] {logging_mixin.py:188} INFO - [2024-05-20T14:53:16.289+0200] {dagbag.py:545} INFO - Filling up the DagBag from /home/munya/anaconda3/lib/python3.11/site-packages/airflow/example_dags/example_sla_dag.py
[2024-05-20T14:53:16.299+0200] {processor.py:840} INFO - DAG(s) 'example_sla_dag' retrieved from /home/munya/anaconda3/lib/python3.11/site-packages/airflow/example_dags/example_sla_dag.py
[2024-05-20T14:53:16.316+0200] {logging_mixin.py:188} INFO - [2024-05-20T14:53:16.315+0200] {dag.py:3096} INFO - Sync 1 DAGs
[2024-05-20T14:53:16.339+0200] {logging_mixin.py:188} INFO - [2024-05-20T14:53:16.338+0200] {dag.py:3954} INFO - Setting next_dagrun for example_sla_dag to 2024-05-20 12:50:00+00:00, run_after=2024-05-20 12:52:00+00:00
[2024-05-20T14:53:16.356+0200] {processor.py:183} INFO - Processing /home/munya/anaconda3/lib/python3.11/site-packages/airflow/example_dags/example_sla_dag.py took 0.076 seconds
[2024-05-20T14:54:07.681+0200] {processor.py:161} INFO - Started process (PID=871938) to work on /home/munya/anaconda3/lib/python3.11/site-packages/airflow/example_dags/example_sla_dag.py
[2024-05-20T14:54:07.683+0200] {processor.py:830} INFO - Processing file /home/munya/anaconda3/lib/python3.11/site-packages/airflow/example_dags/example_sla_dag.py for tasks to queue
[2024-05-20T14:54:07.684+0200] {logging_mixin.py:188} INFO - [2024-05-20T14:54:07.683+0200] {dagbag.py:545} INFO - Filling up the DagBag from /home/munya/anaconda3/lib/python3.11/site-packages/airflow/example_dags/example_sla_dag.py
[2024-05-20T14:54:07.695+0200] {processor.py:840} INFO - DAG(s) 'example_sla_dag' retrieved from /home/munya/anaconda3/lib/python3.11/site-packages/airflow/example_dags/example_sla_dag.py
[2024-05-20T14:54:07.715+0200] {logging_mixin.py:188} INFO - [2024-05-20T14:54:07.714+0200] {dag.py:3096} INFO - Sync 1 DAGs
[2024-05-20T14:54:07.746+0200] {logging_mixin.py:188} INFO - [2024-05-20T14:54:07.746+0200] {dag.py:3954} INFO - Setting next_dagrun for example_sla_dag to 2024-05-20 12:52:00+00:00, run_after=2024-05-20 12:54:00+00:00
[2024-05-20T14:54:07.771+0200] {processor.py:183} INFO - Processing /home/munya/anaconda3/lib/python3.11/site-packages/airflow/example_dags/example_sla_dag.py took 0.097 seconds
[2024-05-20T14:55:01.260+0200] {processor.py:161} INFO - Started process (PID=872833) to work on /home/munya/anaconda3/lib/python3.11/site-packages/airflow/example_dags/example_sla_dag.py
[2024-05-20T14:55:01.261+0200] {processor.py:830} INFO - Processing file /home/munya/anaconda3/lib/python3.11/site-packages/airflow/example_dags/example_sla_dag.py for tasks to queue
[2024-05-20T14:55:01.262+0200] {logging_mixin.py:188} INFO - [2024-05-20T14:55:01.262+0200] {dagbag.py:545} INFO - Filling up the DagBag from /home/munya/anaconda3/lib/python3.11/site-packages/airflow/example_dags/example_sla_dag.py
[2024-05-20T14:55:01.271+0200] {processor.py:840} INFO - DAG(s) 'example_sla_dag' retrieved from /home/munya/anaconda3/lib/python3.11/site-packages/airflow/example_dags/example_sla_dag.py
[2024-05-20T14:55:01.288+0200] {logging_mixin.py:188} INFO - [2024-05-20T14:55:01.288+0200] {dag.py:3096} INFO - Sync 1 DAGs
[2024-05-20T14:55:01.307+0200] {logging_mixin.py:188} INFO - [2024-05-20T14:55:01.306+0200] {dag.py:3954} INFO - Setting next_dagrun for example_sla_dag to 2024-05-20 12:52:00+00:00, run_after=2024-05-20 12:54:00+00:00
[2024-05-20T14:55:01.325+0200] {processor.py:183} INFO - Processing /home/munya/anaconda3/lib/python3.11/site-packages/airflow/example_dags/example_sla_dag.py took 0.070 seconds
[2024-05-20T14:55:56.479+0200] {processor.py:161} INFO - Started process (PID=873784) to work on /home/munya/anaconda3/lib/python3.11/site-packages/airflow/example_dags/example_sla_dag.py
[2024-05-20T14:55:56.480+0200] {processor.py:830} INFO - Processing file /home/munya/anaconda3/lib/python3.11/site-packages/airflow/example_dags/example_sla_dag.py for tasks to queue
[2024-05-20T14:55:56.481+0200] {logging_mixin.py:188} INFO - [2024-05-20T14:55:56.481+0200] {dagbag.py:545} INFO - Filling up the DagBag from /home/munya/anaconda3/lib/python3.11/site-packages/airflow/example_dags/example_sla_dag.py
[2024-05-20T14:55:56.492+0200] {processor.py:840} INFO - DAG(s) 'example_sla_dag' retrieved from /home/munya/anaconda3/lib/python3.11/site-packages/airflow/example_dags/example_sla_dag.py
[2024-05-20T14:55:56.510+0200] {logging_mixin.py:188} INFO - [2024-05-20T14:55:56.510+0200] {dag.py:3096} INFO - Sync 1 DAGs
[2024-05-20T14:55:56.538+0200] {logging_mixin.py:188} INFO - [2024-05-20T14:55:56.537+0200] {dag.py:3954} INFO - Setting next_dagrun for example_sla_dag to 2024-05-20 12:52:00+00:00, run_after=2024-05-20 12:54:00+00:00
[2024-05-20T14:55:56.560+0200] {processor.py:183} INFO - Processing /home/munya/anaconda3/lib/python3.11/site-packages/airflow/example_dags/example_sla_dag.py took 0.089 seconds
[2024-05-20T14:56:49.512+0200] {processor.py:161} INFO - Started process (PID=874705) to work on /home/munya/anaconda3/lib/python3.11/site-packages/airflow/example_dags/example_sla_dag.py
[2024-05-20T14:56:49.513+0200] {processor.py:830} INFO - Processing file /home/munya/anaconda3/lib/python3.11/site-packages/airflow/example_dags/example_sla_dag.py for tasks to queue
[2024-05-20T14:56:49.513+0200] {logging_mixin.py:188} INFO - [2024-05-20T14:56:49.513+0200] {dagbag.py:545} INFO - Filling up the DagBag from /home/munya/anaconda3/lib/python3.11/site-packages/airflow/example_dags/example_sla_dag.py
[2024-05-20T14:56:49.523+0200] {processor.py:840} INFO - DAG(s) 'example_sla_dag' retrieved from /home/munya/anaconda3/lib/python3.11/site-packages/airflow/example_dags/example_sla_dag.py
[2024-05-20T14:56:49.536+0200] {logging_mixin.py:188} INFO - [2024-05-20T14:56:49.536+0200] {dag.py:3096} INFO - Sync 1 DAGs
[2024-05-20T14:56:49.554+0200] {logging_mixin.py:188} INFO - [2024-05-20T14:56:49.554+0200] {dag.py:3954} INFO - Setting next_dagrun for example_sla_dag to 2024-05-20 12:54:00+00:00, run_after=2024-05-20 12:56:00+00:00
[2024-05-20T14:56:49.572+0200] {processor.py:183} INFO - Processing /home/munya/anaconda3/lib/python3.11/site-packages/airflow/example_dags/example_sla_dag.py took 0.066 seconds
[2024-05-20T14:57:41.933+0200] {processor.py:161} INFO - Started process (PID=875633) to work on /home/munya/anaconda3/lib/python3.11/site-packages/airflow/example_dags/example_sla_dag.py
[2024-05-20T14:57:41.934+0200] {processor.py:830} INFO - Processing file /home/munya/anaconda3/lib/python3.11/site-packages/airflow/example_dags/example_sla_dag.py for tasks to queue
[2024-05-20T14:57:41.935+0200] {logging_mixin.py:188} INFO - [2024-05-20T14:57:41.934+0200] {dagbag.py:545} INFO - Filling up the DagBag from /home/munya/anaconda3/lib/python3.11/site-packages/airflow/example_dags/example_sla_dag.py
[2024-05-20T14:57:41.946+0200] {processor.py:840} INFO - DAG(s) 'example_sla_dag' retrieved from /home/munya/anaconda3/lib/python3.11/site-packages/airflow/example_dags/example_sla_dag.py
[2024-05-20T14:57:41.966+0200] {logging_mixin.py:188} INFO - [2024-05-20T14:57:41.965+0200] {dag.py:3096} INFO - Sync 1 DAGs
[2024-05-20T14:57:41.995+0200] {logging_mixin.py:188} INFO - [2024-05-20T14:57:41.995+0200] {dag.py:3954} INFO - Setting next_dagrun for example_sla_dag to 2024-05-20 12:54:00+00:00, run_after=2024-05-20 12:56:00+00:00
[2024-05-20T14:57:42.019+0200] {processor.py:183} INFO - Processing /home/munya/anaconda3/lib/python3.11/site-packages/airflow/example_dags/example_sla_dag.py took 0.094 seconds
[2024-05-20T14:58:34.162+0200] {processor.py:161} INFO - Started process (PID=876579) to work on /home/munya/anaconda3/lib/python3.11/site-packages/airflow/example_dags/example_sla_dag.py
[2024-05-20T14:58:34.164+0200] {processor.py:830} INFO - Processing file /home/munya/anaconda3/lib/python3.11/site-packages/airflow/example_dags/example_sla_dag.py for tasks to queue
[2024-05-20T14:58:34.165+0200] {logging_mixin.py:188} INFO - [2024-05-20T14:58:34.164+0200] {dagbag.py:545} INFO - Filling up the DagBag from /home/munya/anaconda3/lib/python3.11/site-packages/airflow/example_dags/example_sla_dag.py
[2024-05-20T14:58:34.176+0200] {processor.py:840} INFO - DAG(s) 'example_sla_dag' retrieved from /home/munya/anaconda3/lib/python3.11/site-packages/airflow/example_dags/example_sla_dag.py
[2024-05-20T14:58:34.196+0200] {logging_mixin.py:188} INFO - [2024-05-20T14:58:34.196+0200] {dag.py:3096} INFO - Sync 1 DAGs
[2024-05-20T14:58:34.225+0200] {logging_mixin.py:188} INFO - [2024-05-20T14:58:34.225+0200] {dag.py:3954} INFO - Setting next_dagrun for example_sla_dag to 2024-05-20 12:56:00+00:00, run_after=2024-05-20 12:58:00+00:00
[2024-05-20T14:58:34.248+0200] {processor.py:183} INFO - Processing /home/munya/anaconda3/lib/python3.11/site-packages/airflow/example_dags/example_sla_dag.py took 0.094 seconds
[2024-05-20T14:59:26.542+0200] {processor.py:161} INFO - Started process (PID=877527) to work on /home/munya/anaconda3/lib/python3.11/site-packages/airflow/example_dags/example_sla_dag.py
[2024-05-20T14:59:26.543+0200] {processor.py:830} INFO - Processing file /home/munya/anaconda3/lib/python3.11/site-packages/airflow/example_dags/example_sla_dag.py for tasks to queue
[2024-05-20T14:59:26.544+0200] {logging_mixin.py:188} INFO - [2024-05-20T14:59:26.544+0200] {dagbag.py:545} INFO - Filling up the DagBag from /home/munya/anaconda3/lib/python3.11/site-packages/airflow/example_dags/example_sla_dag.py
[2024-05-20T14:59:26.557+0200] {processor.py:840} INFO - DAG(s) 'example_sla_dag' retrieved from /home/munya/anaconda3/lib/python3.11/site-packages/airflow/example_dags/example_sla_dag.py
[2024-05-20T14:59:26.577+0200] {logging_mixin.py:188} INFO - [2024-05-20T14:59:26.577+0200] {dag.py:3096} INFO - Sync 1 DAGs
[2024-05-20T14:59:26.606+0200] {logging_mixin.py:188} INFO - [2024-05-20T14:59:26.606+0200] {dag.py:3954} INFO - Setting next_dagrun for example_sla_dag to 2024-05-20 12:56:00+00:00, run_after=2024-05-20 12:58:00+00:00
[2024-05-20T14:59:26.628+0200] {processor.py:183} INFO - Processing /home/munya/anaconda3/lib/python3.11/site-packages/airflow/example_dags/example_sla_dag.py took 0.094 seconds
[2024-05-20T15:00:23.569+0200] {processor.py:161} INFO - Started process (PID=878607) to work on /home/munya/anaconda3/lib/python3.11/site-packages/airflow/example_dags/example_sla_dag.py
[2024-05-20T15:00:23.570+0200] {processor.py:830} INFO - Processing file /home/munya/anaconda3/lib/python3.11/site-packages/airflow/example_dags/example_sla_dag.py for tasks to queue
[2024-05-20T15:00:23.571+0200] {logging_mixin.py:188} INFO - [2024-05-20T15:00:23.571+0200] {dagbag.py:545} INFO - Filling up the DagBag from /home/munya/anaconda3/lib/python3.11/site-packages/airflow/example_dags/example_sla_dag.py
[2024-05-20T15:00:23.583+0200] {processor.py:840} INFO - DAG(s) 'example_sla_dag' retrieved from /home/munya/anaconda3/lib/python3.11/site-packages/airflow/example_dags/example_sla_dag.py
[2024-05-20T15:00:23.603+0200] {logging_mixin.py:188} INFO - [2024-05-20T15:00:23.602+0200] {dag.py:3096} INFO - Sync 1 DAGs
[2024-05-20T15:00:23.632+0200] {logging_mixin.py:188} INFO - [2024-05-20T15:00:23.632+0200] {dag.py:3954} INFO - Setting next_dagrun for example_sla_dag to 2024-05-20 12:58:00+00:00, run_after=2024-05-20 13:00:00+00:00
[2024-05-20T15:00:23.656+0200] {processor.py:183} INFO - Processing /home/munya/anaconda3/lib/python3.11/site-packages/airflow/example_dags/example_sla_dag.py took 0.096 seconds
[2024-05-20T15:01:18.836+0200] {processor.py:161} INFO - Started process (PID=879603) to work on /home/munya/anaconda3/lib/python3.11/site-packages/airflow/example_dags/example_sla_dag.py
[2024-05-20T15:01:18.837+0200] {processor.py:830} INFO - Processing file /home/munya/anaconda3/lib/python3.11/site-packages/airflow/example_dags/example_sla_dag.py for tasks to queue
[2024-05-20T15:01:18.838+0200] {logging_mixin.py:188} INFO - [2024-05-20T15:01:18.838+0200] {dagbag.py:545} INFO - Filling up the DagBag from /home/munya/anaconda3/lib/python3.11/site-packages/airflow/example_dags/example_sla_dag.py
[2024-05-20T15:01:18.846+0200] {processor.py:840} INFO - DAG(s) 'example_sla_dag' retrieved from /home/munya/anaconda3/lib/python3.11/site-packages/airflow/example_dags/example_sla_dag.py
[2024-05-20T15:01:18.860+0200] {logging_mixin.py:188} INFO - [2024-05-20T15:01:18.860+0200] {dag.py:3096} INFO - Sync 1 DAGs
[2024-05-20T15:01:18.881+0200] {logging_mixin.py:188} INFO - [2024-05-20T15:01:18.881+0200] {dag.py:3954} INFO - Setting next_dagrun for example_sla_dag to 2024-05-20 12:58:00+00:00, run_after=2024-05-20 13:00:00+00:00
[2024-05-20T15:01:18.898+0200] {processor.py:183} INFO - Processing /home/munya/anaconda3/lib/python3.11/site-packages/airflow/example_dags/example_sla_dag.py took 0.068 seconds
[2024-05-20T15:02:15.755+0200] {processor.py:161} INFO - Started process (PID=880798) to work on /home/munya/anaconda3/lib/python3.11/site-packages/airflow/example_dags/example_sla_dag.py
[2024-05-20T15:02:15.758+0200] {processor.py:830} INFO - Processing file /home/munya/anaconda3/lib/python3.11/site-packages/airflow/example_dags/example_sla_dag.py for tasks to queue
[2024-05-20T15:02:15.759+0200] {logging_mixin.py:188} INFO - [2024-05-20T15:02:15.759+0200] {dagbag.py:545} INFO - Filling up the DagBag from /home/munya/anaconda3/lib/python3.11/site-packages/airflow/example_dags/example_sla_dag.py
[2024-05-20T15:02:15.774+0200] {processor.py:840} INFO - DAG(s) 'example_sla_dag' retrieved from /home/munya/anaconda3/lib/python3.11/site-packages/airflow/example_dags/example_sla_dag.py
[2024-05-20T15:02:15.798+0200] {logging_mixin.py:188} INFO - [2024-05-20T15:02:15.798+0200] {dag.py:3096} INFO - Sync 1 DAGs
[2024-05-20T15:02:15.842+0200] {logging_mixin.py:188} INFO - [2024-05-20T15:02:15.841+0200] {dag.py:3954} INFO - Setting next_dagrun for example_sla_dag to 2024-05-20 13:00:00+00:00, run_after=2024-05-20 13:02:00+00:00
[2024-05-20T15:02:15.884+0200] {processor.py:183} INFO - Processing /home/munya/anaconda3/lib/python3.11/site-packages/airflow/example_dags/example_sla_dag.py took 0.137 seconds
[2024-05-20T15:03:31.469+0200] {processor.py:161} INFO - Started process (PID=882092) to work on /home/munya/anaconda3/lib/python3.11/site-packages/airflow/example_dags/example_sla_dag.py
[2024-05-20T15:03:31.470+0200] {processor.py:830} INFO - Processing file /home/munya/anaconda3/lib/python3.11/site-packages/airflow/example_dags/example_sla_dag.py for tasks to queue
[2024-05-20T15:03:31.471+0200] {logging_mixin.py:188} INFO - [2024-05-20T15:03:31.471+0200] {dagbag.py:545} INFO - Filling up the DagBag from /home/munya/anaconda3/lib/python3.11/site-packages/airflow/example_dags/example_sla_dag.py
[2024-05-20T15:03:31.480+0200] {processor.py:840} INFO - DAG(s) 'example_sla_dag' retrieved from /home/munya/anaconda3/lib/python3.11/site-packages/airflow/example_dags/example_sla_dag.py
[2024-05-20T15:03:31.495+0200] {logging_mixin.py:188} INFO - [2024-05-20T15:03:31.495+0200] {dag.py:3096} INFO - Sync 1 DAGs
[2024-05-20T15:03:31.516+0200] {logging_mixin.py:188} INFO - [2024-05-20T15:03:31.515+0200] {dag.py:3954} INFO - Setting next_dagrun for example_sla_dag to 2024-05-20 13:00:00+00:00, run_after=2024-05-20 13:02:00+00:00
[2024-05-20T15:03:31.535+0200] {processor.py:183} INFO - Processing /home/munya/anaconda3/lib/python3.11/site-packages/airflow/example_dags/example_sla_dag.py took 0.072 seconds
[2024-05-20T15:04:28.955+0200] {processor.py:161} INFO - Started process (PID=883066) to work on /home/munya/anaconda3/lib/python3.11/site-packages/airflow/example_dags/example_sla_dag.py
[2024-05-20T15:04:28.956+0200] {processor.py:830} INFO - Processing file /home/munya/anaconda3/lib/python3.11/site-packages/airflow/example_dags/example_sla_dag.py for tasks to queue
[2024-05-20T15:04:28.957+0200] {logging_mixin.py:188} INFO - [2024-05-20T15:04:28.957+0200] {dagbag.py:545} INFO - Filling up the DagBag from /home/munya/anaconda3/lib/python3.11/site-packages/airflow/example_dags/example_sla_dag.py
[2024-05-20T15:04:28.970+0200] {processor.py:840} INFO - DAG(s) 'example_sla_dag' retrieved from /home/munya/anaconda3/lib/python3.11/site-packages/airflow/example_dags/example_sla_dag.py
[2024-05-20T15:04:28.990+0200] {logging_mixin.py:188} INFO - [2024-05-20T15:04:28.990+0200] {dag.py:3096} INFO - Sync 1 DAGs
[2024-05-20T15:04:29.018+0200] {logging_mixin.py:188} INFO - [2024-05-20T15:04:29.018+0200] {dag.py:3954} INFO - Setting next_dagrun for example_sla_dag to 2024-05-20 13:02:00+00:00, run_after=2024-05-20 13:04:00+00:00
[2024-05-20T15:04:29.042+0200] {processor.py:183} INFO - Processing /home/munya/anaconda3/lib/python3.11/site-packages/airflow/example_dags/example_sla_dag.py took 0.095 seconds
[2024-05-20T15:05:25.395+0200] {processor.py:161} INFO - Started process (PID=884037) to work on /home/munya/anaconda3/lib/python3.11/site-packages/airflow/example_dags/example_sla_dag.py
[2024-05-20T15:05:25.396+0200] {processor.py:830} INFO - Processing file /home/munya/anaconda3/lib/python3.11/site-packages/airflow/example_dags/example_sla_dag.py for tasks to queue
[2024-05-20T15:05:25.397+0200] {logging_mixin.py:188} INFO - [2024-05-20T15:05:25.397+0200] {dagbag.py:545} INFO - Filling up the DagBag from /home/munya/anaconda3/lib/python3.11/site-packages/airflow/example_dags/example_sla_dag.py
[2024-05-20T15:05:25.406+0200] {processor.py:840} INFO - DAG(s) 'example_sla_dag' retrieved from /home/munya/anaconda3/lib/python3.11/site-packages/airflow/example_dags/example_sla_dag.py
[2024-05-20T15:05:25.424+0200] {logging_mixin.py:188} INFO - [2024-05-20T15:05:25.424+0200] {dag.py:3096} INFO - Sync 1 DAGs
[2024-05-20T15:05:25.450+0200] {logging_mixin.py:188} INFO - [2024-05-20T15:05:25.450+0200] {dag.py:3954} INFO - Setting next_dagrun for example_sla_dag to 2024-05-20 13:02:00+00:00, run_after=2024-05-20 13:04:00+00:00
[2024-05-20T15:05:25.470+0200] {processor.py:183} INFO - Processing /home/munya/anaconda3/lib/python3.11/site-packages/airflow/example_dags/example_sla_dag.py took 0.082 seconds
[2024-05-20T15:06:28.459+0200] {processor.py:161} INFO - Started process (PID=885129) to work on /home/munya/anaconda3/lib/python3.11/site-packages/airflow/example_dags/example_sla_dag.py
[2024-05-20T15:06:28.460+0200] {processor.py:830} INFO - Processing file /home/munya/anaconda3/lib/python3.11/site-packages/airflow/example_dags/example_sla_dag.py for tasks to queue
[2024-05-20T15:06:28.462+0200] {logging_mixin.py:188} INFO - [2024-05-20T15:06:28.461+0200] {dagbag.py:545} INFO - Filling up the DagBag from /home/munya/anaconda3/lib/python3.11/site-packages/airflow/example_dags/example_sla_dag.py
[2024-05-20T15:06:28.475+0200] {processor.py:840} INFO - DAG(s) 'example_sla_dag' retrieved from /home/munya/anaconda3/lib/python3.11/site-packages/airflow/example_dags/example_sla_dag.py
[2024-05-20T15:06:28.497+0200] {logging_mixin.py:188} INFO - [2024-05-20T15:06:28.497+0200] {dag.py:3096} INFO - Sync 1 DAGs
[2024-05-20T15:06:28.531+0200] {logging_mixin.py:188} INFO - [2024-05-20T15:06:28.530+0200] {dag.py:3954} INFO - Setting next_dagrun for example_sla_dag to 2024-05-20 13:04:00+00:00, run_after=2024-05-20 13:06:00+00:00
[2024-05-20T15:06:28.559+0200] {processor.py:183} INFO - Processing /home/munya/anaconda3/lib/python3.11/site-packages/airflow/example_dags/example_sla_dag.py took 0.107 seconds
[2024-05-20T15:07:36.463+0200] {processor.py:161} INFO - Started process (PID=886267) to work on /home/munya/anaconda3/lib/python3.11/site-packages/airflow/example_dags/example_sla_dag.py
[2024-05-20T15:07:36.466+0200] {processor.py:830} INFO - Processing file /home/munya/anaconda3/lib/python3.11/site-packages/airflow/example_dags/example_sla_dag.py for tasks to queue
[2024-05-20T15:07:36.471+0200] {logging_mixin.py:188} INFO - [2024-05-20T15:07:36.470+0200] {dagbag.py:545} INFO - Filling up the DagBag from /home/munya/anaconda3/lib/python3.11/site-packages/airflow/example_dags/example_sla_dag.py
[2024-05-20T15:07:36.515+0200] {processor.py:840} INFO - DAG(s) 'example_sla_dag' retrieved from /home/munya/anaconda3/lib/python3.11/site-packages/airflow/example_dags/example_sla_dag.py
[2024-05-20T15:07:36.581+0200] {logging_mixin.py:188} INFO - [2024-05-20T15:07:36.581+0200] {dag.py:3096} INFO - Sync 1 DAGs
[2024-05-20T15:07:36.655+0200] {logging_mixin.py:188} INFO - [2024-05-20T15:07:36.654+0200] {dag.py:3954} INFO - Setting next_dagrun for example_sla_dag to 2024-05-20 13:04:00+00:00, run_after=2024-05-20 13:06:00+00:00
[2024-05-20T15:07:36.766+0200] {processor.py:183} INFO - Processing /home/munya/anaconda3/lib/python3.11/site-packages/airflow/example_dags/example_sla_dag.py took 0.330 seconds
[2024-05-20T15:08:48.596+0200] {processor.py:161} INFO - Started process (PID=887558) to work on /home/munya/anaconda3/lib/python3.11/site-packages/airflow/example_dags/example_sla_dag.py
[2024-05-20T15:08:48.597+0200] {processor.py:830} INFO - Processing file /home/munya/anaconda3/lib/python3.11/site-packages/airflow/example_dags/example_sla_dag.py for tasks to queue
[2024-05-20T15:08:48.599+0200] {logging_mixin.py:188} INFO - [2024-05-20T15:08:48.598+0200] {dagbag.py:545} INFO - Filling up the DagBag from /home/munya/anaconda3/lib/python3.11/site-packages/airflow/example_dags/example_sla_dag.py
[2024-05-20T15:08:48.611+0200] {processor.py:840} INFO - DAG(s) 'example_sla_dag' retrieved from /home/munya/anaconda3/lib/python3.11/site-packages/airflow/example_dags/example_sla_dag.py
[2024-05-20T15:08:48.629+0200] {logging_mixin.py:188} INFO - [2024-05-20T15:08:48.629+0200] {dag.py:3096} INFO - Sync 1 DAGs
[2024-05-20T15:08:48.654+0200] {logging_mixin.py:188} INFO - [2024-05-20T15:08:48.654+0200] {dag.py:3954} INFO - Setting next_dagrun for example_sla_dag to 2024-05-20 13:06:00+00:00, run_after=2024-05-20 13:08:00+00:00
[2024-05-20T15:08:48.675+0200] {processor.py:183} INFO - Processing /home/munya/anaconda3/lib/python3.11/site-packages/airflow/example_dags/example_sla_dag.py took 0.086 seconds
[2024-05-20T15:09:46.276+0200] {processor.py:161} INFO - Started process (PID=888558) to work on /home/munya/anaconda3/lib/python3.11/site-packages/airflow/example_dags/example_sla_dag.py
[2024-05-20T15:09:46.277+0200] {processor.py:830} INFO - Processing file /home/munya/anaconda3/lib/python3.11/site-packages/airflow/example_dags/example_sla_dag.py for tasks to queue
[2024-05-20T15:09:46.278+0200] {logging_mixin.py:188} INFO - [2024-05-20T15:09:46.278+0200] {dagbag.py:545} INFO - Filling up the DagBag from /home/munya/anaconda3/lib/python3.11/site-packages/airflow/example_dags/example_sla_dag.py
[2024-05-20T15:09:46.287+0200] {processor.py:840} INFO - DAG(s) 'example_sla_dag' retrieved from /home/munya/anaconda3/lib/python3.11/site-packages/airflow/example_dags/example_sla_dag.py
[2024-05-20T15:09:46.303+0200] {logging_mixin.py:188} INFO - [2024-05-20T15:09:46.303+0200] {dag.py:3096} INFO - Sync 1 DAGs
[2024-05-20T15:09:46.329+0200] {logging_mixin.py:188} INFO - [2024-05-20T15:09:46.329+0200] {dag.py:3954} INFO - Setting next_dagrun for example_sla_dag to 2024-05-20 13:06:00+00:00, run_after=2024-05-20 13:08:00+00:00
[2024-05-20T15:09:46.352+0200] {processor.py:183} INFO - Processing /home/munya/anaconda3/lib/python3.11/site-packages/airflow/example_dags/example_sla_dag.py took 0.081 seconds
[2024-05-20T15:10:48.655+0200] {processor.py:161} INFO - Started process (PID=889600) to work on /home/munya/anaconda3/lib/python3.11/site-packages/airflow/example_dags/example_sla_dag.py
[2024-05-20T15:10:48.657+0200] {processor.py:830} INFO - Processing file /home/munya/anaconda3/lib/python3.11/site-packages/airflow/example_dags/example_sla_dag.py for tasks to queue
[2024-05-20T15:10:48.658+0200] {logging_mixin.py:188} INFO - [2024-05-20T15:10:48.657+0200] {dagbag.py:545} INFO - Filling up the DagBag from /home/munya/anaconda3/lib/python3.11/site-packages/airflow/example_dags/example_sla_dag.py
[2024-05-20T15:10:48.673+0200] {processor.py:840} INFO - DAG(s) 'example_sla_dag' retrieved from /home/munya/anaconda3/lib/python3.11/site-packages/airflow/example_dags/example_sla_dag.py
[2024-05-20T15:10:48.700+0200] {logging_mixin.py:188} INFO - [2024-05-20T15:10:48.700+0200] {dag.py:3096} INFO - Sync 1 DAGs
[2024-05-20T15:10:48.738+0200] {logging_mixin.py:188} INFO - [2024-05-20T15:10:48.738+0200] {dag.py:3954} INFO - Setting next_dagrun for example_sla_dag to 2024-05-20 13:08:00+00:00, run_after=2024-05-20 13:10:00+00:00
[2024-05-20T15:10:48.780+0200] {processor.py:183} INFO - Processing /home/munya/anaconda3/lib/python3.11/site-packages/airflow/example_dags/example_sla_dag.py took 0.133 seconds
[2024-05-20T15:12:04.474+0200] {processor.py:161} INFO - Started process (PID=890911) to work on /home/munya/anaconda3/lib/python3.11/site-packages/airflow/example_dags/example_sla_dag.py
[2024-05-20T15:12:04.476+0200] {processor.py:830} INFO - Processing file /home/munya/anaconda3/lib/python3.11/site-packages/airflow/example_dags/example_sla_dag.py for tasks to queue
[2024-05-20T15:12:04.478+0200] {logging_mixin.py:188} INFO - [2024-05-20T15:12:04.477+0200] {dagbag.py:545} INFO - Filling up the DagBag from /home/munya/anaconda3/lib/python3.11/site-packages/airflow/example_dags/example_sla_dag.py
[2024-05-20T15:12:04.501+0200] {processor.py:840} INFO - DAG(s) 'example_sla_dag' retrieved from /home/munya/anaconda3/lib/python3.11/site-packages/airflow/example_dags/example_sla_dag.py
[2024-05-20T15:12:04.548+0200] {logging_mixin.py:188} INFO - [2024-05-20T15:12:04.547+0200] {dag.py:3096} INFO - Sync 1 DAGs
[2024-05-20T15:12:04.603+0200] {logging_mixin.py:188} INFO - [2024-05-20T15:12:04.603+0200] {dag.py:3954} INFO - Setting next_dagrun for example_sla_dag to 2024-05-20 13:10:00+00:00, run_after=2024-05-20 13:12:00+00:00
[2024-05-20T15:12:04.713+0200] {processor.py:183} INFO - Processing /home/munya/anaconda3/lib/python3.11/site-packages/airflow/example_dags/example_sla_dag.py took 0.248 seconds
[2024-05-20T15:13:17.617+0200] {processor.py:161} INFO - Started process (PID=892181) to work on /home/munya/anaconda3/lib/python3.11/site-packages/airflow/example_dags/example_sla_dag.py
[2024-05-20T15:13:17.622+0200] {processor.py:830} INFO - Processing file /home/munya/anaconda3/lib/python3.11/site-packages/airflow/example_dags/example_sla_dag.py for tasks to queue
[2024-05-20T15:13:17.624+0200] {logging_mixin.py:188} INFO - [2024-05-20T15:13:17.623+0200] {dagbag.py:545} INFO - Filling up the DagBag from /home/munya/anaconda3/lib/python3.11/site-packages/airflow/example_dags/example_sla_dag.py
[2024-05-20T15:13:17.645+0200] {processor.py:840} INFO - DAG(s) 'example_sla_dag' retrieved from /home/munya/anaconda3/lib/python3.11/site-packages/airflow/example_dags/example_sla_dag.py
[2024-05-20T15:13:17.673+0200] {logging_mixin.py:188} INFO - [2024-05-20T15:13:17.672+0200] {dag.py:3096} INFO - Sync 1 DAGs
[2024-05-20T15:13:17.711+0200] {logging_mixin.py:188} INFO - [2024-05-20T15:13:17.710+0200] {dag.py:3954} INFO - Setting next_dagrun for example_sla_dag to 2024-05-20 13:10:00+00:00, run_after=2024-05-20 13:12:00+00:00
[2024-05-20T15:13:17.787+0200] {processor.py:183} INFO - Processing /home/munya/anaconda3/lib/python3.11/site-packages/airflow/example_dags/example_sla_dag.py took 0.179 seconds
[2024-05-20T15:53:42.888+0200] {processor.py:161} INFO - Started process (PID=33896) to work on /home/munya/anaconda3/lib/python3.11/site-packages/airflow/example_dags/example_sla_dag.py
[2024-05-20T15:53:42.889+0200] {processor.py:830} INFO - Processing file /home/munya/anaconda3/lib/python3.11/site-packages/airflow/example_dags/example_sla_dag.py for tasks to queue
[2024-05-20T15:53:42.891+0200] {logging_mixin.py:188} INFO - [2024-05-20T15:53:42.890+0200] {dagbag.py:545} INFO - Filling up the DagBag from /home/munya/anaconda3/lib/python3.11/site-packages/airflow/example_dags/example_sla_dag.py
[2024-05-20T15:53:42.905+0200] {processor.py:840} INFO - DAG(s) 'example_sla_dag' retrieved from /home/munya/anaconda3/lib/python3.11/site-packages/airflow/example_dags/example_sla_dag.py
[2024-05-20T15:53:43.024+0200] {logging_mixin.py:188} INFO - [2024-05-20T15:53:43.024+0200] {dag.py:3096} INFO - Sync 1 DAGs
[2024-05-20T15:53:43.047+0200] {logging_mixin.py:188} INFO - [2024-05-20T15:53:43.047+0200] {dag.py:3954} INFO - Setting next_dagrun for example_sla_dag to 2024-05-20 13:50:00+00:00, run_after=2024-05-20 13:52:00+00:00
[2024-05-20T15:53:43.072+0200] {processor.py:183} INFO - Processing /home/munya/anaconda3/lib/python3.11/site-packages/airflow/example_dags/example_sla_dag.py took 0.193 seconds
[2024-05-20T15:55:16.296+0200] {processor.py:161} INFO - Started process (PID=35456) to work on /home/munya/anaconda3/lib/python3.11/site-packages/airflow/example_dags/example_sla_dag.py
[2024-05-20T15:55:16.300+0200] {processor.py:830} INFO - Processing file /home/munya/anaconda3/lib/python3.11/site-packages/airflow/example_dags/example_sla_dag.py for tasks to queue
[2024-05-20T15:55:16.304+0200] {logging_mixin.py:188} INFO - [2024-05-20T15:55:16.302+0200] {dagbag.py:545} INFO - Filling up the DagBag from /home/munya/anaconda3/lib/python3.11/site-packages/airflow/example_dags/example_sla_dag.py
[2024-05-20T15:55:16.346+0200] {processor.py:840} INFO - DAG(s) 'example_sla_dag' retrieved from /home/munya/anaconda3/lib/python3.11/site-packages/airflow/example_dags/example_sla_dag.py
[2024-05-20T15:55:16.418+0200] {logging_mixin.py:188} INFO - [2024-05-20T15:55:16.417+0200] {dag.py:3096} INFO - Sync 1 DAGs
[2024-05-20T15:55:16.533+0200] {logging_mixin.py:188} INFO - [2024-05-20T15:55:16.532+0200] {dag.py:3954} INFO - Setting next_dagrun for example_sla_dag to 2024-05-20 13:52:00+00:00, run_after=2024-05-20 13:54:00+00:00
[2024-05-20T15:55:16.689+0200] {processor.py:183} INFO - Processing /home/munya/anaconda3/lib/python3.11/site-packages/airflow/example_dags/example_sla_dag.py took 0.455 seconds
[2024-05-20T15:56:38.667+0200] {processor.py:161} INFO - Started process (PID=36867) to work on /home/munya/anaconda3/lib/python3.11/site-packages/airflow/example_dags/example_sla_dag.py
[2024-05-20T15:56:38.668+0200] {processor.py:830} INFO - Processing file /home/munya/anaconda3/lib/python3.11/site-packages/airflow/example_dags/example_sla_dag.py for tasks to queue
[2024-05-20T15:56:38.669+0200] {logging_mixin.py:188} INFO - [2024-05-20T15:56:38.669+0200] {dagbag.py:545} INFO - Filling up the DagBag from /home/munya/anaconda3/lib/python3.11/site-packages/airflow/example_dags/example_sla_dag.py
[2024-05-20T15:56:38.678+0200] {processor.py:840} INFO - DAG(s) 'example_sla_dag' retrieved from /home/munya/anaconda3/lib/python3.11/site-packages/airflow/example_dags/example_sla_dag.py
[2024-05-20T15:56:38.694+0200] {logging_mixin.py:188} INFO - [2024-05-20T15:56:38.694+0200] {dag.py:3096} INFO - Sync 1 DAGs
[2024-05-20T15:56:38.716+0200] {logging_mixin.py:188} INFO - [2024-05-20T15:56:38.715+0200] {dag.py:3954} INFO - Setting next_dagrun for example_sla_dag to 2024-05-20 13:54:00+00:00, run_after=2024-05-20 13:56:00+00:00
[2024-05-20T15:56:38.739+0200] {processor.py:183} INFO - Processing /home/munya/anaconda3/lib/python3.11/site-packages/airflow/example_dags/example_sla_dag.py took 0.078 seconds
[2024-05-20T15:57:59.863+0200] {processor.py:161} INFO - Started process (PID=38388) to work on /home/munya/anaconda3/lib/python3.11/site-packages/airflow/example_dags/example_sla_dag.py
[2024-05-20T15:57:59.867+0200] {processor.py:830} INFO - Processing file /home/munya/anaconda3/lib/python3.11/site-packages/airflow/example_dags/example_sla_dag.py for tasks to queue
[2024-05-20T15:57:59.871+0200] {logging_mixin.py:188} INFO - [2024-05-20T15:57:59.870+0200] {dagbag.py:545} INFO - Filling up the DagBag from /home/munya/anaconda3/lib/python3.11/site-packages/airflow/example_dags/example_sla_dag.py
[2024-05-20T15:57:59.910+0200] {processor.py:840} INFO - DAG(s) 'example_sla_dag' retrieved from /home/munya/anaconda3/lib/python3.11/site-packages/airflow/example_dags/example_sla_dag.py
[2024-05-20T15:57:59.944+0200] {logging_mixin.py:188} INFO - [2024-05-20T15:57:59.944+0200] {dag.py:3096} INFO - Sync 1 DAGs
[2024-05-20T15:57:59.991+0200] {logging_mixin.py:188} INFO - [2024-05-20T15:57:59.990+0200] {dag.py:3954} INFO - Setting next_dagrun for example_sla_dag to 2024-05-20 13:54:00+00:00, run_after=2024-05-20 13:56:00+00:00
[2024-05-20T15:58:00.027+0200] {processor.py:183} INFO - Processing /home/munya/anaconda3/lib/python3.11/site-packages/airflow/example_dags/example_sla_dag.py took 0.194 seconds
[2024-05-20T15:59:19.300+0200] {processor.py:161} INFO - Started process (PID=39741) to work on /home/munya/anaconda3/lib/python3.11/site-packages/airflow/example_dags/example_sla_dag.py
[2024-05-20T15:59:19.303+0200] {processor.py:830} INFO - Processing file /home/munya/anaconda3/lib/python3.11/site-packages/airflow/example_dags/example_sla_dag.py for tasks to queue
[2024-05-20T15:59:19.307+0200] {logging_mixin.py:188} INFO - [2024-05-20T15:59:19.305+0200] {dagbag.py:545} INFO - Filling up the DagBag from /home/munya/anaconda3/lib/python3.11/site-packages/airflow/example_dags/example_sla_dag.py
[2024-05-20T15:59:19.344+0200] {processor.py:840} INFO - DAG(s) 'example_sla_dag' retrieved from /home/munya/anaconda3/lib/python3.11/site-packages/airflow/example_dags/example_sla_dag.py
[2024-05-20T15:59:19.407+0200] {logging_mixin.py:188} INFO - [2024-05-20T15:59:19.406+0200] {dag.py:3096} INFO - Sync 1 DAGs
[2024-05-20T15:59:19.477+0200] {logging_mixin.py:188} INFO - [2024-05-20T15:59:19.477+0200] {dag.py:3954} INFO - Setting next_dagrun for example_sla_dag to 2024-05-20 13:56:00+00:00, run_after=2024-05-20 13:58:00+00:00
[2024-05-20T15:59:19.511+0200] {processor.py:183} INFO - Processing /home/munya/anaconda3/lib/python3.11/site-packages/airflow/example_dags/example_sla_dag.py took 0.237 seconds
[2024-05-20T16:01:02.151+0200] {processor.py:161} INFO - Started process (PID=41484) to work on /home/munya/anaconda3/lib/python3.11/site-packages/airflow/example_dags/example_sla_dag.py
[2024-05-20T16:01:02.153+0200] {processor.py:830} INFO - Processing file /home/munya/anaconda3/lib/python3.11/site-packages/airflow/example_dags/example_sla_dag.py for tasks to queue
[2024-05-20T16:01:02.155+0200] {logging_mixin.py:188} INFO - [2024-05-20T16:01:02.154+0200] {dagbag.py:545} INFO - Filling up the DagBag from /home/munya/anaconda3/lib/python3.11/site-packages/airflow/example_dags/example_sla_dag.py
[2024-05-20T16:01:02.171+0200] {processor.py:840} INFO - DAG(s) 'example_sla_dag' retrieved from /home/munya/anaconda3/lib/python3.11/site-packages/airflow/example_dags/example_sla_dag.py
[2024-05-20T16:01:02.198+0200] {logging_mixin.py:188} INFO - [2024-05-20T16:01:02.197+0200] {dag.py:3096} INFO - Sync 1 DAGs
[2024-05-20T16:01:02.236+0200] {logging_mixin.py:188} INFO - [2024-05-20T16:01:02.235+0200] {dag.py:3954} INFO - Setting next_dagrun for example_sla_dag to 2024-05-20 13:58:00+00:00, run_after=2024-05-20 14:00:00+00:00
[2024-05-20T16:01:02.272+0200] {processor.py:183} INFO - Processing /home/munya/anaconda3/lib/python3.11/site-packages/airflow/example_dags/example_sla_dag.py took 0.131 seconds
[2024-05-20T16:02:08.210+0200] {processor.py:161} INFO - Started process (PID=42777) to work on /home/munya/anaconda3/lib/python3.11/site-packages/airflow/example_dags/example_sla_dag.py
[2024-05-20T16:02:08.212+0200] {processor.py:830} INFO - Processing file /home/munya/anaconda3/lib/python3.11/site-packages/airflow/example_dags/example_sla_dag.py for tasks to queue
[2024-05-20T16:02:08.216+0200] {logging_mixin.py:188} INFO - [2024-05-20T16:02:08.214+0200] {dagbag.py:545} INFO - Filling up the DagBag from /home/munya/anaconda3/lib/python3.11/site-packages/airflow/example_dags/example_sla_dag.py
[2024-05-20T16:02:08.242+0200] {processor.py:840} INFO - DAG(s) 'example_sla_dag' retrieved from /home/munya/anaconda3/lib/python3.11/site-packages/airflow/example_dags/example_sla_dag.py
[2024-05-20T16:02:08.289+0200] {logging_mixin.py:188} INFO - [2024-05-20T16:02:08.288+0200] {dag.py:3096} INFO - Sync 1 DAGs
[2024-05-20T16:02:08.323+0200] {logging_mixin.py:188} INFO - [2024-05-20T16:02:08.323+0200] {dag.py:3954} INFO - Setting next_dagrun for example_sla_dag to 2024-05-20 14:00:00+00:00, run_after=2024-05-20 14:02:00+00:00
[2024-05-20T16:02:08.349+0200] {processor.py:183} INFO - Processing /home/munya/anaconda3/lib/python3.11/site-packages/airflow/example_dags/example_sla_dag.py took 0.157 seconds
[2024-05-20T16:03:28.952+0200] {processor.py:161} INFO - Started process (PID=44134) to work on /home/munya/anaconda3/lib/python3.11/site-packages/airflow/example_dags/example_sla_dag.py
[2024-05-20T16:03:28.955+0200] {processor.py:830} INFO - Processing file /home/munya/anaconda3/lib/python3.11/site-packages/airflow/example_dags/example_sla_dag.py for tasks to queue
[2024-05-20T16:03:28.958+0200] {logging_mixin.py:188} INFO - [2024-05-20T16:03:28.956+0200] {dagbag.py:545} INFO - Filling up the DagBag from /home/munya/anaconda3/lib/python3.11/site-packages/airflow/example_dags/example_sla_dag.py
[2024-05-20T16:03:28.992+0200] {processor.py:840} INFO - DAG(s) 'example_sla_dag' retrieved from /home/munya/anaconda3/lib/python3.11/site-packages/airflow/example_dags/example_sla_dag.py
[2024-05-20T16:03:29.040+0200] {logging_mixin.py:188} INFO - [2024-05-20T16:03:29.040+0200] {dag.py:3096} INFO - Sync 1 DAGs
[2024-05-20T16:03:29.076+0200] {logging_mixin.py:188} INFO - [2024-05-20T16:03:29.076+0200] {dag.py:3954} INFO - Setting next_dagrun for example_sla_dag to 2024-05-20 14:00:00+00:00, run_after=2024-05-20 14:02:00+00:00
[2024-05-20T16:03:29.104+0200] {processor.py:183} INFO - Processing /home/munya/anaconda3/lib/python3.11/site-packages/airflow/example_dags/example_sla_dag.py took 0.178 seconds
[2024-05-20T16:04:44.850+0200] {processor.py:161} INFO - Started process (PID=45369) to work on /home/munya/anaconda3/lib/python3.11/site-packages/airflow/example_dags/example_sla_dag.py
[2024-05-20T16:04:44.853+0200] {processor.py:830} INFO - Processing file /home/munya/anaconda3/lib/python3.11/site-packages/airflow/example_dags/example_sla_dag.py for tasks to queue
[2024-05-20T16:04:44.857+0200] {logging_mixin.py:188} INFO - [2024-05-20T16:04:44.856+0200] {dagbag.py:545} INFO - Filling up the DagBag from /home/munya/anaconda3/lib/python3.11/site-packages/airflow/example_dags/example_sla_dag.py
[2024-05-20T16:04:44.893+0200] {processor.py:840} INFO - DAG(s) 'example_sla_dag' retrieved from /home/munya/anaconda3/lib/python3.11/site-packages/airflow/example_dags/example_sla_dag.py
[2024-05-20T16:04:44.962+0200] {logging_mixin.py:188} INFO - [2024-05-20T16:04:44.961+0200] {dag.py:3096} INFO - Sync 1 DAGs
[2024-05-20T16:04:45.040+0200] {logging_mixin.py:188} INFO - [2024-05-20T16:04:45.040+0200] {dag.py:3954} INFO - Setting next_dagrun for example_sla_dag to 2024-05-20 14:02:00+00:00, run_after=2024-05-20 14:04:00+00:00
[2024-05-20T16:04:45.069+0200] {processor.py:183} INFO - Processing /home/munya/anaconda3/lib/python3.11/site-packages/airflow/example_dags/example_sla_dag.py took 0.245 seconds
[2024-05-20T16:06:07.299+0200] {processor.py:161} INFO - Started process (PID=46720) to work on /home/munya/anaconda3/lib/python3.11/site-packages/airflow/example_dags/example_sla_dag.py
[2024-05-20T16:06:07.303+0200] {processor.py:830} INFO - Processing file /home/munya/anaconda3/lib/python3.11/site-packages/airflow/example_dags/example_sla_dag.py for tasks to queue
[2024-05-20T16:06:07.306+0200] {logging_mixin.py:188} INFO - [2024-05-20T16:06:07.305+0200] {dagbag.py:545} INFO - Filling up the DagBag from /home/munya/anaconda3/lib/python3.11/site-packages/airflow/example_dags/example_sla_dag.py
[2024-05-20T16:06:07.342+0200] {processor.py:840} INFO - DAG(s) 'example_sla_dag' retrieved from /home/munya/anaconda3/lib/python3.11/site-packages/airflow/example_dags/example_sla_dag.py
[2024-05-20T16:06:07.422+0200] {logging_mixin.py:188} INFO - [2024-05-20T16:06:07.421+0200] {dag.py:3096} INFO - Sync 1 DAGs
[2024-05-20T16:06:07.534+0200] {logging_mixin.py:188} INFO - [2024-05-20T16:06:07.533+0200] {dag.py:3954} INFO - Setting next_dagrun for example_sla_dag to 2024-05-20 14:04:00+00:00, run_after=2024-05-20 14:06:00+00:00
[2024-05-20T16:06:07.583+0200] {processor.py:183} INFO - Processing /home/munya/anaconda3/lib/python3.11/site-packages/airflow/example_dags/example_sla_dag.py took 0.307 seconds
[2024-05-20T16:07:25.659+0200] {processor.py:161} INFO - Started process (PID=48009) to work on /home/munya/anaconda3/lib/python3.11/site-packages/airflow/example_dags/example_sla_dag.py
[2024-05-20T16:07:25.663+0200] {processor.py:830} INFO - Processing file /home/munya/anaconda3/lib/python3.11/site-packages/airflow/example_dags/example_sla_dag.py for tasks to queue
[2024-05-20T16:07:25.667+0200] {logging_mixin.py:188} INFO - [2024-05-20T16:07:25.665+0200] {dagbag.py:545} INFO - Filling up the DagBag from /home/munya/anaconda3/lib/python3.11/site-packages/airflow/example_dags/example_sla_dag.py
[2024-05-20T16:07:25.704+0200] {processor.py:840} INFO - DAG(s) 'example_sla_dag' retrieved from /home/munya/anaconda3/lib/python3.11/site-packages/airflow/example_dags/example_sla_dag.py
[2024-05-20T16:07:25.770+0200] {logging_mixin.py:188} INFO - [2024-05-20T16:07:25.769+0200] {dag.py:3096} INFO - Sync 1 DAGs
[2024-05-20T16:07:25.827+0200] {logging_mixin.py:188} INFO - [2024-05-20T16:07:25.827+0200] {dag.py:3954} INFO - Setting next_dagrun for example_sla_dag to 2024-05-20 14:04:00+00:00, run_after=2024-05-20 14:06:00+00:00
[2024-05-20T16:07:25.854+0200] {processor.py:183} INFO - Processing /home/munya/anaconda3/lib/python3.11/site-packages/airflow/example_dags/example_sla_dag.py took 0.220 seconds
[2024-05-20T16:08:48.342+0200] {processor.py:161} INFO - Started process (PID=49369) to work on /home/munya/anaconda3/lib/python3.11/site-packages/airflow/example_dags/example_sla_dag.py
[2024-05-20T16:08:48.344+0200] {processor.py:830} INFO - Processing file /home/munya/anaconda3/lib/python3.11/site-packages/airflow/example_dags/example_sla_dag.py for tasks to queue
[2024-05-20T16:08:48.347+0200] {logging_mixin.py:188} INFO - [2024-05-20T16:08:48.345+0200] {dagbag.py:545} INFO - Filling up the DagBag from /home/munya/anaconda3/lib/python3.11/site-packages/airflow/example_dags/example_sla_dag.py
[2024-05-20T16:08:48.368+0200] {processor.py:840} INFO - DAG(s) 'example_sla_dag' retrieved from /home/munya/anaconda3/lib/python3.11/site-packages/airflow/example_dags/example_sla_dag.py
[2024-05-20T16:08:48.398+0200] {logging_mixin.py:188} INFO - [2024-05-20T16:08:48.397+0200] {dag.py:3096} INFO - Sync 1 DAGs
[2024-05-20T16:08:48.433+0200] {logging_mixin.py:188} INFO - [2024-05-20T16:08:48.433+0200] {dag.py:3954} INFO - Setting next_dagrun for example_sla_dag to 2024-05-20 14:06:00+00:00, run_after=2024-05-20 14:08:00+00:00
[2024-05-20T16:08:48.462+0200] {processor.py:183} INFO - Processing /home/munya/anaconda3/lib/python3.11/site-packages/airflow/example_dags/example_sla_dag.py took 0.136 seconds
[2024-05-20T16:10:02.842+0200] {processor.py:161} INFO - Started process (PID=50771) to work on /home/munya/anaconda3/lib/python3.11/site-packages/airflow/example_dags/example_sla_dag.py
[2024-05-20T16:10:02.844+0200] {processor.py:830} INFO - Processing file /home/munya/anaconda3/lib/python3.11/site-packages/airflow/example_dags/example_sla_dag.py for tasks to queue
[2024-05-20T16:10:02.846+0200] {logging_mixin.py:188} INFO - [2024-05-20T16:10:02.845+0200] {dagbag.py:545} INFO - Filling up the DagBag from /home/munya/anaconda3/lib/python3.11/site-packages/airflow/example_dags/example_sla_dag.py
[2024-05-20T16:10:02.880+0200] {processor.py:840} INFO - DAG(s) 'example_sla_dag' retrieved from /home/munya/anaconda3/lib/python3.11/site-packages/airflow/example_dags/example_sla_dag.py
[2024-05-20T16:10:02.939+0200] {logging_mixin.py:188} INFO - [2024-05-20T16:10:02.938+0200] {dag.py:3096} INFO - Sync 1 DAGs
[2024-05-20T16:10:02.996+0200] {logging_mixin.py:188} INFO - [2024-05-20T16:10:02.996+0200] {dag.py:3954} INFO - Setting next_dagrun for example_sla_dag to 2024-05-20 14:08:00+00:00, run_after=2024-05-20 14:10:00+00:00
[2024-05-20T16:10:03.054+0200] {processor.py:183} INFO - Processing /home/munya/anaconda3/lib/python3.11/site-packages/airflow/example_dags/example_sla_dag.py took 0.225 seconds
[2024-05-20T16:11:20.855+0200] {processor.py:161} INFO - Started process (PID=52301) to work on /home/munya/anaconda3/lib/python3.11/site-packages/airflow/example_dags/example_sla_dag.py
[2024-05-20T16:11:20.858+0200] {processor.py:830} INFO - Processing file /home/munya/anaconda3/lib/python3.11/site-packages/airflow/example_dags/example_sla_dag.py for tasks to queue
[2024-05-20T16:11:20.859+0200] {logging_mixin.py:188} INFO - [2024-05-20T16:11:20.859+0200] {dagbag.py:545} INFO - Filling up the DagBag from /home/munya/anaconda3/lib/python3.11/site-packages/airflow/example_dags/example_sla_dag.py
[2024-05-20T16:11:20.878+0200] {processor.py:840} INFO - DAG(s) 'example_sla_dag' retrieved from /home/munya/anaconda3/lib/python3.11/site-packages/airflow/example_dags/example_sla_dag.py
[2024-05-20T16:11:20.911+0200] {logging_mixin.py:188} INFO - [2024-05-20T16:11:20.911+0200] {dag.py:3096} INFO - Sync 1 DAGs
[2024-05-20T16:11:20.978+0200] {logging_mixin.py:188} INFO - [2024-05-20T16:11:20.978+0200] {dag.py:3954} INFO - Setting next_dagrun for example_sla_dag to 2024-05-20 14:08:00+00:00, run_after=2024-05-20 14:10:00+00:00
[2024-05-20T16:11:21.068+0200] {processor.py:183} INFO - Processing /home/munya/anaconda3/lib/python3.11/site-packages/airflow/example_dags/example_sla_dag.py took 0.228 seconds
[2024-05-20T16:12:42.986+0200] {processor.py:161} INFO - Started process (PID=53661) to work on /home/munya/anaconda3/lib/python3.11/site-packages/airflow/example_dags/example_sla_dag.py
[2024-05-20T16:12:42.989+0200] {processor.py:830} INFO - Processing file /home/munya/anaconda3/lib/python3.11/site-packages/airflow/example_dags/example_sla_dag.py for tasks to queue
[2024-05-20T16:12:42.992+0200] {logging_mixin.py:188} INFO - [2024-05-20T16:12:42.991+0200] {dagbag.py:545} INFO - Filling up the DagBag from /home/munya/anaconda3/lib/python3.11/site-packages/airflow/example_dags/example_sla_dag.py
[2024-05-20T16:12:43.022+0200] {processor.py:840} INFO - DAG(s) 'example_sla_dag' retrieved from /home/munya/anaconda3/lib/python3.11/site-packages/airflow/example_dags/example_sla_dag.py
[2024-05-20T16:12:43.074+0200] {logging_mixin.py:188} INFO - [2024-05-20T16:12:43.073+0200] {dag.py:3096} INFO - Sync 1 DAGs
[2024-05-20T16:12:43.108+0200] {logging_mixin.py:188} INFO - [2024-05-20T16:12:43.107+0200] {dag.py:3954} INFO - Setting next_dagrun for example_sla_dag to 2024-05-20 14:10:00+00:00, run_after=2024-05-20 14:12:00+00:00
[2024-05-20T16:12:43.133+0200] {processor.py:183} INFO - Processing /home/munya/anaconda3/lib/python3.11/site-packages/airflow/example_dags/example_sla_dag.py took 0.167 seconds
[2024-05-20T16:14:03.432+0200] {processor.py:161} INFO - Started process (PID=54955) to work on /home/munya/anaconda3/lib/python3.11/site-packages/airflow/example_dags/example_sla_dag.py
[2024-05-20T16:14:03.434+0200] {processor.py:830} INFO - Processing file /home/munya/anaconda3/lib/python3.11/site-packages/airflow/example_dags/example_sla_dag.py for tasks to queue
[2024-05-20T16:14:03.437+0200] {logging_mixin.py:188} INFO - [2024-05-20T16:14:03.436+0200] {dagbag.py:545} INFO - Filling up the DagBag from /home/munya/anaconda3/lib/python3.11/site-packages/airflow/example_dags/example_sla_dag.py
[2024-05-20T16:14:03.467+0200] {processor.py:840} INFO - DAG(s) 'example_sla_dag' retrieved from /home/munya/anaconda3/lib/python3.11/site-packages/airflow/example_dags/example_sla_dag.py
[2024-05-20T16:14:03.517+0200] {logging_mixin.py:188} INFO - [2024-05-20T16:14:03.516+0200] {dag.py:3096} INFO - Sync 1 DAGs
[2024-05-20T16:14:03.576+0200] {logging_mixin.py:188} INFO - [2024-05-20T16:14:03.576+0200] {dag.py:3954} INFO - Setting next_dagrun for example_sla_dag to 2024-05-20 14:12:00+00:00, run_after=2024-05-20 14:14:00+00:00
[2024-05-20T16:14:03.608+0200] {processor.py:183} INFO - Processing /home/munya/anaconda3/lib/python3.11/site-packages/airflow/example_dags/example_sla_dag.py took 0.195 seconds
[2024-05-20T16:15:24.957+0200] {processor.py:161} INFO - Started process (PID=56299) to work on /home/munya/anaconda3/lib/python3.11/site-packages/airflow/example_dags/example_sla_dag.py
[2024-05-20T16:15:24.960+0200] {processor.py:830} INFO - Processing file /home/munya/anaconda3/lib/python3.11/site-packages/airflow/example_dags/example_sla_dag.py for tasks to queue
[2024-05-20T16:15:24.964+0200] {logging_mixin.py:188} INFO - [2024-05-20T16:15:24.962+0200] {dagbag.py:545} INFO - Filling up the DagBag from /home/munya/anaconda3/lib/python3.11/site-packages/airflow/example_dags/example_sla_dag.py
[2024-05-20T16:15:24.994+0200] {processor.py:840} INFO - DAG(s) 'example_sla_dag' retrieved from /home/munya/anaconda3/lib/python3.11/site-packages/airflow/example_dags/example_sla_dag.py
[2024-05-20T16:15:25.041+0200] {logging_mixin.py:188} INFO - [2024-05-20T16:15:25.041+0200] {dag.py:3096} INFO - Sync 1 DAGs
[2024-05-20T16:15:25.074+0200] {logging_mixin.py:188} INFO - [2024-05-20T16:15:25.074+0200] {dag.py:3954} INFO - Setting next_dagrun for example_sla_dag to 2024-05-20 14:12:00+00:00, run_after=2024-05-20 14:14:00+00:00
[2024-05-20T16:15:25.098+0200] {processor.py:183} INFO - Processing /home/munya/anaconda3/lib/python3.11/site-packages/airflow/example_dags/example_sla_dag.py took 0.162 seconds
[2024-05-20T18:26:59.805+0200] {processor.py:161} INFO - Started process (PID=58048) to work on /home/munya/anaconda3/lib/python3.11/site-packages/airflow/example_dags/example_sla_dag.py
[2024-05-20T18:26:59.809+0200] {processor.py:830} INFO - Processing file /home/munya/anaconda3/lib/python3.11/site-packages/airflow/example_dags/example_sla_dag.py for tasks to queue
[2024-05-20T18:26:59.813+0200] {logging_mixin.py:188} INFO - [2024-05-20T18:26:59.811+0200] {dagbag.py:545} INFO - Filling up the DagBag from /home/munya/anaconda3/lib/python3.11/site-packages/airflow/example_dags/example_sla_dag.py
[2024-05-20T18:26:59.847+0200] {processor.py:840} INFO - DAG(s) 'example_sla_dag' retrieved from /home/munya/anaconda3/lib/python3.11/site-packages/airflow/example_dags/example_sla_dag.py
[2024-05-20T18:26:59.897+0200] {logging_mixin.py:188} INFO - [2024-05-20T18:26:59.896+0200] {dag.py:3096} INFO - Sync 1 DAGs
[2024-05-20T18:26:59.929+0200] {logging_mixin.py:188} INFO - [2024-05-20T18:26:59.929+0200] {dag.py:3954} INFO - Setting next_dagrun for example_sla_dag to 2024-05-20 16:24:00+00:00, run_after=2024-05-20 16:26:00+00:00
[2024-05-20T18:26:59.955+0200] {processor.py:183} INFO - Processing /home/munya/anaconda3/lib/python3.11/site-packages/airflow/example_dags/example_sla_dag.py took 0.175 seconds
[2024-05-20T18:28:18.590+0200] {processor.py:161} INFO - Started process (PID=59296) to work on /home/munya/anaconda3/lib/python3.11/site-packages/airflow/example_dags/example_sla_dag.py
[2024-05-20T18:28:18.593+0200] {processor.py:830} INFO - Processing file /home/munya/anaconda3/lib/python3.11/site-packages/airflow/example_dags/example_sla_dag.py for tasks to queue
[2024-05-20T18:28:18.596+0200] {logging_mixin.py:188} INFO - [2024-05-20T18:28:18.595+0200] {dagbag.py:545} INFO - Filling up the DagBag from /home/munya/anaconda3/lib/python3.11/site-packages/airflow/example_dags/example_sla_dag.py
[2024-05-20T18:28:18.623+0200] {processor.py:840} INFO - DAG(s) 'example_sla_dag' retrieved from /home/munya/anaconda3/lib/python3.11/site-packages/airflow/example_dags/example_sla_dag.py
[2024-05-20T18:28:18.669+0200] {logging_mixin.py:188} INFO - [2024-05-20T18:28:18.668+0200] {dag.py:3096} INFO - Sync 1 DAGs
[2024-05-20T18:28:18.735+0200] {logging_mixin.py:188} INFO - [2024-05-20T18:28:18.735+0200] {dag.py:3954} INFO - Setting next_dagrun for example_sla_dag to 2024-05-20 16:26:00+00:00, run_after=2024-05-20 16:28:00+00:00
[2024-05-20T18:28:18.787+0200] {processor.py:183} INFO - Processing /home/munya/anaconda3/lib/python3.11/site-packages/airflow/example_dags/example_sla_dag.py took 0.215 seconds
[2024-05-20T18:29:38.300+0200] {processor.py:161} INFO - Started process (PID=60572) to work on /home/munya/anaconda3/lib/python3.11/site-packages/airflow/example_dags/example_sla_dag.py
[2024-05-20T18:29:38.302+0200] {processor.py:830} INFO - Processing file /home/munya/anaconda3/lib/python3.11/site-packages/airflow/example_dags/example_sla_dag.py for tasks to queue
[2024-05-20T18:29:38.305+0200] {logging_mixin.py:188} INFO - [2024-05-20T18:29:38.304+0200] {dagbag.py:545} INFO - Filling up the DagBag from /home/munya/anaconda3/lib/python3.11/site-packages/airflow/example_dags/example_sla_dag.py
[2024-05-20T18:29:38.336+0200] {processor.py:840} INFO - DAG(s) 'example_sla_dag' retrieved from /home/munya/anaconda3/lib/python3.11/site-packages/airflow/example_dags/example_sla_dag.py
[2024-05-20T18:29:38.373+0200] {logging_mixin.py:188} INFO - [2024-05-20T18:29:38.373+0200] {dag.py:3096} INFO - Sync 1 DAGs
[2024-05-20T18:29:38.410+0200] {logging_mixin.py:188} INFO - [2024-05-20T18:29:38.410+0200] {dag.py:3954} INFO - Setting next_dagrun for example_sla_dag to 2024-05-20 16:26:00+00:00, run_after=2024-05-20 16:28:00+00:00
[2024-05-20T18:29:38.438+0200] {processor.py:183} INFO - Processing /home/munya/anaconda3/lib/python3.11/site-packages/airflow/example_dags/example_sla_dag.py took 0.159 seconds
[2024-05-20T18:30:52.349+0200] {processor.py:161} INFO - Started process (PID=61681) to work on /home/munya/anaconda3/lib/python3.11/site-packages/airflow/example_dags/example_sla_dag.py
[2024-05-20T18:30:52.352+0200] {processor.py:830} INFO - Processing file /home/munya/anaconda3/lib/python3.11/site-packages/airflow/example_dags/example_sla_dag.py for tasks to queue
[2024-05-20T18:30:52.354+0200] {logging_mixin.py:188} INFO - [2024-05-20T18:30:52.353+0200] {dagbag.py:545} INFO - Filling up the DagBag from /home/munya/anaconda3/lib/python3.11/site-packages/airflow/example_dags/example_sla_dag.py
[2024-05-20T18:30:52.376+0200] {processor.py:840} INFO - DAG(s) 'example_sla_dag' retrieved from /home/munya/anaconda3/lib/python3.11/site-packages/airflow/example_dags/example_sla_dag.py
[2024-05-20T18:30:52.412+0200] {logging_mixin.py:188} INFO - [2024-05-20T18:30:52.411+0200] {dag.py:3096} INFO - Sync 1 DAGs
[2024-05-20T18:30:52.459+0200] {logging_mixin.py:188} INFO - [2024-05-20T18:30:52.459+0200] {dag.py:3954} INFO - Setting next_dagrun for example_sla_dag to 2024-05-20 16:28:00+00:00, run_after=2024-05-20 16:30:00+00:00
[2024-05-20T18:30:52.500+0200] {processor.py:183} INFO - Processing /home/munya/anaconda3/lib/python3.11/site-packages/airflow/example_dags/example_sla_dag.py took 0.165 seconds
[2024-05-20T18:32:09.431+0200] {processor.py:161} INFO - Started process (PID=62800) to work on /home/munya/anaconda3/lib/python3.11/site-packages/airflow/example_dags/example_sla_dag.py
[2024-05-20T18:32:09.432+0200] {processor.py:830} INFO - Processing file /home/munya/anaconda3/lib/python3.11/site-packages/airflow/example_dags/example_sla_dag.py for tasks to queue
[2024-05-20T18:32:09.434+0200] {logging_mixin.py:188} INFO - [2024-05-20T18:32:09.433+0200] {dagbag.py:545} INFO - Filling up the DagBag from /home/munya/anaconda3/lib/python3.11/site-packages/airflow/example_dags/example_sla_dag.py
[2024-05-20T18:32:09.457+0200] {processor.py:840} INFO - DAG(s) 'example_sla_dag' retrieved from /home/munya/anaconda3/lib/python3.11/site-packages/airflow/example_dags/example_sla_dag.py
[2024-05-20T18:32:09.495+0200] {logging_mixin.py:188} INFO - [2024-05-20T18:32:09.495+0200] {dag.py:3096} INFO - Sync 1 DAGs
[2024-05-20T18:32:09.552+0200] {logging_mixin.py:188} INFO - [2024-05-20T18:32:09.552+0200] {dag.py:3954} INFO - Setting next_dagrun for example_sla_dag to 2024-05-20 16:30:00+00:00, run_after=2024-05-20 16:32:00+00:00
[2024-05-20T18:32:09.591+0200] {processor.py:183} INFO - Processing /home/munya/anaconda3/lib/python3.11/site-packages/airflow/example_dags/example_sla_dag.py took 0.175 seconds
[2024-05-20T18:33:26.278+0200] {processor.py:161} INFO - Started process (PID=63948) to work on /home/munya/anaconda3/lib/python3.11/site-packages/airflow/example_dags/example_sla_dag.py
[2024-05-20T18:33:26.281+0200] {processor.py:830} INFO - Processing file /home/munya/anaconda3/lib/python3.11/site-packages/airflow/example_dags/example_sla_dag.py for tasks to queue
[2024-05-20T18:33:26.283+0200] {logging_mixin.py:188} INFO - [2024-05-20T18:33:26.282+0200] {dagbag.py:545} INFO - Filling up the DagBag from /home/munya/anaconda3/lib/python3.11/site-packages/airflow/example_dags/example_sla_dag.py
[2024-05-20T18:33:26.302+0200] {processor.py:840} INFO - DAG(s) 'example_sla_dag' retrieved from /home/munya/anaconda3/lib/python3.11/site-packages/airflow/example_dags/example_sla_dag.py
[2024-05-20T18:33:26.330+0200] {logging_mixin.py:188} INFO - [2024-05-20T18:33:26.330+0200] {dag.py:3096} INFO - Sync 1 DAGs
[2024-05-20T18:33:26.371+0200] {logging_mixin.py:188} INFO - [2024-05-20T18:33:26.371+0200] {dag.py:3954} INFO - Setting next_dagrun for example_sla_dag to 2024-05-20 16:30:00+00:00, run_after=2024-05-20 16:32:00+00:00
[2024-05-20T18:33:26.400+0200] {processor.py:183} INFO - Processing /home/munya/anaconda3/lib/python3.11/site-packages/airflow/example_dags/example_sla_dag.py took 0.135 seconds
[2024-05-20T18:34:44.936+0200] {processor.py:161} INFO - Started process (PID=65217) to work on /home/munya/anaconda3/lib/python3.11/site-packages/airflow/example_dags/example_sla_dag.py
[2024-05-20T18:34:44.938+0200] {processor.py:830} INFO - Processing file /home/munya/anaconda3/lib/python3.11/site-packages/airflow/example_dags/example_sla_dag.py for tasks to queue
[2024-05-20T18:34:44.940+0200] {logging_mixin.py:188} INFO - [2024-05-20T18:34:44.939+0200] {dagbag.py:545} INFO - Filling up the DagBag from /home/munya/anaconda3/lib/python3.11/site-packages/airflow/example_dags/example_sla_dag.py
[2024-05-20T18:34:44.958+0200] {processor.py:840} INFO - DAG(s) 'example_sla_dag' retrieved from /home/munya/anaconda3/lib/python3.11/site-packages/airflow/example_dags/example_sla_dag.py
[2024-05-20T18:34:44.983+0200] {logging_mixin.py:188} INFO - [2024-05-20T18:34:44.982+0200] {dag.py:3096} INFO - Sync 1 DAGs
[2024-05-20T18:34:45.019+0200] {logging_mixin.py:188} INFO - [2024-05-20T18:34:45.019+0200] {dag.py:3954} INFO - Setting next_dagrun for example_sla_dag to 2024-05-20 16:32:00+00:00, run_after=2024-05-20 16:34:00+00:00
[2024-05-20T18:34:45.048+0200] {processor.py:183} INFO - Processing /home/munya/anaconda3/lib/python3.11/site-packages/airflow/example_dags/example_sla_dag.py took 0.130 seconds
[2024-05-20T18:36:01.057+0200] {processor.py:161} INFO - Started process (PID=66346) to work on /home/munya/anaconda3/lib/python3.11/site-packages/airflow/example_dags/example_sla_dag.py
[2024-05-20T18:36:01.059+0200] {processor.py:830} INFO - Processing file /home/munya/anaconda3/lib/python3.11/site-packages/airflow/example_dags/example_sla_dag.py for tasks to queue
[2024-05-20T18:36:01.060+0200] {logging_mixin.py:188} INFO - [2024-05-20T18:36:01.060+0200] {dagbag.py:545} INFO - Filling up the DagBag from /home/munya/anaconda3/lib/python3.11/site-packages/airflow/example_dags/example_sla_dag.py
[2024-05-20T18:36:01.075+0200] {processor.py:840} INFO - DAG(s) 'example_sla_dag' retrieved from /home/munya/anaconda3/lib/python3.11/site-packages/airflow/example_dags/example_sla_dag.py
[2024-05-20T18:36:01.102+0200] {logging_mixin.py:188} INFO - [2024-05-20T18:36:01.102+0200] {dag.py:3096} INFO - Sync 1 DAGs
[2024-05-20T18:36:01.139+0200] {logging_mixin.py:188} INFO - [2024-05-20T18:36:01.139+0200] {dag.py:3954} INFO - Setting next_dagrun for example_sla_dag to 2024-05-20 16:34:00+00:00, run_after=2024-05-20 16:36:00+00:00
[2024-05-20T18:36:01.180+0200] {processor.py:183} INFO - Processing /home/munya/anaconda3/lib/python3.11/site-packages/airflow/example_dags/example_sla_dag.py took 0.133 seconds
[2024-05-20T18:37:21.332+0200] {processor.py:161} INFO - Started process (PID=67533) to work on /home/munya/anaconda3/lib/python3.11/site-packages/airflow/example_dags/example_sla_dag.py
[2024-05-20T18:37:21.336+0200] {processor.py:830} INFO - Processing file /home/munya/anaconda3/lib/python3.11/site-packages/airflow/example_dags/example_sla_dag.py for tasks to queue
[2024-05-20T18:37:21.340+0200] {logging_mixin.py:188} INFO - [2024-05-20T18:37:21.338+0200] {dagbag.py:545} INFO - Filling up the DagBag from /home/munya/anaconda3/lib/python3.11/site-packages/airflow/example_dags/example_sla_dag.py
[2024-05-20T18:37:21.383+0200] {processor.py:840} INFO - DAG(s) 'example_sla_dag' retrieved from /home/munya/anaconda3/lib/python3.11/site-packages/airflow/example_dags/example_sla_dag.py
[2024-05-20T18:37:21.426+0200] {logging_mixin.py:188} INFO - [2024-05-20T18:37:21.426+0200] {dag.py:3096} INFO - Sync 1 DAGs
[2024-05-20T18:37:21.459+0200] {logging_mixin.py:188} INFO - [2024-05-20T18:37:21.459+0200] {dag.py:3954} INFO - Setting next_dagrun for example_sla_dag to 2024-05-20 16:34:00+00:00, run_after=2024-05-20 16:36:00+00:00
[2024-05-20T18:37:21.485+0200] {processor.py:183} INFO - Processing /home/munya/anaconda3/lib/python3.11/site-packages/airflow/example_dags/example_sla_dag.py took 0.185 seconds
[2024-05-20T18:38:45.292+0200] {processor.py:161} INFO - Started process (PID=68941) to work on /home/munya/anaconda3/lib/python3.11/site-packages/airflow/example_dags/example_sla_dag.py
[2024-05-20T18:38:45.293+0200] {processor.py:830} INFO - Processing file /home/munya/anaconda3/lib/python3.11/site-packages/airflow/example_dags/example_sla_dag.py for tasks to queue
[2024-05-20T18:38:45.295+0200] {logging_mixin.py:188} INFO - [2024-05-20T18:38:45.294+0200] {dagbag.py:545} INFO - Filling up the DagBag from /home/munya/anaconda3/lib/python3.11/site-packages/airflow/example_dags/example_sla_dag.py
[2024-05-20T18:38:45.312+0200] {processor.py:840} INFO - DAG(s) 'example_sla_dag' retrieved from /home/munya/anaconda3/lib/python3.11/site-packages/airflow/example_dags/example_sla_dag.py
[2024-05-20T18:38:45.344+0200] {logging_mixin.py:188} INFO - [2024-05-20T18:38:45.343+0200] {dag.py:3096} INFO - Sync 1 DAGs
[2024-05-20T18:38:45.389+0200] {logging_mixin.py:188} INFO - [2024-05-20T18:38:45.389+0200] {dag.py:3954} INFO - Setting next_dagrun for example_sla_dag to 2024-05-20 16:36:00+00:00, run_after=2024-05-20 16:38:00+00:00
[2024-05-20T18:38:45.421+0200] {processor.py:183} INFO - Processing /home/munya/anaconda3/lib/python3.11/site-packages/airflow/example_dags/example_sla_dag.py took 0.144 seconds
[2024-05-20T18:40:09.605+0200] {processor.py:161} INFO - Started process (PID=70208) to work on /home/munya/anaconda3/lib/python3.11/site-packages/airflow/example_dags/example_sla_dag.py
[2024-05-20T18:40:09.607+0200] {processor.py:830} INFO - Processing file /home/munya/anaconda3/lib/python3.11/site-packages/airflow/example_dags/example_sla_dag.py for tasks to queue
[2024-05-20T18:40:09.609+0200] {logging_mixin.py:188} INFO - [2024-05-20T18:40:09.608+0200] {dagbag.py:545} INFO - Filling up the DagBag from /home/munya/anaconda3/lib/python3.11/site-packages/airflow/example_dags/example_sla_dag.py
[2024-05-20T18:40:09.628+0200] {processor.py:840} INFO - DAG(s) 'example_sla_dag' retrieved from /home/munya/anaconda3/lib/python3.11/site-packages/airflow/example_dags/example_sla_dag.py
[2024-05-20T18:40:09.667+0200] {logging_mixin.py:188} INFO - [2024-05-20T18:40:09.666+0200] {dag.py:3096} INFO - Sync 1 DAGs
[2024-05-20T18:40:09.733+0200] {logging_mixin.py:188} INFO - [2024-05-20T18:40:09.733+0200] {dag.py:3954} INFO - Setting next_dagrun for example_sla_dag to 2024-05-20 16:38:00+00:00, run_after=2024-05-20 16:40:00+00:00
[2024-05-20T18:40:09.776+0200] {processor.py:183} INFO - Processing /home/munya/anaconda3/lib/python3.11/site-packages/airflow/example_dags/example_sla_dag.py took 0.187 seconds
[2024-05-20T18:41:37.916+0200] {processor.py:161} INFO - Started process (PID=71455) to work on /home/munya/anaconda3/lib/python3.11/site-packages/airflow/example_dags/example_sla_dag.py
[2024-05-20T18:41:37.918+0200] {processor.py:830} INFO - Processing file /home/munya/anaconda3/lib/python3.11/site-packages/airflow/example_dags/example_sla_dag.py for tasks to queue
[2024-05-20T18:41:37.920+0200] {logging_mixin.py:188} INFO - [2024-05-20T18:41:37.919+0200] {dagbag.py:545} INFO - Filling up the DagBag from /home/munya/anaconda3/lib/python3.11/site-packages/airflow/example_dags/example_sla_dag.py
[2024-05-20T18:41:37.938+0200] {processor.py:840} INFO - DAG(s) 'example_sla_dag' retrieved from /home/munya/anaconda3/lib/python3.11/site-packages/airflow/example_dags/example_sla_dag.py
[2024-05-20T18:41:37.973+0200] {logging_mixin.py:188} INFO - [2024-05-20T18:41:37.973+0200] {dag.py:3096} INFO - Sync 1 DAGs
[2024-05-20T18:41:38.033+0200] {logging_mixin.py:188} INFO - [2024-05-20T18:41:38.032+0200] {dag.py:3954} INFO - Setting next_dagrun for example_sla_dag to 2024-05-20 16:38:00+00:00, run_after=2024-05-20 16:40:00+00:00
[2024-05-20T18:41:38.080+0200] {processor.py:183} INFO - Processing /home/munya/anaconda3/lib/python3.11/site-packages/airflow/example_dags/example_sla_dag.py took 0.178 seconds
[2024-05-20T18:43:03.822+0200] {processor.py:161} INFO - Started process (PID=72676) to work on /home/munya/anaconda3/lib/python3.11/site-packages/airflow/example_dags/example_sla_dag.py
[2024-05-20T18:43:03.826+0200] {processor.py:830} INFO - Processing file /home/munya/anaconda3/lib/python3.11/site-packages/airflow/example_dags/example_sla_dag.py for tasks to queue
[2024-05-20T18:43:03.829+0200] {logging_mixin.py:188} INFO - [2024-05-20T18:43:03.827+0200] {dagbag.py:545} INFO - Filling up the DagBag from /home/munya/anaconda3/lib/python3.11/site-packages/airflow/example_dags/example_sla_dag.py
[2024-05-20T18:43:03.844+0200] {processor.py:840} INFO - DAG(s) 'example_sla_dag' retrieved from /home/munya/anaconda3/lib/python3.11/site-packages/airflow/example_dags/example_sla_dag.py
[2024-05-20T18:43:03.869+0200] {logging_mixin.py:188} INFO - [2024-05-20T18:43:03.869+0200] {dag.py:3096} INFO - Sync 1 DAGs
[2024-05-20T18:43:03.906+0200] {logging_mixin.py:188} INFO - [2024-05-20T18:43:03.906+0200] {dag.py:3954} INFO - Setting next_dagrun for example_sla_dag to 2024-05-20 16:40:00+00:00, run_after=2024-05-20 16:42:00+00:00
[2024-05-20T18:43:03.937+0200] {processor.py:183} INFO - Processing /home/munya/anaconda3/lib/python3.11/site-packages/airflow/example_dags/example_sla_dag.py took 0.153 seconds
[2024-05-20T18:44:33.768+0200] {processor.py:161} INFO - Started process (PID=74001) to work on /home/munya/anaconda3/lib/python3.11/site-packages/airflow/example_dags/example_sla_dag.py
[2024-05-20T18:44:33.771+0200] {processor.py:830} INFO - Processing file /home/munya/anaconda3/lib/python3.11/site-packages/airflow/example_dags/example_sla_dag.py for tasks to queue
[2024-05-20T18:44:33.773+0200] {logging_mixin.py:188} INFO - [2024-05-20T18:44:33.772+0200] {dagbag.py:545} INFO - Filling up the DagBag from /home/munya/anaconda3/lib/python3.11/site-packages/airflow/example_dags/example_sla_dag.py
[2024-05-20T18:44:33.810+0200] {processor.py:840} INFO - DAG(s) 'example_sla_dag' retrieved from /home/munya/anaconda3/lib/python3.11/site-packages/airflow/example_dags/example_sla_dag.py
[2024-05-20T18:44:33.909+0200] {logging_mixin.py:188} INFO - [2024-05-20T18:44:33.908+0200] {dag.py:3096} INFO - Sync 1 DAGs
[2024-05-20T18:44:34.024+0200] {logging_mixin.py:188} INFO - [2024-05-20T18:44:34.023+0200] {dag.py:3954} INFO - Setting next_dagrun for example_sla_dag to 2024-05-20 16:42:00+00:00, run_after=2024-05-20 16:44:00+00:00
[2024-05-20T18:44:34.106+0200] {processor.py:183} INFO - Processing /home/munya/anaconda3/lib/python3.11/site-packages/airflow/example_dags/example_sla_dag.py took 0.362 seconds
[2024-05-20T18:46:00.118+0200] {processor.py:161} INFO - Started process (PID=75492) to work on /home/munya/anaconda3/lib/python3.11/site-packages/airflow/example_dags/example_sla_dag.py
[2024-05-20T18:46:00.120+0200] {processor.py:830} INFO - Processing file /home/munya/anaconda3/lib/python3.11/site-packages/airflow/example_dags/example_sla_dag.py for tasks to queue
[2024-05-20T18:46:00.122+0200] {logging_mixin.py:188} INFO - [2024-05-20T18:46:00.121+0200] {dagbag.py:545} INFO - Filling up the DagBag from /home/munya/anaconda3/lib/python3.11/site-packages/airflow/example_dags/example_sla_dag.py
[2024-05-20T18:46:00.146+0200] {processor.py:840} INFO - DAG(s) 'example_sla_dag' retrieved from /home/munya/anaconda3/lib/python3.11/site-packages/airflow/example_dags/example_sla_dag.py
[2024-05-20T18:46:00.187+0200] {logging_mixin.py:188} INFO - [2024-05-20T18:46:00.186+0200] {dag.py:3096} INFO - Sync 1 DAGs
[2024-05-20T18:46:00.258+0200] {logging_mixin.py:188} INFO - [2024-05-20T18:46:00.258+0200] {dag.py:3954} INFO - Setting next_dagrun for example_sla_dag to 2024-05-20 16:44:00+00:00, run_after=2024-05-20 16:46:00+00:00
[2024-05-20T18:46:00.318+0200] {processor.py:183} INFO - Processing /home/munya/anaconda3/lib/python3.11/site-packages/airflow/example_dags/example_sla_dag.py took 0.215 seconds
[2024-05-20T18:47:27.234+0200] {processor.py:161} INFO - Started process (PID=76795) to work on /home/munya/anaconda3/lib/python3.11/site-packages/airflow/example_dags/example_sla_dag.py
[2024-05-20T18:47:27.238+0200] {processor.py:830} INFO - Processing file /home/munya/anaconda3/lib/python3.11/site-packages/airflow/example_dags/example_sla_dag.py for tasks to queue
[2024-05-20T18:47:27.243+0200] {logging_mixin.py:188} INFO - [2024-05-20T18:47:27.241+0200] {dagbag.py:545} INFO - Filling up the DagBag from /home/munya/anaconda3/lib/python3.11/site-packages/airflow/example_dags/example_sla_dag.py
[2024-05-20T18:47:27.294+0200] {processor.py:840} INFO - DAG(s) 'example_sla_dag' retrieved from /home/munya/anaconda3/lib/python3.11/site-packages/airflow/example_dags/example_sla_dag.py
[2024-05-20T18:47:27.368+0200] {logging_mixin.py:188} INFO - [2024-05-20T18:47:27.367+0200] {dag.py:3096} INFO - Sync 1 DAGs
[2024-05-20T18:47:27.409+0200] {logging_mixin.py:188} INFO - [2024-05-20T18:47:27.408+0200] {dag.py:3954} INFO - Setting next_dagrun for example_sla_dag to 2024-05-20 16:44:00+00:00, run_after=2024-05-20 16:46:00+00:00
[2024-05-20T18:47:27.434+0200] {processor.py:183} INFO - Processing /home/munya/anaconda3/lib/python3.11/site-packages/airflow/example_dags/example_sla_dag.py took 0.235 seconds
[2024-05-20T18:48:39.784+0200] {processor.py:161} INFO - Started process (PID=77983) to work on /home/munya/anaconda3/lib/python3.11/site-packages/airflow/example_dags/example_sla_dag.py
[2024-05-20T18:48:39.785+0200] {processor.py:830} INFO - Processing file /home/munya/anaconda3/lib/python3.11/site-packages/airflow/example_dags/example_sla_dag.py for tasks to queue
[2024-05-20T18:48:39.787+0200] {logging_mixin.py:188} INFO - [2024-05-20T18:48:39.786+0200] {dagbag.py:545} INFO - Filling up the DagBag from /home/munya/anaconda3/lib/python3.11/site-packages/airflow/example_dags/example_sla_dag.py
[2024-05-20T18:48:39.807+0200] {processor.py:840} INFO - DAG(s) 'example_sla_dag' retrieved from /home/munya/anaconda3/lib/python3.11/site-packages/airflow/example_dags/example_sla_dag.py
[2024-05-20T18:48:39.840+0200] {logging_mixin.py:188} INFO - [2024-05-20T18:48:39.840+0200] {dag.py:3096} INFO - Sync 1 DAGs
[2024-05-20T18:48:39.878+0200] {logging_mixin.py:188} INFO - [2024-05-20T18:48:39.878+0200] {dag.py:3954} INFO - Setting next_dagrun for example_sla_dag to 2024-05-20 16:46:00+00:00, run_after=2024-05-20 16:48:00+00:00
[2024-05-20T18:48:39.910+0200] {processor.py:183} INFO - Processing /home/munya/anaconda3/lib/python3.11/site-packages/airflow/example_dags/example_sla_dag.py took 0.139 seconds
[2024-05-20T18:50:02.106+0200] {processor.py:161} INFO - Started process (PID=79225) to work on /home/munya/anaconda3/lib/python3.11/site-packages/airflow/example_dags/example_sla_dag.py
[2024-05-20T18:50:02.108+0200] {processor.py:830} INFO - Processing file /home/munya/anaconda3/lib/python3.11/site-packages/airflow/example_dags/example_sla_dag.py for tasks to queue
[2024-05-20T18:50:02.110+0200] {logging_mixin.py:188} INFO - [2024-05-20T18:50:02.109+0200] {dagbag.py:545} INFO - Filling up the DagBag from /home/munya/anaconda3/lib/python3.11/site-packages/airflow/example_dags/example_sla_dag.py
[2024-05-20T18:50:02.126+0200] {processor.py:840} INFO - DAG(s) 'example_sla_dag' retrieved from /home/munya/anaconda3/lib/python3.11/site-packages/airflow/example_dags/example_sla_dag.py
[2024-05-20T18:50:02.150+0200] {logging_mixin.py:188} INFO - [2024-05-20T18:50:02.150+0200] {dag.py:3096} INFO - Sync 1 DAGs
[2024-05-20T18:50:02.197+0200] {logging_mixin.py:188} INFO - [2024-05-20T18:50:02.196+0200] {dag.py:3954} INFO - Setting next_dagrun for example_sla_dag to 2024-05-20 16:48:00+00:00, run_after=2024-05-20 16:50:00+00:00
[2024-05-20T18:50:02.233+0200] {processor.py:183} INFO - Processing /home/munya/anaconda3/lib/python3.11/site-packages/airflow/example_dags/example_sla_dag.py took 0.137 seconds
[2024-05-20T18:51:23.866+0200] {processor.py:161} INFO - Started process (PID=80701) to work on /home/munya/anaconda3/lib/python3.11/site-packages/airflow/example_dags/example_sla_dag.py
[2024-05-20T18:51:23.868+0200] {processor.py:830} INFO - Processing file /home/munya/anaconda3/lib/python3.11/site-packages/airflow/example_dags/example_sla_dag.py for tasks to queue
[2024-05-20T18:51:23.869+0200] {logging_mixin.py:188} INFO - [2024-05-20T18:51:23.868+0200] {dagbag.py:545} INFO - Filling up the DagBag from /home/munya/anaconda3/lib/python3.11/site-packages/airflow/example_dags/example_sla_dag.py
[2024-05-20T18:51:23.893+0200] {processor.py:840} INFO - DAG(s) 'example_sla_dag' retrieved from /home/munya/anaconda3/lib/python3.11/site-packages/airflow/example_dags/example_sla_dag.py
[2024-05-20T18:51:23.925+0200] {logging_mixin.py:188} INFO - [2024-05-20T18:51:23.925+0200] {dag.py:3096} INFO - Sync 1 DAGs
[2024-05-20T18:51:23.969+0200] {logging_mixin.py:188} INFO - [2024-05-20T18:51:23.968+0200] {dag.py:3954} INFO - Setting next_dagrun for example_sla_dag to 2024-05-20 16:48:00+00:00, run_after=2024-05-20 16:50:00+00:00
[2024-05-20T18:51:24.005+0200] {processor.py:183} INFO - Processing /home/munya/anaconda3/lib/python3.11/site-packages/airflow/example_dags/example_sla_dag.py took 0.149 seconds
[2024-05-20T18:52:33.349+0200] {processor.py:161} INFO - Started process (PID=81751) to work on /home/munya/anaconda3/lib/python3.11/site-packages/airflow/example_dags/example_sla_dag.py
[2024-05-20T18:52:33.350+0200] {processor.py:830} INFO - Processing file /home/munya/anaconda3/lib/python3.11/site-packages/airflow/example_dags/example_sla_dag.py for tasks to queue
[2024-05-20T18:52:33.351+0200] {logging_mixin.py:188} INFO - [2024-05-20T18:52:33.351+0200] {dagbag.py:545} INFO - Filling up the DagBag from /home/munya/anaconda3/lib/python3.11/site-packages/airflow/example_dags/example_sla_dag.py
[2024-05-20T18:52:33.368+0200] {processor.py:840} INFO - DAG(s) 'example_sla_dag' retrieved from /home/munya/anaconda3/lib/python3.11/site-packages/airflow/example_dags/example_sla_dag.py
[2024-05-20T18:52:33.397+0200] {logging_mixin.py:188} INFO - [2024-05-20T18:52:33.397+0200] {dag.py:3096} INFO - Sync 1 DAGs
[2024-05-20T18:52:33.436+0200] {logging_mixin.py:188} INFO - [2024-05-20T18:52:33.435+0200] {dag.py:3954} INFO - Setting next_dagrun for example_sla_dag to 2024-05-20 16:50:00+00:00, run_after=2024-05-20 16:52:00+00:00
[2024-05-20T18:52:33.469+0200] {processor.py:183} INFO - Processing /home/munya/anaconda3/lib/python3.11/site-packages/airflow/example_dags/example_sla_dag.py took 0.132 seconds
[2024-05-20T18:53:55.484+0200] {processor.py:161} INFO - Started process (PID=83033) to work on /home/munya/anaconda3/lib/python3.11/site-packages/airflow/example_dags/example_sla_dag.py
[2024-05-20T18:53:55.486+0200] {processor.py:830} INFO - Processing file /home/munya/anaconda3/lib/python3.11/site-packages/airflow/example_dags/example_sla_dag.py for tasks to queue
[2024-05-20T18:53:55.487+0200] {logging_mixin.py:188} INFO - [2024-05-20T18:53:55.487+0200] {dagbag.py:545} INFO - Filling up the DagBag from /home/munya/anaconda3/lib/python3.11/site-packages/airflow/example_dags/example_sla_dag.py
[2024-05-20T18:53:55.505+0200] {processor.py:840} INFO - DAG(s) 'example_sla_dag' retrieved from /home/munya/anaconda3/lib/python3.11/site-packages/airflow/example_dags/example_sla_dag.py
[2024-05-20T18:53:55.540+0200] {logging_mixin.py:188} INFO - [2024-05-20T18:53:55.540+0200] {dag.py:3096} INFO - Sync 1 DAGs
[2024-05-20T18:53:55.591+0200] {logging_mixin.py:188} INFO - [2024-05-20T18:53:55.590+0200] {dag.py:3954} INFO - Setting next_dagrun for example_sla_dag to 2024-05-20 16:50:00+00:00, run_after=2024-05-20 16:52:00+00:00
[2024-05-20T18:53:55.631+0200] {processor.py:183} INFO - Processing /home/munya/anaconda3/lib/python3.11/site-packages/airflow/example_dags/example_sla_dag.py took 0.161 seconds
[2024-05-20T18:55:13.985+0200] {processor.py:161} INFO - Started process (PID=84244) to work on /home/munya/anaconda3/lib/python3.11/site-packages/airflow/example_dags/example_sla_dag.py
[2024-05-20T18:55:13.987+0200] {processor.py:830} INFO - Processing file /home/munya/anaconda3/lib/python3.11/site-packages/airflow/example_dags/example_sla_dag.py for tasks to queue
[2024-05-20T18:55:13.989+0200] {logging_mixin.py:188} INFO - [2024-05-20T18:55:13.988+0200] {dagbag.py:545} INFO - Filling up the DagBag from /home/munya/anaconda3/lib/python3.11/site-packages/airflow/example_dags/example_sla_dag.py
[2024-05-20T18:55:14.013+0200] {processor.py:840} INFO - DAG(s) 'example_sla_dag' retrieved from /home/munya/anaconda3/lib/python3.11/site-packages/airflow/example_dags/example_sla_dag.py
[2024-05-20T18:55:14.059+0200] {logging_mixin.py:188} INFO - [2024-05-20T18:55:14.058+0200] {dag.py:3096} INFO - Sync 1 DAGs
[2024-05-20T18:55:14.108+0200] {logging_mixin.py:188} INFO - [2024-05-20T18:55:14.108+0200] {dag.py:3954} INFO - Setting next_dagrun for example_sla_dag to 2024-05-20 16:52:00+00:00, run_after=2024-05-20 16:54:00+00:00
[2024-05-20T18:55:14.134+0200] {processor.py:183} INFO - Processing /home/munya/anaconda3/lib/python3.11/site-packages/airflow/example_dags/example_sla_dag.py took 0.160 seconds
[2024-05-20T18:56:28.016+0200] {processor.py:161} INFO - Started process (PID=85778) to work on /home/munya/anaconda3/lib/python3.11/site-packages/airflow/example_dags/example_sla_dag.py
[2024-05-20T18:56:28.017+0200] {processor.py:830} INFO - Processing file /home/munya/anaconda3/lib/python3.11/site-packages/airflow/example_dags/example_sla_dag.py for tasks to queue
[2024-05-20T18:56:28.018+0200] {logging_mixin.py:188} INFO - [2024-05-20T18:56:28.017+0200] {dagbag.py:545} INFO - Filling up the DagBag from /home/munya/anaconda3/lib/python3.11/site-packages/airflow/example_dags/example_sla_dag.py
[2024-05-20T18:56:28.027+0200] {processor.py:840} INFO - DAG(s) 'example_sla_dag' retrieved from /home/munya/anaconda3/lib/python3.11/site-packages/airflow/example_dags/example_sla_dag.py
[2024-05-20T18:56:28.044+0200] {logging_mixin.py:188} INFO - [2024-05-20T18:56:28.044+0200] {dag.py:3096} INFO - Sync 1 DAGs
[2024-05-20T18:56:28.067+0200] {logging_mixin.py:188} INFO - [2024-05-20T18:56:28.067+0200] {dag.py:3954} INFO - Setting next_dagrun for example_sla_dag to 2024-05-20 16:54:00+00:00, run_after=2024-05-20 16:56:00+00:00
[2024-05-20T18:56:28.087+0200] {processor.py:183} INFO - Processing /home/munya/anaconda3/lib/python3.11/site-packages/airflow/example_dags/example_sla_dag.py took 0.080 seconds
[2024-05-20T18:57:34.615+0200] {processor.py:161} INFO - Started process (PID=86929) to work on /home/munya/anaconda3/lib/python3.11/site-packages/airflow/example_dags/example_sla_dag.py
[2024-05-20T18:57:34.616+0200] {processor.py:830} INFO - Processing file /home/munya/anaconda3/lib/python3.11/site-packages/airflow/example_dags/example_sla_dag.py for tasks to queue
[2024-05-20T18:57:34.617+0200] {logging_mixin.py:188} INFO - [2024-05-20T18:57:34.616+0200] {dagbag.py:545} INFO - Filling up the DagBag from /home/munya/anaconda3/lib/python3.11/site-packages/airflow/example_dags/example_sla_dag.py
[2024-05-20T18:57:34.624+0200] {processor.py:840} INFO - DAG(s) 'example_sla_dag' retrieved from /home/munya/anaconda3/lib/python3.11/site-packages/airflow/example_dags/example_sla_dag.py
[2024-05-20T18:57:34.638+0200] {logging_mixin.py:188} INFO - [2024-05-20T18:57:34.637+0200] {dag.py:3096} INFO - Sync 1 DAGs
[2024-05-20T18:57:34.656+0200] {logging_mixin.py:188} INFO - [2024-05-20T18:57:34.656+0200] {dag.py:3954} INFO - Setting next_dagrun for example_sla_dag to 2024-05-20 16:54:00+00:00, run_after=2024-05-20 16:56:00+00:00
[2024-05-20T18:57:34.671+0200] {processor.py:183} INFO - Processing /home/munya/anaconda3/lib/python3.11/site-packages/airflow/example_dags/example_sla_dag.py took 0.061 seconds
[2024-05-20T18:58:37.654+0200] {processor.py:161} INFO - Started process (PID=88185) to work on /home/munya/anaconda3/lib/python3.11/site-packages/airflow/example_dags/example_sla_dag.py
[2024-05-20T18:58:37.655+0200] {processor.py:830} INFO - Processing file /home/munya/anaconda3/lib/python3.11/site-packages/airflow/example_dags/example_sla_dag.py for tasks to queue
[2024-05-20T18:58:37.656+0200] {logging_mixin.py:188} INFO - [2024-05-20T18:58:37.656+0200] {dagbag.py:545} INFO - Filling up the DagBag from /home/munya/anaconda3/lib/python3.11/site-packages/airflow/example_dags/example_sla_dag.py
[2024-05-20T18:58:37.663+0200] {processor.py:840} INFO - DAG(s) 'example_sla_dag' retrieved from /home/munya/anaconda3/lib/python3.11/site-packages/airflow/example_dags/example_sla_dag.py
[2024-05-20T18:58:37.676+0200] {logging_mixin.py:188} INFO - [2024-05-20T18:58:37.676+0200] {dag.py:3096} INFO - Sync 1 DAGs
[2024-05-20T18:58:37.693+0200] {logging_mixin.py:188} INFO - [2024-05-20T18:58:37.693+0200] {dag.py:3954} INFO - Setting next_dagrun for example_sla_dag to 2024-05-20 16:56:00+00:00, run_after=2024-05-20 16:58:00+00:00
[2024-05-20T18:58:37.708+0200] {processor.py:183} INFO - Processing /home/munya/anaconda3/lib/python3.11/site-packages/airflow/example_dags/example_sla_dag.py took 0.060 seconds
[2024-05-20T18:59:35.571+0200] {processor.py:161} INFO - Started process (PID=89225) to work on /home/munya/anaconda3/lib/python3.11/site-packages/airflow/example_dags/example_sla_dag.py
[2024-05-20T18:59:35.572+0200] {processor.py:830} INFO - Processing file /home/munya/anaconda3/lib/python3.11/site-packages/airflow/example_dags/example_sla_dag.py for tasks to queue
[2024-05-20T18:59:35.573+0200] {logging_mixin.py:188} INFO - [2024-05-20T18:59:35.573+0200] {dagbag.py:545} INFO - Filling up the DagBag from /home/munya/anaconda3/lib/python3.11/site-packages/airflow/example_dags/example_sla_dag.py
[2024-05-20T18:59:35.581+0200] {processor.py:840} INFO - DAG(s) 'example_sla_dag' retrieved from /home/munya/anaconda3/lib/python3.11/site-packages/airflow/example_dags/example_sla_dag.py
[2024-05-20T18:59:35.597+0200] {logging_mixin.py:188} INFO - [2024-05-20T18:59:35.597+0200] {dag.py:3096} INFO - Sync 1 DAGs
[2024-05-20T18:59:35.622+0200] {logging_mixin.py:188} INFO - [2024-05-20T18:59:35.622+0200] {dag.py:3954} INFO - Setting next_dagrun for example_sla_dag to 2024-05-20 16:56:00+00:00, run_after=2024-05-20 16:58:00+00:00
[2024-05-20T18:59:35.641+0200] {processor.py:183} INFO - Processing /home/munya/anaconda3/lib/python3.11/site-packages/airflow/example_dags/example_sla_dag.py took 0.078 seconds
[2024-05-20T19:00:43.661+0200] {processor.py:161} INFO - Started process (PID=90362) to work on /home/munya/anaconda3/lib/python3.11/site-packages/airflow/example_dags/example_sla_dag.py
[2024-05-20T19:00:43.662+0200] {processor.py:830} INFO - Processing file /home/munya/anaconda3/lib/python3.11/site-packages/airflow/example_dags/example_sla_dag.py for tasks to queue
[2024-05-20T19:00:43.664+0200] {logging_mixin.py:188} INFO - [2024-05-20T19:00:43.663+0200] {dagbag.py:545} INFO - Filling up the DagBag from /home/munya/anaconda3/lib/python3.11/site-packages/airflow/example_dags/example_sla_dag.py
[2024-05-20T19:00:43.672+0200] {processor.py:840} INFO - DAG(s) 'example_sla_dag' retrieved from /home/munya/anaconda3/lib/python3.11/site-packages/airflow/example_dags/example_sla_dag.py
[2024-05-20T19:00:43.688+0200] {logging_mixin.py:188} INFO - [2024-05-20T19:00:43.688+0200] {dag.py:3096} INFO - Sync 1 DAGs
[2024-05-20T19:00:43.710+0200] {logging_mixin.py:188} INFO - [2024-05-20T19:00:43.710+0200] {dag.py:3954} INFO - Setting next_dagrun for example_sla_dag to 2024-05-20 16:58:00+00:00, run_after=2024-05-20 17:00:00+00:00
[2024-05-20T19:00:43.728+0200] {processor.py:183} INFO - Processing /home/munya/anaconda3/lib/python3.11/site-packages/airflow/example_dags/example_sla_dag.py took 0.073 seconds
[2024-05-20T19:01:44.992+0200] {processor.py:161} INFO - Started process (PID=91367) to work on /home/munya/anaconda3/lib/python3.11/site-packages/airflow/example_dags/example_sla_dag.py
[2024-05-20T19:01:44.993+0200] {processor.py:830} INFO - Processing file /home/munya/anaconda3/lib/python3.11/site-packages/airflow/example_dags/example_sla_dag.py for tasks to queue
[2024-05-20T19:01:44.994+0200] {logging_mixin.py:188} INFO - [2024-05-20T19:01:44.993+0200] {dagbag.py:545} INFO - Filling up the DagBag from /home/munya/anaconda3/lib/python3.11/site-packages/airflow/example_dags/example_sla_dag.py
[2024-05-20T19:01:45.001+0200] {processor.py:840} INFO - DAG(s) 'example_sla_dag' retrieved from /home/munya/anaconda3/lib/python3.11/site-packages/airflow/example_dags/example_sla_dag.py
[2024-05-20T19:01:45.013+0200] {logging_mixin.py:188} INFO - [2024-05-20T19:01:45.013+0200] {dag.py:3096} INFO - Sync 1 DAGs
[2024-05-20T19:01:45.030+0200] {logging_mixin.py:188} INFO - [2024-05-20T19:01:45.030+0200] {dag.py:3954} INFO - Setting next_dagrun for example_sla_dag to 2024-05-20 16:58:00+00:00, run_after=2024-05-20 17:00:00+00:00
[2024-05-20T19:01:45.046+0200] {processor.py:183} INFO - Processing /home/munya/anaconda3/lib/python3.11/site-packages/airflow/example_dags/example_sla_dag.py took 0.060 seconds
[2024-05-20T19:02:43.647+0200] {processor.py:161} INFO - Started process (PID=92469) to work on /home/munya/anaconda3/lib/python3.11/site-packages/airflow/example_dags/example_sla_dag.py
[2024-05-20T19:02:43.648+0200] {processor.py:830} INFO - Processing file /home/munya/anaconda3/lib/python3.11/site-packages/airflow/example_dags/example_sla_dag.py for tasks to queue
[2024-05-20T19:02:43.649+0200] {logging_mixin.py:188} INFO - [2024-05-20T19:02:43.649+0200] {dagbag.py:545} INFO - Filling up the DagBag from /home/munya/anaconda3/lib/python3.11/site-packages/airflow/example_dags/example_sla_dag.py
[2024-05-20T19:02:43.656+0200] {processor.py:840} INFO - DAG(s) 'example_sla_dag' retrieved from /home/munya/anaconda3/lib/python3.11/site-packages/airflow/example_dags/example_sla_dag.py
[2024-05-20T19:02:43.671+0200] {logging_mixin.py:188} INFO - [2024-05-20T19:02:43.671+0200] {dag.py:3096} INFO - Sync 1 DAGs
[2024-05-20T19:02:43.693+0200] {logging_mixin.py:188} INFO - [2024-05-20T19:02:43.693+0200] {dag.py:3954} INFO - Setting next_dagrun for example_sla_dag to 2024-05-20 17:00:00+00:00, run_after=2024-05-20 17:02:00+00:00
[2024-05-20T19:02:43.712+0200] {processor.py:183} INFO - Processing /home/munya/anaconda3/lib/python3.11/site-packages/airflow/example_dags/example_sla_dag.py took 0.072 seconds
[2024-05-20T19:03:41.932+0200] {processor.py:161} INFO - Started process (PID=93399) to work on /home/munya/anaconda3/lib/python3.11/site-packages/airflow/example_dags/example_sla_dag.py
[2024-05-20T19:03:41.933+0200] {processor.py:830} INFO - Processing file /home/munya/anaconda3/lib/python3.11/site-packages/airflow/example_dags/example_sla_dag.py for tasks to queue
[2024-05-20T19:03:41.934+0200] {logging_mixin.py:188} INFO - [2024-05-20T19:03:41.934+0200] {dagbag.py:545} INFO - Filling up the DagBag from /home/munya/anaconda3/lib/python3.11/site-packages/airflow/example_dags/example_sla_dag.py
[2024-05-20T19:03:41.942+0200] {processor.py:840} INFO - DAG(s) 'example_sla_dag' retrieved from /home/munya/anaconda3/lib/python3.11/site-packages/airflow/example_dags/example_sla_dag.py
[2024-05-20T19:03:41.956+0200] {logging_mixin.py:188} INFO - [2024-05-20T19:03:41.956+0200] {dag.py:3096} INFO - Sync 1 DAGs
[2024-05-20T19:03:41.977+0200] {logging_mixin.py:188} INFO - [2024-05-20T19:03:41.977+0200] {dag.py:3954} INFO - Setting next_dagrun for example_sla_dag to 2024-05-20 17:00:00+00:00, run_after=2024-05-20 17:02:00+00:00
[2024-05-20T19:03:41.995+0200] {processor.py:183} INFO - Processing /home/munya/anaconda3/lib/python3.11/site-packages/airflow/example_dags/example_sla_dag.py took 0.068 seconds
[2024-05-20T19:04:39.977+0200] {processor.py:161} INFO - Started process (PID=94448) to work on /home/munya/anaconda3/lib/python3.11/site-packages/airflow/example_dags/example_sla_dag.py
[2024-05-20T19:04:39.978+0200] {processor.py:830} INFO - Processing file /home/munya/anaconda3/lib/python3.11/site-packages/airflow/example_dags/example_sla_dag.py for tasks to queue
[2024-05-20T19:04:39.979+0200] {logging_mixin.py:188} INFO - [2024-05-20T19:04:39.979+0200] {dagbag.py:545} INFO - Filling up the DagBag from /home/munya/anaconda3/lib/python3.11/site-packages/airflow/example_dags/example_sla_dag.py
[2024-05-20T19:04:39.990+0200] {processor.py:840} INFO - DAG(s) 'example_sla_dag' retrieved from /home/munya/anaconda3/lib/python3.11/site-packages/airflow/example_dags/example_sla_dag.py
[2024-05-20T19:04:40.007+0200] {logging_mixin.py:188} INFO - [2024-05-20T19:04:40.007+0200] {dag.py:3096} INFO - Sync 1 DAGs
[2024-05-20T19:04:40.027+0200] {logging_mixin.py:188} INFO - [2024-05-20T19:04:40.027+0200] {dag.py:3954} INFO - Setting next_dagrun for example_sla_dag to 2024-05-20 17:02:00+00:00, run_after=2024-05-20 17:04:00+00:00
[2024-05-20T19:04:40.043+0200] {processor.py:183} INFO - Processing /home/munya/anaconda3/lib/python3.11/site-packages/airflow/example_dags/example_sla_dag.py took 0.075 seconds
[2024-05-20T19:05:39.134+0200] {processor.py:161} INFO - Started process (PID=95442) to work on /home/munya/anaconda3/lib/python3.11/site-packages/airflow/example_dags/example_sla_dag.py
[2024-05-20T19:05:39.136+0200] {processor.py:830} INFO - Processing file /home/munya/anaconda3/lib/python3.11/site-packages/airflow/example_dags/example_sla_dag.py for tasks to queue
[2024-05-20T19:05:39.137+0200] {logging_mixin.py:188} INFO - [2024-05-20T19:05:39.136+0200] {dagbag.py:545} INFO - Filling up the DagBag from /home/munya/anaconda3/lib/python3.11/site-packages/airflow/example_dags/example_sla_dag.py
[2024-05-20T19:05:39.150+0200] {processor.py:840} INFO - DAG(s) 'example_sla_dag' retrieved from /home/munya/anaconda3/lib/python3.11/site-packages/airflow/example_dags/example_sla_dag.py
[2024-05-20T19:05:39.169+0200] {logging_mixin.py:188} INFO - [2024-05-20T19:05:39.168+0200] {dag.py:3096} INFO - Sync 1 DAGs
[2024-05-20T19:05:39.194+0200] {logging_mixin.py:188} INFO - [2024-05-20T19:05:39.194+0200] {dag.py:3954} INFO - Setting next_dagrun for example_sla_dag to 2024-05-20 17:02:00+00:00, run_after=2024-05-20 17:04:00+00:00
[2024-05-20T19:05:39.218+0200] {processor.py:183} INFO - Processing /home/munya/anaconda3/lib/python3.11/site-packages/airflow/example_dags/example_sla_dag.py took 0.092 seconds
[2024-05-20T19:06:32.178+0200] {processor.py:161} INFO - Started process (PID=96292) to work on /home/munya/anaconda3/lib/python3.11/site-packages/airflow/example_dags/example_sla_dag.py
[2024-05-20T19:06:32.179+0200] {processor.py:830} INFO - Processing file /home/munya/anaconda3/lib/python3.11/site-packages/airflow/example_dags/example_sla_dag.py for tasks to queue
[2024-05-20T19:06:32.179+0200] {logging_mixin.py:188} INFO - [2024-05-20T19:06:32.179+0200] {dagbag.py:545} INFO - Filling up the DagBag from /home/munya/anaconda3/lib/python3.11/site-packages/airflow/example_dags/example_sla_dag.py
[2024-05-20T19:06:32.188+0200] {processor.py:840} INFO - DAG(s) 'example_sla_dag' retrieved from /home/munya/anaconda3/lib/python3.11/site-packages/airflow/example_dags/example_sla_dag.py
[2024-05-20T19:06:32.201+0200] {logging_mixin.py:188} INFO - [2024-05-20T19:06:32.200+0200] {dag.py:3096} INFO - Sync 1 DAGs
[2024-05-20T19:06:32.219+0200] {logging_mixin.py:188} INFO - [2024-05-20T19:06:32.219+0200] {dag.py:3954} INFO - Setting next_dagrun for example_sla_dag to 2024-05-20 17:04:00+00:00, run_after=2024-05-20 17:06:00+00:00
[2024-05-20T19:06:32.238+0200] {processor.py:183} INFO - Processing /home/munya/anaconda3/lib/python3.11/site-packages/airflow/example_dags/example_sla_dag.py took 0.065 seconds
[2024-05-20T19:07:26.875+0200] {processor.py:161} INFO - Started process (PID=97223) to work on /home/munya/anaconda3/lib/python3.11/site-packages/airflow/example_dags/example_sla_dag.py
[2024-05-20T19:07:26.877+0200] {processor.py:830} INFO - Processing file /home/munya/anaconda3/lib/python3.11/site-packages/airflow/example_dags/example_sla_dag.py for tasks to queue
[2024-05-20T19:07:26.879+0200] {logging_mixin.py:188} INFO - [2024-05-20T19:07:26.878+0200] {dagbag.py:545} INFO - Filling up the DagBag from /home/munya/anaconda3/lib/python3.11/site-packages/airflow/example_dags/example_sla_dag.py
[2024-05-20T19:07:26.894+0200] {processor.py:840} INFO - DAG(s) 'example_sla_dag' retrieved from /home/munya/anaconda3/lib/python3.11/site-packages/airflow/example_dags/example_sla_dag.py
[2024-05-20T19:07:26.917+0200] {logging_mixin.py:188} INFO - [2024-05-20T19:07:26.917+0200] {dag.py:3096} INFO - Sync 1 DAGs
[2024-05-20T19:07:26.947+0200] {logging_mixin.py:188} INFO - [2024-05-20T19:07:26.947+0200] {dag.py:3954} INFO - Setting next_dagrun for example_sla_dag to 2024-05-20 17:04:00+00:00, run_after=2024-05-20 17:06:00+00:00
[2024-05-20T19:07:26.978+0200] {processor.py:183} INFO - Processing /home/munya/anaconda3/lib/python3.11/site-packages/airflow/example_dags/example_sla_dag.py took 0.118 seconds
[2024-05-20T19:08:29.619+0200] {processor.py:161} INFO - Started process (PID=98417) to work on /home/munya/anaconda3/lib/python3.11/site-packages/airflow/example_dags/example_sla_dag.py
[2024-05-20T19:08:29.620+0200] {processor.py:830} INFO - Processing file /home/munya/anaconda3/lib/python3.11/site-packages/airflow/example_dags/example_sla_dag.py for tasks to queue
[2024-05-20T19:08:29.621+0200] {logging_mixin.py:188} INFO - [2024-05-20T19:08:29.621+0200] {dagbag.py:545} INFO - Filling up the DagBag from /home/munya/anaconda3/lib/python3.11/site-packages/airflow/example_dags/example_sla_dag.py
[2024-05-20T19:08:29.628+0200] {processor.py:840} INFO - DAG(s) 'example_sla_dag' retrieved from /home/munya/anaconda3/lib/python3.11/site-packages/airflow/example_dags/example_sla_dag.py
[2024-05-20T19:08:29.642+0200] {logging_mixin.py:188} INFO - [2024-05-20T19:08:29.642+0200] {dag.py:3096} INFO - Sync 1 DAGs
[2024-05-20T19:08:29.664+0200] {logging_mixin.py:188} INFO - [2024-05-20T19:08:29.664+0200] {dag.py:3954} INFO - Setting next_dagrun for example_sla_dag to 2024-05-20 17:06:00+00:00, run_after=2024-05-20 17:08:00+00:00
[2024-05-20T19:08:29.680+0200] {processor.py:183} INFO - Processing /home/munya/anaconda3/lib/python3.11/site-packages/airflow/example_dags/example_sla_dag.py took 0.066 seconds
[2024-05-20T19:09:25.887+0200] {processor.py:161} INFO - Started process (PID=99422) to work on /home/munya/anaconda3/lib/python3.11/site-packages/airflow/example_dags/example_sla_dag.py
[2024-05-20T19:09:25.888+0200] {processor.py:830} INFO - Processing file /home/munya/anaconda3/lib/python3.11/site-packages/airflow/example_dags/example_sla_dag.py for tasks to queue
[2024-05-20T19:09:25.890+0200] {logging_mixin.py:188} INFO - [2024-05-20T19:09:25.889+0200] {dagbag.py:545} INFO - Filling up the DagBag from /home/munya/anaconda3/lib/python3.11/site-packages/airflow/example_dags/example_sla_dag.py
[2024-05-20T19:09:25.900+0200] {processor.py:840} INFO - DAG(s) 'example_sla_dag' retrieved from /home/munya/anaconda3/lib/python3.11/site-packages/airflow/example_dags/example_sla_dag.py
[2024-05-20T19:09:25.919+0200] {logging_mixin.py:188} INFO - [2024-05-20T19:09:25.919+0200] {dag.py:3096} INFO - Sync 1 DAGs
[2024-05-20T19:09:25.947+0200] {logging_mixin.py:188} INFO - [2024-05-20T19:09:25.947+0200] {dag.py:3954} INFO - Setting next_dagrun for example_sla_dag to 2024-05-20 17:06:00+00:00, run_after=2024-05-20 17:08:00+00:00
[2024-05-20T19:09:25.974+0200] {processor.py:183} INFO - Processing /home/munya/anaconda3/lib/python3.11/site-packages/airflow/example_dags/example_sla_dag.py took 0.094 seconds
[2024-05-20T19:10:23.971+0200] {processor.py:161} INFO - Started process (PID=100369) to work on /home/munya/anaconda3/lib/python3.11/site-packages/airflow/example_dags/example_sla_dag.py
[2024-05-20T19:10:23.972+0200] {processor.py:830} INFO - Processing file /home/munya/anaconda3/lib/python3.11/site-packages/airflow/example_dags/example_sla_dag.py for tasks to queue
[2024-05-20T19:10:23.974+0200] {logging_mixin.py:188} INFO - [2024-05-20T19:10:23.973+0200] {dagbag.py:545} INFO - Filling up the DagBag from /home/munya/anaconda3/lib/python3.11/site-packages/airflow/example_dags/example_sla_dag.py
[2024-05-20T19:10:23.983+0200] {processor.py:840} INFO - DAG(s) 'example_sla_dag' retrieved from /home/munya/anaconda3/lib/python3.11/site-packages/airflow/example_dags/example_sla_dag.py
[2024-05-20T19:10:23.996+0200] {logging_mixin.py:188} INFO - [2024-05-20T19:10:23.996+0200] {dag.py:3096} INFO - Sync 1 DAGs
[2024-05-20T19:10:24.017+0200] {logging_mixin.py:188} INFO - [2024-05-20T19:10:24.016+0200] {dag.py:3954} INFO - Setting next_dagrun for example_sla_dag to 2024-05-20 17:08:00+00:00, run_after=2024-05-20 17:10:00+00:00
[2024-05-20T19:10:24.038+0200] {processor.py:183} INFO - Processing /home/munya/anaconda3/lib/python3.11/site-packages/airflow/example_dags/example_sla_dag.py took 0.073 seconds
[2024-05-20T19:11:24.619+0200] {processor.py:161} INFO - Started process (PID=101377) to work on /home/munya/anaconda3/lib/python3.11/site-packages/airflow/example_dags/example_sla_dag.py
[2024-05-20T19:11:24.620+0200] {processor.py:830} INFO - Processing file /home/munya/anaconda3/lib/python3.11/site-packages/airflow/example_dags/example_sla_dag.py for tasks to queue
[2024-05-20T19:11:24.621+0200] {logging_mixin.py:188} INFO - [2024-05-20T19:11:24.621+0200] {dagbag.py:545} INFO - Filling up the DagBag from /home/munya/anaconda3/lib/python3.11/site-packages/airflow/example_dags/example_sla_dag.py
[2024-05-20T19:11:24.630+0200] {processor.py:840} INFO - DAG(s) 'example_sla_dag' retrieved from /home/munya/anaconda3/lib/python3.11/site-packages/airflow/example_dags/example_sla_dag.py
[2024-05-20T19:11:24.643+0200] {logging_mixin.py:188} INFO - [2024-05-20T19:11:24.643+0200] {dag.py:3096} INFO - Sync 1 DAGs
[2024-05-20T19:11:24.666+0200] {logging_mixin.py:188} INFO - [2024-05-20T19:11:24.666+0200] {dag.py:3954} INFO - Setting next_dagrun for example_sla_dag to 2024-05-20 17:08:00+00:00, run_after=2024-05-20 17:10:00+00:00
[2024-05-20T19:11:24.685+0200] {processor.py:183} INFO - Processing /home/munya/anaconda3/lib/python3.11/site-packages/airflow/example_dags/example_sla_dag.py took 0.071 seconds
[2024-05-20T19:12:25.914+0200] {processor.py:161} INFO - Started process (PID=102542) to work on /home/munya/anaconda3/lib/python3.11/site-packages/airflow/example_dags/example_sla_dag.py
[2024-05-20T19:12:25.915+0200] {processor.py:830} INFO - Processing file /home/munya/anaconda3/lib/python3.11/site-packages/airflow/example_dags/example_sla_dag.py for tasks to queue
[2024-05-20T19:12:25.916+0200] {logging_mixin.py:188} INFO - [2024-05-20T19:12:25.916+0200] {dagbag.py:545} INFO - Filling up the DagBag from /home/munya/anaconda3/lib/python3.11/site-packages/airflow/example_dags/example_sla_dag.py
[2024-05-20T19:12:25.924+0200] {processor.py:840} INFO - DAG(s) 'example_sla_dag' retrieved from /home/munya/anaconda3/lib/python3.11/site-packages/airflow/example_dags/example_sla_dag.py
[2024-05-20T19:12:25.936+0200] {logging_mixin.py:188} INFO - [2024-05-20T19:12:25.936+0200] {dag.py:3096} INFO - Sync 1 DAGs
[2024-05-20T19:12:25.953+0200] {logging_mixin.py:188} INFO - [2024-05-20T19:12:25.953+0200] {dag.py:3954} INFO - Setting next_dagrun for example_sla_dag to 2024-05-20 17:10:00+00:00, run_after=2024-05-20 17:12:00+00:00
[2024-05-20T19:12:26.069+0200] {processor.py:183} INFO - Processing /home/munya/anaconda3/lib/python3.11/site-packages/airflow/example_dags/example_sla_dag.py took 0.160 seconds
[2024-05-20T19:13:33.624+0200] {processor.py:161} INFO - Started process (PID=103734) to work on /home/munya/anaconda3/lib/python3.11/site-packages/airflow/example_dags/example_sla_dag.py
[2024-05-20T19:13:33.625+0200] {processor.py:830} INFO - Processing file /home/munya/anaconda3/lib/python3.11/site-packages/airflow/example_dags/example_sla_dag.py for tasks to queue
[2024-05-20T19:13:33.626+0200] {logging_mixin.py:188} INFO - [2024-05-20T19:13:33.626+0200] {dagbag.py:545} INFO - Filling up the DagBag from /home/munya/anaconda3/lib/python3.11/site-packages/airflow/example_dags/example_sla_dag.py
[2024-05-20T19:13:33.637+0200] {processor.py:840} INFO - DAG(s) 'example_sla_dag' retrieved from /home/munya/anaconda3/lib/python3.11/site-packages/airflow/example_dags/example_sla_dag.py
[2024-05-20T19:13:33.656+0200] {logging_mixin.py:188} INFO - [2024-05-20T19:13:33.655+0200] {dag.py:3096} INFO - Sync 1 DAGs
[2024-05-20T19:13:33.684+0200] {logging_mixin.py:188} INFO - [2024-05-20T19:13:33.684+0200] {dag.py:3954} INFO - Setting next_dagrun for example_sla_dag to 2024-05-20 17:10:00+00:00, run_after=2024-05-20 17:12:00+00:00
[2024-05-20T19:13:33.708+0200] {processor.py:183} INFO - Processing /home/munya/anaconda3/lib/python3.11/site-packages/airflow/example_dags/example_sla_dag.py took 0.092 seconds
[2024-05-20T19:14:41.353+0200] {processor.py:161} INFO - Started process (PID=104855) to work on /home/munya/anaconda3/lib/python3.11/site-packages/airflow/example_dags/example_sla_dag.py
[2024-05-20T19:14:41.354+0200] {processor.py:830} INFO - Processing file /home/munya/anaconda3/lib/python3.11/site-packages/airflow/example_dags/example_sla_dag.py for tasks to queue
[2024-05-20T19:14:41.355+0200] {logging_mixin.py:188} INFO - [2024-05-20T19:14:41.355+0200] {dagbag.py:545} INFO - Filling up the DagBag from /home/munya/anaconda3/lib/python3.11/site-packages/airflow/example_dags/example_sla_dag.py
[2024-05-20T19:14:41.362+0200] {processor.py:840} INFO - DAG(s) 'example_sla_dag' retrieved from /home/munya/anaconda3/lib/python3.11/site-packages/airflow/example_dags/example_sla_dag.py
[2024-05-20T19:14:41.380+0200] {logging_mixin.py:188} INFO - [2024-05-20T19:14:41.380+0200] {dag.py:3096} INFO - Sync 1 DAGs
[2024-05-20T19:14:41.398+0200] {logging_mixin.py:188} INFO - [2024-05-20T19:14:41.398+0200] {dag.py:3954} INFO - Setting next_dagrun for example_sla_dag to 2024-05-20 17:12:00+00:00, run_after=2024-05-20 17:14:00+00:00
[2024-05-20T19:14:41.414+0200] {processor.py:183} INFO - Processing /home/munya/anaconda3/lib/python3.11/site-packages/airflow/example_dags/example_sla_dag.py took 0.068 seconds
[2024-05-20T19:15:40.713+0200] {processor.py:161} INFO - Started process (PID=105859) to work on /home/munya/anaconda3/lib/python3.11/site-packages/airflow/example_dags/example_sla_dag.py
[2024-05-20T19:15:40.715+0200] {processor.py:830} INFO - Processing file /home/munya/anaconda3/lib/python3.11/site-packages/airflow/example_dags/example_sla_dag.py for tasks to queue
[2024-05-20T19:15:40.716+0200] {logging_mixin.py:188} INFO - [2024-05-20T19:15:40.716+0200] {dagbag.py:545} INFO - Filling up the DagBag from /home/munya/anaconda3/lib/python3.11/site-packages/airflow/example_dags/example_sla_dag.py
[2024-05-20T19:15:40.733+0200] {processor.py:840} INFO - DAG(s) 'example_sla_dag' retrieved from /home/munya/anaconda3/lib/python3.11/site-packages/airflow/example_dags/example_sla_dag.py
[2024-05-20T19:15:40.758+0200] {logging_mixin.py:188} INFO - [2024-05-20T19:15:40.758+0200] {dag.py:3096} INFO - Sync 1 DAGs
[2024-05-20T19:15:40.787+0200] {logging_mixin.py:188} INFO - [2024-05-20T19:15:40.787+0200] {dag.py:3954} INFO - Setting next_dagrun for example_sla_dag to 2024-05-20 17:12:00+00:00, run_after=2024-05-20 17:14:00+00:00
[2024-05-20T19:15:40.810+0200] {processor.py:183} INFO - Processing /home/munya/anaconda3/lib/python3.11/site-packages/airflow/example_dags/example_sla_dag.py took 0.105 seconds
[2024-05-20T19:16:50.334+0200] {processor.py:161} INFO - Started process (PID=106984) to work on /home/munya/anaconda3/lib/python3.11/site-packages/airflow/example_dags/example_sla_dag.py
[2024-05-20T19:16:50.337+0200] {processor.py:830} INFO - Processing file /home/munya/anaconda3/lib/python3.11/site-packages/airflow/example_dags/example_sla_dag.py for tasks to queue
[2024-05-20T19:16:50.340+0200] {logging_mixin.py:188} INFO - [2024-05-20T19:16:50.339+0200] {dagbag.py:545} INFO - Filling up the DagBag from /home/munya/anaconda3/lib/python3.11/site-packages/airflow/example_dags/example_sla_dag.py
[2024-05-20T19:16:50.688+0200] {processor.py:840} INFO - DAG(s) 'example_sla_dag' retrieved from /home/munya/anaconda3/lib/python3.11/site-packages/airflow/example_dags/example_sla_dag.py
[2024-05-20T19:16:50.731+0200] {logging_mixin.py:188} INFO - [2024-05-20T19:16:50.730+0200] {dag.py:3096} INFO - Sync 1 DAGs
[2024-05-20T19:16:50.824+0200] {logging_mixin.py:188} INFO - [2024-05-20T19:16:50.823+0200] {dag.py:3954} INFO - Setting next_dagrun for example_sla_dag to 2024-05-20 17:14:00+00:00, run_after=2024-05-20 17:16:00+00:00
[2024-05-20T19:16:50.896+0200] {processor.py:183} INFO - Processing /home/munya/anaconda3/lib/python3.11/site-packages/airflow/example_dags/example_sla_dag.py took 0.583 seconds
[2024-05-20T19:18:44.056+0200] {processor.py:161} INFO - Started process (PID=108847) to work on /home/munya/anaconda3/lib/python3.11/site-packages/airflow/example_dags/example_sla_dag.py
[2024-05-20T19:18:44.058+0200] {processor.py:830} INFO - Processing file /home/munya/anaconda3/lib/python3.11/site-packages/airflow/example_dags/example_sla_dag.py for tasks to queue
[2024-05-20T19:18:44.058+0200] {logging_mixin.py:188} INFO - [2024-05-20T19:18:44.058+0200] {dagbag.py:545} INFO - Filling up the DagBag from /home/munya/anaconda3/lib/python3.11/site-packages/airflow/example_dags/example_sla_dag.py
[2024-05-20T19:18:44.066+0200] {processor.py:840} INFO - DAG(s) 'example_sla_dag' retrieved from /home/munya/anaconda3/lib/python3.11/site-packages/airflow/example_dags/example_sla_dag.py
[2024-05-20T19:18:44.078+0200] {logging_mixin.py:188} INFO - [2024-05-20T19:18:44.078+0200] {dag.py:3096} INFO - Sync 1 DAGs
[2024-05-20T19:18:44.095+0200] {logging_mixin.py:188} INFO - [2024-05-20T19:18:44.095+0200] {dag.py:3954} INFO - Setting next_dagrun for example_sla_dag to 2024-05-20 17:16:00+00:00, run_after=2024-05-20 17:18:00+00:00
[2024-05-20T19:18:44.341+0200] {processor.py:183} INFO - Processing /home/munya/anaconda3/lib/python3.11/site-packages/airflow/example_dags/example_sla_dag.py took 0.290 seconds
[2024-05-20T19:19:52.914+0200] {processor.py:161} INFO - Started process (PID=109988) to work on /home/munya/anaconda3/lib/python3.11/site-packages/airflow/example_dags/example_sla_dag.py
[2024-05-20T19:19:52.915+0200] {processor.py:830} INFO - Processing file /home/munya/anaconda3/lib/python3.11/site-packages/airflow/example_dags/example_sla_dag.py for tasks to queue
[2024-05-20T19:19:52.917+0200] {logging_mixin.py:188} INFO - [2024-05-20T19:19:52.916+0200] {dagbag.py:545} INFO - Filling up the DagBag from /home/munya/anaconda3/lib/python3.11/site-packages/airflow/example_dags/example_sla_dag.py
[2024-05-20T19:19:52.926+0200] {processor.py:840} INFO - DAG(s) 'example_sla_dag' retrieved from /home/munya/anaconda3/lib/python3.11/site-packages/airflow/example_dags/example_sla_dag.py
[2024-05-20T19:19:52.938+0200] {logging_mixin.py:188} INFO - [2024-05-20T19:19:52.938+0200] {dag.py:3096} INFO - Sync 1 DAGs
[2024-05-20T19:19:52.955+0200] {logging_mixin.py:188} INFO - [2024-05-20T19:19:52.954+0200] {dag.py:3954} INFO - Setting next_dagrun for example_sla_dag to 2024-05-20 17:16:00+00:00, run_after=2024-05-20 17:18:00+00:00
[2024-05-20T19:19:52.975+0200] {processor.py:183} INFO - Processing /home/munya/anaconda3/lib/python3.11/site-packages/airflow/example_dags/example_sla_dag.py took 0.066 seconds
[2024-05-20T19:20:51.708+0200] {processor.py:161} INFO - Started process (PID=110981) to work on /home/munya/anaconda3/lib/python3.11/site-packages/airflow/example_dags/example_sla_dag.py
[2024-05-20T19:20:51.709+0200] {processor.py:830} INFO - Processing file /home/munya/anaconda3/lib/python3.11/site-packages/airflow/example_dags/example_sla_dag.py for tasks to queue
[2024-05-20T19:20:51.710+0200] {logging_mixin.py:188} INFO - [2024-05-20T19:20:51.710+0200] {dagbag.py:545} INFO - Filling up the DagBag from /home/munya/anaconda3/lib/python3.11/site-packages/airflow/example_dags/example_sla_dag.py
[2024-05-20T19:20:51.721+0200] {processor.py:840} INFO - DAG(s) 'example_sla_dag' retrieved from /home/munya/anaconda3/lib/python3.11/site-packages/airflow/example_dags/example_sla_dag.py
[2024-05-20T19:20:51.739+0200] {logging_mixin.py:188} INFO - [2024-05-20T19:20:51.739+0200] {dag.py:3096} INFO - Sync 1 DAGs
[2024-05-20T19:20:51.768+0200] {logging_mixin.py:188} INFO - [2024-05-20T19:20:51.768+0200] {dag.py:3954} INFO - Setting next_dagrun for example_sla_dag to 2024-05-20 17:18:00+00:00, run_after=2024-05-20 17:20:00+00:00
[2024-05-20T19:20:51.791+0200] {processor.py:183} INFO - Processing /home/munya/anaconda3/lib/python3.11/site-packages/airflow/example_dags/example_sla_dag.py took 0.090 seconds
[2024-05-20T19:22:03.563+0200] {processor.py:161} INFO - Started process (PID=112126) to work on /home/munya/anaconda3/lib/python3.11/site-packages/airflow/example_dags/example_sla_dag.py
[2024-05-20T19:22:03.564+0200] {processor.py:830} INFO - Processing file /home/munya/anaconda3/lib/python3.11/site-packages/airflow/example_dags/example_sla_dag.py for tasks to queue
[2024-05-20T19:22:03.565+0200] {logging_mixin.py:188} INFO - [2024-05-20T19:22:03.564+0200] {dagbag.py:545} INFO - Filling up the DagBag from /home/munya/anaconda3/lib/python3.11/site-packages/airflow/example_dags/example_sla_dag.py
[2024-05-20T19:22:03.572+0200] {processor.py:840} INFO - DAG(s) 'example_sla_dag' retrieved from /home/munya/anaconda3/lib/python3.11/site-packages/airflow/example_dags/example_sla_dag.py
[2024-05-20T19:22:03.587+0200] {logging_mixin.py:188} INFO - [2024-05-20T19:22:03.587+0200] {dag.py:3096} INFO - Sync 1 DAGs
[2024-05-20T19:22:03.607+0200] {logging_mixin.py:188} INFO - [2024-05-20T19:22:03.607+0200] {dag.py:3954} INFO - Setting next_dagrun for example_sla_dag to 2024-05-20 17:20:00+00:00, run_after=2024-05-20 17:22:00+00:00
[2024-05-20T19:22:03.622+0200] {processor.py:183} INFO - Processing /home/munya/anaconda3/lib/python3.11/site-packages/airflow/example_dags/example_sla_dag.py took 0.067 seconds
[2024-05-20T19:23:15.627+0200] {processor.py:161} INFO - Started process (PID=113334) to work on /home/munya/anaconda3/lib/python3.11/site-packages/airflow/example_dags/example_sla_dag.py
[2024-05-20T19:23:15.628+0200] {processor.py:830} INFO - Processing file /home/munya/anaconda3/lib/python3.11/site-packages/airflow/example_dags/example_sla_dag.py for tasks to queue
[2024-05-20T19:23:15.630+0200] {logging_mixin.py:188} INFO - [2024-05-20T19:23:15.629+0200] {dagbag.py:545} INFO - Filling up the DagBag from /home/munya/anaconda3/lib/python3.11/site-packages/airflow/example_dags/example_sla_dag.py
[2024-05-20T19:23:15.637+0200] {processor.py:840} INFO - DAG(s) 'example_sla_dag' retrieved from /home/munya/anaconda3/lib/python3.11/site-packages/airflow/example_dags/example_sla_dag.py
[2024-05-20T19:23:15.652+0200] {logging_mixin.py:188} INFO - [2024-05-20T19:23:15.651+0200] {dag.py:3096} INFO - Sync 1 DAGs
[2024-05-20T19:23:15.668+0200] {logging_mixin.py:188} INFO - [2024-05-20T19:23:15.668+0200] {dag.py:3954} INFO - Setting next_dagrun for example_sla_dag to 2024-05-20 17:20:00+00:00, run_after=2024-05-20 17:22:00+00:00
[2024-05-20T19:23:15.684+0200] {processor.py:183} INFO - Processing /home/munya/anaconda3/lib/python3.11/site-packages/airflow/example_dags/example_sla_dag.py took 0.062 seconds
[2024-05-20T19:24:14.086+0200] {processor.py:161} INFO - Started process (PID=114252) to work on /home/munya/anaconda3/lib/python3.11/site-packages/airflow/example_dags/example_sla_dag.py
[2024-05-20T19:24:14.087+0200] {processor.py:830} INFO - Processing file /home/munya/anaconda3/lib/python3.11/site-packages/airflow/example_dags/example_sla_dag.py for tasks to queue
[2024-05-20T19:24:14.088+0200] {logging_mixin.py:188} INFO - [2024-05-20T19:24:14.088+0200] {dagbag.py:545} INFO - Filling up the DagBag from /home/munya/anaconda3/lib/python3.11/site-packages/airflow/example_dags/example_sla_dag.py
[2024-05-20T19:24:14.096+0200] {processor.py:840} INFO - DAG(s) 'example_sla_dag' retrieved from /home/munya/anaconda3/lib/python3.11/site-packages/airflow/example_dags/example_sla_dag.py
[2024-05-20T19:24:14.109+0200] {logging_mixin.py:188} INFO - [2024-05-20T19:24:14.109+0200] {dag.py:3096} INFO - Sync 1 DAGs
[2024-05-20T19:24:14.128+0200] {logging_mixin.py:188} INFO - [2024-05-20T19:24:14.127+0200] {dag.py:3954} INFO - Setting next_dagrun for example_sla_dag to 2024-05-20 17:22:00+00:00, run_after=2024-05-20 17:24:00+00:00
[2024-05-20T19:24:14.143+0200] {processor.py:183} INFO - Processing /home/munya/anaconda3/lib/python3.11/site-packages/airflow/example_dags/example_sla_dag.py took 0.063 seconds
[2024-05-20T19:25:20.277+0200] {processor.py:161} INFO - Started process (PID=115291) to work on /home/munya/anaconda3/lib/python3.11/site-packages/airflow/example_dags/example_sla_dag.py
[2024-05-20T19:25:20.278+0200] {processor.py:830} INFO - Processing file /home/munya/anaconda3/lib/python3.11/site-packages/airflow/example_dags/example_sla_dag.py for tasks to queue
[2024-05-20T19:25:20.279+0200] {logging_mixin.py:188} INFO - [2024-05-20T19:25:20.279+0200] {dagbag.py:545} INFO - Filling up the DagBag from /home/munya/anaconda3/lib/python3.11/site-packages/airflow/example_dags/example_sla_dag.py
[2024-05-20T19:25:20.286+0200] {processor.py:840} INFO - DAG(s) 'example_sla_dag' retrieved from /home/munya/anaconda3/lib/python3.11/site-packages/airflow/example_dags/example_sla_dag.py
[2024-05-20T19:25:20.299+0200] {logging_mixin.py:188} INFO - [2024-05-20T19:25:20.299+0200] {dag.py:3096} INFO - Sync 1 DAGs
[2024-05-20T19:25:20.315+0200] {logging_mixin.py:188} INFO - [2024-05-20T19:25:20.315+0200] {dag.py:3954} INFO - Setting next_dagrun for example_sla_dag to 2024-05-20 17:22:00+00:00, run_after=2024-05-20 17:24:00+00:00
[2024-05-20T19:25:20.332+0200] {processor.py:183} INFO - Processing /home/munya/anaconda3/lib/python3.11/site-packages/airflow/example_dags/example_sla_dag.py took 0.060 seconds
[2024-05-20T19:26:18.405+0200] {processor.py:161} INFO - Started process (PID=116218) to work on /home/munya/anaconda3/lib/python3.11/site-packages/airflow/example_dags/example_sla_dag.py
[2024-05-20T19:26:18.409+0200] {processor.py:830} INFO - Processing file /home/munya/anaconda3/lib/python3.11/site-packages/airflow/example_dags/example_sla_dag.py for tasks to queue
[2024-05-20T19:26:18.412+0200] {logging_mixin.py:188} INFO - [2024-05-20T19:26:18.410+0200] {dagbag.py:545} INFO - Filling up the DagBag from /home/munya/anaconda3/lib/python3.11/site-packages/airflow/example_dags/example_sla_dag.py
[2024-05-20T19:26:18.448+0200] {processor.py:840} INFO - DAG(s) 'example_sla_dag' retrieved from /home/munya/anaconda3/lib/python3.11/site-packages/airflow/example_dags/example_sla_dag.py
[2024-05-20T19:26:18.507+0200] {logging_mixin.py:188} INFO - [2024-05-20T19:26:18.506+0200] {dag.py:3096} INFO - Sync 1 DAGs
[2024-05-20T19:26:18.583+0200] {logging_mixin.py:188} INFO - [2024-05-20T19:26:18.582+0200] {dag.py:3954} INFO - Setting next_dagrun for example_sla_dag to 2024-05-20 17:24:00+00:00, run_after=2024-05-20 17:26:00+00:00
[2024-05-20T19:26:18.601+0200] {processor.py:183} INFO - Processing /home/munya/anaconda3/lib/python3.11/site-packages/airflow/example_dags/example_sla_dag.py took 0.220 seconds
[2024-05-20T19:27:19.955+0200] {processor.py:161} INFO - Started process (PID=117241) to work on /home/munya/anaconda3/lib/python3.11/site-packages/airflow/example_dags/example_sla_dag.py
[2024-05-20T19:27:19.956+0200] {processor.py:830} INFO - Processing file /home/munya/anaconda3/lib/python3.11/site-packages/airflow/example_dags/example_sla_dag.py for tasks to queue
[2024-05-20T19:27:19.957+0200] {logging_mixin.py:188} INFO - [2024-05-20T19:27:19.957+0200] {dagbag.py:545} INFO - Filling up the DagBag from /home/munya/anaconda3/lib/python3.11/site-packages/airflow/example_dags/example_sla_dag.py
[2024-05-20T19:27:19.965+0200] {processor.py:840} INFO - DAG(s) 'example_sla_dag' retrieved from /home/munya/anaconda3/lib/python3.11/site-packages/airflow/example_dags/example_sla_dag.py
[2024-05-20T19:27:19.979+0200] {logging_mixin.py:188} INFO - [2024-05-20T19:27:19.979+0200] {dag.py:3096} INFO - Sync 1 DAGs
[2024-05-20T19:27:19.998+0200] {logging_mixin.py:188} INFO - [2024-05-20T19:27:19.998+0200] {dag.py:3954} INFO - Setting next_dagrun for example_sla_dag to 2024-05-20 17:24:00+00:00, run_after=2024-05-20 17:26:00+00:00
[2024-05-20T19:27:20.016+0200] {processor.py:183} INFO - Processing /home/munya/anaconda3/lib/python3.11/site-packages/airflow/example_dags/example_sla_dag.py took 0.067 seconds
[2024-05-20T19:28:22.065+0200] {processor.py:161} INFO - Started process (PID=118267) to work on /home/munya/anaconda3/lib/python3.11/site-packages/airflow/example_dags/example_sla_dag.py
[2024-05-20T19:28:22.066+0200] {processor.py:830} INFO - Processing file /home/munya/anaconda3/lib/python3.11/site-packages/airflow/example_dags/example_sla_dag.py for tasks to queue
[2024-05-20T19:28:22.067+0200] {logging_mixin.py:188} INFO - [2024-05-20T19:28:22.067+0200] {dagbag.py:545} INFO - Filling up the DagBag from /home/munya/anaconda3/lib/python3.11/site-packages/airflow/example_dags/example_sla_dag.py
[2024-05-20T19:28:22.078+0200] {processor.py:840} INFO - DAG(s) 'example_sla_dag' retrieved from /home/munya/anaconda3/lib/python3.11/site-packages/airflow/example_dags/example_sla_dag.py
[2024-05-20T19:28:22.094+0200] {logging_mixin.py:188} INFO - [2024-05-20T19:28:22.094+0200] {dag.py:3096} INFO - Sync 1 DAGs
[2024-05-20T19:28:22.118+0200] {logging_mixin.py:188} INFO - [2024-05-20T19:28:22.118+0200] {dag.py:3954} INFO - Setting next_dagrun for example_sla_dag to 2024-05-20 17:26:00+00:00, run_after=2024-05-20 17:28:00+00:00
[2024-05-20T19:28:22.142+0200] {processor.py:183} INFO - Processing /home/munya/anaconda3/lib/python3.11/site-packages/airflow/example_dags/example_sla_dag.py took 0.083 seconds
[2024-05-20T19:29:42.893+0200] {processor.py:161} INFO - Started process (PID=119740) to work on /home/munya/anaconda3/lib/python3.11/site-packages/airflow/example_dags/example_sla_dag.py
[2024-05-20T19:29:42.899+0200] {processor.py:830} INFO - Processing file /home/munya/anaconda3/lib/python3.11/site-packages/airflow/example_dags/example_sla_dag.py for tasks to queue
[2024-05-20T19:29:42.907+0200] {logging_mixin.py:188} INFO - [2024-05-20T19:29:42.905+0200] {dagbag.py:545} INFO - Filling up the DagBag from /home/munya/anaconda3/lib/python3.11/site-packages/airflow/example_dags/example_sla_dag.py
[2024-05-20T19:29:42.985+0200] {processor.py:840} INFO - DAG(s) 'example_sla_dag' retrieved from /home/munya/anaconda3/lib/python3.11/site-packages/airflow/example_dags/example_sla_dag.py
[2024-05-20T19:29:43.060+0200] {logging_mixin.py:188} INFO - [2024-05-20T19:29:43.060+0200] {dag.py:3096} INFO - Sync 1 DAGs
[2024-05-20T19:29:43.173+0200] {logging_mixin.py:188} INFO - [2024-05-20T19:29:43.173+0200] {dag.py:3954} INFO - Setting next_dagrun for example_sla_dag to 2024-05-20 17:26:00+00:00, run_after=2024-05-20 17:28:00+00:00
[2024-05-20T19:29:43.252+0200] {processor.py:183} INFO - Processing /home/munya/anaconda3/lib/python3.11/site-packages/airflow/example_dags/example_sla_dag.py took 0.386 seconds
[2024-05-20T19:30:58.007+0200] {processor.py:161} INFO - Started process (PID=120938) to work on /home/munya/anaconda3/lib/python3.11/site-packages/airflow/example_dags/example_sla_dag.py
[2024-05-20T19:30:58.008+0200] {processor.py:830} INFO - Processing file /home/munya/anaconda3/lib/python3.11/site-packages/airflow/example_dags/example_sla_dag.py for tasks to queue
[2024-05-20T19:30:58.009+0200] {logging_mixin.py:188} INFO - [2024-05-20T19:30:58.009+0200] {dagbag.py:545} INFO - Filling up the DagBag from /home/munya/anaconda3/lib/python3.11/site-packages/airflow/example_dags/example_sla_dag.py
[2024-05-20T19:30:58.016+0200] {processor.py:840} INFO - DAG(s) 'example_sla_dag' retrieved from /home/munya/anaconda3/lib/python3.11/site-packages/airflow/example_dags/example_sla_dag.py
[2024-05-20T19:30:58.030+0200] {logging_mixin.py:188} INFO - [2024-05-20T19:30:58.030+0200] {dag.py:3096} INFO - Sync 1 DAGs
[2024-05-20T19:30:58.056+0200] {logging_mixin.py:188} INFO - [2024-05-20T19:30:58.056+0200] {dag.py:3954} INFO - Setting next_dagrun for example_sla_dag to 2024-05-20 17:28:00+00:00, run_after=2024-05-20 17:30:00+00:00
[2024-05-20T19:30:58.087+0200] {processor.py:183} INFO - Processing /home/munya/anaconda3/lib/python3.11/site-packages/airflow/example_dags/example_sla_dag.py took 0.085 seconds
[2024-05-20T19:31:59.904+0200] {processor.py:161} INFO - Started process (PID=121916) to work on /home/munya/anaconda3/lib/python3.11/site-packages/airflow/example_dags/example_sla_dag.py
[2024-05-20T19:31:59.905+0200] {processor.py:830} INFO - Processing file /home/munya/anaconda3/lib/python3.11/site-packages/airflow/example_dags/example_sla_dag.py for tasks to queue
[2024-05-20T19:31:59.906+0200] {logging_mixin.py:188} INFO - [2024-05-20T19:31:59.906+0200] {dagbag.py:545} INFO - Filling up the DagBag from /home/munya/anaconda3/lib/python3.11/site-packages/airflow/example_dags/example_sla_dag.py
[2024-05-20T19:31:59.913+0200] {processor.py:840} INFO - DAG(s) 'example_sla_dag' retrieved from /home/munya/anaconda3/lib/python3.11/site-packages/airflow/example_dags/example_sla_dag.py
[2024-05-20T19:31:59.925+0200] {logging_mixin.py:188} INFO - [2024-05-20T19:31:59.925+0200] {dag.py:3096} INFO - Sync 1 DAGs
[2024-05-20T19:31:59.942+0200] {logging_mixin.py:188} INFO - [2024-05-20T19:31:59.942+0200] {dag.py:3954} INFO - Setting next_dagrun for example_sla_dag to 2024-05-20 17:28:00+00:00, run_after=2024-05-20 17:30:00+00:00
[2024-05-20T19:31:59.958+0200] {processor.py:183} INFO - Processing /home/munya/anaconda3/lib/python3.11/site-packages/airflow/example_dags/example_sla_dag.py took 0.058 seconds
[2024-05-20T19:33:06.188+0200] {processor.py:161} INFO - Started process (PID=122960) to work on /home/munya/anaconda3/lib/python3.11/site-packages/airflow/example_dags/example_sla_dag.py
[2024-05-20T19:33:06.189+0200] {processor.py:830} INFO - Processing file /home/munya/anaconda3/lib/python3.11/site-packages/airflow/example_dags/example_sla_dag.py for tasks to queue
[2024-05-20T19:33:06.190+0200] {logging_mixin.py:188} INFO - [2024-05-20T19:33:06.190+0200] {dagbag.py:545} INFO - Filling up the DagBag from /home/munya/anaconda3/lib/python3.11/site-packages/airflow/example_dags/example_sla_dag.py
[2024-05-20T19:33:06.197+0200] {processor.py:840} INFO - DAG(s) 'example_sla_dag' retrieved from /home/munya/anaconda3/lib/python3.11/site-packages/airflow/example_dags/example_sla_dag.py
[2024-05-20T19:33:06.212+0200] {logging_mixin.py:188} INFO - [2024-05-20T19:33:06.212+0200] {dag.py:3096} INFO - Sync 1 DAGs
[2024-05-20T19:33:06.228+0200] {logging_mixin.py:188} INFO - [2024-05-20T19:33:06.228+0200] {dag.py:3954} INFO - Setting next_dagrun for example_sla_dag to 2024-05-20 17:30:00+00:00, run_after=2024-05-20 17:32:00+00:00
[2024-05-20T19:33:06.243+0200] {processor.py:183} INFO - Processing /home/munya/anaconda3/lib/python3.11/site-packages/airflow/example_dags/example_sla_dag.py took 0.060 seconds
[2024-05-20T19:34:06.407+0200] {processor.py:161} INFO - Started process (PID=123950) to work on /home/munya/anaconda3/lib/python3.11/site-packages/airflow/example_dags/example_sla_dag.py
[2024-05-20T19:34:06.408+0200] {processor.py:830} INFO - Processing file /home/munya/anaconda3/lib/python3.11/site-packages/airflow/example_dags/example_sla_dag.py for tasks to queue
[2024-05-20T19:34:06.409+0200] {logging_mixin.py:188} INFO - [2024-05-20T19:34:06.408+0200] {dagbag.py:545} INFO - Filling up the DagBag from /home/munya/anaconda3/lib/python3.11/site-packages/airflow/example_dags/example_sla_dag.py
[2024-05-20T19:34:06.416+0200] {processor.py:840} INFO - DAG(s) 'example_sla_dag' retrieved from /home/munya/anaconda3/lib/python3.11/site-packages/airflow/example_dags/example_sla_dag.py
[2024-05-20T19:34:06.430+0200] {logging_mixin.py:188} INFO - [2024-05-20T19:34:06.429+0200] {dag.py:3096} INFO - Sync 1 DAGs
[2024-05-20T19:34:06.449+0200] {logging_mixin.py:188} INFO - [2024-05-20T19:34:06.448+0200] {dag.py:3954} INFO - Setting next_dagrun for example_sla_dag to 2024-05-20 17:32:00+00:00, run_after=2024-05-20 17:34:00+00:00
[2024-05-20T19:34:06.467+0200] {processor.py:183} INFO - Processing /home/munya/anaconda3/lib/python3.11/site-packages/airflow/example_dags/example_sla_dag.py took 0.065 seconds
[2024-05-20T19:35:16.644+0200] {processor.py:161} INFO - Started process (PID=125084) to work on /home/munya/anaconda3/lib/python3.11/site-packages/airflow/example_dags/example_sla_dag.py
[2024-05-20T19:35:16.645+0200] {processor.py:830} INFO - Processing file /home/munya/anaconda3/lib/python3.11/site-packages/airflow/example_dags/example_sla_dag.py for tasks to queue
[2024-05-20T19:35:16.646+0200] {logging_mixin.py:188} INFO - [2024-05-20T19:35:16.646+0200] {dagbag.py:545} INFO - Filling up the DagBag from /home/munya/anaconda3/lib/python3.11/site-packages/airflow/example_dags/example_sla_dag.py
[2024-05-20T19:35:16.654+0200] {processor.py:840} INFO - DAG(s) 'example_sla_dag' retrieved from /home/munya/anaconda3/lib/python3.11/site-packages/airflow/example_dags/example_sla_dag.py
[2024-05-20T19:35:16.667+0200] {logging_mixin.py:188} INFO - [2024-05-20T19:35:16.667+0200] {dag.py:3096} INFO - Sync 1 DAGs
[2024-05-20T19:35:16.685+0200] {logging_mixin.py:188} INFO - [2024-05-20T19:35:16.685+0200] {dag.py:3954} INFO - Setting next_dagrun for example_sla_dag to 2024-05-20 17:32:00+00:00, run_after=2024-05-20 17:34:00+00:00
[2024-05-20T19:35:16.706+0200] {processor.py:183} INFO - Processing /home/munya/anaconda3/lib/python3.11/site-packages/airflow/example_dags/example_sla_dag.py took 0.067 seconds
[2024-05-20T19:36:18.194+0200] {processor.py:161} INFO - Started process (PID=126082) to work on /home/munya/anaconda3/lib/python3.11/site-packages/airflow/example_dags/example_sla_dag.py
[2024-05-20T19:36:18.195+0200] {processor.py:830} INFO - Processing file /home/munya/anaconda3/lib/python3.11/site-packages/airflow/example_dags/example_sla_dag.py for tasks to queue
[2024-05-20T19:36:18.196+0200] {logging_mixin.py:188} INFO - [2024-05-20T19:36:18.195+0200] {dagbag.py:545} INFO - Filling up the DagBag from /home/munya/anaconda3/lib/python3.11/site-packages/airflow/example_dags/example_sla_dag.py
[2024-05-20T19:36:18.203+0200] {processor.py:840} INFO - DAG(s) 'example_sla_dag' retrieved from /home/munya/anaconda3/lib/python3.11/site-packages/airflow/example_dags/example_sla_dag.py
[2024-05-20T19:36:18.217+0200] {logging_mixin.py:188} INFO - [2024-05-20T19:36:18.217+0200] {dag.py:3096} INFO - Sync 1 DAGs
[2024-05-20T19:36:18.234+0200] {logging_mixin.py:188} INFO - [2024-05-20T19:36:18.234+0200] {dag.py:3954} INFO - Setting next_dagrun for example_sla_dag to 2024-05-20 17:34:00+00:00, run_after=2024-05-20 17:36:00+00:00
[2024-05-20T19:36:18.251+0200] {processor.py:183} INFO - Processing /home/munya/anaconda3/lib/python3.11/site-packages/airflow/example_dags/example_sla_dag.py took 0.062 seconds
[2024-05-20T19:37:16.106+0200] {processor.py:161} INFO - Started process (PID=127029) to work on /home/munya/anaconda3/lib/python3.11/site-packages/airflow/example_dags/example_sla_dag.py
[2024-05-20T19:37:16.107+0200] {processor.py:830} INFO - Processing file /home/munya/anaconda3/lib/python3.11/site-packages/airflow/example_dags/example_sla_dag.py for tasks to queue
[2024-05-20T19:37:16.108+0200] {logging_mixin.py:188} INFO - [2024-05-20T19:37:16.108+0200] {dagbag.py:545} INFO - Filling up the DagBag from /home/munya/anaconda3/lib/python3.11/site-packages/airflow/example_dags/example_sla_dag.py
[2024-05-20T19:37:16.119+0200] {processor.py:840} INFO - DAG(s) 'example_sla_dag' retrieved from /home/munya/anaconda3/lib/python3.11/site-packages/airflow/example_dags/example_sla_dag.py
[2024-05-20T19:37:16.140+0200] {logging_mixin.py:188} INFO - [2024-05-20T19:37:16.140+0200] {dag.py:3096} INFO - Sync 1 DAGs
[2024-05-20T19:37:16.170+0200] {logging_mixin.py:188} INFO - [2024-05-20T19:37:16.170+0200] {dag.py:3954} INFO - Setting next_dagrun for example_sla_dag to 2024-05-20 17:34:00+00:00, run_after=2024-05-20 17:36:00+00:00
[2024-05-20T19:37:16.186+0200] {processor.py:183} INFO - Processing /home/munya/anaconda3/lib/python3.11/site-packages/airflow/example_dags/example_sla_dag.py took 0.087 seconds
[2024-05-20T19:38:16.186+0200] {processor.py:161} INFO - Started process (PID=127989) to work on /home/munya/anaconda3/lib/python3.11/site-packages/airflow/example_dags/example_sla_dag.py
[2024-05-20T19:38:16.187+0200] {processor.py:830} INFO - Processing file /home/munya/anaconda3/lib/python3.11/site-packages/airflow/example_dags/example_sla_dag.py for tasks to queue
[2024-05-20T19:38:16.188+0200] {logging_mixin.py:188} INFO - [2024-05-20T19:38:16.188+0200] {dagbag.py:545} INFO - Filling up the DagBag from /home/munya/anaconda3/lib/python3.11/site-packages/airflow/example_dags/example_sla_dag.py
[2024-05-20T19:38:16.195+0200] {processor.py:840} INFO - DAG(s) 'example_sla_dag' retrieved from /home/munya/anaconda3/lib/python3.11/site-packages/airflow/example_dags/example_sla_dag.py
[2024-05-20T19:38:16.208+0200] {logging_mixin.py:188} INFO - [2024-05-20T19:38:16.208+0200] {dag.py:3096} INFO - Sync 1 DAGs
[2024-05-20T19:38:16.225+0200] {logging_mixin.py:188} INFO - [2024-05-20T19:38:16.225+0200] {dag.py:3954} INFO - Setting next_dagrun for example_sla_dag to 2024-05-20 17:36:00+00:00, run_after=2024-05-20 17:38:00+00:00
[2024-05-20T19:38:16.242+0200] {processor.py:183} INFO - Processing /home/munya/anaconda3/lib/python3.11/site-packages/airflow/example_dags/example_sla_dag.py took 0.060 seconds
[2024-05-20T19:39:17.660+0200] {processor.py:161} INFO - Started process (PID=129099) to work on /home/munya/anaconda3/lib/python3.11/site-packages/airflow/example_dags/example_sla_dag.py
[2024-05-20T19:39:17.661+0200] {processor.py:830} INFO - Processing file /home/munya/anaconda3/lib/python3.11/site-packages/airflow/example_dags/example_sla_dag.py for tasks to queue
[2024-05-20T19:39:17.662+0200] {logging_mixin.py:188} INFO - [2024-05-20T19:39:17.662+0200] {dagbag.py:545} INFO - Filling up the DagBag from /home/munya/anaconda3/lib/python3.11/site-packages/airflow/example_dags/example_sla_dag.py
[2024-05-20T19:39:17.670+0200] {processor.py:840} INFO - DAG(s) 'example_sla_dag' retrieved from /home/munya/anaconda3/lib/python3.11/site-packages/airflow/example_dags/example_sla_dag.py
[2024-05-20T19:39:17.684+0200] {logging_mixin.py:188} INFO - [2024-05-20T19:39:17.684+0200] {dag.py:3096} INFO - Sync 1 DAGs
[2024-05-20T19:39:17.702+0200] {logging_mixin.py:188} INFO - [2024-05-20T19:39:17.702+0200] {dag.py:3954} INFO - Setting next_dagrun for example_sla_dag to 2024-05-20 17:36:00+00:00, run_after=2024-05-20 17:38:00+00:00
[2024-05-20T19:39:17.721+0200] {processor.py:183} INFO - Processing /home/munya/anaconda3/lib/python3.11/site-packages/airflow/example_dags/example_sla_dag.py took 0.066 seconds
[2024-05-20T19:40:19.080+0200] {processor.py:161} INFO - Started process (PID=130579) to work on /home/munya/anaconda3/lib/python3.11/site-packages/airflow/example_dags/example_sla_dag.py
[2024-05-20T19:40:19.081+0200] {processor.py:830} INFO - Processing file /home/munya/anaconda3/lib/python3.11/site-packages/airflow/example_dags/example_sla_dag.py for tasks to queue
[2024-05-20T19:40:19.082+0200] {logging_mixin.py:188} INFO - [2024-05-20T19:40:19.081+0200] {dagbag.py:545} INFO - Filling up the DagBag from /home/munya/anaconda3/lib/python3.11/site-packages/airflow/example_dags/example_sla_dag.py
[2024-05-20T19:40:19.091+0200] {processor.py:840} INFO - DAG(s) 'example_sla_dag' retrieved from /home/munya/anaconda3/lib/python3.11/site-packages/airflow/example_dags/example_sla_dag.py
[2024-05-20T19:40:19.111+0200] {logging_mixin.py:188} INFO - [2024-05-20T19:40:19.111+0200] {dag.py:3096} INFO - Sync 1 DAGs
[2024-05-20T19:40:19.132+0200] {logging_mixin.py:188} INFO - [2024-05-20T19:40:19.132+0200] {dag.py:3954} INFO - Setting next_dagrun for example_sla_dag to 2024-05-20 17:38:00+00:00, run_after=2024-05-20 17:40:00+00:00
[2024-05-20T19:40:19.154+0200] {processor.py:183} INFO - Processing /home/munya/anaconda3/lib/python3.11/site-packages/airflow/example_dags/example_sla_dag.py took 0.080 seconds
[2024-05-20T19:41:14.982+0200] {processor.py:161} INFO - Started process (PID=131490) to work on /home/munya/anaconda3/lib/python3.11/site-packages/airflow/example_dags/example_sla_dag.py
[2024-05-20T19:41:14.983+0200] {processor.py:830} INFO - Processing file /home/munya/anaconda3/lib/python3.11/site-packages/airflow/example_dags/example_sla_dag.py for tasks to queue
[2024-05-20T19:41:14.984+0200] {logging_mixin.py:188} INFO - [2024-05-20T19:41:14.984+0200] {dagbag.py:545} INFO - Filling up the DagBag from /home/munya/anaconda3/lib/python3.11/site-packages/airflow/example_dags/example_sla_dag.py
[2024-05-20T19:41:14.991+0200] {processor.py:840} INFO - DAG(s) 'example_sla_dag' retrieved from /home/munya/anaconda3/lib/python3.11/site-packages/airflow/example_dags/example_sla_dag.py
[2024-05-20T19:41:15.007+0200] {logging_mixin.py:188} INFO - [2024-05-20T19:41:15.007+0200] {dag.py:3096} INFO - Sync 1 DAGs
[2024-05-20T19:41:15.028+0200] {logging_mixin.py:188} INFO - [2024-05-20T19:41:15.028+0200] {dag.py:3954} INFO - Setting next_dagrun for example_sla_dag to 2024-05-20 17:38:00+00:00, run_after=2024-05-20 17:40:00+00:00
[2024-05-20T19:41:15.042+0200] {processor.py:183} INFO - Processing /home/munya/anaconda3/lib/python3.11/site-packages/airflow/example_dags/example_sla_dag.py took 0.065 seconds
[2024-05-20T19:42:12.085+0200] {processor.py:161} INFO - Started process (PID=132446) to work on /home/munya/anaconda3/lib/python3.11/site-packages/airflow/example_dags/example_sla_dag.py
[2024-05-20T19:42:12.086+0200] {processor.py:830} INFO - Processing file /home/munya/anaconda3/lib/python3.11/site-packages/airflow/example_dags/example_sla_dag.py for tasks to queue
[2024-05-20T19:42:12.087+0200] {logging_mixin.py:188} INFO - [2024-05-20T19:42:12.087+0200] {dagbag.py:545} INFO - Filling up the DagBag from /home/munya/anaconda3/lib/python3.11/site-packages/airflow/example_dags/example_sla_dag.py
[2024-05-20T19:42:12.098+0200] {processor.py:840} INFO - DAG(s) 'example_sla_dag' retrieved from /home/munya/anaconda3/lib/python3.11/site-packages/airflow/example_dags/example_sla_dag.py
[2024-05-20T19:42:12.114+0200] {logging_mixin.py:188} INFO - [2024-05-20T19:42:12.113+0200] {dag.py:3096} INFO - Sync 1 DAGs
[2024-05-20T19:42:12.139+0200] {logging_mixin.py:188} INFO - [2024-05-20T19:42:12.138+0200] {dag.py:3954} INFO - Setting next_dagrun for example_sla_dag to 2024-05-20 17:40:00+00:00, run_after=2024-05-20 17:42:00+00:00
[2024-05-20T19:42:12.157+0200] {processor.py:183} INFO - Processing /home/munya/anaconda3/lib/python3.11/site-packages/airflow/example_dags/example_sla_dag.py took 0.077 seconds
[2024-05-20T19:43:12.285+0200] {processor.py:161} INFO - Started process (PID=133428) to work on /home/munya/anaconda3/lib/python3.11/site-packages/airflow/example_dags/example_sla_dag.py
[2024-05-20T19:43:12.288+0200] {processor.py:830} INFO - Processing file /home/munya/anaconda3/lib/python3.11/site-packages/airflow/example_dags/example_sla_dag.py for tasks to queue
[2024-05-20T19:43:12.291+0200] {logging_mixin.py:188} INFO - [2024-05-20T19:43:12.290+0200] {dagbag.py:545} INFO - Filling up the DagBag from /home/munya/anaconda3/lib/python3.11/site-packages/airflow/example_dags/example_sla_dag.py
[2024-05-20T19:43:12.325+0200] {processor.py:840} INFO - DAG(s) 'example_sla_dag' retrieved from /home/munya/anaconda3/lib/python3.11/site-packages/airflow/example_dags/example_sla_dag.py
[2024-05-20T19:43:12.378+0200] {logging_mixin.py:188} INFO - [2024-05-20T19:43:12.377+0200] {dag.py:3096} INFO - Sync 1 DAGs
[2024-05-20T19:43:12.474+0200] {logging_mixin.py:188} INFO - [2024-05-20T19:43:12.473+0200] {dag.py:3954} INFO - Setting next_dagrun for example_sla_dag to 2024-05-20 17:40:00+00:00, run_after=2024-05-20 17:42:00+00:00
[2024-05-20T19:43:12.534+0200] {processor.py:183} INFO - Processing /home/munya/anaconda3/lib/python3.11/site-packages/airflow/example_dags/example_sla_dag.py took 0.268 seconds
[2024-05-20T19:44:12.376+0200] {processor.py:161} INFO - Started process (PID=134482) to work on /home/munya/anaconda3/lib/python3.11/site-packages/airflow/example_dags/example_sla_dag.py
[2024-05-20T19:44:12.378+0200] {processor.py:830} INFO - Processing file /home/munya/anaconda3/lib/python3.11/site-packages/airflow/example_dags/example_sla_dag.py for tasks to queue
[2024-05-20T19:44:12.378+0200] {logging_mixin.py:188} INFO - [2024-05-20T19:44:12.378+0200] {dagbag.py:545} INFO - Filling up the DagBag from /home/munya/anaconda3/lib/python3.11/site-packages/airflow/example_dags/example_sla_dag.py
[2024-05-20T19:44:12.386+0200] {processor.py:840} INFO - DAG(s) 'example_sla_dag' retrieved from /home/munya/anaconda3/lib/python3.11/site-packages/airflow/example_dags/example_sla_dag.py
[2024-05-20T19:44:12.402+0200] {logging_mixin.py:188} INFO - [2024-05-20T19:44:12.401+0200] {dag.py:3096} INFO - Sync 1 DAGs
[2024-05-20T19:44:12.426+0200] {logging_mixin.py:188} INFO - [2024-05-20T19:44:12.426+0200] {dag.py:3954} INFO - Setting next_dagrun for example_sla_dag to 2024-05-20 17:42:00+00:00, run_after=2024-05-20 17:44:00+00:00
[2024-05-20T19:44:12.446+0200] {processor.py:183} INFO - Processing /home/munya/anaconda3/lib/python3.11/site-packages/airflow/example_dags/example_sla_dag.py took 0.076 seconds
[2024-05-20T19:45:14.587+0200] {processor.py:161} INFO - Started process (PID=135502) to work on /home/munya/anaconda3/lib/python3.11/site-packages/airflow/example_dags/example_sla_dag.py
[2024-05-20T19:45:14.587+0200] {processor.py:830} INFO - Processing file /home/munya/anaconda3/lib/python3.11/site-packages/airflow/example_dags/example_sla_dag.py for tasks to queue
[2024-05-20T19:45:14.588+0200] {logging_mixin.py:188} INFO - [2024-05-20T19:45:14.588+0200] {dagbag.py:545} INFO - Filling up the DagBag from /home/munya/anaconda3/lib/python3.11/site-packages/airflow/example_dags/example_sla_dag.py
[2024-05-20T19:45:14.596+0200] {processor.py:840} INFO - DAG(s) 'example_sla_dag' retrieved from /home/munya/anaconda3/lib/python3.11/site-packages/airflow/example_dags/example_sla_dag.py
[2024-05-20T19:45:14.609+0200] {logging_mixin.py:188} INFO - [2024-05-20T19:45:14.609+0200] {dag.py:3096} INFO - Sync 1 DAGs
[2024-05-20T19:45:14.627+0200] {logging_mixin.py:188} INFO - [2024-05-20T19:45:14.627+0200] {dag.py:3954} INFO - Setting next_dagrun for example_sla_dag to 2024-05-20 17:42:00+00:00, run_after=2024-05-20 17:44:00+00:00
[2024-05-20T19:45:14.644+0200] {processor.py:183} INFO - Processing /home/munya/anaconda3/lib/python3.11/site-packages/airflow/example_dags/example_sla_dag.py took 0.063 seconds
[2024-05-20T19:46:14.608+0200] {processor.py:161} INFO - Started process (PID=136538) to work on /home/munya/anaconda3/lib/python3.11/site-packages/airflow/example_dags/example_sla_dag.py
[2024-05-20T19:46:14.609+0200] {processor.py:830} INFO - Processing file /home/munya/anaconda3/lib/python3.11/site-packages/airflow/example_dags/example_sla_dag.py for tasks to queue
[2024-05-20T19:46:14.610+0200] {logging_mixin.py:188} INFO - [2024-05-20T19:46:14.609+0200] {dagbag.py:545} INFO - Filling up the DagBag from /home/munya/anaconda3/lib/python3.11/site-packages/airflow/example_dags/example_sla_dag.py
[2024-05-20T19:46:14.617+0200] {processor.py:840} INFO - DAG(s) 'example_sla_dag' retrieved from /home/munya/anaconda3/lib/python3.11/site-packages/airflow/example_dags/example_sla_dag.py
[2024-05-20T19:46:14.631+0200] {logging_mixin.py:188} INFO - [2024-05-20T19:46:14.631+0200] {dag.py:3096} INFO - Sync 1 DAGs
[2024-05-20T19:46:14.651+0200] {logging_mixin.py:188} INFO - [2024-05-20T19:46:14.651+0200] {dag.py:3954} INFO - Setting next_dagrun for example_sla_dag to 2024-05-20 17:44:00+00:00, run_after=2024-05-20 17:46:00+00:00
[2024-05-20T19:46:14.666+0200] {processor.py:183} INFO - Processing /home/munya/anaconda3/lib/python3.11/site-packages/airflow/example_dags/example_sla_dag.py took 0.063 seconds
[2024-05-20T19:47:20.938+0200] {processor.py:161} INFO - Started process (PID=137602) to work on /home/munya/anaconda3/lib/python3.11/site-packages/airflow/example_dags/example_sla_dag.py
[2024-05-20T19:47:20.939+0200] {processor.py:830} INFO - Processing file /home/munya/anaconda3/lib/python3.11/site-packages/airflow/example_dags/example_sla_dag.py for tasks to queue
[2024-05-20T19:47:20.940+0200] {logging_mixin.py:188} INFO - [2024-05-20T19:47:20.940+0200] {dagbag.py:545} INFO - Filling up the DagBag from /home/munya/anaconda3/lib/python3.11/site-packages/airflow/example_dags/example_sla_dag.py
[2024-05-20T19:47:20.949+0200] {processor.py:840} INFO - DAG(s) 'example_sla_dag' retrieved from /home/munya/anaconda3/lib/python3.11/site-packages/airflow/example_dags/example_sla_dag.py
[2024-05-20T19:47:20.966+0200] {logging_mixin.py:188} INFO - [2024-05-20T19:47:20.966+0200] {dag.py:3096} INFO - Sync 1 DAGs
[2024-05-20T19:47:20.990+0200] {logging_mixin.py:188} INFO - [2024-05-20T19:47:20.990+0200] {dag.py:3954} INFO - Setting next_dagrun for example_sla_dag to 2024-05-20 17:44:00+00:00, run_after=2024-05-20 17:46:00+00:00
[2024-05-20T19:47:21.009+0200] {processor.py:183} INFO - Processing /home/munya/anaconda3/lib/python3.11/site-packages/airflow/example_dags/example_sla_dag.py took 0.079 seconds
[2024-05-20T19:48:25.106+0200] {processor.py:161} INFO - Started process (PID=138730) to work on /home/munya/anaconda3/lib/python3.11/site-packages/airflow/example_dags/example_sla_dag.py
[2024-05-20T19:48:25.107+0200] {processor.py:830} INFO - Processing file /home/munya/anaconda3/lib/python3.11/site-packages/airflow/example_dags/example_sla_dag.py for tasks to queue
[2024-05-20T19:48:25.108+0200] {logging_mixin.py:188} INFO - [2024-05-20T19:48:25.108+0200] {dagbag.py:545} INFO - Filling up the DagBag from /home/munya/anaconda3/lib/python3.11/site-packages/airflow/example_dags/example_sla_dag.py
[2024-05-20T19:48:25.115+0200] {processor.py:840} INFO - DAG(s) 'example_sla_dag' retrieved from /home/munya/anaconda3/lib/python3.11/site-packages/airflow/example_dags/example_sla_dag.py
[2024-05-20T19:48:25.129+0200] {logging_mixin.py:188} INFO - [2024-05-20T19:48:25.129+0200] {dag.py:3096} INFO - Sync 1 DAGs
[2024-05-20T19:48:25.146+0200] {logging_mixin.py:188} INFO - [2024-05-20T19:48:25.146+0200] {dag.py:3954} INFO - Setting next_dagrun for example_sla_dag to 2024-05-20 17:46:00+00:00, run_after=2024-05-20 17:48:00+00:00
[2024-05-20T19:48:25.166+0200] {processor.py:183} INFO - Processing /home/munya/anaconda3/lib/python3.11/site-packages/airflow/example_dags/example_sla_dag.py took 0.066 seconds
[2024-05-20T19:49:30.501+0200] {processor.py:161} INFO - Started process (PID=139948) to work on /home/munya/anaconda3/lib/python3.11/site-packages/airflow/example_dags/example_sla_dag.py
[2024-05-20T19:49:30.503+0200] {processor.py:830} INFO - Processing file /home/munya/anaconda3/lib/python3.11/site-packages/airflow/example_dags/example_sla_dag.py for tasks to queue
[2024-05-20T19:49:30.507+0200] {logging_mixin.py:188} INFO - [2024-05-20T19:49:30.504+0200] {dagbag.py:545} INFO - Filling up the DagBag from /home/munya/anaconda3/lib/python3.11/site-packages/airflow/example_dags/example_sla_dag.py
[2024-05-20T19:49:30.519+0200] {processor.py:840} INFO - DAG(s) 'example_sla_dag' retrieved from /home/munya/anaconda3/lib/python3.11/site-packages/airflow/example_dags/example_sla_dag.py
[2024-05-20T19:49:30.538+0200] {logging_mixin.py:188} INFO - [2024-05-20T19:49:30.538+0200] {dag.py:3096} INFO - Sync 1 DAGs
[2024-05-20T19:49:30.566+0200] {logging_mixin.py:188} INFO - [2024-05-20T19:49:30.566+0200] {dag.py:3954} INFO - Setting next_dagrun for example_sla_dag to 2024-05-20 17:46:00+00:00, run_after=2024-05-20 17:48:00+00:00
[2024-05-20T19:49:30.625+0200] {processor.py:183} INFO - Processing /home/munya/anaconda3/lib/python3.11/site-packages/airflow/example_dags/example_sla_dag.py took 0.133 seconds
[2024-05-20T19:50:24.476+0200] {processor.py:161} INFO - Started process (PID=140909) to work on /home/munya/anaconda3/lib/python3.11/site-packages/airflow/example_dags/example_sla_dag.py
[2024-05-20T19:50:24.477+0200] {processor.py:830} INFO - Processing file /home/munya/anaconda3/lib/python3.11/site-packages/airflow/example_dags/example_sla_dag.py for tasks to queue
[2024-05-20T19:50:24.478+0200] {logging_mixin.py:188} INFO - [2024-05-20T19:50:24.477+0200] {dagbag.py:545} INFO - Filling up the DagBag from /home/munya/anaconda3/lib/python3.11/site-packages/airflow/example_dags/example_sla_dag.py
[2024-05-20T19:50:24.485+0200] {processor.py:840} INFO - DAG(s) 'example_sla_dag' retrieved from /home/munya/anaconda3/lib/python3.11/site-packages/airflow/example_dags/example_sla_dag.py
[2024-05-20T19:50:24.497+0200] {logging_mixin.py:188} INFO - [2024-05-20T19:50:24.497+0200] {dag.py:3096} INFO - Sync 1 DAGs
[2024-05-20T19:50:24.517+0200] {logging_mixin.py:188} INFO - [2024-05-20T19:50:24.517+0200] {dag.py:3954} INFO - Setting next_dagrun for example_sla_dag to 2024-05-20 17:48:00+00:00, run_after=2024-05-20 17:50:00+00:00
[2024-05-20T19:50:24.532+0200] {processor.py:183} INFO - Processing /home/munya/anaconda3/lib/python3.11/site-packages/airflow/example_dags/example_sla_dag.py took 0.062 seconds
[2024-05-20T19:51:24.145+0200] {processor.py:161} INFO - Started process (PID=141809) to work on /home/munya/anaconda3/lib/python3.11/site-packages/airflow/example_dags/example_sla_dag.py
[2024-05-20T19:51:24.146+0200] {processor.py:830} INFO - Processing file /home/munya/anaconda3/lib/python3.11/site-packages/airflow/example_dags/example_sla_dag.py for tasks to queue
[2024-05-20T19:51:24.146+0200] {logging_mixin.py:188} INFO - [2024-05-20T19:51:24.146+0200] {dagbag.py:545} INFO - Filling up the DagBag from /home/munya/anaconda3/lib/python3.11/site-packages/airflow/example_dags/example_sla_dag.py
[2024-05-20T19:51:24.153+0200] {processor.py:840} INFO - DAG(s) 'example_sla_dag' retrieved from /home/munya/anaconda3/lib/python3.11/site-packages/airflow/example_dags/example_sla_dag.py
[2024-05-20T19:51:24.166+0200] {logging_mixin.py:188} INFO - [2024-05-20T19:51:24.166+0200] {dag.py:3096} INFO - Sync 1 DAGs
[2024-05-20T19:51:24.182+0200] {logging_mixin.py:188} INFO - [2024-05-20T19:51:24.182+0200] {dag.py:3954} INFO - Setting next_dagrun for example_sla_dag to 2024-05-20 17:48:00+00:00, run_after=2024-05-20 17:50:00+00:00
[2024-05-20T19:51:24.198+0200] {processor.py:183} INFO - Processing /home/munya/anaconda3/lib/python3.11/site-packages/airflow/example_dags/example_sla_dag.py took 0.059 seconds
[2024-05-20T19:52:26.792+0200] {processor.py:161} INFO - Started process (PID=142784) to work on /home/munya/anaconda3/lib/python3.11/site-packages/airflow/example_dags/example_sla_dag.py
[2024-05-20T19:52:26.792+0200] {processor.py:830} INFO - Processing file /home/munya/anaconda3/lib/python3.11/site-packages/airflow/example_dags/example_sla_dag.py for tasks to queue
[2024-05-20T19:52:26.793+0200] {logging_mixin.py:188} INFO - [2024-05-20T19:52:26.793+0200] {dagbag.py:545} INFO - Filling up the DagBag from /home/munya/anaconda3/lib/python3.11/site-packages/airflow/example_dags/example_sla_dag.py
[2024-05-20T19:52:26.800+0200] {processor.py:840} INFO - DAG(s) 'example_sla_dag' retrieved from /home/munya/anaconda3/lib/python3.11/site-packages/airflow/example_dags/example_sla_dag.py
[2024-05-20T19:52:26.813+0200] {logging_mixin.py:188} INFO - [2024-05-20T19:52:26.813+0200] {dag.py:3096} INFO - Sync 1 DAGs
[2024-05-20T19:52:26.833+0200] {logging_mixin.py:188} INFO - [2024-05-20T19:52:26.832+0200] {dag.py:3954} INFO - Setting next_dagrun for example_sla_dag to 2024-05-20 17:50:00+00:00, run_after=2024-05-20 17:52:00+00:00
[2024-05-20T19:52:26.850+0200] {processor.py:183} INFO - Processing /home/munya/anaconda3/lib/python3.11/site-packages/airflow/example_dags/example_sla_dag.py took 0.065 seconds
[2024-05-20T19:53:27.248+0200] {processor.py:161} INFO - Started process (PID=143724) to work on /home/munya/anaconda3/lib/python3.11/site-packages/airflow/example_dags/example_sla_dag.py
[2024-05-20T19:53:27.249+0200] {processor.py:830} INFO - Processing file /home/munya/anaconda3/lib/python3.11/site-packages/airflow/example_dags/example_sla_dag.py for tasks to queue
[2024-05-20T19:53:27.250+0200] {logging_mixin.py:188} INFO - [2024-05-20T19:53:27.250+0200] {dagbag.py:545} INFO - Filling up the DagBag from /home/munya/anaconda3/lib/python3.11/site-packages/airflow/example_dags/example_sla_dag.py
[2024-05-20T19:53:27.257+0200] {processor.py:840} INFO - DAG(s) 'example_sla_dag' retrieved from /home/munya/anaconda3/lib/python3.11/site-packages/airflow/example_dags/example_sla_dag.py
[2024-05-20T19:53:27.269+0200] {logging_mixin.py:188} INFO - [2024-05-20T19:53:27.269+0200] {dag.py:3096} INFO - Sync 1 DAGs
[2024-05-20T19:53:27.286+0200] {logging_mixin.py:188} INFO - [2024-05-20T19:53:27.285+0200] {dag.py:3954} INFO - Setting next_dagrun for example_sla_dag to 2024-05-20 17:50:00+00:00, run_after=2024-05-20 17:52:00+00:00
[2024-05-20T19:53:27.301+0200] {processor.py:183} INFO - Processing /home/munya/anaconda3/lib/python3.11/site-packages/airflow/example_dags/example_sla_dag.py took 0.058 seconds
[2024-05-20T19:54:27.950+0200] {processor.py:161} INFO - Started process (PID=144684) to work on /home/munya/anaconda3/lib/python3.11/site-packages/airflow/example_dags/example_sla_dag.py
[2024-05-20T19:54:27.951+0200] {processor.py:830} INFO - Processing file /home/munya/anaconda3/lib/python3.11/site-packages/airflow/example_dags/example_sla_dag.py for tasks to queue
[2024-05-20T19:54:27.952+0200] {logging_mixin.py:188} INFO - [2024-05-20T19:54:27.952+0200] {dagbag.py:545} INFO - Filling up the DagBag from /home/munya/anaconda3/lib/python3.11/site-packages/airflow/example_dags/example_sla_dag.py
[2024-05-20T19:54:27.963+0200] {processor.py:840} INFO - DAG(s) 'example_sla_dag' retrieved from /home/munya/anaconda3/lib/python3.11/site-packages/airflow/example_dags/example_sla_dag.py
[2024-05-20T19:54:27.983+0200] {logging_mixin.py:188} INFO - [2024-05-20T19:54:27.983+0200] {dag.py:3096} INFO - Sync 1 DAGs
[2024-05-20T19:54:28.009+0200] {logging_mixin.py:188} INFO - [2024-05-20T19:54:28.009+0200] {dag.py:3954} INFO - Setting next_dagrun for example_sla_dag to 2024-05-20 17:52:00+00:00, run_after=2024-05-20 17:54:00+00:00
[2024-05-20T19:54:28.034+0200] {processor.py:183} INFO - Processing /home/munya/anaconda3/lib/python3.11/site-packages/airflow/example_dags/example_sla_dag.py took 0.093 seconds
[2024-05-20T19:55:28.154+0200] {processor.py:161} INFO - Started process (PID=145644) to work on /home/munya/anaconda3/lib/python3.11/site-packages/airflow/example_dags/example_sla_dag.py
[2024-05-20T19:55:28.155+0200] {processor.py:830} INFO - Processing file /home/munya/anaconda3/lib/python3.11/site-packages/airflow/example_dags/example_sla_dag.py for tasks to queue
[2024-05-20T19:55:28.156+0200] {logging_mixin.py:188} INFO - [2024-05-20T19:55:28.156+0200] {dagbag.py:545} INFO - Filling up the DagBag from /home/munya/anaconda3/lib/python3.11/site-packages/airflow/example_dags/example_sla_dag.py
[2024-05-20T19:55:28.165+0200] {processor.py:840} INFO - DAG(s) 'example_sla_dag' retrieved from /home/munya/anaconda3/lib/python3.11/site-packages/airflow/example_dags/example_sla_dag.py
[2024-05-20T19:55:28.179+0200] {logging_mixin.py:188} INFO - [2024-05-20T19:55:28.178+0200] {dag.py:3096} INFO - Sync 1 DAGs
[2024-05-20T19:55:28.198+0200] {logging_mixin.py:188} INFO - [2024-05-20T19:55:28.198+0200] {dag.py:3954} INFO - Setting next_dagrun for example_sla_dag to 2024-05-20 17:52:00+00:00, run_after=2024-05-20 17:54:00+00:00
[2024-05-20T19:55:28.214+0200] {processor.py:183} INFO - Processing /home/munya/anaconda3/lib/python3.11/site-packages/airflow/example_dags/example_sla_dag.py took 0.065 seconds
[2024-05-20T19:56:34.968+0200] {processor.py:161} INFO - Started process (PID=146726) to work on /home/munya/anaconda3/lib/python3.11/site-packages/airflow/example_dags/example_sla_dag.py
[2024-05-20T19:56:34.969+0200] {processor.py:830} INFO - Processing file /home/munya/anaconda3/lib/python3.11/site-packages/airflow/example_dags/example_sla_dag.py for tasks to queue
[2024-05-20T19:56:34.969+0200] {logging_mixin.py:188} INFO - [2024-05-20T19:56:34.969+0200] {dagbag.py:545} INFO - Filling up the DagBag from /home/munya/anaconda3/lib/python3.11/site-packages/airflow/example_dags/example_sla_dag.py
[2024-05-20T19:56:34.977+0200] {processor.py:840} INFO - DAG(s) 'example_sla_dag' retrieved from /home/munya/anaconda3/lib/python3.11/site-packages/airflow/example_dags/example_sla_dag.py
[2024-05-20T19:56:34.991+0200] {logging_mixin.py:188} INFO - [2024-05-20T19:56:34.991+0200] {dag.py:3096} INFO - Sync 1 DAGs
[2024-05-20T19:56:35.008+0200] {logging_mixin.py:188} INFO - [2024-05-20T19:56:35.007+0200] {dag.py:3954} INFO - Setting next_dagrun for example_sla_dag to 2024-05-20 17:54:00+00:00, run_after=2024-05-20 17:56:00+00:00
[2024-05-20T19:56:35.023+0200] {processor.py:183} INFO - Processing /home/munya/anaconda3/lib/python3.11/site-packages/airflow/example_dags/example_sla_dag.py took 0.060 seconds
[2024-05-20T19:57:39.335+0200] {processor.py:161} INFO - Started process (PID=147832) to work on /home/munya/anaconda3/lib/python3.11/site-packages/airflow/example_dags/example_sla_dag.py
[2024-05-20T19:57:39.336+0200] {processor.py:830} INFO - Processing file /home/munya/anaconda3/lib/python3.11/site-packages/airflow/example_dags/example_sla_dag.py for tasks to queue
[2024-05-20T19:57:39.337+0200] {logging_mixin.py:188} INFO - [2024-05-20T19:57:39.337+0200] {dagbag.py:545} INFO - Filling up the DagBag from /home/munya/anaconda3/lib/python3.11/site-packages/airflow/example_dags/example_sla_dag.py
[2024-05-20T19:57:39.347+0200] {processor.py:840} INFO - DAG(s) 'example_sla_dag' retrieved from /home/munya/anaconda3/lib/python3.11/site-packages/airflow/example_dags/example_sla_dag.py
[2024-05-20T19:57:39.361+0200] {logging_mixin.py:188} INFO - [2024-05-20T19:57:39.361+0200] {dag.py:3096} INFO - Sync 1 DAGs
[2024-05-20T19:57:39.380+0200] {logging_mixin.py:188} INFO - [2024-05-20T19:57:39.380+0200] {dag.py:3954} INFO - Setting next_dagrun for example_sla_dag to 2024-05-20 17:54:00+00:00, run_after=2024-05-20 17:56:00+00:00
[2024-05-20T19:57:39.400+0200] {processor.py:183} INFO - Processing /home/munya/anaconda3/lib/python3.11/site-packages/airflow/example_dags/example_sla_dag.py took 0.071 seconds
[2024-05-20T19:58:41.023+0200] {processor.py:161} INFO - Started process (PID=148862) to work on /home/munya/anaconda3/lib/python3.11/site-packages/airflow/example_dags/example_sla_dag.py
[2024-05-20T19:58:41.024+0200] {processor.py:830} INFO - Processing file /home/munya/anaconda3/lib/python3.11/site-packages/airflow/example_dags/example_sla_dag.py for tasks to queue
[2024-05-20T19:58:41.025+0200] {logging_mixin.py:188} INFO - [2024-05-20T19:58:41.025+0200] {dagbag.py:545} INFO - Filling up the DagBag from /home/munya/anaconda3/lib/python3.11/site-packages/airflow/example_dags/example_sla_dag.py
[2024-05-20T19:58:41.035+0200] {processor.py:840} INFO - DAG(s) 'example_sla_dag' retrieved from /home/munya/anaconda3/lib/python3.11/site-packages/airflow/example_dags/example_sla_dag.py
[2024-05-20T19:58:41.051+0200] {logging_mixin.py:188} INFO - [2024-05-20T19:58:41.051+0200] {dag.py:3096} INFO - Sync 1 DAGs
[2024-05-20T19:58:41.078+0200] {logging_mixin.py:188} INFO - [2024-05-20T19:58:41.078+0200] {dag.py:3954} INFO - Setting next_dagrun for example_sla_dag to 2024-05-20 17:56:00+00:00, run_after=2024-05-20 17:58:00+00:00
[2024-05-20T19:58:41.100+0200] {processor.py:183} INFO - Processing /home/munya/anaconda3/lib/python3.11/site-packages/airflow/example_dags/example_sla_dag.py took 0.086 seconds
[2024-05-20T19:59:42.555+0200] {processor.py:161} INFO - Started process (PID=149837) to work on /home/munya/anaconda3/lib/python3.11/site-packages/airflow/example_dags/example_sla_dag.py
[2024-05-20T19:59:42.556+0200] {processor.py:830} INFO - Processing file /home/munya/anaconda3/lib/python3.11/site-packages/airflow/example_dags/example_sla_dag.py for tasks to queue
[2024-05-20T19:59:42.557+0200] {logging_mixin.py:188} INFO - [2024-05-20T19:59:42.557+0200] {dagbag.py:545} INFO - Filling up the DagBag from /home/munya/anaconda3/lib/python3.11/site-packages/airflow/example_dags/example_sla_dag.py
[2024-05-20T19:59:42.565+0200] {processor.py:840} INFO - DAG(s) 'example_sla_dag' retrieved from /home/munya/anaconda3/lib/python3.11/site-packages/airflow/example_dags/example_sla_dag.py
[2024-05-20T19:59:42.577+0200] {logging_mixin.py:188} INFO - [2024-05-20T19:59:42.577+0200] {dag.py:3096} INFO - Sync 1 DAGs
[2024-05-20T19:59:42.596+0200] {logging_mixin.py:188} INFO - [2024-05-20T19:59:42.595+0200] {dag.py:3954} INFO - Setting next_dagrun for example_sla_dag to 2024-05-20 17:56:00+00:00, run_after=2024-05-20 17:58:00+00:00
[2024-05-20T19:59:42.611+0200] {processor.py:183} INFO - Processing /home/munya/anaconda3/lib/python3.11/site-packages/airflow/example_dags/example_sla_dag.py took 0.062 seconds
[2024-05-20T20:00:43.969+0200] {processor.py:161} INFO - Started process (PID=150774) to work on /home/munya/anaconda3/lib/python3.11/site-packages/airflow/example_dags/example_sla_dag.py
[2024-05-20T20:00:43.970+0200] {processor.py:830} INFO - Processing file /home/munya/anaconda3/lib/python3.11/site-packages/airflow/example_dags/example_sla_dag.py for tasks to queue
[2024-05-20T20:00:43.971+0200] {logging_mixin.py:188} INFO - [2024-05-20T20:00:43.971+0200] {dagbag.py:545} INFO - Filling up the DagBag from /home/munya/anaconda3/lib/python3.11/site-packages/airflow/example_dags/example_sla_dag.py
[2024-05-20T20:00:43.984+0200] {processor.py:840} INFO - DAG(s) 'example_sla_dag' retrieved from /home/munya/anaconda3/lib/python3.11/site-packages/airflow/example_dags/example_sla_dag.py
[2024-05-20T20:00:44.002+0200] {logging_mixin.py:188} INFO - [2024-05-20T20:00:44.001+0200] {dag.py:3096} INFO - Sync 1 DAGs
[2024-05-20T20:00:44.027+0200] {logging_mixin.py:188} INFO - [2024-05-20T20:00:44.027+0200] {dag.py:3954} INFO - Setting next_dagrun for example_sla_dag to 2024-05-20 17:58:00+00:00, run_after=2024-05-20 18:00:00+00:00
[2024-05-20T20:00:44.047+0200] {processor.py:183} INFO - Processing /home/munya/anaconda3/lib/python3.11/site-packages/airflow/example_dags/example_sla_dag.py took 0.085 seconds
[2024-05-20T20:01:46.435+0200] {processor.py:161} INFO - Started process (PID=151780) to work on /home/munya/anaconda3/lib/python3.11/site-packages/airflow/example_dags/example_sla_dag.py
[2024-05-20T20:01:46.436+0200] {processor.py:830} INFO - Processing file /home/munya/anaconda3/lib/python3.11/site-packages/airflow/example_dags/example_sla_dag.py for tasks to queue
[2024-05-20T20:01:46.437+0200] {logging_mixin.py:188} INFO - [2024-05-20T20:01:46.437+0200] {dagbag.py:545} INFO - Filling up the DagBag from /home/munya/anaconda3/lib/python3.11/site-packages/airflow/example_dags/example_sla_dag.py
[2024-05-20T20:01:46.449+0200] {processor.py:840} INFO - DAG(s) 'example_sla_dag' retrieved from /home/munya/anaconda3/lib/python3.11/site-packages/airflow/example_dags/example_sla_dag.py
[2024-05-20T20:01:46.467+0200] {logging_mixin.py:188} INFO - [2024-05-20T20:01:46.467+0200] {dag.py:3096} INFO - Sync 1 DAGs
[2024-05-20T20:01:46.501+0200] {logging_mixin.py:188} INFO - [2024-05-20T20:01:46.501+0200] {dag.py:3954} INFO - Setting next_dagrun for example_sla_dag to 2024-05-20 17:58:00+00:00, run_after=2024-05-20 18:00:00+00:00
[2024-05-20T20:01:46.528+0200] {processor.py:183} INFO - Processing /home/munya/anaconda3/lib/python3.11/site-packages/airflow/example_dags/example_sla_dag.py took 0.102 seconds
[2024-05-20T20:02:52.935+0200] {processor.py:161} INFO - Started process (PID=152822) to work on /home/munya/anaconda3/lib/python3.11/site-packages/airflow/example_dags/example_sla_dag.py
[2024-05-20T20:02:52.936+0200] {processor.py:830} INFO - Processing file /home/munya/anaconda3/lib/python3.11/site-packages/airflow/example_dags/example_sla_dag.py for tasks to queue
[2024-05-20T20:02:52.937+0200] {logging_mixin.py:188} INFO - [2024-05-20T20:02:52.937+0200] {dagbag.py:545} INFO - Filling up the DagBag from /home/munya/anaconda3/lib/python3.11/site-packages/airflow/example_dags/example_sla_dag.py
[2024-05-20T20:02:52.950+0200] {processor.py:840} INFO - DAG(s) 'example_sla_dag' retrieved from /home/munya/anaconda3/lib/python3.11/site-packages/airflow/example_dags/example_sla_dag.py
[2024-05-20T20:02:52.965+0200] {logging_mixin.py:188} INFO - [2024-05-20T20:02:52.965+0200] {dag.py:3096} INFO - Sync 1 DAGs
[2024-05-20T20:02:52.988+0200] {logging_mixin.py:188} INFO - [2024-05-20T20:02:52.988+0200] {dag.py:3954} INFO - Setting next_dagrun for example_sla_dag to 2024-05-20 18:00:00+00:00, run_after=2024-05-20 18:02:00+00:00
[2024-05-20T20:02:53.007+0200] {processor.py:183} INFO - Processing /home/munya/anaconda3/lib/python3.11/site-packages/airflow/example_dags/example_sla_dag.py took 0.079 seconds
[2024-05-20T20:03:57.298+0200] {processor.py:161} INFO - Started process (PID=153837) to work on /home/munya/anaconda3/lib/python3.11/site-packages/airflow/example_dags/example_sla_dag.py
[2024-05-20T20:03:57.299+0200] {processor.py:830} INFO - Processing file /home/munya/anaconda3/lib/python3.11/site-packages/airflow/example_dags/example_sla_dag.py for tasks to queue
[2024-05-20T20:03:57.300+0200] {logging_mixin.py:188} INFO - [2024-05-20T20:03:57.300+0200] {dagbag.py:545} INFO - Filling up the DagBag from /home/munya/anaconda3/lib/python3.11/site-packages/airflow/example_dags/example_sla_dag.py
[2024-05-20T20:03:57.311+0200] {processor.py:840} INFO - DAG(s) 'example_sla_dag' retrieved from /home/munya/anaconda3/lib/python3.11/site-packages/airflow/example_dags/example_sla_dag.py
[2024-05-20T20:03:57.330+0200] {logging_mixin.py:188} INFO - [2024-05-20T20:03:57.330+0200] {dag.py:3096} INFO - Sync 1 DAGs
[2024-05-20T20:03:57.360+0200] {logging_mixin.py:188} INFO - [2024-05-20T20:03:57.359+0200] {dag.py:3954} INFO - Setting next_dagrun for example_sla_dag to 2024-05-20 18:00:00+00:00, run_after=2024-05-20 18:02:00+00:00
[2024-05-20T20:03:57.386+0200] {processor.py:183} INFO - Processing /home/munya/anaconda3/lib/python3.11/site-packages/airflow/example_dags/example_sla_dag.py took 0.095 seconds
[2024-05-20T20:04:59.730+0200] {processor.py:161} INFO - Started process (PID=154865) to work on /home/munya/anaconda3/lib/python3.11/site-packages/airflow/example_dags/example_sla_dag.py
[2024-05-20T20:04:59.731+0200] {processor.py:830} INFO - Processing file /home/munya/anaconda3/lib/python3.11/site-packages/airflow/example_dags/example_sla_dag.py for tasks to queue
[2024-05-20T20:04:59.731+0200] {logging_mixin.py:188} INFO - [2024-05-20T20:04:59.731+0200] {dagbag.py:545} INFO - Filling up the DagBag from /home/munya/anaconda3/lib/python3.11/site-packages/airflow/example_dags/example_sla_dag.py
[2024-05-20T20:04:59.740+0200] {processor.py:840} INFO - DAG(s) 'example_sla_dag' retrieved from /home/munya/anaconda3/lib/python3.11/site-packages/airflow/example_dags/example_sla_dag.py
[2024-05-20T20:04:59.753+0200] {logging_mixin.py:188} INFO - [2024-05-20T20:04:59.753+0200] {dag.py:3096} INFO - Sync 1 DAGs
[2024-05-20T20:04:59.770+0200] {logging_mixin.py:188} INFO - [2024-05-20T20:04:59.770+0200] {dag.py:3954} INFO - Setting next_dagrun for example_sla_dag to 2024-05-20 18:02:00+00:00, run_after=2024-05-20 18:04:00+00:00
[2024-05-20T20:04:59.788+0200] {processor.py:183} INFO - Processing /home/munya/anaconda3/lib/python3.11/site-packages/airflow/example_dags/example_sla_dag.py took 0.064 seconds
[2024-05-20T20:05:58.424+0200] {processor.py:161} INFO - Started process (PID=155753) to work on /home/munya/anaconda3/lib/python3.11/site-packages/airflow/example_dags/example_sla_dag.py
[2024-05-20T20:05:58.425+0200] {processor.py:830} INFO - Processing file /home/munya/anaconda3/lib/python3.11/site-packages/airflow/example_dags/example_sla_dag.py for tasks to queue
[2024-05-20T20:05:58.425+0200] {logging_mixin.py:188} INFO - [2024-05-20T20:05:58.425+0200] {dagbag.py:545} INFO - Filling up the DagBag from /home/munya/anaconda3/lib/python3.11/site-packages/airflow/example_dags/example_sla_dag.py
[2024-05-20T20:05:58.433+0200] {processor.py:840} INFO - DAG(s) 'example_sla_dag' retrieved from /home/munya/anaconda3/lib/python3.11/site-packages/airflow/example_dags/example_sla_dag.py
[2024-05-20T20:05:58.447+0200] {logging_mixin.py:188} INFO - [2024-05-20T20:05:58.446+0200] {dag.py:3096} INFO - Sync 1 DAGs
[2024-05-20T20:05:58.464+0200] {logging_mixin.py:188} INFO - [2024-05-20T20:05:58.464+0200] {dag.py:3954} INFO - Setting next_dagrun for example_sla_dag to 2024-05-20 18:02:00+00:00, run_after=2024-05-20 18:04:00+00:00
[2024-05-20T20:05:58.479+0200] {processor.py:183} INFO - Processing /home/munya/anaconda3/lib/python3.11/site-packages/airflow/example_dags/example_sla_dag.py took 0.061 seconds
[2024-05-20T20:06:58.060+0200] {processor.py:161} INFO - Started process (PID=156765) to work on /home/munya/anaconda3/lib/python3.11/site-packages/airflow/example_dags/example_sla_dag.py
[2024-05-20T20:06:58.061+0200] {processor.py:830} INFO - Processing file /home/munya/anaconda3/lib/python3.11/site-packages/airflow/example_dags/example_sla_dag.py for tasks to queue
[2024-05-20T20:06:58.062+0200] {logging_mixin.py:188} INFO - [2024-05-20T20:06:58.061+0200] {dagbag.py:545} INFO - Filling up the DagBag from /home/munya/anaconda3/lib/python3.11/site-packages/airflow/example_dags/example_sla_dag.py
[2024-05-20T20:06:58.071+0200] {processor.py:840} INFO - DAG(s) 'example_sla_dag' retrieved from /home/munya/anaconda3/lib/python3.11/site-packages/airflow/example_dags/example_sla_dag.py
[2024-05-20T20:06:58.084+0200] {logging_mixin.py:188} INFO - [2024-05-20T20:06:58.084+0200] {dag.py:3096} INFO - Sync 1 DAGs
[2024-05-20T20:06:58.114+0200] {logging_mixin.py:188} INFO - [2024-05-20T20:06:58.114+0200] {dag.py:3954} INFO - Setting next_dagrun for example_sla_dag to 2024-05-20 18:04:00+00:00, run_after=2024-05-20 18:06:00+00:00
[2024-05-20T20:06:58.136+0200] {processor.py:183} INFO - Processing /home/munya/anaconda3/lib/python3.11/site-packages/airflow/example_dags/example_sla_dag.py took 0.083 seconds
[2024-05-20T20:07:58.653+0200] {processor.py:161} INFO - Started process (PID=157774) to work on /home/munya/anaconda3/lib/python3.11/site-packages/airflow/example_dags/example_sla_dag.py
[2024-05-20T20:07:58.654+0200] {processor.py:830} INFO - Processing file /home/munya/anaconda3/lib/python3.11/site-packages/airflow/example_dags/example_sla_dag.py for tasks to queue
[2024-05-20T20:07:58.655+0200] {logging_mixin.py:188} INFO - [2024-05-20T20:07:58.654+0200] {dagbag.py:545} INFO - Filling up the DagBag from /home/munya/anaconda3/lib/python3.11/site-packages/airflow/example_dags/example_sla_dag.py
[2024-05-20T20:07:58.662+0200] {processor.py:840} INFO - DAG(s) 'example_sla_dag' retrieved from /home/munya/anaconda3/lib/python3.11/site-packages/airflow/example_dags/example_sla_dag.py
[2024-05-20T20:07:58.674+0200] {logging_mixin.py:188} INFO - [2024-05-20T20:07:58.674+0200] {dag.py:3096} INFO - Sync 1 DAGs
[2024-05-20T20:07:58.691+0200] {logging_mixin.py:188} INFO - [2024-05-20T20:07:58.691+0200] {dag.py:3954} INFO - Setting next_dagrun for example_sla_dag to 2024-05-20 18:04:00+00:00, run_after=2024-05-20 18:06:00+00:00
[2024-05-20T20:07:58.706+0200] {processor.py:183} INFO - Processing /home/munya/anaconda3/lib/python3.11/site-packages/airflow/example_dags/example_sla_dag.py took 0.058 seconds
[2024-05-20T20:09:01.019+0200] {processor.py:161} INFO - Started process (PID=158853) to work on /home/munya/anaconda3/lib/python3.11/site-packages/airflow/example_dags/example_sla_dag.py
[2024-05-20T20:09:01.020+0200] {processor.py:830} INFO - Processing file /home/munya/anaconda3/lib/python3.11/site-packages/airflow/example_dags/example_sla_dag.py for tasks to queue
[2024-05-20T20:09:01.021+0200] {logging_mixin.py:188} INFO - [2024-05-20T20:09:01.020+0200] {dagbag.py:545} INFO - Filling up the DagBag from /home/munya/anaconda3/lib/python3.11/site-packages/airflow/example_dags/example_sla_dag.py
[2024-05-20T20:09:01.029+0200] {processor.py:840} INFO - DAG(s) 'example_sla_dag' retrieved from /home/munya/anaconda3/lib/python3.11/site-packages/airflow/example_dags/example_sla_dag.py
[2024-05-20T20:09:01.044+0200] {logging_mixin.py:188} INFO - [2024-05-20T20:09:01.043+0200] {dag.py:3096} INFO - Sync 1 DAGs
[2024-05-20T20:09:01.067+0200] {logging_mixin.py:188} INFO - [2024-05-20T20:09:01.067+0200] {dag.py:3954} INFO - Setting next_dagrun for example_sla_dag to 2024-05-20 18:06:00+00:00, run_after=2024-05-20 18:08:00+00:00
[2024-05-20T20:09:01.089+0200] {processor.py:183} INFO - Processing /home/munya/anaconda3/lib/python3.11/site-packages/airflow/example_dags/example_sla_dag.py took 0.078 seconds
[2024-05-20T20:10:02.928+0200] {processor.py:161} INFO - Started process (PID=159931) to work on /home/munya/anaconda3/lib/python3.11/site-packages/airflow/example_dags/example_sla_dag.py
[2024-05-20T20:10:02.929+0200] {processor.py:830} INFO - Processing file /home/munya/anaconda3/lib/python3.11/site-packages/airflow/example_dags/example_sla_dag.py for tasks to queue
[2024-05-20T20:10:02.930+0200] {logging_mixin.py:188} INFO - [2024-05-20T20:10:02.930+0200] {dagbag.py:545} INFO - Filling up the DagBag from /home/munya/anaconda3/lib/python3.11/site-packages/airflow/example_dags/example_sla_dag.py
[2024-05-20T20:10:02.937+0200] {processor.py:840} INFO - DAG(s) 'example_sla_dag' retrieved from /home/munya/anaconda3/lib/python3.11/site-packages/airflow/example_dags/example_sla_dag.py
[2024-05-20T20:10:02.949+0200] {logging_mixin.py:188} INFO - [2024-05-20T20:10:02.949+0200] {dag.py:3096} INFO - Sync 1 DAGs
[2024-05-20T20:10:02.966+0200] {logging_mixin.py:188} INFO - [2024-05-20T20:10:02.965+0200] {dag.py:3954} INFO - Setting next_dagrun for example_sla_dag to 2024-05-20 18:08:00+00:00, run_after=2024-05-20 18:10:00+00:00
[2024-05-20T20:10:02.980+0200] {processor.py:183} INFO - Processing /home/munya/anaconda3/lib/python3.11/site-packages/airflow/example_dags/example_sla_dag.py took 0.057 seconds
[2024-05-20T20:11:07.321+0200] {processor.py:161} INFO - Started process (PID=161002) to work on /home/munya/anaconda3/lib/python3.11/site-packages/airflow/example_dags/example_sla_dag.py
[2024-05-20T20:11:07.323+0200] {processor.py:830} INFO - Processing file /home/munya/anaconda3/lib/python3.11/site-packages/airflow/example_dags/example_sla_dag.py for tasks to queue
[2024-05-20T20:11:07.324+0200] {logging_mixin.py:188} INFO - [2024-05-20T20:11:07.323+0200] {dagbag.py:545} INFO - Filling up the DagBag from /home/munya/anaconda3/lib/python3.11/site-packages/airflow/example_dags/example_sla_dag.py
[2024-05-20T20:11:07.338+0200] {processor.py:840} INFO - DAG(s) 'example_sla_dag' retrieved from /home/munya/anaconda3/lib/python3.11/site-packages/airflow/example_dags/example_sla_dag.py
[2024-05-20T20:11:07.365+0200] {logging_mixin.py:188} INFO - [2024-05-20T20:11:07.365+0200] {dag.py:3096} INFO - Sync 1 DAGs
[2024-05-20T20:11:07.404+0200] {logging_mixin.py:188} INFO - [2024-05-20T20:11:07.404+0200] {dag.py:3954} INFO - Setting next_dagrun for example_sla_dag to 2024-05-20 18:08:00+00:00, run_after=2024-05-20 18:10:00+00:00
[2024-05-20T20:11:07.429+0200] {processor.py:183} INFO - Processing /home/munya/anaconda3/lib/python3.11/site-packages/airflow/example_dags/example_sla_dag.py took 0.116 seconds
[2024-05-20T20:12:06.792+0200] {processor.py:161} INFO - Started process (PID=161919) to work on /home/munya/anaconda3/lib/python3.11/site-packages/airflow/example_dags/example_sla_dag.py
[2024-05-20T20:12:06.795+0200] {processor.py:830} INFO - Processing file /home/munya/anaconda3/lib/python3.11/site-packages/airflow/example_dags/example_sla_dag.py for tasks to queue
[2024-05-20T20:12:06.798+0200] {logging_mixin.py:188} INFO - [2024-05-20T20:12:06.797+0200] {dagbag.py:545} INFO - Filling up the DagBag from /home/munya/anaconda3/lib/python3.11/site-packages/airflow/example_dags/example_sla_dag.py
[2024-05-20T20:12:06.827+0200] {processor.py:840} INFO - DAG(s) 'example_sla_dag' retrieved from /home/munya/anaconda3/lib/python3.11/site-packages/airflow/example_dags/example_sla_dag.py
[2024-05-20T20:12:06.873+0200] {logging_mixin.py:188} INFO - [2024-05-20T20:12:06.872+0200] {dag.py:3096} INFO - Sync 1 DAGs
[2024-05-20T20:12:06.945+0200] {logging_mixin.py:188} INFO - [2024-05-20T20:12:06.945+0200] {dag.py:3954} INFO - Setting next_dagrun for example_sla_dag to 2024-05-20 18:10:00+00:00, run_after=2024-05-20 18:12:00+00:00
[2024-05-20T20:12:07.018+0200] {processor.py:183} INFO - Processing /home/munya/anaconda3/lib/python3.11/site-packages/airflow/example_dags/example_sla_dag.py took 0.247 seconds
[2024-05-20T20:13:09.184+0200] {processor.py:161} INFO - Started process (PID=162885) to work on /home/munya/anaconda3/lib/python3.11/site-packages/airflow/example_dags/example_sla_dag.py
[2024-05-20T20:13:09.185+0200] {processor.py:830} INFO - Processing file /home/munya/anaconda3/lib/python3.11/site-packages/airflow/example_dags/example_sla_dag.py for tasks to queue
[2024-05-20T20:13:09.186+0200] {logging_mixin.py:188} INFO - [2024-05-20T20:13:09.185+0200] {dagbag.py:545} INFO - Filling up the DagBag from /home/munya/anaconda3/lib/python3.11/site-packages/airflow/example_dags/example_sla_dag.py
[2024-05-20T20:13:09.195+0200] {processor.py:840} INFO - DAG(s) 'example_sla_dag' retrieved from /home/munya/anaconda3/lib/python3.11/site-packages/airflow/example_dags/example_sla_dag.py
[2024-05-20T20:13:09.210+0200] {logging_mixin.py:188} INFO - [2024-05-20T20:13:09.210+0200] {dag.py:3096} INFO - Sync 1 DAGs
[2024-05-20T20:13:09.231+0200] {logging_mixin.py:188} INFO - [2024-05-20T20:13:09.231+0200] {dag.py:3954} INFO - Setting next_dagrun for example_sla_dag to 2024-05-20 18:10:00+00:00, run_after=2024-05-20 18:12:00+00:00
[2024-05-20T20:13:09.248+0200] {processor.py:183} INFO - Processing /home/munya/anaconda3/lib/python3.11/site-packages/airflow/example_dags/example_sla_dag.py took 0.070 seconds
[2024-05-20T20:14:05.859+0200] {processor.py:161} INFO - Started process (PID=164178) to work on /home/munya/anaconda3/lib/python3.11/site-packages/airflow/example_dags/example_sla_dag.py
[2024-05-20T20:14:05.860+0200] {processor.py:830} INFO - Processing file /home/munya/anaconda3/lib/python3.11/site-packages/airflow/example_dags/example_sla_dag.py for tasks to queue
[2024-05-20T20:14:05.861+0200] {logging_mixin.py:188} INFO - [2024-05-20T20:14:05.860+0200] {dagbag.py:545} INFO - Filling up the DagBag from /home/munya/anaconda3/lib/python3.11/site-packages/airflow/example_dags/example_sla_dag.py
[2024-05-20T20:14:05.869+0200] {processor.py:840} INFO - DAG(s) 'example_sla_dag' retrieved from /home/munya/anaconda3/lib/python3.11/site-packages/airflow/example_dags/example_sla_dag.py
[2024-05-20T20:14:05.881+0200] {logging_mixin.py:188} INFO - [2024-05-20T20:14:05.881+0200] {dag.py:3096} INFO - Sync 1 DAGs
[2024-05-20T20:14:05.898+0200] {logging_mixin.py:188} INFO - [2024-05-20T20:14:05.897+0200] {dag.py:3954} INFO - Setting next_dagrun for example_sla_dag to 2024-05-20 18:12:00+00:00, run_after=2024-05-20 18:14:00+00:00
[2024-05-20T20:14:05.915+0200] {processor.py:183} INFO - Processing /home/munya/anaconda3/lib/python3.11/site-packages/airflow/example_dags/example_sla_dag.py took 0.061 seconds
[2024-05-20T20:15:07.043+0200] {processor.py:161} INFO - Started process (PID=165139) to work on /home/munya/anaconda3/lib/python3.11/site-packages/airflow/example_dags/example_sla_dag.py
[2024-05-20T20:15:07.047+0200] {processor.py:830} INFO - Processing file /home/munya/anaconda3/lib/python3.11/site-packages/airflow/example_dags/example_sla_dag.py for tasks to queue
[2024-05-20T20:15:07.052+0200] {logging_mixin.py:188} INFO - [2024-05-20T20:15:07.050+0200] {dagbag.py:545} INFO - Filling up the DagBag from /home/munya/anaconda3/lib/python3.11/site-packages/airflow/example_dags/example_sla_dag.py
[2024-05-20T20:15:07.086+0200] {processor.py:840} INFO - DAG(s) 'example_sla_dag' retrieved from /home/munya/anaconda3/lib/python3.11/site-packages/airflow/example_dags/example_sla_dag.py
[2024-05-20T20:15:07.203+0200] {logging_mixin.py:188} INFO - [2024-05-20T20:15:07.202+0200] {dag.py:3096} INFO - Sync 1 DAGs
[2024-05-20T20:15:07.310+0200] {logging_mixin.py:188} INFO - [2024-05-20T20:15:07.309+0200] {dag.py:3954} INFO - Setting next_dagrun for example_sla_dag to 2024-05-20 18:12:00+00:00, run_after=2024-05-20 18:14:00+00:00
[2024-05-20T20:15:07.361+0200] {processor.py:183} INFO - Processing /home/munya/anaconda3/lib/python3.11/site-packages/airflow/example_dags/example_sla_dag.py took 0.340 seconds
[2024-05-20T20:16:07.034+0200] {processor.py:161} INFO - Started process (PID=166080) to work on /home/munya/anaconda3/lib/python3.11/site-packages/airflow/example_dags/example_sla_dag.py
[2024-05-20T20:16:07.035+0200] {processor.py:830} INFO - Processing file /home/munya/anaconda3/lib/python3.11/site-packages/airflow/example_dags/example_sla_dag.py for tasks to queue
[2024-05-20T20:16:07.036+0200] {logging_mixin.py:188} INFO - [2024-05-20T20:16:07.036+0200] {dagbag.py:545} INFO - Filling up the DagBag from /home/munya/anaconda3/lib/python3.11/site-packages/airflow/example_dags/example_sla_dag.py
[2024-05-20T20:16:07.043+0200] {processor.py:840} INFO - DAG(s) 'example_sla_dag' retrieved from /home/munya/anaconda3/lib/python3.11/site-packages/airflow/example_dags/example_sla_dag.py
[2024-05-20T20:16:07.056+0200] {logging_mixin.py:188} INFO - [2024-05-20T20:16:07.056+0200] {dag.py:3096} INFO - Sync 1 DAGs
[2024-05-20T20:16:07.073+0200] {logging_mixin.py:188} INFO - [2024-05-20T20:16:07.073+0200] {dag.py:3954} INFO - Setting next_dagrun for example_sla_dag to 2024-05-20 18:14:00+00:00, run_after=2024-05-20 18:16:00+00:00
[2024-05-20T20:16:07.090+0200] {processor.py:183} INFO - Processing /home/munya/anaconda3/lib/python3.11/site-packages/airflow/example_dags/example_sla_dag.py took 0.061 seconds
[2024-05-20T20:17:08.139+0200] {processor.py:161} INFO - Started process (PID=167032) to work on /home/munya/anaconda3/lib/python3.11/site-packages/airflow/example_dags/example_sla_dag.py
[2024-05-20T20:17:08.141+0200] {processor.py:830} INFO - Processing file /home/munya/anaconda3/lib/python3.11/site-packages/airflow/example_dags/example_sla_dag.py for tasks to queue
[2024-05-20T20:17:08.142+0200] {logging_mixin.py:188} INFO - [2024-05-20T20:17:08.141+0200] {dagbag.py:545} INFO - Filling up the DagBag from /home/munya/anaconda3/lib/python3.11/site-packages/airflow/example_dags/example_sla_dag.py
[2024-05-20T20:17:08.149+0200] {processor.py:840} INFO - DAG(s) 'example_sla_dag' retrieved from /home/munya/anaconda3/lib/python3.11/site-packages/airflow/example_dags/example_sla_dag.py
[2024-05-20T20:17:08.161+0200] {logging_mixin.py:188} INFO - [2024-05-20T20:17:08.161+0200] {dag.py:3096} INFO - Sync 1 DAGs
[2024-05-20T20:17:08.182+0200] {logging_mixin.py:188} INFO - [2024-05-20T20:17:08.181+0200] {dag.py:3954} INFO - Setting next_dagrun for example_sla_dag to 2024-05-20 18:14:00+00:00, run_after=2024-05-20 18:16:00+00:00
[2024-05-20T20:17:08.197+0200] {processor.py:183} INFO - Processing /home/munya/anaconda3/lib/python3.11/site-packages/airflow/example_dags/example_sla_dag.py took 0.063 seconds
[2024-05-20T20:18:07.349+0200] {processor.py:161} INFO - Started process (PID=167954) to work on /home/munya/anaconda3/lib/python3.11/site-packages/airflow/example_dags/example_sla_dag.py
[2024-05-20T20:18:07.350+0200] {processor.py:830} INFO - Processing file /home/munya/anaconda3/lib/python3.11/site-packages/airflow/example_dags/example_sla_dag.py for tasks to queue
[2024-05-20T20:18:07.351+0200] {logging_mixin.py:188} INFO - [2024-05-20T20:18:07.351+0200] {dagbag.py:545} INFO - Filling up the DagBag from /home/munya/anaconda3/lib/python3.11/site-packages/airflow/example_dags/example_sla_dag.py
[2024-05-20T20:18:07.358+0200] {processor.py:840} INFO - DAG(s) 'example_sla_dag' retrieved from /home/munya/anaconda3/lib/python3.11/site-packages/airflow/example_dags/example_sla_dag.py
[2024-05-20T20:18:07.371+0200] {logging_mixin.py:188} INFO - [2024-05-20T20:18:07.370+0200] {dag.py:3096} INFO - Sync 1 DAGs
[2024-05-20T20:18:07.387+0200] {logging_mixin.py:188} INFO - [2024-05-20T20:18:07.387+0200] {dag.py:3954} INFO - Setting next_dagrun for example_sla_dag to 2024-05-20 18:16:00+00:00, run_after=2024-05-20 18:18:00+00:00
[2024-05-20T20:18:07.403+0200] {processor.py:183} INFO - Processing /home/munya/anaconda3/lib/python3.11/site-packages/airflow/example_dags/example_sla_dag.py took 0.058 seconds
[2024-05-20T20:19:10.014+0200] {processor.py:161} INFO - Started process (PID=168908) to work on /home/munya/anaconda3/lib/python3.11/site-packages/airflow/example_dags/example_sla_dag.py
[2024-05-20T20:19:10.015+0200] {processor.py:830} INFO - Processing file /home/munya/anaconda3/lib/python3.11/site-packages/airflow/example_dags/example_sla_dag.py for tasks to queue
[2024-05-20T20:19:10.016+0200] {logging_mixin.py:188} INFO - [2024-05-20T20:19:10.016+0200] {dagbag.py:545} INFO - Filling up the DagBag from /home/munya/anaconda3/lib/python3.11/site-packages/airflow/example_dags/example_sla_dag.py
[2024-05-20T20:19:10.023+0200] {processor.py:840} INFO - DAG(s) 'example_sla_dag' retrieved from /home/munya/anaconda3/lib/python3.11/site-packages/airflow/example_dags/example_sla_dag.py
[2024-05-20T20:19:10.036+0200] {logging_mixin.py:188} INFO - [2024-05-20T20:19:10.036+0200] {dag.py:3096} INFO - Sync 1 DAGs
[2024-05-20T20:19:10.054+0200] {logging_mixin.py:188} INFO - [2024-05-20T20:19:10.054+0200] {dag.py:3954} INFO - Setting next_dagrun for example_sla_dag to 2024-05-20 18:16:00+00:00, run_after=2024-05-20 18:18:00+00:00
[2024-05-20T20:19:10.070+0200] {processor.py:183} INFO - Processing /home/munya/anaconda3/lib/python3.11/site-packages/airflow/example_dags/example_sla_dag.py took 0.061 seconds
[2024-05-20T20:20:02.725+0200] {processor.py:161} INFO - Started process (PID=169703) to work on /home/munya/anaconda3/lib/python3.11/site-packages/airflow/example_dags/example_sla_dag.py
[2024-05-20T20:20:02.729+0200] {processor.py:830} INFO - Processing file /home/munya/anaconda3/lib/python3.11/site-packages/airflow/example_dags/example_sla_dag.py for tasks to queue
[2024-05-20T20:20:02.731+0200] {logging_mixin.py:188} INFO - [2024-05-20T20:20:02.730+0200] {dagbag.py:545} INFO - Filling up the DagBag from /home/munya/anaconda3/lib/python3.11/site-packages/airflow/example_dags/example_sla_dag.py
[2024-05-20T20:20:02.759+0200] {processor.py:840} INFO - DAG(s) 'example_sla_dag' retrieved from /home/munya/anaconda3/lib/python3.11/site-packages/airflow/example_dags/example_sla_dag.py
[2024-05-20T20:20:02.807+0200] {logging_mixin.py:188} INFO - [2024-05-20T20:20:02.806+0200] {dag.py:3096} INFO - Sync 1 DAGs
[2024-05-20T20:20:02.887+0200] {logging_mixin.py:188} INFO - [2024-05-20T20:20:02.886+0200] {dag.py:3954} INFO - Setting next_dagrun for example_sla_dag to 2024-05-20 18:18:00+00:00, run_after=2024-05-20 18:20:00+00:00
[2024-05-20T20:20:02.947+0200] {processor.py:183} INFO - Processing /home/munya/anaconda3/lib/python3.11/site-packages/airflow/example_dags/example_sla_dag.py took 0.244 seconds
[2024-05-20T20:21:00.888+0200] {processor.py:161} INFO - Started process (PID=170566) to work on /home/munya/anaconda3/lib/python3.11/site-packages/airflow/example_dags/example_sla_dag.py
[2024-05-20T20:21:00.889+0200] {processor.py:830} INFO - Processing file /home/munya/anaconda3/lib/python3.11/site-packages/airflow/example_dags/example_sla_dag.py for tasks to queue
[2024-05-20T20:21:00.890+0200] {logging_mixin.py:188} INFO - [2024-05-20T20:21:00.890+0200] {dagbag.py:545} INFO - Filling up the DagBag from /home/munya/anaconda3/lib/python3.11/site-packages/airflow/example_dags/example_sla_dag.py
[2024-05-20T20:21:00.897+0200] {processor.py:840} INFO - DAG(s) 'example_sla_dag' retrieved from /home/munya/anaconda3/lib/python3.11/site-packages/airflow/example_dags/example_sla_dag.py
[2024-05-20T20:21:00.909+0200] {logging_mixin.py:188} INFO - [2024-05-20T20:21:00.909+0200] {dag.py:3096} INFO - Sync 1 DAGs
[2024-05-20T20:21:00.926+0200] {logging_mixin.py:188} INFO - [2024-05-20T20:21:00.926+0200] {dag.py:3954} INFO - Setting next_dagrun for example_sla_dag to 2024-05-20 18:18:00+00:00, run_after=2024-05-20 18:20:00+00:00
[2024-05-20T20:21:00.942+0200] {processor.py:183} INFO - Processing /home/munya/anaconda3/lib/python3.11/site-packages/airflow/example_dags/example_sla_dag.py took 0.059 seconds
[2024-05-20T20:22:01.018+0200] {processor.py:161} INFO - Started process (PID=171488) to work on /home/munya/anaconda3/lib/python3.11/site-packages/airflow/example_dags/example_sla_dag.py
[2024-05-20T20:22:01.019+0200] {processor.py:830} INFO - Processing file /home/munya/anaconda3/lib/python3.11/site-packages/airflow/example_dags/example_sla_dag.py for tasks to queue
[2024-05-20T20:22:01.020+0200] {logging_mixin.py:188} INFO - [2024-05-20T20:22:01.020+0200] {dagbag.py:545} INFO - Filling up the DagBag from /home/munya/anaconda3/lib/python3.11/site-packages/airflow/example_dags/example_sla_dag.py
[2024-05-20T20:22:01.027+0200] {processor.py:840} INFO - DAG(s) 'example_sla_dag' retrieved from /home/munya/anaconda3/lib/python3.11/site-packages/airflow/example_dags/example_sla_dag.py
[2024-05-20T20:22:01.040+0200] {logging_mixin.py:188} INFO - [2024-05-20T20:22:01.040+0200] {dag.py:3096} INFO - Sync 1 DAGs
[2024-05-20T20:22:01.056+0200] {logging_mixin.py:188} INFO - [2024-05-20T20:22:01.056+0200] {dag.py:3954} INFO - Setting next_dagrun for example_sla_dag to 2024-05-20 18:20:00+00:00, run_after=2024-05-20 18:22:00+00:00
[2024-05-20T20:22:01.074+0200] {processor.py:183} INFO - Processing /home/munya/anaconda3/lib/python3.11/site-packages/airflow/example_dags/example_sla_dag.py took 0.060 seconds
[2024-05-20T20:23:00.458+0200] {processor.py:161} INFO - Started process (PID=172392) to work on /home/munya/anaconda3/lib/python3.11/site-packages/airflow/example_dags/example_sla_dag.py
[2024-05-20T20:23:00.459+0200] {processor.py:830} INFO - Processing file /home/munya/anaconda3/lib/python3.11/site-packages/airflow/example_dags/example_sla_dag.py for tasks to queue
[2024-05-20T20:23:00.460+0200] {logging_mixin.py:188} INFO - [2024-05-20T20:23:00.460+0200] {dagbag.py:545} INFO - Filling up the DagBag from /home/munya/anaconda3/lib/python3.11/site-packages/airflow/example_dags/example_sla_dag.py
[2024-05-20T20:23:00.469+0200] {processor.py:840} INFO - DAG(s) 'example_sla_dag' retrieved from /home/munya/anaconda3/lib/python3.11/site-packages/airflow/example_dags/example_sla_dag.py
[2024-05-20T20:23:00.484+0200] {logging_mixin.py:188} INFO - [2024-05-20T20:23:00.484+0200] {dag.py:3096} INFO - Sync 1 DAGs
[2024-05-20T20:23:00.503+0200] {logging_mixin.py:188} INFO - [2024-05-20T20:23:00.503+0200] {dag.py:3954} INFO - Setting next_dagrun for example_sla_dag to 2024-05-20 18:20:00+00:00, run_after=2024-05-20 18:22:00+00:00
[2024-05-20T20:23:00.521+0200] {processor.py:183} INFO - Processing /home/munya/anaconda3/lib/python3.11/site-packages/airflow/example_dags/example_sla_dag.py took 0.068 seconds
[2024-05-20T20:23:59.461+0200] {processor.py:161} INFO - Started process (PID=173313) to work on /home/munya/anaconda3/lib/python3.11/site-packages/airflow/example_dags/example_sla_dag.py
[2024-05-20T20:23:59.464+0200] {processor.py:830} INFO - Processing file /home/munya/anaconda3/lib/python3.11/site-packages/airflow/example_dags/example_sla_dag.py for tasks to queue
[2024-05-20T20:23:59.467+0200] {logging_mixin.py:188} INFO - [2024-05-20T20:23:59.466+0200] {dagbag.py:545} INFO - Filling up the DagBag from /home/munya/anaconda3/lib/python3.11/site-packages/airflow/example_dags/example_sla_dag.py
[2024-05-20T20:23:59.496+0200] {processor.py:840} INFO - DAG(s) 'example_sla_dag' retrieved from /home/munya/anaconda3/lib/python3.11/site-packages/airflow/example_dags/example_sla_dag.py
[2024-05-20T20:23:59.543+0200] {logging_mixin.py:188} INFO - [2024-05-20T20:23:59.542+0200] {dag.py:3096} INFO - Sync 1 DAGs
[2024-05-20T20:23:59.611+0200] {logging_mixin.py:188} INFO - [2024-05-20T20:23:59.611+0200] {dag.py:3954} INFO - Setting next_dagrun for example_sla_dag to 2024-05-20 18:20:00+00:00, run_after=2024-05-20 18:22:00+00:00
[2024-05-20T20:23:59.666+0200] {processor.py:183} INFO - Processing /home/munya/anaconda3/lib/python3.11/site-packages/airflow/example_dags/example_sla_dag.py took 0.224 seconds
[2024-05-20T20:24:59.115+0200] {processor.py:161} INFO - Started process (PID=174218) to work on /home/munya/anaconda3/lib/python3.11/site-packages/airflow/example_dags/example_sla_dag.py
[2024-05-20T20:24:59.118+0200] {processor.py:830} INFO - Processing file /home/munya/anaconda3/lib/python3.11/site-packages/airflow/example_dags/example_sla_dag.py for tasks to queue
[2024-05-20T20:24:59.121+0200] {logging_mixin.py:188} INFO - [2024-05-20T20:24:59.120+0200] {dagbag.py:545} INFO - Filling up the DagBag from /home/munya/anaconda3/lib/python3.11/site-packages/airflow/example_dags/example_sla_dag.py
[2024-05-20T20:24:59.148+0200] {processor.py:840} INFO - DAG(s) 'example_sla_dag' retrieved from /home/munya/anaconda3/lib/python3.11/site-packages/airflow/example_dags/example_sla_dag.py
[2024-05-20T20:24:59.200+0200] {logging_mixin.py:188} INFO - [2024-05-20T20:24:59.199+0200] {dag.py:3096} INFO - Sync 1 DAGs
[2024-05-20T20:24:59.286+0200] {logging_mixin.py:188} INFO - [2024-05-20T20:24:59.285+0200] {dag.py:3954} INFO - Setting next_dagrun for example_sla_dag to 2024-05-20 18:22:00+00:00, run_after=2024-05-20 18:24:00+00:00
[2024-05-20T20:24:59.379+0200] {processor.py:183} INFO - Processing /home/munya/anaconda3/lib/python3.11/site-packages/airflow/example_dags/example_sla_dag.py took 0.283 seconds
[2024-05-20T20:25:56.145+0200] {processor.py:161} INFO - Started process (PID=175158) to work on /home/munya/anaconda3/lib/python3.11/site-packages/airflow/example_dags/example_sla_dag.py
[2024-05-20T20:25:56.146+0200] {processor.py:830} INFO - Processing file /home/munya/anaconda3/lib/python3.11/site-packages/airflow/example_dags/example_sla_dag.py for tasks to queue
[2024-05-20T20:25:56.147+0200] {logging_mixin.py:188} INFO - [2024-05-20T20:25:56.147+0200] {dagbag.py:545} INFO - Filling up the DagBag from /home/munya/anaconda3/lib/python3.11/site-packages/airflow/example_dags/example_sla_dag.py
[2024-05-20T20:25:56.157+0200] {processor.py:840} INFO - DAG(s) 'example_sla_dag' retrieved from /home/munya/anaconda3/lib/python3.11/site-packages/airflow/example_dags/example_sla_dag.py
[2024-05-20T20:25:56.174+0200] {logging_mixin.py:188} INFO - [2024-05-20T20:25:56.174+0200] {dag.py:3096} INFO - Sync 1 DAGs
[2024-05-20T20:25:56.200+0200] {logging_mixin.py:188} INFO - [2024-05-20T20:25:56.200+0200] {dag.py:3954} INFO - Setting next_dagrun for example_sla_dag to 2024-05-20 18:22:00+00:00, run_after=2024-05-20 18:24:00+00:00
[2024-05-20T20:25:56.222+0200] {processor.py:183} INFO - Processing /home/munya/anaconda3/lib/python3.11/site-packages/airflow/example_dags/example_sla_dag.py took 0.083 seconds
[2024-05-20T20:26:58.956+0200] {processor.py:161} INFO - Started process (PID=176130) to work on /home/munya/anaconda3/lib/python3.11/site-packages/airflow/example_dags/example_sla_dag.py
[2024-05-20T20:26:58.957+0200] {processor.py:830} INFO - Processing file /home/munya/anaconda3/lib/python3.11/site-packages/airflow/example_dags/example_sla_dag.py for tasks to queue
[2024-05-20T20:26:58.958+0200] {logging_mixin.py:188} INFO - [2024-05-20T20:26:58.958+0200] {dagbag.py:545} INFO - Filling up the DagBag from /home/munya/anaconda3/lib/python3.11/site-packages/airflow/example_dags/example_sla_dag.py
[2024-05-20T20:26:58.966+0200] {processor.py:840} INFO - DAG(s) 'example_sla_dag' retrieved from /home/munya/anaconda3/lib/python3.11/site-packages/airflow/example_dags/example_sla_dag.py
[2024-05-20T20:26:58.978+0200] {logging_mixin.py:188} INFO - [2024-05-20T20:26:58.978+0200] {dag.py:3096} INFO - Sync 1 DAGs
[2024-05-20T20:26:58.996+0200] {logging_mixin.py:188} INFO - [2024-05-20T20:26:58.996+0200] {dag.py:3954} INFO - Setting next_dagrun for example_sla_dag to 2024-05-20 18:24:00+00:00, run_after=2024-05-20 18:26:00+00:00
[2024-05-20T20:26:59.012+0200] {processor.py:183} INFO - Processing /home/munya/anaconda3/lib/python3.11/site-packages/airflow/example_dags/example_sla_dag.py took 0.060 seconds
[2024-05-20T20:27:58.322+0200] {processor.py:161} INFO - Started process (PID=177024) to work on /home/munya/anaconda3/lib/python3.11/site-packages/airflow/example_dags/example_sla_dag.py
[2024-05-20T20:27:58.323+0200] {processor.py:830} INFO - Processing file /home/munya/anaconda3/lib/python3.11/site-packages/airflow/example_dags/example_sla_dag.py for tasks to queue
[2024-05-20T20:27:58.324+0200] {logging_mixin.py:188} INFO - [2024-05-20T20:27:58.323+0200] {dagbag.py:545} INFO - Filling up the DagBag from /home/munya/anaconda3/lib/python3.11/site-packages/airflow/example_dags/example_sla_dag.py
[2024-05-20T20:27:58.330+0200] {processor.py:840} INFO - DAG(s) 'example_sla_dag' retrieved from /home/munya/anaconda3/lib/python3.11/site-packages/airflow/example_dags/example_sla_dag.py
[2024-05-20T20:27:58.343+0200] {logging_mixin.py:188} INFO - [2024-05-20T20:27:58.342+0200] {dag.py:3096} INFO - Sync 1 DAGs
[2024-05-20T20:27:58.360+0200] {logging_mixin.py:188} INFO - [2024-05-20T20:27:58.360+0200] {dag.py:3954} INFO - Setting next_dagrun for example_sla_dag to 2024-05-20 18:24:00+00:00, run_after=2024-05-20 18:26:00+00:00
[2024-05-20T20:27:58.375+0200] {processor.py:183} INFO - Processing /home/munya/anaconda3/lib/python3.11/site-packages/airflow/example_dags/example_sla_dag.py took 0.059 seconds
[2024-05-20T20:28:55.640+0200] {processor.py:161} INFO - Started process (PID=177933) to work on /home/munya/anaconda3/lib/python3.11/site-packages/airflow/example_dags/example_sla_dag.py
[2024-05-20T20:28:55.641+0200] {processor.py:830} INFO - Processing file /home/munya/anaconda3/lib/python3.11/site-packages/airflow/example_dags/example_sla_dag.py for tasks to queue
[2024-05-20T20:28:55.642+0200] {logging_mixin.py:188} INFO - [2024-05-20T20:28:55.641+0200] {dagbag.py:545} INFO - Filling up the DagBag from /home/munya/anaconda3/lib/python3.11/site-packages/airflow/example_dags/example_sla_dag.py
[2024-05-20T20:28:55.648+0200] {processor.py:840} INFO - DAG(s) 'example_sla_dag' retrieved from /home/munya/anaconda3/lib/python3.11/site-packages/airflow/example_dags/example_sla_dag.py
[2024-05-20T20:28:55.662+0200] {logging_mixin.py:188} INFO - [2024-05-20T20:28:55.662+0200] {dag.py:3096} INFO - Sync 1 DAGs
[2024-05-20T20:28:55.683+0200] {logging_mixin.py:188} INFO - [2024-05-20T20:28:55.682+0200] {dag.py:3954} INFO - Setting next_dagrun for example_sla_dag to 2024-05-20 18:26:00+00:00, run_after=2024-05-20 18:28:00+00:00
[2024-05-20T20:28:55.699+0200] {processor.py:183} INFO - Processing /home/munya/anaconda3/lib/python3.11/site-packages/airflow/example_dags/example_sla_dag.py took 0.064 seconds
[2024-05-20T20:29:53.010+0200] {processor.py:161} INFO - Started process (PID=178801) to work on /home/munya/anaconda3/lib/python3.11/site-packages/airflow/example_dags/example_sla_dag.py
[2024-05-20T20:29:53.011+0200] {processor.py:830} INFO - Processing file /home/munya/anaconda3/lib/python3.11/site-packages/airflow/example_dags/example_sla_dag.py for tasks to queue
[2024-05-20T20:29:53.012+0200] {logging_mixin.py:188} INFO - [2024-05-20T20:29:53.011+0200] {dagbag.py:545} INFO - Filling up the DagBag from /home/munya/anaconda3/lib/python3.11/site-packages/airflow/example_dags/example_sla_dag.py
[2024-05-20T20:29:53.019+0200] {processor.py:840} INFO - DAG(s) 'example_sla_dag' retrieved from /home/munya/anaconda3/lib/python3.11/site-packages/airflow/example_dags/example_sla_dag.py
[2024-05-20T20:29:53.032+0200] {logging_mixin.py:188} INFO - [2024-05-20T20:29:53.032+0200] {dag.py:3096} INFO - Sync 1 DAGs
[2024-05-20T20:29:53.050+0200] {logging_mixin.py:188} INFO - [2024-05-20T20:29:53.050+0200] {dag.py:3954} INFO - Setting next_dagrun for example_sla_dag to 2024-05-20 18:26:00+00:00, run_after=2024-05-20 18:28:00+00:00
[2024-05-20T20:29:53.066+0200] {processor.py:183} INFO - Processing /home/munya/anaconda3/lib/python3.11/site-packages/airflow/example_dags/example_sla_dag.py took 0.062 seconds
[2024-05-20T20:30:53.379+0200] {processor.py:161} INFO - Started process (PID=179747) to work on /home/munya/anaconda3/lib/python3.11/site-packages/airflow/example_dags/example_sla_dag.py
[2024-05-20T20:30:53.381+0200] {processor.py:830} INFO - Processing file /home/munya/anaconda3/lib/python3.11/site-packages/airflow/example_dags/example_sla_dag.py for tasks to queue
[2024-05-20T20:30:53.382+0200] {logging_mixin.py:188} INFO - [2024-05-20T20:30:53.381+0200] {dagbag.py:545} INFO - Filling up the DagBag from /home/munya/anaconda3/lib/python3.11/site-packages/airflow/example_dags/example_sla_dag.py
[2024-05-20T20:30:53.392+0200] {processor.py:840} INFO - DAG(s) 'example_sla_dag' retrieved from /home/munya/anaconda3/lib/python3.11/site-packages/airflow/example_dags/example_sla_dag.py
[2024-05-20T20:30:53.406+0200] {logging_mixin.py:188} INFO - [2024-05-20T20:30:53.406+0200] {dag.py:3096} INFO - Sync 1 DAGs
[2024-05-20T20:30:53.424+0200] {logging_mixin.py:188} INFO - [2024-05-20T20:30:53.424+0200] {dag.py:3954} INFO - Setting next_dagrun for example_sla_dag to 2024-05-20 18:28:00+00:00, run_after=2024-05-20 18:30:00+00:00
[2024-05-20T20:30:53.440+0200] {processor.py:183} INFO - Processing /home/munya/anaconda3/lib/python3.11/site-packages/airflow/example_dags/example_sla_dag.py took 0.068 seconds
[2024-05-20T20:31:52.730+0200] {processor.py:161} INFO - Started process (PID=180630) to work on /home/munya/anaconda3/lib/python3.11/site-packages/airflow/example_dags/example_sla_dag.py
[2024-05-20T20:31:52.733+0200] {processor.py:830} INFO - Processing file /home/munya/anaconda3/lib/python3.11/site-packages/airflow/example_dags/example_sla_dag.py for tasks to queue
[2024-05-20T20:31:52.736+0200] {logging_mixin.py:188} INFO - [2024-05-20T20:31:52.735+0200] {dagbag.py:545} INFO - Filling up the DagBag from /home/munya/anaconda3/lib/python3.11/site-packages/airflow/example_dags/example_sla_dag.py
[2024-05-20T20:31:52.773+0200] {processor.py:840} INFO - DAG(s) 'example_sla_dag' retrieved from /home/munya/anaconda3/lib/python3.11/site-packages/airflow/example_dags/example_sla_dag.py
[2024-05-20T20:31:52.835+0200] {logging_mixin.py:188} INFO - [2024-05-20T20:31:52.834+0200] {dag.py:3096} INFO - Sync 1 DAGs
[2024-05-20T20:31:52.916+0200] {logging_mixin.py:188} INFO - [2024-05-20T20:31:52.915+0200] {dag.py:3954} INFO - Setting next_dagrun for example_sla_dag to 2024-05-20 18:28:00+00:00, run_after=2024-05-20 18:30:00+00:00
[2024-05-20T20:31:52.974+0200] {processor.py:183} INFO - Processing /home/munya/anaconda3/lib/python3.11/site-packages/airflow/example_dags/example_sla_dag.py took 0.267 seconds
[2024-05-20T20:32:57.023+0200] {processor.py:161} INFO - Started process (PID=181660) to work on /home/munya/anaconda3/lib/python3.11/site-packages/airflow/example_dags/example_sla_dag.py
[2024-05-20T20:32:57.024+0200] {processor.py:830} INFO - Processing file /home/munya/anaconda3/lib/python3.11/site-packages/airflow/example_dags/example_sla_dag.py for tasks to queue
[2024-05-20T20:32:57.025+0200] {logging_mixin.py:188} INFO - [2024-05-20T20:32:57.025+0200] {dagbag.py:545} INFO - Filling up the DagBag from /home/munya/anaconda3/lib/python3.11/site-packages/airflow/example_dags/example_sla_dag.py
[2024-05-20T20:32:57.034+0200] {processor.py:840} INFO - DAG(s) 'example_sla_dag' retrieved from /home/munya/anaconda3/lib/python3.11/site-packages/airflow/example_dags/example_sla_dag.py
[2024-05-20T20:32:57.049+0200] {logging_mixin.py:188} INFO - [2024-05-20T20:32:57.049+0200] {dag.py:3096} INFO - Sync 1 DAGs
[2024-05-20T20:32:57.070+0200] {logging_mixin.py:188} INFO - [2024-05-20T20:32:57.070+0200] {dag.py:3954} INFO - Setting next_dagrun for example_sla_dag to 2024-05-20 18:30:00+00:00, run_after=2024-05-20 18:32:00+00:00
[2024-05-20T20:32:57.090+0200] {processor.py:183} INFO - Processing /home/munya/anaconda3/lib/python3.11/site-packages/airflow/example_dags/example_sla_dag.py took 0.073 seconds
[2024-05-20T20:33:59.034+0200] {processor.py:161} INFO - Started process (PID=182636) to work on /home/munya/anaconda3/lib/python3.11/site-packages/airflow/example_dags/example_sla_dag.py
[2024-05-20T20:33:59.035+0200] {processor.py:830} INFO - Processing file /home/munya/anaconda3/lib/python3.11/site-packages/airflow/example_dags/example_sla_dag.py for tasks to queue
[2024-05-20T20:33:59.036+0200] {logging_mixin.py:188} INFO - [2024-05-20T20:33:59.036+0200] {dagbag.py:545} INFO - Filling up the DagBag from /home/munya/anaconda3/lib/python3.11/site-packages/airflow/example_dags/example_sla_dag.py
[2024-05-20T20:33:59.044+0200] {processor.py:840} INFO - DAG(s) 'example_sla_dag' retrieved from /home/munya/anaconda3/lib/python3.11/site-packages/airflow/example_dags/example_sla_dag.py
[2024-05-20T20:33:59.060+0200] {logging_mixin.py:188} INFO - [2024-05-20T20:33:59.060+0200] {dag.py:3096} INFO - Sync 1 DAGs
[2024-05-20T20:33:59.080+0200] {logging_mixin.py:188} INFO - [2024-05-20T20:33:59.079+0200] {dag.py:3954} INFO - Setting next_dagrun for example_sla_dag to 2024-05-20 18:30:00+00:00, run_after=2024-05-20 18:32:00+00:00
[2024-05-20T20:33:59.099+0200] {processor.py:183} INFO - Processing /home/munya/anaconda3/lib/python3.11/site-packages/airflow/example_dags/example_sla_dag.py took 0.070 seconds
[2024-05-20T20:35:01.130+0200] {processor.py:161} INFO - Started process (PID=183590) to work on /home/munya/anaconda3/lib/python3.11/site-packages/airflow/example_dags/example_sla_dag.py
[2024-05-20T20:35:01.131+0200] {processor.py:830} INFO - Processing file /home/munya/anaconda3/lib/python3.11/site-packages/airflow/example_dags/example_sla_dag.py for tasks to queue
[2024-05-20T20:35:01.132+0200] {logging_mixin.py:188} INFO - [2024-05-20T20:35:01.131+0200] {dagbag.py:545} INFO - Filling up the DagBag from /home/munya/anaconda3/lib/python3.11/site-packages/airflow/example_dags/example_sla_dag.py
[2024-05-20T20:35:01.139+0200] {processor.py:840} INFO - DAG(s) 'example_sla_dag' retrieved from /home/munya/anaconda3/lib/python3.11/site-packages/airflow/example_dags/example_sla_dag.py
[2024-05-20T20:35:01.152+0200] {logging_mixin.py:188} INFO - [2024-05-20T20:35:01.152+0200] {dag.py:3096} INFO - Sync 1 DAGs
[2024-05-20T20:35:01.171+0200] {logging_mixin.py:188} INFO - [2024-05-20T20:35:01.171+0200] {dag.py:3954} INFO - Setting next_dagrun for example_sla_dag to 2024-05-20 18:32:00+00:00, run_after=2024-05-20 18:34:00+00:00
[2024-05-20T20:35:01.186+0200] {processor.py:183} INFO - Processing /home/munya/anaconda3/lib/python3.11/site-packages/airflow/example_dags/example_sla_dag.py took 0.061 seconds
[2024-05-20T20:36:04.086+0200] {processor.py:161} INFO - Started process (PID=184593) to work on /home/munya/anaconda3/lib/python3.11/site-packages/airflow/example_dags/example_sla_dag.py
[2024-05-20T20:36:04.087+0200] {processor.py:830} INFO - Processing file /home/munya/anaconda3/lib/python3.11/site-packages/airflow/example_dags/example_sla_dag.py for tasks to queue
[2024-05-20T20:36:04.088+0200] {logging_mixin.py:188} INFO - [2024-05-20T20:36:04.088+0200] {dagbag.py:545} INFO - Filling up the DagBag from /home/munya/anaconda3/lib/python3.11/site-packages/airflow/example_dags/example_sla_dag.py
[2024-05-20T20:36:04.096+0200] {processor.py:840} INFO - DAG(s) 'example_sla_dag' retrieved from /home/munya/anaconda3/lib/python3.11/site-packages/airflow/example_dags/example_sla_dag.py
[2024-05-20T20:36:04.115+0200] {logging_mixin.py:188} INFO - [2024-05-20T20:36:04.115+0200] {dag.py:3096} INFO - Sync 1 DAGs
[2024-05-20T20:36:04.140+0200] {logging_mixin.py:188} INFO - [2024-05-20T20:36:04.139+0200] {dag.py:3954} INFO - Setting next_dagrun for example_sla_dag to 2024-05-20 18:34:00+00:00, run_after=2024-05-20 18:36:00+00:00
[2024-05-20T20:36:04.158+0200] {processor.py:183} INFO - Processing /home/munya/anaconda3/lib/python3.11/site-packages/airflow/example_dags/example_sla_dag.py took 0.079 seconds
[2024-05-20T20:37:02.539+0200] {processor.py:161} INFO - Started process (PID=185555) to work on /home/munya/anaconda3/lib/python3.11/site-packages/airflow/example_dags/example_sla_dag.py
[2024-05-20T20:37:02.540+0200] {processor.py:830} INFO - Processing file /home/munya/anaconda3/lib/python3.11/site-packages/airflow/example_dags/example_sla_dag.py for tasks to queue
[2024-05-20T20:37:02.541+0200] {logging_mixin.py:188} INFO - [2024-05-20T20:37:02.541+0200] {dagbag.py:545} INFO - Filling up the DagBag from /home/munya/anaconda3/lib/python3.11/site-packages/airflow/example_dags/example_sla_dag.py
[2024-05-20T20:37:02.549+0200] {processor.py:840} INFO - DAG(s) 'example_sla_dag' retrieved from /home/munya/anaconda3/lib/python3.11/site-packages/airflow/example_dags/example_sla_dag.py
[2024-05-20T20:37:02.564+0200] {logging_mixin.py:188} INFO - [2024-05-20T20:37:02.564+0200] {dag.py:3096} INFO - Sync 1 DAGs
[2024-05-20T20:37:02.586+0200] {logging_mixin.py:188} INFO - [2024-05-20T20:37:02.585+0200] {dag.py:3954} INFO - Setting next_dagrun for example_sla_dag to 2024-05-20 18:34:00+00:00, run_after=2024-05-20 18:36:00+00:00
[2024-05-20T20:37:02.604+0200] {processor.py:183} INFO - Processing /home/munya/anaconda3/lib/python3.11/site-packages/airflow/example_dags/example_sla_dag.py took 0.071 seconds
[2024-05-20T20:38:01.775+0200] {processor.py:161} INFO - Started process (PID=186706) to work on /home/munya/anaconda3/lib/python3.11/site-packages/airflow/example_dags/example_sla_dag.py
[2024-05-20T20:38:01.778+0200] {processor.py:830} INFO - Processing file /home/munya/anaconda3/lib/python3.11/site-packages/airflow/example_dags/example_sla_dag.py for tasks to queue
[2024-05-20T20:38:01.781+0200] {logging_mixin.py:188} INFO - [2024-05-20T20:38:01.780+0200] {dagbag.py:545} INFO - Filling up the DagBag from /home/munya/anaconda3/lib/python3.11/site-packages/airflow/example_dags/example_sla_dag.py
[2024-05-20T20:38:01.811+0200] {processor.py:840} INFO - DAG(s) 'example_sla_dag' retrieved from /home/munya/anaconda3/lib/python3.11/site-packages/airflow/example_dags/example_sla_dag.py
[2024-05-20T20:38:01.881+0200] {logging_mixin.py:188} INFO - [2024-05-20T20:38:01.880+0200] {dag.py:3096} INFO - Sync 1 DAGs
[2024-05-20T20:38:01.921+0200] {logging_mixin.py:188} INFO - [2024-05-20T20:38:01.921+0200] {dag.py:3954} INFO - Setting next_dagrun for example_sla_dag to 2024-05-20 18:36:00+00:00, run_after=2024-05-20 18:38:00+00:00
[2024-05-20T20:38:01.950+0200] {processor.py:183} INFO - Processing /home/munya/anaconda3/lib/python3.11/site-packages/airflow/example_dags/example_sla_dag.py took 0.198 seconds
[2024-05-20T20:39:21.150+0200] {processor.py:161} INFO - Started process (PID=187861) to work on /home/munya/anaconda3/lib/python3.11/site-packages/airflow/example_dags/example_sla_dag.py
[2024-05-20T20:39:21.154+0200] {processor.py:830} INFO - Processing file /home/munya/anaconda3/lib/python3.11/site-packages/airflow/example_dags/example_sla_dag.py for tasks to queue
[2024-05-20T20:39:21.158+0200] {logging_mixin.py:188} INFO - [2024-05-20T20:39:21.156+0200] {dagbag.py:545} INFO - Filling up the DagBag from /home/munya/anaconda3/lib/python3.11/site-packages/airflow/example_dags/example_sla_dag.py
[2024-05-20T20:39:21.186+0200] {processor.py:840} INFO - DAG(s) 'example_sla_dag' retrieved from /home/munya/anaconda3/lib/python3.11/site-packages/airflow/example_dags/example_sla_dag.py
[2024-05-20T20:39:21.212+0200] {logging_mixin.py:188} INFO - [2024-05-20T20:39:21.211+0200] {dag.py:3096} INFO - Sync 1 DAGs
[2024-05-20T20:39:21.248+0200] {logging_mixin.py:188} INFO - [2024-05-20T20:39:21.247+0200] {dag.py:3954} INFO - Setting next_dagrun for example_sla_dag to 2024-05-20 18:36:00+00:00, run_after=2024-05-20 18:38:00+00:00
[2024-05-20T20:39:21.274+0200] {processor.py:183} INFO - Processing /home/munya/anaconda3/lib/python3.11/site-packages/airflow/example_dags/example_sla_dag.py took 0.157 seconds
[2024-05-20T20:40:40.227+0200] {processor.py:161} INFO - Started process (PID=189055) to work on /home/munya/anaconda3/lib/python3.11/site-packages/airflow/example_dags/example_sla_dag.py
[2024-05-20T20:40:40.229+0200] {processor.py:830} INFO - Processing file /home/munya/anaconda3/lib/python3.11/site-packages/airflow/example_dags/example_sla_dag.py for tasks to queue
[2024-05-20T20:40:40.231+0200] {logging_mixin.py:188} INFO - [2024-05-20T20:40:40.230+0200] {dagbag.py:545} INFO - Filling up the DagBag from /home/munya/anaconda3/lib/python3.11/site-packages/airflow/example_dags/example_sla_dag.py
[2024-05-20T20:40:40.245+0200] {processor.py:840} INFO - DAG(s) 'example_sla_dag' retrieved from /home/munya/anaconda3/lib/python3.11/site-packages/airflow/example_dags/example_sla_dag.py
[2024-05-20T20:40:40.269+0200] {logging_mixin.py:188} INFO - [2024-05-20T20:40:40.269+0200] {dag.py:3096} INFO - Sync 1 DAGs
[2024-05-20T20:40:40.302+0200] {logging_mixin.py:188} INFO - [2024-05-20T20:40:40.302+0200] {dag.py:3954} INFO - Setting next_dagrun for example_sla_dag to 2024-05-20 18:38:00+00:00, run_after=2024-05-20 18:40:00+00:00
[2024-05-20T20:40:40.335+0200] {processor.py:183} INFO - Processing /home/munya/anaconda3/lib/python3.11/site-packages/airflow/example_dags/example_sla_dag.py took 0.118 seconds
[2024-05-20T20:42:01.871+0200] {processor.py:161} INFO - Started process (PID=190246) to work on /home/munya/anaconda3/lib/python3.11/site-packages/airflow/example_dags/example_sla_dag.py
[2024-05-20T20:42:01.873+0200] {processor.py:830} INFO - Processing file /home/munya/anaconda3/lib/python3.11/site-packages/airflow/example_dags/example_sla_dag.py for tasks to queue
[2024-05-20T20:42:01.875+0200] {logging_mixin.py:188} INFO - [2024-05-20T20:42:01.874+0200] {dagbag.py:545} INFO - Filling up the DagBag from /home/munya/anaconda3/lib/python3.11/site-packages/airflow/example_dags/example_sla_dag.py
[2024-05-20T20:42:01.895+0200] {processor.py:840} INFO - DAG(s) 'example_sla_dag' retrieved from /home/munya/anaconda3/lib/python3.11/site-packages/airflow/example_dags/example_sla_dag.py
[2024-05-20T20:42:01.922+0200] {logging_mixin.py:188} INFO - [2024-05-20T20:42:01.922+0200] {dag.py:3096} INFO - Sync 1 DAGs
[2024-05-20T20:42:01.964+0200] {logging_mixin.py:188} INFO - [2024-05-20T20:42:01.964+0200] {dag.py:3954} INFO - Setting next_dagrun for example_sla_dag to 2024-05-20 18:40:00+00:00, run_after=2024-05-20 18:42:00+00:00
[2024-05-20T20:42:02.012+0200] {processor.py:183} INFO - Processing /home/munya/anaconda3/lib/python3.11/site-packages/airflow/example_dags/example_sla_dag.py took 0.153 seconds
[2024-05-20T20:43:28.981+0200] {processor.py:161} INFO - Started process (PID=191516) to work on /home/munya/anaconda3/lib/python3.11/site-packages/airflow/example_dags/example_sla_dag.py
[2024-05-20T20:43:28.983+0200] {processor.py:830} INFO - Processing file /home/munya/anaconda3/lib/python3.11/site-packages/airflow/example_dags/example_sla_dag.py for tasks to queue
[2024-05-20T20:43:28.984+0200] {logging_mixin.py:188} INFO - [2024-05-20T20:43:28.984+0200] {dagbag.py:545} INFO - Filling up the DagBag from /home/munya/anaconda3/lib/python3.11/site-packages/airflow/example_dags/example_sla_dag.py
[2024-05-20T20:43:29.000+0200] {processor.py:840} INFO - DAG(s) 'example_sla_dag' retrieved from /home/munya/anaconda3/lib/python3.11/site-packages/airflow/example_dags/example_sla_dag.py
[2024-05-20T20:43:29.030+0200] {logging_mixin.py:188} INFO - [2024-05-20T20:43:29.030+0200] {dag.py:3096} INFO - Sync 1 DAGs
[2024-05-20T20:43:29.073+0200] {logging_mixin.py:188} INFO - [2024-05-20T20:43:29.073+0200] {dag.py:3954} INFO - Setting next_dagrun for example_sla_dag to 2024-05-20 18:40:00+00:00, run_after=2024-05-20 18:42:00+00:00
[2024-05-20T20:43:29.108+0200] {processor.py:183} INFO - Processing /home/munya/anaconda3/lib/python3.11/site-packages/airflow/example_dags/example_sla_dag.py took 0.143 seconds
[2024-05-20T20:44:58.551+0200] {processor.py:161} INFO - Started process (PID=192860) to work on /home/munya/anaconda3/lib/python3.11/site-packages/airflow/example_dags/example_sla_dag.py
[2024-05-20T20:44:58.555+0200] {processor.py:830} INFO - Processing file /home/munya/anaconda3/lib/python3.11/site-packages/airflow/example_dags/example_sla_dag.py for tasks to queue
[2024-05-20T20:44:58.559+0200] {logging_mixin.py:188} INFO - [2024-05-20T20:44:58.557+0200] {dagbag.py:545} INFO - Filling up the DagBag from /home/munya/anaconda3/lib/python3.11/site-packages/airflow/example_dags/example_sla_dag.py
[2024-05-20T20:44:58.598+0200] {processor.py:840} INFO - DAG(s) 'example_sla_dag' retrieved from /home/munya/anaconda3/lib/python3.11/site-packages/airflow/example_dags/example_sla_dag.py
[2024-05-20T20:44:58.667+0200] {logging_mixin.py:188} INFO - [2024-05-20T20:44:58.667+0200] {dag.py:3096} INFO - Sync 1 DAGs
[2024-05-20T20:44:58.740+0200] {logging_mixin.py:188} INFO - [2024-05-20T20:44:58.740+0200] {dag.py:3954} INFO - Setting next_dagrun for example_sla_dag to 2024-05-20 18:42:00+00:00, run_after=2024-05-20 18:44:00+00:00
[2024-05-20T20:44:58.778+0200] {processor.py:183} INFO - Processing /home/munya/anaconda3/lib/python3.11/site-packages/airflow/example_dags/example_sla_dag.py took 0.254 seconds
[2024-05-20T20:46:22.643+0200] {processor.py:161} INFO - Started process (PID=194096) to work on /home/munya/anaconda3/lib/python3.11/site-packages/airflow/example_dags/example_sla_dag.py
[2024-05-20T20:46:22.647+0200] {processor.py:830} INFO - Processing file /home/munya/anaconda3/lib/python3.11/site-packages/airflow/example_dags/example_sla_dag.py for tasks to queue
[2024-05-20T20:46:22.651+0200] {logging_mixin.py:188} INFO - [2024-05-20T20:46:22.649+0200] {dagbag.py:545} INFO - Filling up the DagBag from /home/munya/anaconda3/lib/python3.11/site-packages/airflow/example_dags/example_sla_dag.py
[2024-05-20T20:46:22.697+0200] {processor.py:840} INFO - DAG(s) 'example_sla_dag' retrieved from /home/munya/anaconda3/lib/python3.11/site-packages/airflow/example_dags/example_sla_dag.py
[2024-05-20T20:46:22.730+0200] {logging_mixin.py:188} INFO - [2024-05-20T20:46:22.729+0200] {dag.py:3096} INFO - Sync 1 DAGs
[2024-05-20T20:46:22.763+0200] {logging_mixin.py:188} INFO - [2024-05-20T20:46:22.763+0200] {dag.py:3954} INFO - Setting next_dagrun for example_sla_dag to 2024-05-20 18:44:00+00:00, run_after=2024-05-20 18:46:00+00:00
[2024-05-20T20:46:22.790+0200] {processor.py:183} INFO - Processing /home/munya/anaconda3/lib/python3.11/site-packages/airflow/example_dags/example_sla_dag.py took 0.178 seconds
[2024-05-20T20:47:41.235+0200] {processor.py:161} INFO - Started process (PID=195330) to work on /home/munya/anaconda3/lib/python3.11/site-packages/airflow/example_dags/example_sla_dag.py
[2024-05-20T20:47:41.236+0200] {processor.py:830} INFO - Processing file /home/munya/anaconda3/lib/python3.11/site-packages/airflow/example_dags/example_sla_dag.py for tasks to queue
[2024-05-20T20:47:41.238+0200] {logging_mixin.py:188} INFO - [2024-05-20T20:47:41.237+0200] {dagbag.py:545} INFO - Filling up the DagBag from /home/munya/anaconda3/lib/python3.11/site-packages/airflow/example_dags/example_sla_dag.py
[2024-05-20T20:47:41.251+0200] {processor.py:840} INFO - DAG(s) 'example_sla_dag' retrieved from /home/munya/anaconda3/lib/python3.11/site-packages/airflow/example_dags/example_sla_dag.py
[2024-05-20T20:47:41.272+0200] {logging_mixin.py:188} INFO - [2024-05-20T20:47:41.271+0200] {dag.py:3096} INFO - Sync 1 DAGs
[2024-05-20T20:47:41.302+0200] {logging_mixin.py:188} INFO - [2024-05-20T20:47:41.301+0200] {dag.py:3954} INFO - Setting next_dagrun for example_sla_dag to 2024-05-20 18:44:00+00:00, run_after=2024-05-20 18:46:00+00:00
[2024-05-20T20:47:41.326+0200] {processor.py:183} INFO - Processing /home/munya/anaconda3/lib/python3.11/site-packages/airflow/example_dags/example_sla_dag.py took 0.101 seconds
[2024-05-20T20:49:03.623+0200] {processor.py:161} INFO - Started process (PID=196519) to work on /home/munya/anaconda3/lib/python3.11/site-packages/airflow/example_dags/example_sla_dag.py
[2024-05-20T20:49:03.626+0200] {processor.py:830} INFO - Processing file /home/munya/anaconda3/lib/python3.11/site-packages/airflow/example_dags/example_sla_dag.py for tasks to queue
[2024-05-20T20:49:03.628+0200] {logging_mixin.py:188} INFO - [2024-05-20T20:49:03.627+0200] {dagbag.py:545} INFO - Filling up the DagBag from /home/munya/anaconda3/lib/python3.11/site-packages/airflow/example_dags/example_sla_dag.py
[2024-05-20T20:49:03.659+0200] {processor.py:840} INFO - DAG(s) 'example_sla_dag' retrieved from /home/munya/anaconda3/lib/python3.11/site-packages/airflow/example_dags/example_sla_dag.py
[2024-05-20T20:49:03.709+0200] {logging_mixin.py:188} INFO - [2024-05-20T20:49:03.708+0200] {dag.py:3096} INFO - Sync 1 DAGs
[2024-05-20T20:49:03.751+0200] {logging_mixin.py:188} INFO - [2024-05-20T20:49:03.751+0200] {dag.py:3954} INFO - Setting next_dagrun for example_sla_dag to 2024-05-20 18:46:00+00:00, run_after=2024-05-20 18:48:00+00:00
[2024-05-20T20:49:03.782+0200] {processor.py:183} INFO - Processing /home/munya/anaconda3/lib/python3.11/site-packages/airflow/example_dags/example_sla_dag.py took 0.180 seconds
[2024-05-20T20:50:29.943+0200] {processor.py:161} INFO - Started process (PID=197804) to work on /home/munya/anaconda3/lib/python3.11/site-packages/airflow/example_dags/example_sla_dag.py
[2024-05-20T20:50:29.947+0200] {processor.py:830} INFO - Processing file /home/munya/anaconda3/lib/python3.11/site-packages/airflow/example_dags/example_sla_dag.py for tasks to queue
[2024-05-20T20:50:29.951+0200] {logging_mixin.py:188} INFO - [2024-05-20T20:50:29.949+0200] {dagbag.py:545} INFO - Filling up the DagBag from /home/munya/anaconda3/lib/python3.11/site-packages/airflow/example_dags/example_sla_dag.py
[2024-05-20T20:50:29.982+0200] {processor.py:840} INFO - DAG(s) 'example_sla_dag' retrieved from /home/munya/anaconda3/lib/python3.11/site-packages/airflow/example_dags/example_sla_dag.py
[2024-05-20T20:50:30.035+0200] {logging_mixin.py:188} INFO - [2024-05-20T20:50:30.034+0200] {dag.py:3096} INFO - Sync 1 DAGs
[2024-05-20T20:50:30.073+0200] {logging_mixin.py:188} INFO - [2024-05-20T20:50:30.072+0200] {dag.py:3954} INFO - Setting next_dagrun for example_sla_dag to 2024-05-20 18:48:00+00:00, run_after=2024-05-20 18:50:00+00:00
[2024-05-20T20:50:30.104+0200] {processor.py:183} INFO - Processing /home/munya/anaconda3/lib/python3.11/site-packages/airflow/example_dags/example_sla_dag.py took 0.184 seconds
[2024-05-20T20:51:56.415+0200] {processor.py:161} INFO - Started process (PID=199117) to work on /home/munya/anaconda3/lib/python3.11/site-packages/airflow/example_dags/example_sla_dag.py
[2024-05-20T20:51:56.417+0200] {processor.py:830} INFO - Processing file /home/munya/anaconda3/lib/python3.11/site-packages/airflow/example_dags/example_sla_dag.py for tasks to queue
[2024-05-20T20:51:56.420+0200] {logging_mixin.py:188} INFO - [2024-05-20T20:51:56.419+0200] {dagbag.py:545} INFO - Filling up the DagBag from /home/munya/anaconda3/lib/python3.11/site-packages/airflow/example_dags/example_sla_dag.py
[2024-05-20T20:51:56.441+0200] {processor.py:840} INFO - DAG(s) 'example_sla_dag' retrieved from /home/munya/anaconda3/lib/python3.11/site-packages/airflow/example_dags/example_sla_dag.py
[2024-05-20T20:51:56.479+0200] {logging_mixin.py:188} INFO - [2024-05-20T20:51:56.479+0200] {dag.py:3096} INFO - Sync 1 DAGs
[2024-05-20T20:51:56.740+0200] {logging_mixin.py:188} INFO - [2024-05-20T20:51:56.740+0200] {dag.py:3954} INFO - Setting next_dagrun for example_sla_dag to 2024-05-20 18:48:00+00:00, run_after=2024-05-20 18:50:00+00:00
[2024-05-20T20:51:56.769+0200] {processor.py:183} INFO - Processing /home/munya/anaconda3/lib/python3.11/site-packages/airflow/example_dags/example_sla_dag.py took 0.371 seconds
[2024-05-20T20:53:27.624+0200] {processor.py:161} INFO - Started process (PID=200561) to work on /home/munya/anaconda3/lib/python3.11/site-packages/airflow/example_dags/example_sla_dag.py
[2024-05-20T20:53:27.628+0200] {processor.py:830} INFO - Processing file /home/munya/anaconda3/lib/python3.11/site-packages/airflow/example_dags/example_sla_dag.py for tasks to queue
[2024-05-20T20:53:27.632+0200] {logging_mixin.py:188} INFO - [2024-05-20T20:53:27.630+0200] {dagbag.py:545} INFO - Filling up the DagBag from /home/munya/anaconda3/lib/python3.11/site-packages/airflow/example_dags/example_sla_dag.py
[2024-05-20T20:53:27.680+0200] {processor.py:840} INFO - DAG(s) 'example_sla_dag' retrieved from /home/munya/anaconda3/lib/python3.11/site-packages/airflow/example_dags/example_sla_dag.py
[2024-05-20T20:53:27.719+0200] {logging_mixin.py:188} INFO - [2024-05-20T20:53:27.718+0200] {dag.py:3096} INFO - Sync 1 DAGs
[2024-05-20T20:53:27.753+0200] {logging_mixin.py:188} INFO - [2024-05-20T20:53:27.752+0200] {dag.py:3954} INFO - Setting next_dagrun for example_sla_dag to 2024-05-20 18:50:00+00:00, run_after=2024-05-20 18:52:00+00:00
[2024-05-20T20:53:27.778+0200] {processor.py:183} INFO - Processing /home/munya/anaconda3/lib/python3.11/site-packages/airflow/example_dags/example_sla_dag.py took 0.184 seconds
[2024-05-20T20:54:57.631+0200] {processor.py:161} INFO - Started process (PID=201957) to work on /home/munya/anaconda3/lib/python3.11/site-packages/airflow/example_dags/example_sla_dag.py
[2024-05-20T20:54:57.635+0200] {processor.py:830} INFO - Processing file /home/munya/anaconda3/lib/python3.11/site-packages/airflow/example_dags/example_sla_dag.py for tasks to queue
[2024-05-20T20:54:57.639+0200] {logging_mixin.py:188} INFO - [2024-05-20T20:54:57.637+0200] {dagbag.py:545} INFO - Filling up the DagBag from /home/munya/anaconda3/lib/python3.11/site-packages/airflow/example_dags/example_sla_dag.py
[2024-05-20T20:54:57.679+0200] {processor.py:840} INFO - DAG(s) 'example_sla_dag' retrieved from /home/munya/anaconda3/lib/python3.11/site-packages/airflow/example_dags/example_sla_dag.py
[2024-05-20T20:54:57.716+0200] {logging_mixin.py:188} INFO - [2024-05-20T20:54:57.716+0200] {dag.py:3096} INFO - Sync 1 DAGs
[2024-05-20T20:54:57.763+0200] {logging_mixin.py:188} INFO - [2024-05-20T20:54:57.763+0200] {dag.py:3954} INFO - Setting next_dagrun for example_sla_dag to 2024-05-20 18:52:00+00:00, run_after=2024-05-20 18:54:00+00:00
[2024-05-20T20:54:57.964+0200] {processor.py:183} INFO - Processing /home/munya/anaconda3/lib/python3.11/site-packages/airflow/example_dags/example_sla_dag.py took 0.366 seconds
[2024-05-20T20:56:16.678+0200] {processor.py:161} INFO - Started process (PID=203404) to work on /home/munya/anaconda3/lib/python3.11/site-packages/airflow/example_dags/example_sla_dag.py
[2024-05-20T20:56:16.680+0200] {processor.py:830} INFO - Processing file /home/munya/anaconda3/lib/python3.11/site-packages/airflow/example_dags/example_sla_dag.py for tasks to queue
[2024-05-20T20:56:16.681+0200] {logging_mixin.py:188} INFO - [2024-05-20T20:56:16.681+0200] {dagbag.py:545} INFO - Filling up the DagBag from /home/munya/anaconda3/lib/python3.11/site-packages/airflow/example_dags/example_sla_dag.py
[2024-05-20T20:56:16.696+0200] {processor.py:840} INFO - DAG(s) 'example_sla_dag' retrieved from /home/munya/anaconda3/lib/python3.11/site-packages/airflow/example_dags/example_sla_dag.py
[2024-05-20T20:56:16.723+0200] {logging_mixin.py:188} INFO - [2024-05-20T20:56:16.722+0200] {dag.py:3096} INFO - Sync 1 DAGs
[2024-05-20T20:56:16.761+0200] {logging_mixin.py:188} INFO - [2024-05-20T20:56:16.760+0200] {dag.py:3954} INFO - Setting next_dagrun for example_sla_dag to 2024-05-20 18:54:00+00:00, run_after=2024-05-20 18:56:00+00:00
[2024-05-20T20:56:16.791+0200] {processor.py:183} INFO - Processing /home/munya/anaconda3/lib/python3.11/site-packages/airflow/example_dags/example_sla_dag.py took 0.123 seconds
[2024-05-20T20:57:31.447+0200] {processor.py:161} INFO - Started process (PID=204577) to work on /home/munya/anaconda3/lib/python3.11/site-packages/airflow/example_dags/example_sla_dag.py
[2024-05-20T20:57:31.449+0200] {processor.py:830} INFO - Processing file /home/munya/anaconda3/lib/python3.11/site-packages/airflow/example_dags/example_sla_dag.py for tasks to queue
[2024-05-20T20:57:31.452+0200] {logging_mixin.py:188} INFO - [2024-05-20T20:57:31.450+0200] {dagbag.py:545} INFO - Filling up the DagBag from /home/munya/anaconda3/lib/python3.11/site-packages/airflow/example_dags/example_sla_dag.py
[2024-05-20T20:57:31.484+0200] {processor.py:840} INFO - DAG(s) 'example_sla_dag' retrieved from /home/munya/anaconda3/lib/python3.11/site-packages/airflow/example_dags/example_sla_dag.py
[2024-05-20T20:57:31.532+0200] {logging_mixin.py:188} INFO - [2024-05-20T20:57:31.531+0200] {dag.py:3096} INFO - Sync 1 DAGs
[2024-05-20T20:57:31.571+0200] {logging_mixin.py:188} INFO - [2024-05-20T20:57:31.570+0200] {dag.py:3954} INFO - Setting next_dagrun for example_sla_dag to 2024-05-20 18:54:00+00:00, run_after=2024-05-20 18:56:00+00:00
[2024-05-20T20:57:31.601+0200] {processor.py:183} INFO - Processing /home/munya/anaconda3/lib/python3.11/site-packages/airflow/example_dags/example_sla_dag.py took 0.178 seconds
[2024-05-20T20:58:47.707+0200] {processor.py:161} INFO - Started process (PID=205708) to work on /home/munya/anaconda3/lib/python3.11/site-packages/airflow/example_dags/example_sla_dag.py
[2024-05-20T20:58:47.711+0200] {processor.py:830} INFO - Processing file /home/munya/anaconda3/lib/python3.11/site-packages/airflow/example_dags/example_sla_dag.py for tasks to queue
[2024-05-20T20:58:47.714+0200] {logging_mixin.py:188} INFO - [2024-05-20T20:58:47.713+0200] {dagbag.py:545} INFO - Filling up the DagBag from /home/munya/anaconda3/lib/python3.11/site-packages/airflow/example_dags/example_sla_dag.py
[2024-05-20T20:58:47.747+0200] {processor.py:840} INFO - DAG(s) 'example_sla_dag' retrieved from /home/munya/anaconda3/lib/python3.11/site-packages/airflow/example_dags/example_sla_dag.py
[2024-05-20T20:58:47.804+0200] {logging_mixin.py:188} INFO - [2024-05-20T20:58:47.803+0200] {dag.py:3096} INFO - Sync 1 DAGs
[2024-05-20T20:58:47.874+0200] {logging_mixin.py:188} INFO - [2024-05-20T20:58:47.873+0200] {dag.py:3954} INFO - Setting next_dagrun for example_sla_dag to 2024-05-20 18:56:00+00:00, run_after=2024-05-20 18:58:00+00:00
[2024-05-20T20:58:47.915+0200] {processor.py:183} INFO - Processing /home/munya/anaconda3/lib/python3.11/site-packages/airflow/example_dags/example_sla_dag.py took 0.234 seconds
[2024-05-20T21:00:02.744+0200] {processor.py:161} INFO - Started process (PID=206817) to work on /home/munya/anaconda3/lib/python3.11/site-packages/airflow/example_dags/example_sla_dag.py
[2024-05-20T21:00:02.748+0200] {processor.py:830} INFO - Processing file /home/munya/anaconda3/lib/python3.11/site-packages/airflow/example_dags/example_sla_dag.py for tasks to queue
[2024-05-20T21:00:02.751+0200] {logging_mixin.py:188} INFO - [2024-05-20T21:00:02.749+0200] {dagbag.py:545} INFO - Filling up the DagBag from /home/munya/anaconda3/lib/python3.11/site-packages/airflow/example_dags/example_sla_dag.py
[2024-05-20T21:00:02.785+0200] {processor.py:840} INFO - DAG(s) 'example_sla_dag' retrieved from /home/munya/anaconda3/lib/python3.11/site-packages/airflow/example_dags/example_sla_dag.py
[2024-05-20T21:00:02.845+0200] {logging_mixin.py:188} INFO - [2024-05-20T21:00:02.844+0200] {dag.py:3096} INFO - Sync 1 DAGs
[2024-05-20T21:00:02.932+0200] {logging_mixin.py:188} INFO - [2024-05-20T21:00:02.931+0200] {dag.py:3954} INFO - Setting next_dagrun for example_sla_dag to 2024-05-20 18:58:00+00:00, run_after=2024-05-20 19:00:00+00:00
[2024-05-20T21:00:02.987+0200] {processor.py:183} INFO - Processing /home/munya/anaconda3/lib/python3.11/site-packages/airflow/example_dags/example_sla_dag.py took 0.268 seconds
[2024-05-20T21:01:22.777+0200] {processor.py:161} INFO - Started process (PID=208016) to work on /home/munya/anaconda3/lib/python3.11/site-packages/airflow/example_dags/example_sla_dag.py
[2024-05-20T21:01:22.779+0200] {processor.py:830} INFO - Processing file /home/munya/anaconda3/lib/python3.11/site-packages/airflow/example_dags/example_sla_dag.py for tasks to queue
[2024-05-20T21:01:22.781+0200] {logging_mixin.py:188} INFO - [2024-05-20T21:01:22.780+0200] {dagbag.py:545} INFO - Filling up the DagBag from /home/munya/anaconda3/lib/python3.11/site-packages/airflow/example_dags/example_sla_dag.py
[2024-05-20T21:01:22.798+0200] {processor.py:840} INFO - DAG(s) 'example_sla_dag' retrieved from /home/munya/anaconda3/lib/python3.11/site-packages/airflow/example_dags/example_sla_dag.py
[2024-05-20T21:01:22.827+0200] {logging_mixin.py:188} INFO - [2024-05-20T21:01:22.826+0200] {dag.py:3096} INFO - Sync 1 DAGs
[2024-05-20T21:01:22.865+0200] {logging_mixin.py:188} INFO - [2024-05-20T21:01:22.865+0200] {dag.py:3954} INFO - Setting next_dagrun for example_sla_dag to 2024-05-20 18:58:00+00:00, run_after=2024-05-20 19:00:00+00:00
[2024-05-20T21:01:22.896+0200] {processor.py:183} INFO - Processing /home/munya/anaconda3/lib/python3.11/site-packages/airflow/example_dags/example_sla_dag.py took 0.132 seconds
[2024-05-20T21:02:47.226+0200] {processor.py:161} INFO - Started process (PID=209290) to work on /home/munya/anaconda3/lib/python3.11/site-packages/airflow/example_dags/example_sla_dag.py
[2024-05-20T21:02:47.230+0200] {processor.py:830} INFO - Processing file /home/munya/anaconda3/lib/python3.11/site-packages/airflow/example_dags/example_sla_dag.py for tasks to queue
[2024-05-20T21:02:47.235+0200] {logging_mixin.py:188} INFO - [2024-05-20T21:02:47.233+0200] {dagbag.py:545} INFO - Filling up the DagBag from /home/munya/anaconda3/lib/python3.11/site-packages/airflow/example_dags/example_sla_dag.py
[2024-05-20T21:02:47.297+0200] {processor.py:840} INFO - DAG(s) 'example_sla_dag' retrieved from /home/munya/anaconda3/lib/python3.11/site-packages/airflow/example_dags/example_sla_dag.py
[2024-05-20T21:02:47.381+0200] {logging_mixin.py:188} INFO - [2024-05-20T21:02:47.381+0200] {dag.py:3096} INFO - Sync 1 DAGs
[2024-05-20T21:02:47.425+0200] {logging_mixin.py:188} INFO - [2024-05-20T21:02:47.424+0200] {dag.py:3954} INFO - Setting next_dagrun for example_sla_dag to 2024-05-20 19:00:00+00:00, run_after=2024-05-20 19:02:00+00:00
[2024-05-20T21:02:47.463+0200] {processor.py:183} INFO - Processing /home/munya/anaconda3/lib/python3.11/site-packages/airflow/example_dags/example_sla_dag.py took 0.273 seconds
[2024-05-20T21:04:08.093+0200] {processor.py:161} INFO - Started process (PID=210491) to work on /home/munya/anaconda3/lib/python3.11/site-packages/airflow/example_dags/example_sla_dag.py
[2024-05-20T21:04:08.098+0200] {processor.py:830} INFO - Processing file /home/munya/anaconda3/lib/python3.11/site-packages/airflow/example_dags/example_sla_dag.py for tasks to queue
[2024-05-20T21:04:08.104+0200] {logging_mixin.py:188} INFO - [2024-05-20T21:04:08.101+0200] {dagbag.py:545} INFO - Filling up the DagBag from /home/munya/anaconda3/lib/python3.11/site-packages/airflow/example_dags/example_sla_dag.py
[2024-05-20T21:04:08.150+0200] {processor.py:840} INFO - DAG(s) 'example_sla_dag' retrieved from /home/munya/anaconda3/lib/python3.11/site-packages/airflow/example_dags/example_sla_dag.py
[2024-05-20T21:04:08.221+0200] {logging_mixin.py:188} INFO - [2024-05-20T21:04:08.220+0200] {dag.py:3096} INFO - Sync 1 DAGs
[2024-05-20T21:04:08.259+0200] {logging_mixin.py:188} INFO - [2024-05-20T21:04:08.258+0200] {dag.py:3954} INFO - Setting next_dagrun for example_sla_dag to 2024-05-20 19:02:00+00:00, run_after=2024-05-20 19:04:00+00:00
[2024-05-20T21:04:08.285+0200] {processor.py:183} INFO - Processing /home/munya/anaconda3/lib/python3.11/site-packages/airflow/example_dags/example_sla_dag.py took 0.234 seconds
[2024-05-20T21:05:24.362+0200] {processor.py:161} INFO - Started process (PID=211668) to work on /home/munya/anaconda3/lib/python3.11/site-packages/airflow/example_dags/example_sla_dag.py
[2024-05-20T21:05:24.364+0200] {processor.py:830} INFO - Processing file /home/munya/anaconda3/lib/python3.11/site-packages/airflow/example_dags/example_sla_dag.py for tasks to queue
[2024-05-20T21:05:24.365+0200] {logging_mixin.py:188} INFO - [2024-05-20T21:05:24.365+0200] {dagbag.py:545} INFO - Filling up the DagBag from /home/munya/anaconda3/lib/python3.11/site-packages/airflow/example_dags/example_sla_dag.py
[2024-05-20T21:05:24.380+0200] {processor.py:840} INFO - DAG(s) 'example_sla_dag' retrieved from /home/munya/anaconda3/lib/python3.11/site-packages/airflow/example_dags/example_sla_dag.py
[2024-05-20T21:05:24.404+0200] {logging_mixin.py:188} INFO - [2024-05-20T21:05:24.404+0200] {dag.py:3096} INFO - Sync 1 DAGs
[2024-05-20T21:05:24.446+0200] {logging_mixin.py:188} INFO - [2024-05-20T21:05:24.446+0200] {dag.py:3954} INFO - Setting next_dagrun for example_sla_dag to 2024-05-20 19:02:00+00:00, run_after=2024-05-20 19:04:00+00:00
[2024-05-20T21:05:24.481+0200] {processor.py:183} INFO - Processing /home/munya/anaconda3/lib/python3.11/site-packages/airflow/example_dags/example_sla_dag.py took 0.129 seconds
[2024-05-20T21:06:42.558+0200] {processor.py:161} INFO - Started process (PID=212851) to work on /home/munya/anaconda3/lib/python3.11/site-packages/airflow/example_dags/example_sla_dag.py
[2024-05-20T21:06:42.561+0200] {processor.py:830} INFO - Processing file /home/munya/anaconda3/lib/python3.11/site-packages/airflow/example_dags/example_sla_dag.py for tasks to queue
[2024-05-20T21:06:42.565+0200] {logging_mixin.py:188} INFO - [2024-05-20T21:06:42.563+0200] {dagbag.py:545} INFO - Filling up the DagBag from /home/munya/anaconda3/lib/python3.11/site-packages/airflow/example_dags/example_sla_dag.py
[2024-05-20T21:06:42.607+0200] {processor.py:840} INFO - DAG(s) 'example_sla_dag' retrieved from /home/munya/anaconda3/lib/python3.11/site-packages/airflow/example_dags/example_sla_dag.py
[2024-05-20T21:06:42.673+0200] {logging_mixin.py:188} INFO - [2024-05-20T21:06:42.673+0200] {dag.py:3096} INFO - Sync 1 DAGs
[2024-05-20T21:06:42.730+0200] {logging_mixin.py:188} INFO - [2024-05-20T21:06:42.730+0200] {dag.py:3954} INFO - Setting next_dagrun for example_sla_dag to 2024-05-20 19:04:00+00:00, run_after=2024-05-20 19:06:00+00:00
[2024-05-20T21:06:42.763+0200] {processor.py:183} INFO - Processing /home/munya/anaconda3/lib/python3.11/site-packages/airflow/example_dags/example_sla_dag.py took 0.229 seconds
[2024-05-20T21:08:00.744+0200] {processor.py:161} INFO - Started process (PID=214064) to work on /home/munya/anaconda3/lib/python3.11/site-packages/airflow/example_dags/example_sla_dag.py
[2024-05-20T21:08:00.746+0200] {processor.py:830} INFO - Processing file /home/munya/anaconda3/lib/python3.11/site-packages/airflow/example_dags/example_sla_dag.py for tasks to queue
[2024-05-20T21:08:00.749+0200] {logging_mixin.py:188} INFO - [2024-05-20T21:08:00.748+0200] {dagbag.py:545} INFO - Filling up the DagBag from /home/munya/anaconda3/lib/python3.11/site-packages/airflow/example_dags/example_sla_dag.py
[2024-05-20T21:08:00.768+0200] {processor.py:840} INFO - DAG(s) 'example_sla_dag' retrieved from /home/munya/anaconda3/lib/python3.11/site-packages/airflow/example_dags/example_sla_dag.py
[2024-05-20T21:08:00.801+0200] {logging_mixin.py:188} INFO - [2024-05-20T21:08:00.800+0200] {dag.py:3096} INFO - Sync 1 DAGs
[2024-05-20T21:08:00.867+0200] {logging_mixin.py:188} INFO - [2024-05-20T21:08:00.867+0200] {dag.py:3954} INFO - Setting next_dagrun for example_sla_dag to 2024-05-20 19:06:00+00:00, run_after=2024-05-20 19:08:00+00:00
[2024-05-20T21:08:00.904+0200] {processor.py:183} INFO - Processing /home/munya/anaconda3/lib/python3.11/site-packages/airflow/example_dags/example_sla_dag.py took 0.174 seconds
[2024-05-20T21:09:13.992+0200] {processor.py:161} INFO - Started process (PID=215164) to work on /home/munya/anaconda3/lib/python3.11/site-packages/airflow/example_dags/example_sla_dag.py
[2024-05-20T21:09:13.994+0200] {processor.py:830} INFO - Processing file /home/munya/anaconda3/lib/python3.11/site-packages/airflow/example_dags/example_sla_dag.py for tasks to queue
[2024-05-20T21:09:13.995+0200] {logging_mixin.py:188} INFO - [2024-05-20T21:09:13.995+0200] {dagbag.py:545} INFO - Filling up the DagBag from /home/munya/anaconda3/lib/python3.11/site-packages/airflow/example_dags/example_sla_dag.py
[2024-05-20T21:09:14.009+0200] {processor.py:840} INFO - DAG(s) 'example_sla_dag' retrieved from /home/munya/anaconda3/lib/python3.11/site-packages/airflow/example_dags/example_sla_dag.py
[2024-05-20T21:09:14.033+0200] {logging_mixin.py:188} INFO - [2024-05-20T21:09:14.033+0200] {dag.py:3096} INFO - Sync 1 DAGs
[2024-05-20T21:09:14.068+0200] {logging_mixin.py:188} INFO - [2024-05-20T21:09:14.067+0200] {dag.py:3954} INFO - Setting next_dagrun for example_sla_dag to 2024-05-20 19:06:00+00:00, run_after=2024-05-20 19:08:00+00:00
[2024-05-20T21:09:14.094+0200] {processor.py:183} INFO - Processing /home/munya/anaconda3/lib/python3.11/site-packages/airflow/example_dags/example_sla_dag.py took 0.112 seconds
[2024-05-20T21:10:34.455+0200] {processor.py:161} INFO - Started process (PID=216384) to work on /home/munya/anaconda3/lib/python3.11/site-packages/airflow/example_dags/example_sla_dag.py
[2024-05-20T21:10:34.458+0200] {processor.py:830} INFO - Processing file /home/munya/anaconda3/lib/python3.11/site-packages/airflow/example_dags/example_sla_dag.py for tasks to queue
[2024-05-20T21:10:34.463+0200] {logging_mixin.py:188} INFO - [2024-05-20T21:10:34.461+0200] {dagbag.py:545} INFO - Filling up the DagBag from /home/munya/anaconda3/lib/python3.11/site-packages/airflow/example_dags/example_sla_dag.py
[2024-05-20T21:10:34.512+0200] {processor.py:840} INFO - DAG(s) 'example_sla_dag' retrieved from /home/munya/anaconda3/lib/python3.11/site-packages/airflow/example_dags/example_sla_dag.py
[2024-05-20T21:10:34.586+0200] {logging_mixin.py:188} INFO - [2024-05-20T21:10:34.586+0200] {dag.py:3096} INFO - Sync 1 DAGs
[2024-05-20T21:10:34.658+0200] {logging_mixin.py:188} INFO - [2024-05-20T21:10:34.658+0200] {dag.py:3954} INFO - Setting next_dagrun for example_sla_dag to 2024-05-20 19:08:00+00:00, run_after=2024-05-20 19:10:00+00:00
[2024-05-20T21:10:34.712+0200] {processor.py:183} INFO - Processing /home/munya/anaconda3/lib/python3.11/site-packages/airflow/example_dags/example_sla_dag.py took 0.288 seconds
[2024-05-20T21:11:55.926+0200] {processor.py:161} INFO - Started process (PID=217600) to work on /home/munya/anaconda3/lib/python3.11/site-packages/airflow/example_dags/example_sla_dag.py
[2024-05-20T21:11:55.928+0200] {processor.py:830} INFO - Processing file /home/munya/anaconda3/lib/python3.11/site-packages/airflow/example_dags/example_sla_dag.py for tasks to queue
[2024-05-20T21:11:55.930+0200] {logging_mixin.py:188} INFO - [2024-05-20T21:11:55.929+0200] {dagbag.py:545} INFO - Filling up the DagBag from /home/munya/anaconda3/lib/python3.11/site-packages/airflow/example_dags/example_sla_dag.py
[2024-05-20T21:11:55.948+0200] {processor.py:840} INFO - DAG(s) 'example_sla_dag' retrieved from /home/munya/anaconda3/lib/python3.11/site-packages/airflow/example_dags/example_sla_dag.py
[2024-05-20T21:11:55.974+0200] {logging_mixin.py:188} INFO - [2024-05-20T21:11:55.974+0200] {dag.py:3096} INFO - Sync 1 DAGs
[2024-05-20T21:11:56.014+0200] {logging_mixin.py:188} INFO - [2024-05-20T21:11:56.014+0200] {dag.py:3954} INFO - Setting next_dagrun for example_sla_dag to 2024-05-20 19:08:00+00:00, run_after=2024-05-20 19:10:00+00:00
[2024-05-20T21:11:56.052+0200] {processor.py:183} INFO - Processing /home/munya/anaconda3/lib/python3.11/site-packages/airflow/example_dags/example_sla_dag.py took 0.138 seconds
[2024-05-20T21:13:11.934+0200] {processor.py:161} INFO - Started process (PID=218755) to work on /home/munya/anaconda3/lib/python3.11/site-packages/airflow/example_dags/example_sla_dag.py
[2024-05-20T21:13:11.939+0200] {processor.py:830} INFO - Processing file /home/munya/anaconda3/lib/python3.11/site-packages/airflow/example_dags/example_sla_dag.py for tasks to queue
[2024-05-20T21:13:11.945+0200] {logging_mixin.py:188} INFO - [2024-05-20T21:13:11.942+0200] {dagbag.py:545} INFO - Filling up the DagBag from /home/munya/anaconda3/lib/python3.11/site-packages/airflow/example_dags/example_sla_dag.py
[2024-05-20T21:13:12.010+0200] {processor.py:840} INFO - DAG(s) 'example_sla_dag' retrieved from /home/munya/anaconda3/lib/python3.11/site-packages/airflow/example_dags/example_sla_dag.py
[2024-05-20T21:13:12.052+0200] {logging_mixin.py:188} INFO - [2024-05-20T21:13:12.052+0200] {dag.py:3096} INFO - Sync 1 DAGs
[2024-05-20T21:13:12.102+0200] {logging_mixin.py:188} INFO - [2024-05-20T21:13:12.102+0200] {dag.py:3954} INFO - Setting next_dagrun for example_sla_dag to 2024-05-20 19:10:00+00:00, run_after=2024-05-20 19:12:00+00:00
[2024-05-20T21:13:12.145+0200] {processor.py:183} INFO - Processing /home/munya/anaconda3/lib/python3.11/site-packages/airflow/example_dags/example_sla_dag.py took 0.251 seconds
[2024-05-20T21:14:32.782+0200] {processor.py:161} INFO - Started process (PID=220031) to work on /home/munya/anaconda3/lib/python3.11/site-packages/airflow/example_dags/example_sla_dag.py
[2024-05-20T21:14:32.784+0200] {processor.py:830} INFO - Processing file /home/munya/anaconda3/lib/python3.11/site-packages/airflow/example_dags/example_sla_dag.py for tasks to queue
[2024-05-20T21:14:32.785+0200] {logging_mixin.py:188} INFO - [2024-05-20T21:14:32.785+0200] {dagbag.py:545} INFO - Filling up the DagBag from /home/munya/anaconda3/lib/python3.11/site-packages/airflow/example_dags/example_sla_dag.py
[2024-05-20T21:14:32.799+0200] {processor.py:840} INFO - DAG(s) 'example_sla_dag' retrieved from /home/munya/anaconda3/lib/python3.11/site-packages/airflow/example_dags/example_sla_dag.py
[2024-05-20T21:14:32.826+0200] {logging_mixin.py:188} INFO - [2024-05-20T21:14:32.826+0200] {dag.py:3096} INFO - Sync 1 DAGs
[2024-05-20T21:14:32.864+0200] {logging_mixin.py:188} INFO - [2024-05-20T21:14:32.863+0200] {dag.py:3954} INFO - Setting next_dagrun for example_sla_dag to 2024-05-20 19:12:00+00:00, run_after=2024-05-20 19:14:00+00:00
[2024-05-20T21:14:32.921+0200] {processor.py:183} INFO - Processing /home/munya/anaconda3/lib/python3.11/site-packages/airflow/example_dags/example_sla_dag.py took 0.150 seconds
[2024-05-20T21:15:54.296+0200] {processor.py:161} INFO - Started process (PID=221322) to work on /home/munya/anaconda3/lib/python3.11/site-packages/airflow/example_dags/example_sla_dag.py
[2024-05-20T21:15:54.297+0200] {processor.py:830} INFO - Processing file /home/munya/anaconda3/lib/python3.11/site-packages/airflow/example_dags/example_sla_dag.py for tasks to queue
[2024-05-20T21:15:54.298+0200] {logging_mixin.py:188} INFO - [2024-05-20T21:15:54.298+0200] {dagbag.py:545} INFO - Filling up the DagBag from /home/munya/anaconda3/lib/python3.11/site-packages/airflow/example_dags/example_sla_dag.py
[2024-05-20T21:15:54.311+0200] {processor.py:840} INFO - DAG(s) 'example_sla_dag' retrieved from /home/munya/anaconda3/lib/python3.11/site-packages/airflow/example_dags/example_sla_dag.py
[2024-05-20T21:15:54.334+0200] {logging_mixin.py:188} INFO - [2024-05-20T21:15:54.333+0200] {dag.py:3096} INFO - Sync 1 DAGs
[2024-05-20T21:15:54.370+0200] {logging_mixin.py:188} INFO - [2024-05-20T21:15:54.370+0200] {dag.py:3954} INFO - Setting next_dagrun for example_sla_dag to 2024-05-20 19:12:00+00:00, run_after=2024-05-20 19:14:00+00:00
[2024-05-20T21:15:54.397+0200] {processor.py:183} INFO - Processing /home/munya/anaconda3/lib/python3.11/site-packages/airflow/example_dags/example_sla_dag.py took 0.110 seconds
[2024-05-20T21:17:14.722+0200] {processor.py:161} INFO - Started process (PID=222567) to work on /home/munya/anaconda3/lib/python3.11/site-packages/airflow/example_dags/example_sla_dag.py
[2024-05-20T21:17:14.728+0200] {processor.py:830} INFO - Processing file /home/munya/anaconda3/lib/python3.11/site-packages/airflow/example_dags/example_sla_dag.py for tasks to queue
[2024-05-20T21:17:14.732+0200] {logging_mixin.py:188} INFO - [2024-05-20T21:17:14.730+0200] {dagbag.py:545} INFO - Filling up the DagBag from /home/munya/anaconda3/lib/python3.11/site-packages/airflow/example_dags/example_sla_dag.py
[2024-05-20T21:17:14.778+0200] {processor.py:840} INFO - DAG(s) 'example_sla_dag' retrieved from /home/munya/anaconda3/lib/python3.11/site-packages/airflow/example_dags/example_sla_dag.py
[2024-05-20T21:17:14.814+0200] {logging_mixin.py:188} INFO - [2024-05-20T21:17:14.814+0200] {dag.py:3096} INFO - Sync 1 DAGs
[2024-05-20T21:17:14.849+0200] {logging_mixin.py:188} INFO - [2024-05-20T21:17:14.848+0200] {dag.py:3954} INFO - Setting next_dagrun for example_sla_dag to 2024-05-20 19:14:00+00:00, run_after=2024-05-20 19:16:00+00:00
[2024-05-20T21:17:14.874+0200] {processor.py:183} INFO - Processing /home/munya/anaconda3/lib/python3.11/site-packages/airflow/example_dags/example_sla_dag.py took 0.182 seconds
[2024-05-20T21:18:34.002+0200] {processor.py:161} INFO - Started process (PID=223848) to work on /home/munya/anaconda3/lib/python3.11/site-packages/airflow/example_dags/example_sla_dag.py
[2024-05-20T21:18:34.006+0200] {processor.py:830} INFO - Processing file /home/munya/anaconda3/lib/python3.11/site-packages/airflow/example_dags/example_sla_dag.py for tasks to queue
[2024-05-20T21:18:34.009+0200] {logging_mixin.py:188} INFO - [2024-05-20T21:18:34.008+0200] {dagbag.py:545} INFO - Filling up the DagBag from /home/munya/anaconda3/lib/python3.11/site-packages/airflow/example_dags/example_sla_dag.py
[2024-05-20T21:18:34.036+0200] {processor.py:840} INFO - DAG(s) 'example_sla_dag' retrieved from /home/munya/anaconda3/lib/python3.11/site-packages/airflow/example_dags/example_sla_dag.py
[2024-05-20T21:18:34.082+0200] {logging_mixin.py:188} INFO - [2024-05-20T21:18:34.082+0200] {dag.py:3096} INFO - Sync 1 DAGs
[2024-05-20T21:18:34.156+0200] {logging_mixin.py:188} INFO - [2024-05-20T21:18:34.156+0200] {dag.py:3954} INFO - Setting next_dagrun for example_sla_dag to 2024-05-20 19:16:00+00:00, run_after=2024-05-20 19:18:00+00:00
[2024-05-20T21:18:34.212+0200] {processor.py:183} INFO - Processing /home/munya/anaconda3/lib/python3.11/site-packages/airflow/example_dags/example_sla_dag.py took 0.231 seconds
[2024-05-20T21:19:55.153+0200] {processor.py:161} INFO - Started process (PID=225172) to work on /home/munya/anaconda3/lib/python3.11/site-packages/airflow/example_dags/example_sla_dag.py
[2024-05-20T21:19:55.156+0200] {processor.py:830} INFO - Processing file /home/munya/anaconda3/lib/python3.11/site-packages/airflow/example_dags/example_sla_dag.py for tasks to queue
[2024-05-20T21:19:55.158+0200] {logging_mixin.py:188} INFO - [2024-05-20T21:19:55.157+0200] {dagbag.py:545} INFO - Filling up the DagBag from /home/munya/anaconda3/lib/python3.11/site-packages/airflow/example_dags/example_sla_dag.py
[2024-05-20T21:19:55.186+0200] {processor.py:840} INFO - DAG(s) 'example_sla_dag' retrieved from /home/munya/anaconda3/lib/python3.11/site-packages/airflow/example_dags/example_sla_dag.py
[2024-05-20T21:19:55.229+0200] {logging_mixin.py:188} INFO - [2024-05-20T21:19:55.228+0200] {dag.py:3096} INFO - Sync 1 DAGs
[2024-05-20T21:19:55.315+0200] {logging_mixin.py:188} INFO - [2024-05-20T21:19:55.314+0200] {dag.py:3954} INFO - Setting next_dagrun for example_sla_dag to 2024-05-20 19:16:00+00:00, run_after=2024-05-20 19:18:00+00:00
[2024-05-20T21:19:55.370+0200] {processor.py:183} INFO - Processing /home/munya/anaconda3/lib/python3.11/site-packages/airflow/example_dags/example_sla_dag.py took 0.239 seconds
[2024-05-20T21:21:15.253+0200] {processor.py:161} INFO - Started process (PID=226386) to work on /home/munya/anaconda3/lib/python3.11/site-packages/airflow/example_dags/example_sla_dag.py
[2024-05-20T21:21:15.256+0200] {processor.py:830} INFO - Processing file /home/munya/anaconda3/lib/python3.11/site-packages/airflow/example_dags/example_sla_dag.py for tasks to queue
[2024-05-20T21:21:15.259+0200] {logging_mixin.py:188} INFO - [2024-05-20T21:21:15.258+0200] {dagbag.py:545} INFO - Filling up the DagBag from /home/munya/anaconda3/lib/python3.11/site-packages/airflow/example_dags/example_sla_dag.py
[2024-05-20T21:21:15.292+0200] {processor.py:840} INFO - DAG(s) 'example_sla_dag' retrieved from /home/munya/anaconda3/lib/python3.11/site-packages/airflow/example_dags/example_sla_dag.py
[2024-05-20T21:21:15.351+0200] {logging_mixin.py:188} INFO - [2024-05-20T21:21:15.351+0200] {dag.py:3096} INFO - Sync 1 DAGs
[2024-05-20T21:21:15.388+0200] {logging_mixin.py:188} INFO - [2024-05-20T21:21:15.387+0200] {dag.py:3954} INFO - Setting next_dagrun for example_sla_dag to 2024-05-20 19:18:00+00:00, run_after=2024-05-20 19:20:00+00:00
[2024-05-20T21:21:15.445+0200] {processor.py:183} INFO - Processing /home/munya/anaconda3/lib/python3.11/site-packages/airflow/example_dags/example_sla_dag.py took 0.220 seconds
[2024-05-20T21:22:32.553+0200] {processor.py:161} INFO - Started process (PID=227587) to work on /home/munya/anaconda3/lib/python3.11/site-packages/airflow/example_dags/example_sla_dag.py
[2024-05-20T21:22:32.560+0200] {processor.py:830} INFO - Processing file /home/munya/anaconda3/lib/python3.11/site-packages/airflow/example_dags/example_sla_dag.py for tasks to queue
[2024-05-20T21:22:32.565+0200] {logging_mixin.py:188} INFO - [2024-05-20T21:22:32.563+0200] {dagbag.py:545} INFO - Filling up the DagBag from /home/munya/anaconda3/lib/python3.11/site-packages/airflow/example_dags/example_sla_dag.py
[2024-05-20T21:22:32.622+0200] {processor.py:840} INFO - DAG(s) 'example_sla_dag' retrieved from /home/munya/anaconda3/lib/python3.11/site-packages/airflow/example_dags/example_sla_dag.py
[2024-05-20T21:22:32.717+0200] {logging_mixin.py:188} INFO - [2024-05-20T21:22:32.716+0200] {dag.py:3096} INFO - Sync 1 DAGs
[2024-05-20T21:22:32.832+0200] {logging_mixin.py:188} INFO - [2024-05-20T21:22:32.831+0200] {dag.py:3954} INFO - Setting next_dagrun for example_sla_dag to 2024-05-20 19:20:00+00:00, run_after=2024-05-20 19:22:00+00:00
[2024-05-20T21:22:32.864+0200] {processor.py:183} INFO - Processing /home/munya/anaconda3/lib/python3.11/site-packages/airflow/example_dags/example_sla_dag.py took 0.350 seconds
[2024-05-20T21:23:53.031+0200] {processor.py:161} INFO - Started process (PID=228788) to work on /home/munya/anaconda3/lib/python3.11/site-packages/airflow/example_dags/example_sla_dag.py
[2024-05-20T21:23:53.032+0200] {processor.py:830} INFO - Processing file /home/munya/anaconda3/lib/python3.11/site-packages/airflow/example_dags/example_sla_dag.py for tasks to queue
[2024-05-20T21:23:53.034+0200] {logging_mixin.py:188} INFO - [2024-05-20T21:23:53.033+0200] {dagbag.py:545} INFO - Filling up the DagBag from /home/munya/anaconda3/lib/python3.11/site-packages/airflow/example_dags/example_sla_dag.py
[2024-05-20T21:23:53.056+0200] {processor.py:840} INFO - DAG(s) 'example_sla_dag' retrieved from /home/munya/anaconda3/lib/python3.11/site-packages/airflow/example_dags/example_sla_dag.py
[2024-05-20T21:23:53.089+0200] {logging_mixin.py:188} INFO - [2024-05-20T21:23:53.089+0200] {dag.py:3096} INFO - Sync 1 DAGs
[2024-05-20T21:23:53.126+0200] {logging_mixin.py:188} INFO - [2024-05-20T21:23:53.126+0200] {dag.py:3954} INFO - Setting next_dagrun for example_sla_dag to 2024-05-20 19:20:00+00:00, run_after=2024-05-20 19:22:00+00:00
[2024-05-20T21:23:53.157+0200] {processor.py:183} INFO - Processing /home/munya/anaconda3/lib/python3.11/site-packages/airflow/example_dags/example_sla_dag.py took 0.139 seconds
[2024-05-20T21:25:11.002+0200] {processor.py:161} INFO - Started process (PID=230090) to work on /home/munya/anaconda3/lib/python3.11/site-packages/airflow/example_dags/example_sla_dag.py
[2024-05-20T21:25:11.004+0200] {processor.py:830} INFO - Processing file /home/munya/anaconda3/lib/python3.11/site-packages/airflow/example_dags/example_sla_dag.py for tasks to queue
[2024-05-20T21:25:11.006+0200] {logging_mixin.py:188} INFO - [2024-05-20T21:25:11.005+0200] {dagbag.py:545} INFO - Filling up the DagBag from /home/munya/anaconda3/lib/python3.11/site-packages/airflow/example_dags/example_sla_dag.py
[2024-05-20T21:25:11.027+0200] {processor.py:840} INFO - DAG(s) 'example_sla_dag' retrieved from /home/munya/anaconda3/lib/python3.11/site-packages/airflow/example_dags/example_sla_dag.py
[2024-05-20T21:25:11.063+0200] {logging_mixin.py:188} INFO - [2024-05-20T21:25:11.063+0200] {dag.py:3096} INFO - Sync 1 DAGs
[2024-05-20T21:25:11.116+0200] {logging_mixin.py:188} INFO - [2024-05-20T21:25:11.115+0200] {dag.py:3954} INFO - Setting next_dagrun for example_sla_dag to 2024-05-20 19:22:00+00:00, run_after=2024-05-20 19:24:00+00:00
[2024-05-20T21:25:11.174+0200] {processor.py:183} INFO - Processing /home/munya/anaconda3/lib/python3.11/site-packages/airflow/example_dags/example_sla_dag.py took 0.187 seconds
[2024-05-20T21:26:26.787+0200] {processor.py:161} INFO - Started process (PID=231338) to work on /home/munya/anaconda3/lib/python3.11/site-packages/airflow/example_dags/example_sla_dag.py
[2024-05-20T21:26:26.788+0200] {processor.py:830} INFO - Processing file /home/munya/anaconda3/lib/python3.11/site-packages/airflow/example_dags/example_sla_dag.py for tasks to queue
[2024-05-20T21:26:26.790+0200] {logging_mixin.py:188} INFO - [2024-05-20T21:26:26.789+0200] {dagbag.py:545} INFO - Filling up the DagBag from /home/munya/anaconda3/lib/python3.11/site-packages/airflow/example_dags/example_sla_dag.py
[2024-05-20T21:26:26.806+0200] {processor.py:840} INFO - DAG(s) 'example_sla_dag' retrieved from /home/munya/anaconda3/lib/python3.11/site-packages/airflow/example_dags/example_sla_dag.py
[2024-05-20T21:26:26.832+0200] {logging_mixin.py:188} INFO - [2024-05-20T21:26:26.831+0200] {dag.py:3096} INFO - Sync 1 DAGs
[2024-05-20T21:26:26.868+0200] {logging_mixin.py:188} INFO - [2024-05-20T21:26:26.868+0200] {dag.py:3954} INFO - Setting next_dagrun for example_sla_dag to 2024-05-20 19:24:00+00:00, run_after=2024-05-20 19:26:00+00:00
[2024-05-20T21:26:26.897+0200] {processor.py:183} INFO - Processing /home/munya/anaconda3/lib/python3.11/site-packages/airflow/example_dags/example_sla_dag.py took 0.121 seconds
[2024-05-20T21:27:53.981+0200] {processor.py:161} INFO - Started process (PID=232750) to work on /home/munya/anaconda3/lib/python3.11/site-packages/airflow/example_dags/example_sla_dag.py
[2024-05-20T21:27:53.984+0200] {processor.py:830} INFO - Processing file /home/munya/anaconda3/lib/python3.11/site-packages/airflow/example_dags/example_sla_dag.py for tasks to queue
[2024-05-20T21:27:53.987+0200] {logging_mixin.py:188} INFO - [2024-05-20T21:27:53.986+0200] {dagbag.py:545} INFO - Filling up the DagBag from /home/munya/anaconda3/lib/python3.11/site-packages/airflow/example_dags/example_sla_dag.py
[2024-05-20T21:27:54.018+0200] {processor.py:840} INFO - DAG(s) 'example_sla_dag' retrieved from /home/munya/anaconda3/lib/python3.11/site-packages/airflow/example_dags/example_sla_dag.py
[2024-05-20T21:27:54.050+0200] {logging_mixin.py:188} INFO - [2024-05-20T21:27:54.050+0200] {dag.py:3096} INFO - Sync 1 DAGs
[2024-05-20T21:27:54.082+0200] {logging_mixin.py:188} INFO - [2024-05-20T21:27:54.081+0200] {dag.py:3954} INFO - Setting next_dagrun for example_sla_dag to 2024-05-20 19:24:00+00:00, run_after=2024-05-20 19:26:00+00:00
[2024-05-20T21:27:54.115+0200] {processor.py:183} INFO - Processing /home/munya/anaconda3/lib/python3.11/site-packages/airflow/example_dags/example_sla_dag.py took 0.157 seconds
[2024-05-20T21:29:10.812+0200] {processor.py:161} INFO - Started process (PID=233954) to work on /home/munya/anaconda3/lib/python3.11/site-packages/airflow/example_dags/example_sla_dag.py
[2024-05-20T21:29:10.814+0200] {processor.py:830} INFO - Processing file /home/munya/anaconda3/lib/python3.11/site-packages/airflow/example_dags/example_sla_dag.py for tasks to queue
[2024-05-20T21:29:10.817+0200] {logging_mixin.py:188} INFO - [2024-05-20T21:29:10.815+0200] {dagbag.py:545} INFO - Filling up the DagBag from /home/munya/anaconda3/lib/python3.11/site-packages/airflow/example_dags/example_sla_dag.py
[2024-05-20T21:29:10.838+0200] {processor.py:840} INFO - DAG(s) 'example_sla_dag' retrieved from /home/munya/anaconda3/lib/python3.11/site-packages/airflow/example_dags/example_sla_dag.py
[2024-05-20T21:29:10.872+0200] {logging_mixin.py:188} INFO - [2024-05-20T21:29:10.872+0200] {dag.py:3096} INFO - Sync 1 DAGs
[2024-05-20T21:29:10.924+0200] {logging_mixin.py:188} INFO - [2024-05-20T21:29:10.923+0200] {dag.py:3954} INFO - Setting next_dagrun for example_sla_dag to 2024-05-20 19:26:00+00:00, run_after=2024-05-20 19:28:00+00:00
[2024-05-20T21:29:10.965+0200] {processor.py:183} INFO - Processing /home/munya/anaconda3/lib/python3.11/site-packages/airflow/example_dags/example_sla_dag.py took 0.173 seconds
[2024-05-20T21:30:33.742+0200] {processor.py:161} INFO - Started process (PID=235281) to work on /home/munya/anaconda3/lib/python3.11/site-packages/airflow/example_dags/example_sla_dag.py
[2024-05-20T21:30:33.746+0200] {processor.py:830} INFO - Processing file /home/munya/anaconda3/lib/python3.11/site-packages/airflow/example_dags/example_sla_dag.py for tasks to queue
[2024-05-20T21:30:33.752+0200] {logging_mixin.py:188} INFO - [2024-05-20T21:30:33.749+0200] {dagbag.py:545} INFO - Filling up the DagBag from /home/munya/anaconda3/lib/python3.11/site-packages/airflow/example_dags/example_sla_dag.py
[2024-05-20T21:30:33.786+0200] {processor.py:840} INFO - DAG(s) 'example_sla_dag' retrieved from /home/munya/anaconda3/lib/python3.11/site-packages/airflow/example_dags/example_sla_dag.py
[2024-05-20T21:30:33.813+0200] {logging_mixin.py:188} INFO - [2024-05-20T21:30:33.813+0200] {dag.py:3096} INFO - Sync 1 DAGs
[2024-05-20T21:30:33.850+0200] {logging_mixin.py:188} INFO - [2024-05-20T21:30:33.850+0200] {dag.py:3954} INFO - Setting next_dagrun for example_sla_dag to 2024-05-20 19:28:00+00:00, run_after=2024-05-20 19:30:00+00:00
[2024-05-20T21:30:33.876+0200] {processor.py:183} INFO - Processing /home/munya/anaconda3/lib/python3.11/site-packages/airflow/example_dags/example_sla_dag.py took 0.164 seconds
[2024-05-20T21:31:49.451+0200] {processor.py:161} INFO - Started process (PID=236496) to work on /home/munya/anaconda3/lib/python3.11/site-packages/airflow/example_dags/example_sla_dag.py
[2024-05-20T21:31:49.453+0200] {processor.py:830} INFO - Processing file /home/munya/anaconda3/lib/python3.11/site-packages/airflow/example_dags/example_sla_dag.py for tasks to queue
[2024-05-20T21:31:49.455+0200] {logging_mixin.py:188} INFO - [2024-05-20T21:31:49.454+0200] {dagbag.py:545} INFO - Filling up the DagBag from /home/munya/anaconda3/lib/python3.11/site-packages/airflow/example_dags/example_sla_dag.py
[2024-05-20T21:31:49.474+0200] {processor.py:840} INFO - DAG(s) 'example_sla_dag' retrieved from /home/munya/anaconda3/lib/python3.11/site-packages/airflow/example_dags/example_sla_dag.py
[2024-05-20T21:31:49.506+0200] {logging_mixin.py:188} INFO - [2024-05-20T21:31:49.506+0200] {dag.py:3096} INFO - Sync 1 DAGs
[2024-05-20T21:31:49.558+0200] {logging_mixin.py:188} INFO - [2024-05-20T21:31:49.557+0200] {dag.py:3954} INFO - Setting next_dagrun for example_sla_dag to 2024-05-20 19:28:00+00:00, run_after=2024-05-20 19:30:00+00:00
[2024-05-20T21:31:49.589+0200] {processor.py:183} INFO - Processing /home/munya/anaconda3/lib/python3.11/site-packages/airflow/example_dags/example_sla_dag.py took 0.152 seconds
[2024-05-20T21:33:08.553+0200] {processor.py:161} INFO - Started process (PID=237701) to work on /home/munya/anaconda3/lib/python3.11/site-packages/airflow/example_dags/example_sla_dag.py
[2024-05-20T21:33:08.555+0200] {processor.py:830} INFO - Processing file /home/munya/anaconda3/lib/python3.11/site-packages/airflow/example_dags/example_sla_dag.py for tasks to queue
[2024-05-20T21:33:08.557+0200] {logging_mixin.py:188} INFO - [2024-05-20T21:33:08.556+0200] {dagbag.py:545} INFO - Filling up the DagBag from /home/munya/anaconda3/lib/python3.11/site-packages/airflow/example_dags/example_sla_dag.py
[2024-05-20T21:33:08.576+0200] {processor.py:840} INFO - DAG(s) 'example_sla_dag' retrieved from /home/munya/anaconda3/lib/python3.11/site-packages/airflow/example_dags/example_sla_dag.py
[2024-05-20T21:33:08.605+0200] {logging_mixin.py:188} INFO - [2024-05-20T21:33:08.605+0200] {dag.py:3096} INFO - Sync 1 DAGs
[2024-05-20T21:33:08.653+0200] {logging_mixin.py:188} INFO - [2024-05-20T21:33:08.653+0200] {dag.py:3954} INFO - Setting next_dagrun for example_sla_dag to 2024-05-20 19:30:00+00:00, run_after=2024-05-20 19:32:00+00:00
[2024-05-20T21:33:08.690+0200] {processor.py:183} INFO - Processing /home/munya/anaconda3/lib/python3.11/site-packages/airflow/example_dags/example_sla_dag.py took 0.150 seconds
[2024-05-20T21:34:32.383+0200] {processor.py:161} INFO - Started process (PID=238965) to work on /home/munya/anaconda3/lib/python3.11/site-packages/airflow/example_dags/example_sla_dag.py
[2024-05-20T21:34:32.388+0200] {processor.py:830} INFO - Processing file /home/munya/anaconda3/lib/python3.11/site-packages/airflow/example_dags/example_sla_dag.py for tasks to queue
[2024-05-20T21:34:32.393+0200] {logging_mixin.py:188} INFO - [2024-05-20T21:34:32.390+0200] {dagbag.py:545} INFO - Filling up the DagBag from /home/munya/anaconda3/lib/python3.11/site-packages/airflow/example_dags/example_sla_dag.py
[2024-05-20T21:34:32.442+0200] {processor.py:840} INFO - DAG(s) 'example_sla_dag' retrieved from /home/munya/anaconda3/lib/python3.11/site-packages/airflow/example_dags/example_sla_dag.py
[2024-05-20T21:34:32.526+0200] {logging_mixin.py:188} INFO - [2024-05-20T21:34:32.525+0200] {dag.py:3096} INFO - Sync 1 DAGs
[2024-05-20T21:34:32.577+0200] {logging_mixin.py:188} INFO - [2024-05-20T21:34:32.577+0200] {dag.py:3954} INFO - Setting next_dagrun for example_sla_dag to 2024-05-20 19:32:00+00:00, run_after=2024-05-20 19:34:00+00:00
[2024-05-20T21:34:32.613+0200] {processor.py:183} INFO - Processing /home/munya/anaconda3/lib/python3.11/site-packages/airflow/example_dags/example_sla_dag.py took 0.270 seconds
[2024-05-20T21:35:58.359+0200] {processor.py:161} INFO - Started process (PID=240276) to work on /home/munya/anaconda3/lib/python3.11/site-packages/airflow/example_dags/example_sla_dag.py
[2024-05-20T21:35:58.360+0200] {processor.py:830} INFO - Processing file /home/munya/anaconda3/lib/python3.11/site-packages/airflow/example_dags/example_sla_dag.py for tasks to queue
[2024-05-20T21:35:58.361+0200] {logging_mixin.py:188} INFO - [2024-05-20T21:35:58.361+0200] {dagbag.py:545} INFO - Filling up the DagBag from /home/munya/anaconda3/lib/python3.11/site-packages/airflow/example_dags/example_sla_dag.py
[2024-05-20T21:35:58.380+0200] {processor.py:840} INFO - DAG(s) 'example_sla_dag' retrieved from /home/munya/anaconda3/lib/python3.11/site-packages/airflow/example_dags/example_sla_dag.py
[2024-05-20T21:35:58.418+0200] {logging_mixin.py:188} INFO - [2024-05-20T21:35:58.418+0200] {dag.py:3096} INFO - Sync 1 DAGs
[2024-05-20T21:35:58.500+0200] {logging_mixin.py:188} INFO - [2024-05-20T21:35:58.500+0200] {dag.py:3954} INFO - Setting next_dagrun for example_sla_dag to 2024-05-20 19:32:00+00:00, run_after=2024-05-20 19:34:00+00:00
[2024-05-20T21:35:58.554+0200] {processor.py:183} INFO - Processing /home/munya/anaconda3/lib/python3.11/site-packages/airflow/example_dags/example_sla_dag.py took 0.209 seconds
[2024-05-20T21:37:16.618+0200] {processor.py:161} INFO - Started process (PID=241430) to work on /home/munya/anaconda3/lib/python3.11/site-packages/airflow/example_dags/example_sla_dag.py
[2024-05-20T21:37:16.624+0200] {processor.py:830} INFO - Processing file /home/munya/anaconda3/lib/python3.11/site-packages/airflow/example_dags/example_sla_dag.py for tasks to queue
[2024-05-20T21:37:16.628+0200] {logging_mixin.py:188} INFO - [2024-05-20T21:37:16.626+0200] {dagbag.py:545} INFO - Filling up the DagBag from /home/munya/anaconda3/lib/python3.11/site-packages/airflow/example_dags/example_sla_dag.py
[2024-05-20T21:37:16.676+0200] {processor.py:840} INFO - DAG(s) 'example_sla_dag' retrieved from /home/munya/anaconda3/lib/python3.11/site-packages/airflow/example_dags/example_sla_dag.py
[2024-05-20T21:37:16.724+0200] {logging_mixin.py:188} INFO - [2024-05-20T21:37:16.723+0200] {dag.py:3096} INFO - Sync 1 DAGs
[2024-05-20T21:37:16.776+0200] {logging_mixin.py:188} INFO - [2024-05-20T21:37:16.775+0200] {dag.py:3954} INFO - Setting next_dagrun for example_sla_dag to 2024-05-20 19:34:00+00:00, run_after=2024-05-20 19:36:00+00:00
[2024-05-20T21:37:16.822+0200] {processor.py:183} INFO - Processing /home/munya/anaconda3/lib/python3.11/site-packages/airflow/example_dags/example_sla_dag.py took 0.233 seconds
[2024-05-20T21:38:42.441+0200] {processor.py:161} INFO - Started process (PID=242685) to work on /home/munya/anaconda3/lib/python3.11/site-packages/airflow/example_dags/example_sla_dag.py
[2024-05-20T21:38:42.444+0200] {processor.py:830} INFO - Processing file /home/munya/anaconda3/lib/python3.11/site-packages/airflow/example_dags/example_sla_dag.py for tasks to queue
[2024-05-20T21:38:42.446+0200] {logging_mixin.py:188} INFO - [2024-05-20T21:38:42.445+0200] {dagbag.py:545} INFO - Filling up the DagBag from /home/munya/anaconda3/lib/python3.11/site-packages/airflow/example_dags/example_sla_dag.py
[2024-05-20T21:38:42.467+0200] {processor.py:840} INFO - DAG(s) 'example_sla_dag' retrieved from /home/munya/anaconda3/lib/python3.11/site-packages/airflow/example_dags/example_sla_dag.py
[2024-05-20T21:38:42.506+0200] {logging_mixin.py:188} INFO - [2024-05-20T21:38:42.505+0200] {dag.py:3096} INFO - Sync 1 DAGs
[2024-05-20T21:38:42.556+0200] {logging_mixin.py:188} INFO - [2024-05-20T21:38:42.556+0200] {dag.py:3954} INFO - Setting next_dagrun for example_sla_dag to 2024-05-20 19:36:00+00:00, run_after=2024-05-20 19:38:00+00:00
[2024-05-20T21:38:42.596+0200] {processor.py:183} INFO - Processing /home/munya/anaconda3/lib/python3.11/site-packages/airflow/example_dags/example_sla_dag.py took 0.172 seconds
[2024-05-20T21:40:02.812+0200] {processor.py:161} INFO - Started process (PID=243904) to work on /home/munya/anaconda3/lib/python3.11/site-packages/airflow/example_dags/example_sla_dag.py
[2024-05-20T21:40:02.815+0200] {processor.py:830} INFO - Processing file /home/munya/anaconda3/lib/python3.11/site-packages/airflow/example_dags/example_sla_dag.py for tasks to queue
[2024-05-20T21:40:02.818+0200] {logging_mixin.py:188} INFO - [2024-05-20T21:40:02.816+0200] {dagbag.py:545} INFO - Filling up the DagBag from /home/munya/anaconda3/lib/python3.11/site-packages/airflow/example_dags/example_sla_dag.py
[2024-05-20T21:40:02.847+0200] {processor.py:840} INFO - DAG(s) 'example_sla_dag' retrieved from /home/munya/anaconda3/lib/python3.11/site-packages/airflow/example_dags/example_sla_dag.py
[2024-05-20T21:40:02.880+0200] {logging_mixin.py:188} INFO - [2024-05-20T21:40:02.880+0200] {dag.py:3096} INFO - Sync 1 DAGs
[2024-05-20T21:40:02.952+0200] {logging_mixin.py:188} INFO - [2024-05-20T21:40:02.952+0200] {dag.py:3954} INFO - Setting next_dagrun for example_sla_dag to 2024-05-20 19:38:00+00:00, run_after=2024-05-20 19:40:00+00:00
[2024-05-20T21:40:02.989+0200] {processor.py:183} INFO - Processing /home/munya/anaconda3/lib/python3.11/site-packages/airflow/example_dags/example_sla_dag.py took 0.194 seconds
[2024-05-20T21:41:23.053+0200] {processor.py:161} INFO - Started process (PID=245100) to work on /home/munya/anaconda3/lib/python3.11/site-packages/airflow/example_dags/example_sla_dag.py
[2024-05-20T21:41:23.055+0200] {processor.py:830} INFO - Processing file /home/munya/anaconda3/lib/python3.11/site-packages/airflow/example_dags/example_sla_dag.py for tasks to queue
[2024-05-20T21:41:23.057+0200] {logging_mixin.py:188} INFO - [2024-05-20T21:41:23.056+0200] {dagbag.py:545} INFO - Filling up the DagBag from /home/munya/anaconda3/lib/python3.11/site-packages/airflow/example_dags/example_sla_dag.py
[2024-05-20T21:41:23.070+0200] {processor.py:840} INFO - DAG(s) 'example_sla_dag' retrieved from /home/munya/anaconda3/lib/python3.11/site-packages/airflow/example_dags/example_sla_dag.py
[2024-05-20T21:41:23.094+0200] {logging_mixin.py:188} INFO - [2024-05-20T21:41:23.094+0200] {dag.py:3096} INFO - Sync 1 DAGs
[2024-05-20T21:41:23.130+0200] {logging_mixin.py:188} INFO - [2024-05-20T21:41:23.130+0200] {dag.py:3954} INFO - Setting next_dagrun for example_sla_dag to 2024-05-20 19:38:00+00:00, run_after=2024-05-20 19:40:00+00:00
[2024-05-20T21:41:23.162+0200] {processor.py:183} INFO - Processing /home/munya/anaconda3/lib/python3.11/site-packages/airflow/example_dags/example_sla_dag.py took 0.119 seconds
[2024-05-20T21:42:46.623+0200] {processor.py:161} INFO - Started process (PID=246423) to work on /home/munya/anaconda3/lib/python3.11/site-packages/airflow/example_dags/example_sla_dag.py
[2024-05-20T21:42:46.625+0200] {processor.py:830} INFO - Processing file /home/munya/anaconda3/lib/python3.11/site-packages/airflow/example_dags/example_sla_dag.py for tasks to queue
[2024-05-20T21:42:46.627+0200] {logging_mixin.py:188} INFO - [2024-05-20T21:42:46.626+0200] {dagbag.py:545} INFO - Filling up the DagBag from /home/munya/anaconda3/lib/python3.11/site-packages/airflow/example_dags/example_sla_dag.py
[2024-05-20T21:42:46.645+0200] {processor.py:840} INFO - DAG(s) 'example_sla_dag' retrieved from /home/munya/anaconda3/lib/python3.11/site-packages/airflow/example_dags/example_sla_dag.py
[2024-05-20T21:42:46.678+0200] {logging_mixin.py:188} INFO - [2024-05-20T21:42:46.677+0200] {dag.py:3096} INFO - Sync 1 DAGs
[2024-05-20T21:42:46.726+0200] {logging_mixin.py:188} INFO - [2024-05-20T21:42:46.726+0200] {dag.py:3954} INFO - Setting next_dagrun for example_sla_dag to 2024-05-20 19:40:00+00:00, run_after=2024-05-20 19:42:00+00:00
[2024-05-20T21:42:46.760+0200] {processor.py:183} INFO - Processing /home/munya/anaconda3/lib/python3.11/site-packages/airflow/example_dags/example_sla_dag.py took 0.148 seconds
[2024-05-20T21:44:03.092+0200] {processor.py:161} INFO - Started process (PID=247628) to work on /home/munya/anaconda3/lib/python3.11/site-packages/airflow/example_dags/example_sla_dag.py
[2024-05-20T21:44:03.094+0200] {processor.py:830} INFO - Processing file /home/munya/anaconda3/lib/python3.11/site-packages/airflow/example_dags/example_sla_dag.py for tasks to queue
[2024-05-20T21:44:03.096+0200] {logging_mixin.py:188} INFO - [2024-05-20T21:44:03.095+0200] {dagbag.py:545} INFO - Filling up the DagBag from /home/munya/anaconda3/lib/python3.11/site-packages/airflow/example_dags/example_sla_dag.py
[2024-05-20T21:44:03.123+0200] {processor.py:840} INFO - DAG(s) 'example_sla_dag' retrieved from /home/munya/anaconda3/lib/python3.11/site-packages/airflow/example_dags/example_sla_dag.py
[2024-05-20T21:44:03.157+0200] {logging_mixin.py:188} INFO - [2024-05-20T21:44:03.157+0200] {dag.py:3096} INFO - Sync 1 DAGs
[2024-05-20T21:44:03.208+0200] {logging_mixin.py:188} INFO - [2024-05-20T21:44:03.208+0200] {dag.py:3954} INFO - Setting next_dagrun for example_sla_dag to 2024-05-20 19:42:00+00:00, run_after=2024-05-20 19:44:00+00:00
[2024-05-20T21:44:03.244+0200] {processor.py:183} INFO - Processing /home/munya/anaconda3/lib/python3.11/site-packages/airflow/example_dags/example_sla_dag.py took 0.165 seconds
[2024-05-20T21:45:22.116+0200] {processor.py:161} INFO - Started process (PID=248782) to work on /home/munya/anaconda3/lib/python3.11/site-packages/airflow/example_dags/example_sla_dag.py
[2024-05-20T21:45:22.121+0200] {processor.py:830} INFO - Processing file /home/munya/anaconda3/lib/python3.11/site-packages/airflow/example_dags/example_sla_dag.py for tasks to queue
[2024-05-20T21:45:22.127+0200] {logging_mixin.py:188} INFO - [2024-05-20T21:45:22.124+0200] {dagbag.py:545} INFO - Filling up the DagBag from /home/munya/anaconda3/lib/python3.11/site-packages/airflow/example_dags/example_sla_dag.py
[2024-05-20T21:45:22.188+0200] {processor.py:840} INFO - DAG(s) 'example_sla_dag' retrieved from /home/munya/anaconda3/lib/python3.11/site-packages/airflow/example_dags/example_sla_dag.py
[2024-05-20T21:45:22.292+0200] {logging_mixin.py:188} INFO - [2024-05-20T21:45:22.292+0200] {dag.py:3096} INFO - Sync 1 DAGs
[2024-05-20T21:45:22.350+0200] {logging_mixin.py:188} INFO - [2024-05-20T21:45:22.350+0200] {dag.py:3954} INFO - Setting next_dagrun for example_sla_dag to 2024-05-20 19:42:00+00:00, run_after=2024-05-20 19:44:00+00:00
[2024-05-20T21:45:22.390+0200] {processor.py:183} INFO - Processing /home/munya/anaconda3/lib/python3.11/site-packages/airflow/example_dags/example_sla_dag.py took 0.314 seconds
[2024-05-20T21:46:34.602+0200] {processor.py:161} INFO - Started process (PID=250067) to work on /home/munya/anaconda3/lib/python3.11/site-packages/airflow/example_dags/example_sla_dag.py
[2024-05-20T21:46:34.603+0200] {processor.py:830} INFO - Processing file /home/munya/anaconda3/lib/python3.11/site-packages/airflow/example_dags/example_sla_dag.py for tasks to queue
[2024-05-20T21:46:34.604+0200] {logging_mixin.py:188} INFO - [2024-05-20T21:46:34.604+0200] {dagbag.py:545} INFO - Filling up the DagBag from /home/munya/anaconda3/lib/python3.11/site-packages/airflow/example_dags/example_sla_dag.py
[2024-05-20T21:46:34.613+0200] {processor.py:840} INFO - DAG(s) 'example_sla_dag' retrieved from /home/munya/anaconda3/lib/python3.11/site-packages/airflow/example_dags/example_sla_dag.py
[2024-05-20T21:46:34.629+0200] {logging_mixin.py:188} INFO - [2024-05-20T21:46:34.628+0200] {dag.py:3096} INFO - Sync 1 DAGs
[2024-05-20T21:46:34.649+0200] {logging_mixin.py:188} INFO - [2024-05-20T21:46:34.649+0200] {dag.py:3954} INFO - Setting next_dagrun for example_sla_dag to 2024-05-20 19:44:00+00:00, run_after=2024-05-20 19:46:00+00:00
[2024-05-20T21:46:34.665+0200] {processor.py:183} INFO - Processing /home/munya/anaconda3/lib/python3.11/site-packages/airflow/example_dags/example_sla_dag.py took 0.068 seconds
[2024-05-20T21:47:32.798+0200] {processor.py:161} INFO - Started process (PID=251021) to work on /home/munya/anaconda3/lib/python3.11/site-packages/airflow/example_dags/example_sla_dag.py
[2024-05-20T21:47:32.799+0200] {processor.py:830} INFO - Processing file /home/munya/anaconda3/lib/python3.11/site-packages/airflow/example_dags/example_sla_dag.py for tasks to queue
[2024-05-20T21:47:32.800+0200] {logging_mixin.py:188} INFO - [2024-05-20T21:47:32.799+0200] {dagbag.py:545} INFO - Filling up the DagBag from /home/munya/anaconda3/lib/python3.11/site-packages/airflow/example_dags/example_sla_dag.py
[2024-05-20T21:47:32.808+0200] {processor.py:840} INFO - DAG(s) 'example_sla_dag' retrieved from /home/munya/anaconda3/lib/python3.11/site-packages/airflow/example_dags/example_sla_dag.py
[2024-05-20T21:47:32.821+0200] {logging_mixin.py:188} INFO - [2024-05-20T21:47:32.821+0200] {dag.py:3096} INFO - Sync 1 DAGs
[2024-05-20T21:47:32.842+0200] {logging_mixin.py:188} INFO - [2024-05-20T21:47:32.842+0200] {dag.py:3954} INFO - Setting next_dagrun for example_sla_dag to 2024-05-20 19:44:00+00:00, run_after=2024-05-20 19:46:00+00:00
[2024-05-20T21:47:32.861+0200] {processor.py:183} INFO - Processing /home/munya/anaconda3/lib/python3.11/site-packages/airflow/example_dags/example_sla_dag.py took 0.070 seconds
[2024-05-20T21:48:25.482+0200] {processor.py:161} INFO - Started process (PID=251840) to work on /home/munya/anaconda3/lib/python3.11/site-packages/airflow/example_dags/example_sla_dag.py
[2024-05-20T21:48:25.483+0200] {processor.py:830} INFO - Processing file /home/munya/anaconda3/lib/python3.11/site-packages/airflow/example_dags/example_sla_dag.py for tasks to queue
[2024-05-20T21:48:25.484+0200] {logging_mixin.py:188} INFO - [2024-05-20T21:48:25.484+0200] {dagbag.py:545} INFO - Filling up the DagBag from /home/munya/anaconda3/lib/python3.11/site-packages/airflow/example_dags/example_sla_dag.py
[2024-05-20T21:48:25.491+0200] {processor.py:840} INFO - DAG(s) 'example_sla_dag' retrieved from /home/munya/anaconda3/lib/python3.11/site-packages/airflow/example_dags/example_sla_dag.py
[2024-05-20T21:48:25.506+0200] {logging_mixin.py:188} INFO - [2024-05-20T21:48:25.505+0200] {dag.py:3096} INFO - Sync 1 DAGs
[2024-05-20T21:48:25.525+0200] {logging_mixin.py:188} INFO - [2024-05-20T21:48:25.525+0200] {dag.py:3954} INFO - Setting next_dagrun for example_sla_dag to 2024-05-20 19:46:00+00:00, run_after=2024-05-20 19:48:00+00:00
[2024-05-20T21:48:25.541+0200] {processor.py:183} INFO - Processing /home/munya/anaconda3/lib/python3.11/site-packages/airflow/example_dags/example_sla_dag.py took 0.066 seconds
[2024-05-20T21:49:28.082+0200] {processor.py:161} INFO - Started process (PID=252790) to work on /home/munya/anaconda3/lib/python3.11/site-packages/airflow/example_dags/example_sla_dag.py
[2024-05-20T21:49:28.083+0200] {processor.py:830} INFO - Processing file /home/munya/anaconda3/lib/python3.11/site-packages/airflow/example_dags/example_sla_dag.py for tasks to queue
[2024-05-20T21:49:28.084+0200] {logging_mixin.py:188} INFO - [2024-05-20T21:49:28.083+0200] {dagbag.py:545} INFO - Filling up the DagBag from /home/munya/anaconda3/lib/python3.11/site-packages/airflow/example_dags/example_sla_dag.py
[2024-05-20T21:49:28.091+0200] {processor.py:840} INFO - DAG(s) 'example_sla_dag' retrieved from /home/munya/anaconda3/lib/python3.11/site-packages/airflow/example_dags/example_sla_dag.py
[2024-05-20T21:49:28.112+0200] {logging_mixin.py:188} INFO - [2024-05-20T21:49:28.112+0200] {dag.py:3096} INFO - Sync 1 DAGs
[2024-05-20T21:49:28.142+0200] {logging_mixin.py:188} INFO - [2024-05-20T21:49:28.142+0200] {dag.py:3954} INFO - Setting next_dagrun for example_sla_dag to 2024-05-20 19:46:00+00:00, run_after=2024-05-20 19:48:00+00:00
[2024-05-20T21:49:28.164+0200] {processor.py:183} INFO - Processing /home/munya/anaconda3/lib/python3.11/site-packages/airflow/example_dags/example_sla_dag.py took 0.089 seconds
[2024-05-20T21:50:29.743+0200] {processor.py:161} INFO - Started process (PID=254260) to work on /home/munya/anaconda3/lib/python3.11/site-packages/airflow/example_dags/example_sla_dag.py
[2024-05-20T21:50:29.744+0200] {processor.py:830} INFO - Processing file /home/munya/anaconda3/lib/python3.11/site-packages/airflow/example_dags/example_sla_dag.py for tasks to queue
[2024-05-20T21:50:29.745+0200] {logging_mixin.py:188} INFO - [2024-05-20T21:50:29.744+0200] {dagbag.py:545} INFO - Filling up the DagBag from /home/munya/anaconda3/lib/python3.11/site-packages/airflow/example_dags/example_sla_dag.py
[2024-05-20T21:50:29.753+0200] {processor.py:840} INFO - DAG(s) 'example_sla_dag' retrieved from /home/munya/anaconda3/lib/python3.11/site-packages/airflow/example_dags/example_sla_dag.py
[2024-05-20T21:50:29.770+0200] {logging_mixin.py:188} INFO - [2024-05-20T21:50:29.770+0200] {dag.py:3096} INFO - Sync 1 DAGs
[2024-05-20T21:50:29.797+0200] {logging_mixin.py:188} INFO - [2024-05-20T21:50:29.797+0200] {dag.py:3954} INFO - Setting next_dagrun for example_sla_dag to 2024-05-20 19:48:00+00:00, run_after=2024-05-20 19:50:00+00:00
[2024-05-20T21:50:29.816+0200] {processor.py:183} INFO - Processing /home/munya/anaconda3/lib/python3.11/site-packages/airflow/example_dags/example_sla_dag.py took 0.081 seconds
[2024-05-20T21:51:28.862+0200] {processor.py:161} INFO - Started process (PID=255193) to work on /home/munya/anaconda3/lib/python3.11/site-packages/airflow/example_dags/example_sla_dag.py
[2024-05-20T21:51:28.863+0200] {processor.py:830} INFO - Processing file /home/munya/anaconda3/lib/python3.11/site-packages/airflow/example_dags/example_sla_dag.py for tasks to queue
[2024-05-20T21:51:28.864+0200] {logging_mixin.py:188} INFO - [2024-05-20T21:51:28.863+0200] {dagbag.py:545} INFO - Filling up the DagBag from /home/munya/anaconda3/lib/python3.11/site-packages/airflow/example_dags/example_sla_dag.py
[2024-05-20T21:51:28.872+0200] {processor.py:840} INFO - DAG(s) 'example_sla_dag' retrieved from /home/munya/anaconda3/lib/python3.11/site-packages/airflow/example_dags/example_sla_dag.py
[2024-05-20T21:51:28.886+0200] {logging_mixin.py:188} INFO - [2024-05-20T21:51:28.886+0200] {dag.py:3096} INFO - Sync 1 DAGs
[2024-05-20T21:51:28.909+0200] {logging_mixin.py:188} INFO - [2024-05-20T21:51:28.909+0200] {dag.py:3954} INFO - Setting next_dagrun for example_sla_dag to 2024-05-20 19:48:00+00:00, run_after=2024-05-20 19:50:00+00:00
[2024-05-20T21:51:28.929+0200] {processor.py:183} INFO - Processing /home/munya/anaconda3/lib/python3.11/site-packages/airflow/example_dags/example_sla_dag.py took 0.073 seconds
[2024-05-20T21:52:35.924+0200] {processor.py:161} INFO - Started process (PID=256198) to work on /home/munya/anaconda3/lib/python3.11/site-packages/airflow/example_dags/example_sla_dag.py
[2024-05-20T21:52:35.927+0200] {processor.py:830} INFO - Processing file /home/munya/anaconda3/lib/python3.11/site-packages/airflow/example_dags/example_sla_dag.py for tasks to queue
[2024-05-20T21:52:35.928+0200] {logging_mixin.py:188} INFO - [2024-05-20T21:52:35.927+0200] {dagbag.py:545} INFO - Filling up the DagBag from /home/munya/anaconda3/lib/python3.11/site-packages/airflow/example_dags/example_sla_dag.py
[2024-05-20T21:52:35.936+0200] {processor.py:840} INFO - DAG(s) 'example_sla_dag' retrieved from /home/munya/anaconda3/lib/python3.11/site-packages/airflow/example_dags/example_sla_dag.py
[2024-05-20T21:52:35.950+0200] {logging_mixin.py:188} INFO - [2024-05-20T21:52:35.950+0200] {dag.py:3096} INFO - Sync 1 DAGs
[2024-05-20T21:52:35.969+0200] {logging_mixin.py:188} INFO - [2024-05-20T21:52:35.969+0200] {dag.py:3954} INFO - Setting next_dagrun for example_sla_dag to 2024-05-20 19:50:00+00:00, run_after=2024-05-20 19:52:00+00:00
[2024-05-20T21:52:35.986+0200] {processor.py:183} INFO - Processing /home/munya/anaconda3/lib/python3.11/site-packages/airflow/example_dags/example_sla_dag.py took 0.069 seconds
[2024-05-20T21:53:43.386+0200] {processor.py:161} INFO - Started process (PID=257233) to work on /home/munya/anaconda3/lib/python3.11/site-packages/airflow/example_dags/example_sla_dag.py
[2024-05-20T21:53:43.387+0200] {processor.py:830} INFO - Processing file /home/munya/anaconda3/lib/python3.11/site-packages/airflow/example_dags/example_sla_dag.py for tasks to queue
[2024-05-20T21:53:43.388+0200] {logging_mixin.py:188} INFO - [2024-05-20T21:53:43.387+0200] {dagbag.py:545} INFO - Filling up the DagBag from /home/munya/anaconda3/lib/python3.11/site-packages/airflow/example_dags/example_sla_dag.py
[2024-05-20T21:53:43.396+0200] {processor.py:840} INFO - DAG(s) 'example_sla_dag' retrieved from /home/munya/anaconda3/lib/python3.11/site-packages/airflow/example_dags/example_sla_dag.py
[2024-05-20T21:53:43.412+0200] {logging_mixin.py:188} INFO - [2024-05-20T21:53:43.412+0200] {dag.py:3096} INFO - Sync 1 DAGs
[2024-05-20T21:53:43.433+0200] {logging_mixin.py:188} INFO - [2024-05-20T21:53:43.433+0200] {dag.py:3954} INFO - Setting next_dagrun for example_sla_dag to 2024-05-20 19:50:00+00:00, run_after=2024-05-20 19:52:00+00:00
[2024-05-20T21:53:43.452+0200] {processor.py:183} INFO - Processing /home/munya/anaconda3/lib/python3.11/site-packages/airflow/example_dags/example_sla_dag.py took 0.072 seconds
[2024-05-20T21:54:52.989+0200] {processor.py:161} INFO - Started process (PID=258284) to work on /home/munya/anaconda3/lib/python3.11/site-packages/airflow/example_dags/example_sla_dag.py
[2024-05-20T21:54:52.990+0200] {processor.py:830} INFO - Processing file /home/munya/anaconda3/lib/python3.11/site-packages/airflow/example_dags/example_sla_dag.py for tasks to queue
[2024-05-20T21:54:52.991+0200] {logging_mixin.py:188} INFO - [2024-05-20T21:54:52.991+0200] {dagbag.py:545} INFO - Filling up the DagBag from /home/munya/anaconda3/lib/python3.11/site-packages/airflow/example_dags/example_sla_dag.py
[2024-05-20T21:54:52.999+0200] {processor.py:840} INFO - DAG(s) 'example_sla_dag' retrieved from /home/munya/anaconda3/lib/python3.11/site-packages/airflow/example_dags/example_sla_dag.py
[2024-05-20T21:54:53.015+0200] {logging_mixin.py:188} INFO - [2024-05-20T21:54:53.014+0200] {dag.py:3096} INFO - Sync 1 DAGs
[2024-05-20T21:54:53.039+0200] {logging_mixin.py:188} INFO - [2024-05-20T21:54:53.038+0200] {dag.py:3954} INFO - Setting next_dagrun for example_sla_dag to 2024-05-20 19:52:00+00:00, run_after=2024-05-20 19:54:00+00:00
[2024-05-20T21:54:53.056+0200] {processor.py:183} INFO - Processing /home/munya/anaconda3/lib/python3.11/site-packages/airflow/example_dags/example_sla_dag.py took 0.072 seconds
[2024-05-20T21:55:53.147+0200] {processor.py:161} INFO - Started process (PID=259185) to work on /home/munya/anaconda3/lib/python3.11/site-packages/airflow/example_dags/example_sla_dag.py
[2024-05-20T21:55:53.148+0200] {processor.py:830} INFO - Processing file /home/munya/anaconda3/lib/python3.11/site-packages/airflow/example_dags/example_sla_dag.py for tasks to queue
[2024-05-20T21:55:53.149+0200] {logging_mixin.py:188} INFO - [2024-05-20T21:55:53.149+0200] {dagbag.py:545} INFO - Filling up the DagBag from /home/munya/anaconda3/lib/python3.11/site-packages/airflow/example_dags/example_sla_dag.py
[2024-05-20T21:55:53.161+0200] {processor.py:840} INFO - DAG(s) 'example_sla_dag' retrieved from /home/munya/anaconda3/lib/python3.11/site-packages/airflow/example_dags/example_sla_dag.py
[2024-05-20T21:55:53.180+0200] {logging_mixin.py:188} INFO - [2024-05-20T21:55:53.180+0200] {dag.py:3096} INFO - Sync 1 DAGs
[2024-05-20T21:55:53.210+0200] {logging_mixin.py:188} INFO - [2024-05-20T21:55:53.209+0200] {dag.py:3954} INFO - Setting next_dagrun for example_sla_dag to 2024-05-20 19:52:00+00:00, run_after=2024-05-20 19:54:00+00:00
[2024-05-20T21:55:53.232+0200] {processor.py:183} INFO - Processing /home/munya/anaconda3/lib/python3.11/site-packages/airflow/example_dags/example_sla_dag.py took 0.091 seconds
[2024-05-20T21:56:58.976+0200] {processor.py:161} INFO - Started process (PID=260189) to work on /home/munya/anaconda3/lib/python3.11/site-packages/airflow/example_dags/example_sla_dag.py
[2024-05-20T21:56:58.977+0200] {processor.py:830} INFO - Processing file /home/munya/anaconda3/lib/python3.11/site-packages/airflow/example_dags/example_sla_dag.py for tasks to queue
[2024-05-20T21:56:58.978+0200] {logging_mixin.py:188} INFO - [2024-05-20T21:56:58.977+0200] {dagbag.py:545} INFO - Filling up the DagBag from /home/munya/anaconda3/lib/python3.11/site-packages/airflow/example_dags/example_sla_dag.py
[2024-05-20T21:56:58.986+0200] {processor.py:840} INFO - DAG(s) 'example_sla_dag' retrieved from /home/munya/anaconda3/lib/python3.11/site-packages/airflow/example_dags/example_sla_dag.py
[2024-05-20T21:56:59.000+0200] {logging_mixin.py:188} INFO - [2024-05-20T21:56:59.000+0200] {dag.py:3096} INFO - Sync 1 DAGs
[2024-05-20T21:56:59.024+0200] {logging_mixin.py:188} INFO - [2024-05-20T21:56:59.024+0200] {dag.py:3954} INFO - Setting next_dagrun for example_sla_dag to 2024-05-20 19:54:00+00:00, run_after=2024-05-20 19:56:00+00:00
[2024-05-20T21:56:59.046+0200] {processor.py:183} INFO - Processing /home/munya/anaconda3/lib/python3.11/site-packages/airflow/example_dags/example_sla_dag.py took 0.076 seconds
[2024-05-20T21:58:06.996+0200] {processor.py:161} INFO - Started process (PID=261234) to work on /home/munya/anaconda3/lib/python3.11/site-packages/airflow/example_dags/example_sla_dag.py
[2024-05-20T21:58:07.000+0200] {processor.py:830} INFO - Processing file /home/munya/anaconda3/lib/python3.11/site-packages/airflow/example_dags/example_sla_dag.py for tasks to queue
[2024-05-20T21:58:07.005+0200] {logging_mixin.py:188} INFO - [2024-05-20T21:58:07.002+0200] {dagbag.py:545} INFO - Filling up the DagBag from /home/munya/anaconda3/lib/python3.11/site-packages/airflow/example_dags/example_sla_dag.py
[2024-05-20T21:58:07.043+0200] {processor.py:840} INFO - DAG(s) 'example_sla_dag' retrieved from /home/munya/anaconda3/lib/python3.11/site-packages/airflow/example_dags/example_sla_dag.py
[2024-05-20T21:58:07.113+0200] {logging_mixin.py:188} INFO - [2024-05-20T21:58:07.112+0200] {dag.py:3096} INFO - Sync 1 DAGs
[2024-05-20T21:58:07.229+0200] {logging_mixin.py:188} INFO - [2024-05-20T21:58:07.228+0200] {dag.py:3954} INFO - Setting next_dagrun for example_sla_dag to 2024-05-20 19:56:00+00:00, run_after=2024-05-20 19:58:00+00:00
[2024-05-20T21:58:07.307+0200] {processor.py:183} INFO - Processing /home/munya/anaconda3/lib/python3.11/site-packages/airflow/example_dags/example_sla_dag.py took 0.339 seconds
[2024-05-20T21:59:12.287+0200] {processor.py:161} INFO - Started process (PID=262221) to work on /home/munya/anaconda3/lib/python3.11/site-packages/airflow/example_dags/example_sla_dag.py
[2024-05-20T21:59:12.288+0200] {processor.py:830} INFO - Processing file /home/munya/anaconda3/lib/python3.11/site-packages/airflow/example_dags/example_sla_dag.py for tasks to queue
[2024-05-20T21:59:12.289+0200] {logging_mixin.py:188} INFO - [2024-05-20T21:59:12.288+0200] {dagbag.py:545} INFO - Filling up the DagBag from /home/munya/anaconda3/lib/python3.11/site-packages/airflow/example_dags/example_sla_dag.py
[2024-05-20T21:59:12.297+0200] {processor.py:840} INFO - DAG(s) 'example_sla_dag' retrieved from /home/munya/anaconda3/lib/python3.11/site-packages/airflow/example_dags/example_sla_dag.py
[2024-05-20T21:59:12.313+0200] {logging_mixin.py:188} INFO - [2024-05-20T21:59:12.313+0200] {dag.py:3096} INFO - Sync 1 DAGs
[2024-05-20T21:59:12.337+0200] {logging_mixin.py:188} INFO - [2024-05-20T21:59:12.337+0200] {dag.py:3954} INFO - Setting next_dagrun for example_sla_dag to 2024-05-20 19:56:00+00:00, run_after=2024-05-20 19:58:00+00:00
[2024-05-20T21:59:12.356+0200] {processor.py:183} INFO - Processing /home/munya/anaconda3/lib/python3.11/site-packages/airflow/example_dags/example_sla_dag.py took 0.077 seconds
[2024-05-20T22:00:17.187+0200] {processor.py:161} INFO - Started process (PID=263195) to work on /home/munya/anaconda3/lib/python3.11/site-packages/airflow/example_dags/example_sla_dag.py
[2024-05-20T22:00:17.188+0200] {processor.py:830} INFO - Processing file /home/munya/anaconda3/lib/python3.11/site-packages/airflow/example_dags/example_sla_dag.py for tasks to queue
[2024-05-20T22:00:17.189+0200] {logging_mixin.py:188} INFO - [2024-05-20T22:00:17.189+0200] {dagbag.py:545} INFO - Filling up the DagBag from /home/munya/anaconda3/lib/python3.11/site-packages/airflow/example_dags/example_sla_dag.py
[2024-05-20T22:00:17.197+0200] {processor.py:840} INFO - DAG(s) 'example_sla_dag' retrieved from /home/munya/anaconda3/lib/python3.11/site-packages/airflow/example_dags/example_sla_dag.py
[2024-05-20T22:00:17.211+0200] {logging_mixin.py:188} INFO - [2024-05-20T22:00:17.211+0200] {dag.py:3096} INFO - Sync 1 DAGs
[2024-05-20T22:00:17.229+0200] {logging_mixin.py:188} INFO - [2024-05-20T22:00:17.229+0200] {dag.py:3954} INFO - Setting next_dagrun for example_sla_dag to 2024-05-20 19:58:00+00:00, run_after=2024-05-20 20:00:00+00:00
[2024-05-20T22:00:17.245+0200] {processor.py:183} INFO - Processing /home/munya/anaconda3/lib/python3.11/site-packages/airflow/example_dags/example_sla_dag.py took 0.065 seconds
[2024-05-20T22:01:24.243+0200] {processor.py:161} INFO - Started process (PID=264255) to work on /home/munya/anaconda3/lib/python3.11/site-packages/airflow/example_dags/example_sla_dag.py
[2024-05-20T22:01:24.244+0200] {processor.py:830} INFO - Processing file /home/munya/anaconda3/lib/python3.11/site-packages/airflow/example_dags/example_sla_dag.py for tasks to queue
[2024-05-20T22:01:24.245+0200] {logging_mixin.py:188} INFO - [2024-05-20T22:01:24.244+0200] {dagbag.py:545} INFO - Filling up the DagBag from /home/munya/anaconda3/lib/python3.11/site-packages/airflow/example_dags/example_sla_dag.py
[2024-05-20T22:01:24.253+0200] {processor.py:840} INFO - DAG(s) 'example_sla_dag' retrieved from /home/munya/anaconda3/lib/python3.11/site-packages/airflow/example_dags/example_sla_dag.py
[2024-05-20T22:01:24.268+0200] {logging_mixin.py:188} INFO - [2024-05-20T22:01:24.268+0200] {dag.py:3096} INFO - Sync 1 DAGs
[2024-05-20T22:01:24.287+0200] {logging_mixin.py:188} INFO - [2024-05-20T22:01:24.287+0200] {dag.py:3954} INFO - Setting next_dagrun for example_sla_dag to 2024-05-20 19:58:00+00:00, run_after=2024-05-20 20:00:00+00:00
[2024-05-20T22:01:24.304+0200] {processor.py:183} INFO - Processing /home/munya/anaconda3/lib/python3.11/site-packages/airflow/example_dags/example_sla_dag.py took 0.068 seconds
[2024-05-20T22:02:34.861+0200] {processor.py:161} INFO - Started process (PID=265334) to work on /home/munya/anaconda3/lib/python3.11/site-packages/airflow/example_dags/example_sla_dag.py
[2024-05-20T22:02:34.863+0200] {processor.py:830} INFO - Processing file /home/munya/anaconda3/lib/python3.11/site-packages/airflow/example_dags/example_sla_dag.py for tasks to queue
[2024-05-20T22:02:34.864+0200] {logging_mixin.py:188} INFO - [2024-05-20T22:02:34.863+0200] {dagbag.py:545} INFO - Filling up the DagBag from /home/munya/anaconda3/lib/python3.11/site-packages/airflow/example_dags/example_sla_dag.py
[2024-05-20T22:02:34.872+0200] {processor.py:840} INFO - DAG(s) 'example_sla_dag' retrieved from /home/munya/anaconda3/lib/python3.11/site-packages/airflow/example_dags/example_sla_dag.py
[2024-05-20T22:02:34.895+0200] {logging_mixin.py:188} INFO - [2024-05-20T22:02:34.894+0200] {dag.py:3096} INFO - Sync 1 DAGs
[2024-05-20T22:02:34.919+0200] {logging_mixin.py:188} INFO - [2024-05-20T22:02:34.919+0200] {dag.py:3954} INFO - Setting next_dagrun for example_sla_dag to 2024-05-20 20:00:00+00:00, run_after=2024-05-20 20:02:00+00:00
[2024-05-20T22:02:34.944+0200] {processor.py:183} INFO - Processing /home/munya/anaconda3/lib/python3.11/site-packages/airflow/example_dags/example_sla_dag.py took 0.090 seconds
[2024-05-20T22:03:33.528+0200] {processor.py:161} INFO - Started process (PID=266239) to work on /home/munya/anaconda3/lib/python3.11/site-packages/airflow/example_dags/example_sla_dag.py
[2024-05-20T22:03:33.529+0200] {processor.py:830} INFO - Processing file /home/munya/anaconda3/lib/python3.11/site-packages/airflow/example_dags/example_sla_dag.py for tasks to queue
[2024-05-20T22:03:33.530+0200] {logging_mixin.py:188} INFO - [2024-05-20T22:03:33.530+0200] {dagbag.py:545} INFO - Filling up the DagBag from /home/munya/anaconda3/lib/python3.11/site-packages/airflow/example_dags/example_sla_dag.py
[2024-05-20T22:03:33.538+0200] {processor.py:840} INFO - DAG(s) 'example_sla_dag' retrieved from /home/munya/anaconda3/lib/python3.11/site-packages/airflow/example_dags/example_sla_dag.py
[2024-05-20T22:03:33.553+0200] {logging_mixin.py:188} INFO - [2024-05-20T22:03:33.552+0200] {dag.py:3096} INFO - Sync 1 DAGs
[2024-05-20T22:03:33.572+0200] {logging_mixin.py:188} INFO - [2024-05-20T22:03:33.572+0200] {dag.py:3954} INFO - Setting next_dagrun for example_sla_dag to 2024-05-20 20:00:00+00:00, run_after=2024-05-20 20:02:00+00:00
[2024-05-20T22:03:33.590+0200] {processor.py:183} INFO - Processing /home/munya/anaconda3/lib/python3.11/site-packages/airflow/example_dags/example_sla_dag.py took 0.068 seconds
[2024-05-20T22:04:45.006+0200] {processor.py:161} INFO - Started process (PID=267296) to work on /home/munya/anaconda3/lib/python3.11/site-packages/airflow/example_dags/example_sla_dag.py
[2024-05-20T22:04:45.009+0200] {processor.py:830} INFO - Processing file /home/munya/anaconda3/lib/python3.11/site-packages/airflow/example_dags/example_sla_dag.py for tasks to queue
[2024-05-20T22:04:45.012+0200] {logging_mixin.py:188} INFO - [2024-05-20T22:04:45.011+0200] {dagbag.py:545} INFO - Filling up the DagBag from /home/munya/anaconda3/lib/python3.11/site-packages/airflow/example_dags/example_sla_dag.py
[2024-05-20T22:04:45.049+0200] {processor.py:840} INFO - DAG(s) 'example_sla_dag' retrieved from /home/munya/anaconda3/lib/python3.11/site-packages/airflow/example_dags/example_sla_dag.py
[2024-05-20T22:04:45.114+0200] {logging_mixin.py:188} INFO - [2024-05-20T22:04:45.113+0200] {dag.py:3096} INFO - Sync 1 DAGs
[2024-05-20T22:04:45.253+0200] {logging_mixin.py:188} INFO - [2024-05-20T22:04:45.252+0200] {dag.py:3954} INFO - Setting next_dagrun for example_sla_dag to 2024-05-20 20:02:00+00:00, run_after=2024-05-20 20:04:00+00:00
[2024-05-20T22:04:45.355+0200] {processor.py:183} INFO - Processing /home/munya/anaconda3/lib/python3.11/site-packages/airflow/example_dags/example_sla_dag.py took 0.374 seconds
[2024-05-20T22:05:53.283+0200] {processor.py:161} INFO - Started process (PID=268341) to work on /home/munya/anaconda3/lib/python3.11/site-packages/airflow/example_dags/example_sla_dag.py
[2024-05-20T22:05:53.285+0200] {processor.py:830} INFO - Processing file /home/munya/anaconda3/lib/python3.11/site-packages/airflow/example_dags/example_sla_dag.py for tasks to queue
[2024-05-20T22:05:53.286+0200] {logging_mixin.py:188} INFO - [2024-05-20T22:05:53.285+0200] {dagbag.py:545} INFO - Filling up the DagBag from /home/munya/anaconda3/lib/python3.11/site-packages/airflow/example_dags/example_sla_dag.py
[2024-05-20T22:05:53.297+0200] {processor.py:840} INFO - DAG(s) 'example_sla_dag' retrieved from /home/munya/anaconda3/lib/python3.11/site-packages/airflow/example_dags/example_sla_dag.py
[2024-05-20T22:05:53.317+0200] {logging_mixin.py:188} INFO - [2024-05-20T22:05:53.316+0200] {dag.py:3096} INFO - Sync 1 DAGs
[2024-05-20T22:05:53.345+0200] {logging_mixin.py:188} INFO - [2024-05-20T22:05:53.345+0200] {dag.py:3954} INFO - Setting next_dagrun for example_sla_dag to 2024-05-20 20:02:00+00:00, run_after=2024-05-20 20:04:00+00:00
[2024-05-20T22:05:53.369+0200] {processor.py:183} INFO - Processing /home/munya/anaconda3/lib/python3.11/site-packages/airflow/example_dags/example_sla_dag.py took 0.093 seconds
[2024-05-20T22:06:55.011+0200] {processor.py:161} INFO - Started process (PID=269334) to work on /home/munya/anaconda3/lib/python3.11/site-packages/airflow/example_dags/example_sla_dag.py
[2024-05-20T22:06:55.013+0200] {processor.py:830} INFO - Processing file /home/munya/anaconda3/lib/python3.11/site-packages/airflow/example_dags/example_sla_dag.py for tasks to queue
[2024-05-20T22:06:55.014+0200] {logging_mixin.py:188} INFO - [2024-05-20T22:06:55.013+0200] {dagbag.py:545} INFO - Filling up the DagBag from /home/munya/anaconda3/lib/python3.11/site-packages/airflow/example_dags/example_sla_dag.py
[2024-05-20T22:06:55.023+0200] {processor.py:840} INFO - DAG(s) 'example_sla_dag' retrieved from /home/munya/anaconda3/lib/python3.11/site-packages/airflow/example_dags/example_sla_dag.py
[2024-05-20T22:06:55.038+0200] {logging_mixin.py:188} INFO - [2024-05-20T22:06:55.038+0200] {dag.py:3096} INFO - Sync 1 DAGs
[2024-05-20T22:06:55.057+0200] {logging_mixin.py:188} INFO - [2024-05-20T22:06:55.057+0200] {dag.py:3954} INFO - Setting next_dagrun for example_sla_dag to 2024-05-20 20:04:00+00:00, run_after=2024-05-20 20:06:00+00:00
[2024-05-20T22:06:55.076+0200] {processor.py:183} INFO - Processing /home/munya/anaconda3/lib/python3.11/site-packages/airflow/example_dags/example_sla_dag.py took 0.071 seconds
[2024-05-20T22:08:01.563+0200] {processor.py:161} INFO - Started process (PID=270355) to work on /home/munya/anaconda3/lib/python3.11/site-packages/airflow/example_dags/example_sla_dag.py
[2024-05-20T22:08:01.567+0200] {processor.py:830} INFO - Processing file /home/munya/anaconda3/lib/python3.11/site-packages/airflow/example_dags/example_sla_dag.py for tasks to queue
[2024-05-20T22:08:01.570+0200] {logging_mixin.py:188} INFO - [2024-05-20T22:08:01.569+0200] {dagbag.py:545} INFO - Filling up the DagBag from /home/munya/anaconda3/lib/python3.11/site-packages/airflow/example_dags/example_sla_dag.py
[2024-05-20T22:08:01.604+0200] {processor.py:840} INFO - DAG(s) 'example_sla_dag' retrieved from /home/munya/anaconda3/lib/python3.11/site-packages/airflow/example_dags/example_sla_dag.py
[2024-05-20T22:08:01.654+0200] {logging_mixin.py:188} INFO - [2024-05-20T22:08:01.653+0200] {dag.py:3096} INFO - Sync 1 DAGs
[2024-05-20T22:08:01.751+0200] {logging_mixin.py:188} INFO - [2024-05-20T22:08:01.751+0200] {dag.py:3954} INFO - Setting next_dagrun for example_sla_dag to 2024-05-20 20:06:00+00:00, run_after=2024-05-20 20:08:00+00:00
[2024-05-20T22:08:01.836+0200] {processor.py:183} INFO - Processing /home/munya/anaconda3/lib/python3.11/site-packages/airflow/example_dags/example_sla_dag.py took 0.293 seconds
[2024-05-20T22:09:07.408+0200] {processor.py:161} INFO - Started process (PID=271363) to work on /home/munya/anaconda3/lib/python3.11/site-packages/airflow/example_dags/example_sla_dag.py
[2024-05-20T22:09:07.409+0200] {processor.py:830} INFO - Processing file /home/munya/anaconda3/lib/python3.11/site-packages/airflow/example_dags/example_sla_dag.py for tasks to queue
[2024-05-20T22:09:07.410+0200] {logging_mixin.py:188} INFO - [2024-05-20T22:09:07.410+0200] {dagbag.py:545} INFO - Filling up the DagBag from /home/munya/anaconda3/lib/python3.11/site-packages/airflow/example_dags/example_sla_dag.py
[2024-05-20T22:09:07.419+0200] {processor.py:840} INFO - DAG(s) 'example_sla_dag' retrieved from /home/munya/anaconda3/lib/python3.11/site-packages/airflow/example_dags/example_sla_dag.py
[2024-05-20T22:09:07.435+0200] {logging_mixin.py:188} INFO - [2024-05-20T22:09:07.435+0200] {dag.py:3096} INFO - Sync 1 DAGs
[2024-05-20T22:09:07.457+0200] {logging_mixin.py:188} INFO - [2024-05-20T22:09:07.457+0200] {dag.py:3954} INFO - Setting next_dagrun for example_sla_dag to 2024-05-20 20:06:00+00:00, run_after=2024-05-20 20:08:00+00:00
[2024-05-20T22:09:07.475+0200] {processor.py:183} INFO - Processing /home/munya/anaconda3/lib/python3.11/site-packages/airflow/example_dags/example_sla_dag.py took 0.073 seconds
[2024-05-20T22:10:13.949+0200] {processor.py:161} INFO - Started process (PID=272438) to work on /home/munya/anaconda3/lib/python3.11/site-packages/airflow/example_dags/example_sla_dag.py
[2024-05-20T22:10:13.952+0200] {processor.py:830} INFO - Processing file /home/munya/anaconda3/lib/python3.11/site-packages/airflow/example_dags/example_sla_dag.py for tasks to queue
[2024-05-20T22:10:13.956+0200] {logging_mixin.py:188} INFO - [2024-05-20T22:10:13.954+0200] {dagbag.py:545} INFO - Filling up the DagBag from /home/munya/anaconda3/lib/python3.11/site-packages/airflow/example_dags/example_sla_dag.py
[2024-05-20T22:10:13.990+0200] {processor.py:840} INFO - DAG(s) 'example_sla_dag' retrieved from /home/munya/anaconda3/lib/python3.11/site-packages/airflow/example_dags/example_sla_dag.py
[2024-05-20T22:10:14.050+0200] {logging_mixin.py:188} INFO - [2024-05-20T22:10:14.049+0200] {dag.py:3096} INFO - Sync 1 DAGs
[2024-05-20T22:10:14.134+0200] {logging_mixin.py:188} INFO - [2024-05-20T22:10:14.133+0200] {dag.py:3954} INFO - Setting next_dagrun for example_sla_dag to 2024-05-20 20:08:00+00:00, run_after=2024-05-20 20:10:00+00:00
[2024-05-20T22:10:14.195+0200] {processor.py:183} INFO - Processing /home/munya/anaconda3/lib/python3.11/site-packages/airflow/example_dags/example_sla_dag.py took 0.273 seconds
[2024-05-20T22:11:20.979+0200] {processor.py:161} INFO - Started process (PID=273451) to work on /home/munya/anaconda3/lib/python3.11/site-packages/airflow/example_dags/example_sla_dag.py
[2024-05-20T22:11:20.980+0200] {processor.py:830} INFO - Processing file /home/munya/anaconda3/lib/python3.11/site-packages/airflow/example_dags/example_sla_dag.py for tasks to queue
[2024-05-20T22:11:20.981+0200] {logging_mixin.py:188} INFO - [2024-05-20T22:11:20.981+0200] {dagbag.py:545} INFO - Filling up the DagBag from /home/munya/anaconda3/lib/python3.11/site-packages/airflow/example_dags/example_sla_dag.py
[2024-05-20T22:11:20.991+0200] {processor.py:840} INFO - DAG(s) 'example_sla_dag' retrieved from /home/munya/anaconda3/lib/python3.11/site-packages/airflow/example_dags/example_sla_dag.py
[2024-05-20T22:11:21.007+0200] {logging_mixin.py:188} INFO - [2024-05-20T22:11:21.007+0200] {dag.py:3096} INFO - Sync 1 DAGs
[2024-05-20T22:11:21.028+0200] {logging_mixin.py:188} INFO - [2024-05-20T22:11:21.028+0200] {dag.py:3954} INFO - Setting next_dagrun for example_sla_dag to 2024-05-20 20:08:00+00:00, run_after=2024-05-20 20:10:00+00:00
[2024-05-20T22:11:21.050+0200] {processor.py:183} INFO - Processing /home/munya/anaconda3/lib/python3.11/site-packages/airflow/example_dags/example_sla_dag.py took 0.079 seconds
[2024-05-20T22:12:22.859+0200] {processor.py:161} INFO - Started process (PID=274396) to work on /home/munya/anaconda3/lib/python3.11/site-packages/airflow/example_dags/example_sla_dag.py
[2024-05-20T22:12:22.860+0200] {processor.py:830} INFO - Processing file /home/munya/anaconda3/lib/python3.11/site-packages/airflow/example_dags/example_sla_dag.py for tasks to queue
[2024-05-20T22:12:22.862+0200] {logging_mixin.py:188} INFO - [2024-05-20T22:12:22.861+0200] {dagbag.py:545} INFO - Filling up the DagBag from /home/munya/anaconda3/lib/python3.11/site-packages/airflow/example_dags/example_sla_dag.py
[2024-05-20T22:12:22.873+0200] {processor.py:840} INFO - DAG(s) 'example_sla_dag' retrieved from /home/munya/anaconda3/lib/python3.11/site-packages/airflow/example_dags/example_sla_dag.py
[2024-05-20T22:12:22.889+0200] {logging_mixin.py:188} INFO - [2024-05-20T22:12:22.889+0200] {dag.py:3096} INFO - Sync 1 DAGs
[2024-05-20T22:12:22.913+0200] {logging_mixin.py:188} INFO - [2024-05-20T22:12:22.912+0200] {dag.py:3954} INFO - Setting next_dagrun for example_sla_dag to 2024-05-20 20:10:00+00:00, run_after=2024-05-20 20:12:00+00:00
[2024-05-20T22:12:22.937+0200] {processor.py:183} INFO - Processing /home/munya/anaconda3/lib/python3.11/site-packages/airflow/example_dags/example_sla_dag.py took 0.085 seconds
[2024-05-20T22:13:25.778+0200] {processor.py:161} INFO - Started process (PID=275348) to work on /home/munya/anaconda3/lib/python3.11/site-packages/airflow/example_dags/example_sla_dag.py
[2024-05-20T22:13:25.779+0200] {processor.py:830} INFO - Processing file /home/munya/anaconda3/lib/python3.11/site-packages/airflow/example_dags/example_sla_dag.py for tasks to queue
[2024-05-20T22:13:25.780+0200] {logging_mixin.py:188} INFO - [2024-05-20T22:13:25.779+0200] {dagbag.py:545} INFO - Filling up the DagBag from /home/munya/anaconda3/lib/python3.11/site-packages/airflow/example_dags/example_sla_dag.py
[2024-05-20T22:13:25.788+0200] {processor.py:840} INFO - DAG(s) 'example_sla_dag' retrieved from /home/munya/anaconda3/lib/python3.11/site-packages/airflow/example_dags/example_sla_dag.py
[2024-05-20T22:13:25.803+0200] {logging_mixin.py:188} INFO - [2024-05-20T22:13:25.802+0200] {dag.py:3096} INFO - Sync 1 DAGs
[2024-05-20T22:13:25.825+0200] {logging_mixin.py:188} INFO - [2024-05-20T22:13:25.825+0200] {dag.py:3954} INFO - Setting next_dagrun for example_sla_dag to 2024-05-20 20:10:00+00:00, run_after=2024-05-20 20:12:00+00:00
[2024-05-20T22:13:25.843+0200] {processor.py:183} INFO - Processing /home/munya/anaconda3/lib/python3.11/site-packages/airflow/example_dags/example_sla_dag.py took 0.071 seconds
[2024-05-20T22:14:26.409+0200] {processor.py:161} INFO - Started process (PID=276249) to work on /home/munya/anaconda3/lib/python3.11/site-packages/airflow/example_dags/example_sla_dag.py
[2024-05-20T22:14:26.410+0200] {processor.py:830} INFO - Processing file /home/munya/anaconda3/lib/python3.11/site-packages/airflow/example_dags/example_sla_dag.py for tasks to queue
[2024-05-20T22:14:26.411+0200] {logging_mixin.py:188} INFO - [2024-05-20T22:14:26.411+0200] {dagbag.py:545} INFO - Filling up the DagBag from /home/munya/anaconda3/lib/python3.11/site-packages/airflow/example_dags/example_sla_dag.py
[2024-05-20T22:14:26.419+0200] {processor.py:840} INFO - DAG(s) 'example_sla_dag' retrieved from /home/munya/anaconda3/lib/python3.11/site-packages/airflow/example_dags/example_sla_dag.py
[2024-05-20T22:14:26.436+0200] {logging_mixin.py:188} INFO - [2024-05-20T22:14:26.436+0200] {dag.py:3096} INFO - Sync 1 DAGs
[2024-05-20T22:14:26.455+0200] {logging_mixin.py:188} INFO - [2024-05-20T22:14:26.455+0200] {dag.py:3954} INFO - Setting next_dagrun for example_sla_dag to 2024-05-20 20:12:00+00:00, run_after=2024-05-20 20:14:00+00:00
[2024-05-20T22:14:26.471+0200] {processor.py:183} INFO - Processing /home/munya/anaconda3/lib/python3.11/site-packages/airflow/example_dags/example_sla_dag.py took 0.068 seconds
[2024-05-20T22:15:35.808+0200] {processor.py:161} INFO - Started process (PID=277361) to work on /home/munya/anaconda3/lib/python3.11/site-packages/airflow/example_dags/example_sla_dag.py
[2024-05-20T22:15:35.809+0200] {processor.py:830} INFO - Processing file /home/munya/anaconda3/lib/python3.11/site-packages/airflow/example_dags/example_sla_dag.py for tasks to queue
[2024-05-20T22:15:35.810+0200] {logging_mixin.py:188} INFO - [2024-05-20T22:15:35.809+0200] {dagbag.py:545} INFO - Filling up the DagBag from /home/munya/anaconda3/lib/python3.11/site-packages/airflow/example_dags/example_sla_dag.py
[2024-05-20T22:15:35.818+0200] {processor.py:840} INFO - DAG(s) 'example_sla_dag' retrieved from /home/munya/anaconda3/lib/python3.11/site-packages/airflow/example_dags/example_sla_dag.py
[2024-05-20T22:15:35.834+0200] {logging_mixin.py:188} INFO - [2024-05-20T22:15:35.834+0200] {dag.py:3096} INFO - Sync 1 DAGs
[2024-05-20T22:15:35.856+0200] {logging_mixin.py:188} INFO - [2024-05-20T22:15:35.856+0200] {dag.py:3954} INFO - Setting next_dagrun for example_sla_dag to 2024-05-20 20:12:00+00:00, run_after=2024-05-20 20:14:00+00:00
[2024-05-20T22:15:35.875+0200] {processor.py:183} INFO - Processing /home/munya/anaconda3/lib/python3.11/site-packages/airflow/example_dags/example_sla_dag.py took 0.073 seconds
[2024-05-20T22:16:43.907+0200] {processor.py:161} INFO - Started process (PID=278438) to work on /home/munya/anaconda3/lib/python3.11/site-packages/airflow/example_dags/example_sla_dag.py
[2024-05-20T22:16:43.908+0200] {processor.py:830} INFO - Processing file /home/munya/anaconda3/lib/python3.11/site-packages/airflow/example_dags/example_sla_dag.py for tasks to queue
[2024-05-20T22:16:43.909+0200] {logging_mixin.py:188} INFO - [2024-05-20T22:16:43.908+0200] {dagbag.py:545} INFO - Filling up the DagBag from /home/munya/anaconda3/lib/python3.11/site-packages/airflow/example_dags/example_sla_dag.py
[2024-05-20T22:16:43.919+0200] {processor.py:840} INFO - DAG(s) 'example_sla_dag' retrieved from /home/munya/anaconda3/lib/python3.11/site-packages/airflow/example_dags/example_sla_dag.py
[2024-05-20T22:16:43.936+0200] {logging_mixin.py:188} INFO - [2024-05-20T22:16:43.935+0200] {dag.py:3096} INFO - Sync 1 DAGs
[2024-05-20T22:16:43.961+0200] {logging_mixin.py:188} INFO - [2024-05-20T22:16:43.961+0200] {dag.py:3954} INFO - Setting next_dagrun for example_sla_dag to 2024-05-20 20:14:00+00:00, run_after=2024-05-20 20:16:00+00:00
[2024-05-20T22:16:43.981+0200] {processor.py:183} INFO - Processing /home/munya/anaconda3/lib/python3.11/site-packages/airflow/example_dags/example_sla_dag.py took 0.081 seconds
[2024-05-20T22:17:47.380+0200] {processor.py:161} INFO - Started process (PID=279418) to work on /home/munya/anaconda3/lib/python3.11/site-packages/airflow/example_dags/example_sla_dag.py
[2024-05-20T22:17:47.383+0200] {processor.py:830} INFO - Processing file /home/munya/anaconda3/lib/python3.11/site-packages/airflow/example_dags/example_sla_dag.py for tasks to queue
[2024-05-20T22:17:47.386+0200] {logging_mixin.py:188} INFO - [2024-05-20T22:17:47.385+0200] {dagbag.py:545} INFO - Filling up the DagBag from /home/munya/anaconda3/lib/python3.11/site-packages/airflow/example_dags/example_sla_dag.py
[2024-05-20T22:17:47.417+0200] {processor.py:840} INFO - DAG(s) 'example_sla_dag' retrieved from /home/munya/anaconda3/lib/python3.11/site-packages/airflow/example_dags/example_sla_dag.py
[2024-05-20T22:17:47.476+0200] {logging_mixin.py:188} INFO - [2024-05-20T22:17:47.476+0200] {dag.py:3096} INFO - Sync 1 DAGs
[2024-05-20T22:17:47.544+0200] {logging_mixin.py:188} INFO - [2024-05-20T22:17:47.544+0200] {dag.py:3954} INFO - Setting next_dagrun for example_sla_dag to 2024-05-20 20:14:00+00:00, run_after=2024-05-20 20:16:00+00:00
[2024-05-20T22:17:47.600+0200] {processor.py:183} INFO - Processing /home/munya/anaconda3/lib/python3.11/site-packages/airflow/example_dags/example_sla_dag.py took 0.241 seconds
[2024-05-20T22:18:52.347+0200] {processor.py:161} INFO - Started process (PID=280582) to work on /home/munya/anaconda3/lib/python3.11/site-packages/airflow/example_dags/example_sla_dag.py
[2024-05-20T22:18:52.350+0200] {processor.py:830} INFO - Processing file /home/munya/anaconda3/lib/python3.11/site-packages/airflow/example_dags/example_sla_dag.py for tasks to queue
[2024-05-20T22:18:52.353+0200] {logging_mixin.py:188} INFO - [2024-05-20T22:18:52.352+0200] {dagbag.py:545} INFO - Filling up the DagBag from /home/munya/anaconda3/lib/python3.11/site-packages/airflow/example_dags/example_sla_dag.py
[2024-05-20T22:18:52.390+0200] {processor.py:840} INFO - DAG(s) 'example_sla_dag' retrieved from /home/munya/anaconda3/lib/python3.11/site-packages/airflow/example_dags/example_sla_dag.py
[2024-05-20T22:18:52.446+0200] {logging_mixin.py:188} INFO - [2024-05-20T22:18:52.446+0200] {dag.py:3096} INFO - Sync 1 DAGs
[2024-05-20T22:18:52.515+0200] {logging_mixin.py:188} INFO - [2024-05-20T22:18:52.514+0200] {dag.py:3954} INFO - Setting next_dagrun for example_sla_dag to 2024-05-20 20:16:00+00:00, run_after=2024-05-20 20:18:00+00:00
[2024-05-20T22:18:52.573+0200] {processor.py:183} INFO - Processing /home/munya/anaconda3/lib/python3.11/site-packages/airflow/example_dags/example_sla_dag.py took 0.246 seconds
[2024-05-20T22:19:54.527+0200] {processor.py:161} INFO - Started process (PID=281533) to work on /home/munya/anaconda3/lib/python3.11/site-packages/airflow/example_dags/example_sla_dag.py
[2024-05-20T22:19:54.528+0200] {processor.py:830} INFO - Processing file /home/munya/anaconda3/lib/python3.11/site-packages/airflow/example_dags/example_sla_dag.py for tasks to queue
[2024-05-20T22:19:54.529+0200] {logging_mixin.py:188} INFO - [2024-05-20T22:19:54.529+0200] {dagbag.py:545} INFO - Filling up the DagBag from /home/munya/anaconda3/lib/python3.11/site-packages/airflow/example_dags/example_sla_dag.py
[2024-05-20T22:19:54.537+0200] {processor.py:840} INFO - DAG(s) 'example_sla_dag' retrieved from /home/munya/anaconda3/lib/python3.11/site-packages/airflow/example_dags/example_sla_dag.py
[2024-05-20T22:19:54.551+0200] {logging_mixin.py:188} INFO - [2024-05-20T22:19:54.551+0200] {dag.py:3096} INFO - Sync 1 DAGs
[2024-05-20T22:19:54.570+0200] {logging_mixin.py:188} INFO - [2024-05-20T22:19:54.570+0200] {dag.py:3954} INFO - Setting next_dagrun for example_sla_dag to 2024-05-20 20:16:00+00:00, run_after=2024-05-20 20:18:00+00:00
[2024-05-20T22:19:54.590+0200] {processor.py:183} INFO - Processing /home/munya/anaconda3/lib/python3.11/site-packages/airflow/example_dags/example_sla_dag.py took 0.068 seconds
[2024-05-20T22:20:56.792+0200] {processor.py:161} INFO - Started process (PID=282466) to work on /home/munya/anaconda3/lib/python3.11/site-packages/airflow/example_dags/example_sla_dag.py
[2024-05-20T22:20:56.793+0200] {processor.py:830} INFO - Processing file /home/munya/anaconda3/lib/python3.11/site-packages/airflow/example_dags/example_sla_dag.py for tasks to queue
[2024-05-20T22:20:56.794+0200] {logging_mixin.py:188} INFO - [2024-05-20T22:20:56.794+0200] {dagbag.py:545} INFO - Filling up the DagBag from /home/munya/anaconda3/lib/python3.11/site-packages/airflow/example_dags/example_sla_dag.py
[2024-05-20T22:20:56.803+0200] {processor.py:840} INFO - DAG(s) 'example_sla_dag' retrieved from /home/munya/anaconda3/lib/python3.11/site-packages/airflow/example_dags/example_sla_dag.py
[2024-05-20T22:20:56.818+0200] {logging_mixin.py:188} INFO - [2024-05-20T22:20:56.818+0200] {dag.py:3096} INFO - Sync 1 DAGs
[2024-05-20T22:20:56.839+0200] {logging_mixin.py:188} INFO - [2024-05-20T22:20:56.839+0200] {dag.py:3954} INFO - Setting next_dagrun for example_sla_dag to 2024-05-20 20:18:00+00:00, run_after=2024-05-20 20:20:00+00:00
[2024-05-20T22:20:56.858+0200] {processor.py:183} INFO - Processing /home/munya/anaconda3/lib/python3.11/site-packages/airflow/example_dags/example_sla_dag.py took 0.072 seconds
[2024-05-20T22:22:02.639+0200] {processor.py:161} INFO - Started process (PID=283470) to work on /home/munya/anaconda3/lib/python3.11/site-packages/airflow/example_dags/example_sla_dag.py
[2024-05-20T22:22:02.640+0200] {processor.py:830} INFO - Processing file /home/munya/anaconda3/lib/python3.11/site-packages/airflow/example_dags/example_sla_dag.py for tasks to queue
[2024-05-20T22:22:02.641+0200] {logging_mixin.py:188} INFO - [2024-05-20T22:22:02.641+0200] {dagbag.py:545} INFO - Filling up the DagBag from /home/munya/anaconda3/lib/python3.11/site-packages/airflow/example_dags/example_sla_dag.py
[2024-05-20T22:22:02.650+0200] {processor.py:840} INFO - DAG(s) 'example_sla_dag' retrieved from /home/munya/anaconda3/lib/python3.11/site-packages/airflow/example_dags/example_sla_dag.py
[2024-05-20T22:22:02.665+0200] {logging_mixin.py:188} INFO - [2024-05-20T22:22:02.664+0200] {dag.py:3096} INFO - Sync 1 DAGs
[2024-05-20T22:22:02.685+0200] {logging_mixin.py:188} INFO - [2024-05-20T22:22:02.684+0200] {dag.py:3954} INFO - Setting next_dagrun for example_sla_dag to 2024-05-20 20:20:00+00:00, run_after=2024-05-20 20:22:00+00:00
[2024-05-20T22:22:02.701+0200] {processor.py:183} INFO - Processing /home/munya/anaconda3/lib/python3.11/site-packages/airflow/example_dags/example_sla_dag.py took 0.069 seconds
[2024-05-20T22:23:09.228+0200] {processor.py:161} INFO - Started process (PID=284484) to work on /home/munya/anaconda3/lib/python3.11/site-packages/airflow/example_dags/example_sla_dag.py
[2024-05-20T22:23:09.231+0200] {processor.py:830} INFO - Processing file /home/munya/anaconda3/lib/python3.11/site-packages/airflow/example_dags/example_sla_dag.py for tasks to queue
[2024-05-20T22:23:09.234+0200] {logging_mixin.py:188} INFO - [2024-05-20T22:23:09.233+0200] {dagbag.py:545} INFO - Filling up the DagBag from /home/munya/anaconda3/lib/python3.11/site-packages/airflow/example_dags/example_sla_dag.py
[2024-05-20T22:23:09.272+0200] {processor.py:840} INFO - DAG(s) 'example_sla_dag' retrieved from /home/munya/anaconda3/lib/python3.11/site-packages/airflow/example_dags/example_sla_dag.py
[2024-05-20T22:23:09.304+0200] {logging_mixin.py:188} INFO - [2024-05-20T22:23:09.303+0200] {dag.py:3096} INFO - Sync 1 DAGs
[2024-05-20T22:23:09.326+0200] {logging_mixin.py:188} INFO - [2024-05-20T22:23:09.326+0200] {dag.py:3954} INFO - Setting next_dagrun for example_sla_dag to 2024-05-20 20:20:00+00:00, run_after=2024-05-20 20:22:00+00:00
[2024-05-20T22:23:09.465+0200] {processor.py:183} INFO - Processing /home/munya/anaconda3/lib/python3.11/site-packages/airflow/example_dags/example_sla_dag.py took 0.259 seconds
[2024-05-20T22:24:13.334+0200] {processor.py:161} INFO - Started process (PID=285451) to work on /home/munya/anaconda3/lib/python3.11/site-packages/airflow/example_dags/example_sla_dag.py
[2024-05-20T22:24:13.335+0200] {processor.py:830} INFO - Processing file /home/munya/anaconda3/lib/python3.11/site-packages/airflow/example_dags/example_sla_dag.py for tasks to queue
[2024-05-20T22:24:13.336+0200] {logging_mixin.py:188} INFO - [2024-05-20T22:24:13.335+0200] {dagbag.py:545} INFO - Filling up the DagBag from /home/munya/anaconda3/lib/python3.11/site-packages/airflow/example_dags/example_sla_dag.py
[2024-05-20T22:24:13.344+0200] {processor.py:840} INFO - DAG(s) 'example_sla_dag' retrieved from /home/munya/anaconda3/lib/python3.11/site-packages/airflow/example_dags/example_sla_dag.py
[2024-05-20T22:24:13.359+0200] {logging_mixin.py:188} INFO - [2024-05-20T22:24:13.358+0200] {dag.py:3096} INFO - Sync 1 DAGs
[2024-05-20T22:24:13.377+0200] {logging_mixin.py:188} INFO - [2024-05-20T22:24:13.377+0200] {dag.py:3954} INFO - Setting next_dagrun for example_sla_dag to 2024-05-20 20:22:00+00:00, run_after=2024-05-20 20:24:00+00:00
[2024-05-20T22:24:13.397+0200] {processor.py:183} INFO - Processing /home/munya/anaconda3/lib/python3.11/site-packages/airflow/example_dags/example_sla_dag.py took 0.069 seconds
[2024-05-20T22:25:10.674+0200] {processor.py:161} INFO - Started process (PID=286383) to work on /home/munya/anaconda3/lib/python3.11/site-packages/airflow/example_dags/example_sla_dag.py
[2024-05-20T22:25:10.677+0200] {processor.py:830} INFO - Processing file /home/munya/anaconda3/lib/python3.11/site-packages/airflow/example_dags/example_sla_dag.py for tasks to queue
[2024-05-20T22:25:10.680+0200] {logging_mixin.py:188} INFO - [2024-05-20T22:25:10.678+0200] {dagbag.py:545} INFO - Filling up the DagBag from /home/munya/anaconda3/lib/python3.11/site-packages/airflow/example_dags/example_sla_dag.py
[2024-05-20T22:25:10.707+0200] {processor.py:840} INFO - DAG(s) 'example_sla_dag' retrieved from /home/munya/anaconda3/lib/python3.11/site-packages/airflow/example_dags/example_sla_dag.py
[2024-05-20T22:25:10.765+0200] {logging_mixin.py:188} INFO - [2024-05-20T22:25:10.764+0200] {dag.py:3096} INFO - Sync 1 DAGs
[2024-05-20T22:25:10.851+0200] {logging_mixin.py:188} INFO - [2024-05-20T22:25:10.851+0200] {dag.py:3954} INFO - Setting next_dagrun for example_sla_dag to 2024-05-20 20:22:00+00:00, run_after=2024-05-20 20:24:00+00:00
[2024-05-20T22:25:10.907+0200] {processor.py:183} INFO - Processing /home/munya/anaconda3/lib/python3.11/site-packages/airflow/example_dags/example_sla_dag.py took 0.257 seconds
[2024-05-20T22:26:18.390+0200] {processor.py:161} INFO - Started process (PID=287413) to work on /home/munya/anaconda3/lib/python3.11/site-packages/airflow/example_dags/example_sla_dag.py
[2024-05-20T22:26:18.393+0200] {processor.py:830} INFO - Processing file /home/munya/anaconda3/lib/python3.11/site-packages/airflow/example_dags/example_sla_dag.py for tasks to queue
[2024-05-20T22:26:18.396+0200] {logging_mixin.py:188} INFO - [2024-05-20T22:26:18.395+0200] {dagbag.py:545} INFO - Filling up the DagBag from /home/munya/anaconda3/lib/python3.11/site-packages/airflow/example_dags/example_sla_dag.py
[2024-05-20T22:26:18.431+0200] {processor.py:840} INFO - DAG(s) 'example_sla_dag' retrieved from /home/munya/anaconda3/lib/python3.11/site-packages/airflow/example_dags/example_sla_dag.py
[2024-05-20T22:26:18.491+0200] {logging_mixin.py:188} INFO - [2024-05-20T22:26:18.490+0200] {dag.py:3096} INFO - Sync 1 DAGs
[2024-05-20T22:26:18.580+0200] {logging_mixin.py:188} INFO - [2024-05-20T22:26:18.580+0200] {dag.py:3954} INFO - Setting next_dagrun for example_sla_dag to 2024-05-20 20:24:00+00:00, run_after=2024-05-20 20:26:00+00:00
[2024-05-20T22:26:18.651+0200] {processor.py:183} INFO - Processing /home/munya/anaconda3/lib/python3.11/site-packages/airflow/example_dags/example_sla_dag.py took 0.285 seconds
[2024-05-20T22:27:29.703+0200] {processor.py:161} INFO - Started process (PID=288543) to work on /home/munya/anaconda3/lib/python3.11/site-packages/airflow/example_dags/example_sla_dag.py
[2024-05-20T22:27:29.703+0200] {processor.py:830} INFO - Processing file /home/munya/anaconda3/lib/python3.11/site-packages/airflow/example_dags/example_sla_dag.py for tasks to queue
[2024-05-20T22:27:29.704+0200] {logging_mixin.py:188} INFO - [2024-05-20T22:27:29.704+0200] {dagbag.py:545} INFO - Filling up the DagBag from /home/munya/anaconda3/lib/python3.11/site-packages/airflow/example_dags/example_sla_dag.py
[2024-05-20T22:27:29.712+0200] {processor.py:840} INFO - DAG(s) 'example_sla_dag' retrieved from /home/munya/anaconda3/lib/python3.11/site-packages/airflow/example_dags/example_sla_dag.py
[2024-05-20T22:27:29.728+0200] {logging_mixin.py:188} INFO - [2024-05-20T22:27:29.728+0200] {dag.py:3096} INFO - Sync 1 DAGs
[2024-05-20T22:27:29.752+0200] {logging_mixin.py:188} INFO - [2024-05-20T22:27:29.751+0200] {dag.py:3954} INFO - Setting next_dagrun for example_sla_dag to 2024-05-20 20:24:00+00:00, run_after=2024-05-20 20:26:00+00:00
[2024-05-20T22:27:29.773+0200] {processor.py:183} INFO - Processing /home/munya/anaconda3/lib/python3.11/site-packages/airflow/example_dags/example_sla_dag.py took 0.077 seconds
[2024-05-20T22:28:34.902+0200] {processor.py:161} INFO - Started process (PID=289556) to work on /home/munya/anaconda3/lib/python3.11/site-packages/airflow/example_dags/example_sla_dag.py
[2024-05-20T22:28:34.903+0200] {processor.py:830} INFO - Processing file /home/munya/anaconda3/lib/python3.11/site-packages/airflow/example_dags/example_sla_dag.py for tasks to queue
[2024-05-20T22:28:34.904+0200] {logging_mixin.py:188} INFO - [2024-05-20T22:28:34.903+0200] {dagbag.py:545} INFO - Filling up the DagBag from /home/munya/anaconda3/lib/python3.11/site-packages/airflow/example_dags/example_sla_dag.py
[2024-05-20T22:28:34.912+0200] {processor.py:840} INFO - DAG(s) 'example_sla_dag' retrieved from /home/munya/anaconda3/lib/python3.11/site-packages/airflow/example_dags/example_sla_dag.py
[2024-05-20T22:28:34.928+0200] {logging_mixin.py:188} INFO - [2024-05-20T22:28:34.928+0200] {dag.py:3096} INFO - Sync 1 DAGs
[2024-05-20T22:28:34.950+0200] {logging_mixin.py:188} INFO - [2024-05-20T22:28:34.950+0200] {dag.py:3954} INFO - Setting next_dagrun for example_sla_dag to 2024-05-20 20:26:00+00:00, run_after=2024-05-20 20:28:00+00:00
[2024-05-20T22:28:34.967+0200] {processor.py:183} INFO - Processing /home/munya/anaconda3/lib/python3.11/site-packages/airflow/example_dags/example_sla_dag.py took 0.071 seconds
[2024-05-20T22:29:34.036+0200] {processor.py:161} INFO - Started process (PID=290483) to work on /home/munya/anaconda3/lib/python3.11/site-packages/airflow/example_dags/example_sla_dag.py
[2024-05-20T22:29:34.037+0200] {processor.py:830} INFO - Processing file /home/munya/anaconda3/lib/python3.11/site-packages/airflow/example_dags/example_sla_dag.py for tasks to queue
[2024-05-20T22:29:34.037+0200] {logging_mixin.py:188} INFO - [2024-05-20T22:29:34.037+0200] {dagbag.py:545} INFO - Filling up the DagBag from /home/munya/anaconda3/lib/python3.11/site-packages/airflow/example_dags/example_sla_dag.py
[2024-05-20T22:29:34.046+0200] {processor.py:840} INFO - DAG(s) 'example_sla_dag' retrieved from /home/munya/anaconda3/lib/python3.11/site-packages/airflow/example_dags/example_sla_dag.py
[2024-05-20T22:29:34.061+0200] {logging_mixin.py:188} INFO - [2024-05-20T22:29:34.061+0200] {dag.py:3096} INFO - Sync 1 DAGs
[2024-05-20T22:29:34.084+0200] {logging_mixin.py:188} INFO - [2024-05-20T22:29:34.084+0200] {dag.py:3954} INFO - Setting next_dagrun for example_sla_dag to 2024-05-20 20:26:00+00:00, run_after=2024-05-20 20:28:00+00:00
[2024-05-20T22:29:34.101+0200] {processor.py:183} INFO - Processing /home/munya/anaconda3/lib/python3.11/site-packages/airflow/example_dags/example_sla_dag.py took 0.071 seconds
[2024-05-20T22:30:33.385+0200] {processor.py:161} INFO - Started process (PID=291392) to work on /home/munya/anaconda3/lib/python3.11/site-packages/airflow/example_dags/example_sla_dag.py
[2024-05-20T22:30:33.386+0200] {processor.py:830} INFO - Processing file /home/munya/anaconda3/lib/python3.11/site-packages/airflow/example_dags/example_sla_dag.py for tasks to queue
[2024-05-20T22:30:33.387+0200] {logging_mixin.py:188} INFO - [2024-05-20T22:30:33.387+0200] {dagbag.py:545} INFO - Filling up the DagBag from /home/munya/anaconda3/lib/python3.11/site-packages/airflow/example_dags/example_sla_dag.py
[2024-05-20T22:30:33.395+0200] {processor.py:840} INFO - DAG(s) 'example_sla_dag' retrieved from /home/munya/anaconda3/lib/python3.11/site-packages/airflow/example_dags/example_sla_dag.py
[2024-05-20T22:30:33.410+0200] {logging_mixin.py:188} INFO - [2024-05-20T22:30:33.410+0200] {dag.py:3096} INFO - Sync 1 DAGs
[2024-05-20T22:30:33.429+0200] {logging_mixin.py:188} INFO - [2024-05-20T22:30:33.429+0200] {dag.py:3954} INFO - Setting next_dagrun for example_sla_dag to 2024-05-20 20:28:00+00:00, run_after=2024-05-20 20:30:00+00:00
[2024-05-20T22:30:33.447+0200] {processor.py:183} INFO - Processing /home/munya/anaconda3/lib/python3.11/site-packages/airflow/example_dags/example_sla_dag.py took 0.068 seconds
[2024-05-20T22:31:41.470+0200] {processor.py:161} INFO - Started process (PID=292417) to work on /home/munya/anaconda3/lib/python3.11/site-packages/airflow/example_dags/example_sla_dag.py
[2024-05-20T22:31:41.471+0200] {processor.py:830} INFO - Processing file /home/munya/anaconda3/lib/python3.11/site-packages/airflow/example_dags/example_sla_dag.py for tasks to queue
[2024-05-20T22:31:41.472+0200] {logging_mixin.py:188} INFO - [2024-05-20T22:31:41.472+0200] {dagbag.py:545} INFO - Filling up the DagBag from /home/munya/anaconda3/lib/python3.11/site-packages/airflow/example_dags/example_sla_dag.py
[2024-05-20T22:31:41.482+0200] {processor.py:840} INFO - DAG(s) 'example_sla_dag' retrieved from /home/munya/anaconda3/lib/python3.11/site-packages/airflow/example_dags/example_sla_dag.py
[2024-05-20T22:31:41.499+0200] {logging_mixin.py:188} INFO - [2024-05-20T22:31:41.499+0200] {dag.py:3096} INFO - Sync 1 DAGs
[2024-05-20T22:31:41.522+0200] {logging_mixin.py:188} INFO - [2024-05-20T22:31:41.522+0200] {dag.py:3954} INFO - Setting next_dagrun for example_sla_dag to 2024-05-20 20:28:00+00:00, run_after=2024-05-20 20:30:00+00:00
[2024-05-20T22:31:41.541+0200] {processor.py:183} INFO - Processing /home/munya/anaconda3/lib/python3.11/site-packages/airflow/example_dags/example_sla_dag.py took 0.079 seconds
[2024-05-20T22:32:45.599+0200] {processor.py:161} INFO - Started process (PID=293396) to work on /home/munya/anaconda3/lib/python3.11/site-packages/airflow/example_dags/example_sla_dag.py
[2024-05-20T22:32:45.600+0200] {processor.py:830} INFO - Processing file /home/munya/anaconda3/lib/python3.11/site-packages/airflow/example_dags/example_sla_dag.py for tasks to queue
[2024-05-20T22:32:45.600+0200] {logging_mixin.py:188} INFO - [2024-05-20T22:32:45.600+0200] {dagbag.py:545} INFO - Filling up the DagBag from /home/munya/anaconda3/lib/python3.11/site-packages/airflow/example_dags/example_sla_dag.py
[2024-05-20T22:32:45.609+0200] {processor.py:840} INFO - DAG(s) 'example_sla_dag' retrieved from /home/munya/anaconda3/lib/python3.11/site-packages/airflow/example_dags/example_sla_dag.py
[2024-05-20T22:32:45.625+0200] {logging_mixin.py:188} INFO - [2024-05-20T22:32:45.625+0200] {dag.py:3096} INFO - Sync 1 DAGs
[2024-05-20T22:32:45.646+0200] {logging_mixin.py:188} INFO - [2024-05-20T22:32:45.646+0200] {dag.py:3954} INFO - Setting next_dagrun for example_sla_dag to 2024-05-20 20:30:00+00:00, run_after=2024-05-20 20:32:00+00:00
[2024-05-20T22:32:45.666+0200] {processor.py:183} INFO - Processing /home/munya/anaconda3/lib/python3.11/site-packages/airflow/example_dags/example_sla_dag.py took 0.073 seconds
[2024-05-20T22:33:44.075+0200] {processor.py:161} INFO - Started process (PID=294329) to work on /home/munya/anaconda3/lib/python3.11/site-packages/airflow/example_dags/example_sla_dag.py
[2024-05-20T22:33:44.078+0200] {processor.py:830} INFO - Processing file /home/munya/anaconda3/lib/python3.11/site-packages/airflow/example_dags/example_sla_dag.py for tasks to queue
[2024-05-20T22:33:44.082+0200] {logging_mixin.py:188} INFO - [2024-05-20T22:33:44.080+0200] {dagbag.py:545} INFO - Filling up the DagBag from /home/munya/anaconda3/lib/python3.11/site-packages/airflow/example_dags/example_sla_dag.py
[2024-05-20T22:33:44.119+0200] {processor.py:840} INFO - DAG(s) 'example_sla_dag' retrieved from /home/munya/anaconda3/lib/python3.11/site-packages/airflow/example_dags/example_sla_dag.py
[2024-05-20T22:33:44.187+0200] {logging_mixin.py:188} INFO - [2024-05-20T22:33:44.186+0200] {dag.py:3096} INFO - Sync 1 DAGs
[2024-05-20T22:33:44.299+0200] {logging_mixin.py:188} INFO - [2024-05-20T22:33:44.298+0200] {dag.py:3954} INFO - Setting next_dagrun for example_sla_dag to 2024-05-20 20:30:00+00:00, run_after=2024-05-20 20:32:00+00:00
[2024-05-20T22:33:44.410+0200] {processor.py:183} INFO - Processing /home/munya/anaconda3/lib/python3.11/site-packages/airflow/example_dags/example_sla_dag.py took 0.364 seconds
[2024-05-20T22:34:52.371+0200] {processor.py:161} INFO - Started process (PID=295409) to work on /home/munya/anaconda3/lib/python3.11/site-packages/airflow/example_dags/example_sla_dag.py
[2024-05-20T22:34:52.371+0200] {processor.py:830} INFO - Processing file /home/munya/anaconda3/lib/python3.11/site-packages/airflow/example_dags/example_sla_dag.py for tasks to queue
[2024-05-20T22:34:52.372+0200] {logging_mixin.py:188} INFO - [2024-05-20T22:34:52.372+0200] {dagbag.py:545} INFO - Filling up the DagBag from /home/munya/anaconda3/lib/python3.11/site-packages/airflow/example_dags/example_sla_dag.py
[2024-05-20T22:34:52.382+0200] {processor.py:840} INFO - DAG(s) 'example_sla_dag' retrieved from /home/munya/anaconda3/lib/python3.11/site-packages/airflow/example_dags/example_sla_dag.py
[2024-05-20T22:34:52.400+0200] {logging_mixin.py:188} INFO - [2024-05-20T22:34:52.400+0200] {dag.py:3096} INFO - Sync 1 DAGs
[2024-05-20T22:34:52.424+0200] {logging_mixin.py:188} INFO - [2024-05-20T22:34:52.424+0200] {dag.py:3954} INFO - Setting next_dagrun for example_sla_dag to 2024-05-20 20:32:00+00:00, run_after=2024-05-20 20:34:00+00:00
[2024-05-20T22:34:52.449+0200] {processor.py:183} INFO - Processing /home/munya/anaconda3/lib/python3.11/site-packages/airflow/example_dags/example_sla_dag.py took 0.085 seconds
[2024-05-20T22:35:50.563+0200] {processor.py:161} INFO - Started process (PID=296352) to work on /home/munya/anaconda3/lib/python3.11/site-packages/airflow/example_dags/example_sla_dag.py
[2024-05-20T22:35:50.565+0200] {processor.py:830} INFO - Processing file /home/munya/anaconda3/lib/python3.11/site-packages/airflow/example_dags/example_sla_dag.py for tasks to queue
[2024-05-20T22:35:50.567+0200] {logging_mixin.py:188} INFO - [2024-05-20T22:35:50.565+0200] {dagbag.py:545} INFO - Filling up the DagBag from /home/munya/anaconda3/lib/python3.11/site-packages/airflow/example_dags/example_sla_dag.py
[2024-05-20T22:35:50.578+0200] {processor.py:840} INFO - DAG(s) 'example_sla_dag' retrieved from /home/munya/anaconda3/lib/python3.11/site-packages/airflow/example_dags/example_sla_dag.py
[2024-05-20T22:35:50.599+0200] {logging_mixin.py:188} INFO - [2024-05-20T22:35:50.599+0200] {dag.py:3096} INFO - Sync 1 DAGs
[2024-05-20T22:35:50.626+0200] {logging_mixin.py:188} INFO - [2024-05-20T22:35:50.625+0200] {dag.py:3954} INFO - Setting next_dagrun for example_sla_dag to 2024-05-20 20:32:00+00:00, run_after=2024-05-20 20:34:00+00:00
[2024-05-20T22:35:50.652+0200] {processor.py:183} INFO - Processing /home/munya/anaconda3/lib/python3.11/site-packages/airflow/example_dags/example_sla_dag.py took 0.096 seconds
[2024-05-20T22:36:46.916+0200] {processor.py:161} INFO - Started process (PID=297233) to work on /home/munya/anaconda3/lib/python3.11/site-packages/airflow/example_dags/example_sla_dag.py
[2024-05-20T22:36:46.917+0200] {processor.py:830} INFO - Processing file /home/munya/anaconda3/lib/python3.11/site-packages/airflow/example_dags/example_sla_dag.py for tasks to queue
[2024-05-20T22:36:46.918+0200] {logging_mixin.py:188} INFO - [2024-05-20T22:36:46.917+0200] {dagbag.py:545} INFO - Filling up the DagBag from /home/munya/anaconda3/lib/python3.11/site-packages/airflow/example_dags/example_sla_dag.py
[2024-05-20T22:36:46.928+0200] {processor.py:840} INFO - DAG(s) 'example_sla_dag' retrieved from /home/munya/anaconda3/lib/python3.11/site-packages/airflow/example_dags/example_sla_dag.py
[2024-05-20T22:36:46.948+0200] {logging_mixin.py:188} INFO - [2024-05-20T22:36:46.947+0200] {dag.py:3096} INFO - Sync 1 DAGs
[2024-05-20T22:36:46.969+0200] {logging_mixin.py:188} INFO - [2024-05-20T22:36:46.969+0200] {dag.py:3954} INFO - Setting next_dagrun for example_sla_dag to 2024-05-20 20:34:00+00:00, run_after=2024-05-20 20:36:00+00:00
[2024-05-20T22:36:46.988+0200] {processor.py:183} INFO - Processing /home/munya/anaconda3/lib/python3.11/site-packages/airflow/example_dags/example_sla_dag.py took 0.080 seconds
[2024-05-20T22:37:52.270+0200] {processor.py:161} INFO - Started process (PID=298219) to work on /home/munya/anaconda3/lib/python3.11/site-packages/airflow/example_dags/example_sla_dag.py
[2024-05-20T22:37:52.270+0200] {processor.py:830} INFO - Processing file /home/munya/anaconda3/lib/python3.11/site-packages/airflow/example_dags/example_sla_dag.py for tasks to queue
[2024-05-20T22:37:52.271+0200] {logging_mixin.py:188} INFO - [2024-05-20T22:37:52.271+0200] {dagbag.py:545} INFO - Filling up the DagBag from /home/munya/anaconda3/lib/python3.11/site-packages/airflow/example_dags/example_sla_dag.py
[2024-05-20T22:37:52.279+0200] {processor.py:840} INFO - DAG(s) 'example_sla_dag' retrieved from /home/munya/anaconda3/lib/python3.11/site-packages/airflow/example_dags/example_sla_dag.py
[2024-05-20T22:37:52.294+0200] {logging_mixin.py:188} INFO - [2024-05-20T22:37:52.294+0200] {dag.py:3096} INFO - Sync 1 DAGs
[2024-05-20T22:37:52.313+0200] {logging_mixin.py:188} INFO - [2024-05-20T22:37:52.313+0200] {dag.py:3954} INFO - Setting next_dagrun for example_sla_dag to 2024-05-20 20:34:00+00:00, run_after=2024-05-20 20:36:00+00:00
[2024-05-20T22:37:52.329+0200] {processor.py:183} INFO - Processing /home/munya/anaconda3/lib/python3.11/site-packages/airflow/example_dags/example_sla_dag.py took 0.065 seconds
[2024-05-20T22:38:55.548+0200] {processor.py:161} INFO - Started process (PID=299169) to work on /home/munya/anaconda3/lib/python3.11/site-packages/airflow/example_dags/example_sla_dag.py
[2024-05-20T22:38:55.551+0200] {processor.py:830} INFO - Processing file /home/munya/anaconda3/lib/python3.11/site-packages/airflow/example_dags/example_sla_dag.py for tasks to queue
[2024-05-20T22:38:55.554+0200] {logging_mixin.py:188} INFO - [2024-05-20T22:38:55.553+0200] {dagbag.py:545} INFO - Filling up the DagBag from /home/munya/anaconda3/lib/python3.11/site-packages/airflow/example_dags/example_sla_dag.py
[2024-05-20T22:38:55.584+0200] {processor.py:840} INFO - DAG(s) 'example_sla_dag' retrieved from /home/munya/anaconda3/lib/python3.11/site-packages/airflow/example_dags/example_sla_dag.py
[2024-05-20T22:38:55.641+0200] {logging_mixin.py:188} INFO - [2024-05-20T22:38:55.640+0200] {dag.py:3096} INFO - Sync 1 DAGs
[2024-05-20T22:38:55.723+0200] {logging_mixin.py:188} INFO - [2024-05-20T22:38:55.723+0200] {dag.py:3954} INFO - Setting next_dagrun for example_sla_dag to 2024-05-20 20:36:00+00:00, run_after=2024-05-20 20:38:00+00:00
[2024-05-20T22:38:55.783+0200] {processor.py:183} INFO - Processing /home/munya/anaconda3/lib/python3.11/site-packages/airflow/example_dags/example_sla_dag.py took 0.257 seconds
[2024-05-20T22:39:59.136+0200] {processor.py:161} INFO - Started process (PID=300257) to work on /home/munya/anaconda3/lib/python3.11/site-packages/airflow/example_dags/example_sla_dag.py
[2024-05-20T22:39:59.137+0200] {processor.py:830} INFO - Processing file /home/munya/anaconda3/lib/python3.11/site-packages/airflow/example_dags/example_sla_dag.py for tasks to queue
[2024-05-20T22:39:59.138+0200] {logging_mixin.py:188} INFO - [2024-05-20T22:39:59.138+0200] {dagbag.py:545} INFO - Filling up the DagBag from /home/munya/anaconda3/lib/python3.11/site-packages/airflow/example_dags/example_sla_dag.py
[2024-05-20T22:39:59.147+0200] {processor.py:840} INFO - DAG(s) 'example_sla_dag' retrieved from /home/munya/anaconda3/lib/python3.11/site-packages/airflow/example_dags/example_sla_dag.py
[2024-05-20T22:39:59.163+0200] {logging_mixin.py:188} INFO - [2024-05-20T22:39:59.163+0200] {dag.py:3096} INFO - Sync 1 DAGs
[2024-05-20T22:39:59.186+0200] {logging_mixin.py:188} INFO - [2024-05-20T22:39:59.186+0200] {dag.py:3954} INFO - Setting next_dagrun for example_sla_dag to 2024-05-20 20:36:00+00:00, run_after=2024-05-20 20:38:00+00:00
[2024-05-20T22:39:59.208+0200] {processor.py:183} INFO - Processing /home/munya/anaconda3/lib/python3.11/site-packages/airflow/example_dags/example_sla_dag.py took 0.078 seconds
[2024-05-20T22:41:01.395+0200] {processor.py:161} INFO - Started process (PID=301309) to work on /home/munya/anaconda3/lib/python3.11/site-packages/airflow/example_dags/example_sla_dag.py
[2024-05-20T22:41:01.396+0200] {processor.py:830} INFO - Processing file /home/munya/anaconda3/lib/python3.11/site-packages/airflow/example_dags/example_sla_dag.py for tasks to queue
[2024-05-20T22:41:01.397+0200] {logging_mixin.py:188} INFO - [2024-05-20T22:41:01.397+0200] {dagbag.py:545} INFO - Filling up the DagBag from /home/munya/anaconda3/lib/python3.11/site-packages/airflow/example_dags/example_sla_dag.py
[2024-05-20T22:41:01.408+0200] {processor.py:840} INFO - DAG(s) 'example_sla_dag' retrieved from /home/munya/anaconda3/lib/python3.11/site-packages/airflow/example_dags/example_sla_dag.py
[2024-05-20T22:41:01.427+0200] {logging_mixin.py:188} INFO - [2024-05-20T22:41:01.427+0200] {dag.py:3096} INFO - Sync 1 DAGs
[2024-05-20T22:41:01.452+0200] {logging_mixin.py:188} INFO - [2024-05-20T22:41:01.452+0200] {dag.py:3954} INFO - Setting next_dagrun for example_sla_dag to 2024-05-20 20:38:00+00:00, run_after=2024-05-20 20:40:00+00:00
[2024-05-20T22:41:01.472+0200] {processor.py:183} INFO - Processing /home/munya/anaconda3/lib/python3.11/site-packages/airflow/example_dags/example_sla_dag.py took 0.084 seconds
[2024-05-20T22:42:00.570+0200] {processor.py:161} INFO - Started process (PID=302281) to work on /home/munya/anaconda3/lib/python3.11/site-packages/airflow/example_dags/example_sla_dag.py
[2024-05-20T22:42:00.571+0200] {processor.py:830} INFO - Processing file /home/munya/anaconda3/lib/python3.11/site-packages/airflow/example_dags/example_sla_dag.py for tasks to queue
[2024-05-20T22:42:00.573+0200] {logging_mixin.py:188} INFO - [2024-05-20T22:42:00.572+0200] {dagbag.py:545} INFO - Filling up the DagBag from /home/munya/anaconda3/lib/python3.11/site-packages/airflow/example_dags/example_sla_dag.py
[2024-05-20T22:42:00.580+0200] {processor.py:840} INFO - DAG(s) 'example_sla_dag' retrieved from /home/munya/anaconda3/lib/python3.11/site-packages/airflow/example_dags/example_sla_dag.py
[2024-05-20T22:42:00.598+0200] {logging_mixin.py:188} INFO - [2024-05-20T22:42:00.598+0200] {dag.py:3096} INFO - Sync 1 DAGs
[2024-05-20T22:42:00.625+0200] {logging_mixin.py:188} INFO - [2024-05-20T22:42:00.625+0200] {dag.py:3954} INFO - Setting next_dagrun for example_sla_dag to 2024-05-20 20:40:00+00:00, run_after=2024-05-20 20:42:00+00:00
[2024-05-20T22:42:00.656+0200] {processor.py:183} INFO - Processing /home/munya/anaconda3/lib/python3.11/site-packages/airflow/example_dags/example_sla_dag.py took 0.095 seconds
[2024-05-20T22:42:59.558+0200] {processor.py:161} INFO - Started process (PID=303167) to work on /home/munya/anaconda3/lib/python3.11/site-packages/airflow/example_dags/example_sla_dag.py
[2024-05-20T22:42:59.559+0200] {processor.py:830} INFO - Processing file /home/munya/anaconda3/lib/python3.11/site-packages/airflow/example_dags/example_sla_dag.py for tasks to queue
[2024-05-20T22:42:59.560+0200] {logging_mixin.py:188} INFO - [2024-05-20T22:42:59.560+0200] {dagbag.py:545} INFO - Filling up the DagBag from /home/munya/anaconda3/lib/python3.11/site-packages/airflow/example_dags/example_sla_dag.py
[2024-05-20T22:42:59.569+0200] {processor.py:840} INFO - DAG(s) 'example_sla_dag' retrieved from /home/munya/anaconda3/lib/python3.11/site-packages/airflow/example_dags/example_sla_dag.py
[2024-05-20T22:42:59.584+0200] {logging_mixin.py:188} INFO - [2024-05-20T22:42:59.584+0200] {dag.py:3096} INFO - Sync 1 DAGs
[2024-05-20T22:42:59.603+0200] {logging_mixin.py:188} INFO - [2024-05-20T22:42:59.603+0200] {dag.py:3954} INFO - Setting next_dagrun for example_sla_dag to 2024-05-20 20:40:00+00:00, run_after=2024-05-20 20:42:00+00:00
[2024-05-20T22:42:59.624+0200] {processor.py:183} INFO - Processing /home/munya/anaconda3/lib/python3.11/site-packages/airflow/example_dags/example_sla_dag.py took 0.072 seconds
[2024-05-20T22:43:56.233+0200] {processor.py:161} INFO - Started process (PID=304059) to work on /home/munya/anaconda3/lib/python3.11/site-packages/airflow/example_dags/example_sla_dag.py
[2024-05-20T22:43:56.234+0200] {processor.py:830} INFO - Processing file /home/munya/anaconda3/lib/python3.11/site-packages/airflow/example_dags/example_sla_dag.py for tasks to queue
[2024-05-20T22:43:56.235+0200] {logging_mixin.py:188} INFO - [2024-05-20T22:43:56.234+0200] {dagbag.py:545} INFO - Filling up the DagBag from /home/munya/anaconda3/lib/python3.11/site-packages/airflow/example_dags/example_sla_dag.py
[2024-05-20T22:43:56.243+0200] {processor.py:840} INFO - DAG(s) 'example_sla_dag' retrieved from /home/munya/anaconda3/lib/python3.11/site-packages/airflow/example_dags/example_sla_dag.py
[2024-05-20T22:43:56.258+0200] {logging_mixin.py:188} INFO - [2024-05-20T22:43:56.258+0200] {dag.py:3096} INFO - Sync 1 DAGs
[2024-05-20T22:43:56.278+0200] {logging_mixin.py:188} INFO - [2024-05-20T22:43:56.278+0200] {dag.py:3954} INFO - Setting next_dagrun for example_sla_dag to 2024-05-20 20:40:00+00:00, run_after=2024-05-20 20:42:00+00:00
[2024-05-20T22:43:56.300+0200] {processor.py:183} INFO - Processing /home/munya/anaconda3/lib/python3.11/site-packages/airflow/example_dags/example_sla_dag.py took 0.073 seconds
[2024-05-20T22:44:59.861+0200] {processor.py:161} INFO - Started process (PID=305023) to work on /home/munya/anaconda3/lib/python3.11/site-packages/airflow/example_dags/example_sla_dag.py
[2024-05-20T22:44:59.862+0200] {processor.py:830} INFO - Processing file /home/munya/anaconda3/lib/python3.11/site-packages/airflow/example_dags/example_sla_dag.py for tasks to queue
[2024-05-20T22:44:59.863+0200] {logging_mixin.py:188} INFO - [2024-05-20T22:44:59.863+0200] {dagbag.py:545} INFO - Filling up the DagBag from /home/munya/anaconda3/lib/python3.11/site-packages/airflow/example_dags/example_sla_dag.py
[2024-05-20T22:44:59.871+0200] {processor.py:840} INFO - DAG(s) 'example_sla_dag' retrieved from /home/munya/anaconda3/lib/python3.11/site-packages/airflow/example_dags/example_sla_dag.py
[2024-05-20T22:44:59.886+0200] {logging_mixin.py:188} INFO - [2024-05-20T22:44:59.885+0200] {dag.py:3096} INFO - Sync 1 DAGs
[2024-05-20T22:44:59.905+0200] {logging_mixin.py:188} INFO - [2024-05-20T22:44:59.905+0200] {dag.py:3954} INFO - Setting next_dagrun for example_sla_dag to 2024-05-20 20:42:00+00:00, run_after=2024-05-20 20:44:00+00:00
[2024-05-20T22:44:59.933+0200] {processor.py:183} INFO - Processing /home/munya/anaconda3/lib/python3.11/site-packages/airflow/example_dags/example_sla_dag.py took 0.078 seconds
[2024-05-20T22:46:07.725+0200] {processor.py:161} INFO - Started process (PID=306031) to work on /home/munya/anaconda3/lib/python3.11/site-packages/airflow/example_dags/example_sla_dag.py
[2024-05-20T22:46:07.726+0200] {processor.py:830} INFO - Processing file /home/munya/anaconda3/lib/python3.11/site-packages/airflow/example_dags/example_sla_dag.py for tasks to queue
[2024-05-20T22:46:07.727+0200] {logging_mixin.py:188} INFO - [2024-05-20T22:46:07.727+0200] {dagbag.py:545} INFO - Filling up the DagBag from /home/munya/anaconda3/lib/python3.11/site-packages/airflow/example_dags/example_sla_dag.py
[2024-05-20T22:46:07.735+0200] {processor.py:840} INFO - DAG(s) 'example_sla_dag' retrieved from /home/munya/anaconda3/lib/python3.11/site-packages/airflow/example_dags/example_sla_dag.py
[2024-05-20T22:46:07.749+0200] {logging_mixin.py:188} INFO - [2024-05-20T22:46:07.749+0200] {dag.py:3096} INFO - Sync 1 DAGs
[2024-05-20T22:46:07.769+0200] {logging_mixin.py:188} INFO - [2024-05-20T22:46:07.769+0200] {dag.py:3954} INFO - Setting next_dagrun for example_sla_dag to 2024-05-20 20:44:00+00:00, run_after=2024-05-20 20:46:00+00:00
[2024-05-20T22:46:07.788+0200] {processor.py:183} INFO - Processing /home/munya/anaconda3/lib/python3.11/site-packages/airflow/example_dags/example_sla_dag.py took 0.069 seconds
[2024-05-20T22:47:11.229+0200] {processor.py:161} INFO - Started process (PID=306990) to work on /home/munya/anaconda3/lib/python3.11/site-packages/airflow/example_dags/example_sla_dag.py
[2024-05-20T22:47:11.232+0200] {processor.py:830} INFO - Processing file /home/munya/anaconda3/lib/python3.11/site-packages/airflow/example_dags/example_sla_dag.py for tasks to queue
[2024-05-20T22:47:11.234+0200] {logging_mixin.py:188} INFO - [2024-05-20T22:47:11.233+0200] {dagbag.py:545} INFO - Filling up the DagBag from /home/munya/anaconda3/lib/python3.11/site-packages/airflow/example_dags/example_sla_dag.py
[2024-05-20T22:47:11.263+0200] {processor.py:840} INFO - DAG(s) 'example_sla_dag' retrieved from /home/munya/anaconda3/lib/python3.11/site-packages/airflow/example_dags/example_sla_dag.py
[2024-05-20T22:47:11.317+0200] {logging_mixin.py:188} INFO - [2024-05-20T22:47:11.316+0200] {dag.py:3096} INFO - Sync 1 DAGs
[2024-05-20T22:47:11.395+0200] {logging_mixin.py:188} INFO - [2024-05-20T22:47:11.394+0200] {dag.py:3954} INFO - Setting next_dagrun for example_sla_dag to 2024-05-20 20:44:00+00:00, run_after=2024-05-20 20:46:00+00:00
[2024-05-20T22:47:11.466+0200] {processor.py:183} INFO - Processing /home/munya/anaconda3/lib/python3.11/site-packages/airflow/example_dags/example_sla_dag.py took 0.259 seconds
[2024-05-20T22:48:17.027+0200] {processor.py:161} INFO - Started process (PID=307998) to work on /home/munya/anaconda3/lib/python3.11/site-packages/airflow/example_dags/example_sla_dag.py
[2024-05-20T22:48:17.028+0200] {processor.py:830} INFO - Processing file /home/munya/anaconda3/lib/python3.11/site-packages/airflow/example_dags/example_sla_dag.py for tasks to queue
[2024-05-20T22:48:17.029+0200] {logging_mixin.py:188} INFO - [2024-05-20T22:48:17.029+0200] {dagbag.py:545} INFO - Filling up the DagBag from /home/munya/anaconda3/lib/python3.11/site-packages/airflow/example_dags/example_sla_dag.py
[2024-05-20T22:48:17.036+0200] {processor.py:840} INFO - DAG(s) 'example_sla_dag' retrieved from /home/munya/anaconda3/lib/python3.11/site-packages/airflow/example_dags/example_sla_dag.py
[2024-05-20T22:48:17.053+0200] {logging_mixin.py:188} INFO - [2024-05-20T22:48:17.053+0200] {dag.py:3096} INFO - Sync 1 DAGs
[2024-05-20T22:48:17.071+0200] {logging_mixin.py:188} INFO - [2024-05-20T22:48:17.071+0200] {dag.py:3954} INFO - Setting next_dagrun for example_sla_dag to 2024-05-20 20:46:00+00:00, run_after=2024-05-20 20:48:00+00:00
[2024-05-20T22:48:17.086+0200] {processor.py:183} INFO - Processing /home/munya/anaconda3/lib/python3.11/site-packages/airflow/example_dags/example_sla_dag.py took 0.064 seconds
[2024-05-20T22:49:20.235+0200] {processor.py:161} INFO - Started process (PID=308952) to work on /home/munya/anaconda3/lib/python3.11/site-packages/airflow/example_dags/example_sla_dag.py
[2024-05-20T22:49:20.238+0200] {processor.py:830} INFO - Processing file /home/munya/anaconda3/lib/python3.11/site-packages/airflow/example_dags/example_sla_dag.py for tasks to queue
[2024-05-20T22:49:20.241+0200] {logging_mixin.py:188} INFO - [2024-05-20T22:49:20.240+0200] {dagbag.py:545} INFO - Filling up the DagBag from /home/munya/anaconda3/lib/python3.11/site-packages/airflow/example_dags/example_sla_dag.py
[2024-05-20T22:49:20.274+0200] {processor.py:840} INFO - DAG(s) 'example_sla_dag' retrieved from /home/munya/anaconda3/lib/python3.11/site-packages/airflow/example_dags/example_sla_dag.py
[2024-05-20T22:49:20.345+0200] {logging_mixin.py:188} INFO - [2024-05-20T22:49:20.344+0200] {dag.py:3096} INFO - Sync 1 DAGs
[2024-05-20T22:49:20.425+0200] {logging_mixin.py:188} INFO - [2024-05-20T22:49:20.424+0200] {dag.py:3954} INFO - Setting next_dagrun for example_sla_dag to 2024-05-20 20:46:00+00:00, run_after=2024-05-20 20:48:00+00:00
[2024-05-20T22:49:20.496+0200] {processor.py:183} INFO - Processing /home/munya/anaconda3/lib/python3.11/site-packages/airflow/example_dags/example_sla_dag.py took 0.281 seconds
[2024-05-20T22:50:22.487+0200] {processor.py:161} INFO - Started process (PID=310018) to work on /home/munya/anaconda3/lib/python3.11/site-packages/airflow/example_dags/example_sla_dag.py
[2024-05-20T22:50:22.488+0200] {processor.py:830} INFO - Processing file /home/munya/anaconda3/lib/python3.11/site-packages/airflow/example_dags/example_sla_dag.py for tasks to queue
[2024-05-20T22:50:22.488+0200] {logging_mixin.py:188} INFO - [2024-05-20T22:50:22.488+0200] {dagbag.py:545} INFO - Filling up the DagBag from /home/munya/anaconda3/lib/python3.11/site-packages/airflow/example_dags/example_sla_dag.py
[2024-05-20T22:50:22.497+0200] {processor.py:840} INFO - DAG(s) 'example_sla_dag' retrieved from /home/munya/anaconda3/lib/python3.11/site-packages/airflow/example_dags/example_sla_dag.py
[2024-05-20T22:50:22.513+0200] {logging_mixin.py:188} INFO - [2024-05-20T22:50:22.513+0200] {dag.py:3096} INFO - Sync 1 DAGs
[2024-05-20T22:50:22.532+0200] {logging_mixin.py:188} INFO - [2024-05-20T22:50:22.532+0200] {dag.py:3954} INFO - Setting next_dagrun for example_sla_dag to 2024-05-20 20:48:00+00:00, run_after=2024-05-20 20:50:00+00:00
[2024-05-20T22:50:22.549+0200] {processor.py:183} INFO - Processing /home/munya/anaconda3/lib/python3.11/site-packages/airflow/example_dags/example_sla_dag.py took 0.068 seconds
[2024-05-20T22:51:24.914+0200] {processor.py:161} INFO - Started process (PID=310988) to work on /home/munya/anaconda3/lib/python3.11/site-packages/airflow/example_dags/example_sla_dag.py
[2024-05-20T22:51:24.915+0200] {processor.py:830} INFO - Processing file /home/munya/anaconda3/lib/python3.11/site-packages/airflow/example_dags/example_sla_dag.py for tasks to queue
[2024-05-20T22:51:24.916+0200] {logging_mixin.py:188} INFO - [2024-05-20T22:51:24.915+0200] {dagbag.py:545} INFO - Filling up the DagBag from /home/munya/anaconda3/lib/python3.11/site-packages/airflow/example_dags/example_sla_dag.py
[2024-05-20T22:51:24.925+0200] {processor.py:840} INFO - DAG(s) 'example_sla_dag' retrieved from /home/munya/anaconda3/lib/python3.11/site-packages/airflow/example_dags/example_sla_dag.py
[2024-05-20T22:51:24.942+0200] {logging_mixin.py:188} INFO - [2024-05-20T22:51:24.942+0200] {dag.py:3096} INFO - Sync 1 DAGs
[2024-05-20T22:51:24.968+0200] {logging_mixin.py:188} INFO - [2024-05-20T22:51:24.967+0200] {dag.py:3954} INFO - Setting next_dagrun for example_sla_dag to 2024-05-20 20:48:00+00:00, run_after=2024-05-20 20:50:00+00:00
[2024-05-20T22:51:24.984+0200] {processor.py:183} INFO - Processing /home/munya/anaconda3/lib/python3.11/site-packages/airflow/example_dags/example_sla_dag.py took 0.076 seconds
[2024-05-20T22:52:23.493+0200] {processor.py:161} INFO - Started process (PID=311905) to work on /home/munya/anaconda3/lib/python3.11/site-packages/airflow/example_dags/example_sla_dag.py
[2024-05-20T22:52:23.494+0200] {processor.py:830} INFO - Processing file /home/munya/anaconda3/lib/python3.11/site-packages/airflow/example_dags/example_sla_dag.py for tasks to queue
[2024-05-20T22:52:23.495+0200] {logging_mixin.py:188} INFO - [2024-05-20T22:52:23.494+0200] {dagbag.py:545} INFO - Filling up the DagBag from /home/munya/anaconda3/lib/python3.11/site-packages/airflow/example_dags/example_sla_dag.py
[2024-05-20T22:52:23.503+0200] {processor.py:840} INFO - DAG(s) 'example_sla_dag' retrieved from /home/munya/anaconda3/lib/python3.11/site-packages/airflow/example_dags/example_sla_dag.py
[2024-05-20T22:52:23.517+0200] {logging_mixin.py:188} INFO - [2024-05-20T22:52:23.517+0200] {dag.py:3096} INFO - Sync 1 DAGs
[2024-05-20T22:52:23.537+0200] {logging_mixin.py:188} INFO - [2024-05-20T22:52:23.536+0200] {dag.py:3954} INFO - Setting next_dagrun for example_sla_dag to 2024-05-20 20:50:00+00:00, run_after=2024-05-20 20:52:00+00:00
[2024-05-20T22:52:23.554+0200] {processor.py:183} INFO - Processing /home/munya/anaconda3/lib/python3.11/site-packages/airflow/example_dags/example_sla_dag.py took 0.067 seconds
[2024-05-20T22:53:21.947+0200] {processor.py:161} INFO - Started process (PID=312800) to work on /home/munya/anaconda3/lib/python3.11/site-packages/airflow/example_dags/example_sla_dag.py
[2024-05-20T22:53:21.951+0200] {processor.py:830} INFO - Processing file /home/munya/anaconda3/lib/python3.11/site-packages/airflow/example_dags/example_sla_dag.py for tasks to queue
[2024-05-20T22:53:21.955+0200] {logging_mixin.py:188} INFO - [2024-05-20T22:53:21.953+0200] {dagbag.py:545} INFO - Filling up the DagBag from /home/munya/anaconda3/lib/python3.11/site-packages/airflow/example_dags/example_sla_dag.py
[2024-05-20T22:53:21.995+0200] {processor.py:840} INFO - DAG(s) 'example_sla_dag' retrieved from /home/munya/anaconda3/lib/python3.11/site-packages/airflow/example_dags/example_sla_dag.py
[2024-05-20T22:53:22.066+0200] {logging_mixin.py:188} INFO - [2024-05-20T22:53:22.065+0200] {dag.py:3096} INFO - Sync 1 DAGs
[2024-05-20T22:53:22.179+0200] {logging_mixin.py:188} INFO - [2024-05-20T22:53:22.178+0200] {dag.py:3954} INFO - Setting next_dagrun for example_sla_dag to 2024-05-20 20:50:00+00:00, run_after=2024-05-20 20:52:00+00:00
[2024-05-20T22:53:22.227+0200] {processor.py:183} INFO - Processing /home/munya/anaconda3/lib/python3.11/site-packages/airflow/example_dags/example_sla_dag.py took 0.309 seconds
[2024-05-20T22:54:20.532+0200] {processor.py:161} INFO - Started process (PID=313702) to work on /home/munya/anaconda3/lib/python3.11/site-packages/airflow/example_dags/example_sla_dag.py
[2024-05-20T22:54:20.535+0200] {processor.py:830} INFO - Processing file /home/munya/anaconda3/lib/python3.11/site-packages/airflow/example_dags/example_sla_dag.py for tasks to queue
[2024-05-20T22:54:20.539+0200] {logging_mixin.py:188} INFO - [2024-05-20T22:54:20.537+0200] {dagbag.py:545} INFO - Filling up the DagBag from /home/munya/anaconda3/lib/python3.11/site-packages/airflow/example_dags/example_sla_dag.py
[2024-05-20T22:54:20.568+0200] {processor.py:840} INFO - DAG(s) 'example_sla_dag' retrieved from /home/munya/anaconda3/lib/python3.11/site-packages/airflow/example_dags/example_sla_dag.py
[2024-05-20T22:54:20.619+0200] {logging_mixin.py:188} INFO - [2024-05-20T22:54:20.619+0200] {dag.py:3096} INFO - Sync 1 DAGs
[2024-05-20T22:54:20.715+0200] {logging_mixin.py:188} INFO - [2024-05-20T22:54:20.714+0200] {dag.py:3954} INFO - Setting next_dagrun for example_sla_dag to 2024-05-20 20:52:00+00:00, run_after=2024-05-20 20:54:00+00:00
[2024-05-20T22:54:20.784+0200] {processor.py:183} INFO - Processing /home/munya/anaconda3/lib/python3.11/site-packages/airflow/example_dags/example_sla_dag.py took 0.277 seconds
[2024-05-20T22:55:25.902+0200] {processor.py:161} INFO - Started process (PID=314698) to work on /home/munya/anaconda3/lib/python3.11/site-packages/airflow/example_dags/example_sla_dag.py
[2024-05-20T22:55:25.903+0200] {processor.py:830} INFO - Processing file /home/munya/anaconda3/lib/python3.11/site-packages/airflow/example_dags/example_sla_dag.py for tasks to queue
[2024-05-20T22:55:25.904+0200] {logging_mixin.py:188} INFO - [2024-05-20T22:55:25.904+0200] {dagbag.py:545} INFO - Filling up the DagBag from /home/munya/anaconda3/lib/python3.11/site-packages/airflow/example_dags/example_sla_dag.py
[2024-05-20T22:55:25.915+0200] {processor.py:840} INFO - DAG(s) 'example_sla_dag' retrieved from /home/munya/anaconda3/lib/python3.11/site-packages/airflow/example_dags/example_sla_dag.py
[2024-05-20T22:55:25.932+0200] {logging_mixin.py:188} INFO - [2024-05-20T22:55:25.932+0200] {dag.py:3096} INFO - Sync 1 DAGs
[2024-05-20T22:55:25.956+0200] {logging_mixin.py:188} INFO - [2024-05-20T22:55:25.956+0200] {dag.py:3954} INFO - Setting next_dagrun for example_sla_dag to 2024-05-20 20:52:00+00:00, run_after=2024-05-20 20:54:00+00:00
[2024-05-20T22:55:25.978+0200] {processor.py:183} INFO - Processing /home/munya/anaconda3/lib/python3.11/site-packages/airflow/example_dags/example_sla_dag.py took 0.083 seconds
[2024-05-20T22:56:27.714+0200] {processor.py:161} INFO - Started process (PID=315647) to work on /home/munya/anaconda3/lib/python3.11/site-packages/airflow/example_dags/example_sla_dag.py
[2024-05-20T22:56:27.715+0200] {processor.py:830} INFO - Processing file /home/munya/anaconda3/lib/python3.11/site-packages/airflow/example_dags/example_sla_dag.py for tasks to queue
[2024-05-20T22:56:27.716+0200] {logging_mixin.py:188} INFO - [2024-05-20T22:56:27.716+0200] {dagbag.py:545} INFO - Filling up the DagBag from /home/munya/anaconda3/lib/python3.11/site-packages/airflow/example_dags/example_sla_dag.py
[2024-05-20T22:56:27.726+0200] {processor.py:840} INFO - DAG(s) 'example_sla_dag' retrieved from /home/munya/anaconda3/lib/python3.11/site-packages/airflow/example_dags/example_sla_dag.py
[2024-05-20T22:56:27.742+0200] {logging_mixin.py:188} INFO - [2024-05-20T22:56:27.741+0200] {dag.py:3096} INFO - Sync 1 DAGs
[2024-05-20T22:56:27.761+0200] {logging_mixin.py:188} INFO - [2024-05-20T22:56:27.760+0200] {dag.py:3954} INFO - Setting next_dagrun for example_sla_dag to 2024-05-20 20:54:00+00:00, run_after=2024-05-20 20:56:00+00:00
[2024-05-20T22:56:27.780+0200] {processor.py:183} INFO - Processing /home/munya/anaconda3/lib/python3.11/site-packages/airflow/example_dags/example_sla_dag.py took 0.071 seconds
[2024-05-20T22:57:30.822+0200] {processor.py:161} INFO - Started process (PID=316634) to work on /home/munya/anaconda3/lib/python3.11/site-packages/airflow/example_dags/example_sla_dag.py
[2024-05-20T22:57:30.823+0200] {processor.py:830} INFO - Processing file /home/munya/anaconda3/lib/python3.11/site-packages/airflow/example_dags/example_sla_dag.py for tasks to queue
[2024-05-20T22:57:30.824+0200] {logging_mixin.py:188} INFO - [2024-05-20T22:57:30.824+0200] {dagbag.py:545} INFO - Filling up the DagBag from /home/munya/anaconda3/lib/python3.11/site-packages/airflow/example_dags/example_sla_dag.py
[2024-05-20T22:57:30.833+0200] {processor.py:840} INFO - DAG(s) 'example_sla_dag' retrieved from /home/munya/anaconda3/lib/python3.11/site-packages/airflow/example_dags/example_sla_dag.py
[2024-05-20T22:57:30.847+0200] {logging_mixin.py:188} INFO - [2024-05-20T22:57:30.847+0200] {dag.py:3096} INFO - Sync 1 DAGs
[2024-05-20T22:57:30.867+0200] {logging_mixin.py:188} INFO - [2024-05-20T22:57:30.867+0200] {dag.py:3954} INFO - Setting next_dagrun for example_sla_dag to 2024-05-20 20:54:00+00:00, run_after=2024-05-20 20:56:00+00:00
[2024-05-20T22:57:30.883+0200] {processor.py:183} INFO - Processing /home/munya/anaconda3/lib/python3.11/site-packages/airflow/example_dags/example_sla_dag.py took 0.066 seconds
[2024-05-20T22:58:37.529+0200] {processor.py:161} INFO - Started process (PID=317640) to work on /home/munya/anaconda3/lib/python3.11/site-packages/airflow/example_dags/example_sla_dag.py
[2024-05-20T22:58:37.533+0200] {processor.py:830} INFO - Processing file /home/munya/anaconda3/lib/python3.11/site-packages/airflow/example_dags/example_sla_dag.py for tasks to queue
[2024-05-20T22:58:37.538+0200] {logging_mixin.py:188} INFO - [2024-05-20T22:58:37.536+0200] {dagbag.py:545} INFO - Filling up the DagBag from /home/munya/anaconda3/lib/python3.11/site-packages/airflow/example_dags/example_sla_dag.py
[2024-05-20T22:58:37.577+0200] {processor.py:840} INFO - DAG(s) 'example_sla_dag' retrieved from /home/munya/anaconda3/lib/python3.11/site-packages/airflow/example_dags/example_sla_dag.py
[2024-05-20T22:58:37.635+0200] {logging_mixin.py:188} INFO - [2024-05-20T22:58:37.634+0200] {dag.py:3096} INFO - Sync 1 DAGs
[2024-05-20T22:58:37.730+0200] {logging_mixin.py:188} INFO - [2024-05-20T22:58:37.730+0200] {dag.py:3954} INFO - Setting next_dagrun for example_sla_dag to 2024-05-20 20:56:00+00:00, run_after=2024-05-20 20:58:00+00:00
[2024-05-20T22:58:37.754+0200] {processor.py:183} INFO - Processing /home/munya/anaconda3/lib/python3.11/site-packages/airflow/example_dags/example_sla_dag.py took 0.251 seconds
[2024-05-20T22:59:40.567+0200] {processor.py:161} INFO - Started process (PID=318733) to work on /home/munya/anaconda3/lib/python3.11/site-packages/airflow/example_dags/example_sla_dag.py
[2024-05-20T22:59:40.568+0200] {processor.py:830} INFO - Processing file /home/munya/anaconda3/lib/python3.11/site-packages/airflow/example_dags/example_sla_dag.py for tasks to queue
[2024-05-20T22:59:40.569+0200] {logging_mixin.py:188} INFO - [2024-05-20T22:59:40.568+0200] {dagbag.py:545} INFO - Filling up the DagBag from /home/munya/anaconda3/lib/python3.11/site-packages/airflow/example_dags/example_sla_dag.py
[2024-05-20T22:59:40.576+0200] {processor.py:840} INFO - DAG(s) 'example_sla_dag' retrieved from /home/munya/anaconda3/lib/python3.11/site-packages/airflow/example_dags/example_sla_dag.py
[2024-05-20T22:59:40.591+0200] {logging_mixin.py:188} INFO - [2024-05-20T22:59:40.591+0200] {dag.py:3096} INFO - Sync 1 DAGs
[2024-05-20T22:59:40.617+0200] {logging_mixin.py:188} INFO - [2024-05-20T22:59:40.616+0200] {dag.py:3954} INFO - Setting next_dagrun for example_sla_dag to 2024-05-20 20:56:00+00:00, run_after=2024-05-20 20:58:00+00:00
[2024-05-20T22:59:40.636+0200] {processor.py:183} INFO - Processing /home/munya/anaconda3/lib/python3.11/site-packages/airflow/example_dags/example_sla_dag.py took 0.075 seconds
[2024-05-20T23:00:46.126+0200] {processor.py:161} INFO - Started process (PID=319850) to work on /home/munya/anaconda3/lib/python3.11/site-packages/airflow/example_dags/example_sla_dag.py
[2024-05-20T23:00:46.127+0200] {processor.py:830} INFO - Processing file /home/munya/anaconda3/lib/python3.11/site-packages/airflow/example_dags/example_sla_dag.py for tasks to queue
[2024-05-20T23:00:46.128+0200] {logging_mixin.py:188} INFO - [2024-05-20T23:00:46.128+0200] {dagbag.py:545} INFO - Filling up the DagBag from /home/munya/anaconda3/lib/python3.11/site-packages/airflow/example_dags/example_sla_dag.py
[2024-05-20T23:00:46.139+0200] {processor.py:840} INFO - DAG(s) 'example_sla_dag' retrieved from /home/munya/anaconda3/lib/python3.11/site-packages/airflow/example_dags/example_sla_dag.py
[2024-05-20T23:00:46.157+0200] {logging_mixin.py:188} INFO - [2024-05-20T23:00:46.157+0200] {dag.py:3096} INFO - Sync 1 DAGs
[2024-05-20T23:00:46.182+0200] {logging_mixin.py:188} INFO - [2024-05-20T23:00:46.182+0200] {dag.py:3954} INFO - Setting next_dagrun for example_sla_dag to 2024-05-20 20:58:00+00:00, run_after=2024-05-20 21:00:00+00:00
[2024-05-20T23:00:46.206+0200] {processor.py:183} INFO - Processing /home/munya/anaconda3/lib/python3.11/site-packages/airflow/example_dags/example_sla_dag.py took 0.085 seconds
[2024-05-20T23:02:10.372+0200] {processor.py:161} INFO - Started process (PID=321304) to work on /home/munya/anaconda3/lib/python3.11/site-packages/airflow/example_dags/example_sla_dag.py
[2024-05-20T23:02:10.373+0200] {processor.py:830} INFO - Processing file /home/munya/anaconda3/lib/python3.11/site-packages/airflow/example_dags/example_sla_dag.py for tasks to queue
[2024-05-20T23:02:10.374+0200] {logging_mixin.py:188} INFO - [2024-05-20T23:02:10.373+0200] {dagbag.py:545} INFO - Filling up the DagBag from /home/munya/anaconda3/lib/python3.11/site-packages/airflow/example_dags/example_sla_dag.py
[2024-05-20T23:02:10.382+0200] {processor.py:840} INFO - DAG(s) 'example_sla_dag' retrieved from /home/munya/anaconda3/lib/python3.11/site-packages/airflow/example_dags/example_sla_dag.py
[2024-05-20T23:02:10.397+0200] {logging_mixin.py:188} INFO - [2024-05-20T23:02:10.397+0200] {dag.py:3096} INFO - Sync 1 DAGs
[2024-05-20T23:02:10.416+0200] {logging_mixin.py:188} INFO - [2024-05-20T23:02:10.415+0200] {dag.py:3954} INFO - Setting next_dagrun for example_sla_dag to 2024-05-20 21:00:00+00:00, run_after=2024-05-20 21:02:00+00:00
[2024-05-20T23:02:10.437+0200] {processor.py:183} INFO - Processing /home/munya/anaconda3/lib/python3.11/site-packages/airflow/example_dags/example_sla_dag.py took 0.073 seconds
[2024-05-20T23:03:10.517+0200] {processor.py:161} INFO - Started process (PID=322365) to work on /home/munya/anaconda3/lib/python3.11/site-packages/airflow/example_dags/example_sla_dag.py
[2024-05-20T23:03:10.521+0200] {processor.py:830} INFO - Processing file /home/munya/anaconda3/lib/python3.11/site-packages/airflow/example_dags/example_sla_dag.py for tasks to queue
[2024-05-20T23:03:10.522+0200] {logging_mixin.py:188} INFO - [2024-05-20T23:03:10.521+0200] {dagbag.py:545} INFO - Filling up the DagBag from /home/munya/anaconda3/lib/python3.11/site-packages/airflow/example_dags/example_sla_dag.py
[2024-05-20T23:03:10.551+0200] {processor.py:840} INFO - DAG(s) 'example_sla_dag' retrieved from /home/munya/anaconda3/lib/python3.11/site-packages/airflow/example_dags/example_sla_dag.py
[2024-05-20T23:03:10.579+0200] {logging_mixin.py:188} INFO - [2024-05-20T23:03:10.579+0200] {dag.py:3096} INFO - Sync 1 DAGs
[2024-05-20T23:03:10.613+0200] {logging_mixin.py:188} INFO - [2024-05-20T23:03:10.612+0200] {dag.py:3954} INFO - Setting next_dagrun for example_sla_dag to 2024-05-20 21:00:00+00:00, run_after=2024-05-20 21:02:00+00:00
[2024-05-20T23:03:10.640+0200] {processor.py:183} INFO - Processing /home/munya/anaconda3/lib/python3.11/site-packages/airflow/example_dags/example_sla_dag.py took 0.131 seconds
[2024-05-20T23:04:15.060+0200] {processor.py:161} INFO - Started process (PID=323381) to work on /home/munya/anaconda3/lib/python3.11/site-packages/airflow/example_dags/example_sla_dag.py
[2024-05-20T23:04:15.061+0200] {processor.py:830} INFO - Processing file /home/munya/anaconda3/lib/python3.11/site-packages/airflow/example_dags/example_sla_dag.py for tasks to queue
[2024-05-20T23:04:15.063+0200] {logging_mixin.py:188} INFO - [2024-05-20T23:04:15.062+0200] {dagbag.py:545} INFO - Filling up the DagBag from /home/munya/anaconda3/lib/python3.11/site-packages/airflow/example_dags/example_sla_dag.py
[2024-05-20T23:04:15.079+0200] {processor.py:840} INFO - DAG(s) 'example_sla_dag' retrieved from /home/munya/anaconda3/lib/python3.11/site-packages/airflow/example_dags/example_sla_dag.py
[2024-05-20T23:04:15.106+0200] {logging_mixin.py:188} INFO - [2024-05-20T23:04:15.105+0200] {dag.py:3096} INFO - Sync 1 DAGs
[2024-05-20T23:04:15.149+0200] {logging_mixin.py:188} INFO - [2024-05-20T23:04:15.148+0200] {dag.py:3954} INFO - Setting next_dagrun for example_sla_dag to 2024-05-20 21:02:00+00:00, run_after=2024-05-20 21:04:00+00:00
[2024-05-20T23:04:15.198+0200] {processor.py:183} INFO - Processing /home/munya/anaconda3/lib/python3.11/site-packages/airflow/example_dags/example_sla_dag.py took 0.147 seconds
[2024-05-20T23:05:24.362+0200] {processor.py:161} INFO - Started process (PID=324474) to work on /home/munya/anaconda3/lib/python3.11/site-packages/airflow/example_dags/example_sla_dag.py
[2024-05-20T23:05:24.366+0200] {processor.py:830} INFO - Processing file /home/munya/anaconda3/lib/python3.11/site-packages/airflow/example_dags/example_sla_dag.py for tasks to queue
[2024-05-20T23:05:24.369+0200] {logging_mixin.py:188} INFO - [2024-05-20T23:05:24.367+0200] {dagbag.py:545} INFO - Filling up the DagBag from /home/munya/anaconda3/lib/python3.11/site-packages/airflow/example_dags/example_sla_dag.py
[2024-05-20T23:05:24.384+0200] {processor.py:840} INFO - DAG(s) 'example_sla_dag' retrieved from /home/munya/anaconda3/lib/python3.11/site-packages/airflow/example_dags/example_sla_dag.py
[2024-05-20T23:05:24.409+0200] {logging_mixin.py:188} INFO - [2024-05-20T23:05:24.409+0200] {dag.py:3096} INFO - Sync 1 DAGs
[2024-05-20T23:05:24.448+0200] {logging_mixin.py:188} INFO - [2024-05-20T23:05:24.448+0200] {dag.py:3954} INFO - Setting next_dagrun for example_sla_dag to 2024-05-20 21:02:00+00:00, run_after=2024-05-20 21:04:00+00:00
[2024-05-20T23:05:24.483+0200] {processor.py:183} INFO - Processing /home/munya/anaconda3/lib/python3.11/site-packages/airflow/example_dags/example_sla_dag.py took 0.145 seconds
[2024-05-20T23:06:27.460+0200] {processor.py:161} INFO - Started process (PID=325503) to work on /home/munya/anaconda3/lib/python3.11/site-packages/airflow/example_dags/example_sla_dag.py
[2024-05-20T23:06:27.461+0200] {processor.py:830} INFO - Processing file /home/munya/anaconda3/lib/python3.11/site-packages/airflow/example_dags/example_sla_dag.py for tasks to queue
[2024-05-20T23:06:27.462+0200] {logging_mixin.py:188} INFO - [2024-05-20T23:06:27.462+0200] {dagbag.py:545} INFO - Filling up the DagBag from /home/munya/anaconda3/lib/python3.11/site-packages/airflow/example_dags/example_sla_dag.py
[2024-05-20T23:06:27.473+0200] {processor.py:840} INFO - DAG(s) 'example_sla_dag' retrieved from /home/munya/anaconda3/lib/python3.11/site-packages/airflow/example_dags/example_sla_dag.py
[2024-05-20T23:06:27.492+0200] {logging_mixin.py:188} INFO - [2024-05-20T23:06:27.491+0200] {dag.py:3096} INFO - Sync 1 DAGs
[2024-05-20T23:06:27.521+0200] {logging_mixin.py:188} INFO - [2024-05-20T23:06:27.521+0200] {dag.py:3954} INFO - Setting next_dagrun for example_sla_dag to 2024-05-20 21:04:00+00:00, run_after=2024-05-20 21:06:00+00:00
[2024-05-20T23:06:27.545+0200] {processor.py:183} INFO - Processing /home/munya/anaconda3/lib/python3.11/site-packages/airflow/example_dags/example_sla_dag.py took 0.093 seconds
[2024-05-20T23:07:25.973+0200] {processor.py:161} INFO - Started process (PID=326547) to work on /home/munya/anaconda3/lib/python3.11/site-packages/airflow/example_dags/example_sla_dag.py
[2024-05-20T23:07:25.974+0200] {processor.py:830} INFO - Processing file /home/munya/anaconda3/lib/python3.11/site-packages/airflow/example_dags/example_sla_dag.py for tasks to queue
[2024-05-20T23:07:25.975+0200] {logging_mixin.py:188} INFO - [2024-05-20T23:07:25.974+0200] {dagbag.py:545} INFO - Filling up the DagBag from /home/munya/anaconda3/lib/python3.11/site-packages/airflow/example_dags/example_sla_dag.py
[2024-05-20T23:07:25.983+0200] {processor.py:840} INFO - DAG(s) 'example_sla_dag' retrieved from /home/munya/anaconda3/lib/python3.11/site-packages/airflow/example_dags/example_sla_dag.py
[2024-05-20T23:07:25.997+0200] {logging_mixin.py:188} INFO - [2024-05-20T23:07:25.997+0200] {dag.py:3096} INFO - Sync 1 DAGs
[2024-05-20T23:07:26.019+0200] {logging_mixin.py:188} INFO - [2024-05-20T23:07:26.019+0200] {dag.py:3954} INFO - Setting next_dagrun for example_sla_dag to 2024-05-20 21:04:00+00:00, run_after=2024-05-20 21:06:00+00:00
[2024-05-20T23:07:26.036+0200] {processor.py:183} INFO - Processing /home/munya/anaconda3/lib/python3.11/site-packages/airflow/example_dags/example_sla_dag.py took 0.070 seconds
[2024-05-20T23:08:33.111+0200] {processor.py:161} INFO - Started process (PID=327623) to work on /home/munya/anaconda3/lib/python3.11/site-packages/airflow/example_dags/example_sla_dag.py
[2024-05-20T23:08:33.114+0200] {processor.py:830} INFO - Processing file /home/munya/anaconda3/lib/python3.11/site-packages/airflow/example_dags/example_sla_dag.py for tasks to queue
[2024-05-20T23:08:33.118+0200] {logging_mixin.py:188} INFO - [2024-05-20T23:08:33.116+0200] {dagbag.py:545} INFO - Filling up the DagBag from /home/munya/anaconda3/lib/python3.11/site-packages/airflow/example_dags/example_sla_dag.py
[2024-05-20T23:08:33.156+0200] {processor.py:840} INFO - DAG(s) 'example_sla_dag' retrieved from /home/munya/anaconda3/lib/python3.11/site-packages/airflow/example_dags/example_sla_dag.py
[2024-05-20T23:08:33.216+0200] {logging_mixin.py:188} INFO - [2024-05-20T23:08:33.216+0200] {dag.py:3096} INFO - Sync 1 DAGs
[2024-05-20T23:08:33.293+0200] {logging_mixin.py:188} INFO - [2024-05-20T23:08:33.293+0200] {dag.py:3954} INFO - Setting next_dagrun for example_sla_dag to 2024-05-20 21:06:00+00:00, run_after=2024-05-20 21:08:00+00:00
[2024-05-20T23:08:33.367+0200] {processor.py:183} INFO - Processing /home/munya/anaconda3/lib/python3.11/site-packages/airflow/example_dags/example_sla_dag.py took 0.283 seconds
[2024-05-20T23:09:38.057+0200] {processor.py:161} INFO - Started process (PID=328742) to work on /home/munya/anaconda3/lib/python3.11/site-packages/airflow/example_dags/example_sla_dag.py
[2024-05-20T23:09:38.058+0200] {processor.py:830} INFO - Processing file /home/munya/anaconda3/lib/python3.11/site-packages/airflow/example_dags/example_sla_dag.py for tasks to queue
[2024-05-20T23:09:38.059+0200] {logging_mixin.py:188} INFO - [2024-05-20T23:09:38.059+0200] {dagbag.py:545} INFO - Filling up the DagBag from /home/munya/anaconda3/lib/python3.11/site-packages/airflow/example_dags/example_sla_dag.py
[2024-05-20T23:09:38.069+0200] {processor.py:840} INFO - DAG(s) 'example_sla_dag' retrieved from /home/munya/anaconda3/lib/python3.11/site-packages/airflow/example_dags/example_sla_dag.py
[2024-05-20T23:09:38.085+0200] {logging_mixin.py:188} INFO - [2024-05-20T23:09:38.085+0200] {dag.py:3096} INFO - Sync 1 DAGs
[2024-05-20T23:09:38.106+0200] {logging_mixin.py:188} INFO - [2024-05-20T23:09:38.106+0200] {dag.py:3954} INFO - Setting next_dagrun for example_sla_dag to 2024-05-20 21:06:00+00:00, run_after=2024-05-20 21:08:00+00:00
[2024-05-20T23:09:38.125+0200] {processor.py:183} INFO - Processing /home/munya/anaconda3/lib/python3.11/site-packages/airflow/example_dags/example_sla_dag.py took 0.074 seconds
[2024-05-20T23:10:41.342+0200] {processor.py:161} INFO - Started process (PID=329731) to work on /home/munya/anaconda3/lib/python3.11/site-packages/airflow/example_dags/example_sla_dag.py
[2024-05-20T23:10:41.343+0200] {processor.py:830} INFO - Processing file /home/munya/anaconda3/lib/python3.11/site-packages/airflow/example_dags/example_sla_dag.py for tasks to queue
[2024-05-20T23:10:41.344+0200] {logging_mixin.py:188} INFO - [2024-05-20T23:10:41.344+0200] {dagbag.py:545} INFO - Filling up the DagBag from /home/munya/anaconda3/lib/python3.11/site-packages/airflow/example_dags/example_sla_dag.py
[2024-05-20T23:10:41.353+0200] {processor.py:840} INFO - DAG(s) 'example_sla_dag' retrieved from /home/munya/anaconda3/lib/python3.11/site-packages/airflow/example_dags/example_sla_dag.py
[2024-05-20T23:10:41.371+0200] {logging_mixin.py:188} INFO - [2024-05-20T23:10:41.371+0200] {dag.py:3096} INFO - Sync 1 DAGs
[2024-05-20T23:10:41.398+0200] {logging_mixin.py:188} INFO - [2024-05-20T23:10:41.398+0200] {dag.py:3954} INFO - Setting next_dagrun for example_sla_dag to 2024-05-20 21:08:00+00:00, run_after=2024-05-20 21:10:00+00:00
[2024-05-20T23:10:41.424+0200] {processor.py:183} INFO - Processing /home/munya/anaconda3/lib/python3.11/site-packages/airflow/example_dags/example_sla_dag.py took 0.089 seconds
[2024-05-20T23:11:39.774+0200] {processor.py:161} INFO - Started process (PID=330678) to work on /home/munya/anaconda3/lib/python3.11/site-packages/airflow/example_dags/example_sla_dag.py
[2024-05-20T23:11:39.775+0200] {processor.py:830} INFO - Processing file /home/munya/anaconda3/lib/python3.11/site-packages/airflow/example_dags/example_sla_dag.py for tasks to queue
[2024-05-20T23:11:39.776+0200] {logging_mixin.py:188} INFO - [2024-05-20T23:11:39.776+0200] {dagbag.py:545} INFO - Filling up the DagBag from /home/munya/anaconda3/lib/python3.11/site-packages/airflow/example_dags/example_sla_dag.py
[2024-05-20T23:11:39.784+0200] {processor.py:840} INFO - DAG(s) 'example_sla_dag' retrieved from /home/munya/anaconda3/lib/python3.11/site-packages/airflow/example_dags/example_sla_dag.py
[2024-05-20T23:11:39.798+0200] {logging_mixin.py:188} INFO - [2024-05-20T23:11:39.798+0200] {dag.py:3096} INFO - Sync 1 DAGs
[2024-05-20T23:11:39.817+0200] {logging_mixin.py:188} INFO - [2024-05-20T23:11:39.817+0200] {dag.py:3954} INFO - Setting next_dagrun for example_sla_dag to 2024-05-20 21:08:00+00:00, run_after=2024-05-20 21:10:00+00:00
[2024-05-20T23:11:39.833+0200] {processor.py:183} INFO - Processing /home/munya/anaconda3/lib/python3.11/site-packages/airflow/example_dags/example_sla_dag.py took 0.065 seconds
[2024-05-20T23:12:39.262+0200] {processor.py:161} INFO - Started process (PID=331647) to work on /home/munya/anaconda3/lib/python3.11/site-packages/airflow/example_dags/example_sla_dag.py
[2024-05-20T23:12:39.264+0200] {processor.py:830} INFO - Processing file /home/munya/anaconda3/lib/python3.11/site-packages/airflow/example_dags/example_sla_dag.py for tasks to queue
[2024-05-20T23:12:39.265+0200] {logging_mixin.py:188} INFO - [2024-05-20T23:12:39.264+0200] {dagbag.py:545} INFO - Filling up the DagBag from /home/munya/anaconda3/lib/python3.11/site-packages/airflow/example_dags/example_sla_dag.py
[2024-05-20T23:12:39.272+0200] {processor.py:840} INFO - DAG(s) 'example_sla_dag' retrieved from /home/munya/anaconda3/lib/python3.11/site-packages/airflow/example_dags/example_sla_dag.py
[2024-05-20T23:12:39.288+0200] {logging_mixin.py:188} INFO - [2024-05-20T23:12:39.288+0200] {dag.py:3096} INFO - Sync 1 DAGs
[2024-05-20T23:12:39.311+0200] {logging_mixin.py:188} INFO - [2024-05-20T23:12:39.311+0200] {dag.py:3954} INFO - Setting next_dagrun for example_sla_dag to 2024-05-20 21:10:00+00:00, run_after=2024-05-20 21:12:00+00:00
[2024-05-20T23:12:39.330+0200] {processor.py:183} INFO - Processing /home/munya/anaconda3/lib/python3.11/site-packages/airflow/example_dags/example_sla_dag.py took 0.074 seconds
[2024-05-20T23:13:42.590+0200] {processor.py:161} INFO - Started process (PID=332691) to work on /home/munya/anaconda3/lib/python3.11/site-packages/airflow/example_dags/example_sla_dag.py
[2024-05-20T23:13:42.591+0200] {processor.py:830} INFO - Processing file /home/munya/anaconda3/lib/python3.11/site-packages/airflow/example_dags/example_sla_dag.py for tasks to queue
[2024-05-20T23:13:42.592+0200] {logging_mixin.py:188} INFO - [2024-05-20T23:13:42.592+0200] {dagbag.py:545} INFO - Filling up the DagBag from /home/munya/anaconda3/lib/python3.11/site-packages/airflow/example_dags/example_sla_dag.py
[2024-05-20T23:13:42.600+0200] {processor.py:840} INFO - DAG(s) 'example_sla_dag' retrieved from /home/munya/anaconda3/lib/python3.11/site-packages/airflow/example_dags/example_sla_dag.py
[2024-05-20T23:13:42.614+0200] {logging_mixin.py:188} INFO - [2024-05-20T23:13:42.614+0200] {dag.py:3096} INFO - Sync 1 DAGs
[2024-05-20T23:13:42.632+0200] {logging_mixin.py:188} INFO - [2024-05-20T23:13:42.632+0200] {dag.py:3954} INFO - Setting next_dagrun for example_sla_dag to 2024-05-20 21:10:00+00:00, run_after=2024-05-20 21:12:00+00:00
[2024-05-20T23:13:42.649+0200] {processor.py:183} INFO - Processing /home/munya/anaconda3/lib/python3.11/site-packages/airflow/example_dags/example_sla_dag.py took 0.064 seconds
[2024-05-20T23:14:46.381+0200] {processor.py:161} INFO - Started process (PID=333640) to work on /home/munya/anaconda3/lib/python3.11/site-packages/airflow/example_dags/example_sla_dag.py
[2024-05-20T23:14:46.384+0200] {processor.py:830} INFO - Processing file /home/munya/anaconda3/lib/python3.11/site-packages/airflow/example_dags/example_sla_dag.py for tasks to queue
[2024-05-20T23:14:46.387+0200] {logging_mixin.py:188} INFO - [2024-05-20T23:14:46.386+0200] {dagbag.py:545} INFO - Filling up the DagBag from /home/munya/anaconda3/lib/python3.11/site-packages/airflow/example_dags/example_sla_dag.py
[2024-05-20T23:14:46.413+0200] {processor.py:840} INFO - DAG(s) 'example_sla_dag' retrieved from /home/munya/anaconda3/lib/python3.11/site-packages/airflow/example_dags/example_sla_dag.py
[2024-05-20T23:14:46.462+0200] {logging_mixin.py:188} INFO - [2024-05-20T23:14:46.461+0200] {dag.py:3096} INFO - Sync 1 DAGs
[2024-05-20T23:14:46.528+0200] {logging_mixin.py:188} INFO - [2024-05-20T23:14:46.528+0200] {dag.py:3954} INFO - Setting next_dagrun for example_sla_dag to 2024-05-20 21:12:00+00:00, run_after=2024-05-20 21:14:00+00:00
[2024-05-20T23:14:46.581+0200] {processor.py:183} INFO - Processing /home/munya/anaconda3/lib/python3.11/site-packages/airflow/example_dags/example_sla_dag.py took 0.219 seconds
[2024-05-20T23:15:45.437+0200] {processor.py:161} INFO - Started process (PID=335165) to work on /home/munya/anaconda3/lib/python3.11/site-packages/airflow/example_dags/example_sla_dag.py
[2024-05-20T23:15:45.438+0200] {processor.py:830} INFO - Processing file /home/munya/anaconda3/lib/python3.11/site-packages/airflow/example_dags/example_sla_dag.py for tasks to queue
[2024-05-20T23:15:45.439+0200] {logging_mixin.py:188} INFO - [2024-05-20T23:15:45.439+0200] {dagbag.py:545} INFO - Filling up the DagBag from /home/munya/anaconda3/lib/python3.11/site-packages/airflow/example_dags/example_sla_dag.py
[2024-05-20T23:15:45.450+0200] {processor.py:840} INFO - DAG(s) 'example_sla_dag' retrieved from /home/munya/anaconda3/lib/python3.11/site-packages/airflow/example_dags/example_sla_dag.py
[2024-05-20T23:15:45.469+0200] {logging_mixin.py:188} INFO - [2024-05-20T23:15:45.468+0200] {dag.py:3096} INFO - Sync 1 DAGs
[2024-05-20T23:15:45.497+0200] {logging_mixin.py:188} INFO - [2024-05-20T23:15:45.497+0200] {dag.py:3954} INFO - Setting next_dagrun for example_sla_dag to 2024-05-20 21:12:00+00:00, run_after=2024-05-20 21:14:00+00:00
[2024-05-20T23:15:45.517+0200] {processor.py:183} INFO - Processing /home/munya/anaconda3/lib/python3.11/site-packages/airflow/example_dags/example_sla_dag.py took 0.087 seconds
[2024-05-20T23:16:47.895+0200] {processor.py:161} INFO - Started process (PID=336116) to work on /home/munya/anaconda3/lib/python3.11/site-packages/airflow/example_dags/example_sla_dag.py
[2024-05-20T23:16:47.899+0200] {processor.py:830} INFO - Processing file /home/munya/anaconda3/lib/python3.11/site-packages/airflow/example_dags/example_sla_dag.py for tasks to queue
[2024-05-20T23:16:47.902+0200] {logging_mixin.py:188} INFO - [2024-05-20T23:16:47.901+0200] {dagbag.py:545} INFO - Filling up the DagBag from /home/munya/anaconda3/lib/python3.11/site-packages/airflow/example_dags/example_sla_dag.py
[2024-05-20T23:16:47.941+0200] {processor.py:840} INFO - DAG(s) 'example_sla_dag' retrieved from /home/munya/anaconda3/lib/python3.11/site-packages/airflow/example_dags/example_sla_dag.py
[2024-05-20T23:16:48.001+0200] {logging_mixin.py:188} INFO - [2024-05-20T23:16:48.000+0200] {dag.py:3096} INFO - Sync 1 DAGs
[2024-05-20T23:16:48.091+0200] {logging_mixin.py:188} INFO - [2024-05-20T23:16:48.090+0200] {dag.py:3954} INFO - Setting next_dagrun for example_sla_dag to 2024-05-20 21:14:00+00:00, run_after=2024-05-20 21:16:00+00:00
[2024-05-20T23:16:48.170+0200] {processor.py:183} INFO - Processing /home/munya/anaconda3/lib/python3.11/site-packages/airflow/example_dags/example_sla_dag.py took 0.299 seconds
[2024-05-20T23:17:52.807+0200] {processor.py:161} INFO - Started process (PID=337179) to work on /home/munya/anaconda3/lib/python3.11/site-packages/airflow/example_dags/example_sla_dag.py
[2024-05-20T23:17:52.808+0200] {processor.py:830} INFO - Processing file /home/munya/anaconda3/lib/python3.11/site-packages/airflow/example_dags/example_sla_dag.py for tasks to queue
[2024-05-20T23:17:52.809+0200] {logging_mixin.py:188} INFO - [2024-05-20T23:17:52.809+0200] {dagbag.py:545} INFO - Filling up the DagBag from /home/munya/anaconda3/lib/python3.11/site-packages/airflow/example_dags/example_sla_dag.py
[2024-05-20T23:17:52.819+0200] {processor.py:840} INFO - DAG(s) 'example_sla_dag' retrieved from /home/munya/anaconda3/lib/python3.11/site-packages/airflow/example_dags/example_sla_dag.py
[2024-05-20T23:17:52.838+0200] {logging_mixin.py:188} INFO - [2024-05-20T23:17:52.837+0200] {dag.py:3096} INFO - Sync 1 DAGs
[2024-05-20T23:17:52.863+0200] {logging_mixin.py:188} INFO - [2024-05-20T23:17:52.863+0200] {dag.py:3954} INFO - Setting next_dagrun for example_sla_dag to 2024-05-20 21:14:00+00:00, run_after=2024-05-20 21:16:00+00:00
[2024-05-20T23:17:52.888+0200] {processor.py:183} INFO - Processing /home/munya/anaconda3/lib/python3.11/site-packages/airflow/example_dags/example_sla_dag.py took 0.088 seconds
[2024-05-20T23:18:50.464+0200] {processor.py:161} INFO - Started process (PID=338060) to work on /home/munya/anaconda3/lib/python3.11/site-packages/airflow/example_dags/example_sla_dag.py
[2024-05-20T23:18:50.465+0200] {processor.py:830} INFO - Processing file /home/munya/anaconda3/lib/python3.11/site-packages/airflow/example_dags/example_sla_dag.py for tasks to queue
[2024-05-20T23:18:50.466+0200] {logging_mixin.py:188} INFO - [2024-05-20T23:18:50.466+0200] {dagbag.py:545} INFO - Filling up the DagBag from /home/munya/anaconda3/lib/python3.11/site-packages/airflow/example_dags/example_sla_dag.py
[2024-05-20T23:18:50.477+0200] {processor.py:840} INFO - DAG(s) 'example_sla_dag' retrieved from /home/munya/anaconda3/lib/python3.11/site-packages/airflow/example_dags/example_sla_dag.py
[2024-05-20T23:18:50.494+0200] {logging_mixin.py:188} INFO - [2024-05-20T23:18:50.494+0200] {dag.py:3096} INFO - Sync 1 DAGs
[2024-05-20T23:18:50.520+0200] {logging_mixin.py:188} INFO - [2024-05-20T23:18:50.520+0200] {dag.py:3954} INFO - Setting next_dagrun for example_sla_dag to 2024-05-20 21:16:00+00:00, run_after=2024-05-20 21:18:00+00:00
[2024-05-20T23:18:50.546+0200] {processor.py:183} INFO - Processing /home/munya/anaconda3/lib/python3.11/site-packages/airflow/example_dags/example_sla_dag.py took 0.089 seconds
[2024-05-20T23:19:44.889+0200] {processor.py:161} INFO - Started process (PID=338953) to work on /home/munya/anaconda3/lib/python3.11/site-packages/airflow/example_dags/example_sla_dag.py
[2024-05-20T23:19:44.890+0200] {processor.py:830} INFO - Processing file /home/munya/anaconda3/lib/python3.11/site-packages/airflow/example_dags/example_sla_dag.py for tasks to queue
[2024-05-20T23:19:44.891+0200] {logging_mixin.py:188} INFO - [2024-05-20T23:19:44.891+0200] {dagbag.py:545} INFO - Filling up the DagBag from /home/munya/anaconda3/lib/python3.11/site-packages/airflow/example_dags/example_sla_dag.py
[2024-05-20T23:19:44.902+0200] {processor.py:840} INFO - DAG(s) 'example_sla_dag' retrieved from /home/munya/anaconda3/lib/python3.11/site-packages/airflow/example_dags/example_sla_dag.py
[2024-05-20T23:19:44.922+0200] {logging_mixin.py:188} INFO - [2024-05-20T23:19:44.921+0200] {dag.py:3096} INFO - Sync 1 DAGs
[2024-05-20T23:19:44.954+0200] {logging_mixin.py:188} INFO - [2024-05-20T23:19:44.953+0200] {dag.py:3954} INFO - Setting next_dagrun for example_sla_dag to 2024-05-20 21:16:00+00:00, run_after=2024-05-20 21:18:00+00:00
[2024-05-20T23:19:44.985+0200] {processor.py:183} INFO - Processing /home/munya/anaconda3/lib/python3.11/site-packages/airflow/example_dags/example_sla_dag.py took 0.103 seconds
[2024-05-20T23:20:41.807+0200] {processor.py:161} INFO - Started process (PID=339861) to work on /home/munya/anaconda3/lib/python3.11/site-packages/airflow/example_dags/example_sla_dag.py
[2024-05-20T23:20:41.812+0200] {processor.py:830} INFO - Processing file /home/munya/anaconda3/lib/python3.11/site-packages/airflow/example_dags/example_sla_dag.py for tasks to queue
[2024-05-20T23:20:41.813+0200] {logging_mixin.py:188} INFO - [2024-05-20T23:20:41.812+0200] {dagbag.py:545} INFO - Filling up the DagBag from /home/munya/anaconda3/lib/python3.11/site-packages/airflow/example_dags/example_sla_dag.py
[2024-05-20T23:20:41.831+0200] {processor.py:840} INFO - DAG(s) 'example_sla_dag' retrieved from /home/munya/anaconda3/lib/python3.11/site-packages/airflow/example_dags/example_sla_dag.py
[2024-05-20T23:20:41.872+0200] {logging_mixin.py:188} INFO - [2024-05-20T23:20:41.872+0200] {dag.py:3096} INFO - Sync 1 DAGs
[2024-05-20T23:20:41.902+0200] {logging_mixin.py:188} INFO - [2024-05-20T23:20:41.902+0200] {dag.py:3954} INFO - Setting next_dagrun for example_sla_dag to 2024-05-20 21:18:00+00:00, run_after=2024-05-20 21:20:00+00:00
[2024-05-20T23:20:41.938+0200] {processor.py:183} INFO - Processing /home/munya/anaconda3/lib/python3.11/site-packages/airflow/example_dags/example_sla_dag.py took 0.151 seconds
[2024-05-20T23:21:40.621+0200] {processor.py:161} INFO - Started process (PID=340855) to work on /home/munya/anaconda3/lib/python3.11/site-packages/airflow/example_dags/example_sla_dag.py
[2024-05-20T23:21:40.622+0200] {processor.py:830} INFO - Processing file /home/munya/anaconda3/lib/python3.11/site-packages/airflow/example_dags/example_sla_dag.py for tasks to queue
[2024-05-20T23:21:40.622+0200] {logging_mixin.py:188} INFO - [2024-05-20T23:21:40.622+0200] {dagbag.py:545} INFO - Filling up the DagBag from /home/munya/anaconda3/lib/python3.11/site-packages/airflow/example_dags/example_sla_dag.py
[2024-05-20T23:21:40.630+0200] {processor.py:840} INFO - DAG(s) 'example_sla_dag' retrieved from /home/munya/anaconda3/lib/python3.11/site-packages/airflow/example_dags/example_sla_dag.py
[2024-05-20T23:21:40.644+0200] {logging_mixin.py:188} INFO - [2024-05-20T23:21:40.643+0200] {dag.py:3096} INFO - Sync 1 DAGs
[2024-05-20T23:21:40.662+0200] {logging_mixin.py:188} INFO - [2024-05-20T23:21:40.662+0200] {dag.py:3954} INFO - Setting next_dagrun for example_sla_dag to 2024-05-20 21:18:00+00:00, run_after=2024-05-20 21:20:00+00:00
[2024-05-20T23:21:40.679+0200] {processor.py:183} INFO - Processing /home/munya/anaconda3/lib/python3.11/site-packages/airflow/example_dags/example_sla_dag.py took 0.064 seconds
[2024-05-20T23:22:46.572+0200] {processor.py:161} INFO - Started process (PID=342136) to work on /home/munya/anaconda3/lib/python3.11/site-packages/airflow/example_dags/example_sla_dag.py
[2024-05-20T23:22:46.573+0200] {processor.py:830} INFO - Processing file /home/munya/anaconda3/lib/python3.11/site-packages/airflow/example_dags/example_sla_dag.py for tasks to queue
[2024-05-20T23:22:46.575+0200] {logging_mixin.py:188} INFO - [2024-05-20T23:22:46.574+0200] {dagbag.py:545} INFO - Filling up the DagBag from /home/munya/anaconda3/lib/python3.11/site-packages/airflow/example_dags/example_sla_dag.py
[2024-05-20T23:22:46.590+0200] {processor.py:840} INFO - DAG(s) 'example_sla_dag' retrieved from /home/munya/anaconda3/lib/python3.11/site-packages/airflow/example_dags/example_sla_dag.py
[2024-05-20T23:22:46.618+0200] {logging_mixin.py:188} INFO - [2024-05-20T23:22:46.618+0200] {dag.py:3096} INFO - Sync 1 DAGs
[2024-05-20T23:22:46.662+0200] {logging_mixin.py:188} INFO - [2024-05-20T23:22:46.662+0200] {dag.py:3954} INFO - Setting next_dagrun for example_sla_dag to 2024-05-20 21:20:00+00:00, run_after=2024-05-20 21:22:00+00:00
[2024-05-20T23:22:46.700+0200] {processor.py:183} INFO - Processing /home/munya/anaconda3/lib/python3.11/site-packages/airflow/example_dags/example_sla_dag.py took 0.140 seconds
[2024-05-20T23:23:51.025+0200] {processor.py:161} INFO - Started process (PID=343317) to work on /home/munya/anaconda3/lib/python3.11/site-packages/airflow/example_dags/example_sla_dag.py
[2024-05-20T23:23:51.026+0200] {processor.py:830} INFO - Processing file /home/munya/anaconda3/lib/python3.11/site-packages/airflow/example_dags/example_sla_dag.py for tasks to queue
[2024-05-20T23:23:51.027+0200] {logging_mixin.py:188} INFO - [2024-05-20T23:23:51.027+0200] {dagbag.py:545} INFO - Filling up the DagBag from /home/munya/anaconda3/lib/python3.11/site-packages/airflow/example_dags/example_sla_dag.py
[2024-05-20T23:23:51.036+0200] {processor.py:840} INFO - DAG(s) 'example_sla_dag' retrieved from /home/munya/anaconda3/lib/python3.11/site-packages/airflow/example_dags/example_sla_dag.py
[2024-05-20T23:23:51.052+0200] {logging_mixin.py:188} INFO - [2024-05-20T23:23:51.051+0200] {dag.py:3096} INFO - Sync 1 DAGs
[2024-05-20T23:23:51.075+0200] {logging_mixin.py:188} INFO - [2024-05-20T23:23:51.075+0200] {dag.py:3954} INFO - Setting next_dagrun for example_sla_dag to 2024-05-20 21:20:00+00:00, run_after=2024-05-20 21:22:00+00:00
[2024-05-20T23:23:51.100+0200] {processor.py:183} INFO - Processing /home/munya/anaconda3/lib/python3.11/site-packages/airflow/example_dags/example_sla_dag.py took 0.081 seconds
[2024-05-20T23:24:54.457+0200] {processor.py:161} INFO - Started process (PID=344457) to work on /home/munya/anaconda3/lib/python3.11/site-packages/airflow/example_dags/example_sla_dag.py
[2024-05-20T23:24:54.459+0200] {processor.py:830} INFO - Processing file /home/munya/anaconda3/lib/python3.11/site-packages/airflow/example_dags/example_sla_dag.py for tasks to queue
[2024-05-20T23:24:54.460+0200] {logging_mixin.py:188} INFO - [2024-05-20T23:24:54.460+0200] {dagbag.py:545} INFO - Filling up the DagBag from /home/munya/anaconda3/lib/python3.11/site-packages/airflow/example_dags/example_sla_dag.py
[2024-05-20T23:24:54.474+0200] {processor.py:840} INFO - DAG(s) 'example_sla_dag' retrieved from /home/munya/anaconda3/lib/python3.11/site-packages/airflow/example_dags/example_sla_dag.py
[2024-05-20T23:24:54.499+0200] {logging_mixin.py:188} INFO - [2024-05-20T23:24:54.499+0200] {dag.py:3096} INFO - Sync 1 DAGs
[2024-05-20T23:24:54.533+0200] {logging_mixin.py:188} INFO - [2024-05-20T23:24:54.533+0200] {dag.py:3954} INFO - Setting next_dagrun for example_sla_dag to 2024-05-20 21:22:00+00:00, run_after=2024-05-20 21:24:00+00:00
[2024-05-20T23:24:54.571+0200] {processor.py:183} INFO - Processing /home/munya/anaconda3/lib/python3.11/site-packages/airflow/example_dags/example_sla_dag.py took 0.123 seconds
[2024-05-20T23:25:59.598+0200] {processor.py:161} INFO - Started process (PID=345531) to work on /home/munya/anaconda3/lib/python3.11/site-packages/airflow/example_dags/example_sla_dag.py
[2024-05-20T23:25:59.603+0200] {processor.py:830} INFO - Processing file /home/munya/anaconda3/lib/python3.11/site-packages/airflow/example_dags/example_sla_dag.py for tasks to queue
[2024-05-20T23:25:59.604+0200] {logging_mixin.py:188} INFO - [2024-05-20T23:25:59.604+0200] {dagbag.py:545} INFO - Filling up the DagBag from /home/munya/anaconda3/lib/python3.11/site-packages/airflow/example_dags/example_sla_dag.py
[2024-05-20T23:25:59.625+0200] {processor.py:840} INFO - DAG(s) 'example_sla_dag' retrieved from /home/munya/anaconda3/lib/python3.11/site-packages/airflow/example_dags/example_sla_dag.py
[2024-05-20T23:25:59.663+0200] {logging_mixin.py:188} INFO - [2024-05-20T23:25:59.662+0200] {dag.py:3096} INFO - Sync 1 DAGs
[2024-05-20T23:25:59.711+0200] {logging_mixin.py:188} INFO - [2024-05-20T23:25:59.711+0200] {dag.py:3954} INFO - Setting next_dagrun for example_sla_dag to 2024-05-20 21:22:00+00:00, run_after=2024-05-20 21:24:00+00:00
[2024-05-20T23:25:59.750+0200] {processor.py:183} INFO - Processing /home/munya/anaconda3/lib/python3.11/site-packages/airflow/example_dags/example_sla_dag.py took 0.172 seconds
[2024-05-20T23:27:10.188+0200] {processor.py:161} INFO - Started process (PID=346698) to work on /home/munya/anaconda3/lib/python3.11/site-packages/airflow/example_dags/example_sla_dag.py
[2024-05-20T23:27:10.189+0200] {processor.py:830} INFO - Processing file /home/munya/anaconda3/lib/python3.11/site-packages/airflow/example_dags/example_sla_dag.py for tasks to queue
[2024-05-20T23:27:10.190+0200] {logging_mixin.py:188} INFO - [2024-05-20T23:27:10.190+0200] {dagbag.py:545} INFO - Filling up the DagBag from /home/munya/anaconda3/lib/python3.11/site-packages/airflow/example_dags/example_sla_dag.py
[2024-05-20T23:27:10.199+0200] {processor.py:840} INFO - DAG(s) 'example_sla_dag' retrieved from /home/munya/anaconda3/lib/python3.11/site-packages/airflow/example_dags/example_sla_dag.py
[2024-05-20T23:27:10.217+0200] {logging_mixin.py:188} INFO - [2024-05-20T23:27:10.216+0200] {dag.py:3096} INFO - Sync 1 DAGs
[2024-05-20T23:27:10.244+0200] {logging_mixin.py:188} INFO - [2024-05-20T23:27:10.244+0200] {dag.py:3954} INFO - Setting next_dagrun for example_sla_dag to 2024-05-20 21:24:00+00:00, run_after=2024-05-20 21:26:00+00:00
[2024-05-20T23:27:10.266+0200] {processor.py:183} INFO - Processing /home/munya/anaconda3/lib/python3.11/site-packages/airflow/example_dags/example_sla_dag.py took 0.083 seconds
[2024-05-20T23:28:15.858+0200] {processor.py:161} INFO - Started process (PID=347713) to work on /home/munya/anaconda3/lib/python3.11/site-packages/airflow/example_dags/example_sla_dag.py
[2024-05-20T23:28:15.860+0200] {processor.py:830} INFO - Processing file /home/munya/anaconda3/lib/python3.11/site-packages/airflow/example_dags/example_sla_dag.py for tasks to queue
[2024-05-20T23:28:15.861+0200] {logging_mixin.py:188} INFO - [2024-05-20T23:28:15.861+0200] {dagbag.py:545} INFO - Filling up the DagBag from /home/munya/anaconda3/lib/python3.11/site-packages/airflow/example_dags/example_sla_dag.py
[2024-05-20T23:28:15.873+0200] {processor.py:840} INFO - DAG(s) 'example_sla_dag' retrieved from /home/munya/anaconda3/lib/python3.11/site-packages/airflow/example_dags/example_sla_dag.py
[2024-05-20T23:28:15.892+0200] {logging_mixin.py:188} INFO - [2024-05-20T23:28:15.892+0200] {dag.py:3096} INFO - Sync 1 DAGs
[2024-05-20T23:28:15.918+0200] {logging_mixin.py:188} INFO - [2024-05-20T23:28:15.918+0200] {dag.py:3954} INFO - Setting next_dagrun for example_sla_dag to 2024-05-20 21:26:00+00:00, run_after=2024-05-20 21:28:00+00:00
[2024-05-20T23:28:15.941+0200] {processor.py:183} INFO - Processing /home/munya/anaconda3/lib/python3.11/site-packages/airflow/example_dags/example_sla_dag.py took 0.092 seconds
