[2024-05-09T08:02:53.847+0200] {processor.py:161} INFO - Started process (PID=21722) to work on /home/munya/.local/lib/python3.11/site-packages/airflow/example_dags/example_nested_branch_dag.py
[2024-05-09T08:02:53.848+0200] {processor.py:830} INFO - Processing file /home/munya/.local/lib/python3.11/site-packages/airflow/example_dags/example_nested_branch_dag.py for tasks to queue
[2024-05-09T08:02:53.849+0200] {logging_mixin.py:188} INFO - [2024-05-09T08:02:53.848+0200] {dagbag.py:540} INFO - Filling up the DagBag from /home/munya/.local/lib/python3.11/site-packages/airflow/example_dags/example_nested_branch_dag.py
[2024-05-09T08:02:53.860+0200] {processor.py:840} INFO - DAG(s) 'example_nested_branch_dag' retrieved from /home/munya/.local/lib/python3.11/site-packages/airflow/example_dags/example_nested_branch_dag.py
[2024-05-09T08:02:54.077+0200] {logging_mixin.py:188} INFO - [2024-05-09T08:02:54.077+0200] {dag.py:3096} INFO - Sync 1 DAGs
[2024-05-09T08:02:54.094+0200] {logging_mixin.py:188} INFO - [2024-05-09T08:02:54.093+0200] {dag.py:3954} INFO - Setting next_dagrun for example_nested_branch_dag to 2024-05-08 00:00:00+00:00, run_after=2024-05-09 00:00:00+00:00
[2024-05-09T08:02:54.112+0200] {processor.py:183} INFO - Processing /home/munya/.local/lib/python3.11/site-packages/airflow/example_dags/example_nested_branch_dag.py took 0.270 seconds
[2024-05-09T08:04:06.006+0200] {processor.py:161} INFO - Started process (PID=22877) to work on /home/munya/.local/lib/python3.11/site-packages/airflow/example_dags/example_nested_branch_dag.py
[2024-05-09T08:04:06.007+0200] {processor.py:830} INFO - Processing file /home/munya/.local/lib/python3.11/site-packages/airflow/example_dags/example_nested_branch_dag.py for tasks to queue
[2024-05-09T08:04:06.008+0200] {logging_mixin.py:188} INFO - [2024-05-09T08:04:06.008+0200] {dagbag.py:540} INFO - Filling up the DagBag from /home/munya/.local/lib/python3.11/site-packages/airflow/example_dags/example_nested_branch_dag.py
[2024-05-09T08:04:06.020+0200] {processor.py:840} INFO - DAG(s) 'example_nested_branch_dag' retrieved from /home/munya/.local/lib/python3.11/site-packages/airflow/example_dags/example_nested_branch_dag.py
[2024-05-09T08:04:06.035+0200] {logging_mixin.py:188} INFO - [2024-05-09T08:04:06.035+0200] {dag.py:3096} INFO - Sync 1 DAGs
[2024-05-09T08:04:06.053+0200] {logging_mixin.py:188} INFO - [2024-05-09T08:04:06.053+0200] {dag.py:3954} INFO - Setting next_dagrun for example_nested_branch_dag to 2024-05-08 00:00:00+00:00, run_after=2024-05-09 00:00:00+00:00
[2024-05-09T08:04:06.071+0200] {processor.py:183} INFO - Processing /home/munya/.local/lib/python3.11/site-packages/airflow/example_dags/example_nested_branch_dag.py took 0.070 seconds
[2024-05-09T08:05:05.412+0200] {processor.py:161} INFO - Started process (PID=23666) to work on /home/munya/.local/lib/python3.11/site-packages/airflow/example_dags/example_nested_branch_dag.py
[2024-05-09T08:05:05.414+0200] {processor.py:830} INFO - Processing file /home/munya/.local/lib/python3.11/site-packages/airflow/example_dags/example_nested_branch_dag.py for tasks to queue
[2024-05-09T08:05:05.417+0200] {logging_mixin.py:188} INFO - [2024-05-09T08:05:05.415+0200] {dagbag.py:540} INFO - Filling up the DagBag from /home/munya/.local/lib/python3.11/site-packages/airflow/example_dags/example_nested_branch_dag.py
[2024-05-09T08:05:05.449+0200] {processor.py:840} INFO - DAG(s) 'example_nested_branch_dag' retrieved from /home/munya/.local/lib/python3.11/site-packages/airflow/example_dags/example_nested_branch_dag.py
[2024-05-09T08:05:05.501+0200] {logging_mixin.py:188} INFO - [2024-05-09T08:05:05.501+0200] {dag.py:3096} INFO - Sync 1 DAGs
[2024-05-09T08:05:05.565+0200] {logging_mixin.py:188} INFO - [2024-05-09T08:05:05.564+0200] {dag.py:3954} INFO - Setting next_dagrun for example_nested_branch_dag to 2024-05-08 00:00:00+00:00, run_after=2024-05-09 00:00:00+00:00
[2024-05-09T08:05:05.618+0200] {processor.py:183} INFO - Processing /home/munya/.local/lib/python3.11/site-packages/airflow/example_dags/example_nested_branch_dag.py took 0.225 seconds
[2024-05-09T08:06:05.462+0200] {processor.py:161} INFO - Started process (PID=24475) to work on /home/munya/.local/lib/python3.11/site-packages/airflow/example_dags/example_nested_branch_dag.py
[2024-05-09T08:06:05.463+0200] {processor.py:830} INFO - Processing file /home/munya/.local/lib/python3.11/site-packages/airflow/example_dags/example_nested_branch_dag.py for tasks to queue
[2024-05-09T08:06:05.464+0200] {logging_mixin.py:188} INFO - [2024-05-09T08:06:05.463+0200] {dagbag.py:540} INFO - Filling up the DagBag from /home/munya/.local/lib/python3.11/site-packages/airflow/example_dags/example_nested_branch_dag.py
[2024-05-09T08:06:05.473+0200] {processor.py:840} INFO - DAG(s) 'example_nested_branch_dag' retrieved from /home/munya/.local/lib/python3.11/site-packages/airflow/example_dags/example_nested_branch_dag.py
[2024-05-09T08:06:05.489+0200] {logging_mixin.py:188} INFO - [2024-05-09T08:06:05.489+0200] {dag.py:3096} INFO - Sync 1 DAGs
[2024-05-09T08:06:05.507+0200] {logging_mixin.py:188} INFO - [2024-05-09T08:06:05.507+0200] {dag.py:3954} INFO - Setting next_dagrun for example_nested_branch_dag to 2024-05-08 00:00:00+00:00, run_after=2024-05-09 00:00:00+00:00
[2024-05-09T08:06:05.529+0200] {processor.py:183} INFO - Processing /home/munya/.local/lib/python3.11/site-packages/airflow/example_dags/example_nested_branch_dag.py took 0.072 seconds
[2024-05-09T08:07:06.282+0200] {processor.py:161} INFO - Started process (PID=25249) to work on /home/munya/.local/lib/python3.11/site-packages/airflow/example_dags/example_nested_branch_dag.py
[2024-05-09T08:07:06.283+0200] {processor.py:830} INFO - Processing file /home/munya/.local/lib/python3.11/site-packages/airflow/example_dags/example_nested_branch_dag.py for tasks to queue
[2024-05-09T08:07:06.284+0200] {logging_mixin.py:188} INFO - [2024-05-09T08:07:06.283+0200] {dagbag.py:540} INFO - Filling up the DagBag from /home/munya/.local/lib/python3.11/site-packages/airflow/example_dags/example_nested_branch_dag.py
[2024-05-09T08:07:06.292+0200] {processor.py:840} INFO - DAG(s) 'example_nested_branch_dag' retrieved from /home/munya/.local/lib/python3.11/site-packages/airflow/example_dags/example_nested_branch_dag.py
[2024-05-09T08:07:06.306+0200] {logging_mixin.py:188} INFO - [2024-05-09T08:07:06.306+0200] {dag.py:3096} INFO - Sync 1 DAGs
[2024-05-09T08:07:06.321+0200] {logging_mixin.py:188} INFO - [2024-05-09T08:07:06.321+0200] {dag.py:3954} INFO - Setting next_dagrun for example_nested_branch_dag to 2024-05-08 00:00:00+00:00, run_after=2024-05-09 00:00:00+00:00
[2024-05-09T08:07:06.340+0200] {processor.py:183} INFO - Processing /home/munya/.local/lib/python3.11/site-packages/airflow/example_dags/example_nested_branch_dag.py took 0.063 seconds
[2024-05-09T08:08:04.021+0200] {processor.py:161} INFO - Started process (PID=25987) to work on /home/munya/.local/lib/python3.11/site-packages/airflow/example_dags/example_nested_branch_dag.py
[2024-05-09T08:08:04.021+0200] {processor.py:830} INFO - Processing file /home/munya/.local/lib/python3.11/site-packages/airflow/example_dags/example_nested_branch_dag.py for tasks to queue
[2024-05-09T08:08:04.022+0200] {logging_mixin.py:188} INFO - [2024-05-09T08:08:04.022+0200] {dagbag.py:540} INFO - Filling up the DagBag from /home/munya/.local/lib/python3.11/site-packages/airflow/example_dags/example_nested_branch_dag.py
[2024-05-09T08:08:04.032+0200] {processor.py:840} INFO - DAG(s) 'example_nested_branch_dag' retrieved from /home/munya/.local/lib/python3.11/site-packages/airflow/example_dags/example_nested_branch_dag.py
[2024-05-09T08:08:04.049+0200] {logging_mixin.py:188} INFO - [2024-05-09T08:08:04.049+0200] {dag.py:3096} INFO - Sync 1 DAGs
[2024-05-09T08:08:04.068+0200] {logging_mixin.py:188} INFO - [2024-05-09T08:08:04.068+0200] {dag.py:3954} INFO - Setting next_dagrun for example_nested_branch_dag to 2024-05-08 00:00:00+00:00, run_after=2024-05-09 00:00:00+00:00
[2024-05-09T08:08:04.089+0200] {processor.py:183} INFO - Processing /home/munya/.local/lib/python3.11/site-packages/airflow/example_dags/example_nested_branch_dag.py took 0.074 seconds
[2024-05-09T08:09:03.182+0200] {processor.py:161} INFO - Started process (PID=26886) to work on /home/munya/.local/lib/python3.11/site-packages/airflow/example_dags/example_nested_branch_dag.py
[2024-05-09T08:09:03.183+0200] {processor.py:830} INFO - Processing file /home/munya/.local/lib/python3.11/site-packages/airflow/example_dags/example_nested_branch_dag.py for tasks to queue
[2024-05-09T08:09:03.183+0200] {logging_mixin.py:188} INFO - [2024-05-09T08:09:03.183+0200] {dagbag.py:540} INFO - Filling up the DagBag from /home/munya/.local/lib/python3.11/site-packages/airflow/example_dags/example_nested_branch_dag.py
[2024-05-09T08:09:03.192+0200] {processor.py:840} INFO - DAG(s) 'example_nested_branch_dag' retrieved from /home/munya/.local/lib/python3.11/site-packages/airflow/example_dags/example_nested_branch_dag.py
[2024-05-09T08:09:03.207+0200] {logging_mixin.py:188} INFO - [2024-05-09T08:09:03.206+0200] {dag.py:3096} INFO - Sync 1 DAGs
[2024-05-09T08:09:03.222+0200] {logging_mixin.py:188} INFO - [2024-05-09T08:09:03.222+0200] {dag.py:3954} INFO - Setting next_dagrun for example_nested_branch_dag to 2024-05-08 00:00:00+00:00, run_after=2024-05-09 00:00:00+00:00
[2024-05-09T08:09:03.238+0200] {processor.py:183} INFO - Processing /home/munya/.local/lib/python3.11/site-packages/airflow/example_dags/example_nested_branch_dag.py took 0.062 seconds
[2024-05-09T08:09:55.973+0200] {processor.py:161} INFO - Started process (PID=27630) to work on /home/munya/.local/lib/python3.11/site-packages/airflow/example_dags/example_nested_branch_dag.py
[2024-05-09T08:09:55.974+0200] {processor.py:830} INFO - Processing file /home/munya/.local/lib/python3.11/site-packages/airflow/example_dags/example_nested_branch_dag.py for tasks to queue
[2024-05-09T08:09:55.975+0200] {logging_mixin.py:188} INFO - [2024-05-09T08:09:55.974+0200] {dagbag.py:540} INFO - Filling up the DagBag from /home/munya/.local/lib/python3.11/site-packages/airflow/example_dags/example_nested_branch_dag.py
[2024-05-09T08:09:55.988+0200] {processor.py:840} INFO - DAG(s) 'example_nested_branch_dag' retrieved from /home/munya/.local/lib/python3.11/site-packages/airflow/example_dags/example_nested_branch_dag.py
[2024-05-09T08:09:56.012+0200] {logging_mixin.py:188} INFO - [2024-05-09T08:09:56.012+0200] {dag.py:3096} INFO - Sync 1 DAGs
[2024-05-09T08:09:56.034+0200] {logging_mixin.py:188} INFO - [2024-05-09T08:09:56.034+0200] {dag.py:3954} INFO - Setting next_dagrun for example_nested_branch_dag to 2024-05-08 00:00:00+00:00, run_after=2024-05-09 00:00:00+00:00
[2024-05-09T08:09:56.052+0200] {processor.py:183} INFO - Processing /home/munya/.local/lib/python3.11/site-packages/airflow/example_dags/example_nested_branch_dag.py took 0.086 seconds
[2024-05-09T08:10:58.703+0200] {processor.py:161} INFO - Started process (PID=28425) to work on /home/munya/.local/lib/python3.11/site-packages/airflow/example_dags/example_nested_branch_dag.py
[2024-05-09T08:10:58.704+0200] {processor.py:830} INFO - Processing file /home/munya/.local/lib/python3.11/site-packages/airflow/example_dags/example_nested_branch_dag.py for tasks to queue
[2024-05-09T08:10:58.705+0200] {logging_mixin.py:188} INFO - [2024-05-09T08:10:58.705+0200] {dagbag.py:540} INFO - Filling up the DagBag from /home/munya/.local/lib/python3.11/site-packages/airflow/example_dags/example_nested_branch_dag.py
[2024-05-09T08:10:58.715+0200] {processor.py:840} INFO - DAG(s) 'example_nested_branch_dag' retrieved from /home/munya/.local/lib/python3.11/site-packages/airflow/example_dags/example_nested_branch_dag.py
[2024-05-09T08:10:58.731+0200] {logging_mixin.py:188} INFO - [2024-05-09T08:10:58.731+0200] {dag.py:3096} INFO - Sync 1 DAGs
[2024-05-09T08:10:58.749+0200] {logging_mixin.py:188} INFO - [2024-05-09T08:10:58.749+0200] {dag.py:3954} INFO - Setting next_dagrun for example_nested_branch_dag to 2024-05-08 00:00:00+00:00, run_after=2024-05-09 00:00:00+00:00
[2024-05-09T08:10:58.768+0200] {processor.py:183} INFO - Processing /home/munya/.local/lib/python3.11/site-packages/airflow/example_dags/example_nested_branch_dag.py took 0.070 seconds
[2024-05-09T08:12:04.120+0200] {processor.py:161} INFO - Started process (PID=29270) to work on /home/munya/.local/lib/python3.11/site-packages/airflow/example_dags/example_nested_branch_dag.py
[2024-05-09T08:12:04.122+0200] {processor.py:830} INFO - Processing file /home/munya/.local/lib/python3.11/site-packages/airflow/example_dags/example_nested_branch_dag.py for tasks to queue
[2024-05-09T08:12:04.123+0200] {logging_mixin.py:188} INFO - [2024-05-09T08:12:04.122+0200] {dagbag.py:540} INFO - Filling up the DagBag from /home/munya/.local/lib/python3.11/site-packages/airflow/example_dags/example_nested_branch_dag.py
[2024-05-09T08:12:04.138+0200] {processor.py:840} INFO - DAG(s) 'example_nested_branch_dag' retrieved from /home/munya/.local/lib/python3.11/site-packages/airflow/example_dags/example_nested_branch_dag.py
[2024-05-09T08:12:04.162+0200] {logging_mixin.py:188} INFO - [2024-05-09T08:12:04.162+0200] {dag.py:3096} INFO - Sync 1 DAGs
[2024-05-09T08:12:04.187+0200] {logging_mixin.py:188} INFO - [2024-05-09T08:12:04.186+0200] {dag.py:3954} INFO - Setting next_dagrun for example_nested_branch_dag to 2024-05-08 00:00:00+00:00, run_after=2024-05-09 00:00:00+00:00
[2024-05-09T08:12:04.206+0200] {processor.py:183} INFO - Processing /home/munya/.local/lib/python3.11/site-packages/airflow/example_dags/example_nested_branch_dag.py took 0.094 seconds
[2024-05-09T08:13:04.918+0200] {processor.py:161} INFO - Started process (PID=30089) to work on /home/munya/.local/lib/python3.11/site-packages/airflow/example_dags/example_nested_branch_dag.py
[2024-05-09T08:13:04.920+0200] {processor.py:830} INFO - Processing file /home/munya/.local/lib/python3.11/site-packages/airflow/example_dags/example_nested_branch_dag.py for tasks to queue
[2024-05-09T08:13:04.920+0200] {logging_mixin.py:188} INFO - [2024-05-09T08:13:04.920+0200] {dagbag.py:540} INFO - Filling up the DagBag from /home/munya/.local/lib/python3.11/site-packages/airflow/example_dags/example_nested_branch_dag.py
[2024-05-09T08:13:04.931+0200] {processor.py:840} INFO - DAG(s) 'example_nested_branch_dag' retrieved from /home/munya/.local/lib/python3.11/site-packages/airflow/example_dags/example_nested_branch_dag.py
[2024-05-09T08:13:04.946+0200] {logging_mixin.py:188} INFO - [2024-05-09T08:13:04.946+0200] {dag.py:3096} INFO - Sync 1 DAGs
[2024-05-09T08:13:04.963+0200] {logging_mixin.py:188} INFO - [2024-05-09T08:13:04.963+0200] {dag.py:3954} INFO - Setting next_dagrun for example_nested_branch_dag to 2024-05-08 00:00:00+00:00, run_after=2024-05-09 00:00:00+00:00
[2024-05-09T08:13:04.979+0200] {processor.py:183} INFO - Processing /home/munya/.local/lib/python3.11/site-packages/airflow/example_dags/example_nested_branch_dag.py took 0.067 seconds
[2024-05-09T08:14:05.994+0200] {processor.py:161} INFO - Started process (PID=30896) to work on /home/munya/.local/lib/python3.11/site-packages/airflow/example_dags/example_nested_branch_dag.py
[2024-05-09T08:14:05.995+0200] {processor.py:830} INFO - Processing file /home/munya/.local/lib/python3.11/site-packages/airflow/example_dags/example_nested_branch_dag.py for tasks to queue
[2024-05-09T08:14:05.996+0200] {logging_mixin.py:188} INFO - [2024-05-09T08:14:05.996+0200] {dagbag.py:540} INFO - Filling up the DagBag from /home/munya/.local/lib/python3.11/site-packages/airflow/example_dags/example_nested_branch_dag.py
[2024-05-09T08:14:06.011+0200] {processor.py:840} INFO - DAG(s) 'example_nested_branch_dag' retrieved from /home/munya/.local/lib/python3.11/site-packages/airflow/example_dags/example_nested_branch_dag.py
[2024-05-09T08:14:06.034+0200] {logging_mixin.py:188} INFO - [2024-05-09T08:14:06.033+0200] {dag.py:3096} INFO - Sync 1 DAGs
[2024-05-09T08:14:06.058+0200] {logging_mixin.py:188} INFO - [2024-05-09T08:14:06.058+0200] {dag.py:3954} INFO - Setting next_dagrun for example_nested_branch_dag to 2024-05-08 00:00:00+00:00, run_after=2024-05-09 00:00:00+00:00
[2024-05-09T08:14:06.078+0200] {processor.py:183} INFO - Processing /home/munya/.local/lib/python3.11/site-packages/airflow/example_dags/example_nested_branch_dag.py took 0.091 seconds
[2024-05-09T08:15:02.654+0200] {processor.py:161} INFO - Started process (PID=31642) to work on /home/munya/.local/lib/python3.11/site-packages/airflow/example_dags/example_nested_branch_dag.py
[2024-05-09T08:15:02.655+0200] {processor.py:830} INFO - Processing file /home/munya/.local/lib/python3.11/site-packages/airflow/example_dags/example_nested_branch_dag.py for tasks to queue
[2024-05-09T08:15:02.655+0200] {logging_mixin.py:188} INFO - [2024-05-09T08:15:02.655+0200] {dagbag.py:540} INFO - Filling up the DagBag from /home/munya/.local/lib/python3.11/site-packages/airflow/example_dags/example_nested_branch_dag.py
[2024-05-09T08:15:02.664+0200] {processor.py:840} INFO - DAG(s) 'example_nested_branch_dag' retrieved from /home/munya/.local/lib/python3.11/site-packages/airflow/example_dags/example_nested_branch_dag.py
[2024-05-09T08:15:02.678+0200] {logging_mixin.py:188} INFO - [2024-05-09T08:15:02.678+0200] {dag.py:3096} INFO - Sync 1 DAGs
[2024-05-09T08:15:02.694+0200] {logging_mixin.py:188} INFO - [2024-05-09T08:15:02.694+0200] {dag.py:3954} INFO - Setting next_dagrun for example_nested_branch_dag to 2024-05-08 00:00:00+00:00, run_after=2024-05-09 00:00:00+00:00
[2024-05-09T08:15:02.709+0200] {processor.py:183} INFO - Processing /home/munya/.local/lib/python3.11/site-packages/airflow/example_dags/example_nested_branch_dag.py took 0.061 seconds
[2024-05-09T08:16:07.702+0200] {processor.py:161} INFO - Started process (PID=32474) to work on /home/munya/.local/lib/python3.11/site-packages/airflow/example_dags/example_nested_branch_dag.py
[2024-05-09T08:16:07.705+0200] {processor.py:830} INFO - Processing file /home/munya/.local/lib/python3.11/site-packages/airflow/example_dags/example_nested_branch_dag.py for tasks to queue
[2024-05-09T08:16:07.706+0200] {logging_mixin.py:188} INFO - [2024-05-09T08:16:07.706+0200] {dagbag.py:540} INFO - Filling up the DagBag from /home/munya/.local/lib/python3.11/site-packages/airflow/example_dags/example_nested_branch_dag.py
[2024-05-09T08:16:07.715+0200] {processor.py:840} INFO - DAG(s) 'example_nested_branch_dag' retrieved from /home/munya/.local/lib/python3.11/site-packages/airflow/example_dags/example_nested_branch_dag.py
[2024-05-09T08:16:07.729+0200] {logging_mixin.py:188} INFO - [2024-05-09T08:16:07.729+0200] {dag.py:3096} INFO - Sync 1 DAGs
[2024-05-09T08:16:07.745+0200] {logging_mixin.py:188} INFO - [2024-05-09T08:16:07.745+0200] {dag.py:3954} INFO - Setting next_dagrun for example_nested_branch_dag to 2024-05-08 00:00:00+00:00, run_after=2024-05-09 00:00:00+00:00
[2024-05-09T08:16:07.914+0200] {processor.py:183} INFO - Processing /home/munya/.local/lib/python3.11/site-packages/airflow/example_dags/example_nested_branch_dag.py took 0.218 seconds
[2024-05-09T08:17:36.543+0200] {processor.py:161} INFO - Started process (PID=33546) to work on /home/munya/.local/lib/python3.11/site-packages/airflow/example_dags/example_nested_branch_dag.py
[2024-05-09T08:17:36.544+0200] {processor.py:830} INFO - Processing file /home/munya/.local/lib/python3.11/site-packages/airflow/example_dags/example_nested_branch_dag.py for tasks to queue
[2024-05-09T08:17:36.544+0200] {logging_mixin.py:188} INFO - [2024-05-09T08:17:36.544+0200] {dagbag.py:540} INFO - Filling up the DagBag from /home/munya/.local/lib/python3.11/site-packages/airflow/example_dags/example_nested_branch_dag.py
[2024-05-09T08:17:36.554+0200] {processor.py:840} INFO - DAG(s) 'example_nested_branch_dag' retrieved from /home/munya/.local/lib/python3.11/site-packages/airflow/example_dags/example_nested_branch_dag.py
[2024-05-09T08:17:36.573+0200] {logging_mixin.py:188} INFO - [2024-05-09T08:17:36.572+0200] {dag.py:3096} INFO - Sync 1 DAGs
[2024-05-09T08:17:36.590+0200] {logging_mixin.py:188} INFO - [2024-05-09T08:17:36.590+0200] {dag.py:3954} INFO - Setting next_dagrun for example_nested_branch_dag to 2024-05-08 00:00:00+00:00, run_after=2024-05-09 00:00:00+00:00
[2024-05-09T08:17:36.608+0200] {processor.py:183} INFO - Processing /home/munya/.local/lib/python3.11/site-packages/airflow/example_dags/example_nested_branch_dag.py took 0.071 seconds
[2024-05-09T08:18:35.971+0200] {processor.py:161} INFO - Started process (PID=34743) to work on /home/munya/.local/lib/python3.11/site-packages/airflow/example_dags/example_nested_branch_dag.py
[2024-05-09T08:18:35.971+0200] {processor.py:830} INFO - Processing file /home/munya/.local/lib/python3.11/site-packages/airflow/example_dags/example_nested_branch_dag.py for tasks to queue
[2024-05-09T08:18:35.972+0200] {logging_mixin.py:188} INFO - [2024-05-09T08:18:35.972+0200] {dagbag.py:540} INFO - Filling up the DagBag from /home/munya/.local/lib/python3.11/site-packages/airflow/example_dags/example_nested_branch_dag.py
[2024-05-09T08:18:35.982+0200] {processor.py:840} INFO - DAG(s) 'example_nested_branch_dag' retrieved from /home/munya/.local/lib/python3.11/site-packages/airflow/example_dags/example_nested_branch_dag.py
[2024-05-09T08:18:35.998+0200] {logging_mixin.py:188} INFO - [2024-05-09T08:18:35.998+0200] {dag.py:3096} INFO - Sync 1 DAGs
[2024-05-09T08:18:36.024+0200] {logging_mixin.py:188} INFO - [2024-05-09T08:18:36.024+0200] {dag.py:3954} INFO - Setting next_dagrun for example_nested_branch_dag to 2024-05-08 00:00:00+00:00, run_after=2024-05-09 00:00:00+00:00
[2024-05-09T08:18:36.062+0200] {processor.py:183} INFO - Processing /home/munya/.local/lib/python3.11/site-packages/airflow/example_dags/example_nested_branch_dag.py took 0.097 seconds
[2024-05-09T08:19:35.154+0200] {processor.py:161} INFO - Started process (PID=35520) to work on /home/munya/.local/lib/python3.11/site-packages/airflow/example_dags/example_nested_branch_dag.py
[2024-05-09T08:19:35.155+0200] {processor.py:830} INFO - Processing file /home/munya/.local/lib/python3.11/site-packages/airflow/example_dags/example_nested_branch_dag.py for tasks to queue
[2024-05-09T08:19:35.156+0200] {logging_mixin.py:188} INFO - [2024-05-09T08:19:35.155+0200] {dagbag.py:540} INFO - Filling up the DagBag from /home/munya/.local/lib/python3.11/site-packages/airflow/example_dags/example_nested_branch_dag.py
[2024-05-09T08:19:35.165+0200] {processor.py:840} INFO - DAG(s) 'example_nested_branch_dag' retrieved from /home/munya/.local/lib/python3.11/site-packages/airflow/example_dags/example_nested_branch_dag.py
[2024-05-09T08:19:35.182+0200] {logging_mixin.py:188} INFO - [2024-05-09T08:19:35.182+0200] {dag.py:3096} INFO - Sync 1 DAGs
[2024-05-09T08:19:35.208+0200] {logging_mixin.py:188} INFO - [2024-05-09T08:19:35.207+0200] {dag.py:3954} INFO - Setting next_dagrun for example_nested_branch_dag to 2024-05-08 00:00:00+00:00, run_after=2024-05-09 00:00:00+00:00
[2024-05-09T08:19:35.226+0200] {processor.py:183} INFO - Processing /home/munya/.local/lib/python3.11/site-packages/airflow/example_dags/example_nested_branch_dag.py took 0.078 seconds
[2024-05-09T08:20:32.774+0200] {processor.py:161} INFO - Started process (PID=36252) to work on /home/munya/.local/lib/python3.11/site-packages/airflow/example_dags/example_nested_branch_dag.py
[2024-05-09T08:20:32.775+0200] {processor.py:830} INFO - Processing file /home/munya/.local/lib/python3.11/site-packages/airflow/example_dags/example_nested_branch_dag.py for tasks to queue
[2024-05-09T08:20:32.776+0200] {logging_mixin.py:188} INFO - [2024-05-09T08:20:32.776+0200] {dagbag.py:540} INFO - Filling up the DagBag from /home/munya/.local/lib/python3.11/site-packages/airflow/example_dags/example_nested_branch_dag.py
[2024-05-09T08:20:32.784+0200] {processor.py:840} INFO - DAG(s) 'example_nested_branch_dag' retrieved from /home/munya/.local/lib/python3.11/site-packages/airflow/example_dags/example_nested_branch_dag.py
[2024-05-09T08:20:32.798+0200] {logging_mixin.py:188} INFO - [2024-05-09T08:20:32.798+0200] {dag.py:3096} INFO - Sync 1 DAGs
[2024-05-09T08:20:32.815+0200] {logging_mixin.py:188} INFO - [2024-05-09T08:20:32.815+0200] {dag.py:3954} INFO - Setting next_dagrun for example_nested_branch_dag to 2024-05-08 00:00:00+00:00, run_after=2024-05-09 00:00:00+00:00
[2024-05-09T08:20:32.831+0200] {processor.py:183} INFO - Processing /home/munya/.local/lib/python3.11/site-packages/airflow/example_dags/example_nested_branch_dag.py took 0.061 seconds
[2024-05-09T08:21:37.598+0200] {processor.py:161} INFO - Started process (PID=37128) to work on /home/munya/.local/lib/python3.11/site-packages/airflow/example_dags/example_nested_branch_dag.py
[2024-05-09T08:21:37.599+0200] {processor.py:830} INFO - Processing file /home/munya/.local/lib/python3.11/site-packages/airflow/example_dags/example_nested_branch_dag.py for tasks to queue
[2024-05-09T08:21:37.600+0200] {logging_mixin.py:188} INFO - [2024-05-09T08:21:37.599+0200] {dagbag.py:540} INFO - Filling up the DagBag from /home/munya/.local/lib/python3.11/site-packages/airflow/example_dags/example_nested_branch_dag.py
[2024-05-09T08:21:37.614+0200] {processor.py:840} INFO - DAG(s) 'example_nested_branch_dag' retrieved from /home/munya/.local/lib/python3.11/site-packages/airflow/example_dags/example_nested_branch_dag.py
[2024-05-09T08:21:37.638+0200] {logging_mixin.py:188} INFO - [2024-05-09T08:21:37.637+0200] {dag.py:3096} INFO - Sync 1 DAGs
[2024-05-09T08:21:37.666+0200] {logging_mixin.py:188} INFO - [2024-05-09T08:21:37.665+0200] {dag.py:3954} INFO - Setting next_dagrun for example_nested_branch_dag to 2024-05-08 00:00:00+00:00, run_after=2024-05-09 00:00:00+00:00
[2024-05-09T08:21:37.692+0200] {processor.py:183} INFO - Processing /home/munya/.local/lib/python3.11/site-packages/airflow/example_dags/example_nested_branch_dag.py took 0.101 seconds
[2024-05-09T08:22:43.824+0200] {processor.py:161} INFO - Started process (PID=38327) to work on /home/munya/.local/lib/python3.11/site-packages/airflow/example_dags/example_nested_branch_dag.py
[2024-05-09T08:22:43.825+0200] {processor.py:830} INFO - Processing file /home/munya/.local/lib/python3.11/site-packages/airflow/example_dags/example_nested_branch_dag.py for tasks to queue
[2024-05-09T08:22:43.826+0200] {logging_mixin.py:188} INFO - [2024-05-09T08:22:43.825+0200] {dagbag.py:540} INFO - Filling up the DagBag from /home/munya/.local/lib/python3.11/site-packages/airflow/example_dags/example_nested_branch_dag.py
[2024-05-09T08:22:43.835+0200] {processor.py:840} INFO - DAG(s) 'example_nested_branch_dag' retrieved from /home/munya/.local/lib/python3.11/site-packages/airflow/example_dags/example_nested_branch_dag.py
[2024-05-09T08:22:43.850+0200] {logging_mixin.py:188} INFO - [2024-05-09T08:22:43.850+0200] {dag.py:3096} INFO - Sync 1 DAGs
[2024-05-09T08:22:43.873+0200] {logging_mixin.py:188} INFO - [2024-05-09T08:22:43.873+0200] {dag.py:3954} INFO - Setting next_dagrun for example_nested_branch_dag to 2024-05-08 00:00:00+00:00, run_after=2024-05-09 00:00:00+00:00
[2024-05-09T08:22:43.893+0200] {processor.py:183} INFO - Processing /home/munya/.local/lib/python3.11/site-packages/airflow/example_dags/example_nested_branch_dag.py took 0.074 seconds
[2024-05-09T08:23:39.591+0200] {processor.py:161} INFO - Started process (PID=39073) to work on /home/munya/.local/lib/python3.11/site-packages/airflow/example_dags/example_nested_branch_dag.py
[2024-05-09T08:23:39.592+0200] {processor.py:830} INFO - Processing file /home/munya/.local/lib/python3.11/site-packages/airflow/example_dags/example_nested_branch_dag.py for tasks to queue
[2024-05-09T08:23:39.593+0200] {logging_mixin.py:188} INFO - [2024-05-09T08:23:39.592+0200] {dagbag.py:540} INFO - Filling up the DagBag from /home/munya/.local/lib/python3.11/site-packages/airflow/example_dags/example_nested_branch_dag.py
[2024-05-09T08:23:39.606+0200] {processor.py:840} INFO - DAG(s) 'example_nested_branch_dag' retrieved from /home/munya/.local/lib/python3.11/site-packages/airflow/example_dags/example_nested_branch_dag.py
[2024-05-09T08:23:39.620+0200] {logging_mixin.py:188} INFO - [2024-05-09T08:23:39.620+0200] {dag.py:3096} INFO - Sync 1 DAGs
[2024-05-09T08:23:39.636+0200] {logging_mixin.py:188} INFO - [2024-05-09T08:23:39.636+0200] {dag.py:3954} INFO - Setting next_dagrun for example_nested_branch_dag to 2024-05-08 00:00:00+00:00, run_after=2024-05-09 00:00:00+00:00
[2024-05-09T08:23:39.653+0200] {processor.py:183} INFO - Processing /home/munya/.local/lib/python3.11/site-packages/airflow/example_dags/example_nested_branch_dag.py took 0.069 seconds
[2024-05-09T08:24:35.489+0200] {processor.py:161} INFO - Started process (PID=39912) to work on /home/munya/.local/lib/python3.11/site-packages/airflow/example_dags/example_nested_branch_dag.py
[2024-05-09T08:24:35.491+0200] {processor.py:830} INFO - Processing file /home/munya/.local/lib/python3.11/site-packages/airflow/example_dags/example_nested_branch_dag.py for tasks to queue
[2024-05-09T08:24:35.493+0200] {logging_mixin.py:188} INFO - [2024-05-09T08:24:35.492+0200] {dagbag.py:540} INFO - Filling up the DagBag from /home/munya/.local/lib/python3.11/site-packages/airflow/example_dags/example_nested_branch_dag.py
[2024-05-09T08:24:35.503+0200] {processor.py:840} INFO - DAG(s) 'example_nested_branch_dag' retrieved from /home/munya/.local/lib/python3.11/site-packages/airflow/example_dags/example_nested_branch_dag.py
[2024-05-09T08:24:35.518+0200] {logging_mixin.py:188} INFO - [2024-05-09T08:24:35.518+0200] {dag.py:3096} INFO - Sync 1 DAGs
[2024-05-09T08:24:35.536+0200] {logging_mixin.py:188} INFO - [2024-05-09T08:24:35.536+0200] {dag.py:3954} INFO - Setting next_dagrun for example_nested_branch_dag to 2024-05-08 00:00:00+00:00, run_after=2024-05-09 00:00:00+00:00
[2024-05-09T08:24:35.556+0200] {processor.py:183} INFO - Processing /home/munya/.local/lib/python3.11/site-packages/airflow/example_dags/example_nested_branch_dag.py took 0.073 seconds
[2024-05-09T08:25:38.313+0200] {processor.py:161} INFO - Started process (PID=40773) to work on /home/munya/.local/lib/python3.11/site-packages/airflow/example_dags/example_nested_branch_dag.py
[2024-05-09T08:25:38.316+0200] {processor.py:830} INFO - Processing file /home/munya/.local/lib/python3.11/site-packages/airflow/example_dags/example_nested_branch_dag.py for tasks to queue
[2024-05-09T08:25:38.319+0200] {logging_mixin.py:188} INFO - [2024-05-09T08:25:38.318+0200] {dagbag.py:540} INFO - Filling up the DagBag from /home/munya/.local/lib/python3.11/site-packages/airflow/example_dags/example_nested_branch_dag.py
[2024-05-09T08:25:38.369+0200] {processor.py:840} INFO - DAG(s) 'example_nested_branch_dag' retrieved from /home/munya/.local/lib/python3.11/site-packages/airflow/example_dags/example_nested_branch_dag.py
[2024-05-09T08:25:38.441+0200] {logging_mixin.py:188} INFO - [2024-05-09T08:25:38.441+0200] {dag.py:3096} INFO - Sync 1 DAGs
[2024-05-09T08:25:38.524+0200] {logging_mixin.py:188} INFO - [2024-05-09T08:25:38.523+0200] {dag.py:3954} INFO - Setting next_dagrun for example_nested_branch_dag to 2024-05-08 00:00:00+00:00, run_after=2024-05-09 00:00:00+00:00
[2024-05-09T08:25:38.602+0200] {processor.py:183} INFO - Processing /home/munya/.local/lib/python3.11/site-packages/airflow/example_dags/example_nested_branch_dag.py took 0.315 seconds
[2024-05-09T08:26:45.353+0200] {processor.py:161} INFO - Started process (PID=41727) to work on /home/munya/.local/lib/python3.11/site-packages/airflow/example_dags/example_nested_branch_dag.py
[2024-05-09T08:26:45.356+0200] {processor.py:830} INFO - Processing file /home/munya/.local/lib/python3.11/site-packages/airflow/example_dags/example_nested_branch_dag.py for tasks to queue
[2024-05-09T08:26:45.358+0200] {logging_mixin.py:188} INFO - [2024-05-09T08:26:45.357+0200] {dagbag.py:540} INFO - Filling up the DagBag from /home/munya/.local/lib/python3.11/site-packages/airflow/example_dags/example_nested_branch_dag.py
[2024-05-09T08:26:45.394+0200] {processor.py:840} INFO - DAG(s) 'example_nested_branch_dag' retrieved from /home/munya/.local/lib/python3.11/site-packages/airflow/example_dags/example_nested_branch_dag.py
[2024-05-09T08:26:45.449+0200] {logging_mixin.py:188} INFO - [2024-05-09T08:26:45.449+0200] {dag.py:3096} INFO - Sync 1 DAGs
[2024-05-09T08:26:45.511+0200] {logging_mixin.py:188} INFO - [2024-05-09T08:26:45.510+0200] {dag.py:3954} INFO - Setting next_dagrun for example_nested_branch_dag to 2024-05-08 00:00:00+00:00, run_after=2024-05-09 00:00:00+00:00
[2024-05-09T08:26:45.568+0200] {processor.py:183} INFO - Processing /home/munya/.local/lib/python3.11/site-packages/airflow/example_dags/example_nested_branch_dag.py took 0.236 seconds
[2024-05-09T08:27:42.827+0200] {processor.py:161} INFO - Started process (PID=42460) to work on /home/munya/.local/lib/python3.11/site-packages/airflow/example_dags/example_nested_branch_dag.py
[2024-05-09T08:27:42.829+0200] {processor.py:830} INFO - Processing file /home/munya/.local/lib/python3.11/site-packages/airflow/example_dags/example_nested_branch_dag.py for tasks to queue
[2024-05-09T08:27:42.832+0200] {logging_mixin.py:188} INFO - [2024-05-09T08:27:42.831+0200] {dagbag.py:540} INFO - Filling up the DagBag from /home/munya/.local/lib/python3.11/site-packages/airflow/example_dags/example_nested_branch_dag.py
[2024-05-09T08:27:42.868+0200] {processor.py:840} INFO - DAG(s) 'example_nested_branch_dag' retrieved from /home/munya/.local/lib/python3.11/site-packages/airflow/example_dags/example_nested_branch_dag.py
[2024-05-09T08:27:42.924+0200] {logging_mixin.py:188} INFO - [2024-05-09T08:27:42.924+0200] {dag.py:3096} INFO - Sync 1 DAGs
[2024-05-09T08:27:42.962+0200] {logging_mixin.py:188} INFO - [2024-05-09T08:27:42.962+0200] {dag.py:3954} INFO - Setting next_dagrun for example_nested_branch_dag to 2024-05-08 00:00:00+00:00, run_after=2024-05-09 00:00:00+00:00
[2024-05-09T08:27:42.989+0200] {processor.py:183} INFO - Processing /home/munya/.local/lib/python3.11/site-packages/airflow/example_dags/example_nested_branch_dag.py took 0.182 seconds
[2024-05-09T08:28:39.256+0200] {processor.py:161} INFO - Started process (PID=43205) to work on /home/munya/.local/lib/python3.11/site-packages/airflow/example_dags/example_nested_branch_dag.py
[2024-05-09T08:28:39.256+0200] {processor.py:830} INFO - Processing file /home/munya/.local/lib/python3.11/site-packages/airflow/example_dags/example_nested_branch_dag.py for tasks to queue
[2024-05-09T08:28:39.257+0200] {logging_mixin.py:188} INFO - [2024-05-09T08:28:39.257+0200] {dagbag.py:540} INFO - Filling up the DagBag from /home/munya/.local/lib/python3.11/site-packages/airflow/example_dags/example_nested_branch_dag.py
[2024-05-09T08:28:39.268+0200] {processor.py:840} INFO - DAG(s) 'example_nested_branch_dag' retrieved from /home/munya/.local/lib/python3.11/site-packages/airflow/example_dags/example_nested_branch_dag.py
[2024-05-09T08:28:39.285+0200] {logging_mixin.py:188} INFO - [2024-05-09T08:28:39.285+0200] {dag.py:3096} INFO - Sync 1 DAGs
[2024-05-09T08:28:39.303+0200] {logging_mixin.py:188} INFO - [2024-05-09T08:28:39.303+0200] {dag.py:3954} INFO - Setting next_dagrun for example_nested_branch_dag to 2024-05-08 00:00:00+00:00, run_after=2024-05-09 00:00:00+00:00
[2024-05-09T08:28:39.323+0200] {processor.py:183} INFO - Processing /home/munya/.local/lib/python3.11/site-packages/airflow/example_dags/example_nested_branch_dag.py took 0.074 seconds
[2024-05-09T08:29:32.270+0200] {processor.py:161} INFO - Started process (PID=43884) to work on /home/munya/.local/lib/python3.11/site-packages/airflow/example_dags/example_nested_branch_dag.py
[2024-05-09T08:29:32.272+0200] {processor.py:830} INFO - Processing file /home/munya/.local/lib/python3.11/site-packages/airflow/example_dags/example_nested_branch_dag.py for tasks to queue
[2024-05-09T08:29:32.275+0200] {logging_mixin.py:188} INFO - [2024-05-09T08:29:32.274+0200] {dagbag.py:540} INFO - Filling up the DagBag from /home/munya/.local/lib/python3.11/site-packages/airflow/example_dags/example_nested_branch_dag.py
[2024-05-09T08:29:32.308+0200] {processor.py:840} INFO - DAG(s) 'example_nested_branch_dag' retrieved from /home/munya/.local/lib/python3.11/site-packages/airflow/example_dags/example_nested_branch_dag.py
[2024-05-09T08:29:32.362+0200] {logging_mixin.py:188} INFO - [2024-05-09T08:29:32.362+0200] {dag.py:3096} INFO - Sync 1 DAGs
[2024-05-09T08:29:32.420+0200] {logging_mixin.py:188} INFO - [2024-05-09T08:29:32.419+0200] {dag.py:3954} INFO - Setting next_dagrun for example_nested_branch_dag to 2024-05-08 00:00:00+00:00, run_after=2024-05-09 00:00:00+00:00
[2024-05-09T08:29:32.475+0200] {processor.py:183} INFO - Processing /home/munya/.local/lib/python3.11/site-packages/airflow/example_dags/example_nested_branch_dag.py took 0.223 seconds
[2024-05-09T08:30:29.464+0200] {processor.py:161} INFO - Started process (PID=44608) to work on /home/munya/.local/lib/python3.11/site-packages/airflow/example_dags/example_nested_branch_dag.py
[2024-05-09T08:30:29.465+0200] {processor.py:830} INFO - Processing file /home/munya/.local/lib/python3.11/site-packages/airflow/example_dags/example_nested_branch_dag.py for tasks to queue
[2024-05-09T08:30:29.466+0200] {logging_mixin.py:188} INFO - [2024-05-09T08:30:29.466+0200] {dagbag.py:540} INFO - Filling up the DagBag from /home/munya/.local/lib/python3.11/site-packages/airflow/example_dags/example_nested_branch_dag.py
[2024-05-09T08:30:29.475+0200] {processor.py:840} INFO - DAG(s) 'example_nested_branch_dag' retrieved from /home/munya/.local/lib/python3.11/site-packages/airflow/example_dags/example_nested_branch_dag.py
[2024-05-09T08:30:29.489+0200] {logging_mixin.py:188} INFO - [2024-05-09T08:30:29.489+0200] {dag.py:3096} INFO - Sync 1 DAGs
[2024-05-09T08:30:29.505+0200] {logging_mixin.py:188} INFO - [2024-05-09T08:30:29.504+0200] {dag.py:3954} INFO - Setting next_dagrun for example_nested_branch_dag to 2024-05-08 00:00:00+00:00, run_after=2024-05-09 00:00:00+00:00
[2024-05-09T08:30:29.520+0200] {processor.py:183} INFO - Processing /home/munya/.local/lib/python3.11/site-packages/airflow/example_dags/example_nested_branch_dag.py took 0.061 seconds
[2024-05-09T08:31:35.374+0200] {processor.py:161} INFO - Started process (PID=45500) to work on /home/munya/.local/lib/python3.11/site-packages/airflow/example_dags/example_nested_branch_dag.py
[2024-05-09T08:31:35.375+0200] {processor.py:830} INFO - Processing file /home/munya/.local/lib/python3.11/site-packages/airflow/example_dags/example_nested_branch_dag.py for tasks to queue
[2024-05-09T08:31:35.376+0200] {logging_mixin.py:188} INFO - [2024-05-09T08:31:35.375+0200] {dagbag.py:540} INFO - Filling up the DagBag from /home/munya/.local/lib/python3.11/site-packages/airflow/example_dags/example_nested_branch_dag.py
[2024-05-09T08:31:35.386+0200] {processor.py:840} INFO - DAG(s) 'example_nested_branch_dag' retrieved from /home/munya/.local/lib/python3.11/site-packages/airflow/example_dags/example_nested_branch_dag.py
[2024-05-09T08:31:35.401+0200] {logging_mixin.py:188} INFO - [2024-05-09T08:31:35.400+0200] {dag.py:3096} INFO - Sync 1 DAGs
[2024-05-09T08:31:35.417+0200] {logging_mixin.py:188} INFO - [2024-05-09T08:31:35.417+0200] {dag.py:3954} INFO - Setting next_dagrun for example_nested_branch_dag to 2024-05-08 00:00:00+00:00, run_after=2024-05-09 00:00:00+00:00
[2024-05-09T08:31:35.436+0200] {processor.py:183} INFO - Processing /home/munya/.local/lib/python3.11/site-packages/airflow/example_dags/example_nested_branch_dag.py took 0.067 seconds
[2024-05-09T08:32:38.035+0200] {processor.py:161} INFO - Started process (PID=46435) to work on /home/munya/.local/lib/python3.11/site-packages/airflow/example_dags/example_nested_branch_dag.py
[2024-05-09T08:32:38.036+0200] {processor.py:830} INFO - Processing file /home/munya/.local/lib/python3.11/site-packages/airflow/example_dags/example_nested_branch_dag.py for tasks to queue
[2024-05-09T08:32:38.036+0200] {logging_mixin.py:188} INFO - [2024-05-09T08:32:38.036+0200] {dagbag.py:540} INFO - Filling up the DagBag from /home/munya/.local/lib/python3.11/site-packages/airflow/example_dags/example_nested_branch_dag.py
[2024-05-09T08:32:38.045+0200] {processor.py:840} INFO - DAG(s) 'example_nested_branch_dag' retrieved from /home/munya/.local/lib/python3.11/site-packages/airflow/example_dags/example_nested_branch_dag.py
[2024-05-09T08:32:38.059+0200] {logging_mixin.py:188} INFO - [2024-05-09T08:32:38.058+0200] {dag.py:3096} INFO - Sync 1 DAGs
[2024-05-09T08:32:38.075+0200] {logging_mixin.py:188} INFO - [2024-05-09T08:32:38.074+0200] {dag.py:3954} INFO - Setting next_dagrun for example_nested_branch_dag to 2024-05-08 00:00:00+00:00, run_after=2024-05-09 00:00:00+00:00
[2024-05-09T08:32:38.090+0200] {processor.py:183} INFO - Processing /home/munya/.local/lib/python3.11/site-packages/airflow/example_dags/example_nested_branch_dag.py took 0.060 seconds
[2024-05-09T08:33:34.425+0200] {processor.py:161} INFO - Started process (PID=47189) to work on /home/munya/.local/lib/python3.11/site-packages/airflow/example_dags/example_nested_branch_dag.py
[2024-05-09T08:33:34.428+0200] {processor.py:830} INFO - Processing file /home/munya/.local/lib/python3.11/site-packages/airflow/example_dags/example_nested_branch_dag.py for tasks to queue
[2024-05-09T08:33:34.432+0200] {logging_mixin.py:188} INFO - [2024-05-09T08:33:34.430+0200] {dagbag.py:540} INFO - Filling up the DagBag from /home/munya/.local/lib/python3.11/site-packages/airflow/example_dags/example_nested_branch_dag.py
[2024-05-09T08:33:34.501+0200] {processor.py:840} INFO - DAG(s) 'example_nested_branch_dag' retrieved from /home/munya/.local/lib/python3.11/site-packages/airflow/example_dags/example_nested_branch_dag.py
[2024-05-09T08:33:34.584+0200] {logging_mixin.py:188} INFO - [2024-05-09T08:33:34.583+0200] {dag.py:3096} INFO - Sync 1 DAGs
[2024-05-09T08:33:34.688+0200] {logging_mixin.py:188} INFO - [2024-05-09T08:33:34.687+0200] {dag.py:3954} INFO - Setting next_dagrun for example_nested_branch_dag to 2024-05-08 00:00:00+00:00, run_after=2024-05-09 00:00:00+00:00
[2024-05-09T08:33:34.760+0200] {processor.py:183} INFO - Processing /home/munya/.local/lib/python3.11/site-packages/airflow/example_dags/example_nested_branch_dag.py took 0.364 seconds
[2024-05-09T08:34:33.125+0200] {processor.py:161} INFO - Started process (PID=48111) to work on /home/munya/.local/lib/python3.11/site-packages/airflow/example_dags/example_nested_branch_dag.py
[2024-05-09T08:34:33.126+0200] {processor.py:830} INFO - Processing file /home/munya/.local/lib/python3.11/site-packages/airflow/example_dags/example_nested_branch_dag.py for tasks to queue
[2024-05-09T08:34:33.127+0200] {logging_mixin.py:188} INFO - [2024-05-09T08:34:33.127+0200] {dagbag.py:540} INFO - Filling up the DagBag from /home/munya/.local/lib/python3.11/site-packages/airflow/example_dags/example_nested_branch_dag.py
[2024-05-09T08:34:33.143+0200] {processor.py:840} INFO - DAG(s) 'example_nested_branch_dag' retrieved from /home/munya/.local/lib/python3.11/site-packages/airflow/example_dags/example_nested_branch_dag.py
[2024-05-09T08:34:33.171+0200] {logging_mixin.py:188} INFO - [2024-05-09T08:34:33.170+0200] {dag.py:3096} INFO - Sync 1 DAGs
[2024-05-09T08:34:33.204+0200] {logging_mixin.py:188} INFO - [2024-05-09T08:34:33.204+0200] {dag.py:3954} INFO - Setting next_dagrun for example_nested_branch_dag to 2024-05-08 00:00:00+00:00, run_after=2024-05-09 00:00:00+00:00
[2024-05-09T08:34:33.247+0200] {processor.py:183} INFO - Processing /home/munya/.local/lib/python3.11/site-packages/airflow/example_dags/example_nested_branch_dag.py took 0.131 seconds
[2024-05-09T08:35:37.273+0200] {processor.py:161} INFO - Started process (PID=49030) to work on /home/munya/.local/lib/python3.11/site-packages/airflow/example_dags/example_nested_branch_dag.py
[2024-05-09T08:35:37.274+0200] {processor.py:830} INFO - Processing file /home/munya/.local/lib/python3.11/site-packages/airflow/example_dags/example_nested_branch_dag.py for tasks to queue
[2024-05-09T08:35:37.274+0200] {logging_mixin.py:188} INFO - [2024-05-09T08:35:37.274+0200] {dagbag.py:540} INFO - Filling up the DagBag from /home/munya/.local/lib/python3.11/site-packages/airflow/example_dags/example_nested_branch_dag.py
[2024-05-09T08:35:37.284+0200] {processor.py:840} INFO - DAG(s) 'example_nested_branch_dag' retrieved from /home/munya/.local/lib/python3.11/site-packages/airflow/example_dags/example_nested_branch_dag.py
[2024-05-09T08:35:37.301+0200] {logging_mixin.py:188} INFO - [2024-05-09T08:35:37.301+0200] {dag.py:3096} INFO - Sync 1 DAGs
[2024-05-09T08:35:37.321+0200] {logging_mixin.py:188} INFO - [2024-05-09T08:35:37.321+0200] {dag.py:3954} INFO - Setting next_dagrun for example_nested_branch_dag to 2024-05-08 00:00:00+00:00, run_after=2024-05-09 00:00:00+00:00
[2024-05-09T08:35:37.341+0200] {processor.py:183} INFO - Processing /home/munya/.local/lib/python3.11/site-packages/airflow/example_dags/example_nested_branch_dag.py took 0.074 seconds
[2024-05-09T08:36:37.764+0200] {processor.py:161} INFO - Started process (PID=49864) to work on /home/munya/.local/lib/python3.11/site-packages/airflow/example_dags/example_nested_branch_dag.py
[2024-05-09T08:36:37.765+0200] {processor.py:830} INFO - Processing file /home/munya/.local/lib/python3.11/site-packages/airflow/example_dags/example_nested_branch_dag.py for tasks to queue
[2024-05-09T08:36:37.767+0200] {logging_mixin.py:188} INFO - [2024-05-09T08:36:37.766+0200] {dagbag.py:540} INFO - Filling up the DagBag from /home/munya/.local/lib/python3.11/site-packages/airflow/example_dags/example_nested_branch_dag.py
[2024-05-09T08:36:37.777+0200] {processor.py:840} INFO - DAG(s) 'example_nested_branch_dag' retrieved from /home/munya/.local/lib/python3.11/site-packages/airflow/example_dags/example_nested_branch_dag.py
[2024-05-09T08:36:37.793+0200] {logging_mixin.py:188} INFO - [2024-05-09T08:36:37.793+0200] {dag.py:3096} INFO - Sync 1 DAGs
[2024-05-09T08:36:37.811+0200] {logging_mixin.py:188} INFO - [2024-05-09T08:36:37.810+0200] {dag.py:3954} INFO - Setting next_dagrun for example_nested_branch_dag to 2024-05-08 00:00:00+00:00, run_after=2024-05-09 00:00:00+00:00
[2024-05-09T08:36:37.828+0200] {processor.py:183} INFO - Processing /home/munya/.local/lib/python3.11/site-packages/airflow/example_dags/example_nested_branch_dag.py took 0.069 seconds
[2024-05-09T08:37:37.520+0200] {processor.py:161} INFO - Started process (PID=50647) to work on /home/munya/.local/lib/python3.11/site-packages/airflow/example_dags/example_nested_branch_dag.py
[2024-05-09T08:37:37.521+0200] {processor.py:830} INFO - Processing file /home/munya/.local/lib/python3.11/site-packages/airflow/example_dags/example_nested_branch_dag.py for tasks to queue
[2024-05-09T08:37:37.522+0200] {logging_mixin.py:188} INFO - [2024-05-09T08:37:37.522+0200] {dagbag.py:540} INFO - Filling up the DagBag from /home/munya/.local/lib/python3.11/site-packages/airflow/example_dags/example_nested_branch_dag.py
[2024-05-09T08:37:37.534+0200] {processor.py:840} INFO - DAG(s) 'example_nested_branch_dag' retrieved from /home/munya/.local/lib/python3.11/site-packages/airflow/example_dags/example_nested_branch_dag.py
[2024-05-09T08:37:37.560+0200] {logging_mixin.py:188} INFO - [2024-05-09T08:37:37.560+0200] {dag.py:3096} INFO - Sync 1 DAGs
[2024-05-09T08:37:37.590+0200] {logging_mixin.py:188} INFO - [2024-05-09T08:37:37.590+0200] {dag.py:3954} INFO - Setting next_dagrun for example_nested_branch_dag to 2024-05-08 00:00:00+00:00, run_after=2024-05-09 00:00:00+00:00
[2024-05-09T08:37:37.638+0200] {processor.py:183} INFO - Processing /home/munya/.local/lib/python3.11/site-packages/airflow/example_dags/example_nested_branch_dag.py took 0.126 seconds
[2024-05-09T08:38:35.292+0200] {processor.py:161} INFO - Started process (PID=51446) to work on /home/munya/.local/lib/python3.11/site-packages/airflow/example_dags/example_nested_branch_dag.py
[2024-05-09T08:38:35.293+0200] {processor.py:830} INFO - Processing file /home/munya/.local/lib/python3.11/site-packages/airflow/example_dags/example_nested_branch_dag.py for tasks to queue
[2024-05-09T08:38:35.294+0200] {logging_mixin.py:188} INFO - [2024-05-09T08:38:35.293+0200] {dagbag.py:540} INFO - Filling up the DagBag from /home/munya/.local/lib/python3.11/site-packages/airflow/example_dags/example_nested_branch_dag.py
[2024-05-09T08:38:35.308+0200] {processor.py:840} INFO - DAG(s) 'example_nested_branch_dag' retrieved from /home/munya/.local/lib/python3.11/site-packages/airflow/example_dags/example_nested_branch_dag.py
[2024-05-09T08:38:35.329+0200] {logging_mixin.py:188} INFO - [2024-05-09T08:38:35.328+0200] {dag.py:3096} INFO - Sync 1 DAGs
[2024-05-09T08:38:35.353+0200] {logging_mixin.py:188} INFO - [2024-05-09T08:38:35.353+0200] {dag.py:3954} INFO - Setting next_dagrun for example_nested_branch_dag to 2024-05-08 00:00:00+00:00, run_after=2024-05-09 00:00:00+00:00
[2024-05-09T08:38:35.374+0200] {processor.py:183} INFO - Processing /home/munya/.local/lib/python3.11/site-packages/airflow/example_dags/example_nested_branch_dag.py took 0.089 seconds
[2024-05-09T08:39:27.659+0200] {processor.py:161} INFO - Started process (PID=52182) to work on /home/munya/.local/lib/python3.11/site-packages/airflow/example_dags/example_nested_branch_dag.py
[2024-05-09T08:39:27.660+0200] {processor.py:830} INFO - Processing file /home/munya/.local/lib/python3.11/site-packages/airflow/example_dags/example_nested_branch_dag.py for tasks to queue
[2024-05-09T08:39:27.661+0200] {logging_mixin.py:188} INFO - [2024-05-09T08:39:27.660+0200] {dagbag.py:540} INFO - Filling up the DagBag from /home/munya/.local/lib/python3.11/site-packages/airflow/example_dags/example_nested_branch_dag.py
[2024-05-09T08:39:27.674+0200] {processor.py:840} INFO - DAG(s) 'example_nested_branch_dag' retrieved from /home/munya/.local/lib/python3.11/site-packages/airflow/example_dags/example_nested_branch_dag.py
[2024-05-09T08:39:27.693+0200] {logging_mixin.py:188} INFO - [2024-05-09T08:39:27.693+0200] {dag.py:3096} INFO - Sync 1 DAGs
[2024-05-09T08:39:27.718+0200] {logging_mixin.py:188} INFO - [2024-05-09T08:39:27.718+0200] {dag.py:3954} INFO - Setting next_dagrun for example_nested_branch_dag to 2024-05-08 00:00:00+00:00, run_after=2024-05-09 00:00:00+00:00
[2024-05-09T08:39:27.736+0200] {processor.py:183} INFO - Processing /home/munya/.local/lib/python3.11/site-packages/airflow/example_dags/example_nested_branch_dag.py took 0.085 seconds
[2024-05-09T08:40:22.216+0200] {processor.py:161} INFO - Started process (PID=52906) to work on /home/munya/.local/lib/python3.11/site-packages/airflow/example_dags/example_nested_branch_dag.py
[2024-05-09T08:40:22.217+0200] {processor.py:830} INFO - Processing file /home/munya/.local/lib/python3.11/site-packages/airflow/example_dags/example_nested_branch_dag.py for tasks to queue
[2024-05-09T08:40:22.218+0200] {logging_mixin.py:188} INFO - [2024-05-09T08:40:22.217+0200] {dagbag.py:540} INFO - Filling up the DagBag from /home/munya/.local/lib/python3.11/site-packages/airflow/example_dags/example_nested_branch_dag.py
[2024-05-09T08:40:22.230+0200] {processor.py:840} INFO - DAG(s) 'example_nested_branch_dag' retrieved from /home/munya/.local/lib/python3.11/site-packages/airflow/example_dags/example_nested_branch_dag.py
[2024-05-09T08:40:22.247+0200] {logging_mixin.py:188} INFO - [2024-05-09T08:40:22.247+0200] {dag.py:3096} INFO - Sync 1 DAGs
[2024-05-09T08:40:22.265+0200] {logging_mixin.py:188} INFO - [2024-05-09T08:40:22.265+0200] {dag.py:3954} INFO - Setting next_dagrun for example_nested_branch_dag to 2024-05-08 00:00:00+00:00, run_after=2024-05-09 00:00:00+00:00
[2024-05-09T08:40:22.284+0200] {processor.py:183} INFO - Processing /home/munya/.local/lib/python3.11/site-packages/airflow/example_dags/example_nested_branch_dag.py took 0.075 seconds
[2024-05-09T08:41:20.346+0200] {processor.py:161} INFO - Started process (PID=53641) to work on /home/munya/.local/lib/python3.11/site-packages/airflow/example_dags/example_nested_branch_dag.py
[2024-05-09T08:41:20.347+0200] {processor.py:830} INFO - Processing file /home/munya/.local/lib/python3.11/site-packages/airflow/example_dags/example_nested_branch_dag.py for tasks to queue
[2024-05-09T08:41:20.347+0200] {logging_mixin.py:188} INFO - [2024-05-09T08:41:20.347+0200] {dagbag.py:540} INFO - Filling up the DagBag from /home/munya/.local/lib/python3.11/site-packages/airflow/example_dags/example_nested_branch_dag.py
[2024-05-09T08:41:20.356+0200] {processor.py:840} INFO - DAG(s) 'example_nested_branch_dag' retrieved from /home/munya/.local/lib/python3.11/site-packages/airflow/example_dags/example_nested_branch_dag.py
[2024-05-09T08:41:20.376+0200] {logging_mixin.py:188} INFO - [2024-05-09T08:41:20.375+0200] {dag.py:3096} INFO - Sync 1 DAGs
[2024-05-09T08:41:20.395+0200] {logging_mixin.py:188} INFO - [2024-05-09T08:41:20.395+0200] {dag.py:3954} INFO - Setting next_dagrun for example_nested_branch_dag to 2024-05-08 00:00:00+00:00, run_after=2024-05-09 00:00:00+00:00
[2024-05-09T08:41:20.410+0200] {processor.py:183} INFO - Processing /home/munya/.local/lib/python3.11/site-packages/airflow/example_dags/example_nested_branch_dag.py took 0.069 seconds
[2024-05-09T08:42:19.922+0200] {processor.py:161} INFO - Started process (PID=54483) to work on /home/munya/.local/lib/python3.11/site-packages/airflow/example_dags/example_nested_branch_dag.py
[2024-05-09T08:42:19.923+0200] {processor.py:830} INFO - Processing file /home/munya/.local/lib/python3.11/site-packages/airflow/example_dags/example_nested_branch_dag.py for tasks to queue
[2024-05-09T08:42:19.923+0200] {logging_mixin.py:188} INFO - [2024-05-09T08:42:19.923+0200] {dagbag.py:540} INFO - Filling up the DagBag from /home/munya/.local/lib/python3.11/site-packages/airflow/example_dags/example_nested_branch_dag.py
[2024-05-09T08:42:19.934+0200] {processor.py:840} INFO - DAG(s) 'example_nested_branch_dag' retrieved from /home/munya/.local/lib/python3.11/site-packages/airflow/example_dags/example_nested_branch_dag.py
[2024-05-09T08:42:19.949+0200] {logging_mixin.py:188} INFO - [2024-05-09T08:42:19.949+0200] {dag.py:3096} INFO - Sync 1 DAGs
[2024-05-09T08:42:19.966+0200] {logging_mixin.py:188} INFO - [2024-05-09T08:42:19.966+0200] {dag.py:3954} INFO - Setting next_dagrun for example_nested_branch_dag to 2024-05-08 00:00:00+00:00, run_after=2024-05-09 00:00:00+00:00
[2024-05-09T08:42:19.982+0200] {processor.py:183} INFO - Processing /home/munya/.local/lib/python3.11/site-packages/airflow/example_dags/example_nested_branch_dag.py took 0.066 seconds
[2024-05-09T08:43:26.796+0200] {processor.py:161} INFO - Started process (PID=55982) to work on /home/munya/.local/lib/python3.11/site-packages/airflow/example_dags/example_nested_branch_dag.py
[2024-05-09T08:43:26.799+0200] {processor.py:830} INFO - Processing file /home/munya/.local/lib/python3.11/site-packages/airflow/example_dags/example_nested_branch_dag.py for tasks to queue
[2024-05-09T08:43:26.802+0200] {logging_mixin.py:188} INFO - [2024-05-09T08:43:26.800+0200] {dagbag.py:540} INFO - Filling up the DagBag from /home/munya/.local/lib/python3.11/site-packages/airflow/example_dags/example_nested_branch_dag.py
[2024-05-09T08:43:26.840+0200] {processor.py:840} INFO - DAG(s) 'example_nested_branch_dag' retrieved from /home/munya/.local/lib/python3.11/site-packages/airflow/example_dags/example_nested_branch_dag.py
[2024-05-09T08:43:26.898+0200] {logging_mixin.py:188} INFO - [2024-05-09T08:43:26.898+0200] {dag.py:3096} INFO - Sync 1 DAGs
[2024-05-09T08:43:26.958+0200] {logging_mixin.py:188} INFO - [2024-05-09T08:43:26.957+0200] {dag.py:3954} INFO - Setting next_dagrun for example_nested_branch_dag to 2024-05-08 00:00:00+00:00, run_after=2024-05-09 00:00:00+00:00
[2024-05-09T08:43:27.015+0200] {processor.py:183} INFO - Processing /home/munya/.local/lib/python3.11/site-packages/airflow/example_dags/example_nested_branch_dag.py took 0.243 seconds
[2024-05-09T08:44:41.120+0200] {processor.py:161} INFO - Started process (PID=56903) to work on /home/munya/.local/lib/python3.11/site-packages/airflow/example_dags/example_nested_branch_dag.py
[2024-05-09T08:44:41.123+0200] {processor.py:830} INFO - Processing file /home/munya/.local/lib/python3.11/site-packages/airflow/example_dags/example_nested_branch_dag.py for tasks to queue
[2024-05-09T08:44:41.126+0200] {logging_mixin.py:188} INFO - [2024-05-09T08:44:41.125+0200] {dagbag.py:540} INFO - Filling up the DagBag from /home/munya/.local/lib/python3.11/site-packages/airflow/example_dags/example_nested_branch_dag.py
[2024-05-09T08:44:41.160+0200] {processor.py:840} INFO - DAG(s) 'example_nested_branch_dag' retrieved from /home/munya/.local/lib/python3.11/site-packages/airflow/example_dags/example_nested_branch_dag.py
[2024-05-09T08:44:41.199+0200] {logging_mixin.py:188} INFO - [2024-05-09T08:44:41.198+0200] {dag.py:3096} INFO - Sync 1 DAGs
[2024-05-09T08:44:41.227+0200] {logging_mixin.py:188} INFO - [2024-05-09T08:44:41.227+0200] {dag.py:3954} INFO - Setting next_dagrun for example_nested_branch_dag to 2024-05-08 00:00:00+00:00, run_after=2024-05-09 00:00:00+00:00
[2024-05-09T08:44:41.254+0200] {processor.py:183} INFO - Processing /home/munya/.local/lib/python3.11/site-packages/airflow/example_dags/example_nested_branch_dag.py took 0.153 seconds
[2024-05-09T08:46:43.831+0200] {processor.py:161} INFO - Started process (PID=58394) to work on /home/munya/.local/lib/python3.11/site-packages/airflow/example_dags/example_nested_branch_dag.py
[2024-05-09T08:46:43.833+0200] {processor.py:830} INFO - Processing file /home/munya/.local/lib/python3.11/site-packages/airflow/example_dags/example_nested_branch_dag.py for tasks to queue
[2024-05-09T08:46:43.835+0200] {logging_mixin.py:188} INFO - [2024-05-09T08:46:43.834+0200] {dagbag.py:540} INFO - Filling up the DagBag from /home/munya/.local/lib/python3.11/site-packages/airflow/example_dags/example_nested_branch_dag.py
[2024-05-09T08:46:43.860+0200] {processor.py:840} INFO - DAG(s) 'example_nested_branch_dag' retrieved from /home/munya/.local/lib/python3.11/site-packages/airflow/example_dags/example_nested_branch_dag.py
[2024-05-09T08:46:43.886+0200] {logging_mixin.py:188} INFO - [2024-05-09T08:46:43.885+0200] {dag.py:3096} INFO - Sync 1 DAGs
[2024-05-09T08:46:43.920+0200] {logging_mixin.py:188} INFO - [2024-05-09T08:46:43.920+0200] {dag.py:3954} INFO - Setting next_dagrun for example_nested_branch_dag to 2024-05-08 00:00:00+00:00, run_after=2024-05-09 00:00:00+00:00
[2024-05-09T08:46:43.949+0200] {processor.py:183} INFO - Processing /home/munya/.local/lib/python3.11/site-packages/airflow/example_dags/example_nested_branch_dag.py took 0.133 seconds
[2024-05-09T08:47:59.426+0200] {processor.py:161} INFO - Started process (PID=59299) to work on /home/munya/.local/lib/python3.11/site-packages/airflow/example_dags/example_nested_branch_dag.py
[2024-05-09T08:47:59.429+0200] {processor.py:830} INFO - Processing file /home/munya/.local/lib/python3.11/site-packages/airflow/example_dags/example_nested_branch_dag.py for tasks to queue
[2024-05-09T08:47:59.431+0200] {logging_mixin.py:188} INFO - [2024-05-09T08:47:59.430+0200] {dagbag.py:540} INFO - Filling up the DagBag from /home/munya/.local/lib/python3.11/site-packages/airflow/example_dags/example_nested_branch_dag.py
[2024-05-09T08:47:59.463+0200] {processor.py:840} INFO - DAG(s) 'example_nested_branch_dag' retrieved from /home/munya/.local/lib/python3.11/site-packages/airflow/example_dags/example_nested_branch_dag.py
[2024-05-09T08:47:59.509+0200] {logging_mixin.py:188} INFO - [2024-05-09T08:47:59.508+0200] {dag.py:3096} INFO - Sync 1 DAGs
[2024-05-09T08:47:59.544+0200] {logging_mixin.py:188} INFO - [2024-05-09T08:47:59.544+0200] {dag.py:3954} INFO - Setting next_dagrun for example_nested_branch_dag to 2024-05-08 00:00:00+00:00, run_after=2024-05-09 00:00:00+00:00
[2024-05-09T08:47:59.568+0200] {processor.py:183} INFO - Processing /home/munya/.local/lib/python3.11/site-packages/airflow/example_dags/example_nested_branch_dag.py took 0.160 seconds
[2024-05-09T08:49:14.160+0200] {processor.py:161} INFO - Started process (PID=60232) to work on /home/munya/.local/lib/python3.11/site-packages/airflow/example_dags/example_nested_branch_dag.py
[2024-05-09T08:49:14.162+0200] {processor.py:830} INFO - Processing file /home/munya/.local/lib/python3.11/site-packages/airflow/example_dags/example_nested_branch_dag.py for tasks to queue
[2024-05-09T08:49:14.165+0200] {logging_mixin.py:188} INFO - [2024-05-09T08:49:14.164+0200] {dagbag.py:540} INFO - Filling up the DagBag from /home/munya/.local/lib/python3.11/site-packages/airflow/example_dags/example_nested_branch_dag.py
[2024-05-09T08:49:14.207+0200] {processor.py:840} INFO - DAG(s) 'example_nested_branch_dag' retrieved from /home/munya/.local/lib/python3.11/site-packages/airflow/example_dags/example_nested_branch_dag.py
[2024-05-09T08:49:14.267+0200] {logging_mixin.py:188} INFO - [2024-05-09T08:49:14.266+0200] {dag.py:3096} INFO - Sync 1 DAGs
[2024-05-09T08:49:14.328+0200] {logging_mixin.py:188} INFO - [2024-05-09T08:49:14.327+0200] {dag.py:3954} INFO - Setting next_dagrun for example_nested_branch_dag to 2024-05-08 00:00:00+00:00, run_after=2024-05-09 00:00:00+00:00
[2024-05-09T08:49:14.391+0200] {processor.py:183} INFO - Processing /home/munya/.local/lib/python3.11/site-packages/airflow/example_dags/example_nested_branch_dag.py took 0.254 seconds
[2024-05-09T08:50:34.714+0200] {processor.py:161} INFO - Started process (PID=61226) to work on /home/munya/.local/lib/python3.11/site-packages/airflow/example_dags/example_nested_branch_dag.py
[2024-05-09T08:50:34.717+0200] {processor.py:830} INFO - Processing file /home/munya/.local/lib/python3.11/site-packages/airflow/example_dags/example_nested_branch_dag.py for tasks to queue
[2024-05-09T08:50:34.719+0200] {logging_mixin.py:188} INFO - [2024-05-09T08:50:34.718+0200] {dagbag.py:540} INFO - Filling up the DagBag from /home/munya/.local/lib/python3.11/site-packages/airflow/example_dags/example_nested_branch_dag.py
[2024-05-09T08:50:34.753+0200] {processor.py:840} INFO - DAG(s) 'example_nested_branch_dag' retrieved from /home/munya/.local/lib/python3.11/site-packages/airflow/example_dags/example_nested_branch_dag.py
[2024-05-09T08:50:34.793+0200] {logging_mixin.py:188} INFO - [2024-05-09T08:50:34.792+0200] {dag.py:3096} INFO - Sync 1 DAGs
[2024-05-09T08:50:34.823+0200] {logging_mixin.py:188} INFO - [2024-05-09T08:50:34.822+0200] {dag.py:3954} INFO - Setting next_dagrun for example_nested_branch_dag to 2024-05-08 00:00:00+00:00, run_after=2024-05-09 00:00:00+00:00
[2024-05-09T08:50:34.850+0200] {processor.py:183} INFO - Processing /home/munya/.local/lib/python3.11/site-packages/airflow/example_dags/example_nested_branch_dag.py took 0.159 seconds
[2024-05-09T08:52:25.961+0200] {processor.py:161} INFO - Started process (PID=62683) to work on /home/munya/.local/lib/python3.11/site-packages/airflow/example_dags/example_nested_branch_dag.py
[2024-05-09T08:52:25.963+0200] {processor.py:830} INFO - Processing file /home/munya/.local/lib/python3.11/site-packages/airflow/example_dags/example_nested_branch_dag.py for tasks to queue
[2024-05-09T08:52:25.965+0200] {logging_mixin.py:188} INFO - [2024-05-09T08:52:25.964+0200] {dagbag.py:540} INFO - Filling up the DagBag from /home/munya/.local/lib/python3.11/site-packages/airflow/example_dags/example_nested_branch_dag.py
[2024-05-09T08:52:25.990+0200] {processor.py:840} INFO - DAG(s) 'example_nested_branch_dag' retrieved from /home/munya/.local/lib/python3.11/site-packages/airflow/example_dags/example_nested_branch_dag.py
[2024-05-09T08:52:26.027+0200] {logging_mixin.py:188} INFO - [2024-05-09T08:52:26.027+0200] {dag.py:3096} INFO - Sync 1 DAGs
[2024-05-09T08:52:26.059+0200] {logging_mixin.py:188} INFO - [2024-05-09T08:52:26.059+0200] {dag.py:3954} INFO - Setting next_dagrun for example_nested_branch_dag to 2024-05-08 00:00:00+00:00, run_after=2024-05-09 00:00:00+00:00
[2024-05-09T08:52:26.089+0200] {processor.py:183} INFO - Processing /home/munya/.local/lib/python3.11/site-packages/airflow/example_dags/example_nested_branch_dag.py took 0.139 seconds
[2024-05-09T08:53:46.266+0200] {processor.py:161} INFO - Started process (PID=63668) to work on /home/munya/.local/lib/python3.11/site-packages/airflow/example_dags/example_nested_branch_dag.py
[2024-05-09T08:53:46.267+0200] {processor.py:830} INFO - Processing file /home/munya/.local/lib/python3.11/site-packages/airflow/example_dags/example_nested_branch_dag.py for tasks to queue
[2024-05-09T08:53:46.269+0200] {logging_mixin.py:188} INFO - [2024-05-09T08:53:46.268+0200] {dagbag.py:540} INFO - Filling up the DagBag from /home/munya/.local/lib/python3.11/site-packages/airflow/example_dags/example_nested_branch_dag.py
[2024-05-09T08:53:46.287+0200] {processor.py:840} INFO - DAG(s) 'example_nested_branch_dag' retrieved from /home/munya/.local/lib/python3.11/site-packages/airflow/example_dags/example_nested_branch_dag.py
[2024-05-09T08:53:46.318+0200] {logging_mixin.py:188} INFO - [2024-05-09T08:53:46.317+0200] {dag.py:3096} INFO - Sync 1 DAGs
[2024-05-09T08:53:46.353+0200] {logging_mixin.py:188} INFO - [2024-05-09T08:53:46.353+0200] {dag.py:3954} INFO - Setting next_dagrun for example_nested_branch_dag to 2024-05-08 00:00:00+00:00, run_after=2024-05-09 00:00:00+00:00
[2024-05-09T08:53:46.387+0200] {processor.py:183} INFO - Processing /home/munya/.local/lib/python3.11/site-packages/airflow/example_dags/example_nested_branch_dag.py took 0.134 seconds
[2024-05-09T08:55:15.676+0200] {processor.py:161} INFO - Started process (PID=64799) to work on /home/munya/.local/lib/python3.11/site-packages/airflow/example_dags/example_nested_branch_dag.py
[2024-05-09T08:55:15.678+0200] {processor.py:830} INFO - Processing file /home/munya/.local/lib/python3.11/site-packages/airflow/example_dags/example_nested_branch_dag.py for tasks to queue
[2024-05-09T08:55:15.680+0200] {logging_mixin.py:188} INFO - [2024-05-09T08:55:15.679+0200] {dagbag.py:540} INFO - Filling up the DagBag from /home/munya/.local/lib/python3.11/site-packages/airflow/example_dags/example_nested_branch_dag.py
[2024-05-09T08:55:15.701+0200] {processor.py:840} INFO - DAG(s) 'example_nested_branch_dag' retrieved from /home/munya/.local/lib/python3.11/site-packages/airflow/example_dags/example_nested_branch_dag.py
[2024-05-09T08:55:15.733+0200] {logging_mixin.py:188} INFO - [2024-05-09T08:55:15.733+0200] {dag.py:3096} INFO - Sync 1 DAGs
[2024-05-09T08:55:15.769+0200] {logging_mixin.py:188} INFO - [2024-05-09T08:55:15.769+0200] {dag.py:3954} INFO - Setting next_dagrun for example_nested_branch_dag to 2024-05-08 00:00:00+00:00, run_after=2024-05-09 00:00:00+00:00
[2024-05-09T08:55:15.801+0200] {processor.py:183} INFO - Processing /home/munya/.local/lib/python3.11/site-packages/airflow/example_dags/example_nested_branch_dag.py took 0.137 seconds
[2024-05-09T08:56:39.276+0200] {processor.py:161} INFO - Started process (PID=65836) to work on /home/munya/.local/lib/python3.11/site-packages/airflow/example_dags/example_nested_branch_dag.py
[2024-05-09T08:56:39.279+0200] {processor.py:830} INFO - Processing file /home/munya/.local/lib/python3.11/site-packages/airflow/example_dags/example_nested_branch_dag.py for tasks to queue
[2024-05-09T08:56:39.282+0200] {logging_mixin.py:188} INFO - [2024-05-09T08:56:39.281+0200] {dagbag.py:540} INFO - Filling up the DagBag from /home/munya/.local/lib/python3.11/site-packages/airflow/example_dags/example_nested_branch_dag.py
[2024-05-09T08:56:39.334+0200] {processor.py:840} INFO - DAG(s) 'example_nested_branch_dag' retrieved from /home/munya/.local/lib/python3.11/site-packages/airflow/example_dags/example_nested_branch_dag.py
[2024-05-09T08:56:39.405+0200] {logging_mixin.py:188} INFO - [2024-05-09T08:56:39.405+0200] {dag.py:3096} INFO - Sync 1 DAGs
[2024-05-09T08:56:39.444+0200] {logging_mixin.py:188} INFO - [2024-05-09T08:56:39.444+0200] {dag.py:3954} INFO - Setting next_dagrun for example_nested_branch_dag to 2024-05-08 00:00:00+00:00, run_after=2024-05-09 00:00:00+00:00
[2024-05-09T08:56:39.474+0200] {processor.py:183} INFO - Processing /home/munya/.local/lib/python3.11/site-packages/airflow/example_dags/example_nested_branch_dag.py took 0.224 seconds
[2024-05-09T09:06:18.137+0200] {processor.py:161} INFO - Started process (PID=73777) to work on /home/munya/.local/lib/python3.11/site-packages/airflow/example_dags/example_nested_branch_dag.py
[2024-05-09T09:06:18.138+0200] {processor.py:830} INFO - Processing file /home/munya/.local/lib/python3.11/site-packages/airflow/example_dags/example_nested_branch_dag.py for tasks to queue
[2024-05-09T09:06:18.139+0200] {logging_mixin.py:188} INFO - [2024-05-09T09:06:18.139+0200] {dagbag.py:540} INFO - Filling up the DagBag from /home/munya/.local/lib/python3.11/site-packages/airflow/example_dags/example_nested_branch_dag.py
[2024-05-09T09:06:18.147+0200] {processor.py:840} INFO - DAG(s) 'example_nested_branch_dag' retrieved from /home/munya/.local/lib/python3.11/site-packages/airflow/example_dags/example_nested_branch_dag.py
[2024-05-09T09:06:18.165+0200] {logging_mixin.py:188} INFO - [2024-05-09T09:06:18.165+0200] {dag.py:3096} INFO - Sync 1 DAGs
[2024-05-09T09:06:18.182+0200] {logging_mixin.py:188} INFO - [2024-05-09T09:06:18.182+0200] {dag.py:3954} INFO - Setting next_dagrun for example_nested_branch_dag to 2024-05-08 00:00:00+00:00, run_after=2024-05-09 00:00:00+00:00
[2024-05-09T09:06:18.202+0200] {processor.py:183} INFO - Processing /home/munya/.local/lib/python3.11/site-packages/airflow/example_dags/example_nested_branch_dag.py took 0.071 seconds
[2024-05-09T09:07:13.814+0200] {processor.py:161} INFO - Started process (PID=74735) to work on /home/munya/.local/lib/python3.11/site-packages/airflow/example_dags/example_nested_branch_dag.py
[2024-05-09T09:07:13.820+0200] {processor.py:830} INFO - Processing file /home/munya/.local/lib/python3.11/site-packages/airflow/example_dags/example_nested_branch_dag.py for tasks to queue
[2024-05-09T09:07:13.821+0200] {logging_mixin.py:188} INFO - [2024-05-09T09:07:13.821+0200] {dagbag.py:540} INFO - Filling up the DagBag from /home/munya/.local/lib/python3.11/site-packages/airflow/example_dags/example_nested_branch_dag.py
[2024-05-09T09:07:13.899+0200] {processor.py:840} INFO - DAG(s) 'example_nested_branch_dag' retrieved from /home/munya/.local/lib/python3.11/site-packages/airflow/example_dags/example_nested_branch_dag.py
[2024-05-09T09:07:14.006+0200] {logging_mixin.py:188} INFO - [2024-05-09T09:07:14.005+0200] {dag.py:3096} INFO - Sync 1 DAGs
[2024-05-09T09:07:14.100+0200] {logging_mixin.py:188} INFO - [2024-05-09T09:07:14.099+0200] {dag.py:3954} INFO - Setting next_dagrun for example_nested_branch_dag to 2024-05-08 00:00:00+00:00, run_after=2024-05-09 00:00:00+00:00
[2024-05-09T09:07:14.168+0200] {processor.py:183} INFO - Processing /home/munya/.local/lib/python3.11/site-packages/airflow/example_dags/example_nested_branch_dag.py took 0.377 seconds
[2024-05-09T09:08:11.570+0200] {processor.py:161} INFO - Started process (PID=75751) to work on /home/munya/.local/lib/python3.11/site-packages/airflow/example_dags/example_nested_branch_dag.py
[2024-05-09T09:08:11.571+0200] {processor.py:830} INFO - Processing file /home/munya/.local/lib/python3.11/site-packages/airflow/example_dags/example_nested_branch_dag.py for tasks to queue
[2024-05-09T09:08:11.572+0200] {logging_mixin.py:188} INFO - [2024-05-09T09:08:11.571+0200] {dagbag.py:540} INFO - Filling up the DagBag from /home/munya/.local/lib/python3.11/site-packages/airflow/example_dags/example_nested_branch_dag.py
[2024-05-09T09:08:11.580+0200] {processor.py:840} INFO - DAG(s) 'example_nested_branch_dag' retrieved from /home/munya/.local/lib/python3.11/site-packages/airflow/example_dags/example_nested_branch_dag.py
[2024-05-09T09:08:11.597+0200] {logging_mixin.py:188} INFO - [2024-05-09T09:08:11.596+0200] {dag.py:3096} INFO - Sync 1 DAGs
[2024-05-09T09:08:11.616+0200] {logging_mixin.py:188} INFO - [2024-05-09T09:08:11.615+0200] {dag.py:3954} INFO - Setting next_dagrun for example_nested_branch_dag to 2024-05-08 00:00:00+00:00, run_after=2024-05-09 00:00:00+00:00
[2024-05-09T09:08:11.638+0200] {processor.py:183} INFO - Processing /home/munya/.local/lib/python3.11/site-packages/airflow/example_dags/example_nested_branch_dag.py took 0.074 seconds
[2024-05-09T09:09:11.526+0200] {processor.py:161} INFO - Started process (PID=76689) to work on /home/munya/.local/lib/python3.11/site-packages/airflow/example_dags/example_nested_branch_dag.py
[2024-05-09T09:09:11.527+0200] {processor.py:830} INFO - Processing file /home/munya/.local/lib/python3.11/site-packages/airflow/example_dags/example_nested_branch_dag.py for tasks to queue
[2024-05-09T09:09:11.528+0200] {logging_mixin.py:188} INFO - [2024-05-09T09:09:11.528+0200] {dagbag.py:540} INFO - Filling up the DagBag from /home/munya/.local/lib/python3.11/site-packages/airflow/example_dags/example_nested_branch_dag.py
[2024-05-09T09:09:11.540+0200] {processor.py:840} INFO - DAG(s) 'example_nested_branch_dag' retrieved from /home/munya/.local/lib/python3.11/site-packages/airflow/example_dags/example_nested_branch_dag.py
[2024-05-09T09:09:11.561+0200] {logging_mixin.py:188} INFO - [2024-05-09T09:09:11.561+0200] {dag.py:3096} INFO - Sync 1 DAGs
[2024-05-09T09:09:11.582+0200] {logging_mixin.py:188} INFO - [2024-05-09T09:09:11.582+0200] {dag.py:3954} INFO - Setting next_dagrun for example_nested_branch_dag to 2024-05-08 00:00:00+00:00, run_after=2024-05-09 00:00:00+00:00
[2024-05-09T09:09:11.601+0200] {processor.py:183} INFO - Processing /home/munya/.local/lib/python3.11/site-packages/airflow/example_dags/example_nested_branch_dag.py took 0.081 seconds
[2024-05-09T09:10:15.517+0200] {processor.py:161} INFO - Started process (PID=77638) to work on /home/munya/.local/lib/python3.11/site-packages/airflow/example_dags/example_nested_branch_dag.py
[2024-05-09T09:10:15.518+0200] {processor.py:830} INFO - Processing file /home/munya/.local/lib/python3.11/site-packages/airflow/example_dags/example_nested_branch_dag.py for tasks to queue
[2024-05-09T09:10:15.519+0200] {logging_mixin.py:188} INFO - [2024-05-09T09:10:15.518+0200] {dagbag.py:540} INFO - Filling up the DagBag from /home/munya/.local/lib/python3.11/site-packages/airflow/example_dags/example_nested_branch_dag.py
[2024-05-09T09:10:15.526+0200] {processor.py:840} INFO - DAG(s) 'example_nested_branch_dag' retrieved from /home/munya/.local/lib/python3.11/site-packages/airflow/example_dags/example_nested_branch_dag.py
[2024-05-09T09:10:15.540+0200] {logging_mixin.py:188} INFO - [2024-05-09T09:10:15.540+0200] {dag.py:3096} INFO - Sync 1 DAGs
[2024-05-09T09:10:15.555+0200] {logging_mixin.py:188} INFO - [2024-05-09T09:10:15.555+0200] {dag.py:3954} INFO - Setting next_dagrun for example_nested_branch_dag to 2024-05-08 00:00:00+00:00, run_after=2024-05-09 00:00:00+00:00
[2024-05-09T09:10:15.571+0200] {processor.py:183} INFO - Processing /home/munya/.local/lib/python3.11/site-packages/airflow/example_dags/example_nested_branch_dag.py took 0.059 seconds
[2024-05-09T09:11:11.269+0200] {processor.py:161} INFO - Started process (PID=78387) to work on /home/munya/.local/lib/python3.11/site-packages/airflow/example_dags/example_nested_branch_dag.py
[2024-05-09T09:11:11.270+0200] {processor.py:830} INFO - Processing file /home/munya/.local/lib/python3.11/site-packages/airflow/example_dags/example_nested_branch_dag.py for tasks to queue
[2024-05-09T09:11:11.271+0200] {logging_mixin.py:188} INFO - [2024-05-09T09:11:11.271+0200] {dagbag.py:540} INFO - Filling up the DagBag from /home/munya/.local/lib/python3.11/site-packages/airflow/example_dags/example_nested_branch_dag.py
[2024-05-09T09:11:11.278+0200] {processor.py:840} INFO - DAG(s) 'example_nested_branch_dag' retrieved from /home/munya/.local/lib/python3.11/site-packages/airflow/example_dags/example_nested_branch_dag.py
[2024-05-09T09:11:11.291+0200] {logging_mixin.py:188} INFO - [2024-05-09T09:11:11.291+0200] {dag.py:3096} INFO - Sync 1 DAGs
[2024-05-09T09:11:11.304+0200] {logging_mixin.py:188} INFO - [2024-05-09T09:11:11.304+0200] {dag.py:3954} INFO - Setting next_dagrun for example_nested_branch_dag to 2024-05-08 00:00:00+00:00, run_after=2024-05-09 00:00:00+00:00
[2024-05-09T09:11:11.319+0200] {processor.py:183} INFO - Processing /home/munya/.local/lib/python3.11/site-packages/airflow/example_dags/example_nested_branch_dag.py took 0.054 seconds
[2024-05-09T09:12:11.763+0200] {processor.py:161} INFO - Started process (PID=79165) to work on /home/munya/.local/lib/python3.11/site-packages/airflow/example_dags/example_nested_branch_dag.py
[2024-05-09T09:12:11.764+0200] {processor.py:830} INFO - Processing file /home/munya/.local/lib/python3.11/site-packages/airflow/example_dags/example_nested_branch_dag.py for tasks to queue
[2024-05-09T09:12:11.764+0200] {logging_mixin.py:188} INFO - [2024-05-09T09:12:11.764+0200] {dagbag.py:540} INFO - Filling up the DagBag from /home/munya/.local/lib/python3.11/site-packages/airflow/example_dags/example_nested_branch_dag.py
[2024-05-09T09:12:11.772+0200] {processor.py:840} INFO - DAG(s) 'example_nested_branch_dag' retrieved from /home/munya/.local/lib/python3.11/site-packages/airflow/example_dags/example_nested_branch_dag.py
[2024-05-09T09:12:11.785+0200] {logging_mixin.py:188} INFO - [2024-05-09T09:12:11.785+0200] {dag.py:3096} INFO - Sync 1 DAGs
[2024-05-09T09:12:11.798+0200] {logging_mixin.py:188} INFO - [2024-05-09T09:12:11.798+0200] {dag.py:3954} INFO - Setting next_dagrun for example_nested_branch_dag to 2024-05-08 00:00:00+00:00, run_after=2024-05-09 00:00:00+00:00
[2024-05-09T09:12:11.814+0200] {processor.py:183} INFO - Processing /home/munya/.local/lib/python3.11/site-packages/airflow/example_dags/example_nested_branch_dag.py took 0.056 seconds
[2024-05-09T09:13:16.543+0200] {processor.py:161} INFO - Started process (PID=80217) to work on /home/munya/.local/lib/python3.11/site-packages/airflow/example_dags/example_nested_branch_dag.py
[2024-05-09T09:13:16.544+0200] {processor.py:830} INFO - Processing file /home/munya/.local/lib/python3.11/site-packages/airflow/example_dags/example_nested_branch_dag.py for tasks to queue
[2024-05-09T09:13:16.544+0200] {logging_mixin.py:188} INFO - [2024-05-09T09:13:16.544+0200] {dagbag.py:540} INFO - Filling up the DagBag from /home/munya/.local/lib/python3.11/site-packages/airflow/example_dags/example_nested_branch_dag.py
[2024-05-09T09:13:16.552+0200] {processor.py:840} INFO - DAG(s) 'example_nested_branch_dag' retrieved from /home/munya/.local/lib/python3.11/site-packages/airflow/example_dags/example_nested_branch_dag.py
[2024-05-09T09:13:16.565+0200] {logging_mixin.py:188} INFO - [2024-05-09T09:13:16.565+0200] {dag.py:3096} INFO - Sync 1 DAGs
[2024-05-09T09:13:16.580+0200] {logging_mixin.py:188} INFO - [2024-05-09T09:13:16.580+0200] {dag.py:3954} INFO - Setting next_dagrun for example_nested_branch_dag to 2024-05-08 00:00:00+00:00, run_after=2024-05-09 00:00:00+00:00
[2024-05-09T09:13:16.596+0200] {processor.py:183} INFO - Processing /home/munya/.local/lib/python3.11/site-packages/airflow/example_dags/example_nested_branch_dag.py took 0.058 seconds
[2024-05-09T09:14:20.751+0200] {processor.py:161} INFO - Started process (PID=81055) to work on /home/munya/.local/lib/python3.11/site-packages/airflow/example_dags/example_nested_branch_dag.py
[2024-05-09T09:14:20.752+0200] {processor.py:830} INFO - Processing file /home/munya/.local/lib/python3.11/site-packages/airflow/example_dags/example_nested_branch_dag.py for tasks to queue
[2024-05-09T09:14:20.753+0200] {logging_mixin.py:188} INFO - [2024-05-09T09:14:20.752+0200] {dagbag.py:540} INFO - Filling up the DagBag from /home/munya/.local/lib/python3.11/site-packages/airflow/example_dags/example_nested_branch_dag.py
[2024-05-09T09:14:20.761+0200] {processor.py:840} INFO - DAG(s) 'example_nested_branch_dag' retrieved from /home/munya/.local/lib/python3.11/site-packages/airflow/example_dags/example_nested_branch_dag.py
[2024-05-09T09:14:20.776+0200] {logging_mixin.py:188} INFO - [2024-05-09T09:14:20.775+0200] {dag.py:3096} INFO - Sync 1 DAGs
[2024-05-09T09:14:20.789+0200] {logging_mixin.py:188} INFO - [2024-05-09T09:14:20.789+0200] {dag.py:3954} INFO - Setting next_dagrun for example_nested_branch_dag to 2024-05-08 00:00:00+00:00, run_after=2024-05-09 00:00:00+00:00
[2024-05-09T09:14:20.805+0200] {processor.py:183} INFO - Processing /home/munya/.local/lib/python3.11/site-packages/airflow/example_dags/example_nested_branch_dag.py took 0.058 seconds
[2024-05-09T09:15:27.314+0200] {processor.py:161} INFO - Started process (PID=82026) to work on /home/munya/.local/lib/python3.11/site-packages/airflow/example_dags/example_nested_branch_dag.py
[2024-05-09T09:15:27.315+0200] {processor.py:830} INFO - Processing file /home/munya/.local/lib/python3.11/site-packages/airflow/example_dags/example_nested_branch_dag.py for tasks to queue
[2024-05-09T09:15:27.316+0200] {logging_mixin.py:188} INFO - [2024-05-09T09:15:27.316+0200] {dagbag.py:540} INFO - Filling up the DagBag from /home/munya/.local/lib/python3.11/site-packages/airflow/example_dags/example_nested_branch_dag.py
[2024-05-09T09:15:27.327+0200] {processor.py:840} INFO - DAG(s) 'example_nested_branch_dag' retrieved from /home/munya/.local/lib/python3.11/site-packages/airflow/example_dags/example_nested_branch_dag.py
[2024-05-09T09:15:27.349+0200] {logging_mixin.py:188} INFO - [2024-05-09T09:15:27.348+0200] {dag.py:3096} INFO - Sync 1 DAGs
[2024-05-09T09:15:27.371+0200] {logging_mixin.py:188} INFO - [2024-05-09T09:15:27.371+0200] {dag.py:3954} INFO - Setting next_dagrun for example_nested_branch_dag to 2024-05-08 00:00:00+00:00, run_after=2024-05-09 00:00:00+00:00
[2024-05-09T09:15:27.402+0200] {processor.py:183} INFO - Processing /home/munya/.local/lib/python3.11/site-packages/airflow/example_dags/example_nested_branch_dag.py took 0.096 seconds
[2024-05-09T09:16:29.252+0200] {processor.py:161} INFO - Started process (PID=82863) to work on /home/munya/.local/lib/python3.11/site-packages/airflow/example_dags/example_nested_branch_dag.py
[2024-05-09T09:16:29.253+0200] {processor.py:830} INFO - Processing file /home/munya/.local/lib/python3.11/site-packages/airflow/example_dags/example_nested_branch_dag.py for tasks to queue
[2024-05-09T09:16:29.254+0200] {logging_mixin.py:188} INFO - [2024-05-09T09:16:29.253+0200] {dagbag.py:540} INFO - Filling up the DagBag from /home/munya/.local/lib/python3.11/site-packages/airflow/example_dags/example_nested_branch_dag.py
[2024-05-09T09:16:29.262+0200] {processor.py:840} INFO - DAG(s) 'example_nested_branch_dag' retrieved from /home/munya/.local/lib/python3.11/site-packages/airflow/example_dags/example_nested_branch_dag.py
[2024-05-09T09:16:29.277+0200] {logging_mixin.py:188} INFO - [2024-05-09T09:16:29.277+0200] {dag.py:3096} INFO - Sync 1 DAGs
[2024-05-09T09:16:29.291+0200] {logging_mixin.py:188} INFO - [2024-05-09T09:16:29.291+0200] {dag.py:3954} INFO - Setting next_dagrun for example_nested_branch_dag to 2024-05-08 00:00:00+00:00, run_after=2024-05-09 00:00:00+00:00
[2024-05-09T09:16:29.309+0200] {processor.py:183} INFO - Processing /home/munya/.local/lib/python3.11/site-packages/airflow/example_dags/example_nested_branch_dag.py took 0.062 seconds
[2024-05-09T09:17:40.935+0200] {processor.py:161} INFO - Started process (PID=83984) to work on /home/munya/.local/lib/python3.11/site-packages/airflow/example_dags/example_nested_branch_dag.py
[2024-05-09T09:17:40.936+0200] {processor.py:830} INFO - Processing file /home/munya/.local/lib/python3.11/site-packages/airflow/example_dags/example_nested_branch_dag.py for tasks to queue
[2024-05-09T09:17:40.937+0200] {logging_mixin.py:188} INFO - [2024-05-09T09:17:40.936+0200] {dagbag.py:540} INFO - Filling up the DagBag from /home/munya/.local/lib/python3.11/site-packages/airflow/example_dags/example_nested_branch_dag.py
[2024-05-09T09:17:40.948+0200] {processor.py:840} INFO - DAG(s) 'example_nested_branch_dag' retrieved from /home/munya/.local/lib/python3.11/site-packages/airflow/example_dags/example_nested_branch_dag.py
[2024-05-09T09:17:40.966+0200] {logging_mixin.py:188} INFO - [2024-05-09T09:17:40.966+0200] {dag.py:3096} INFO - Sync 1 DAGs
[2024-05-09T09:17:40.982+0200] {logging_mixin.py:188} INFO - [2024-05-09T09:17:40.981+0200] {dag.py:3954} INFO - Setting next_dagrun for example_nested_branch_dag to 2024-05-08 00:00:00+00:00, run_after=2024-05-09 00:00:00+00:00
[2024-05-09T09:17:40.998+0200] {processor.py:183} INFO - Processing /home/munya/.local/lib/python3.11/site-packages/airflow/example_dags/example_nested_branch_dag.py took 0.069 seconds
[2024-05-09T09:18:44.010+0200] {processor.py:161} INFO - Started process (PID=84952) to work on /home/munya/.local/lib/python3.11/site-packages/airflow/example_dags/example_nested_branch_dag.py
[2024-05-09T09:18:44.011+0200] {processor.py:830} INFO - Processing file /home/munya/.local/lib/python3.11/site-packages/airflow/example_dags/example_nested_branch_dag.py for tasks to queue
[2024-05-09T09:18:44.012+0200] {logging_mixin.py:188} INFO - [2024-05-09T09:18:44.011+0200] {dagbag.py:540} INFO - Filling up the DagBag from /home/munya/.local/lib/python3.11/site-packages/airflow/example_dags/example_nested_branch_dag.py
[2024-05-09T09:18:44.020+0200] {processor.py:840} INFO - DAG(s) 'example_nested_branch_dag' retrieved from /home/munya/.local/lib/python3.11/site-packages/airflow/example_dags/example_nested_branch_dag.py
[2024-05-09T09:18:44.035+0200] {logging_mixin.py:188} INFO - [2024-05-09T09:18:44.035+0200] {dag.py:3096} INFO - Sync 1 DAGs
[2024-05-09T09:18:44.051+0200] {logging_mixin.py:188} INFO - [2024-05-09T09:18:44.051+0200] {dag.py:3954} INFO - Setting next_dagrun for example_nested_branch_dag to 2024-05-08 00:00:00+00:00, run_after=2024-05-09 00:00:00+00:00
[2024-05-09T09:18:44.074+0200] {processor.py:183} INFO - Processing /home/munya/.local/lib/python3.11/site-packages/airflow/example_dags/example_nested_branch_dag.py took 0.070 seconds
[2024-05-09T09:19:41.119+0200] {processor.py:161} INFO - Started process (PID=86053) to work on /home/munya/.local/lib/python3.11/site-packages/airflow/example_dags/example_nested_branch_dag.py
[2024-05-09T09:19:41.120+0200] {processor.py:830} INFO - Processing file /home/munya/.local/lib/python3.11/site-packages/airflow/example_dags/example_nested_branch_dag.py for tasks to queue
[2024-05-09T09:19:41.121+0200] {logging_mixin.py:188} INFO - [2024-05-09T09:19:41.121+0200] {dagbag.py:540} INFO - Filling up the DagBag from /home/munya/.local/lib/python3.11/site-packages/airflow/example_dags/example_nested_branch_dag.py
[2024-05-09T09:19:41.128+0200] {processor.py:840} INFO - DAG(s) 'example_nested_branch_dag' retrieved from /home/munya/.local/lib/python3.11/site-packages/airflow/example_dags/example_nested_branch_dag.py
[2024-05-09T09:19:41.142+0200] {logging_mixin.py:188} INFO - [2024-05-09T09:19:41.141+0200] {dag.py:3096} INFO - Sync 1 DAGs
[2024-05-09T09:19:41.156+0200] {logging_mixin.py:188} INFO - [2024-05-09T09:19:41.156+0200] {dag.py:3954} INFO - Setting next_dagrun for example_nested_branch_dag to 2024-05-08 00:00:00+00:00, run_after=2024-05-09 00:00:00+00:00
[2024-05-09T09:19:41.175+0200] {processor.py:183} INFO - Processing /home/munya/.local/lib/python3.11/site-packages/airflow/example_dags/example_nested_branch_dag.py took 0.061 seconds
[2024-05-09T09:20:36.496+0200] {processor.py:161} INFO - Started process (PID=87072) to work on /home/munya/.local/lib/python3.11/site-packages/airflow/example_dags/example_nested_branch_dag.py
[2024-05-09T09:20:36.499+0200] {processor.py:830} INFO - Processing file /home/munya/.local/lib/python3.11/site-packages/airflow/example_dags/example_nested_branch_dag.py for tasks to queue
[2024-05-09T09:20:36.501+0200] {logging_mixin.py:188} INFO - [2024-05-09T09:20:36.500+0200] {dagbag.py:540} INFO - Filling up the DagBag from /home/munya/.local/lib/python3.11/site-packages/airflow/example_dags/example_nested_branch_dag.py
[2024-05-09T09:20:36.530+0200] {processor.py:840} INFO - DAG(s) 'example_nested_branch_dag' retrieved from /home/munya/.local/lib/python3.11/site-packages/airflow/example_dags/example_nested_branch_dag.py
[2024-05-09T09:20:36.581+0200] {logging_mixin.py:188} INFO - [2024-05-09T09:20:36.581+0200] {dag.py:3096} INFO - Sync 1 DAGs
[2024-05-09T09:20:36.631+0200] {logging_mixin.py:188} INFO - [2024-05-09T09:20:36.631+0200] {dag.py:3954} INFO - Setting next_dagrun for example_nested_branch_dag to 2024-05-08 00:00:00+00:00, run_after=2024-05-09 00:00:00+00:00
[2024-05-09T09:20:36.685+0200] {processor.py:183} INFO - Processing /home/munya/.local/lib/python3.11/site-packages/airflow/example_dags/example_nested_branch_dag.py took 0.209 seconds
[2024-05-09T09:21:34.043+0200] {processor.py:161} INFO - Started process (PID=87976) to work on /home/munya/.local/lib/python3.11/site-packages/airflow/example_dags/example_nested_branch_dag.py
[2024-05-09T09:21:34.046+0200] {processor.py:830} INFO - Processing file /home/munya/.local/lib/python3.11/site-packages/airflow/example_dags/example_nested_branch_dag.py for tasks to queue
[2024-05-09T09:21:34.049+0200] {logging_mixin.py:188} INFO - [2024-05-09T09:21:34.048+0200] {dagbag.py:540} INFO - Filling up the DagBag from /home/munya/.local/lib/python3.11/site-packages/airflow/example_dags/example_nested_branch_dag.py
[2024-05-09T09:21:34.077+0200] {processor.py:840} INFO - DAG(s) 'example_nested_branch_dag' retrieved from /home/munya/.local/lib/python3.11/site-packages/airflow/example_dags/example_nested_branch_dag.py
[2024-05-09T09:21:34.129+0200] {logging_mixin.py:188} INFO - [2024-05-09T09:21:34.129+0200] {dag.py:3096} INFO - Sync 1 DAGs
[2024-05-09T09:21:34.183+0200] {logging_mixin.py:188} INFO - [2024-05-09T09:21:34.182+0200] {dag.py:3954} INFO - Setting next_dagrun for example_nested_branch_dag to 2024-05-08 00:00:00+00:00, run_after=2024-05-09 00:00:00+00:00
[2024-05-09T09:21:34.237+0200] {processor.py:183} INFO - Processing /home/munya/.local/lib/python3.11/site-packages/airflow/example_dags/example_nested_branch_dag.py took 0.214 seconds
[2024-05-09T09:22:33.127+0200] {processor.py:161} INFO - Started process (PID=88817) to work on /home/munya/.local/lib/python3.11/site-packages/airflow/example_dags/example_nested_branch_dag.py
[2024-05-09T09:22:33.130+0200] {processor.py:830} INFO - Processing file /home/munya/.local/lib/python3.11/site-packages/airflow/example_dags/example_nested_branch_dag.py for tasks to queue
[2024-05-09T09:22:33.132+0200] {logging_mixin.py:188} INFO - [2024-05-09T09:22:33.131+0200] {dagbag.py:540} INFO - Filling up the DagBag from /home/munya/.local/lib/python3.11/site-packages/airflow/example_dags/example_nested_branch_dag.py
[2024-05-09T09:22:33.165+0200] {processor.py:840} INFO - DAG(s) 'example_nested_branch_dag' retrieved from /home/munya/.local/lib/python3.11/site-packages/airflow/example_dags/example_nested_branch_dag.py
[2024-05-09T09:22:33.226+0200] {logging_mixin.py:188} INFO - [2024-05-09T09:22:33.225+0200] {dag.py:3096} INFO - Sync 1 DAGs
[2024-05-09T09:22:33.278+0200] {logging_mixin.py:188} INFO - [2024-05-09T09:22:33.278+0200] {dag.py:3954} INFO - Setting next_dagrun for example_nested_branch_dag to 2024-05-08 00:00:00+00:00, run_after=2024-05-09 00:00:00+00:00
[2024-05-09T09:22:33.331+0200] {processor.py:183} INFO - Processing /home/munya/.local/lib/python3.11/site-packages/airflow/example_dags/example_nested_branch_dag.py took 0.224 seconds
[2024-05-09T09:23:34.588+0200] {processor.py:161} INFO - Started process (PID=89621) to work on /home/munya/.local/lib/python3.11/site-packages/airflow/example_dags/example_nested_branch_dag.py
[2024-05-09T09:23:34.589+0200] {processor.py:830} INFO - Processing file /home/munya/.local/lib/python3.11/site-packages/airflow/example_dags/example_nested_branch_dag.py for tasks to queue
[2024-05-09T09:23:34.590+0200] {logging_mixin.py:188} INFO - [2024-05-09T09:23:34.589+0200] {dagbag.py:540} INFO - Filling up the DagBag from /home/munya/.local/lib/python3.11/site-packages/airflow/example_dags/example_nested_branch_dag.py
[2024-05-09T09:23:34.597+0200] {processor.py:840} INFO - DAG(s) 'example_nested_branch_dag' retrieved from /home/munya/.local/lib/python3.11/site-packages/airflow/example_dags/example_nested_branch_dag.py
[2024-05-09T09:23:34.611+0200] {logging_mixin.py:188} INFO - [2024-05-09T09:23:34.610+0200] {dag.py:3096} INFO - Sync 1 DAGs
[2024-05-09T09:23:34.624+0200] {logging_mixin.py:188} INFO - [2024-05-09T09:23:34.624+0200] {dag.py:3954} INFO - Setting next_dagrun for example_nested_branch_dag to 2024-05-08 00:00:00+00:00, run_after=2024-05-09 00:00:00+00:00
[2024-05-09T09:23:34.641+0200] {processor.py:183} INFO - Processing /home/munya/.local/lib/python3.11/site-packages/airflow/example_dags/example_nested_branch_dag.py took 0.058 seconds
[2024-05-09T09:24:37.129+0200] {processor.py:161} INFO - Started process (PID=90985) to work on /home/munya/.local/lib/python3.11/site-packages/airflow/example_dags/example_nested_branch_dag.py
[2024-05-09T09:24:37.132+0200] {processor.py:830} INFO - Processing file /home/munya/.local/lib/python3.11/site-packages/airflow/example_dags/example_nested_branch_dag.py for tasks to queue
[2024-05-09T09:24:37.136+0200] {logging_mixin.py:188} INFO - [2024-05-09T09:24:37.134+0200] {dagbag.py:540} INFO - Filling up the DagBag from /home/munya/.local/lib/python3.11/site-packages/airflow/example_dags/example_nested_branch_dag.py
[2024-05-09T09:24:37.182+0200] {processor.py:840} INFO - DAG(s) 'example_nested_branch_dag' retrieved from /home/munya/.local/lib/python3.11/site-packages/airflow/example_dags/example_nested_branch_dag.py
[2024-05-09T09:24:37.250+0200] {logging_mixin.py:188} INFO - [2024-05-09T09:24:37.250+0200] {dag.py:3096} INFO - Sync 1 DAGs
[2024-05-09T09:24:37.315+0200] {logging_mixin.py:188} INFO - [2024-05-09T09:24:37.315+0200] {dag.py:3954} INFO - Setting next_dagrun for example_nested_branch_dag to 2024-05-08 00:00:00+00:00, run_after=2024-05-09 00:00:00+00:00
[2024-05-09T09:24:37.386+0200] {processor.py:183} INFO - Processing /home/munya/.local/lib/python3.11/site-packages/airflow/example_dags/example_nested_branch_dag.py took 0.283 seconds
[2024-05-09T09:25:34.505+0200] {processor.py:161} INFO - Started process (PID=91776) to work on /home/munya/.local/lib/python3.11/site-packages/airflow/example_dags/example_nested_branch_dag.py
[2024-05-09T09:25:34.505+0200] {processor.py:830} INFO - Processing file /home/munya/.local/lib/python3.11/site-packages/airflow/example_dags/example_nested_branch_dag.py for tasks to queue
[2024-05-09T09:25:34.506+0200] {logging_mixin.py:188} INFO - [2024-05-09T09:25:34.506+0200] {dagbag.py:540} INFO - Filling up the DagBag from /home/munya/.local/lib/python3.11/site-packages/airflow/example_dags/example_nested_branch_dag.py
[2024-05-09T09:25:34.514+0200] {processor.py:840} INFO - DAG(s) 'example_nested_branch_dag' retrieved from /home/munya/.local/lib/python3.11/site-packages/airflow/example_dags/example_nested_branch_dag.py
[2024-05-09T09:25:34.528+0200] {logging_mixin.py:188} INFO - [2024-05-09T09:25:34.528+0200] {dag.py:3096} INFO - Sync 1 DAGs
[2024-05-09T09:25:34.543+0200] {logging_mixin.py:188} INFO - [2024-05-09T09:25:34.543+0200] {dag.py:3954} INFO - Setting next_dagrun for example_nested_branch_dag to 2024-05-08 00:00:00+00:00, run_after=2024-05-09 00:00:00+00:00
[2024-05-09T09:25:34.558+0200] {processor.py:183} INFO - Processing /home/munya/.local/lib/python3.11/site-packages/airflow/example_dags/example_nested_branch_dag.py took 0.059 seconds
[2024-05-09T09:26:30.937+0200] {processor.py:161} INFO - Started process (PID=92633) to work on /home/munya/.local/lib/python3.11/site-packages/airflow/example_dags/example_nested_branch_dag.py
[2024-05-09T09:26:30.938+0200] {processor.py:830} INFO - Processing file /home/munya/.local/lib/python3.11/site-packages/airflow/example_dags/example_nested_branch_dag.py for tasks to queue
[2024-05-09T09:26:30.939+0200] {logging_mixin.py:188} INFO - [2024-05-09T09:26:30.939+0200] {dagbag.py:540} INFO - Filling up the DagBag from /home/munya/.local/lib/python3.11/site-packages/airflow/example_dags/example_nested_branch_dag.py
[2024-05-09T09:26:30.947+0200] {processor.py:840} INFO - DAG(s) 'example_nested_branch_dag' retrieved from /home/munya/.local/lib/python3.11/site-packages/airflow/example_dags/example_nested_branch_dag.py
[2024-05-09T09:26:30.961+0200] {logging_mixin.py:188} INFO - [2024-05-09T09:26:30.961+0200] {dag.py:3096} INFO - Sync 1 DAGs
[2024-05-09T09:26:30.975+0200] {logging_mixin.py:188} INFO - [2024-05-09T09:26:30.975+0200] {dag.py:3954} INFO - Setting next_dagrun for example_nested_branch_dag to 2024-05-08 00:00:00+00:00, run_after=2024-05-09 00:00:00+00:00
[2024-05-09T09:26:30.992+0200] {processor.py:183} INFO - Processing /home/munya/.local/lib/python3.11/site-packages/airflow/example_dags/example_nested_branch_dag.py took 0.060 seconds
[2024-05-09T09:27:35.790+0200] {processor.py:161} INFO - Started process (PID=93462) to work on /home/munya/.local/lib/python3.11/site-packages/airflow/example_dags/example_nested_branch_dag.py
[2024-05-09T09:27:35.791+0200] {processor.py:830} INFO - Processing file /home/munya/.local/lib/python3.11/site-packages/airflow/example_dags/example_nested_branch_dag.py for tasks to queue
[2024-05-09T09:27:35.792+0200] {logging_mixin.py:188} INFO - [2024-05-09T09:27:35.791+0200] {dagbag.py:540} INFO - Filling up the DagBag from /home/munya/.local/lib/python3.11/site-packages/airflow/example_dags/example_nested_branch_dag.py
[2024-05-09T09:27:35.799+0200] {processor.py:840} INFO - DAG(s) 'example_nested_branch_dag' retrieved from /home/munya/.local/lib/python3.11/site-packages/airflow/example_dags/example_nested_branch_dag.py
[2024-05-09T09:27:35.814+0200] {logging_mixin.py:188} INFO - [2024-05-09T09:27:35.814+0200] {dag.py:3096} INFO - Sync 1 DAGs
[2024-05-09T09:27:35.828+0200] {logging_mixin.py:188} INFO - [2024-05-09T09:27:35.828+0200] {dag.py:3954} INFO - Setting next_dagrun for example_nested_branch_dag to 2024-05-08 00:00:00+00:00, run_after=2024-05-09 00:00:00+00:00
[2024-05-09T09:27:35.847+0200] {processor.py:183} INFO - Processing /home/munya/.local/lib/python3.11/site-packages/airflow/example_dags/example_nested_branch_dag.py took 0.063 seconds
[2024-05-09T09:28:37.198+0200] {processor.py:161} INFO - Started process (PID=94280) to work on /home/munya/.local/lib/python3.11/site-packages/airflow/example_dags/example_nested_branch_dag.py
[2024-05-09T09:28:37.201+0200] {processor.py:830} INFO - Processing file /home/munya/.local/lib/python3.11/site-packages/airflow/example_dags/example_nested_branch_dag.py for tasks to queue
[2024-05-09T09:28:37.204+0200] {logging_mixin.py:188} INFO - [2024-05-09T09:28:37.202+0200] {dagbag.py:540} INFO - Filling up the DagBag from /home/munya/.local/lib/python3.11/site-packages/airflow/example_dags/example_nested_branch_dag.py
[2024-05-09T09:28:37.237+0200] {processor.py:840} INFO - DAG(s) 'example_nested_branch_dag' retrieved from /home/munya/.local/lib/python3.11/site-packages/airflow/example_dags/example_nested_branch_dag.py
[2024-05-09T09:28:37.289+0200] {logging_mixin.py:188} INFO - [2024-05-09T09:28:37.289+0200] {dag.py:3096} INFO - Sync 1 DAGs
[2024-05-09T09:28:37.341+0200] {logging_mixin.py:188} INFO - [2024-05-09T09:28:37.340+0200] {dag.py:3954} INFO - Setting next_dagrun for example_nested_branch_dag to 2024-05-08 00:00:00+00:00, run_after=2024-05-09 00:00:00+00:00
[2024-05-09T09:28:37.357+0200] {processor.py:183} INFO - Processing /home/munya/.local/lib/python3.11/site-packages/airflow/example_dags/example_nested_branch_dag.py took 0.180 seconds
[2024-05-09T09:29:36.418+0200] {processor.py:161} INFO - Started process (PID=95731) to work on /home/munya/.local/lib/python3.11/site-packages/airflow/example_dags/example_nested_branch_dag.py
[2024-05-09T09:29:36.418+0200] {processor.py:830} INFO - Processing file /home/munya/.local/lib/python3.11/site-packages/airflow/example_dags/example_nested_branch_dag.py for tasks to queue
[2024-05-09T09:29:36.419+0200] {logging_mixin.py:188} INFO - [2024-05-09T09:29:36.419+0200] {dagbag.py:540} INFO - Filling up the DagBag from /home/munya/.local/lib/python3.11/site-packages/airflow/example_dags/example_nested_branch_dag.py
[2024-05-09T09:29:36.427+0200] {processor.py:840} INFO - DAG(s) 'example_nested_branch_dag' retrieved from /home/munya/.local/lib/python3.11/site-packages/airflow/example_dags/example_nested_branch_dag.py
[2024-05-09T09:29:36.441+0200] {logging_mixin.py:188} INFO - [2024-05-09T09:29:36.441+0200] {dag.py:3096} INFO - Sync 1 DAGs
[2024-05-09T09:29:36.455+0200] {logging_mixin.py:188} INFO - [2024-05-09T09:29:36.455+0200] {dag.py:3954} INFO - Setting next_dagrun for example_nested_branch_dag to 2024-05-08 00:00:00+00:00, run_after=2024-05-09 00:00:00+00:00
[2024-05-09T09:29:36.473+0200] {processor.py:183} INFO - Processing /home/munya/.local/lib/python3.11/site-packages/airflow/example_dags/example_nested_branch_dag.py took 0.060 seconds
[2024-05-09T09:30:37.169+0200] {processor.py:161} INFO - Started process (PID=96866) to work on /home/munya/.local/lib/python3.11/site-packages/airflow/example_dags/example_nested_branch_dag.py
[2024-05-09T09:30:37.172+0200] {processor.py:830} INFO - Processing file /home/munya/.local/lib/python3.11/site-packages/airflow/example_dags/example_nested_branch_dag.py for tasks to queue
[2024-05-09T09:30:37.175+0200] {logging_mixin.py:188} INFO - [2024-05-09T09:30:37.173+0200] {dagbag.py:540} INFO - Filling up the DagBag from /home/munya/.local/lib/python3.11/site-packages/airflow/example_dags/example_nested_branch_dag.py
[2024-05-09T09:30:37.210+0200] {processor.py:840} INFO - DAG(s) 'example_nested_branch_dag' retrieved from /home/munya/.local/lib/python3.11/site-packages/airflow/example_dags/example_nested_branch_dag.py
[2024-05-09T09:30:37.275+0200] {logging_mixin.py:188} INFO - [2024-05-09T09:30:37.275+0200] {dag.py:3096} INFO - Sync 1 DAGs
[2024-05-09T09:30:37.341+0200] {logging_mixin.py:188} INFO - [2024-05-09T09:30:37.340+0200] {dag.py:3954} INFO - Setting next_dagrun for example_nested_branch_dag to 2024-05-08 00:00:00+00:00, run_after=2024-05-09 00:00:00+00:00
[2024-05-09T09:30:37.394+0200] {processor.py:183} INFO - Processing /home/munya/.local/lib/python3.11/site-packages/airflow/example_dags/example_nested_branch_dag.py took 0.246 seconds
[2024-05-09T09:31:36.778+0200] {processor.py:161} INFO - Started process (PID=97883) to work on /home/munya/.local/lib/python3.11/site-packages/airflow/example_dags/example_nested_branch_dag.py
[2024-05-09T09:31:36.779+0200] {processor.py:830} INFO - Processing file /home/munya/.local/lib/python3.11/site-packages/airflow/example_dags/example_nested_branch_dag.py for tasks to queue
[2024-05-09T09:31:36.780+0200] {logging_mixin.py:188} INFO - [2024-05-09T09:31:36.779+0200] {dagbag.py:540} INFO - Filling up the DagBag from /home/munya/.local/lib/python3.11/site-packages/airflow/example_dags/example_nested_branch_dag.py
[2024-05-09T09:31:36.787+0200] {processor.py:840} INFO - DAG(s) 'example_nested_branch_dag' retrieved from /home/munya/.local/lib/python3.11/site-packages/airflow/example_dags/example_nested_branch_dag.py
[2024-05-09T09:31:36.801+0200] {logging_mixin.py:188} INFO - [2024-05-09T09:31:36.801+0200] {dag.py:3096} INFO - Sync 1 DAGs
[2024-05-09T09:31:36.814+0200] {logging_mixin.py:188} INFO - [2024-05-09T09:31:36.814+0200] {dag.py:3954} INFO - Setting next_dagrun for example_nested_branch_dag to 2024-05-08 00:00:00+00:00, run_after=2024-05-09 00:00:00+00:00
[2024-05-09T09:31:36.832+0200] {processor.py:183} INFO - Processing /home/munya/.local/lib/python3.11/site-packages/airflow/example_dags/example_nested_branch_dag.py took 0.059 seconds
[2024-05-09T09:32:36.396+0200] {processor.py:161} INFO - Started process (PID=98967) to work on /home/munya/.local/lib/python3.11/site-packages/airflow/example_dags/example_nested_branch_dag.py
[2024-05-09T09:32:36.397+0200] {processor.py:830} INFO - Processing file /home/munya/.local/lib/python3.11/site-packages/airflow/example_dags/example_nested_branch_dag.py for tasks to queue
[2024-05-09T09:32:36.398+0200] {logging_mixin.py:188} INFO - [2024-05-09T09:32:36.397+0200] {dagbag.py:540} INFO - Filling up the DagBag from /home/munya/.local/lib/python3.11/site-packages/airflow/example_dags/example_nested_branch_dag.py
[2024-05-09T09:32:36.408+0200] {processor.py:840} INFO - DAG(s) 'example_nested_branch_dag' retrieved from /home/munya/.local/lib/python3.11/site-packages/airflow/example_dags/example_nested_branch_dag.py
[2024-05-09T09:32:36.429+0200] {logging_mixin.py:188} INFO - [2024-05-09T09:32:36.428+0200] {dag.py:3096} INFO - Sync 1 DAGs
[2024-05-09T09:32:36.450+0200] {logging_mixin.py:188} INFO - [2024-05-09T09:32:36.450+0200] {dag.py:3954} INFO - Setting next_dagrun for example_nested_branch_dag to 2024-05-08 00:00:00+00:00, run_after=2024-05-09 00:00:00+00:00
[2024-05-09T09:32:36.476+0200] {processor.py:183} INFO - Processing /home/munya/.local/lib/python3.11/site-packages/airflow/example_dags/example_nested_branch_dag.py took 0.087 seconds
[2024-05-09T09:33:38.870+0200] {processor.py:161} INFO - Started process (PID=100055) to work on /home/munya/.local/lib/python3.11/site-packages/airflow/example_dags/example_nested_branch_dag.py
[2024-05-09T09:33:38.871+0200] {processor.py:830} INFO - Processing file /home/munya/.local/lib/python3.11/site-packages/airflow/example_dags/example_nested_branch_dag.py for tasks to queue
[2024-05-09T09:33:38.872+0200] {logging_mixin.py:188} INFO - [2024-05-09T09:33:38.871+0200] {dagbag.py:540} INFO - Filling up the DagBag from /home/munya/.local/lib/python3.11/site-packages/airflow/example_dags/example_nested_branch_dag.py
[2024-05-09T09:33:38.883+0200] {processor.py:840} INFO - DAG(s) 'example_nested_branch_dag' retrieved from /home/munya/.local/lib/python3.11/site-packages/airflow/example_dags/example_nested_branch_dag.py
[2024-05-09T09:33:38.904+0200] {logging_mixin.py:188} INFO - [2024-05-09T09:33:38.904+0200] {dag.py:3096} INFO - Sync 1 DAGs
[2024-05-09T09:33:38.926+0200] {logging_mixin.py:188} INFO - [2024-05-09T09:33:38.926+0200] {dag.py:3954} INFO - Setting next_dagrun for example_nested_branch_dag to 2024-05-08 00:00:00+00:00, run_after=2024-05-09 00:00:00+00:00
[2024-05-09T09:33:38.948+0200] {processor.py:183} INFO - Processing /home/munya/.local/lib/python3.11/site-packages/airflow/example_dags/example_nested_branch_dag.py took 0.085 seconds
[2024-05-09T09:34:55.639+0200] {processor.py:161} INFO - Started process (PID=101063) to work on /home/munya/.local/lib/python3.11/site-packages/airflow/example_dags/example_nested_branch_dag.py
[2024-05-09T09:34:55.680+0200] {processor.py:830} INFO - Processing file /home/munya/.local/lib/python3.11/site-packages/airflow/example_dags/example_nested_branch_dag.py for tasks to queue
[2024-05-09T09:34:55.681+0200] {logging_mixin.py:188} INFO - [2024-05-09T09:34:55.681+0200] {dagbag.py:540} INFO - Filling up the DagBag from /home/munya/.local/lib/python3.11/site-packages/airflow/example_dags/example_nested_branch_dag.py
[2024-05-09T09:34:55.694+0200] {processor.py:840} INFO - DAG(s) 'example_nested_branch_dag' retrieved from /home/munya/.local/lib/python3.11/site-packages/airflow/example_dags/example_nested_branch_dag.py
[2024-05-09T09:34:55.716+0200] {logging_mixin.py:188} INFO - [2024-05-09T09:34:55.715+0200] {dag.py:3096} INFO - Sync 1 DAGs
[2024-05-09T09:34:55.739+0200] {logging_mixin.py:188} INFO - [2024-05-09T09:34:55.738+0200] {dag.py:3954} INFO - Setting next_dagrun for example_nested_branch_dag to 2024-05-08 00:00:00+00:00, run_after=2024-05-09 00:00:00+00:00
[2024-05-09T09:34:56.062+0200] {processor.py:183} INFO - Processing /home/munya/.local/lib/python3.11/site-packages/airflow/example_dags/example_nested_branch_dag.py took 0.435 seconds
[2024-05-09T09:36:15.364+0200] {processor.py:161} INFO - Started process (PID=102120) to work on /home/munya/.local/lib/python3.11/site-packages/airflow/example_dags/example_nested_branch_dag.py
[2024-05-09T09:36:15.365+0200] {processor.py:830} INFO - Processing file /home/munya/.local/lib/python3.11/site-packages/airflow/example_dags/example_nested_branch_dag.py for tasks to queue
[2024-05-09T09:36:15.366+0200] {logging_mixin.py:188} INFO - [2024-05-09T09:36:15.365+0200] {dagbag.py:540} INFO - Filling up the DagBag from /home/munya/.local/lib/python3.11/site-packages/airflow/example_dags/example_nested_branch_dag.py
[2024-05-09T09:36:15.377+0200] {processor.py:840} INFO - DAG(s) 'example_nested_branch_dag' retrieved from /home/munya/.local/lib/python3.11/site-packages/airflow/example_dags/example_nested_branch_dag.py
[2024-05-09T09:36:15.399+0200] {logging_mixin.py:188} INFO - [2024-05-09T09:36:15.399+0200] {dag.py:3096} INFO - Sync 1 DAGs
[2024-05-09T09:36:15.422+0200] {logging_mixin.py:188} INFO - [2024-05-09T09:36:15.421+0200] {dag.py:3954} INFO - Setting next_dagrun for example_nested_branch_dag to 2024-05-08 00:00:00+00:00, run_after=2024-05-09 00:00:00+00:00
[2024-05-09T09:36:15.451+0200] {processor.py:183} INFO - Processing /home/munya/.local/lib/python3.11/site-packages/airflow/example_dags/example_nested_branch_dag.py took 0.099 seconds
[2024-05-09T09:37:12.178+0200] {processor.py:161} INFO - Started process (PID=102867) to work on /home/munya/.local/lib/python3.11/site-packages/airflow/example_dags/example_nested_branch_dag.py
[2024-05-09T09:37:12.179+0200] {processor.py:830} INFO - Processing file /home/munya/.local/lib/python3.11/site-packages/airflow/example_dags/example_nested_branch_dag.py for tasks to queue
[2024-05-09T09:37:12.180+0200] {logging_mixin.py:188} INFO - [2024-05-09T09:37:12.179+0200] {dagbag.py:540} INFO - Filling up the DagBag from /home/munya/.local/lib/python3.11/site-packages/airflow/example_dags/example_nested_branch_dag.py
[2024-05-09T09:37:12.187+0200] {processor.py:840} INFO - DAG(s) 'example_nested_branch_dag' retrieved from /home/munya/.local/lib/python3.11/site-packages/airflow/example_dags/example_nested_branch_dag.py
[2024-05-09T09:37:12.202+0200] {logging_mixin.py:188} INFO - [2024-05-09T09:37:12.202+0200] {dag.py:3096} INFO - Sync 1 DAGs
[2024-05-09T09:37:12.217+0200] {logging_mixin.py:188} INFO - [2024-05-09T09:37:12.216+0200] {dag.py:3954} INFO - Setting next_dagrun for example_nested_branch_dag to 2024-05-08 00:00:00+00:00, run_after=2024-05-09 00:00:00+00:00
[2024-05-09T09:37:12.235+0200] {processor.py:183} INFO - Processing /home/munya/.local/lib/python3.11/site-packages/airflow/example_dags/example_nested_branch_dag.py took 0.067 seconds
[2024-05-09T09:38:10.189+0200] {processor.py:161} INFO - Started process (PID=103647) to work on /home/munya/.local/lib/python3.11/site-packages/airflow/example_dags/example_nested_branch_dag.py
[2024-05-09T09:38:10.195+0200] {processor.py:830} INFO - Processing file /home/munya/.local/lib/python3.11/site-packages/airflow/example_dags/example_nested_branch_dag.py for tasks to queue
[2024-05-09T09:38:10.196+0200] {logging_mixin.py:188} INFO - [2024-05-09T09:38:10.196+0200] {dagbag.py:540} INFO - Filling up the DagBag from /home/munya/.local/lib/python3.11/site-packages/airflow/example_dags/example_nested_branch_dag.py
[2024-05-09T09:38:10.208+0200] {processor.py:840} INFO - DAG(s) 'example_nested_branch_dag' retrieved from /home/munya/.local/lib/python3.11/site-packages/airflow/example_dags/example_nested_branch_dag.py
[2024-05-09T09:38:10.234+0200] {logging_mixin.py:188} INFO - [2024-05-09T09:38:10.234+0200] {dag.py:3096} INFO - Sync 1 DAGs
[2024-05-09T09:38:10.259+0200] {logging_mixin.py:188} INFO - [2024-05-09T09:38:10.258+0200] {dag.py:3954} INFO - Setting next_dagrun for example_nested_branch_dag to 2024-05-08 00:00:00+00:00, run_after=2024-05-09 00:00:00+00:00
[2024-05-09T09:38:10.277+0200] {processor.py:183} INFO - Processing /home/munya/.local/lib/python3.11/site-packages/airflow/example_dags/example_nested_branch_dag.py took 0.101 seconds
[2024-05-09T09:39:07.294+0200] {processor.py:161} INFO - Started process (PID=104500) to work on /home/munya/.local/lib/python3.11/site-packages/airflow/example_dags/example_nested_branch_dag.py
[2024-05-09T09:39:07.295+0200] {processor.py:830} INFO - Processing file /home/munya/.local/lib/python3.11/site-packages/airflow/example_dags/example_nested_branch_dag.py for tasks to queue
[2024-05-09T09:39:07.296+0200] {logging_mixin.py:188} INFO - [2024-05-09T09:39:07.296+0200] {dagbag.py:540} INFO - Filling up the DagBag from /home/munya/.local/lib/python3.11/site-packages/airflow/example_dags/example_nested_branch_dag.py
[2024-05-09T09:39:07.304+0200] {processor.py:840} INFO - DAG(s) 'example_nested_branch_dag' retrieved from /home/munya/.local/lib/python3.11/site-packages/airflow/example_dags/example_nested_branch_dag.py
[2024-05-09T09:39:07.320+0200] {logging_mixin.py:188} INFO - [2024-05-09T09:39:07.320+0200] {dag.py:3096} INFO - Sync 1 DAGs
[2024-05-09T09:39:07.335+0200] {logging_mixin.py:188} INFO - [2024-05-09T09:39:07.335+0200] {dag.py:3954} INFO - Setting next_dagrun for example_nested_branch_dag to 2024-05-08 00:00:00+00:00, run_after=2024-05-09 00:00:00+00:00
[2024-05-09T09:39:07.353+0200] {processor.py:183} INFO - Processing /home/munya/.local/lib/python3.11/site-packages/airflow/example_dags/example_nested_branch_dag.py took 0.068 seconds
[2024-05-09T09:40:07.062+0200] {processor.py:161} INFO - Started process (PID=105477) to work on /home/munya/.local/lib/python3.11/site-packages/airflow/example_dags/example_nested_branch_dag.py
[2024-05-09T09:40:07.063+0200] {processor.py:830} INFO - Processing file /home/munya/.local/lib/python3.11/site-packages/airflow/example_dags/example_nested_branch_dag.py for tasks to queue
[2024-05-09T09:40:07.064+0200] {logging_mixin.py:188} INFO - [2024-05-09T09:40:07.064+0200] {dagbag.py:540} INFO - Filling up the DagBag from /home/munya/.local/lib/python3.11/site-packages/airflow/example_dags/example_nested_branch_dag.py
[2024-05-09T09:40:07.073+0200] {processor.py:840} INFO - DAG(s) 'example_nested_branch_dag' retrieved from /home/munya/.local/lib/python3.11/site-packages/airflow/example_dags/example_nested_branch_dag.py
[2024-05-09T09:40:07.090+0200] {logging_mixin.py:188} INFO - [2024-05-09T09:40:07.090+0200] {dag.py:3096} INFO - Sync 1 DAGs
[2024-05-09T09:40:07.111+0200] {logging_mixin.py:188} INFO - [2024-05-09T09:40:07.111+0200] {dag.py:3954} INFO - Setting next_dagrun for example_nested_branch_dag to 2024-05-08 00:00:00+00:00, run_after=2024-05-09 00:00:00+00:00
[2024-05-09T09:40:07.134+0200] {processor.py:183} INFO - Processing /home/munya/.local/lib/python3.11/site-packages/airflow/example_dags/example_nested_branch_dag.py took 0.083 seconds
[2024-05-09T09:41:05.882+0200] {processor.py:161} INFO - Started process (PID=106421) to work on /home/munya/.local/lib/python3.11/site-packages/airflow/example_dags/example_nested_branch_dag.py
[2024-05-09T09:41:05.883+0200] {processor.py:830} INFO - Processing file /home/munya/.local/lib/python3.11/site-packages/airflow/example_dags/example_nested_branch_dag.py for tasks to queue
[2024-05-09T09:41:05.884+0200] {logging_mixin.py:188} INFO - [2024-05-09T09:41:05.883+0200] {dagbag.py:540} INFO - Filling up the DagBag from /home/munya/.local/lib/python3.11/site-packages/airflow/example_dags/example_nested_branch_dag.py
[2024-05-09T09:41:05.894+0200] {processor.py:840} INFO - DAG(s) 'example_nested_branch_dag' retrieved from /home/munya/.local/lib/python3.11/site-packages/airflow/example_dags/example_nested_branch_dag.py
[2024-05-09T09:41:05.912+0200] {logging_mixin.py:188} INFO - [2024-05-09T09:41:05.911+0200] {dag.py:3096} INFO - Sync 1 DAGs
[2024-05-09T09:41:05.933+0200] {logging_mixin.py:188} INFO - [2024-05-09T09:41:05.933+0200] {dag.py:3954} INFO - Setting next_dagrun for example_nested_branch_dag to 2024-05-08 00:00:00+00:00, run_after=2024-05-09 00:00:00+00:00
[2024-05-09T09:41:05.954+0200] {processor.py:183} INFO - Processing /home/munya/.local/lib/python3.11/site-packages/airflow/example_dags/example_nested_branch_dag.py took 0.082 seconds
[2024-05-09T09:42:04.460+0200] {processor.py:161} INFO - Started process (PID=107358) to work on /home/munya/.local/lib/python3.11/site-packages/airflow/example_dags/example_nested_branch_dag.py
[2024-05-09T09:42:04.462+0200] {processor.py:830} INFO - Processing file /home/munya/.local/lib/python3.11/site-packages/airflow/example_dags/example_nested_branch_dag.py for tasks to queue
[2024-05-09T09:42:04.464+0200] {logging_mixin.py:188} INFO - [2024-05-09T09:42:04.463+0200] {dagbag.py:540} INFO - Filling up the DagBag from /home/munya/.local/lib/python3.11/site-packages/airflow/example_dags/example_nested_branch_dag.py
[2024-05-09T09:42:04.474+0200] {processor.py:840} INFO - DAG(s) 'example_nested_branch_dag' retrieved from /home/munya/.local/lib/python3.11/site-packages/airflow/example_dags/example_nested_branch_dag.py
[2024-05-09T09:42:04.493+0200] {logging_mixin.py:188} INFO - [2024-05-09T09:42:04.493+0200] {dag.py:3096} INFO - Sync 1 DAGs
[2024-05-09T09:42:04.515+0200] {logging_mixin.py:188} INFO - [2024-05-09T09:42:04.515+0200] {dag.py:3954} INFO - Setting next_dagrun for example_nested_branch_dag to 2024-05-08 00:00:00+00:00, run_after=2024-05-09 00:00:00+00:00
[2024-05-09T09:42:04.539+0200] {processor.py:183} INFO - Processing /home/munya/.local/lib/python3.11/site-packages/airflow/example_dags/example_nested_branch_dag.py took 0.088 seconds
[2024-05-09T09:43:02.957+0200] {processor.py:161} INFO - Started process (PID=108316) to work on /home/munya/.local/lib/python3.11/site-packages/airflow/example_dags/example_nested_branch_dag.py
[2024-05-09T09:43:02.958+0200] {processor.py:830} INFO - Processing file /home/munya/.local/lib/python3.11/site-packages/airflow/example_dags/example_nested_branch_dag.py for tasks to queue
[2024-05-09T09:43:02.959+0200] {logging_mixin.py:188} INFO - [2024-05-09T09:43:02.958+0200] {dagbag.py:540} INFO - Filling up the DagBag from /home/munya/.local/lib/python3.11/site-packages/airflow/example_dags/example_nested_branch_dag.py
[2024-05-09T09:43:02.968+0200] {processor.py:840} INFO - DAG(s) 'example_nested_branch_dag' retrieved from /home/munya/.local/lib/python3.11/site-packages/airflow/example_dags/example_nested_branch_dag.py
[2024-05-09T09:43:02.987+0200] {logging_mixin.py:188} INFO - [2024-05-09T09:43:02.986+0200] {dag.py:3096} INFO - Sync 1 DAGs
[2024-05-09T09:43:03.004+0200] {logging_mixin.py:188} INFO - [2024-05-09T09:43:03.004+0200] {dag.py:3954} INFO - Setting next_dagrun for example_nested_branch_dag to 2024-05-08 00:00:00+00:00, run_after=2024-05-09 00:00:00+00:00
[2024-05-09T09:43:03.025+0200] {processor.py:183} INFO - Processing /home/munya/.local/lib/python3.11/site-packages/airflow/example_dags/example_nested_branch_dag.py took 0.076 seconds
[2024-05-09T09:44:05.065+0200] {processor.py:161} INFO - Started process (PID=109319) to work on /home/munya/.local/lib/python3.11/site-packages/airflow/example_dags/example_nested_branch_dag.py
[2024-05-09T09:44:05.066+0200] {processor.py:830} INFO - Processing file /home/munya/.local/lib/python3.11/site-packages/airflow/example_dags/example_nested_branch_dag.py for tasks to queue
[2024-05-09T09:44:05.067+0200] {logging_mixin.py:188} INFO - [2024-05-09T09:44:05.066+0200] {dagbag.py:540} INFO - Filling up the DagBag from /home/munya/.local/lib/python3.11/site-packages/airflow/example_dags/example_nested_branch_dag.py
[2024-05-09T09:44:05.075+0200] {processor.py:840} INFO - DAG(s) 'example_nested_branch_dag' retrieved from /home/munya/.local/lib/python3.11/site-packages/airflow/example_dags/example_nested_branch_dag.py
[2024-05-09T09:44:05.091+0200] {logging_mixin.py:188} INFO - [2024-05-09T09:44:05.091+0200] {dag.py:3096} INFO - Sync 1 DAGs
[2024-05-09T09:44:05.110+0200] {logging_mixin.py:188} INFO - [2024-05-09T09:44:05.109+0200] {dag.py:3954} INFO - Setting next_dagrun for example_nested_branch_dag to 2024-05-08 00:00:00+00:00, run_after=2024-05-09 00:00:00+00:00
[2024-05-09T09:44:05.134+0200] {processor.py:183} INFO - Processing /home/munya/.local/lib/python3.11/site-packages/airflow/example_dags/example_nested_branch_dag.py took 0.080 seconds
[2024-05-09T09:45:03.555+0200] {processor.py:161} INFO - Started process (PID=110268) to work on /home/munya/.local/lib/python3.11/site-packages/airflow/example_dags/example_nested_branch_dag.py
[2024-05-09T09:45:03.556+0200] {processor.py:830} INFO - Processing file /home/munya/.local/lib/python3.11/site-packages/airflow/example_dags/example_nested_branch_dag.py for tasks to queue
[2024-05-09T09:45:03.558+0200] {logging_mixin.py:188} INFO - [2024-05-09T09:45:03.557+0200] {dagbag.py:540} INFO - Filling up the DagBag from /home/munya/.local/lib/python3.11/site-packages/airflow/example_dags/example_nested_branch_dag.py
[2024-05-09T09:45:03.573+0200] {processor.py:840} INFO - DAG(s) 'example_nested_branch_dag' retrieved from /home/munya/.local/lib/python3.11/site-packages/airflow/example_dags/example_nested_branch_dag.py
[2024-05-09T09:45:03.592+0200] {logging_mixin.py:188} INFO - [2024-05-09T09:45:03.592+0200] {dag.py:3096} INFO - Sync 1 DAGs
[2024-05-09T09:45:03.608+0200] {logging_mixin.py:188} INFO - [2024-05-09T09:45:03.607+0200] {dag.py:3954} INFO - Setting next_dagrun for example_nested_branch_dag to 2024-05-08 00:00:00+00:00, run_after=2024-05-09 00:00:00+00:00
[2024-05-09T09:45:03.632+0200] {processor.py:183} INFO - Processing /home/munya/.local/lib/python3.11/site-packages/airflow/example_dags/example_nested_branch_dag.py took 0.108 seconds
[2024-05-09T09:46:02.051+0200] {processor.py:161} INFO - Started process (PID=111102) to work on /home/munya/.local/lib/python3.11/site-packages/airflow/example_dags/example_nested_branch_dag.py
[2024-05-09T09:46:02.054+0200] {processor.py:830} INFO - Processing file /home/munya/.local/lib/python3.11/site-packages/airflow/example_dags/example_nested_branch_dag.py for tasks to queue
[2024-05-09T09:46:02.056+0200] {logging_mixin.py:188} INFO - [2024-05-09T09:46:02.055+0200] {dagbag.py:540} INFO - Filling up the DagBag from /home/munya/.local/lib/python3.11/site-packages/airflow/example_dags/example_nested_branch_dag.py
[2024-05-09T09:46:02.086+0200] {processor.py:840} INFO - DAG(s) 'example_nested_branch_dag' retrieved from /home/munya/.local/lib/python3.11/site-packages/airflow/example_dags/example_nested_branch_dag.py
[2024-05-09T09:46:02.148+0200] {logging_mixin.py:188} INFO - [2024-05-09T09:46:02.147+0200] {dag.py:3096} INFO - Sync 1 DAGs
[2024-05-09T09:46:02.197+0200] {logging_mixin.py:188} INFO - [2024-05-09T09:46:02.197+0200] {dag.py:3954} INFO - Setting next_dagrun for example_nested_branch_dag to 2024-05-08 00:00:00+00:00, run_after=2024-05-09 00:00:00+00:00
[2024-05-09T09:46:02.260+0200] {processor.py:183} INFO - Processing /home/munya/.local/lib/python3.11/site-packages/airflow/example_dags/example_nested_branch_dag.py took 0.248 seconds
[2024-05-09T09:47:00.076+0200] {processor.py:161} INFO - Started process (PID=111764) to work on /home/munya/.local/lib/python3.11/site-packages/airflow/example_dags/example_nested_branch_dag.py
[2024-05-09T09:47:00.079+0200] {processor.py:830} INFO - Processing file /home/munya/.local/lib/python3.11/site-packages/airflow/example_dags/example_nested_branch_dag.py for tasks to queue
[2024-05-09T09:47:00.081+0200] {logging_mixin.py:188} INFO - [2024-05-09T09:47:00.080+0200] {dagbag.py:540} INFO - Filling up the DagBag from /home/munya/.local/lib/python3.11/site-packages/airflow/example_dags/example_nested_branch_dag.py
[2024-05-09T09:47:00.108+0200] {processor.py:840} INFO - DAG(s) 'example_nested_branch_dag' retrieved from /home/munya/.local/lib/python3.11/site-packages/airflow/example_dags/example_nested_branch_dag.py
[2024-05-09T09:47:00.158+0200] {logging_mixin.py:188} INFO - [2024-05-09T09:47:00.158+0200] {dag.py:3096} INFO - Sync 1 DAGs
[2024-05-09T09:47:00.207+0200] {logging_mixin.py:188} INFO - [2024-05-09T09:47:00.207+0200] {dag.py:3954} INFO - Setting next_dagrun for example_nested_branch_dag to 2024-05-08 00:00:00+00:00, run_after=2024-05-09 00:00:00+00:00
[2024-05-09T09:47:00.260+0200] {processor.py:183} INFO - Processing /home/munya/.local/lib/python3.11/site-packages/airflow/example_dags/example_nested_branch_dag.py took 0.214 seconds
[2024-05-09T09:48:05.519+0200] {processor.py:161} INFO - Started process (PID=112573) to work on /home/munya/.local/lib/python3.11/site-packages/airflow/example_dags/example_nested_branch_dag.py
[2024-05-09T09:48:05.520+0200] {processor.py:830} INFO - Processing file /home/munya/.local/lib/python3.11/site-packages/airflow/example_dags/example_nested_branch_dag.py for tasks to queue
[2024-05-09T09:48:05.521+0200] {logging_mixin.py:188} INFO - [2024-05-09T09:48:05.521+0200] {dagbag.py:540} INFO - Filling up the DagBag from /home/munya/.local/lib/python3.11/site-packages/airflow/example_dags/example_nested_branch_dag.py
[2024-05-09T09:48:05.529+0200] {processor.py:840} INFO - DAG(s) 'example_nested_branch_dag' retrieved from /home/munya/.local/lib/python3.11/site-packages/airflow/example_dags/example_nested_branch_dag.py
[2024-05-09T09:48:05.544+0200] {logging_mixin.py:188} INFO - [2024-05-09T09:48:05.544+0200] {dag.py:3096} INFO - Sync 1 DAGs
[2024-05-09T09:48:05.559+0200] {logging_mixin.py:188} INFO - [2024-05-09T09:48:05.559+0200] {dag.py:3954} INFO - Setting next_dagrun for example_nested_branch_dag to 2024-05-08 00:00:00+00:00, run_after=2024-05-09 00:00:00+00:00
[2024-05-09T09:48:05.576+0200] {processor.py:183} INFO - Processing /home/munya/.local/lib/python3.11/site-packages/airflow/example_dags/example_nested_branch_dag.py took 0.065 seconds
[2024-05-09T09:49:07.284+0200] {processor.py:161} INFO - Started process (PID=113403) to work on /home/munya/.local/lib/python3.11/site-packages/airflow/example_dags/example_nested_branch_dag.py
[2024-05-09T09:49:07.286+0200] {processor.py:830} INFO - Processing file /home/munya/.local/lib/python3.11/site-packages/airflow/example_dags/example_nested_branch_dag.py for tasks to queue
[2024-05-09T09:49:07.287+0200] {logging_mixin.py:188} INFO - [2024-05-09T09:49:07.287+0200] {dagbag.py:540} INFO - Filling up the DagBag from /home/munya/.local/lib/python3.11/site-packages/airflow/example_dags/example_nested_branch_dag.py
[2024-05-09T09:49:07.297+0200] {processor.py:840} INFO - DAG(s) 'example_nested_branch_dag' retrieved from /home/munya/.local/lib/python3.11/site-packages/airflow/example_dags/example_nested_branch_dag.py
[2024-05-09T09:49:07.316+0200] {logging_mixin.py:188} INFO - [2024-05-09T09:49:07.316+0200] {dag.py:3096} INFO - Sync 1 DAGs
[2024-05-09T09:49:07.334+0200] {logging_mixin.py:188} INFO - [2024-05-09T09:49:07.334+0200] {dag.py:3954} INFO - Setting next_dagrun for example_nested_branch_dag to 2024-05-08 00:00:00+00:00, run_after=2024-05-09 00:00:00+00:00
[2024-05-09T09:49:07.354+0200] {processor.py:183} INFO - Processing /home/munya/.local/lib/python3.11/site-packages/airflow/example_dags/example_nested_branch_dag.py took 0.083 seconds
[2024-05-09T09:50:04.577+0200] {processor.py:161} INFO - Started process (PID=114237) to work on /home/munya/.local/lib/python3.11/site-packages/airflow/example_dags/example_nested_branch_dag.py
[2024-05-09T09:50:04.578+0200] {processor.py:830} INFO - Processing file /home/munya/.local/lib/python3.11/site-packages/airflow/example_dags/example_nested_branch_dag.py for tasks to queue
[2024-05-09T09:50:04.579+0200] {logging_mixin.py:188} INFO - [2024-05-09T09:50:04.578+0200] {dagbag.py:540} INFO - Filling up the DagBag from /home/munya/.local/lib/python3.11/site-packages/airflow/example_dags/example_nested_branch_dag.py
[2024-05-09T09:50:04.586+0200] {processor.py:840} INFO - DAG(s) 'example_nested_branch_dag' retrieved from /home/munya/.local/lib/python3.11/site-packages/airflow/example_dags/example_nested_branch_dag.py
[2024-05-09T09:50:04.601+0200] {logging_mixin.py:188} INFO - [2024-05-09T09:50:04.601+0200] {dag.py:3096} INFO - Sync 1 DAGs
[2024-05-09T09:50:04.617+0200] {logging_mixin.py:188} INFO - [2024-05-09T09:50:04.617+0200] {dag.py:3954} INFO - Setting next_dagrun for example_nested_branch_dag to 2024-05-08 00:00:00+00:00, run_after=2024-05-09 00:00:00+00:00
[2024-05-09T09:50:04.638+0200] {processor.py:183} INFO - Processing /home/munya/.local/lib/python3.11/site-packages/airflow/example_dags/example_nested_branch_dag.py took 0.070 seconds
[2024-05-09T09:51:01.513+0200] {processor.py:161} INFO - Started process (PID=115040) to work on /home/munya/.local/lib/python3.11/site-packages/airflow/example_dags/example_nested_branch_dag.py
[2024-05-09T09:51:01.517+0200] {processor.py:830} INFO - Processing file /home/munya/.local/lib/python3.11/site-packages/airflow/example_dags/example_nested_branch_dag.py for tasks to queue
[2024-05-09T09:51:01.522+0200] {logging_mixin.py:188} INFO - [2024-05-09T09:51:01.518+0200] {dagbag.py:540} INFO - Filling up the DagBag from /home/munya/.local/lib/python3.11/site-packages/airflow/example_dags/example_nested_branch_dag.py
[2024-05-09T09:51:01.563+0200] {processor.py:840} INFO - DAG(s) 'example_nested_branch_dag' retrieved from /home/munya/.local/lib/python3.11/site-packages/airflow/example_dags/example_nested_branch_dag.py
[2024-05-09T09:51:01.623+0200] {logging_mixin.py:188} INFO - [2024-05-09T09:51:01.622+0200] {dag.py:3096} INFO - Sync 1 DAGs
[2024-05-09T09:51:01.677+0200] {logging_mixin.py:188} INFO - [2024-05-09T09:51:01.677+0200] {dag.py:3954} INFO - Setting next_dagrun for example_nested_branch_dag to 2024-05-08 00:00:00+00:00, run_after=2024-05-09 00:00:00+00:00
[2024-05-09T09:51:01.734+0200] {processor.py:183} INFO - Processing /home/munya/.local/lib/python3.11/site-packages/airflow/example_dags/example_nested_branch_dag.py took 0.262 seconds
[2024-05-09T09:52:12.469+0200] {processor.py:161} INFO - Started process (PID=115964) to work on /home/munya/.local/lib/python3.11/site-packages/airflow/example_dags/example_nested_branch_dag.py
[2024-05-09T09:52:12.470+0200] {processor.py:830} INFO - Processing file /home/munya/.local/lib/python3.11/site-packages/airflow/example_dags/example_nested_branch_dag.py for tasks to queue
[2024-05-09T09:52:12.471+0200] {logging_mixin.py:188} INFO - [2024-05-09T09:52:12.471+0200] {dagbag.py:540} INFO - Filling up the DagBag from /home/munya/.local/lib/python3.11/site-packages/airflow/example_dags/example_nested_branch_dag.py
[2024-05-09T09:52:12.483+0200] {processor.py:840} INFO - DAG(s) 'example_nested_branch_dag' retrieved from /home/munya/.local/lib/python3.11/site-packages/airflow/example_dags/example_nested_branch_dag.py
[2024-05-09T09:52:12.506+0200] {logging_mixin.py:188} INFO - [2024-05-09T09:52:12.505+0200] {dag.py:3096} INFO - Sync 1 DAGs
[2024-05-09T09:52:12.528+0200] {logging_mixin.py:188} INFO - [2024-05-09T09:52:12.528+0200] {dag.py:3954} INFO - Setting next_dagrun for example_nested_branch_dag to 2024-05-08 00:00:00+00:00, run_after=2024-05-09 00:00:00+00:00
[2024-05-09T09:52:12.548+0200] {processor.py:183} INFO - Processing /home/munya/.local/lib/python3.11/site-packages/airflow/example_dags/example_nested_branch_dag.py took 0.096 seconds
[2024-05-09T09:53:11.300+0200] {processor.py:161} INFO - Started process (PID=116744) to work on /home/munya/.local/lib/python3.11/site-packages/airflow/example_dags/example_nested_branch_dag.py
[2024-05-09T09:53:11.303+0200] {processor.py:830} INFO - Processing file /home/munya/.local/lib/python3.11/site-packages/airflow/example_dags/example_nested_branch_dag.py for tasks to queue
[2024-05-09T09:53:11.308+0200] {logging_mixin.py:188} INFO - [2024-05-09T09:53:11.306+0200] {dagbag.py:540} INFO - Filling up the DagBag from /home/munya/.local/lib/python3.11/site-packages/airflow/example_dags/example_nested_branch_dag.py
[2024-05-09T09:53:11.350+0200] {processor.py:840} INFO - DAG(s) 'example_nested_branch_dag' retrieved from /home/munya/.local/lib/python3.11/site-packages/airflow/example_dags/example_nested_branch_dag.py
[2024-05-09T09:53:11.427+0200] {logging_mixin.py:188} INFO - [2024-05-09T09:53:11.426+0200] {dag.py:3096} INFO - Sync 1 DAGs
[2024-05-09T09:53:11.493+0200] {logging_mixin.py:188} INFO - [2024-05-09T09:53:11.492+0200] {dag.py:3954} INFO - Setting next_dagrun for example_nested_branch_dag to 2024-05-08 00:00:00+00:00, run_after=2024-05-09 00:00:00+00:00
[2024-05-09T09:53:11.554+0200] {processor.py:183} INFO - Processing /home/munya/.local/lib/python3.11/site-packages/airflow/example_dags/example_nested_branch_dag.py took 0.289 seconds
[2024-05-09T09:54:17.253+0200] {processor.py:161} INFO - Started process (PID=117627) to work on /home/munya/.local/lib/python3.11/site-packages/airflow/example_dags/example_nested_branch_dag.py
[2024-05-09T09:54:17.254+0200] {processor.py:830} INFO - Processing file /home/munya/.local/lib/python3.11/site-packages/airflow/example_dags/example_nested_branch_dag.py for tasks to queue
[2024-05-09T09:54:17.254+0200] {logging_mixin.py:188} INFO - [2024-05-09T09:54:17.254+0200] {dagbag.py:540} INFO - Filling up the DagBag from /home/munya/.local/lib/python3.11/site-packages/airflow/example_dags/example_nested_branch_dag.py
[2024-05-09T09:54:17.265+0200] {processor.py:840} INFO - DAG(s) 'example_nested_branch_dag' retrieved from /home/munya/.local/lib/python3.11/site-packages/airflow/example_dags/example_nested_branch_dag.py
[2024-05-09T09:54:17.285+0200] {logging_mixin.py:188} INFO - [2024-05-09T09:54:17.285+0200] {dag.py:3096} INFO - Sync 1 DAGs
[2024-05-09T09:54:17.309+0200] {logging_mixin.py:188} INFO - [2024-05-09T09:54:17.309+0200] {dag.py:3954} INFO - Setting next_dagrun for example_nested_branch_dag to 2024-05-08 00:00:00+00:00, run_after=2024-05-09 00:00:00+00:00
[2024-05-09T09:54:17.334+0200] {processor.py:183} INFO - Processing /home/munya/.local/lib/python3.11/site-packages/airflow/example_dags/example_nested_branch_dag.py took 0.095 seconds
[2024-05-09T09:55:15.499+0200] {processor.py:161} INFO - Started process (PID=118572) to work on /home/munya/.local/lib/python3.11/site-packages/airflow/example_dags/example_nested_branch_dag.py
[2024-05-09T09:55:15.502+0200] {processor.py:830} INFO - Processing file /home/munya/.local/lib/python3.11/site-packages/airflow/example_dags/example_nested_branch_dag.py for tasks to queue
[2024-05-09T09:55:15.507+0200] {logging_mixin.py:188} INFO - [2024-05-09T09:55:15.505+0200] {dagbag.py:540} INFO - Filling up the DagBag from /home/munya/.local/lib/python3.11/site-packages/airflow/example_dags/example_nested_branch_dag.py
[2024-05-09T09:55:15.553+0200] {processor.py:840} INFO - DAG(s) 'example_nested_branch_dag' retrieved from /home/munya/.local/lib/python3.11/site-packages/airflow/example_dags/example_nested_branch_dag.py
[2024-05-09T09:55:15.628+0200] {logging_mixin.py:188} INFO - [2024-05-09T09:55:15.627+0200] {dag.py:3096} INFO - Sync 1 DAGs
[2024-05-09T09:55:15.708+0200] {logging_mixin.py:188} INFO - [2024-05-09T09:55:15.707+0200] {dag.py:3954} INFO - Setting next_dagrun for example_nested_branch_dag to 2024-05-08 00:00:00+00:00, run_after=2024-05-09 00:00:00+00:00
[2024-05-09T09:55:15.779+0200] {processor.py:183} INFO - Processing /home/munya/.local/lib/python3.11/site-packages/airflow/example_dags/example_nested_branch_dag.py took 0.313 seconds
[2024-05-09T09:56:12.688+0200] {processor.py:161} INFO - Started process (PID=119499) to work on /home/munya/.local/lib/python3.11/site-packages/airflow/example_dags/example_nested_branch_dag.py
[2024-05-09T09:56:12.692+0200] {processor.py:830} INFO - Processing file /home/munya/.local/lib/python3.11/site-packages/airflow/example_dags/example_nested_branch_dag.py for tasks to queue
[2024-05-09T09:56:12.695+0200] {logging_mixin.py:188} INFO - [2024-05-09T09:56:12.694+0200] {dagbag.py:540} INFO - Filling up the DagBag from /home/munya/.local/lib/python3.11/site-packages/airflow/example_dags/example_nested_branch_dag.py
[2024-05-09T09:56:12.729+0200] {processor.py:840} INFO - DAG(s) 'example_nested_branch_dag' retrieved from /home/munya/.local/lib/python3.11/site-packages/airflow/example_dags/example_nested_branch_dag.py
[2024-05-09T09:56:12.781+0200] {logging_mixin.py:188} INFO - [2024-05-09T09:56:12.780+0200] {dag.py:3096} INFO - Sync 1 DAGs
[2024-05-09T09:56:12.833+0200] {logging_mixin.py:188} INFO - [2024-05-09T09:56:12.832+0200] {dag.py:3954} INFO - Setting next_dagrun for example_nested_branch_dag to 2024-05-08 00:00:00+00:00, run_after=2024-05-09 00:00:00+00:00
[2024-05-09T09:56:12.895+0200] {processor.py:183} INFO - Processing /home/munya/.local/lib/python3.11/site-packages/airflow/example_dags/example_nested_branch_dag.py took 0.258 seconds
[2024-05-09T09:57:20.149+0200] {processor.py:161} INFO - Started process (PID=120368) to work on /home/munya/.local/lib/python3.11/site-packages/airflow/example_dags/example_nested_branch_dag.py
[2024-05-09T09:57:20.152+0200] {processor.py:830} INFO - Processing file /home/munya/.local/lib/python3.11/site-packages/airflow/example_dags/example_nested_branch_dag.py for tasks to queue
[2024-05-09T09:57:20.154+0200] {logging_mixin.py:188} INFO - [2024-05-09T09:57:20.153+0200] {dagbag.py:540} INFO - Filling up the DagBag from /home/munya/.local/lib/python3.11/site-packages/airflow/example_dags/example_nested_branch_dag.py
[2024-05-09T09:57:20.183+0200] {processor.py:840} INFO - DAG(s) 'example_nested_branch_dag' retrieved from /home/munya/.local/lib/python3.11/site-packages/airflow/example_dags/example_nested_branch_dag.py
[2024-05-09T09:57:20.242+0200] {logging_mixin.py:188} INFO - [2024-05-09T09:57:20.242+0200] {dag.py:3096} INFO - Sync 1 DAGs
[2024-05-09T09:57:20.294+0200] {logging_mixin.py:188} INFO - [2024-05-09T09:57:20.293+0200] {dag.py:3954} INFO - Setting next_dagrun for example_nested_branch_dag to 2024-05-08 00:00:00+00:00, run_after=2024-05-09 00:00:00+00:00
[2024-05-09T09:57:20.347+0200] {processor.py:183} INFO - Processing /home/munya/.local/lib/python3.11/site-packages/airflow/example_dags/example_nested_branch_dag.py took 0.227 seconds
[2024-05-09T09:58:24.404+0200] {processor.py:161} INFO - Started process (PID=121296) to work on /home/munya/.local/lib/python3.11/site-packages/airflow/example_dags/example_nested_branch_dag.py
[2024-05-09T09:58:24.405+0200] {processor.py:830} INFO - Processing file /home/munya/.local/lib/python3.11/site-packages/airflow/example_dags/example_nested_branch_dag.py for tasks to queue
[2024-05-09T09:58:24.405+0200] {logging_mixin.py:188} INFO - [2024-05-09T09:58:24.405+0200] {dagbag.py:540} INFO - Filling up the DagBag from /home/munya/.local/lib/python3.11/site-packages/airflow/example_dags/example_nested_branch_dag.py
[2024-05-09T09:58:24.412+0200] {processor.py:840} INFO - DAG(s) 'example_nested_branch_dag' retrieved from /home/munya/.local/lib/python3.11/site-packages/airflow/example_dags/example_nested_branch_dag.py
[2024-05-09T09:58:24.426+0200] {logging_mixin.py:188} INFO - [2024-05-09T09:58:24.426+0200] {dag.py:3096} INFO - Sync 1 DAGs
[2024-05-09T09:58:24.440+0200] {logging_mixin.py:188} INFO - [2024-05-09T09:58:24.439+0200] {dag.py:3954} INFO - Setting next_dagrun for example_nested_branch_dag to 2024-05-08 00:00:00+00:00, run_after=2024-05-09 00:00:00+00:00
[2024-05-09T09:58:24.456+0200] {processor.py:183} INFO - Processing /home/munya/.local/lib/python3.11/site-packages/airflow/example_dags/example_nested_branch_dag.py took 0.060 seconds
[2024-05-09T09:59:26.565+0200] {processor.py:161} INFO - Started process (PID=122190) to work on /home/munya/.local/lib/python3.11/site-packages/airflow/example_dags/example_nested_branch_dag.py
[2024-05-09T09:59:26.566+0200] {processor.py:830} INFO - Processing file /home/munya/.local/lib/python3.11/site-packages/airflow/example_dags/example_nested_branch_dag.py for tasks to queue
[2024-05-09T09:59:26.567+0200] {logging_mixin.py:188} INFO - [2024-05-09T09:59:26.566+0200] {dagbag.py:540} INFO - Filling up the DagBag from /home/munya/.local/lib/python3.11/site-packages/airflow/example_dags/example_nested_branch_dag.py
[2024-05-09T09:59:26.575+0200] {processor.py:840} INFO - DAG(s) 'example_nested_branch_dag' retrieved from /home/munya/.local/lib/python3.11/site-packages/airflow/example_dags/example_nested_branch_dag.py
[2024-05-09T09:59:26.588+0200] {logging_mixin.py:188} INFO - [2024-05-09T09:59:26.588+0200] {dag.py:3096} INFO - Sync 1 DAGs
[2024-05-09T09:59:26.601+0200] {logging_mixin.py:188} INFO - [2024-05-09T09:59:26.601+0200] {dag.py:3954} INFO - Setting next_dagrun for example_nested_branch_dag to 2024-05-08 00:00:00+00:00, run_after=2024-05-09 00:00:00+00:00
[2024-05-09T09:59:26.619+0200] {processor.py:183} INFO - Processing /home/munya/.local/lib/python3.11/site-packages/airflow/example_dags/example_nested_branch_dag.py took 0.063 seconds
[2024-05-09T10:00:45.925+0200] {processor.py:161} INFO - Started process (PID=123307) to work on /home/munya/.local/lib/python3.11/site-packages/airflow/example_dags/example_nested_branch_dag.py
[2024-05-09T10:00:45.926+0200] {processor.py:830} INFO - Processing file /home/munya/.local/lib/python3.11/site-packages/airflow/example_dags/example_nested_branch_dag.py for tasks to queue
[2024-05-09T10:00:45.927+0200] {logging_mixin.py:188} INFO - [2024-05-09T10:00:45.927+0200] {dagbag.py:540} INFO - Filling up the DagBag from /home/munya/.local/lib/python3.11/site-packages/airflow/example_dags/example_nested_branch_dag.py
[2024-05-09T10:00:45.935+0200] {processor.py:840} INFO - DAG(s) 'example_nested_branch_dag' retrieved from /home/munya/.local/lib/python3.11/site-packages/airflow/example_dags/example_nested_branch_dag.py
[2024-05-09T10:00:45.951+0200] {logging_mixin.py:188} INFO - [2024-05-09T10:00:45.950+0200] {dag.py:3096} INFO - Sync 1 DAGs
[2024-05-09T10:00:45.965+0200] {logging_mixin.py:188} INFO - [2024-05-09T10:00:45.965+0200] {dag.py:3954} INFO - Setting next_dagrun for example_nested_branch_dag to 2024-05-08 00:00:00+00:00, run_after=2024-05-09 00:00:00+00:00
[2024-05-09T10:00:45.983+0200] {processor.py:183} INFO - Processing /home/munya/.local/lib/python3.11/site-packages/airflow/example_dags/example_nested_branch_dag.py took 0.065 seconds
[2024-05-09T10:01:44.607+0200] {processor.py:161} INFO - Started process (PID=124188) to work on /home/munya/.local/lib/python3.11/site-packages/airflow/example_dags/example_nested_branch_dag.py
[2024-05-09T10:01:44.608+0200] {processor.py:830} INFO - Processing file /home/munya/.local/lib/python3.11/site-packages/airflow/example_dags/example_nested_branch_dag.py for tasks to queue
[2024-05-09T10:01:44.609+0200] {logging_mixin.py:188} INFO - [2024-05-09T10:01:44.609+0200] {dagbag.py:540} INFO - Filling up the DagBag from /home/munya/.local/lib/python3.11/site-packages/airflow/example_dags/example_nested_branch_dag.py
[2024-05-09T10:01:44.618+0200] {processor.py:840} INFO - DAG(s) 'example_nested_branch_dag' retrieved from /home/munya/.local/lib/python3.11/site-packages/airflow/example_dags/example_nested_branch_dag.py
[2024-05-09T10:01:44.638+0200] {logging_mixin.py:188} INFO - [2024-05-09T10:01:44.637+0200] {dag.py:3096} INFO - Sync 1 DAGs
[2024-05-09T10:01:44.656+0200] {logging_mixin.py:188} INFO - [2024-05-09T10:01:44.656+0200] {dag.py:3954} INFO - Setting next_dagrun for example_nested_branch_dag to 2024-05-08 00:00:00+00:00, run_after=2024-05-09 00:00:00+00:00
[2024-05-09T10:01:44.674+0200] {processor.py:183} INFO - Processing /home/munya/.local/lib/python3.11/site-packages/airflow/example_dags/example_nested_branch_dag.py took 0.076 seconds
[2024-05-09T10:02:44.833+0200] {processor.py:161} INFO - Started process (PID=125072) to work on /home/munya/.local/lib/python3.11/site-packages/airflow/example_dags/example_nested_branch_dag.py
[2024-05-09T10:02:44.834+0200] {processor.py:830} INFO - Processing file /home/munya/.local/lib/python3.11/site-packages/airflow/example_dags/example_nested_branch_dag.py for tasks to queue
[2024-05-09T10:02:44.835+0200] {logging_mixin.py:188} INFO - [2024-05-09T10:02:44.834+0200] {dagbag.py:540} INFO - Filling up the DagBag from /home/munya/.local/lib/python3.11/site-packages/airflow/example_dags/example_nested_branch_dag.py
[2024-05-09T10:02:44.842+0200] {processor.py:840} INFO - DAG(s) 'example_nested_branch_dag' retrieved from /home/munya/.local/lib/python3.11/site-packages/airflow/example_dags/example_nested_branch_dag.py
[2024-05-09T10:02:44.857+0200] {logging_mixin.py:188} INFO - [2024-05-09T10:02:44.857+0200] {dag.py:3096} INFO - Sync 1 DAGs
[2024-05-09T10:02:44.872+0200] {logging_mixin.py:188} INFO - [2024-05-09T10:02:44.872+0200] {dag.py:3954} INFO - Setting next_dagrun for example_nested_branch_dag to 2024-05-08 00:00:00+00:00, run_after=2024-05-09 00:00:00+00:00
[2024-05-09T10:02:44.889+0200] {processor.py:183} INFO - Processing /home/munya/.local/lib/python3.11/site-packages/airflow/example_dags/example_nested_branch_dag.py took 0.064 seconds
[2024-05-09T10:03:49.123+0200] {processor.py:161} INFO - Started process (PID=125915) to work on /home/munya/.local/lib/python3.11/site-packages/airflow/example_dags/example_nested_branch_dag.py
[2024-05-09T10:03:49.126+0200] {processor.py:830} INFO - Processing file /home/munya/.local/lib/python3.11/site-packages/airflow/example_dags/example_nested_branch_dag.py for tasks to queue
[2024-05-09T10:03:49.128+0200] {logging_mixin.py:188} INFO - [2024-05-09T10:03:49.127+0200] {dagbag.py:540} INFO - Filling up the DagBag from /home/munya/.local/lib/python3.11/site-packages/airflow/example_dags/example_nested_branch_dag.py
[2024-05-09T10:03:49.156+0200] {processor.py:840} INFO - DAG(s) 'example_nested_branch_dag' retrieved from /home/munya/.local/lib/python3.11/site-packages/airflow/example_dags/example_nested_branch_dag.py
[2024-05-09T10:03:49.206+0200] {logging_mixin.py:188} INFO - [2024-05-09T10:03:49.206+0200] {dag.py:3096} INFO - Sync 1 DAGs
[2024-05-09T10:03:49.263+0200] {logging_mixin.py:188} INFO - [2024-05-09T10:03:49.262+0200] {dag.py:3954} INFO - Setting next_dagrun for example_nested_branch_dag to 2024-05-08 00:00:00+00:00, run_after=2024-05-09 00:00:00+00:00
[2024-05-09T10:03:49.329+0200] {processor.py:183} INFO - Processing /home/munya/.local/lib/python3.11/site-packages/airflow/example_dags/example_nested_branch_dag.py took 0.235 seconds
[2024-05-09T10:04:51.401+0200] {processor.py:161} INFO - Started process (PID=126845) to work on /home/munya/.local/lib/python3.11/site-packages/airflow/example_dags/example_nested_branch_dag.py
[2024-05-09T10:04:51.405+0200] {processor.py:830} INFO - Processing file /home/munya/.local/lib/python3.11/site-packages/airflow/example_dags/example_nested_branch_dag.py for tasks to queue
[2024-05-09T10:04:51.408+0200] {logging_mixin.py:188} INFO - [2024-05-09T10:04:51.407+0200] {dagbag.py:540} INFO - Filling up the DagBag from /home/munya/.local/lib/python3.11/site-packages/airflow/example_dags/example_nested_branch_dag.py
[2024-05-09T10:04:51.448+0200] {processor.py:840} INFO - DAG(s) 'example_nested_branch_dag' retrieved from /home/munya/.local/lib/python3.11/site-packages/airflow/example_dags/example_nested_branch_dag.py
[2024-05-09T10:04:51.523+0200] {logging_mixin.py:188} INFO - [2024-05-09T10:04:51.523+0200] {dag.py:3096} INFO - Sync 1 DAGs
[2024-05-09T10:04:51.577+0200] {logging_mixin.py:188} INFO - [2024-05-09T10:04:51.577+0200] {dag.py:3954} INFO - Setting next_dagrun for example_nested_branch_dag to 2024-05-08 00:00:00+00:00, run_after=2024-05-09 00:00:00+00:00
[2024-05-09T10:04:51.631+0200] {processor.py:183} INFO - Processing /home/munya/.local/lib/python3.11/site-packages/airflow/example_dags/example_nested_branch_dag.py took 0.265 seconds
[2024-05-09T10:05:49.562+0200] {processor.py:161} INFO - Started process (PID=127700) to work on /home/munya/.local/lib/python3.11/site-packages/airflow/example_dags/example_nested_branch_dag.py
[2024-05-09T10:05:49.572+0200] {processor.py:830} INFO - Processing file /home/munya/.local/lib/python3.11/site-packages/airflow/example_dags/example_nested_branch_dag.py for tasks to queue
[2024-05-09T10:05:49.579+0200] {logging_mixin.py:188} INFO - [2024-05-09T10:05:49.574+0200] {dagbag.py:540} INFO - Filling up the DagBag from /home/munya/.local/lib/python3.11/site-packages/airflow/example_dags/example_nested_branch_dag.py
[2024-05-09T10:05:49.640+0200] {processor.py:840} INFO - DAG(s) 'example_nested_branch_dag' retrieved from /home/munya/.local/lib/python3.11/site-packages/airflow/example_dags/example_nested_branch_dag.py
[2024-05-09T10:05:49.745+0200] {logging_mixin.py:188} INFO - [2024-05-09T10:05:49.743+0200] {dag.py:3096} INFO - Sync 1 DAGs
[2024-05-09T10:05:49.853+0200] {logging_mixin.py:188} INFO - [2024-05-09T10:05:49.852+0200] {dag.py:3954} INFO - Setting next_dagrun for example_nested_branch_dag to 2024-05-08 00:00:00+00:00, run_after=2024-05-09 00:00:00+00:00
[2024-05-09T10:05:50.007+0200] {processor.py:183} INFO - Processing /home/munya/.local/lib/python3.11/site-packages/airflow/example_dags/example_nested_branch_dag.py took 0.492 seconds
[2024-05-09T10:06:47.357+0200] {processor.py:161} INFO - Started process (PID=128613) to work on /home/munya/.local/lib/python3.11/site-packages/airflow/example_dags/example_nested_branch_dag.py
[2024-05-09T10:06:47.358+0200] {processor.py:830} INFO - Processing file /home/munya/.local/lib/python3.11/site-packages/airflow/example_dags/example_nested_branch_dag.py for tasks to queue
[2024-05-09T10:06:47.359+0200] {logging_mixin.py:188} INFO - [2024-05-09T10:06:47.358+0200] {dagbag.py:540} INFO - Filling up the DagBag from /home/munya/.local/lib/python3.11/site-packages/airflow/example_dags/example_nested_branch_dag.py
[2024-05-09T10:06:47.366+0200] {processor.py:840} INFO - DAG(s) 'example_nested_branch_dag' retrieved from /home/munya/.local/lib/python3.11/site-packages/airflow/example_dags/example_nested_branch_dag.py
[2024-05-09T10:06:47.379+0200] {logging_mixin.py:188} INFO - [2024-05-09T10:06:47.379+0200] {dag.py:3096} INFO - Sync 1 DAGs
[2024-05-09T10:06:47.393+0200] {logging_mixin.py:188} INFO - [2024-05-09T10:06:47.393+0200] {dag.py:3954} INFO - Setting next_dagrun for example_nested_branch_dag to 2024-05-08 00:00:00+00:00, run_after=2024-05-09 00:00:00+00:00
[2024-05-09T10:06:47.409+0200] {processor.py:183} INFO - Processing /home/munya/.local/lib/python3.11/site-packages/airflow/example_dags/example_nested_branch_dag.py took 0.060 seconds
[2024-05-09T10:07:51.284+0200] {processor.py:161} INFO - Started process (PID=129498) to work on /home/munya/.local/lib/python3.11/site-packages/airflow/example_dags/example_nested_branch_dag.py
[2024-05-09T10:07:51.284+0200] {processor.py:830} INFO - Processing file /home/munya/.local/lib/python3.11/site-packages/airflow/example_dags/example_nested_branch_dag.py for tasks to queue
[2024-05-09T10:07:51.285+0200] {logging_mixin.py:188} INFO - [2024-05-09T10:07:51.285+0200] {dagbag.py:540} INFO - Filling up the DagBag from /home/munya/.local/lib/python3.11/site-packages/airflow/example_dags/example_nested_branch_dag.py
[2024-05-09T10:07:51.292+0200] {processor.py:840} INFO - DAG(s) 'example_nested_branch_dag' retrieved from /home/munya/.local/lib/python3.11/site-packages/airflow/example_dags/example_nested_branch_dag.py
[2024-05-09T10:07:51.306+0200] {logging_mixin.py:188} INFO - [2024-05-09T10:07:51.306+0200] {dag.py:3096} INFO - Sync 1 DAGs
[2024-05-09T10:07:51.319+0200] {logging_mixin.py:188} INFO - [2024-05-09T10:07:51.319+0200] {dag.py:3954} INFO - Setting next_dagrun for example_nested_branch_dag to 2024-05-08 00:00:00+00:00, run_after=2024-05-09 00:00:00+00:00
[2024-05-09T10:07:51.334+0200] {processor.py:183} INFO - Processing /home/munya/.local/lib/python3.11/site-packages/airflow/example_dags/example_nested_branch_dag.py took 0.058 seconds
[2024-05-09T10:08:54.536+0200] {processor.py:161} INFO - Started process (PID=130404) to work on /home/munya/.local/lib/python3.11/site-packages/airflow/example_dags/example_nested_branch_dag.py
[2024-05-09T10:08:54.537+0200] {processor.py:830} INFO - Processing file /home/munya/.local/lib/python3.11/site-packages/airflow/example_dags/example_nested_branch_dag.py for tasks to queue
[2024-05-09T10:08:54.538+0200] {logging_mixin.py:188} INFO - [2024-05-09T10:08:54.537+0200] {dagbag.py:540} INFO - Filling up the DagBag from /home/munya/.local/lib/python3.11/site-packages/airflow/example_dags/example_nested_branch_dag.py
[2024-05-09T10:08:54.545+0200] {processor.py:840} INFO - DAG(s) 'example_nested_branch_dag' retrieved from /home/munya/.local/lib/python3.11/site-packages/airflow/example_dags/example_nested_branch_dag.py
[2024-05-09T10:08:54.559+0200] {logging_mixin.py:188} INFO - [2024-05-09T10:08:54.559+0200] {dag.py:3096} INFO - Sync 1 DAGs
[2024-05-09T10:08:54.573+0200] {logging_mixin.py:188} INFO - [2024-05-09T10:08:54.573+0200] {dag.py:3954} INFO - Setting next_dagrun for example_nested_branch_dag to 2024-05-08 00:00:00+00:00, run_after=2024-05-09 00:00:00+00:00
[2024-05-09T10:08:54.590+0200] {processor.py:183} INFO - Processing /home/munya/.local/lib/python3.11/site-packages/airflow/example_dags/example_nested_branch_dag.py took 0.061 seconds
[2024-05-09T10:09:51.154+0200] {processor.py:161} INFO - Started process (PID=131215) to work on /home/munya/.local/lib/python3.11/site-packages/airflow/example_dags/example_nested_branch_dag.py
[2024-05-09T10:09:51.155+0200] {processor.py:830} INFO - Processing file /home/munya/.local/lib/python3.11/site-packages/airflow/example_dags/example_nested_branch_dag.py for tasks to queue
[2024-05-09T10:09:51.156+0200] {logging_mixin.py:188} INFO - [2024-05-09T10:09:51.156+0200] {dagbag.py:540} INFO - Filling up the DagBag from /home/munya/.local/lib/python3.11/site-packages/airflow/example_dags/example_nested_branch_dag.py
[2024-05-09T10:09:51.165+0200] {processor.py:840} INFO - DAG(s) 'example_nested_branch_dag' retrieved from /home/munya/.local/lib/python3.11/site-packages/airflow/example_dags/example_nested_branch_dag.py
[2024-05-09T10:09:51.181+0200] {logging_mixin.py:188} INFO - [2024-05-09T10:09:51.181+0200] {dag.py:3096} INFO - Sync 1 DAGs
[2024-05-09T10:09:51.197+0200] {logging_mixin.py:188} INFO - [2024-05-09T10:09:51.197+0200] {dag.py:3954} INFO - Setting next_dagrun for example_nested_branch_dag to 2024-05-08 00:00:00+00:00, run_after=2024-05-09 00:00:00+00:00
[2024-05-09T10:09:51.216+0200] {processor.py:183} INFO - Processing /home/munya/.local/lib/python3.11/site-packages/airflow/example_dags/example_nested_branch_dag.py took 0.071 seconds
[2024-05-09T10:10:44.837+0200] {processor.py:161} INFO - Started process (PID=131928) to work on /home/munya/.local/lib/python3.11/site-packages/airflow/example_dags/example_nested_branch_dag.py
[2024-05-09T10:10:44.838+0200] {processor.py:830} INFO - Processing file /home/munya/.local/lib/python3.11/site-packages/airflow/example_dags/example_nested_branch_dag.py for tasks to queue
[2024-05-09T10:10:44.840+0200] {logging_mixin.py:188} INFO - [2024-05-09T10:10:44.839+0200] {dagbag.py:540} INFO - Filling up the DagBag from /home/munya/.local/lib/python3.11/site-packages/airflow/example_dags/example_nested_branch_dag.py
[2024-05-09T10:10:44.849+0200] {processor.py:840} INFO - DAG(s) 'example_nested_branch_dag' retrieved from /home/munya/.local/lib/python3.11/site-packages/airflow/example_dags/example_nested_branch_dag.py
[2024-05-09T10:10:44.865+0200] {logging_mixin.py:188} INFO - [2024-05-09T10:10:44.865+0200] {dag.py:3096} INFO - Sync 1 DAGs
[2024-05-09T10:10:44.882+0200] {logging_mixin.py:188} INFO - [2024-05-09T10:10:44.881+0200] {dag.py:3954} INFO - Setting next_dagrun for example_nested_branch_dag to 2024-05-08 00:00:00+00:00, run_after=2024-05-09 00:00:00+00:00
[2024-05-09T10:10:44.900+0200] {processor.py:183} INFO - Processing /home/munya/.local/lib/python3.11/site-packages/airflow/example_dags/example_nested_branch_dag.py took 0.072 seconds
[2024-05-09T10:11:41.608+0200] {processor.py:161} INFO - Started process (PID=132704) to work on /home/munya/.local/lib/python3.11/site-packages/airflow/example_dags/example_nested_branch_dag.py
[2024-05-09T10:11:41.611+0200] {processor.py:830} INFO - Processing file /home/munya/.local/lib/python3.11/site-packages/airflow/example_dags/example_nested_branch_dag.py for tasks to queue
[2024-05-09T10:11:41.612+0200] {logging_mixin.py:188} INFO - [2024-05-09T10:11:41.611+0200] {dagbag.py:540} INFO - Filling up the DagBag from /home/munya/.local/lib/python3.11/site-packages/airflow/example_dags/example_nested_branch_dag.py
[2024-05-09T10:11:41.620+0200] {processor.py:840} INFO - DAG(s) 'example_nested_branch_dag' retrieved from /home/munya/.local/lib/python3.11/site-packages/airflow/example_dags/example_nested_branch_dag.py
[2024-05-09T10:11:41.636+0200] {logging_mixin.py:188} INFO - [2024-05-09T10:11:41.636+0200] {dag.py:3096} INFO - Sync 1 DAGs
[2024-05-09T10:11:41.652+0200] {logging_mixin.py:188} INFO - [2024-05-09T10:11:41.652+0200] {dag.py:3954} INFO - Setting next_dagrun for example_nested_branch_dag to 2024-05-08 00:00:00+00:00, run_after=2024-05-09 00:00:00+00:00
[2024-05-09T10:11:41.669+0200] {processor.py:183} INFO - Processing /home/munya/.local/lib/python3.11/site-packages/airflow/example_dags/example_nested_branch_dag.py took 0.070 seconds
[2024-05-09T10:12:38.235+0200] {processor.py:161} INFO - Started process (PID=133452) to work on /home/munya/.local/lib/python3.11/site-packages/airflow/example_dags/example_nested_branch_dag.py
[2024-05-09T10:12:38.236+0200] {processor.py:830} INFO - Processing file /home/munya/.local/lib/python3.11/site-packages/airflow/example_dags/example_nested_branch_dag.py for tasks to queue
[2024-05-09T10:12:38.237+0200] {logging_mixin.py:188} INFO - [2024-05-09T10:12:38.237+0200] {dagbag.py:540} INFO - Filling up the DagBag from /home/munya/.local/lib/python3.11/site-packages/airflow/example_dags/example_nested_branch_dag.py
[2024-05-09T10:12:38.249+0200] {processor.py:840} INFO - DAG(s) 'example_nested_branch_dag' retrieved from /home/munya/.local/lib/python3.11/site-packages/airflow/example_dags/example_nested_branch_dag.py
[2024-05-09T10:12:38.271+0200] {logging_mixin.py:188} INFO - [2024-05-09T10:12:38.271+0200] {dag.py:3096} INFO - Sync 1 DAGs
[2024-05-09T10:12:38.293+0200] {logging_mixin.py:188} INFO - [2024-05-09T10:12:38.293+0200] {dag.py:3954} INFO - Setting next_dagrun for example_nested_branch_dag to 2024-05-08 00:00:00+00:00, run_after=2024-05-09 00:00:00+00:00
[2024-05-09T10:12:38.328+0200] {processor.py:183} INFO - Processing /home/munya/.local/lib/python3.11/site-packages/airflow/example_dags/example_nested_branch_dag.py took 0.106 seconds
[2024-05-09T10:13:35.765+0200] {processor.py:161} INFO - Started process (PID=134229) to work on /home/munya/.local/lib/python3.11/site-packages/airflow/example_dags/example_nested_branch_dag.py
[2024-05-09T10:13:35.766+0200] {processor.py:830} INFO - Processing file /home/munya/.local/lib/python3.11/site-packages/airflow/example_dags/example_nested_branch_dag.py for tasks to queue
[2024-05-09T10:13:35.767+0200] {logging_mixin.py:188} INFO - [2024-05-09T10:13:35.766+0200] {dagbag.py:540} INFO - Filling up the DagBag from /home/munya/.local/lib/python3.11/site-packages/airflow/example_dags/example_nested_branch_dag.py
[2024-05-09T10:13:35.776+0200] {processor.py:840} INFO - DAG(s) 'example_nested_branch_dag' retrieved from /home/munya/.local/lib/python3.11/site-packages/airflow/example_dags/example_nested_branch_dag.py
[2024-05-09T10:13:35.792+0200] {logging_mixin.py:188} INFO - [2024-05-09T10:13:35.792+0200] {dag.py:3096} INFO - Sync 1 DAGs
[2024-05-09T10:13:35.808+0200] {logging_mixin.py:188} INFO - [2024-05-09T10:13:35.808+0200] {dag.py:3954} INFO - Setting next_dagrun for example_nested_branch_dag to 2024-05-08 00:00:00+00:00, run_after=2024-05-09 00:00:00+00:00
[2024-05-09T10:13:35.825+0200] {processor.py:183} INFO - Processing /home/munya/.local/lib/python3.11/site-packages/airflow/example_dags/example_nested_branch_dag.py took 0.068 seconds
[2024-05-09T10:14:31.714+0200] {processor.py:161} INFO - Started process (PID=134967) to work on /home/munya/.local/lib/python3.11/site-packages/airflow/example_dags/example_nested_branch_dag.py
[2024-05-09T10:14:31.716+0200] {processor.py:830} INFO - Processing file /home/munya/.local/lib/python3.11/site-packages/airflow/example_dags/example_nested_branch_dag.py for tasks to queue
[2024-05-09T10:14:31.717+0200] {logging_mixin.py:188} INFO - [2024-05-09T10:14:31.716+0200] {dagbag.py:540} INFO - Filling up the DagBag from /home/munya/.local/lib/python3.11/site-packages/airflow/example_dags/example_nested_branch_dag.py
[2024-05-09T10:14:31.728+0200] {processor.py:840} INFO - DAG(s) 'example_nested_branch_dag' retrieved from /home/munya/.local/lib/python3.11/site-packages/airflow/example_dags/example_nested_branch_dag.py
[2024-05-09T10:14:31.749+0200] {logging_mixin.py:188} INFO - [2024-05-09T10:14:31.749+0200] {dag.py:3096} INFO - Sync 1 DAGs
[2024-05-09T10:14:31.773+0200] {logging_mixin.py:188} INFO - [2024-05-09T10:14:31.773+0200] {dag.py:3954} INFO - Setting next_dagrun for example_nested_branch_dag to 2024-05-08 00:00:00+00:00, run_after=2024-05-09 00:00:00+00:00
[2024-05-09T10:14:31.797+0200] {processor.py:183} INFO - Processing /home/munya/.local/lib/python3.11/site-packages/airflow/example_dags/example_nested_branch_dag.py took 0.094 seconds
[2024-05-09T10:15:24.444+0200] {processor.py:161} INFO - Started process (PID=135657) to work on /home/munya/.local/lib/python3.11/site-packages/airflow/example_dags/example_nested_branch_dag.py
[2024-05-09T10:15:24.445+0200] {processor.py:830} INFO - Processing file /home/munya/.local/lib/python3.11/site-packages/airflow/example_dags/example_nested_branch_dag.py for tasks to queue
[2024-05-09T10:15:24.446+0200] {logging_mixin.py:188} INFO - [2024-05-09T10:15:24.446+0200] {dagbag.py:540} INFO - Filling up the DagBag from /home/munya/.local/lib/python3.11/site-packages/airflow/example_dags/example_nested_branch_dag.py
[2024-05-09T10:15:24.455+0200] {processor.py:840} INFO - DAG(s) 'example_nested_branch_dag' retrieved from /home/munya/.local/lib/python3.11/site-packages/airflow/example_dags/example_nested_branch_dag.py
[2024-05-09T10:15:24.471+0200] {logging_mixin.py:188} INFO - [2024-05-09T10:15:24.471+0200] {dag.py:3096} INFO - Sync 1 DAGs
[2024-05-09T10:15:24.487+0200] {logging_mixin.py:188} INFO - [2024-05-09T10:15:24.486+0200] {dag.py:3954} INFO - Setting next_dagrun for example_nested_branch_dag to 2024-05-08 00:00:00+00:00, run_after=2024-05-09 00:00:00+00:00
[2024-05-09T10:15:24.503+0200] {processor.py:183} INFO - Processing /home/munya/.local/lib/python3.11/site-packages/airflow/example_dags/example_nested_branch_dag.py took 0.068 seconds
[2024-05-09T10:16:16.355+0200] {processor.py:161} INFO - Started process (PID=136349) to work on /home/munya/.local/lib/python3.11/site-packages/airflow/example_dags/example_nested_branch_dag.py
[2024-05-09T10:16:16.357+0200] {processor.py:830} INFO - Processing file /home/munya/.local/lib/python3.11/site-packages/airflow/example_dags/example_nested_branch_dag.py for tasks to queue
[2024-05-09T10:16:16.360+0200] {logging_mixin.py:188} INFO - [2024-05-09T10:16:16.359+0200] {dagbag.py:540} INFO - Filling up the DagBag from /home/munya/.local/lib/python3.11/site-packages/airflow/example_dags/example_nested_branch_dag.py
[2024-05-09T10:16:16.387+0200] {processor.py:840} INFO - DAG(s) 'example_nested_branch_dag' retrieved from /home/munya/.local/lib/python3.11/site-packages/airflow/example_dags/example_nested_branch_dag.py
[2024-05-09T10:16:16.439+0200] {logging_mixin.py:188} INFO - [2024-05-09T10:16:16.438+0200] {dag.py:3096} INFO - Sync 1 DAGs
[2024-05-09T10:16:16.489+0200] {logging_mixin.py:188} INFO - [2024-05-09T10:16:16.489+0200] {dag.py:3954} INFO - Setting next_dagrun for example_nested_branch_dag to 2024-05-08 00:00:00+00:00, run_after=2024-05-09 00:00:00+00:00
[2024-05-09T10:16:16.541+0200] {processor.py:183} INFO - Processing /home/munya/.local/lib/python3.11/site-packages/airflow/example_dags/example_nested_branch_dag.py took 0.216 seconds
[2024-05-09T10:17:13.917+0200] {processor.py:161} INFO - Started process (PID=137099) to work on /home/munya/.local/lib/python3.11/site-packages/airflow/example_dags/example_nested_branch_dag.py
[2024-05-09T10:17:13.919+0200] {processor.py:830} INFO - Processing file /home/munya/.local/lib/python3.11/site-packages/airflow/example_dags/example_nested_branch_dag.py for tasks to queue
[2024-05-09T10:17:13.923+0200] {logging_mixin.py:188} INFO - [2024-05-09T10:17:13.921+0200] {dagbag.py:540} INFO - Filling up the DagBag from /home/munya/.local/lib/python3.11/site-packages/airflow/example_dags/example_nested_branch_dag.py
[2024-05-09T10:17:13.953+0200] {processor.py:840} INFO - DAG(s) 'example_nested_branch_dag' retrieved from /home/munya/.local/lib/python3.11/site-packages/airflow/example_dags/example_nested_branch_dag.py
[2024-05-09T10:17:14.009+0200] {logging_mixin.py:188} INFO - [2024-05-09T10:17:14.009+0200] {dag.py:3096} INFO - Sync 1 DAGs
[2024-05-09T10:17:14.066+0200] {logging_mixin.py:188} INFO - [2024-05-09T10:17:14.066+0200] {dag.py:3954} INFO - Setting next_dagrun for example_nested_branch_dag to 2024-05-08 00:00:00+00:00, run_after=2024-05-09 00:00:00+00:00
[2024-05-09T10:17:14.131+0200] {processor.py:183} INFO - Processing /home/munya/.local/lib/python3.11/site-packages/airflow/example_dags/example_nested_branch_dag.py took 0.249 seconds
[2024-05-09T10:18:14.902+0200] {processor.py:161} INFO - Started process (PID=137916) to work on /home/munya/.local/lib/python3.11/site-packages/airflow/example_dags/example_nested_branch_dag.py
[2024-05-09T10:18:14.903+0200] {processor.py:830} INFO - Processing file /home/munya/.local/lib/python3.11/site-packages/airflow/example_dags/example_nested_branch_dag.py for tasks to queue
[2024-05-09T10:18:14.904+0200] {logging_mixin.py:188} INFO - [2024-05-09T10:18:14.904+0200] {dagbag.py:540} INFO - Filling up the DagBag from /home/munya/.local/lib/python3.11/site-packages/airflow/example_dags/example_nested_branch_dag.py
[2024-05-09T10:18:14.912+0200] {processor.py:840} INFO - DAG(s) 'example_nested_branch_dag' retrieved from /home/munya/.local/lib/python3.11/site-packages/airflow/example_dags/example_nested_branch_dag.py
[2024-05-09T10:18:14.928+0200] {logging_mixin.py:188} INFO - [2024-05-09T10:18:14.927+0200] {dag.py:3096} INFO - Sync 1 DAGs
[2024-05-09T10:18:14.944+0200] {logging_mixin.py:188} INFO - [2024-05-09T10:18:14.944+0200] {dag.py:3954} INFO - Setting next_dagrun for example_nested_branch_dag to 2024-05-08 00:00:00+00:00, run_after=2024-05-09 00:00:00+00:00
[2024-05-09T10:18:14.962+0200] {processor.py:183} INFO - Processing /home/munya/.local/lib/python3.11/site-packages/airflow/example_dags/example_nested_branch_dag.py took 0.069 seconds
[2024-05-09T10:19:08.484+0200] {processor.py:161} INFO - Started process (PID=138603) to work on /home/munya/.local/lib/python3.11/site-packages/airflow/example_dags/example_nested_branch_dag.py
[2024-05-09T10:19:08.485+0200] {processor.py:830} INFO - Processing file /home/munya/.local/lib/python3.11/site-packages/airflow/example_dags/example_nested_branch_dag.py for tasks to queue
[2024-05-09T10:19:08.486+0200] {logging_mixin.py:188} INFO - [2024-05-09T10:19:08.486+0200] {dagbag.py:540} INFO - Filling up the DagBag from /home/munya/.local/lib/python3.11/site-packages/airflow/example_dags/example_nested_branch_dag.py
[2024-05-09T10:19:08.496+0200] {processor.py:840} INFO - DAG(s) 'example_nested_branch_dag' retrieved from /home/munya/.local/lib/python3.11/site-packages/airflow/example_dags/example_nested_branch_dag.py
[2024-05-09T10:19:08.512+0200] {logging_mixin.py:188} INFO - [2024-05-09T10:19:08.512+0200] {dag.py:3096} INFO - Sync 1 DAGs
[2024-05-09T10:19:08.527+0200] {logging_mixin.py:188} INFO - [2024-05-09T10:19:08.527+0200] {dag.py:3954} INFO - Setting next_dagrun for example_nested_branch_dag to 2024-05-08 00:00:00+00:00, run_after=2024-05-09 00:00:00+00:00
[2024-05-09T10:19:08.552+0200] {processor.py:183} INFO - Processing /home/munya/.local/lib/python3.11/site-packages/airflow/example_dags/example_nested_branch_dag.py took 0.075 seconds
[2024-05-09T10:20:00.926+0200] {processor.py:161} INFO - Started process (PID=139291) to work on /home/munya/.local/lib/python3.11/site-packages/airflow/example_dags/example_nested_branch_dag.py
[2024-05-09T10:20:00.927+0200] {processor.py:830} INFO - Processing file /home/munya/.local/lib/python3.11/site-packages/airflow/example_dags/example_nested_branch_dag.py for tasks to queue
[2024-05-09T10:20:00.928+0200] {logging_mixin.py:188} INFO - [2024-05-09T10:20:00.928+0200] {dagbag.py:540} INFO - Filling up the DagBag from /home/munya/.local/lib/python3.11/site-packages/airflow/example_dags/example_nested_branch_dag.py
[2024-05-09T10:20:00.940+0200] {processor.py:840} INFO - DAG(s) 'example_nested_branch_dag' retrieved from /home/munya/.local/lib/python3.11/site-packages/airflow/example_dags/example_nested_branch_dag.py
[2024-05-09T10:20:00.963+0200] {logging_mixin.py:188} INFO - [2024-05-09T10:20:00.962+0200] {dag.py:3096} INFO - Sync 1 DAGs
[2024-05-09T10:20:00.986+0200] {logging_mixin.py:188} INFO - [2024-05-09T10:20:00.986+0200] {dag.py:3954} INFO - Setting next_dagrun for example_nested_branch_dag to 2024-05-08 00:00:00+00:00, run_after=2024-05-09 00:00:00+00:00
[2024-05-09T10:20:01.010+0200] {processor.py:183} INFO - Processing /home/munya/.local/lib/python3.11/site-packages/airflow/example_dags/example_nested_branch_dag.py took 0.098 seconds
[2024-05-09T10:20:57.205+0200] {processor.py:161} INFO - Started process (PID=140026) to work on /home/munya/.local/lib/python3.11/site-packages/airflow/example_dags/example_nested_branch_dag.py
[2024-05-09T10:20:57.206+0200] {processor.py:830} INFO - Processing file /home/munya/.local/lib/python3.11/site-packages/airflow/example_dags/example_nested_branch_dag.py for tasks to queue
[2024-05-09T10:20:57.206+0200] {logging_mixin.py:188} INFO - [2024-05-09T10:20:57.206+0200] {dagbag.py:540} INFO - Filling up the DagBag from /home/munya/.local/lib/python3.11/site-packages/airflow/example_dags/example_nested_branch_dag.py
[2024-05-09T10:20:57.214+0200] {processor.py:840} INFO - DAG(s) 'example_nested_branch_dag' retrieved from /home/munya/.local/lib/python3.11/site-packages/airflow/example_dags/example_nested_branch_dag.py
[2024-05-09T10:20:57.232+0200] {logging_mixin.py:188} INFO - [2024-05-09T10:20:57.232+0200] {dag.py:3096} INFO - Sync 1 DAGs
[2024-05-09T10:20:57.248+0200] {logging_mixin.py:188} INFO - [2024-05-09T10:20:57.248+0200] {dag.py:3954} INFO - Setting next_dagrun for example_nested_branch_dag to 2024-05-08 00:00:00+00:00, run_after=2024-05-09 00:00:00+00:00
[2024-05-09T10:20:57.268+0200] {processor.py:183} INFO - Processing /home/munya/.local/lib/python3.11/site-packages/airflow/example_dags/example_nested_branch_dag.py took 0.072 seconds
[2024-05-09T10:21:55.507+0200] {processor.py:161} INFO - Started process (PID=140788) to work on /home/munya/.local/lib/python3.11/site-packages/airflow/example_dags/example_nested_branch_dag.py
[2024-05-09T10:21:55.508+0200] {processor.py:830} INFO - Processing file /home/munya/.local/lib/python3.11/site-packages/airflow/example_dags/example_nested_branch_dag.py for tasks to queue
[2024-05-09T10:21:55.509+0200] {logging_mixin.py:188} INFO - [2024-05-09T10:21:55.509+0200] {dagbag.py:540} INFO - Filling up the DagBag from /home/munya/.local/lib/python3.11/site-packages/airflow/example_dags/example_nested_branch_dag.py
[2024-05-09T10:21:55.521+0200] {processor.py:840} INFO - DAG(s) 'example_nested_branch_dag' retrieved from /home/munya/.local/lib/python3.11/site-packages/airflow/example_dags/example_nested_branch_dag.py
[2024-05-09T10:21:55.544+0200] {logging_mixin.py:188} INFO - [2024-05-09T10:21:55.543+0200] {dag.py:3096} INFO - Sync 1 DAGs
[2024-05-09T10:21:55.566+0200] {logging_mixin.py:188} INFO - [2024-05-09T10:21:55.566+0200] {dag.py:3954} INFO - Setting next_dagrun for example_nested_branch_dag to 2024-05-08 00:00:00+00:00, run_after=2024-05-09 00:00:00+00:00
[2024-05-09T10:21:55.594+0200] {processor.py:183} INFO - Processing /home/munya/.local/lib/python3.11/site-packages/airflow/example_dags/example_nested_branch_dag.py took 0.099 seconds
[2024-05-09T10:22:56.260+0200] {processor.py:161} INFO - Started process (PID=141551) to work on /home/munya/.local/lib/python3.11/site-packages/airflow/example_dags/example_nested_branch_dag.py
[2024-05-09T10:22:56.261+0200] {processor.py:830} INFO - Processing file /home/munya/.local/lib/python3.11/site-packages/airflow/example_dags/example_nested_branch_dag.py for tasks to queue
[2024-05-09T10:22:56.262+0200] {logging_mixin.py:188} INFO - [2024-05-09T10:22:56.262+0200] {dagbag.py:540} INFO - Filling up the DagBag from /home/munya/.local/lib/python3.11/site-packages/airflow/example_dags/example_nested_branch_dag.py
[2024-05-09T10:22:56.270+0200] {processor.py:840} INFO - DAG(s) 'example_nested_branch_dag' retrieved from /home/munya/.local/lib/python3.11/site-packages/airflow/example_dags/example_nested_branch_dag.py
[2024-05-09T10:22:56.284+0200] {logging_mixin.py:188} INFO - [2024-05-09T10:22:56.284+0200] {dag.py:3096} INFO - Sync 1 DAGs
[2024-05-09T10:22:56.298+0200] {logging_mixin.py:188} INFO - [2024-05-09T10:22:56.297+0200] {dag.py:3954} INFO - Setting next_dagrun for example_nested_branch_dag to 2024-05-08 00:00:00+00:00, run_after=2024-05-09 00:00:00+00:00
[2024-05-09T10:22:56.315+0200] {processor.py:183} INFO - Processing /home/munya/.local/lib/python3.11/site-packages/airflow/example_dags/example_nested_branch_dag.py took 0.063 seconds
[2024-05-09T10:23:53.926+0200] {processor.py:161} INFO - Started process (PID=142201) to work on /home/munya/.local/lib/python3.11/site-packages/airflow/example_dags/example_nested_branch_dag.py
[2024-05-09T10:23:53.927+0200] {processor.py:830} INFO - Processing file /home/munya/.local/lib/python3.11/site-packages/airflow/example_dags/example_nested_branch_dag.py for tasks to queue
[2024-05-09T10:23:53.928+0200] {logging_mixin.py:188} INFO - [2024-05-09T10:23:53.927+0200] {dagbag.py:540} INFO - Filling up the DagBag from /home/munya/.local/lib/python3.11/site-packages/airflow/example_dags/example_nested_branch_dag.py
[2024-05-09T10:23:53.935+0200] {processor.py:840} INFO - DAG(s) 'example_nested_branch_dag' retrieved from /home/munya/.local/lib/python3.11/site-packages/airflow/example_dags/example_nested_branch_dag.py
[2024-05-09T10:23:53.948+0200] {logging_mixin.py:188} INFO - [2024-05-09T10:23:53.948+0200] {dag.py:3096} INFO - Sync 1 DAGs
[2024-05-09T10:23:53.961+0200] {logging_mixin.py:188} INFO - [2024-05-09T10:23:53.961+0200] {dag.py:3954} INFO - Setting next_dagrun for example_nested_branch_dag to 2024-05-08 00:00:00+00:00, run_after=2024-05-09 00:00:00+00:00
[2024-05-09T10:23:53.977+0200] {processor.py:183} INFO - Processing /home/munya/.local/lib/python3.11/site-packages/airflow/example_dags/example_nested_branch_dag.py took 0.059 seconds
[2024-05-09T10:24:56.444+0200] {processor.py:161} INFO - Started process (PID=142903) to work on /home/munya/.local/lib/python3.11/site-packages/airflow/example_dags/example_nested_branch_dag.py
[2024-05-09T10:24:56.445+0200] {processor.py:830} INFO - Processing file /home/munya/.local/lib/python3.11/site-packages/airflow/example_dags/example_nested_branch_dag.py for tasks to queue
[2024-05-09T10:24:56.445+0200] {logging_mixin.py:188} INFO - [2024-05-09T10:24:56.445+0200] {dagbag.py:540} INFO - Filling up the DagBag from /home/munya/.local/lib/python3.11/site-packages/airflow/example_dags/example_nested_branch_dag.py
[2024-05-09T10:24:56.452+0200] {processor.py:840} INFO - DAG(s) 'example_nested_branch_dag' retrieved from /home/munya/.local/lib/python3.11/site-packages/airflow/example_dags/example_nested_branch_dag.py
[2024-05-09T10:24:56.465+0200] {logging_mixin.py:188} INFO - [2024-05-09T10:24:56.465+0200] {dag.py:3096} INFO - Sync 1 DAGs
[2024-05-09T10:24:56.478+0200] {logging_mixin.py:188} INFO - [2024-05-09T10:24:56.478+0200] {dag.py:3954} INFO - Setting next_dagrun for example_nested_branch_dag to 2024-05-08 00:00:00+00:00, run_after=2024-05-09 00:00:00+00:00
[2024-05-09T10:24:56.493+0200] {processor.py:183} INFO - Processing /home/munya/.local/lib/python3.11/site-packages/airflow/example_dags/example_nested_branch_dag.py took 0.057 seconds
[2024-05-09T10:25:59.208+0200] {processor.py:161} INFO - Started process (PID=143642) to work on /home/munya/.local/lib/python3.11/site-packages/airflow/example_dags/example_nested_branch_dag.py
[2024-05-09T10:25:59.209+0200] {processor.py:830} INFO - Processing file /home/munya/.local/lib/python3.11/site-packages/airflow/example_dags/example_nested_branch_dag.py for tasks to queue
[2024-05-09T10:25:59.210+0200] {logging_mixin.py:188} INFO - [2024-05-09T10:25:59.209+0200] {dagbag.py:540} INFO - Filling up the DagBag from /home/munya/.local/lib/python3.11/site-packages/airflow/example_dags/example_nested_branch_dag.py
[2024-05-09T10:25:59.217+0200] {processor.py:840} INFO - DAG(s) 'example_nested_branch_dag' retrieved from /home/munya/.local/lib/python3.11/site-packages/airflow/example_dags/example_nested_branch_dag.py
[2024-05-09T10:25:59.232+0200] {logging_mixin.py:188} INFO - [2024-05-09T10:25:59.232+0200] {dag.py:3096} INFO - Sync 1 DAGs
[2024-05-09T10:25:59.246+0200] {logging_mixin.py:188} INFO - [2024-05-09T10:25:59.245+0200] {dag.py:3954} INFO - Setting next_dagrun for example_nested_branch_dag to 2024-05-08 00:00:00+00:00, run_after=2024-05-09 00:00:00+00:00
[2024-05-09T10:25:59.263+0200] {processor.py:183} INFO - Processing /home/munya/.local/lib/python3.11/site-packages/airflow/example_dags/example_nested_branch_dag.py took 0.062 seconds
[2024-05-09T10:26:59.559+0200] {processor.py:161} INFO - Started process (PID=144326) to work on /home/munya/.local/lib/python3.11/site-packages/airflow/example_dags/example_nested_branch_dag.py
[2024-05-09T10:26:59.560+0200] {processor.py:830} INFO - Processing file /home/munya/.local/lib/python3.11/site-packages/airflow/example_dags/example_nested_branch_dag.py for tasks to queue
[2024-05-09T10:26:59.560+0200] {logging_mixin.py:188} INFO - [2024-05-09T10:26:59.560+0200] {dagbag.py:540} INFO - Filling up the DagBag from /home/munya/.local/lib/python3.11/site-packages/airflow/example_dags/example_nested_branch_dag.py
[2024-05-09T10:26:59.567+0200] {processor.py:840} INFO - DAG(s) 'example_nested_branch_dag' retrieved from /home/munya/.local/lib/python3.11/site-packages/airflow/example_dags/example_nested_branch_dag.py
[2024-05-09T10:26:59.581+0200] {logging_mixin.py:188} INFO - [2024-05-09T10:26:59.581+0200] {dag.py:3096} INFO - Sync 1 DAGs
[2024-05-09T10:26:59.594+0200] {logging_mixin.py:188} INFO - [2024-05-09T10:26:59.593+0200] {dag.py:3954} INFO - Setting next_dagrun for example_nested_branch_dag to 2024-05-08 00:00:00+00:00, run_after=2024-05-09 00:00:00+00:00
[2024-05-09T10:26:59.609+0200] {processor.py:183} INFO - Processing /home/munya/.local/lib/python3.11/site-packages/airflow/example_dags/example_nested_branch_dag.py took 0.057 seconds
[2024-05-09T10:28:00.431+0200] {processor.py:161} INFO - Started process (PID=145016) to work on /home/munya/.local/lib/python3.11/site-packages/airflow/example_dags/example_nested_branch_dag.py
[2024-05-09T10:28:00.432+0200] {processor.py:830} INFO - Processing file /home/munya/.local/lib/python3.11/site-packages/airflow/example_dags/example_nested_branch_dag.py for tasks to queue
[2024-05-09T10:28:00.433+0200] {logging_mixin.py:188} INFO - [2024-05-09T10:28:00.433+0200] {dagbag.py:540} INFO - Filling up the DagBag from /home/munya/.local/lib/python3.11/site-packages/airflow/example_dags/example_nested_branch_dag.py
[2024-05-09T10:28:00.440+0200] {processor.py:840} INFO - DAG(s) 'example_nested_branch_dag' retrieved from /home/munya/.local/lib/python3.11/site-packages/airflow/example_dags/example_nested_branch_dag.py
[2024-05-09T10:28:00.453+0200] {logging_mixin.py:188} INFO - [2024-05-09T10:28:00.453+0200] {dag.py:3096} INFO - Sync 1 DAGs
[2024-05-09T10:28:00.466+0200] {logging_mixin.py:188} INFO - [2024-05-09T10:28:00.466+0200] {dag.py:3954} INFO - Setting next_dagrun for example_nested_branch_dag to 2024-05-08 00:00:00+00:00, run_after=2024-05-09 00:00:00+00:00
[2024-05-09T10:28:00.481+0200] {processor.py:183} INFO - Processing /home/munya/.local/lib/python3.11/site-packages/airflow/example_dags/example_nested_branch_dag.py took 0.057 seconds
[2024-05-09T10:29:01.628+0200] {processor.py:161} INFO - Started process (PID=145708) to work on /home/munya/.local/lib/python3.11/site-packages/airflow/example_dags/example_nested_branch_dag.py
[2024-05-09T10:29:01.628+0200] {processor.py:830} INFO - Processing file /home/munya/.local/lib/python3.11/site-packages/airflow/example_dags/example_nested_branch_dag.py for tasks to queue
[2024-05-09T10:29:01.629+0200] {logging_mixin.py:188} INFO - [2024-05-09T10:29:01.629+0200] {dagbag.py:540} INFO - Filling up the DagBag from /home/munya/.local/lib/python3.11/site-packages/airflow/example_dags/example_nested_branch_dag.py
[2024-05-09T10:29:01.636+0200] {processor.py:840} INFO - DAG(s) 'example_nested_branch_dag' retrieved from /home/munya/.local/lib/python3.11/site-packages/airflow/example_dags/example_nested_branch_dag.py
[2024-05-09T10:29:01.650+0200] {logging_mixin.py:188} INFO - [2024-05-09T10:29:01.649+0200] {dag.py:3096} INFO - Sync 1 DAGs
[2024-05-09T10:29:01.662+0200] {logging_mixin.py:188} INFO - [2024-05-09T10:29:01.662+0200] {dag.py:3954} INFO - Setting next_dagrun for example_nested_branch_dag to 2024-05-08 00:00:00+00:00, run_after=2024-05-09 00:00:00+00:00
[2024-05-09T10:29:01.677+0200] {processor.py:183} INFO - Processing /home/munya/.local/lib/python3.11/site-packages/airflow/example_dags/example_nested_branch_dag.py took 0.057 seconds
[2024-05-09T10:30:00.952+0200] {processor.py:161} INFO - Started process (PID=146361) to work on /home/munya/.local/lib/python3.11/site-packages/airflow/example_dags/example_nested_branch_dag.py
[2024-05-09T10:30:00.953+0200] {processor.py:830} INFO - Processing file /home/munya/.local/lib/python3.11/site-packages/airflow/example_dags/example_nested_branch_dag.py for tasks to queue
[2024-05-09T10:30:00.954+0200] {logging_mixin.py:188} INFO - [2024-05-09T10:30:00.953+0200] {dagbag.py:540} INFO - Filling up the DagBag from /home/munya/.local/lib/python3.11/site-packages/airflow/example_dags/example_nested_branch_dag.py
[2024-05-09T10:30:00.961+0200] {processor.py:840} INFO - DAG(s) 'example_nested_branch_dag' retrieved from /home/munya/.local/lib/python3.11/site-packages/airflow/example_dags/example_nested_branch_dag.py
[2024-05-09T10:30:00.974+0200] {logging_mixin.py:188} INFO - [2024-05-09T10:30:00.973+0200] {dag.py:3096} INFO - Sync 1 DAGs
[2024-05-09T10:30:00.986+0200] {logging_mixin.py:188} INFO - [2024-05-09T10:30:00.986+0200] {dag.py:3954} INFO - Setting next_dagrun for example_nested_branch_dag to 2024-05-08 00:00:00+00:00, run_after=2024-05-09 00:00:00+00:00
[2024-05-09T10:30:01.003+0200] {processor.py:183} INFO - Processing /home/munya/.local/lib/python3.11/site-packages/airflow/example_dags/example_nested_branch_dag.py took 0.058 seconds
[2024-05-09T10:31:04.552+0200] {processor.py:161} INFO - Started process (PID=147090) to work on /home/munya/.local/lib/python3.11/site-packages/airflow/example_dags/example_nested_branch_dag.py
[2024-05-09T10:31:04.553+0200] {processor.py:830} INFO - Processing file /home/munya/.local/lib/python3.11/site-packages/airflow/example_dags/example_nested_branch_dag.py for tasks to queue
[2024-05-09T10:31:04.553+0200] {logging_mixin.py:188} INFO - [2024-05-09T10:31:04.553+0200] {dagbag.py:540} INFO - Filling up the DagBag from /home/munya/.local/lib/python3.11/site-packages/airflow/example_dags/example_nested_branch_dag.py
[2024-05-09T10:31:04.560+0200] {processor.py:840} INFO - DAG(s) 'example_nested_branch_dag' retrieved from /home/munya/.local/lib/python3.11/site-packages/airflow/example_dags/example_nested_branch_dag.py
[2024-05-09T10:31:04.573+0200] {logging_mixin.py:188} INFO - [2024-05-09T10:31:04.573+0200] {dag.py:3096} INFO - Sync 1 DAGs
[2024-05-09T10:31:04.587+0200] {logging_mixin.py:188} INFO - [2024-05-09T10:31:04.587+0200] {dag.py:3954} INFO - Setting next_dagrun for example_nested_branch_dag to 2024-05-08 00:00:00+00:00, run_after=2024-05-09 00:00:00+00:00
[2024-05-09T10:31:04.601+0200] {processor.py:183} INFO - Processing /home/munya/.local/lib/python3.11/site-packages/airflow/example_dags/example_nested_branch_dag.py took 0.057 seconds
[2024-05-09T10:32:09.310+0200] {processor.py:161} INFO - Started process (PID=147817) to work on /home/munya/.local/lib/python3.11/site-packages/airflow/example_dags/example_nested_branch_dag.py
[2024-05-09T10:32:09.311+0200] {processor.py:830} INFO - Processing file /home/munya/.local/lib/python3.11/site-packages/airflow/example_dags/example_nested_branch_dag.py for tasks to queue
[2024-05-09T10:32:09.312+0200] {logging_mixin.py:188} INFO - [2024-05-09T10:32:09.311+0200] {dagbag.py:540} INFO - Filling up the DagBag from /home/munya/.local/lib/python3.11/site-packages/airflow/example_dags/example_nested_branch_dag.py
[2024-05-09T10:32:09.319+0200] {processor.py:840} INFO - DAG(s) 'example_nested_branch_dag' retrieved from /home/munya/.local/lib/python3.11/site-packages/airflow/example_dags/example_nested_branch_dag.py
[2024-05-09T10:32:09.332+0200] {logging_mixin.py:188} INFO - [2024-05-09T10:32:09.332+0200] {dag.py:3096} INFO - Sync 1 DAGs
[2024-05-09T10:32:09.345+0200] {logging_mixin.py:188} INFO - [2024-05-09T10:32:09.345+0200] {dag.py:3954} INFO - Setting next_dagrun for example_nested_branch_dag to 2024-05-08 00:00:00+00:00, run_after=2024-05-09 00:00:00+00:00
[2024-05-09T10:32:09.359+0200] {processor.py:183} INFO - Processing /home/munya/.local/lib/python3.11/site-packages/airflow/example_dags/example_nested_branch_dag.py took 0.057 seconds
[2024-05-09T10:34:45.437+0200] {processor.py:161} INFO - Started process (PID=149323) to work on /home/munya/.local/lib/python3.11/site-packages/airflow/example_dags/example_nested_branch_dag.py
[2024-05-09T10:34:45.438+0200] {processor.py:830} INFO - Processing file /home/munya/.local/lib/python3.11/site-packages/airflow/example_dags/example_nested_branch_dag.py for tasks to queue
[2024-05-09T10:34:45.439+0200] {logging_mixin.py:188} INFO - [2024-05-09T10:34:45.438+0200] {dagbag.py:540} INFO - Filling up the DagBag from /home/munya/.local/lib/python3.11/site-packages/airflow/example_dags/example_nested_branch_dag.py
[2024-05-09T10:34:45.447+0200] {processor.py:840} INFO - DAG(s) 'example_nested_branch_dag' retrieved from /home/munya/.local/lib/python3.11/site-packages/airflow/example_dags/example_nested_branch_dag.py
[2024-05-09T10:34:45.461+0200] {logging_mixin.py:188} INFO - [2024-05-09T10:34:45.461+0200] {dag.py:3096} INFO - Sync 1 DAGs
[2024-05-09T10:34:45.475+0200] {logging_mixin.py:188} INFO - [2024-05-09T10:34:45.475+0200] {dag.py:3954} INFO - Setting next_dagrun for example_nested_branch_dag to 2024-05-08 00:00:00+00:00, run_after=2024-05-09 00:00:00+00:00
[2024-05-09T10:34:45.491+0200] {processor.py:183} INFO - Processing /home/munya/.local/lib/python3.11/site-packages/airflow/example_dags/example_nested_branch_dag.py took 0.061 seconds
[2024-05-09T10:35:46.079+0200] {processor.py:161} INFO - Started process (PID=150104) to work on /home/munya/.local/lib/python3.11/site-packages/airflow/example_dags/example_nested_branch_dag.py
[2024-05-09T10:35:46.080+0200] {processor.py:830} INFO - Processing file /home/munya/.local/lib/python3.11/site-packages/airflow/example_dags/example_nested_branch_dag.py for tasks to queue
[2024-05-09T10:35:46.081+0200] {logging_mixin.py:188} INFO - [2024-05-09T10:35:46.080+0200] {dagbag.py:540} INFO - Filling up the DagBag from /home/munya/.local/lib/python3.11/site-packages/airflow/example_dags/example_nested_branch_dag.py
[2024-05-09T10:35:46.088+0200] {processor.py:840} INFO - DAG(s) 'example_nested_branch_dag' retrieved from /home/munya/.local/lib/python3.11/site-packages/airflow/example_dags/example_nested_branch_dag.py
[2024-05-09T10:35:46.102+0200] {logging_mixin.py:188} INFO - [2024-05-09T10:35:46.102+0200] {dag.py:3096} INFO - Sync 1 DAGs
[2024-05-09T10:35:46.116+0200] {logging_mixin.py:188} INFO - [2024-05-09T10:35:46.116+0200] {dag.py:3954} INFO - Setting next_dagrun for example_nested_branch_dag to 2024-05-08 00:00:00+00:00, run_after=2024-05-09 00:00:00+00:00
[2024-05-09T10:35:46.132+0200] {processor.py:183} INFO - Processing /home/munya/.local/lib/python3.11/site-packages/airflow/example_dags/example_nested_branch_dag.py took 0.060 seconds
[2024-05-09T10:36:45.949+0200] {processor.py:161} INFO - Started process (PID=150900) to work on /home/munya/.local/lib/python3.11/site-packages/airflow/example_dags/example_nested_branch_dag.py
[2024-05-09T10:36:45.952+0200] {processor.py:830} INFO - Processing file /home/munya/.local/lib/python3.11/site-packages/airflow/example_dags/example_nested_branch_dag.py for tasks to queue
[2024-05-09T10:36:45.955+0200] {logging_mixin.py:188} INFO - [2024-05-09T10:36:45.953+0200] {dagbag.py:540} INFO - Filling up the DagBag from /home/munya/.local/lib/python3.11/site-packages/airflow/example_dags/example_nested_branch_dag.py
[2024-05-09T10:36:45.985+0200] {processor.py:840} INFO - DAG(s) 'example_nested_branch_dag' retrieved from /home/munya/.local/lib/python3.11/site-packages/airflow/example_dags/example_nested_branch_dag.py
[2024-05-09T10:36:46.036+0200] {logging_mixin.py:188} INFO - [2024-05-09T10:36:46.035+0200] {dag.py:3096} INFO - Sync 1 DAGs
[2024-05-09T10:36:46.089+0200] {logging_mixin.py:188} INFO - [2024-05-09T10:36:46.088+0200] {dag.py:3954} INFO - Setting next_dagrun for example_nested_branch_dag to 2024-05-08 00:00:00+00:00, run_after=2024-05-09 00:00:00+00:00
[2024-05-09T10:36:46.167+0200] {processor.py:183} INFO - Processing /home/munya/.local/lib/python3.11/site-packages/airflow/example_dags/example_nested_branch_dag.py took 0.246 seconds
[2024-05-09T10:37:41.552+0200] {processor.py:161} INFO - Started process (PID=151633) to work on /home/munya/.local/lib/python3.11/site-packages/airflow/example_dags/example_nested_branch_dag.py
[2024-05-09T10:37:41.552+0200] {processor.py:830} INFO - Processing file /home/munya/.local/lib/python3.11/site-packages/airflow/example_dags/example_nested_branch_dag.py for tasks to queue
[2024-05-09T10:37:41.553+0200] {logging_mixin.py:188} INFO - [2024-05-09T10:37:41.553+0200] {dagbag.py:540} INFO - Filling up the DagBag from /home/munya/.local/lib/python3.11/site-packages/airflow/example_dags/example_nested_branch_dag.py
[2024-05-09T10:37:41.561+0200] {processor.py:840} INFO - DAG(s) 'example_nested_branch_dag' retrieved from /home/munya/.local/lib/python3.11/site-packages/airflow/example_dags/example_nested_branch_dag.py
[2024-05-09T10:37:41.576+0200] {logging_mixin.py:188} INFO - [2024-05-09T10:37:41.576+0200] {dag.py:3096} INFO - Sync 1 DAGs
[2024-05-09T10:37:41.590+0200] {logging_mixin.py:188} INFO - [2024-05-09T10:37:41.590+0200] {dag.py:3954} INFO - Setting next_dagrun for example_nested_branch_dag to 2024-05-08 00:00:00+00:00, run_after=2024-05-09 00:00:00+00:00
[2024-05-09T10:37:41.606+0200] {processor.py:183} INFO - Processing /home/munya/.local/lib/python3.11/site-packages/airflow/example_dags/example_nested_branch_dag.py took 0.065 seconds
[2024-05-09T10:38:42.915+0200] {processor.py:161} INFO - Started process (PID=152425) to work on /home/munya/.local/lib/python3.11/site-packages/airflow/example_dags/example_nested_branch_dag.py
[2024-05-09T10:38:42.915+0200] {processor.py:830} INFO - Processing file /home/munya/.local/lib/python3.11/site-packages/airflow/example_dags/example_nested_branch_dag.py for tasks to queue
[2024-05-09T10:38:42.916+0200] {logging_mixin.py:188} INFO - [2024-05-09T10:38:42.916+0200] {dagbag.py:540} INFO - Filling up the DagBag from /home/munya/.local/lib/python3.11/site-packages/airflow/example_dags/example_nested_branch_dag.py
[2024-05-09T10:38:42.923+0200] {processor.py:840} INFO - DAG(s) 'example_nested_branch_dag' retrieved from /home/munya/.local/lib/python3.11/site-packages/airflow/example_dags/example_nested_branch_dag.py
[2024-05-09T10:38:42.937+0200] {logging_mixin.py:188} INFO - [2024-05-09T10:38:42.937+0200] {dag.py:3096} INFO - Sync 1 DAGs
[2024-05-09T10:38:42.951+0200] {logging_mixin.py:188} INFO - [2024-05-09T10:38:42.951+0200] {dag.py:3954} INFO - Setting next_dagrun for example_nested_branch_dag to 2024-05-08 00:00:00+00:00, run_after=2024-05-09 00:00:00+00:00
[2024-05-09T10:38:42.966+0200] {processor.py:183} INFO - Processing /home/munya/.local/lib/python3.11/site-packages/airflow/example_dags/example_nested_branch_dag.py took 0.059 seconds
[2024-05-09T10:39:50.380+0200] {processor.py:161} INFO - Started process (PID=153327) to work on /home/munya/.local/lib/python3.11/site-packages/airflow/example_dags/example_nested_branch_dag.py
[2024-05-09T10:39:50.381+0200] {processor.py:830} INFO - Processing file /home/munya/.local/lib/python3.11/site-packages/airflow/example_dags/example_nested_branch_dag.py for tasks to queue
[2024-05-09T10:39:50.382+0200] {logging_mixin.py:188} INFO - [2024-05-09T10:39:50.381+0200] {dagbag.py:540} INFO - Filling up the DagBag from /home/munya/.local/lib/python3.11/site-packages/airflow/example_dags/example_nested_branch_dag.py
[2024-05-09T10:39:50.390+0200] {processor.py:840} INFO - DAG(s) 'example_nested_branch_dag' retrieved from /home/munya/.local/lib/python3.11/site-packages/airflow/example_dags/example_nested_branch_dag.py
[2024-05-09T10:39:50.405+0200] {logging_mixin.py:188} INFO - [2024-05-09T10:39:50.404+0200] {dag.py:3096} INFO - Sync 1 DAGs
[2024-05-09T10:39:50.418+0200] {logging_mixin.py:188} INFO - [2024-05-09T10:39:50.418+0200] {dag.py:3954} INFO - Setting next_dagrun for example_nested_branch_dag to 2024-05-08 00:00:00+00:00, run_after=2024-05-09 00:00:00+00:00
[2024-05-09T10:39:50.435+0200] {processor.py:183} INFO - Processing /home/munya/.local/lib/python3.11/site-packages/airflow/example_dags/example_nested_branch_dag.py took 0.062 seconds
[2024-05-09T10:40:51.810+0200] {processor.py:161} INFO - Started process (PID=154124) to work on /home/munya/.local/lib/python3.11/site-packages/airflow/example_dags/example_nested_branch_dag.py
[2024-05-09T10:40:51.811+0200] {processor.py:830} INFO - Processing file /home/munya/.local/lib/python3.11/site-packages/airflow/example_dags/example_nested_branch_dag.py for tasks to queue
[2024-05-09T10:40:51.812+0200] {logging_mixin.py:188} INFO - [2024-05-09T10:40:51.811+0200] {dagbag.py:540} INFO - Filling up the DagBag from /home/munya/.local/lib/python3.11/site-packages/airflow/example_dags/example_nested_branch_dag.py
[2024-05-09T10:40:51.819+0200] {processor.py:840} INFO - DAG(s) 'example_nested_branch_dag' retrieved from /home/munya/.local/lib/python3.11/site-packages/airflow/example_dags/example_nested_branch_dag.py
[2024-05-09T10:40:51.832+0200] {logging_mixin.py:188} INFO - [2024-05-09T10:40:51.832+0200] {dag.py:3096} INFO - Sync 1 DAGs
[2024-05-09T10:40:51.846+0200] {logging_mixin.py:188} INFO - [2024-05-09T10:40:51.846+0200] {dag.py:3954} INFO - Setting next_dagrun for example_nested_branch_dag to 2024-05-08 00:00:00+00:00, run_after=2024-05-09 00:00:00+00:00
[2024-05-09T10:40:51.863+0200] {processor.py:183} INFO - Processing /home/munya/.local/lib/python3.11/site-packages/airflow/example_dags/example_nested_branch_dag.py took 0.060 seconds
[2024-05-09T10:41:51.416+0200] {processor.py:161} INFO - Started process (PID=154902) to work on /home/munya/.local/lib/python3.11/site-packages/airflow/example_dags/example_nested_branch_dag.py
[2024-05-09T10:41:51.446+0200] {processor.py:830} INFO - Processing file /home/munya/.local/lib/python3.11/site-packages/airflow/example_dags/example_nested_branch_dag.py for tasks to queue
[2024-05-09T10:41:51.450+0200] {logging_mixin.py:188} INFO - [2024-05-09T10:41:51.448+0200] {dagbag.py:540} INFO - Filling up the DagBag from /home/munya/.local/lib/python3.11/site-packages/airflow/example_dags/example_nested_branch_dag.py
[2024-05-09T10:41:51.490+0200] {processor.py:840} INFO - DAG(s) 'example_nested_branch_dag' retrieved from /home/munya/.local/lib/python3.11/site-packages/airflow/example_dags/example_nested_branch_dag.py
[2024-05-09T10:41:51.560+0200] {logging_mixin.py:188} INFO - [2024-05-09T10:41:51.559+0200] {dag.py:3096} INFO - Sync 1 DAGs
[2024-05-09T10:41:51.617+0200] {logging_mixin.py:188} INFO - [2024-05-09T10:41:51.617+0200] {dag.py:3954} INFO - Setting next_dagrun for example_nested_branch_dag to 2024-05-08 00:00:00+00:00, run_after=2024-05-09 00:00:00+00:00
[2024-05-09T10:41:51.715+0200] {processor.py:183} INFO - Processing /home/munya/.local/lib/python3.11/site-packages/airflow/example_dags/example_nested_branch_dag.py took 0.337 seconds
[2024-05-09T10:42:55.630+0200] {processor.py:161} INFO - Started process (PID=155740) to work on /home/munya/.local/lib/python3.11/site-packages/airflow/example_dags/example_nested_branch_dag.py
[2024-05-09T10:42:55.631+0200] {processor.py:830} INFO - Processing file /home/munya/.local/lib/python3.11/site-packages/airflow/example_dags/example_nested_branch_dag.py for tasks to queue
[2024-05-09T10:42:55.632+0200] {logging_mixin.py:188} INFO - [2024-05-09T10:42:55.632+0200] {dagbag.py:540} INFO - Filling up the DagBag from /home/munya/.local/lib/python3.11/site-packages/airflow/example_dags/example_nested_branch_dag.py
[2024-05-09T10:42:55.640+0200] {processor.py:840} INFO - DAG(s) 'example_nested_branch_dag' retrieved from /home/munya/.local/lib/python3.11/site-packages/airflow/example_dags/example_nested_branch_dag.py
[2024-05-09T10:42:55.654+0200] {logging_mixin.py:188} INFO - [2024-05-09T10:42:55.654+0200] {dag.py:3096} INFO - Sync 1 DAGs
[2024-05-09T10:42:55.667+0200] {logging_mixin.py:188} INFO - [2024-05-09T10:42:55.667+0200] {dag.py:3954} INFO - Setting next_dagrun for example_nested_branch_dag to 2024-05-08 00:00:00+00:00, run_after=2024-05-09 00:00:00+00:00
[2024-05-09T10:42:55.681+0200] {processor.py:183} INFO - Processing /home/munya/.local/lib/python3.11/site-packages/airflow/example_dags/example_nested_branch_dag.py took 0.059 seconds
[2024-05-09T10:44:03.610+0200] {processor.py:161} INFO - Started process (PID=156599) to work on /home/munya/.local/lib/python3.11/site-packages/airflow/example_dags/example_nested_branch_dag.py
[2024-05-09T10:44:03.611+0200] {processor.py:830} INFO - Processing file /home/munya/.local/lib/python3.11/site-packages/airflow/example_dags/example_nested_branch_dag.py for tasks to queue
[2024-05-09T10:44:03.612+0200] {logging_mixin.py:188} INFO - [2024-05-09T10:44:03.611+0200] {dagbag.py:540} INFO - Filling up the DagBag from /home/munya/.local/lib/python3.11/site-packages/airflow/example_dags/example_nested_branch_dag.py
[2024-05-09T10:44:03.619+0200] {processor.py:840} INFO - DAG(s) 'example_nested_branch_dag' retrieved from /home/munya/.local/lib/python3.11/site-packages/airflow/example_dags/example_nested_branch_dag.py
[2024-05-09T10:44:03.632+0200] {logging_mixin.py:188} INFO - [2024-05-09T10:44:03.632+0200] {dag.py:3096} INFO - Sync 1 DAGs
[2024-05-09T10:44:03.646+0200] {logging_mixin.py:188} INFO - [2024-05-09T10:44:03.646+0200] {dag.py:3954} INFO - Setting next_dagrun for example_nested_branch_dag to 2024-05-08 00:00:00+00:00, run_after=2024-05-09 00:00:00+00:00
[2024-05-09T10:44:03.663+0200] {processor.py:183} INFO - Processing /home/munya/.local/lib/python3.11/site-packages/airflow/example_dags/example_nested_branch_dag.py took 0.060 seconds
[2024-05-09T10:45:05.346+0200] {processor.py:161} INFO - Started process (PID=157403) to work on /home/munya/.local/lib/python3.11/site-packages/airflow/example_dags/example_nested_branch_dag.py
[2024-05-09T10:45:05.350+0200] {processor.py:830} INFO - Processing file /home/munya/.local/lib/python3.11/site-packages/airflow/example_dags/example_nested_branch_dag.py for tasks to queue
[2024-05-09T10:45:05.353+0200] {logging_mixin.py:188} INFO - [2024-05-09T10:45:05.352+0200] {dagbag.py:540} INFO - Filling up the DagBag from /home/munya/.local/lib/python3.11/site-packages/airflow/example_dags/example_nested_branch_dag.py
[2024-05-09T10:45:05.382+0200] {processor.py:840} INFO - DAG(s) 'example_nested_branch_dag' retrieved from /home/munya/.local/lib/python3.11/site-packages/airflow/example_dags/example_nested_branch_dag.py
[2024-05-09T10:45:05.434+0200] {logging_mixin.py:188} INFO - [2024-05-09T10:45:05.433+0200] {dag.py:3096} INFO - Sync 1 DAGs
[2024-05-09T10:45:05.498+0200] {logging_mixin.py:188} INFO - [2024-05-09T10:45:05.497+0200] {dag.py:3954} INFO - Setting next_dagrun for example_nested_branch_dag to 2024-05-08 00:00:00+00:00, run_after=2024-05-09 00:00:00+00:00
[2024-05-09T10:45:05.570+0200] {processor.py:183} INFO - Processing /home/munya/.local/lib/python3.11/site-packages/airflow/example_dags/example_nested_branch_dag.py took 0.266 seconds
[2024-05-09T10:46:12.393+0200] {processor.py:161} INFO - Started process (PID=158298) to work on /home/munya/.local/lib/python3.11/site-packages/airflow/example_dags/example_nested_branch_dag.py
[2024-05-09T10:46:12.394+0200] {processor.py:830} INFO - Processing file /home/munya/.local/lib/python3.11/site-packages/airflow/example_dags/example_nested_branch_dag.py for tasks to queue
[2024-05-09T10:46:12.395+0200] {logging_mixin.py:188} INFO - [2024-05-09T10:46:12.395+0200] {dagbag.py:540} INFO - Filling up the DagBag from /home/munya/.local/lib/python3.11/site-packages/airflow/example_dags/example_nested_branch_dag.py
[2024-05-09T10:46:12.402+0200] {processor.py:840} INFO - DAG(s) 'example_nested_branch_dag' retrieved from /home/munya/.local/lib/python3.11/site-packages/airflow/example_dags/example_nested_branch_dag.py
[2024-05-09T10:46:12.415+0200] {logging_mixin.py:188} INFO - [2024-05-09T10:46:12.415+0200] {dag.py:3096} INFO - Sync 1 DAGs
[2024-05-09T10:46:12.428+0200] {logging_mixin.py:188} INFO - [2024-05-09T10:46:12.428+0200] {dag.py:3954} INFO - Setting next_dagrun for example_nested_branch_dag to 2024-05-08 00:00:00+00:00, run_after=2024-05-09 00:00:00+00:00
[2024-05-09T10:46:12.444+0200] {processor.py:183} INFO - Processing /home/munya/.local/lib/python3.11/site-packages/airflow/example_dags/example_nested_branch_dag.py took 0.058 seconds
[2024-05-09T10:47:14.707+0200] {processor.py:161} INFO - Started process (PID=159101) to work on /home/munya/.local/lib/python3.11/site-packages/airflow/example_dags/example_nested_branch_dag.py
[2024-05-09T10:47:14.710+0200] {processor.py:830} INFO - Processing file /home/munya/.local/lib/python3.11/site-packages/airflow/example_dags/example_nested_branch_dag.py for tasks to queue
[2024-05-09T10:47:14.713+0200] {logging_mixin.py:188} INFO - [2024-05-09T10:47:14.711+0200] {dagbag.py:540} INFO - Filling up the DagBag from /home/munya/.local/lib/python3.11/site-packages/airflow/example_dags/example_nested_branch_dag.py
[2024-05-09T10:47:14.741+0200] {processor.py:840} INFO - DAG(s) 'example_nested_branch_dag' retrieved from /home/munya/.local/lib/python3.11/site-packages/airflow/example_dags/example_nested_branch_dag.py
[2024-05-09T10:47:14.792+0200] {logging_mixin.py:188} INFO - [2024-05-09T10:47:14.791+0200] {dag.py:3096} INFO - Sync 1 DAGs
[2024-05-09T10:47:14.843+0200] {logging_mixin.py:188} INFO - [2024-05-09T10:47:14.842+0200] {dag.py:3954} INFO - Setting next_dagrun for example_nested_branch_dag to 2024-05-08 00:00:00+00:00, run_after=2024-05-09 00:00:00+00:00
[2024-05-09T10:47:14.896+0200] {processor.py:183} INFO - Processing /home/munya/.local/lib/python3.11/site-packages/airflow/example_dags/example_nested_branch_dag.py took 0.218 seconds
[2024-05-09T10:48:18.346+0200] {processor.py:161} INFO - Started process (PID=159917) to work on /home/munya/.local/lib/python3.11/site-packages/airflow/example_dags/example_nested_branch_dag.py
[2024-05-09T10:48:18.348+0200] {processor.py:830} INFO - Processing file /home/munya/.local/lib/python3.11/site-packages/airflow/example_dags/example_nested_branch_dag.py for tasks to queue
[2024-05-09T10:48:18.351+0200] {logging_mixin.py:188} INFO - [2024-05-09T10:48:18.350+0200] {dagbag.py:540} INFO - Filling up the DagBag from /home/munya/.local/lib/python3.11/site-packages/airflow/example_dags/example_nested_branch_dag.py
[2024-05-09T10:48:18.379+0200] {processor.py:840} INFO - DAG(s) 'example_nested_branch_dag' retrieved from /home/munya/.local/lib/python3.11/site-packages/airflow/example_dags/example_nested_branch_dag.py
[2024-05-09T10:48:18.430+0200] {logging_mixin.py:188} INFO - [2024-05-09T10:48:18.429+0200] {dag.py:3096} INFO - Sync 1 DAGs
[2024-05-09T10:48:18.485+0200] {logging_mixin.py:188} INFO - [2024-05-09T10:48:18.484+0200] {dag.py:3954} INFO - Setting next_dagrun for example_nested_branch_dag to 2024-05-08 00:00:00+00:00, run_after=2024-05-09 00:00:00+00:00
[2024-05-09T10:48:18.537+0200] {processor.py:183} INFO - Processing /home/munya/.local/lib/python3.11/site-packages/airflow/example_dags/example_nested_branch_dag.py took 0.232 seconds
[2024-05-09T10:49:21.297+0200] {processor.py:161} INFO - Started process (PID=160733) to work on /home/munya/.local/lib/python3.11/site-packages/airflow/example_dags/example_nested_branch_dag.py
[2024-05-09T10:49:21.298+0200] {processor.py:830} INFO - Processing file /home/munya/.local/lib/python3.11/site-packages/airflow/example_dags/example_nested_branch_dag.py for tasks to queue
[2024-05-09T10:49:21.298+0200] {logging_mixin.py:188} INFO - [2024-05-09T10:49:21.298+0200] {dagbag.py:540} INFO - Filling up the DagBag from /home/munya/.local/lib/python3.11/site-packages/airflow/example_dags/example_nested_branch_dag.py
[2024-05-09T10:49:21.306+0200] {processor.py:840} INFO - DAG(s) 'example_nested_branch_dag' retrieved from /home/munya/.local/lib/python3.11/site-packages/airflow/example_dags/example_nested_branch_dag.py
[2024-05-09T10:49:21.320+0200] {logging_mixin.py:188} INFO - [2024-05-09T10:49:21.320+0200] {dag.py:3096} INFO - Sync 1 DAGs
[2024-05-09T10:49:21.334+0200] {logging_mixin.py:188} INFO - [2024-05-09T10:49:21.334+0200] {dag.py:3954} INFO - Setting next_dagrun for example_nested_branch_dag to 2024-05-08 00:00:00+00:00, run_after=2024-05-09 00:00:00+00:00
[2024-05-09T10:49:21.351+0200] {processor.py:183} INFO - Processing /home/munya/.local/lib/python3.11/site-packages/airflow/example_dags/example_nested_branch_dag.py took 0.062 seconds
[2024-05-09T10:50:24.953+0200] {processor.py:161} INFO - Started process (PID=161545) to work on /home/munya/.local/lib/python3.11/site-packages/airflow/example_dags/example_nested_branch_dag.py
[2024-05-09T10:50:24.956+0200] {processor.py:830} INFO - Processing file /home/munya/.local/lib/python3.11/site-packages/airflow/example_dags/example_nested_branch_dag.py for tasks to queue
[2024-05-09T10:50:24.958+0200] {logging_mixin.py:188} INFO - [2024-05-09T10:50:24.957+0200] {dagbag.py:540} INFO - Filling up the DagBag from /home/munya/.local/lib/python3.11/site-packages/airflow/example_dags/example_nested_branch_dag.py
[2024-05-09T10:50:24.992+0200] {processor.py:840} INFO - DAG(s) 'example_nested_branch_dag' retrieved from /home/munya/.local/lib/python3.11/site-packages/airflow/example_dags/example_nested_branch_dag.py
[2024-05-09T10:50:25.045+0200] {logging_mixin.py:188} INFO - [2024-05-09T10:50:25.045+0200] {dag.py:3096} INFO - Sync 1 DAGs
[2024-05-09T10:50:25.105+0200] {logging_mixin.py:188} INFO - [2024-05-09T10:50:25.104+0200] {dag.py:3954} INFO - Setting next_dagrun for example_nested_branch_dag to 2024-05-08 00:00:00+00:00, run_after=2024-05-09 00:00:00+00:00
[2024-05-09T10:50:25.163+0200] {processor.py:183} INFO - Processing /home/munya/.local/lib/python3.11/site-packages/airflow/example_dags/example_nested_branch_dag.py took 0.240 seconds
[2024-05-09T10:51:28.905+0200] {processor.py:161} INFO - Started process (PID=162404) to work on /home/munya/.local/lib/python3.11/site-packages/airflow/example_dags/example_nested_branch_dag.py
[2024-05-09T10:51:28.908+0200] {processor.py:830} INFO - Processing file /home/munya/.local/lib/python3.11/site-packages/airflow/example_dags/example_nested_branch_dag.py for tasks to queue
[2024-05-09T10:51:28.911+0200] {logging_mixin.py:188} INFO - [2024-05-09T10:51:28.909+0200] {dagbag.py:540} INFO - Filling up the DagBag from /home/munya/.local/lib/python3.11/site-packages/airflow/example_dags/example_nested_branch_dag.py
[2024-05-09T10:51:28.946+0200] {processor.py:840} INFO - DAG(s) 'example_nested_branch_dag' retrieved from /home/munya/.local/lib/python3.11/site-packages/airflow/example_dags/example_nested_branch_dag.py
[2024-05-09T10:51:29.014+0200] {logging_mixin.py:188} INFO - [2024-05-09T10:51:29.013+0200] {dag.py:3096} INFO - Sync 1 DAGs
[2024-05-09T10:51:29.075+0200] {logging_mixin.py:188} INFO - [2024-05-09T10:51:29.074+0200] {dag.py:3954} INFO - Setting next_dagrun for example_nested_branch_dag to 2024-05-08 00:00:00+00:00, run_after=2024-05-09 00:00:00+00:00
[2024-05-09T10:51:29.141+0200] {processor.py:183} INFO - Processing /home/munya/.local/lib/python3.11/site-packages/airflow/example_dags/example_nested_branch_dag.py took 0.269 seconds
[2024-05-09T10:52:30.690+0200] {processor.py:161} INFO - Started process (PID=163194) to work on /home/munya/.local/lib/python3.11/site-packages/airflow/example_dags/example_nested_branch_dag.py
[2024-05-09T10:52:30.692+0200] {processor.py:830} INFO - Processing file /home/munya/.local/lib/python3.11/site-packages/airflow/example_dags/example_nested_branch_dag.py for tasks to queue
[2024-05-09T10:52:30.695+0200] {logging_mixin.py:188} INFO - [2024-05-09T10:52:30.694+0200] {dagbag.py:540} INFO - Filling up the DagBag from /home/munya/.local/lib/python3.11/site-packages/airflow/example_dags/example_nested_branch_dag.py
[2024-05-09T10:52:30.725+0200] {processor.py:840} INFO - DAG(s) 'example_nested_branch_dag' retrieved from /home/munya/.local/lib/python3.11/site-packages/airflow/example_dags/example_nested_branch_dag.py
[2024-05-09T10:52:30.777+0200] {logging_mixin.py:188} INFO - [2024-05-09T10:52:30.777+0200] {dag.py:3096} INFO - Sync 1 DAGs
[2024-05-09T10:52:30.835+0200] {logging_mixin.py:188} INFO - [2024-05-09T10:52:30.834+0200] {dag.py:3954} INFO - Setting next_dagrun for example_nested_branch_dag to 2024-05-08 00:00:00+00:00, run_after=2024-05-09 00:00:00+00:00
[2024-05-09T10:52:30.893+0200] {processor.py:183} INFO - Processing /home/munya/.local/lib/python3.11/site-packages/airflow/example_dags/example_nested_branch_dag.py took 0.234 seconds
[2024-05-09T10:53:37.145+0200] {processor.py:161} INFO - Started process (PID=164047) to work on /home/munya/.local/lib/python3.11/site-packages/airflow/example_dags/example_nested_branch_dag.py
[2024-05-09T10:53:37.146+0200] {processor.py:830} INFO - Processing file /home/munya/.local/lib/python3.11/site-packages/airflow/example_dags/example_nested_branch_dag.py for tasks to queue
[2024-05-09T10:53:37.147+0200] {logging_mixin.py:188} INFO - [2024-05-09T10:53:37.147+0200] {dagbag.py:540} INFO - Filling up the DagBag from /home/munya/.local/lib/python3.11/site-packages/airflow/example_dags/example_nested_branch_dag.py
[2024-05-09T10:53:37.154+0200] {processor.py:840} INFO - DAG(s) 'example_nested_branch_dag' retrieved from /home/munya/.local/lib/python3.11/site-packages/airflow/example_dags/example_nested_branch_dag.py
[2024-05-09T10:53:37.168+0200] {logging_mixin.py:188} INFO - [2024-05-09T10:53:37.167+0200] {dag.py:3096} INFO - Sync 1 DAGs
[2024-05-09T10:53:37.181+0200] {logging_mixin.py:188} INFO - [2024-05-09T10:53:37.181+0200] {dag.py:3954} INFO - Setting next_dagrun for example_nested_branch_dag to 2024-05-08 00:00:00+00:00, run_after=2024-05-09 00:00:00+00:00
[2024-05-09T10:53:37.199+0200] {processor.py:183} INFO - Processing /home/munya/.local/lib/python3.11/site-packages/airflow/example_dags/example_nested_branch_dag.py took 0.062 seconds
[2024-05-09T10:54:41.242+0200] {processor.py:161} INFO - Started process (PID=164890) to work on /home/munya/.local/lib/python3.11/site-packages/airflow/example_dags/example_nested_branch_dag.py
[2024-05-09T10:54:41.245+0200] {processor.py:830} INFO - Processing file /home/munya/.local/lib/python3.11/site-packages/airflow/example_dags/example_nested_branch_dag.py for tasks to queue
[2024-05-09T10:54:41.248+0200] {logging_mixin.py:188} INFO - [2024-05-09T10:54:41.246+0200] {dagbag.py:540} INFO - Filling up the DagBag from /home/munya/.local/lib/python3.11/site-packages/airflow/example_dags/example_nested_branch_dag.py
[2024-05-09T10:54:41.277+0200] {processor.py:840} INFO - DAG(s) 'example_nested_branch_dag' retrieved from /home/munya/.local/lib/python3.11/site-packages/airflow/example_dags/example_nested_branch_dag.py
[2024-05-09T10:54:41.330+0200] {logging_mixin.py:188} INFO - [2024-05-09T10:54:41.330+0200] {dag.py:3096} INFO - Sync 1 DAGs
[2024-05-09T10:54:41.393+0200] {logging_mixin.py:188} INFO - [2024-05-09T10:54:41.392+0200] {dag.py:3954} INFO - Setting next_dagrun for example_nested_branch_dag to 2024-05-08 00:00:00+00:00, run_after=2024-05-09 00:00:00+00:00
[2024-05-09T10:54:41.471+0200] {processor.py:183} INFO - Processing /home/munya/.local/lib/python3.11/site-packages/airflow/example_dags/example_nested_branch_dag.py took 0.262 seconds
[2024-05-09T10:56:13.911+0200] {processor.py:161} INFO - Started process (PID=166060) to work on /home/munya/.local/lib/python3.11/site-packages/airflow/example_dags/example_nested_branch_dag.py
[2024-05-09T10:56:13.912+0200] {processor.py:830} INFO - Processing file /home/munya/.local/lib/python3.11/site-packages/airflow/example_dags/example_nested_branch_dag.py for tasks to queue
[2024-05-09T10:56:13.913+0200] {logging_mixin.py:188} INFO - [2024-05-09T10:56:13.912+0200] {dagbag.py:540} INFO - Filling up the DagBag from /home/munya/.local/lib/python3.11/site-packages/airflow/example_dags/example_nested_branch_dag.py
[2024-05-09T10:56:13.920+0200] {processor.py:840} INFO - DAG(s) 'example_nested_branch_dag' retrieved from /home/munya/.local/lib/python3.11/site-packages/airflow/example_dags/example_nested_branch_dag.py
[2024-05-09T10:56:13.934+0200] {logging_mixin.py:188} INFO - [2024-05-09T10:56:13.934+0200] {dag.py:3096} INFO - Sync 1 DAGs
[2024-05-09T10:56:13.947+0200] {logging_mixin.py:188} INFO - [2024-05-09T10:56:13.946+0200] {dag.py:3954} INFO - Setting next_dagrun for example_nested_branch_dag to 2024-05-08 00:00:00+00:00, run_after=2024-05-09 00:00:00+00:00
[2024-05-09T10:56:14.086+0200] {processor.py:183} INFO - Processing /home/munya/.local/lib/python3.11/site-packages/airflow/example_dags/example_nested_branch_dag.py took 0.183 seconds
[2024-05-09T10:57:20.262+0200] {processor.py:161} INFO - Started process (PID=166897) to work on /home/munya/.local/lib/python3.11/site-packages/airflow/example_dags/example_nested_branch_dag.py
[2024-05-09T10:57:20.263+0200] {processor.py:830} INFO - Processing file /home/munya/.local/lib/python3.11/site-packages/airflow/example_dags/example_nested_branch_dag.py for tasks to queue
[2024-05-09T10:57:20.264+0200] {logging_mixin.py:188} INFO - [2024-05-09T10:57:20.263+0200] {dagbag.py:540} INFO - Filling up the DagBag from /home/munya/.local/lib/python3.11/site-packages/airflow/example_dags/example_nested_branch_dag.py
[2024-05-09T10:57:20.271+0200] {processor.py:840} INFO - DAG(s) 'example_nested_branch_dag' retrieved from /home/munya/.local/lib/python3.11/site-packages/airflow/example_dags/example_nested_branch_dag.py
[2024-05-09T10:57:20.285+0200] {logging_mixin.py:188} INFO - [2024-05-09T10:57:20.284+0200] {dag.py:3096} INFO - Sync 1 DAGs
[2024-05-09T10:57:20.297+0200] {logging_mixin.py:188} INFO - [2024-05-09T10:57:20.297+0200] {dag.py:3954} INFO - Setting next_dagrun for example_nested_branch_dag to 2024-05-08 00:00:00+00:00, run_after=2024-05-09 00:00:00+00:00
[2024-05-09T10:57:20.313+0200] {processor.py:183} INFO - Processing /home/munya/.local/lib/python3.11/site-packages/airflow/example_dags/example_nested_branch_dag.py took 0.059 seconds
[2024-05-09T10:58:18.582+0200] {processor.py:161} INFO - Started process (PID=167681) to work on /home/munya/.local/lib/python3.11/site-packages/airflow/example_dags/example_nested_branch_dag.py
[2024-05-09T10:58:18.583+0200] {processor.py:830} INFO - Processing file /home/munya/.local/lib/python3.11/site-packages/airflow/example_dags/example_nested_branch_dag.py for tasks to queue
[2024-05-09T10:58:18.584+0200] {logging_mixin.py:188} INFO - [2024-05-09T10:58:18.584+0200] {dagbag.py:540} INFO - Filling up the DagBag from /home/munya/.local/lib/python3.11/site-packages/airflow/example_dags/example_nested_branch_dag.py
[2024-05-09T10:58:18.591+0200] {processor.py:840} INFO - DAG(s) 'example_nested_branch_dag' retrieved from /home/munya/.local/lib/python3.11/site-packages/airflow/example_dags/example_nested_branch_dag.py
[2024-05-09T10:58:18.604+0200] {logging_mixin.py:188} INFO - [2024-05-09T10:58:18.604+0200] {dag.py:3096} INFO - Sync 1 DAGs
[2024-05-09T10:58:18.619+0200] {logging_mixin.py:188} INFO - [2024-05-09T10:58:18.619+0200] {dag.py:3954} INFO - Setting next_dagrun for example_nested_branch_dag to 2024-05-08 00:00:00+00:00, run_after=2024-05-09 00:00:00+00:00
[2024-05-09T10:58:18.636+0200] {processor.py:183} INFO - Processing /home/munya/.local/lib/python3.11/site-packages/airflow/example_dags/example_nested_branch_dag.py took 0.062 seconds
[2024-05-09T10:59:16.961+0200] {processor.py:161} INFO - Started process (PID=168432) to work on /home/munya/.local/lib/python3.11/site-packages/airflow/example_dags/example_nested_branch_dag.py
[2024-05-09T10:59:16.962+0200] {processor.py:830} INFO - Processing file /home/munya/.local/lib/python3.11/site-packages/airflow/example_dags/example_nested_branch_dag.py for tasks to queue
[2024-05-09T10:59:16.962+0200] {logging_mixin.py:188} INFO - [2024-05-09T10:59:16.962+0200] {dagbag.py:540} INFO - Filling up the DagBag from /home/munya/.local/lib/python3.11/site-packages/airflow/example_dags/example_nested_branch_dag.py
[2024-05-09T10:59:16.970+0200] {processor.py:840} INFO - DAG(s) 'example_nested_branch_dag' retrieved from /home/munya/.local/lib/python3.11/site-packages/airflow/example_dags/example_nested_branch_dag.py
[2024-05-09T10:59:16.989+0200] {logging_mixin.py:188} INFO - [2024-05-09T10:59:16.989+0200] {dag.py:3096} INFO - Sync 1 DAGs
[2024-05-09T10:59:17.004+0200] {logging_mixin.py:188} INFO - [2024-05-09T10:59:17.003+0200] {dag.py:3954} INFO - Setting next_dagrun for example_nested_branch_dag to 2024-05-08 00:00:00+00:00, run_after=2024-05-09 00:00:00+00:00
[2024-05-09T10:59:17.020+0200] {processor.py:183} INFO - Processing /home/munya/.local/lib/python3.11/site-packages/airflow/example_dags/example_nested_branch_dag.py took 0.067 seconds
[2024-05-09T11:00:52.204+0200] {processor.py:161} INFO - Started process (PID=169697) to work on /home/munya/.local/lib/python3.11/site-packages/airflow/example_dags/example_nested_branch_dag.py
[2024-05-09T11:00:52.206+0200] {processor.py:830} INFO - Processing file /home/munya/.local/lib/python3.11/site-packages/airflow/example_dags/example_nested_branch_dag.py for tasks to queue
[2024-05-09T11:00:52.207+0200] {logging_mixin.py:188} INFO - [2024-05-09T11:00:52.206+0200] {dagbag.py:540} INFO - Filling up the DagBag from /home/munya/.local/lib/python3.11/site-packages/airflow/example_dags/example_nested_branch_dag.py
[2024-05-09T11:00:52.215+0200] {processor.py:840} INFO - DAG(s) 'example_nested_branch_dag' retrieved from /home/munya/.local/lib/python3.11/site-packages/airflow/example_dags/example_nested_branch_dag.py
[2024-05-09T11:00:52.232+0200] {logging_mixin.py:188} INFO - [2024-05-09T11:00:52.232+0200] {dag.py:3096} INFO - Sync 1 DAGs
[2024-05-09T11:00:52.248+0200] {logging_mixin.py:188} INFO - [2024-05-09T11:00:52.247+0200] {dag.py:3954} INFO - Setting next_dagrun for example_nested_branch_dag to 2024-05-08 00:00:00+00:00, run_after=2024-05-09 00:00:00+00:00
[2024-05-09T11:00:52.263+0200] {processor.py:183} INFO - Processing /home/munya/.local/lib/python3.11/site-packages/airflow/example_dags/example_nested_branch_dag.py took 0.068 seconds
[2024-05-09T11:01:51.598+0200] {processor.py:161} INFO - Started process (PID=170484) to work on /home/munya/.local/lib/python3.11/site-packages/airflow/example_dags/example_nested_branch_dag.py
[2024-05-09T11:01:51.599+0200] {processor.py:830} INFO - Processing file /home/munya/.local/lib/python3.11/site-packages/airflow/example_dags/example_nested_branch_dag.py for tasks to queue
[2024-05-09T11:01:51.600+0200] {logging_mixin.py:188} INFO - [2024-05-09T11:01:51.599+0200] {dagbag.py:540} INFO - Filling up the DagBag from /home/munya/.local/lib/python3.11/site-packages/airflow/example_dags/example_nested_branch_dag.py
[2024-05-09T11:01:51.608+0200] {processor.py:840} INFO - DAG(s) 'example_nested_branch_dag' retrieved from /home/munya/.local/lib/python3.11/site-packages/airflow/example_dags/example_nested_branch_dag.py
[2024-05-09T11:01:51.623+0200] {logging_mixin.py:188} INFO - [2024-05-09T11:01:51.623+0200] {dag.py:3096} INFO - Sync 1 DAGs
[2024-05-09T11:01:51.639+0200] {logging_mixin.py:188} INFO - [2024-05-09T11:01:51.639+0200] {dag.py:3954} INFO - Setting next_dagrun for example_nested_branch_dag to 2024-05-08 00:00:00+00:00, run_after=2024-05-09 00:00:00+00:00
[2024-05-09T11:01:51.657+0200] {processor.py:183} INFO - Processing /home/munya/.local/lib/python3.11/site-packages/airflow/example_dags/example_nested_branch_dag.py took 0.070 seconds
[2024-05-09T11:02:46.866+0200] {processor.py:161} INFO - Started process (PID=171221) to work on /home/munya/.local/lib/python3.11/site-packages/airflow/example_dags/example_nested_branch_dag.py
[2024-05-09T11:02:46.867+0200] {processor.py:830} INFO - Processing file /home/munya/.local/lib/python3.11/site-packages/airflow/example_dags/example_nested_branch_dag.py for tasks to queue
[2024-05-09T11:02:46.868+0200] {logging_mixin.py:188} INFO - [2024-05-09T11:02:46.868+0200] {dagbag.py:540} INFO - Filling up the DagBag from /home/munya/.local/lib/python3.11/site-packages/airflow/example_dags/example_nested_branch_dag.py
[2024-05-09T11:02:46.876+0200] {processor.py:840} INFO - DAG(s) 'example_nested_branch_dag' retrieved from /home/munya/.local/lib/python3.11/site-packages/airflow/example_dags/example_nested_branch_dag.py
[2024-05-09T11:02:46.891+0200] {logging_mixin.py:188} INFO - [2024-05-09T11:02:46.891+0200] {dag.py:3096} INFO - Sync 1 DAGs
[2024-05-09T11:02:46.904+0200] {logging_mixin.py:188} INFO - [2024-05-09T11:02:46.904+0200] {dag.py:3954} INFO - Setting next_dagrun for example_nested_branch_dag to 2024-05-08 00:00:00+00:00, run_after=2024-05-09 00:00:00+00:00
[2024-05-09T11:02:46.921+0200] {processor.py:183} INFO - Processing /home/munya/.local/lib/python3.11/site-packages/airflow/example_dags/example_nested_branch_dag.py took 0.063 seconds
[2024-05-09T11:03:45.412+0200] {processor.py:161} INFO - Started process (PID=171975) to work on /home/munya/.local/lib/python3.11/site-packages/airflow/example_dags/example_nested_branch_dag.py
[2024-05-09T11:03:45.413+0200] {processor.py:830} INFO - Processing file /home/munya/.local/lib/python3.11/site-packages/airflow/example_dags/example_nested_branch_dag.py for tasks to queue
[2024-05-09T11:03:45.414+0200] {logging_mixin.py:188} INFO - [2024-05-09T11:03:45.413+0200] {dagbag.py:540} INFO - Filling up the DagBag from /home/munya/.local/lib/python3.11/site-packages/airflow/example_dags/example_nested_branch_dag.py
[2024-05-09T11:03:45.423+0200] {processor.py:840} INFO - DAG(s) 'example_nested_branch_dag' retrieved from /home/munya/.local/lib/python3.11/site-packages/airflow/example_dags/example_nested_branch_dag.py
[2024-05-09T11:03:45.445+0200] {logging_mixin.py:188} INFO - [2024-05-09T11:03:45.444+0200] {dag.py:3096} INFO - Sync 1 DAGs
[2024-05-09T11:03:45.471+0200] {logging_mixin.py:188} INFO - [2024-05-09T11:03:45.470+0200] {dag.py:3954} INFO - Setting next_dagrun for example_nested_branch_dag to 2024-05-08 00:00:00+00:00, run_after=2024-05-09 00:00:00+00:00
[2024-05-09T11:03:45.494+0200] {processor.py:183} INFO - Processing /home/munya/.local/lib/python3.11/site-packages/airflow/example_dags/example_nested_branch_dag.py took 0.093 seconds
[2024-05-09T11:04:37.366+0200] {processor.py:161} INFO - Started process (PID=172673) to work on /home/munya/.local/lib/python3.11/site-packages/airflow/example_dags/example_nested_branch_dag.py
[2024-05-09T11:04:37.367+0200] {processor.py:830} INFO - Processing file /home/munya/.local/lib/python3.11/site-packages/airflow/example_dags/example_nested_branch_dag.py for tasks to queue
[2024-05-09T11:04:37.368+0200] {logging_mixin.py:188} INFO - [2024-05-09T11:04:37.367+0200] {dagbag.py:540} INFO - Filling up the DagBag from /home/munya/.local/lib/python3.11/site-packages/airflow/example_dags/example_nested_branch_dag.py
[2024-05-09T11:04:37.375+0200] {processor.py:840} INFO - DAG(s) 'example_nested_branch_dag' retrieved from /home/munya/.local/lib/python3.11/site-packages/airflow/example_dags/example_nested_branch_dag.py
[2024-05-09T11:04:37.390+0200] {logging_mixin.py:188} INFO - [2024-05-09T11:04:37.389+0200] {dag.py:3096} INFO - Sync 1 DAGs
[2024-05-09T11:04:37.409+0200] {logging_mixin.py:188} INFO - [2024-05-09T11:04:37.409+0200] {dag.py:3954} INFO - Setting next_dagrun for example_nested_branch_dag to 2024-05-08 00:00:00+00:00, run_after=2024-05-09 00:00:00+00:00
[2024-05-09T11:04:37.428+0200] {processor.py:183} INFO - Processing /home/munya/.local/lib/python3.11/site-packages/airflow/example_dags/example_nested_branch_dag.py took 0.069 seconds
[2024-05-09T11:05:37.377+0200] {processor.py:161} INFO - Started process (PID=173463) to work on /home/munya/.local/lib/python3.11/site-packages/airflow/example_dags/example_nested_branch_dag.py
[2024-05-09T11:05:37.380+0200] {processor.py:830} INFO - Processing file /home/munya/.local/lib/python3.11/site-packages/airflow/example_dags/example_nested_branch_dag.py for tasks to queue
[2024-05-09T11:05:37.382+0200] {logging_mixin.py:188} INFO - [2024-05-09T11:05:37.381+0200] {dagbag.py:540} INFO - Filling up the DagBag from /home/munya/.local/lib/python3.11/site-packages/airflow/example_dags/example_nested_branch_dag.py
[2024-05-09T11:05:37.410+0200] {processor.py:840} INFO - DAG(s) 'example_nested_branch_dag' retrieved from /home/munya/.local/lib/python3.11/site-packages/airflow/example_dags/example_nested_branch_dag.py
[2024-05-09T11:05:37.482+0200] {logging_mixin.py:188} INFO - [2024-05-09T11:05:37.481+0200] {dag.py:3096} INFO - Sync 1 DAGs
[2024-05-09T11:05:37.540+0200] {logging_mixin.py:188} INFO - [2024-05-09T11:05:37.539+0200] {dag.py:3954} INFO - Setting next_dagrun for example_nested_branch_dag to 2024-05-08 00:00:00+00:00, run_after=2024-05-09 00:00:00+00:00
[2024-05-09T11:05:37.604+0200] {processor.py:183} INFO - Processing /home/munya/.local/lib/python3.11/site-packages/airflow/example_dags/example_nested_branch_dag.py took 0.257 seconds
[2024-05-09T11:06:47.549+0200] {processor.py:161} INFO - Started process (PID=174348) to work on /home/munya/.local/lib/python3.11/site-packages/airflow/example_dags/example_nested_branch_dag.py
[2024-05-09T11:06:47.551+0200] {processor.py:830} INFO - Processing file /home/munya/.local/lib/python3.11/site-packages/airflow/example_dags/example_nested_branch_dag.py for tasks to queue
[2024-05-09T11:06:47.554+0200] {logging_mixin.py:188} INFO - [2024-05-09T11:06:47.553+0200] {dagbag.py:540} INFO - Filling up the DagBag from /home/munya/.local/lib/python3.11/site-packages/airflow/example_dags/example_nested_branch_dag.py
[2024-05-09T11:06:47.602+0200] {processor.py:840} INFO - DAG(s) 'example_nested_branch_dag' retrieved from /home/munya/.local/lib/python3.11/site-packages/airflow/example_dags/example_nested_branch_dag.py
[2024-05-09T11:06:47.683+0200] {logging_mixin.py:188} INFO - [2024-05-09T11:06:47.683+0200] {dag.py:3096} INFO - Sync 1 DAGs
[2024-05-09T11:06:47.739+0200] {logging_mixin.py:188} INFO - [2024-05-09T11:06:47.738+0200] {dag.py:3954} INFO - Setting next_dagrun for example_nested_branch_dag to 2024-05-08 00:00:00+00:00, run_after=2024-05-09 00:00:00+00:00
[2024-05-09T11:06:47.790+0200] {processor.py:183} INFO - Processing /home/munya/.local/lib/python3.11/site-packages/airflow/example_dags/example_nested_branch_dag.py took 0.271 seconds
[2024-05-09T11:07:51.681+0200] {processor.py:161} INFO - Started process (PID=175194) to work on /home/munya/.local/lib/python3.11/site-packages/airflow/example_dags/example_nested_branch_dag.py
[2024-05-09T11:07:51.681+0200] {processor.py:830} INFO - Processing file /home/munya/.local/lib/python3.11/site-packages/airflow/example_dags/example_nested_branch_dag.py for tasks to queue
[2024-05-09T11:07:51.682+0200] {logging_mixin.py:188} INFO - [2024-05-09T11:07:51.682+0200] {dagbag.py:540} INFO - Filling up the DagBag from /home/munya/.local/lib/python3.11/site-packages/airflow/example_dags/example_nested_branch_dag.py
[2024-05-09T11:07:51.690+0200] {processor.py:840} INFO - DAG(s) 'example_nested_branch_dag' retrieved from /home/munya/.local/lib/python3.11/site-packages/airflow/example_dags/example_nested_branch_dag.py
[2024-05-09T11:07:51.704+0200] {logging_mixin.py:188} INFO - [2024-05-09T11:07:51.704+0200] {dag.py:3096} INFO - Sync 1 DAGs
[2024-05-09T11:07:51.719+0200] {logging_mixin.py:188} INFO - [2024-05-09T11:07:51.719+0200] {dag.py:3954} INFO - Setting next_dagrun for example_nested_branch_dag to 2024-05-08 00:00:00+00:00, run_after=2024-05-09 00:00:00+00:00
[2024-05-09T11:07:51.736+0200] {processor.py:183} INFO - Processing /home/munya/.local/lib/python3.11/site-packages/airflow/example_dags/example_nested_branch_dag.py took 0.063 seconds
[2024-05-09T11:08:55.597+0200] {processor.py:161} INFO - Started process (PID=176097) to work on /home/munya/.local/lib/python3.11/site-packages/airflow/example_dags/example_nested_branch_dag.py
[2024-05-09T11:08:55.598+0200] {processor.py:830} INFO - Processing file /home/munya/.local/lib/python3.11/site-packages/airflow/example_dags/example_nested_branch_dag.py for tasks to queue
[2024-05-09T11:08:55.599+0200] {logging_mixin.py:188} INFO - [2024-05-09T11:08:55.599+0200] {dagbag.py:540} INFO - Filling up the DagBag from /home/munya/.local/lib/python3.11/site-packages/airflow/example_dags/example_nested_branch_dag.py
[2024-05-09T11:08:55.608+0200] {processor.py:840} INFO - DAG(s) 'example_nested_branch_dag' retrieved from /home/munya/.local/lib/python3.11/site-packages/airflow/example_dags/example_nested_branch_dag.py
[2024-05-09T11:08:55.624+0200] {logging_mixin.py:188} INFO - [2024-05-09T11:08:55.624+0200] {dag.py:3096} INFO - Sync 1 DAGs
[2024-05-09T11:08:55.637+0200] {logging_mixin.py:188} INFO - [2024-05-09T11:08:55.637+0200] {dag.py:3954} INFO - Setting next_dagrun for example_nested_branch_dag to 2024-05-08 00:00:00+00:00, run_after=2024-05-09 00:00:00+00:00
[2024-05-09T11:08:55.654+0200] {processor.py:183} INFO - Processing /home/munya/.local/lib/python3.11/site-packages/airflow/example_dags/example_nested_branch_dag.py took 0.064 seconds
[2024-05-09T11:09:58.238+0200] {processor.py:161} INFO - Started process (PID=176965) to work on /home/munya/.local/lib/python3.11/site-packages/airflow/example_dags/example_nested_branch_dag.py
[2024-05-09T11:09:58.241+0200] {processor.py:830} INFO - Processing file /home/munya/.local/lib/python3.11/site-packages/airflow/example_dags/example_nested_branch_dag.py for tasks to queue
[2024-05-09T11:09:58.243+0200] {logging_mixin.py:188} INFO - [2024-05-09T11:09:58.242+0200] {dagbag.py:540} INFO - Filling up the DagBag from /home/munya/.local/lib/python3.11/site-packages/airflow/example_dags/example_nested_branch_dag.py
[2024-05-09T11:09:58.273+0200] {processor.py:840} INFO - DAG(s) 'example_nested_branch_dag' retrieved from /home/munya/.local/lib/python3.11/site-packages/airflow/example_dags/example_nested_branch_dag.py
[2024-05-09T11:09:58.324+0200] {logging_mixin.py:188} INFO - [2024-05-09T11:09:58.323+0200] {dag.py:3096} INFO - Sync 1 DAGs
[2024-05-09T11:09:58.382+0200] {logging_mixin.py:188} INFO - [2024-05-09T11:09:58.382+0200] {dag.py:3954} INFO - Setting next_dagrun for example_nested_branch_dag to 2024-05-08 00:00:00+00:00, run_after=2024-05-09 00:00:00+00:00
[2024-05-09T11:09:58.451+0200] {processor.py:183} INFO - Processing /home/munya/.local/lib/python3.11/site-packages/airflow/example_dags/example_nested_branch_dag.py took 0.242 seconds
[2024-05-09T11:10:59.267+0200] {processor.py:161} INFO - Started process (PID=177762) to work on /home/munya/.local/lib/python3.11/site-packages/airflow/example_dags/example_nested_branch_dag.py
[2024-05-09T11:10:59.268+0200] {processor.py:830} INFO - Processing file /home/munya/.local/lib/python3.11/site-packages/airflow/example_dags/example_nested_branch_dag.py for tasks to queue
[2024-05-09T11:10:59.269+0200] {logging_mixin.py:188} INFO - [2024-05-09T11:10:59.269+0200] {dagbag.py:540} INFO - Filling up the DagBag from /home/munya/.local/lib/python3.11/site-packages/airflow/example_dags/example_nested_branch_dag.py
[2024-05-09T11:10:59.276+0200] {processor.py:840} INFO - DAG(s) 'example_nested_branch_dag' retrieved from /home/munya/.local/lib/python3.11/site-packages/airflow/example_dags/example_nested_branch_dag.py
[2024-05-09T11:10:59.290+0200] {logging_mixin.py:188} INFO - [2024-05-09T11:10:59.290+0200] {dag.py:3096} INFO - Sync 1 DAGs
[2024-05-09T11:10:59.304+0200] {logging_mixin.py:188} INFO - [2024-05-09T11:10:59.304+0200] {dag.py:3954} INFO - Setting next_dagrun for example_nested_branch_dag to 2024-05-08 00:00:00+00:00, run_after=2024-05-09 00:00:00+00:00
[2024-05-09T11:10:59.321+0200] {processor.py:183} INFO - Processing /home/munya/.local/lib/python3.11/site-packages/airflow/example_dags/example_nested_branch_dag.py took 0.068 seconds
[2024-05-09T11:12:02.133+0200] {processor.py:161} INFO - Started process (PID=178561) to work on /home/munya/.local/lib/python3.11/site-packages/airflow/example_dags/example_nested_branch_dag.py
[2024-05-09T11:12:02.134+0200] {processor.py:830} INFO - Processing file /home/munya/.local/lib/python3.11/site-packages/airflow/example_dags/example_nested_branch_dag.py for tasks to queue
[2024-05-09T11:12:02.134+0200] {logging_mixin.py:188} INFO - [2024-05-09T11:12:02.134+0200] {dagbag.py:540} INFO - Filling up the DagBag from /home/munya/.local/lib/python3.11/site-packages/airflow/example_dags/example_nested_branch_dag.py
[2024-05-09T11:12:02.142+0200] {processor.py:840} INFO - DAG(s) 'example_nested_branch_dag' retrieved from /home/munya/.local/lib/python3.11/site-packages/airflow/example_dags/example_nested_branch_dag.py
[2024-05-09T11:12:02.156+0200] {logging_mixin.py:188} INFO - [2024-05-09T11:12:02.156+0200] {dag.py:3096} INFO - Sync 1 DAGs
[2024-05-09T11:12:02.170+0200] {logging_mixin.py:188} INFO - [2024-05-09T11:12:02.169+0200] {dag.py:3954} INFO - Setting next_dagrun for example_nested_branch_dag to 2024-05-08 00:00:00+00:00, run_after=2024-05-09 00:00:00+00:00
[2024-05-09T11:12:02.186+0200] {processor.py:183} INFO - Processing /home/munya/.local/lib/python3.11/site-packages/airflow/example_dags/example_nested_branch_dag.py took 0.060 seconds
[2024-05-09T11:13:03.693+0200] {processor.py:161} INFO - Started process (PID=179382) to work on /home/munya/.local/lib/python3.11/site-packages/airflow/example_dags/example_nested_branch_dag.py
[2024-05-09T11:13:03.693+0200] {processor.py:830} INFO - Processing file /home/munya/.local/lib/python3.11/site-packages/airflow/example_dags/example_nested_branch_dag.py for tasks to queue
[2024-05-09T11:13:03.694+0200] {logging_mixin.py:188} INFO - [2024-05-09T11:13:03.694+0200] {dagbag.py:540} INFO - Filling up the DagBag from /home/munya/.local/lib/python3.11/site-packages/airflow/example_dags/example_nested_branch_dag.py
[2024-05-09T11:13:03.701+0200] {processor.py:840} INFO - DAG(s) 'example_nested_branch_dag' retrieved from /home/munya/.local/lib/python3.11/site-packages/airflow/example_dags/example_nested_branch_dag.py
[2024-05-09T11:13:03.716+0200] {logging_mixin.py:188} INFO - [2024-05-09T11:13:03.716+0200] {dag.py:3096} INFO - Sync 1 DAGs
[2024-05-09T11:13:03.730+0200] {logging_mixin.py:188} INFO - [2024-05-09T11:13:03.730+0200] {dag.py:3954} INFO - Setting next_dagrun for example_nested_branch_dag to 2024-05-08 00:00:00+00:00, run_after=2024-05-09 00:00:00+00:00
[2024-05-09T11:13:03.746+0200] {processor.py:183} INFO - Processing /home/munya/.local/lib/python3.11/site-packages/airflow/example_dags/example_nested_branch_dag.py took 0.061 seconds
[2024-05-09T11:14:03.506+0200] {processor.py:161} INFO - Started process (PID=180165) to work on /home/munya/.local/lib/python3.11/site-packages/airflow/example_dags/example_nested_branch_dag.py
[2024-05-09T11:14:03.507+0200] {processor.py:830} INFO - Processing file /home/munya/.local/lib/python3.11/site-packages/airflow/example_dags/example_nested_branch_dag.py for tasks to queue
[2024-05-09T11:14:03.508+0200] {logging_mixin.py:188} INFO - [2024-05-09T11:14:03.507+0200] {dagbag.py:540} INFO - Filling up the DagBag from /home/munya/.local/lib/python3.11/site-packages/airflow/example_dags/example_nested_branch_dag.py
[2024-05-09T11:14:03.518+0200] {processor.py:840} INFO - DAG(s) 'example_nested_branch_dag' retrieved from /home/munya/.local/lib/python3.11/site-packages/airflow/example_dags/example_nested_branch_dag.py
[2024-05-09T11:14:03.533+0200] {logging_mixin.py:188} INFO - [2024-05-09T11:14:03.533+0200] {dag.py:3096} INFO - Sync 1 DAGs
[2024-05-09T11:14:03.549+0200] {logging_mixin.py:188} INFO - [2024-05-09T11:14:03.548+0200] {dag.py:3954} INFO - Setting next_dagrun for example_nested_branch_dag to 2024-05-08 00:00:00+00:00, run_after=2024-05-09 00:00:00+00:00
[2024-05-09T11:14:03.568+0200] {processor.py:183} INFO - Processing /home/munya/.local/lib/python3.11/site-packages/airflow/example_dags/example_nested_branch_dag.py took 0.072 seconds
[2024-05-09T11:15:05.155+0200] {processor.py:161} INFO - Started process (PID=180972) to work on /home/munya/.local/lib/python3.11/site-packages/airflow/example_dags/example_nested_branch_dag.py
[2024-05-09T11:15:05.156+0200] {processor.py:830} INFO - Processing file /home/munya/.local/lib/python3.11/site-packages/airflow/example_dags/example_nested_branch_dag.py for tasks to queue
[2024-05-09T11:15:05.157+0200] {logging_mixin.py:188} INFO - [2024-05-09T11:15:05.156+0200] {dagbag.py:540} INFO - Filling up the DagBag from /home/munya/.local/lib/python3.11/site-packages/airflow/example_dags/example_nested_branch_dag.py
[2024-05-09T11:15:05.165+0200] {processor.py:840} INFO - DAG(s) 'example_nested_branch_dag' retrieved from /home/munya/.local/lib/python3.11/site-packages/airflow/example_dags/example_nested_branch_dag.py
[2024-05-09T11:15:05.181+0200] {logging_mixin.py:188} INFO - [2024-05-09T11:15:05.181+0200] {dag.py:3096} INFO - Sync 1 DAGs
[2024-05-09T11:15:05.197+0200] {logging_mixin.py:188} INFO - [2024-05-09T11:15:05.197+0200] {dag.py:3954} INFO - Setting next_dagrun for example_nested_branch_dag to 2024-05-08 00:00:00+00:00, run_after=2024-05-09 00:00:00+00:00
[2024-05-09T11:15:05.217+0200] {processor.py:183} INFO - Processing /home/munya/.local/lib/python3.11/site-packages/airflow/example_dags/example_nested_branch_dag.py took 0.070 seconds
[2024-05-09T11:16:11.182+0200] {processor.py:161} INFO - Started process (PID=181837) to work on /home/munya/.local/lib/python3.11/site-packages/airflow/example_dags/example_nested_branch_dag.py
[2024-05-09T11:16:11.183+0200] {processor.py:830} INFO - Processing file /home/munya/.local/lib/python3.11/site-packages/airflow/example_dags/example_nested_branch_dag.py for tasks to queue
[2024-05-09T11:16:11.185+0200] {logging_mixin.py:188} INFO - [2024-05-09T11:16:11.184+0200] {dagbag.py:540} INFO - Filling up the DagBag from /home/munya/.local/lib/python3.11/site-packages/airflow/example_dags/example_nested_branch_dag.py
[2024-05-09T11:16:11.194+0200] {processor.py:840} INFO - DAG(s) 'example_nested_branch_dag' retrieved from /home/munya/.local/lib/python3.11/site-packages/airflow/example_dags/example_nested_branch_dag.py
[2024-05-09T11:16:11.209+0200] {logging_mixin.py:188} INFO - [2024-05-09T11:16:11.208+0200] {dag.py:3096} INFO - Sync 1 DAGs
[2024-05-09T11:16:11.223+0200] {logging_mixin.py:188} INFO - [2024-05-09T11:16:11.223+0200] {dag.py:3954} INFO - Setting next_dagrun for example_nested_branch_dag to 2024-05-08 00:00:00+00:00, run_after=2024-05-09 00:00:00+00:00
[2024-05-09T11:16:11.242+0200] {processor.py:183} INFO - Processing /home/munya/.local/lib/python3.11/site-packages/airflow/example_dags/example_nested_branch_dag.py took 0.069 seconds
[2024-05-09T11:17:13.423+0200] {processor.py:161} INFO - Started process (PID=182676) to work on /home/munya/.local/lib/python3.11/site-packages/airflow/example_dags/example_nested_branch_dag.py
[2024-05-09T11:17:13.424+0200] {processor.py:830} INFO - Processing file /home/munya/.local/lib/python3.11/site-packages/airflow/example_dags/example_nested_branch_dag.py for tasks to queue
[2024-05-09T11:17:13.424+0200] {logging_mixin.py:188} INFO - [2024-05-09T11:17:13.424+0200] {dagbag.py:540} INFO - Filling up the DagBag from /home/munya/.local/lib/python3.11/site-packages/airflow/example_dags/example_nested_branch_dag.py
[2024-05-09T11:17:13.431+0200] {processor.py:840} INFO - DAG(s) 'example_nested_branch_dag' retrieved from /home/munya/.local/lib/python3.11/site-packages/airflow/example_dags/example_nested_branch_dag.py
[2024-05-09T11:17:13.452+0200] {logging_mixin.py:188} INFO - [2024-05-09T11:17:13.451+0200] {dag.py:3096} INFO - Sync 1 DAGs
[2024-05-09T11:17:13.466+0200] {logging_mixin.py:188} INFO - [2024-05-09T11:17:13.465+0200] {dag.py:3954} INFO - Setting next_dagrun for example_nested_branch_dag to 2024-05-08 00:00:00+00:00, run_after=2024-05-09 00:00:00+00:00
[2024-05-09T11:17:13.483+0200] {processor.py:183} INFO - Processing /home/munya/.local/lib/python3.11/site-packages/airflow/example_dags/example_nested_branch_dag.py took 0.068 seconds
[2024-05-09T11:18:17.784+0200] {processor.py:161} INFO - Started process (PID=183528) to work on /home/munya/.local/lib/python3.11/site-packages/airflow/example_dags/example_nested_branch_dag.py
[2024-05-09T11:18:17.787+0200] {processor.py:830} INFO - Processing file /home/munya/.local/lib/python3.11/site-packages/airflow/example_dags/example_nested_branch_dag.py for tasks to queue
[2024-05-09T11:18:17.789+0200] {logging_mixin.py:188} INFO - [2024-05-09T11:18:17.788+0200] {dagbag.py:540} INFO - Filling up the DagBag from /home/munya/.local/lib/python3.11/site-packages/airflow/example_dags/example_nested_branch_dag.py
[2024-05-09T11:18:17.817+0200] {processor.py:840} INFO - DAG(s) 'example_nested_branch_dag' retrieved from /home/munya/.local/lib/python3.11/site-packages/airflow/example_dags/example_nested_branch_dag.py
[2024-05-09T11:18:17.870+0200] {logging_mixin.py:188} INFO - [2024-05-09T11:18:17.870+0200] {dag.py:3096} INFO - Sync 1 DAGs
[2024-05-09T11:18:17.930+0200] {logging_mixin.py:188} INFO - [2024-05-09T11:18:17.929+0200] {dag.py:3954} INFO - Setting next_dagrun for example_nested_branch_dag to 2024-05-08 00:00:00+00:00, run_after=2024-05-09 00:00:00+00:00
[2024-05-09T11:18:17.989+0200] {processor.py:183} INFO - Processing /home/munya/.local/lib/python3.11/site-packages/airflow/example_dags/example_nested_branch_dag.py took 0.235 seconds
[2024-05-09T11:19:19.981+0200] {processor.py:161} INFO - Started process (PID=184310) to work on /home/munya/.local/lib/python3.11/site-packages/airflow/example_dags/example_nested_branch_dag.py
[2024-05-09T11:19:19.982+0200] {processor.py:830} INFO - Processing file /home/munya/.local/lib/python3.11/site-packages/airflow/example_dags/example_nested_branch_dag.py for tasks to queue
[2024-05-09T11:19:19.983+0200] {logging_mixin.py:188} INFO - [2024-05-09T11:19:19.982+0200] {dagbag.py:540} INFO - Filling up the DagBag from /home/munya/.local/lib/python3.11/site-packages/airflow/example_dags/example_nested_branch_dag.py
[2024-05-09T11:19:19.990+0200] {processor.py:840} INFO - DAG(s) 'example_nested_branch_dag' retrieved from /home/munya/.local/lib/python3.11/site-packages/airflow/example_dags/example_nested_branch_dag.py
[2024-05-09T11:19:20.006+0200] {logging_mixin.py:188} INFO - [2024-05-09T11:19:20.006+0200] {dag.py:3096} INFO - Sync 1 DAGs
[2024-05-09T11:19:20.024+0200] {logging_mixin.py:188} INFO - [2024-05-09T11:19:20.024+0200] {dag.py:3954} INFO - Setting next_dagrun for example_nested_branch_dag to 2024-05-08 00:00:00+00:00, run_after=2024-05-09 00:00:00+00:00
[2024-05-09T11:19:20.043+0200] {processor.py:183} INFO - Processing /home/munya/.local/lib/python3.11/site-packages/airflow/example_dags/example_nested_branch_dag.py took 0.069 seconds
[2024-05-09T11:20:22.900+0200] {processor.py:161} INFO - Started process (PID=185133) to work on /home/munya/.local/lib/python3.11/site-packages/airflow/example_dags/example_nested_branch_dag.py
[2024-05-09T11:20:22.901+0200] {processor.py:830} INFO - Processing file /home/munya/.local/lib/python3.11/site-packages/airflow/example_dags/example_nested_branch_dag.py for tasks to queue
[2024-05-09T11:20:22.902+0200] {logging_mixin.py:188} INFO - [2024-05-09T11:20:22.902+0200] {dagbag.py:540} INFO - Filling up the DagBag from /home/munya/.local/lib/python3.11/site-packages/airflow/example_dags/example_nested_branch_dag.py
[2024-05-09T11:20:22.910+0200] {processor.py:840} INFO - DAG(s) 'example_nested_branch_dag' retrieved from /home/munya/.local/lib/python3.11/site-packages/airflow/example_dags/example_nested_branch_dag.py
[2024-05-09T11:20:22.924+0200] {logging_mixin.py:188} INFO - [2024-05-09T11:20:22.923+0200] {dag.py:3096} INFO - Sync 1 DAGs
[2024-05-09T11:20:22.937+0200] {logging_mixin.py:188} INFO - [2024-05-09T11:20:22.937+0200] {dag.py:3954} INFO - Setting next_dagrun for example_nested_branch_dag to 2024-05-08 00:00:00+00:00, run_after=2024-05-09 00:00:00+00:00
[2024-05-09T11:20:22.952+0200] {processor.py:183} INFO - Processing /home/munya/.local/lib/python3.11/site-packages/airflow/example_dags/example_nested_branch_dag.py took 0.060 seconds
[2024-05-09T11:21:30.281+0200] {processor.py:161} INFO - Started process (PID=185976) to work on /home/munya/.local/lib/python3.11/site-packages/airflow/example_dags/example_nested_branch_dag.py
[2024-05-09T11:21:30.282+0200] {processor.py:830} INFO - Processing file /home/munya/.local/lib/python3.11/site-packages/airflow/example_dags/example_nested_branch_dag.py for tasks to queue
[2024-05-09T11:21:30.283+0200] {logging_mixin.py:188} INFO - [2024-05-09T11:21:30.283+0200] {dagbag.py:540} INFO - Filling up the DagBag from /home/munya/.local/lib/python3.11/site-packages/airflow/example_dags/example_nested_branch_dag.py
[2024-05-09T11:21:30.291+0200] {processor.py:840} INFO - DAG(s) 'example_nested_branch_dag' retrieved from /home/munya/.local/lib/python3.11/site-packages/airflow/example_dags/example_nested_branch_dag.py
[2024-05-09T11:21:30.305+0200] {logging_mixin.py:188} INFO - [2024-05-09T11:21:30.305+0200] {dag.py:3096} INFO - Sync 1 DAGs
[2024-05-09T11:21:30.318+0200] {logging_mixin.py:188} INFO - [2024-05-09T11:21:30.318+0200] {dag.py:3954} INFO - Setting next_dagrun for example_nested_branch_dag to 2024-05-08 00:00:00+00:00, run_after=2024-05-09 00:00:00+00:00
[2024-05-09T11:21:30.334+0200] {processor.py:183} INFO - Processing /home/munya/.local/lib/python3.11/site-packages/airflow/example_dags/example_nested_branch_dag.py took 0.061 seconds
[2024-05-09T11:22:29.176+0200] {processor.py:161} INFO - Started process (PID=186714) to work on /home/munya/.local/lib/python3.11/site-packages/airflow/example_dags/example_nested_branch_dag.py
[2024-05-09T11:22:29.177+0200] {processor.py:830} INFO - Processing file /home/munya/.local/lib/python3.11/site-packages/airflow/example_dags/example_nested_branch_dag.py for tasks to queue
[2024-05-09T11:22:29.178+0200] {logging_mixin.py:188} INFO - [2024-05-09T11:22:29.177+0200] {dagbag.py:540} INFO - Filling up the DagBag from /home/munya/.local/lib/python3.11/site-packages/airflow/example_dags/example_nested_branch_dag.py
[2024-05-09T11:22:29.185+0200] {processor.py:840} INFO - DAG(s) 'example_nested_branch_dag' retrieved from /home/munya/.local/lib/python3.11/site-packages/airflow/example_dags/example_nested_branch_dag.py
[2024-05-09T11:22:29.198+0200] {logging_mixin.py:188} INFO - [2024-05-09T11:22:29.198+0200] {dag.py:3096} INFO - Sync 1 DAGs
[2024-05-09T11:22:29.211+0200] {logging_mixin.py:188} INFO - [2024-05-09T11:22:29.211+0200] {dag.py:3954} INFO - Setting next_dagrun for example_nested_branch_dag to 2024-05-08 00:00:00+00:00, run_after=2024-05-09 00:00:00+00:00
[2024-05-09T11:22:29.227+0200] {processor.py:183} INFO - Processing /home/munya/.local/lib/python3.11/site-packages/airflow/example_dags/example_nested_branch_dag.py took 0.059 seconds
[2024-05-09T11:23:35.163+0200] {processor.py:161} INFO - Started process (PID=187484) to work on /home/munya/.local/lib/python3.11/site-packages/airflow/example_dags/example_nested_branch_dag.py
[2024-05-09T11:23:35.164+0200] {processor.py:830} INFO - Processing file /home/munya/.local/lib/python3.11/site-packages/airflow/example_dags/example_nested_branch_dag.py for tasks to queue
[2024-05-09T11:23:35.165+0200] {logging_mixin.py:188} INFO - [2024-05-09T11:23:35.165+0200] {dagbag.py:540} INFO - Filling up the DagBag from /home/munya/.local/lib/python3.11/site-packages/airflow/example_dags/example_nested_branch_dag.py
[2024-05-09T11:23:35.177+0200] {processor.py:840} INFO - DAG(s) 'example_nested_branch_dag' retrieved from /home/munya/.local/lib/python3.11/site-packages/airflow/example_dags/example_nested_branch_dag.py
[2024-05-09T11:23:35.190+0200] {logging_mixin.py:188} INFO - [2024-05-09T11:23:35.190+0200] {dag.py:3096} INFO - Sync 1 DAGs
[2024-05-09T11:23:35.323+0200] {logging_mixin.py:188} INFO - [2024-05-09T11:23:35.323+0200] {dag.py:3954} INFO - Setting next_dagrun for example_nested_branch_dag to 2024-05-08 00:00:00+00:00, run_after=2024-05-09 00:00:00+00:00
[2024-05-09T11:23:35.336+0200] {processor.py:183} INFO - Processing /home/munya/.local/lib/python3.11/site-packages/airflow/example_dags/example_nested_branch_dag.py took 0.181 seconds
[2024-05-09T11:24:43.589+0200] {processor.py:161} INFO - Started process (PID=188316) to work on /home/munya/.local/lib/python3.11/site-packages/airflow/example_dags/example_nested_branch_dag.py
[2024-05-09T11:24:43.590+0200] {processor.py:830} INFO - Processing file /home/munya/.local/lib/python3.11/site-packages/airflow/example_dags/example_nested_branch_dag.py for tasks to queue
[2024-05-09T11:24:43.591+0200] {logging_mixin.py:188} INFO - [2024-05-09T11:24:43.591+0200] {dagbag.py:540} INFO - Filling up the DagBag from /home/munya/.local/lib/python3.11/site-packages/airflow/example_dags/example_nested_branch_dag.py
[2024-05-09T11:24:43.598+0200] {processor.py:840} INFO - DAG(s) 'example_nested_branch_dag' retrieved from /home/munya/.local/lib/python3.11/site-packages/airflow/example_dags/example_nested_branch_dag.py
[2024-05-09T11:24:43.611+0200] {logging_mixin.py:188} INFO - [2024-05-09T11:24:43.611+0200] {dag.py:3096} INFO - Sync 1 DAGs
[2024-05-09T11:24:43.624+0200] {logging_mixin.py:188} INFO - [2024-05-09T11:24:43.624+0200] {dag.py:3954} INFO - Setting next_dagrun for example_nested_branch_dag to 2024-05-08 00:00:00+00:00, run_after=2024-05-09 00:00:00+00:00
[2024-05-09T11:24:43.760+0200] {processor.py:183} INFO - Processing /home/munya/.local/lib/python3.11/site-packages/airflow/example_dags/example_nested_branch_dag.py took 0.178 seconds
[2024-05-09T11:25:51.105+0200] {processor.py:161} INFO - Started process (PID=189088) to work on /home/munya/.local/lib/python3.11/site-packages/airflow/example_dags/example_nested_branch_dag.py
[2024-05-09T11:25:51.106+0200] {processor.py:830} INFO - Processing file /home/munya/.local/lib/python3.11/site-packages/airflow/example_dags/example_nested_branch_dag.py for tasks to queue
[2024-05-09T11:25:51.106+0200] {logging_mixin.py:188} INFO - [2024-05-09T11:25:51.106+0200] {dagbag.py:540} INFO - Filling up the DagBag from /home/munya/.local/lib/python3.11/site-packages/airflow/example_dags/example_nested_branch_dag.py
[2024-05-09T11:25:51.113+0200] {processor.py:840} INFO - DAG(s) 'example_nested_branch_dag' retrieved from /home/munya/.local/lib/python3.11/site-packages/airflow/example_dags/example_nested_branch_dag.py
[2024-05-09T11:25:51.127+0200] {logging_mixin.py:188} INFO - [2024-05-09T11:25:51.126+0200] {dag.py:3096} INFO - Sync 1 DAGs
[2024-05-09T11:25:51.140+0200] {logging_mixin.py:188} INFO - [2024-05-09T11:25:51.139+0200] {dag.py:3954} INFO - Setting next_dagrun for example_nested_branch_dag to 2024-05-08 00:00:00+00:00, run_after=2024-05-09 00:00:00+00:00
[2024-05-09T11:25:51.156+0200] {processor.py:183} INFO - Processing /home/munya/.local/lib/python3.11/site-packages/airflow/example_dags/example_nested_branch_dag.py took 0.059 seconds
[2024-05-09T11:26:59.191+0200] {processor.py:161} INFO - Started process (PID=189860) to work on /home/munya/.local/lib/python3.11/site-packages/airflow/example_dags/example_nested_branch_dag.py
[2024-05-09T11:26:59.192+0200] {processor.py:830} INFO - Processing file /home/munya/.local/lib/python3.11/site-packages/airflow/example_dags/example_nested_branch_dag.py for tasks to queue
[2024-05-09T11:26:59.192+0200] {logging_mixin.py:188} INFO - [2024-05-09T11:26:59.192+0200] {dagbag.py:540} INFO - Filling up the DagBag from /home/munya/.local/lib/python3.11/site-packages/airflow/example_dags/example_nested_branch_dag.py
[2024-05-09T11:26:59.200+0200] {processor.py:840} INFO - DAG(s) 'example_nested_branch_dag' retrieved from /home/munya/.local/lib/python3.11/site-packages/airflow/example_dags/example_nested_branch_dag.py
[2024-05-09T11:26:59.215+0200] {logging_mixin.py:188} INFO - [2024-05-09T11:26:59.215+0200] {dag.py:3096} INFO - Sync 1 DAGs
[2024-05-09T11:26:59.231+0200] {logging_mixin.py:188} INFO - [2024-05-09T11:26:59.231+0200] {dag.py:3954} INFO - Setting next_dagrun for example_nested_branch_dag to 2024-05-08 00:00:00+00:00, run_after=2024-05-09 00:00:00+00:00
[2024-05-09T11:26:59.249+0200] {processor.py:183} INFO - Processing /home/munya/.local/lib/python3.11/site-packages/airflow/example_dags/example_nested_branch_dag.py took 0.067 seconds
[2024-05-09T11:28:10.966+0200] {processor.py:161} INFO - Started process (PID=190668) to work on /home/munya/.local/lib/python3.11/site-packages/airflow/example_dags/example_nested_branch_dag.py
[2024-05-09T11:28:10.966+0200] {processor.py:830} INFO - Processing file /home/munya/.local/lib/python3.11/site-packages/airflow/example_dags/example_nested_branch_dag.py for tasks to queue
[2024-05-09T11:28:10.967+0200] {logging_mixin.py:188} INFO - [2024-05-09T11:28:10.967+0200] {dagbag.py:540} INFO - Filling up the DagBag from /home/munya/.local/lib/python3.11/site-packages/airflow/example_dags/example_nested_branch_dag.py
[2024-05-09T11:28:10.975+0200] {processor.py:840} INFO - DAG(s) 'example_nested_branch_dag' retrieved from /home/munya/.local/lib/python3.11/site-packages/airflow/example_dags/example_nested_branch_dag.py
[2024-05-09T11:28:10.989+0200] {logging_mixin.py:188} INFO - [2024-05-09T11:28:10.989+0200] {dag.py:3096} INFO - Sync 1 DAGs
[2024-05-09T11:28:11.004+0200] {logging_mixin.py:188} INFO - [2024-05-09T11:28:11.003+0200] {dag.py:3954} INFO - Setting next_dagrun for example_nested_branch_dag to 2024-05-08 00:00:00+00:00, run_after=2024-05-09 00:00:00+00:00
[2024-05-09T11:28:11.026+0200] {processor.py:183} INFO - Processing /home/munya/.local/lib/python3.11/site-packages/airflow/example_dags/example_nested_branch_dag.py took 0.072 seconds
[2024-05-09T11:29:24.355+0200] {processor.py:161} INFO - Started process (PID=191468) to work on /home/munya/.local/lib/python3.11/site-packages/airflow/example_dags/example_nested_branch_dag.py
[2024-05-09T11:29:24.356+0200] {processor.py:830} INFO - Processing file /home/munya/.local/lib/python3.11/site-packages/airflow/example_dags/example_nested_branch_dag.py for tasks to queue
[2024-05-09T11:29:24.356+0200] {logging_mixin.py:188} INFO - [2024-05-09T11:29:24.356+0200] {dagbag.py:540} INFO - Filling up the DagBag from /home/munya/.local/lib/python3.11/site-packages/airflow/example_dags/example_nested_branch_dag.py
[2024-05-09T11:29:24.365+0200] {processor.py:840} INFO - DAG(s) 'example_nested_branch_dag' retrieved from /home/munya/.local/lib/python3.11/site-packages/airflow/example_dags/example_nested_branch_dag.py
[2024-05-09T11:29:24.507+0200] {logging_mixin.py:188} INFO - [2024-05-09T11:29:24.507+0200] {dag.py:3096} INFO - Sync 1 DAGs
[2024-05-09T11:29:24.518+0200] {logging_mixin.py:188} INFO - [2024-05-09T11:29:24.518+0200] {dag.py:3954} INFO - Setting next_dagrun for example_nested_branch_dag to 2024-05-08 00:00:00+00:00, run_after=2024-05-09 00:00:00+00:00
[2024-05-09T11:29:24.531+0200] {processor.py:183} INFO - Processing /home/munya/.local/lib/python3.11/site-packages/airflow/example_dags/example_nested_branch_dag.py took 0.184 seconds
[2024-05-09T11:30:32.890+0200] {processor.py:161} INFO - Started process (PID=192240) to work on /home/munya/.local/lib/python3.11/site-packages/airflow/example_dags/example_nested_branch_dag.py
[2024-05-09T11:30:32.892+0200] {processor.py:830} INFO - Processing file /home/munya/.local/lib/python3.11/site-packages/airflow/example_dags/example_nested_branch_dag.py for tasks to queue
[2024-05-09T11:30:32.895+0200] {logging_mixin.py:188} INFO - [2024-05-09T11:30:32.894+0200] {dagbag.py:540} INFO - Filling up the DagBag from /home/munya/.local/lib/python3.11/site-packages/airflow/example_dags/example_nested_branch_dag.py
[2024-05-09T11:30:32.923+0200] {processor.py:840} INFO - DAG(s) 'example_nested_branch_dag' retrieved from /home/munya/.local/lib/python3.11/site-packages/airflow/example_dags/example_nested_branch_dag.py
[2024-05-09T11:30:32.973+0200] {logging_mixin.py:188} INFO - [2024-05-09T11:30:32.973+0200] {dag.py:3096} INFO - Sync 1 DAGs
[2024-05-09T11:30:33.027+0200] {logging_mixin.py:188} INFO - [2024-05-09T11:30:33.026+0200] {dag.py:3954} INFO - Setting next_dagrun for example_nested_branch_dag to 2024-05-08 00:00:00+00:00, run_after=2024-05-09 00:00:00+00:00
[2024-05-09T11:30:33.088+0200] {processor.py:183} INFO - Processing /home/munya/.local/lib/python3.11/site-packages/airflow/example_dags/example_nested_branch_dag.py took 0.234 seconds
[2024-05-09T11:31:30.556+0200] {processor.py:161} INFO - Started process (PID=193010) to work on /home/munya/.local/lib/python3.11/site-packages/airflow/example_dags/example_nested_branch_dag.py
[2024-05-09T11:31:30.557+0200] {processor.py:830} INFO - Processing file /home/munya/.local/lib/python3.11/site-packages/airflow/example_dags/example_nested_branch_dag.py for tasks to queue
[2024-05-09T11:31:30.558+0200] {logging_mixin.py:188} INFO - [2024-05-09T11:31:30.557+0200] {dagbag.py:540} INFO - Filling up the DagBag from /home/munya/.local/lib/python3.11/site-packages/airflow/example_dags/example_nested_branch_dag.py
[2024-05-09T11:31:30.565+0200] {processor.py:840} INFO - DAG(s) 'example_nested_branch_dag' retrieved from /home/munya/.local/lib/python3.11/site-packages/airflow/example_dags/example_nested_branch_dag.py
[2024-05-09T11:31:30.579+0200] {logging_mixin.py:188} INFO - [2024-05-09T11:31:30.579+0200] {dag.py:3096} INFO - Sync 1 DAGs
[2024-05-09T11:31:30.592+0200] {logging_mixin.py:188} INFO - [2024-05-09T11:31:30.592+0200] {dag.py:3954} INFO - Setting next_dagrun for example_nested_branch_dag to 2024-05-08 00:00:00+00:00, run_after=2024-05-09 00:00:00+00:00
[2024-05-09T11:31:30.608+0200] {processor.py:183} INFO - Processing /home/munya/.local/lib/python3.11/site-packages/airflow/example_dags/example_nested_branch_dag.py took 0.059 seconds
[2024-05-09T11:35:01.841+0200] {processor.py:161} INFO - Started process (PID=194308) to work on /home/munya/.local/lib/python3.11/site-packages/airflow/example_dags/example_nested_branch_dag.py
[2024-05-09T11:35:01.843+0200] {processor.py:830} INFO - Processing file /home/munya/.local/lib/python3.11/site-packages/airflow/example_dags/example_nested_branch_dag.py for tasks to queue
[2024-05-09T11:35:01.844+0200] {logging_mixin.py:188} INFO - [2024-05-09T11:35:01.843+0200] {dagbag.py:540} INFO - Filling up the DagBag from /home/munya/.local/lib/python3.11/site-packages/airflow/example_dags/example_nested_branch_dag.py
[2024-05-09T11:35:01.859+0200] {processor.py:840} INFO - DAG(s) 'example_nested_branch_dag' retrieved from /home/munya/.local/lib/python3.11/site-packages/airflow/example_dags/example_nested_branch_dag.py
[2024-05-09T11:35:01.889+0200] {logging_mixin.py:188} INFO - [2024-05-09T11:35:01.888+0200] {dag.py:3096} INFO - Sync 1 DAGs
[2024-05-09T11:35:01.921+0200] {logging_mixin.py:188} INFO - [2024-05-09T11:35:01.920+0200] {dag.py:3954} INFO - Setting next_dagrun for example_nested_branch_dag to 2024-05-08 00:00:00+00:00, run_after=2024-05-09 00:00:00+00:00
[2024-05-09T11:35:01.956+0200] {processor.py:183} INFO - Processing /home/munya/.local/lib/python3.11/site-packages/airflow/example_dags/example_nested_branch_dag.py took 0.129 seconds
[2024-05-09T11:36:09.848+0200] {processor.py:161} INFO - Started process (PID=195187) to work on /home/munya/.local/lib/python3.11/site-packages/airflow/example_dags/example_nested_branch_dag.py
[2024-05-09T11:36:09.850+0200] {processor.py:830} INFO - Processing file /home/munya/.local/lib/python3.11/site-packages/airflow/example_dags/example_nested_branch_dag.py for tasks to queue
[2024-05-09T11:36:09.851+0200] {logging_mixin.py:188} INFO - [2024-05-09T11:36:09.851+0200] {dagbag.py:540} INFO - Filling up the DagBag from /home/munya/.local/lib/python3.11/site-packages/airflow/example_dags/example_nested_branch_dag.py
[2024-05-09T11:36:09.864+0200] {processor.py:840} INFO - DAG(s) 'example_nested_branch_dag' retrieved from /home/munya/.local/lib/python3.11/site-packages/airflow/example_dags/example_nested_branch_dag.py
[2024-05-09T11:36:09.890+0200] {logging_mixin.py:188} INFO - [2024-05-09T11:36:09.889+0200] {dag.py:3096} INFO - Sync 1 DAGs
[2024-05-09T11:36:09.915+0200] {logging_mixin.py:188} INFO - [2024-05-09T11:36:09.915+0200] {dag.py:3954} INFO - Setting next_dagrun for example_nested_branch_dag to 2024-05-08 00:00:00+00:00, run_after=2024-05-09 00:00:00+00:00
[2024-05-09T11:36:09.945+0200] {processor.py:183} INFO - Processing /home/munya/.local/lib/python3.11/site-packages/airflow/example_dags/example_nested_branch_dag.py took 0.110 seconds
[2024-05-09T11:37:09.239+0200] {processor.py:161} INFO - Started process (PID=195996) to work on /home/munya/.local/lib/python3.11/site-packages/airflow/example_dags/example_nested_branch_dag.py
[2024-05-09T11:37:09.240+0200] {processor.py:830} INFO - Processing file /home/munya/.local/lib/python3.11/site-packages/airflow/example_dags/example_nested_branch_dag.py for tasks to queue
[2024-05-09T11:37:09.242+0200] {logging_mixin.py:188} INFO - [2024-05-09T11:37:09.241+0200] {dagbag.py:540} INFO - Filling up the DagBag from /home/munya/.local/lib/python3.11/site-packages/airflow/example_dags/example_nested_branch_dag.py
[2024-05-09T11:37:09.250+0200] {processor.py:840} INFO - DAG(s) 'example_nested_branch_dag' retrieved from /home/munya/.local/lib/python3.11/site-packages/airflow/example_dags/example_nested_branch_dag.py
[2024-05-09T11:37:09.277+0200] {logging_mixin.py:188} INFO - [2024-05-09T11:37:09.277+0200] {dag.py:3096} INFO - Sync 1 DAGs
[2024-05-09T11:37:09.299+0200] {logging_mixin.py:188} INFO - [2024-05-09T11:37:09.299+0200] {dag.py:3954} INFO - Setting next_dagrun for example_nested_branch_dag to 2024-05-08 00:00:00+00:00, run_after=2024-05-09 00:00:00+00:00
[2024-05-09T11:37:09.319+0200] {processor.py:183} INFO - Processing /home/munya/.local/lib/python3.11/site-packages/airflow/example_dags/example_nested_branch_dag.py took 0.110 seconds
[2024-05-09T11:38:03.455+0200] {processor.py:161} INFO - Started process (PID=196705) to work on /home/munya/.local/lib/python3.11/site-packages/airflow/example_dags/example_nested_branch_dag.py
[2024-05-09T11:38:03.456+0200] {processor.py:830} INFO - Processing file /home/munya/.local/lib/python3.11/site-packages/airflow/example_dags/example_nested_branch_dag.py for tasks to queue
[2024-05-09T11:38:03.457+0200] {logging_mixin.py:188} INFO - [2024-05-09T11:38:03.457+0200] {dagbag.py:540} INFO - Filling up the DagBag from /home/munya/.local/lib/python3.11/site-packages/airflow/example_dags/example_nested_branch_dag.py
[2024-05-09T11:38:03.465+0200] {processor.py:840} INFO - DAG(s) 'example_nested_branch_dag' retrieved from /home/munya/.local/lib/python3.11/site-packages/airflow/example_dags/example_nested_branch_dag.py
[2024-05-09T11:38:03.479+0200] {logging_mixin.py:188} INFO - [2024-05-09T11:38:03.479+0200] {dag.py:3096} INFO - Sync 1 DAGs
[2024-05-09T11:38:03.492+0200] {logging_mixin.py:188} INFO - [2024-05-09T11:38:03.492+0200] {dag.py:3954} INFO - Setting next_dagrun for example_nested_branch_dag to 2024-05-08 00:00:00+00:00, run_after=2024-05-09 00:00:00+00:00
[2024-05-09T11:38:03.508+0200] {processor.py:183} INFO - Processing /home/munya/.local/lib/python3.11/site-packages/airflow/example_dags/example_nested_branch_dag.py took 0.060 seconds
[2024-05-09T11:39:01.139+0200] {processor.py:161} INFO - Started process (PID=197448) to work on /home/munya/.local/lib/python3.11/site-packages/airflow/example_dags/example_nested_branch_dag.py
[2024-05-09T11:39:01.140+0200] {processor.py:830} INFO - Processing file /home/munya/.local/lib/python3.11/site-packages/airflow/example_dags/example_nested_branch_dag.py for tasks to queue
[2024-05-09T11:39:01.141+0200] {logging_mixin.py:188} INFO - [2024-05-09T11:39:01.140+0200] {dagbag.py:540} INFO - Filling up the DagBag from /home/munya/.local/lib/python3.11/site-packages/airflow/example_dags/example_nested_branch_dag.py
[2024-05-09T11:39:01.148+0200] {processor.py:840} INFO - DAG(s) 'example_nested_branch_dag' retrieved from /home/munya/.local/lib/python3.11/site-packages/airflow/example_dags/example_nested_branch_dag.py
[2024-05-09T11:39:01.163+0200] {logging_mixin.py:188} INFO - [2024-05-09T11:39:01.163+0200] {dag.py:3096} INFO - Sync 1 DAGs
[2024-05-09T11:39:01.178+0200] {logging_mixin.py:188} INFO - [2024-05-09T11:39:01.177+0200] {dag.py:3954} INFO - Setting next_dagrun for example_nested_branch_dag to 2024-05-08 00:00:00+00:00, run_after=2024-05-09 00:00:00+00:00
[2024-05-09T11:39:01.196+0200] {processor.py:183} INFO - Processing /home/munya/.local/lib/python3.11/site-packages/airflow/example_dags/example_nested_branch_dag.py took 0.065 seconds
[2024-05-09T11:40:01.425+0200] {processor.py:161} INFO - Started process (PID=198306) to work on /home/munya/.local/lib/python3.11/site-packages/airflow/example_dags/example_nested_branch_dag.py
[2024-05-09T11:40:01.427+0200] {processor.py:830} INFO - Processing file /home/munya/.local/lib/python3.11/site-packages/airflow/example_dags/example_nested_branch_dag.py for tasks to queue
[2024-05-09T11:40:01.428+0200] {logging_mixin.py:188} INFO - [2024-05-09T11:40:01.427+0200] {dagbag.py:540} INFO - Filling up the DagBag from /home/munya/.local/lib/python3.11/site-packages/airflow/example_dags/example_nested_branch_dag.py
[2024-05-09T11:40:01.442+0200] {processor.py:840} INFO - DAG(s) 'example_nested_branch_dag' retrieved from /home/munya/.local/lib/python3.11/site-packages/airflow/example_dags/example_nested_branch_dag.py
[2024-05-09T11:40:01.464+0200] {logging_mixin.py:188} INFO - [2024-05-09T11:40:01.464+0200] {dag.py:3096} INFO - Sync 1 DAGs
[2024-05-09T11:40:01.489+0200] {logging_mixin.py:188} INFO - [2024-05-09T11:40:01.489+0200] {dag.py:3954} INFO - Setting next_dagrun for example_nested_branch_dag to 2024-05-08 00:00:00+00:00, run_after=2024-05-09 00:00:00+00:00
[2024-05-09T11:40:01.512+0200] {processor.py:183} INFO - Processing /home/munya/.local/lib/python3.11/site-packages/airflow/example_dags/example_nested_branch_dag.py took 0.098 seconds
[2024-05-09T11:41:06.992+0200] {processor.py:161} INFO - Started process (PID=199242) to work on /home/munya/.local/lib/python3.11/site-packages/airflow/example_dags/example_nested_branch_dag.py
[2024-05-09T11:41:06.993+0200] {processor.py:830} INFO - Processing file /home/munya/.local/lib/python3.11/site-packages/airflow/example_dags/example_nested_branch_dag.py for tasks to queue
[2024-05-09T11:41:06.994+0200] {logging_mixin.py:188} INFO - [2024-05-09T11:41:06.993+0200] {dagbag.py:540} INFO - Filling up the DagBag from /home/munya/.local/lib/python3.11/site-packages/airflow/example_dags/example_nested_branch_dag.py
[2024-05-09T11:41:07.005+0200] {processor.py:840} INFO - DAG(s) 'example_nested_branch_dag' retrieved from /home/munya/.local/lib/python3.11/site-packages/airflow/example_dags/example_nested_branch_dag.py
[2024-05-09T11:41:07.027+0200] {logging_mixin.py:188} INFO - [2024-05-09T11:41:07.027+0200] {dag.py:3096} INFO - Sync 1 DAGs
[2024-05-09T11:41:07.047+0200] {logging_mixin.py:188} INFO - [2024-05-09T11:41:07.047+0200] {dag.py:3954} INFO - Setting next_dagrun for example_nested_branch_dag to 2024-05-08 00:00:00+00:00, run_after=2024-05-09 00:00:00+00:00
[2024-05-09T11:41:07.072+0200] {processor.py:183} INFO - Processing /home/munya/.local/lib/python3.11/site-packages/airflow/example_dags/example_nested_branch_dag.py took 0.089 seconds
[2024-05-09T11:42:19.520+0200] {processor.py:161} INFO - Started process (PID=200198) to work on /home/munya/.local/lib/python3.11/site-packages/airflow/example_dags/example_nested_branch_dag.py
[2024-05-09T11:42:19.524+0200] {processor.py:830} INFO - Processing file /home/munya/.local/lib/python3.11/site-packages/airflow/example_dags/example_nested_branch_dag.py for tasks to queue
[2024-05-09T11:42:19.532+0200] {logging_mixin.py:188} INFO - [2024-05-09T11:42:19.530+0200] {dagbag.py:540} INFO - Filling up the DagBag from /home/munya/.local/lib/python3.11/site-packages/airflow/example_dags/example_nested_branch_dag.py
[2024-05-09T11:42:19.577+0200] {processor.py:840} INFO - DAG(s) 'example_nested_branch_dag' retrieved from /home/munya/.local/lib/python3.11/site-packages/airflow/example_dags/example_nested_branch_dag.py
[2024-05-09T11:42:19.653+0200] {logging_mixin.py:188} INFO - [2024-05-09T11:42:19.652+0200] {dag.py:3096} INFO - Sync 1 DAGs
[2024-05-09T11:42:19.737+0200] {logging_mixin.py:188} INFO - [2024-05-09T11:42:19.736+0200] {dag.py:3954} INFO - Setting next_dagrun for example_nested_branch_dag to 2024-05-08 00:00:00+00:00, run_after=2024-05-09 00:00:00+00:00
[2024-05-09T11:42:19.823+0200] {processor.py:183} INFO - Processing /home/munya/.local/lib/python3.11/site-packages/airflow/example_dags/example_nested_branch_dag.py took 0.349 seconds
[2024-05-09T11:43:33.382+0200] {processor.py:161} INFO - Started process (PID=201070) to work on /home/munya/.local/lib/python3.11/site-packages/airflow/example_dags/example_nested_branch_dag.py
[2024-05-09T11:43:33.387+0200] {processor.py:830} INFO - Processing file /home/munya/.local/lib/python3.11/site-packages/airflow/example_dags/example_nested_branch_dag.py for tasks to queue
[2024-05-09T11:43:33.391+0200] {logging_mixin.py:188} INFO - [2024-05-09T11:43:33.389+0200] {dagbag.py:540} INFO - Filling up the DagBag from /home/munya/.local/lib/python3.11/site-packages/airflow/example_dags/example_nested_branch_dag.py
[2024-05-09T11:43:33.442+0200] {processor.py:840} INFO - DAG(s) 'example_nested_branch_dag' retrieved from /home/munya/.local/lib/python3.11/site-packages/airflow/example_dags/example_nested_branch_dag.py
[2024-05-09T11:43:33.535+0200] {logging_mixin.py:188} INFO - [2024-05-09T11:43:33.534+0200] {dag.py:3096} INFO - Sync 1 DAGs
[2024-05-09T11:43:33.628+0200] {logging_mixin.py:188} INFO - [2024-05-09T11:43:33.627+0200] {dag.py:3954} INFO - Setting next_dagrun for example_nested_branch_dag to 2024-05-08 00:00:00+00:00, run_after=2024-05-09 00:00:00+00:00
[2024-05-09T11:43:33.791+0200] {processor.py:183} INFO - Processing /home/munya/.local/lib/python3.11/site-packages/airflow/example_dags/example_nested_branch_dag.py took 0.463 seconds
[2024-05-09T11:44:38.731+0200] {processor.py:161} INFO - Started process (PID=202036) to work on /home/munya/.local/lib/python3.11/site-packages/airflow/example_dags/example_nested_branch_dag.py
[2024-05-09T11:44:38.732+0200] {processor.py:830} INFO - Processing file /home/munya/.local/lib/python3.11/site-packages/airflow/example_dags/example_nested_branch_dag.py for tasks to queue
[2024-05-09T11:44:38.733+0200] {logging_mixin.py:188} INFO - [2024-05-09T11:44:38.733+0200] {dagbag.py:540} INFO - Filling up the DagBag from /home/munya/.local/lib/python3.11/site-packages/airflow/example_dags/example_nested_branch_dag.py
[2024-05-09T11:44:38.744+0200] {processor.py:840} INFO - DAG(s) 'example_nested_branch_dag' retrieved from /home/munya/.local/lib/python3.11/site-packages/airflow/example_dags/example_nested_branch_dag.py
[2024-05-09T11:44:38.764+0200] {logging_mixin.py:188} INFO - [2024-05-09T11:44:38.764+0200] {dag.py:3096} INFO - Sync 1 DAGs
[2024-05-09T11:44:38.783+0200] {logging_mixin.py:188} INFO - [2024-05-09T11:44:38.783+0200] {dag.py:3954} INFO - Setting next_dagrun for example_nested_branch_dag to 2024-05-08 00:00:00+00:00, run_after=2024-05-09 00:00:00+00:00
[2024-05-09T11:44:38.804+0200] {processor.py:183} INFO - Processing /home/munya/.local/lib/python3.11/site-packages/airflow/example_dags/example_nested_branch_dag.py took 0.083 seconds
[2024-05-09T11:45:45.442+0200] {processor.py:161} INFO - Started process (PID=202918) to work on /home/munya/.local/lib/python3.11/site-packages/airflow/example_dags/example_nested_branch_dag.py
[2024-05-09T11:45:45.443+0200] {processor.py:830} INFO - Processing file /home/munya/.local/lib/python3.11/site-packages/airflow/example_dags/example_nested_branch_dag.py for tasks to queue
[2024-05-09T11:45:45.446+0200] {logging_mixin.py:188} INFO - [2024-05-09T11:45:45.445+0200] {dagbag.py:540} INFO - Filling up the DagBag from /home/munya/.local/lib/python3.11/site-packages/airflow/example_dags/example_nested_branch_dag.py
[2024-05-09T11:45:45.462+0200] {processor.py:840} INFO - DAG(s) 'example_nested_branch_dag' retrieved from /home/munya/.local/lib/python3.11/site-packages/airflow/example_dags/example_nested_branch_dag.py
[2024-05-09T11:45:45.492+0200] {logging_mixin.py:188} INFO - [2024-05-09T11:45:45.492+0200] {dag.py:3096} INFO - Sync 1 DAGs
[2024-05-09T11:45:45.517+0200] {logging_mixin.py:188} INFO - [2024-05-09T11:45:45.517+0200] {dag.py:3954} INFO - Setting next_dagrun for example_nested_branch_dag to 2024-05-08 00:00:00+00:00, run_after=2024-05-09 00:00:00+00:00
[2024-05-09T11:45:45.548+0200] {processor.py:183} INFO - Processing /home/munya/.local/lib/python3.11/site-packages/airflow/example_dags/example_nested_branch_dag.py took 0.124 seconds
[2024-05-09T11:46:52.172+0200] {processor.py:161} INFO - Started process (PID=203776) to work on /home/munya/.local/lib/python3.11/site-packages/airflow/example_dags/example_nested_branch_dag.py
[2024-05-09T11:46:52.174+0200] {processor.py:830} INFO - Processing file /home/munya/.local/lib/python3.11/site-packages/airflow/example_dags/example_nested_branch_dag.py for tasks to queue
[2024-05-09T11:46:52.176+0200] {logging_mixin.py:188} INFO - [2024-05-09T11:46:52.175+0200] {dagbag.py:540} INFO - Filling up the DagBag from /home/munya/.local/lib/python3.11/site-packages/airflow/example_dags/example_nested_branch_dag.py
[2024-05-09T11:46:52.195+0200] {processor.py:840} INFO - DAG(s) 'example_nested_branch_dag' retrieved from /home/munya/.local/lib/python3.11/site-packages/airflow/example_dags/example_nested_branch_dag.py
[2024-05-09T11:46:52.227+0200] {logging_mixin.py:188} INFO - [2024-05-09T11:46:52.227+0200] {dag.py:3096} INFO - Sync 1 DAGs
[2024-05-09T11:46:52.257+0200] {logging_mixin.py:188} INFO - [2024-05-09T11:46:52.257+0200] {dag.py:3954} INFO - Setting next_dagrun for example_nested_branch_dag to 2024-05-08 00:00:00+00:00, run_after=2024-05-09 00:00:00+00:00
[2024-05-09T11:46:52.302+0200] {processor.py:183} INFO - Processing /home/munya/.local/lib/python3.11/site-packages/airflow/example_dags/example_nested_branch_dag.py took 0.146 seconds
[2024-05-09T11:47:55.432+0200] {processor.py:161} INFO - Started process (PID=204594) to work on /home/munya/.local/lib/python3.11/site-packages/airflow/example_dags/example_nested_branch_dag.py
[2024-05-09T11:47:55.433+0200] {processor.py:830} INFO - Processing file /home/munya/.local/lib/python3.11/site-packages/airflow/example_dags/example_nested_branch_dag.py for tasks to queue
[2024-05-09T11:47:55.435+0200] {logging_mixin.py:188} INFO - [2024-05-09T11:47:55.434+0200] {dagbag.py:540} INFO - Filling up the DagBag from /home/munya/.local/lib/python3.11/site-packages/airflow/example_dags/example_nested_branch_dag.py
[2024-05-09T11:47:55.446+0200] {processor.py:840} INFO - DAG(s) 'example_nested_branch_dag' retrieved from /home/munya/.local/lib/python3.11/site-packages/airflow/example_dags/example_nested_branch_dag.py
[2024-05-09T11:47:55.468+0200] {logging_mixin.py:188} INFO - [2024-05-09T11:47:55.468+0200] {dag.py:3096} INFO - Sync 1 DAGs
[2024-05-09T11:47:55.494+0200] {logging_mixin.py:188} INFO - [2024-05-09T11:47:55.494+0200] {dag.py:3954} INFO - Setting next_dagrun for example_nested_branch_dag to 2024-05-08 00:00:00+00:00, run_after=2024-05-09 00:00:00+00:00
[2024-05-09T11:47:55.523+0200] {processor.py:183} INFO - Processing /home/munya/.local/lib/python3.11/site-packages/airflow/example_dags/example_nested_branch_dag.py took 0.105 seconds
[2024-05-09T11:48:51.932+0200] {processor.py:161} INFO - Started process (PID=205451) to work on /home/munya/.local/lib/python3.11/site-packages/airflow/example_dags/example_nested_branch_dag.py
[2024-05-09T11:48:51.933+0200] {processor.py:830} INFO - Processing file /home/munya/.local/lib/python3.11/site-packages/airflow/example_dags/example_nested_branch_dag.py for tasks to queue
[2024-05-09T11:48:51.934+0200] {logging_mixin.py:188} INFO - [2024-05-09T11:48:51.934+0200] {dagbag.py:540} INFO - Filling up the DagBag from /home/munya/.local/lib/python3.11/site-packages/airflow/example_dags/example_nested_branch_dag.py
[2024-05-09T11:48:51.942+0200] {processor.py:840} INFO - DAG(s) 'example_nested_branch_dag' retrieved from /home/munya/.local/lib/python3.11/site-packages/airflow/example_dags/example_nested_branch_dag.py
[2024-05-09T11:48:51.956+0200] {logging_mixin.py:188} INFO - [2024-05-09T11:48:51.956+0200] {dag.py:3096} INFO - Sync 1 DAGs
[2024-05-09T11:48:51.971+0200] {logging_mixin.py:188} INFO - [2024-05-09T11:48:51.970+0200] {dag.py:3954} INFO - Setting next_dagrun for example_nested_branch_dag to 2024-05-08 00:00:00+00:00, run_after=2024-05-09 00:00:00+00:00
[2024-05-09T11:48:51.988+0200] {processor.py:183} INFO - Processing /home/munya/.local/lib/python3.11/site-packages/airflow/example_dags/example_nested_branch_dag.py took 0.065 seconds
[2024-05-09T11:49:47.446+0200] {processor.py:161} INFO - Started process (PID=206235) to work on /home/munya/.local/lib/python3.11/site-packages/airflow/example_dags/example_nested_branch_dag.py
[2024-05-09T11:49:47.447+0200] {processor.py:830} INFO - Processing file /home/munya/.local/lib/python3.11/site-packages/airflow/example_dags/example_nested_branch_dag.py for tasks to queue
[2024-05-09T11:49:47.447+0200] {logging_mixin.py:188} INFO - [2024-05-09T11:49:47.447+0200] {dagbag.py:540} INFO - Filling up the DagBag from /home/munya/.local/lib/python3.11/site-packages/airflow/example_dags/example_nested_branch_dag.py
[2024-05-09T11:49:47.455+0200] {processor.py:840} INFO - DAG(s) 'example_nested_branch_dag' retrieved from /home/munya/.local/lib/python3.11/site-packages/airflow/example_dags/example_nested_branch_dag.py
[2024-05-09T11:49:47.470+0200] {logging_mixin.py:188} INFO - [2024-05-09T11:49:47.469+0200] {dag.py:3096} INFO - Sync 1 DAGs
[2024-05-09T11:49:47.484+0200] {logging_mixin.py:188} INFO - [2024-05-09T11:49:47.484+0200] {dag.py:3954} INFO - Setting next_dagrun for example_nested_branch_dag to 2024-05-08 00:00:00+00:00, run_after=2024-05-09 00:00:00+00:00
[2024-05-09T11:49:47.500+0200] {processor.py:183} INFO - Processing /home/munya/.local/lib/python3.11/site-packages/airflow/example_dags/example_nested_branch_dag.py took 0.064 seconds
[2024-05-09T11:50:50.765+0200] {processor.py:161} INFO - Started process (PID=207090) to work on /home/munya/.local/lib/python3.11/site-packages/airflow/example_dags/example_nested_branch_dag.py
[2024-05-09T11:50:50.766+0200] {processor.py:830} INFO - Processing file /home/munya/.local/lib/python3.11/site-packages/airflow/example_dags/example_nested_branch_dag.py for tasks to queue
[2024-05-09T11:50:50.767+0200] {logging_mixin.py:188} INFO - [2024-05-09T11:50:50.766+0200] {dagbag.py:540} INFO - Filling up the DagBag from /home/munya/.local/lib/python3.11/site-packages/airflow/example_dags/example_nested_branch_dag.py
[2024-05-09T11:50:50.774+0200] {processor.py:840} INFO - DAG(s) 'example_nested_branch_dag' retrieved from /home/munya/.local/lib/python3.11/site-packages/airflow/example_dags/example_nested_branch_dag.py
[2024-05-09T11:50:50.787+0200] {logging_mixin.py:188} INFO - [2024-05-09T11:50:50.787+0200] {dag.py:3096} INFO - Sync 1 DAGs
[2024-05-09T11:50:50.801+0200] {logging_mixin.py:188} INFO - [2024-05-09T11:50:50.801+0200] {dag.py:3954} INFO - Setting next_dagrun for example_nested_branch_dag to 2024-05-08 00:00:00+00:00, run_after=2024-05-09 00:00:00+00:00
[2024-05-09T11:50:50.817+0200] {processor.py:183} INFO - Processing /home/munya/.local/lib/python3.11/site-packages/airflow/example_dags/example_nested_branch_dag.py took 0.060 seconds
[2024-05-09T11:52:00.768+0200] {processor.py:161} INFO - Started process (PID=208063) to work on /home/munya/.local/lib/python3.11/site-packages/airflow/example_dags/example_nested_branch_dag.py
[2024-05-09T11:52:00.769+0200] {processor.py:830} INFO - Processing file /home/munya/.local/lib/python3.11/site-packages/airflow/example_dags/example_nested_branch_dag.py for tasks to queue
[2024-05-09T11:52:00.769+0200] {logging_mixin.py:188} INFO - [2024-05-09T11:52:00.769+0200] {dagbag.py:540} INFO - Filling up the DagBag from /home/munya/.local/lib/python3.11/site-packages/airflow/example_dags/example_nested_branch_dag.py
[2024-05-09T11:52:00.777+0200] {processor.py:840} INFO - DAG(s) 'example_nested_branch_dag' retrieved from /home/munya/.local/lib/python3.11/site-packages/airflow/example_dags/example_nested_branch_dag.py
[2024-05-09T11:52:00.790+0200] {logging_mixin.py:188} INFO - [2024-05-09T11:52:00.790+0200] {dag.py:3096} INFO - Sync 1 DAGs
[2024-05-09T11:52:00.804+0200] {logging_mixin.py:188} INFO - [2024-05-09T11:52:00.804+0200] {dag.py:3954} INFO - Setting next_dagrun for example_nested_branch_dag to 2024-05-08 00:00:00+00:00, run_after=2024-05-09 00:00:00+00:00
[2024-05-09T11:52:00.823+0200] {processor.py:183} INFO - Processing /home/munya/.local/lib/python3.11/site-packages/airflow/example_dags/example_nested_branch_dag.py took 0.063 seconds
[2024-05-09T11:53:04.254+0200] {processor.py:161} INFO - Started process (PID=208946) to work on /home/munya/.local/lib/python3.11/site-packages/airflow/example_dags/example_nested_branch_dag.py
[2024-05-09T11:53:04.255+0200] {processor.py:830} INFO - Processing file /home/munya/.local/lib/python3.11/site-packages/airflow/example_dags/example_nested_branch_dag.py for tasks to queue
[2024-05-09T11:53:04.256+0200] {logging_mixin.py:188} INFO - [2024-05-09T11:53:04.255+0200] {dagbag.py:540} INFO - Filling up the DagBag from /home/munya/.local/lib/python3.11/site-packages/airflow/example_dags/example_nested_branch_dag.py
[2024-05-09T11:53:04.263+0200] {processor.py:840} INFO - DAG(s) 'example_nested_branch_dag' retrieved from /home/munya/.local/lib/python3.11/site-packages/airflow/example_dags/example_nested_branch_dag.py
[2024-05-09T11:53:04.278+0200] {logging_mixin.py:188} INFO - [2024-05-09T11:53:04.278+0200] {dag.py:3096} INFO - Sync 1 DAGs
[2024-05-09T11:53:04.292+0200] {logging_mixin.py:188} INFO - [2024-05-09T11:53:04.291+0200] {dag.py:3954} INFO - Setting next_dagrun for example_nested_branch_dag to 2024-05-08 00:00:00+00:00, run_after=2024-05-09 00:00:00+00:00
[2024-05-09T11:53:04.310+0200] {processor.py:183} INFO - Processing /home/munya/.local/lib/python3.11/site-packages/airflow/example_dags/example_nested_branch_dag.py took 0.065 seconds
[2024-05-09T11:54:03.879+0200] {processor.py:161} INFO - Started process (PID=209748) to work on /home/munya/.local/lib/python3.11/site-packages/airflow/example_dags/example_nested_branch_dag.py
[2024-05-09T11:54:03.880+0200] {processor.py:830} INFO - Processing file /home/munya/.local/lib/python3.11/site-packages/airflow/example_dags/example_nested_branch_dag.py for tasks to queue
[2024-05-09T11:54:03.880+0200] {logging_mixin.py:188} INFO - [2024-05-09T11:54:03.880+0200] {dagbag.py:540} INFO - Filling up the DagBag from /home/munya/.local/lib/python3.11/site-packages/airflow/example_dags/example_nested_branch_dag.py
[2024-05-09T11:54:03.889+0200] {processor.py:840} INFO - DAG(s) 'example_nested_branch_dag' retrieved from /home/munya/.local/lib/python3.11/site-packages/airflow/example_dags/example_nested_branch_dag.py
[2024-05-09T11:54:03.902+0200] {logging_mixin.py:188} INFO - [2024-05-09T11:54:03.902+0200] {dag.py:3096} INFO - Sync 1 DAGs
[2024-05-09T11:54:03.916+0200] {logging_mixin.py:188} INFO - [2024-05-09T11:54:03.916+0200] {dag.py:3954} INFO - Setting next_dagrun for example_nested_branch_dag to 2024-05-08 00:00:00+00:00, run_after=2024-05-09 00:00:00+00:00
[2024-05-09T11:54:03.934+0200] {processor.py:183} INFO - Processing /home/munya/.local/lib/python3.11/site-packages/airflow/example_dags/example_nested_branch_dag.py took 0.064 seconds
[2024-05-09T11:55:04.889+0200] {processor.py:161} INFO - Started process (PID=210593) to work on /home/munya/.local/lib/python3.11/site-packages/airflow/example_dags/example_nested_branch_dag.py
[2024-05-09T11:55:04.890+0200] {processor.py:830} INFO - Processing file /home/munya/.local/lib/python3.11/site-packages/airflow/example_dags/example_nested_branch_dag.py for tasks to queue
[2024-05-09T11:55:04.891+0200] {logging_mixin.py:188} INFO - [2024-05-09T11:55:04.891+0200] {dagbag.py:540} INFO - Filling up the DagBag from /home/munya/.local/lib/python3.11/site-packages/airflow/example_dags/example_nested_branch_dag.py
[2024-05-09T11:55:04.898+0200] {processor.py:840} INFO - DAG(s) 'example_nested_branch_dag' retrieved from /home/munya/.local/lib/python3.11/site-packages/airflow/example_dags/example_nested_branch_dag.py
[2024-05-09T11:55:04.912+0200] {logging_mixin.py:188} INFO - [2024-05-09T11:55:04.912+0200] {dag.py:3096} INFO - Sync 1 DAGs
[2024-05-09T11:55:04.926+0200] {logging_mixin.py:188} INFO - [2024-05-09T11:55:04.926+0200] {dag.py:3954} INFO - Setting next_dagrun for example_nested_branch_dag to 2024-05-08 00:00:00+00:00, run_after=2024-05-09 00:00:00+00:00
[2024-05-09T11:55:04.941+0200] {processor.py:183} INFO - Processing /home/munya/.local/lib/python3.11/site-packages/airflow/example_dags/example_nested_branch_dag.py took 0.061 seconds
[2024-05-09T11:56:07.297+0200] {processor.py:161} INFO - Started process (PID=211477) to work on /home/munya/.local/lib/python3.11/site-packages/airflow/example_dags/example_nested_branch_dag.py
[2024-05-09T11:56:07.298+0200] {processor.py:830} INFO - Processing file /home/munya/.local/lib/python3.11/site-packages/airflow/example_dags/example_nested_branch_dag.py for tasks to queue
[2024-05-09T11:56:07.299+0200] {logging_mixin.py:188} INFO - [2024-05-09T11:56:07.298+0200] {dagbag.py:540} INFO - Filling up the DagBag from /home/munya/.local/lib/python3.11/site-packages/airflow/example_dags/example_nested_branch_dag.py
[2024-05-09T11:56:07.306+0200] {processor.py:840} INFO - DAG(s) 'example_nested_branch_dag' retrieved from /home/munya/.local/lib/python3.11/site-packages/airflow/example_dags/example_nested_branch_dag.py
[2024-05-09T11:56:07.320+0200] {logging_mixin.py:188} INFO - [2024-05-09T11:56:07.320+0200] {dag.py:3096} INFO - Sync 1 DAGs
[2024-05-09T11:56:07.334+0200] {logging_mixin.py:188} INFO - [2024-05-09T11:56:07.334+0200] {dag.py:3954} INFO - Setting next_dagrun for example_nested_branch_dag to 2024-05-08 00:00:00+00:00, run_after=2024-05-09 00:00:00+00:00
[2024-05-09T11:56:07.352+0200] {processor.py:183} INFO - Processing /home/munya/.local/lib/python3.11/site-packages/airflow/example_dags/example_nested_branch_dag.py took 0.063 seconds
[2024-05-09T11:57:05.170+0200] {processor.py:161} INFO - Started process (PID=212206) to work on /home/munya/.local/lib/python3.11/site-packages/airflow/example_dags/example_nested_branch_dag.py
[2024-05-09T11:57:05.171+0200] {processor.py:830} INFO - Processing file /home/munya/.local/lib/python3.11/site-packages/airflow/example_dags/example_nested_branch_dag.py for tasks to queue
[2024-05-09T11:57:05.172+0200] {logging_mixin.py:188} INFO - [2024-05-09T11:57:05.172+0200] {dagbag.py:540} INFO - Filling up the DagBag from /home/munya/.local/lib/python3.11/site-packages/airflow/example_dags/example_nested_branch_dag.py
[2024-05-09T11:57:05.181+0200] {processor.py:840} INFO - DAG(s) 'example_nested_branch_dag' retrieved from /home/munya/.local/lib/python3.11/site-packages/airflow/example_dags/example_nested_branch_dag.py
[2024-05-09T11:57:05.195+0200] {logging_mixin.py:188} INFO - [2024-05-09T11:57:05.195+0200] {dag.py:3096} INFO - Sync 1 DAGs
[2024-05-09T11:57:05.209+0200] {logging_mixin.py:188} INFO - [2024-05-09T11:57:05.209+0200] {dag.py:3954} INFO - Setting next_dagrun for example_nested_branch_dag to 2024-05-08 00:00:00+00:00, run_after=2024-05-09 00:00:00+00:00
[2024-05-09T11:57:05.231+0200] {processor.py:183} INFO - Processing /home/munya/.local/lib/python3.11/site-packages/airflow/example_dags/example_nested_branch_dag.py took 0.073 seconds
[2024-05-09T11:58:01.281+0200] {processor.py:161} INFO - Started process (PID=212908) to work on /home/munya/.local/lib/python3.11/site-packages/airflow/example_dags/example_nested_branch_dag.py
[2024-05-09T11:58:01.282+0200] {processor.py:830} INFO - Processing file /home/munya/.local/lib/python3.11/site-packages/airflow/example_dags/example_nested_branch_dag.py for tasks to queue
[2024-05-09T11:58:01.283+0200] {logging_mixin.py:188} INFO - [2024-05-09T11:58:01.282+0200] {dagbag.py:540} INFO - Filling up the DagBag from /home/munya/.local/lib/python3.11/site-packages/airflow/example_dags/example_nested_branch_dag.py
[2024-05-09T11:58:01.290+0200] {processor.py:840} INFO - DAG(s) 'example_nested_branch_dag' retrieved from /home/munya/.local/lib/python3.11/site-packages/airflow/example_dags/example_nested_branch_dag.py
[2024-05-09T11:58:01.303+0200] {logging_mixin.py:188} INFO - [2024-05-09T11:58:01.303+0200] {dag.py:3096} INFO - Sync 1 DAGs
[2024-05-09T11:58:01.317+0200] {logging_mixin.py:188} INFO - [2024-05-09T11:58:01.317+0200] {dag.py:3954} INFO - Setting next_dagrun for example_nested_branch_dag to 2024-05-08 00:00:00+00:00, run_after=2024-05-09 00:00:00+00:00
[2024-05-09T11:58:01.332+0200] {processor.py:183} INFO - Processing /home/munya/.local/lib/python3.11/site-packages/airflow/example_dags/example_nested_branch_dag.py took 0.058 seconds
[2024-05-09T11:59:04.541+0200] {processor.py:161} INFO - Started process (PID=213669) to work on /home/munya/.local/lib/python3.11/site-packages/airflow/example_dags/example_nested_branch_dag.py
[2024-05-09T11:59:04.542+0200] {processor.py:830} INFO - Processing file /home/munya/.local/lib/python3.11/site-packages/airflow/example_dags/example_nested_branch_dag.py for tasks to queue
[2024-05-09T11:59:04.542+0200] {logging_mixin.py:188} INFO - [2024-05-09T11:59:04.542+0200] {dagbag.py:540} INFO - Filling up the DagBag from /home/munya/.local/lib/python3.11/site-packages/airflow/example_dags/example_nested_branch_dag.py
[2024-05-09T11:59:04.549+0200] {processor.py:840} INFO - DAG(s) 'example_nested_branch_dag' retrieved from /home/munya/.local/lib/python3.11/site-packages/airflow/example_dags/example_nested_branch_dag.py
[2024-05-09T11:59:04.563+0200] {logging_mixin.py:188} INFO - [2024-05-09T11:59:04.562+0200] {dag.py:3096} INFO - Sync 1 DAGs
[2024-05-09T11:59:04.576+0200] {logging_mixin.py:188} INFO - [2024-05-09T11:59:04.575+0200] {dag.py:3954} INFO - Setting next_dagrun for example_nested_branch_dag to 2024-05-08 00:00:00+00:00, run_after=2024-05-09 00:00:00+00:00
[2024-05-09T11:59:04.592+0200] {processor.py:183} INFO - Processing /home/munya/.local/lib/python3.11/site-packages/airflow/example_dags/example_nested_branch_dag.py took 0.059 seconds
[2024-05-09T12:00:24.588+0200] {processor.py:161} INFO - Started process (PID=214669) to work on /home/munya/.local/lib/python3.11/site-packages/airflow/example_dags/example_nested_branch_dag.py
[2024-05-09T12:00:24.592+0200] {processor.py:830} INFO - Processing file /home/munya/.local/lib/python3.11/site-packages/airflow/example_dags/example_nested_branch_dag.py for tasks to queue
[2024-05-09T12:00:24.596+0200] {logging_mixin.py:188} INFO - [2024-05-09T12:00:24.594+0200] {dagbag.py:540} INFO - Filling up the DagBag from /home/munya/.local/lib/python3.11/site-packages/airflow/example_dags/example_nested_branch_dag.py
[2024-05-09T12:00:24.632+0200] {processor.py:840} INFO - DAG(s) 'example_nested_branch_dag' retrieved from /home/munya/.local/lib/python3.11/site-packages/airflow/example_dags/example_nested_branch_dag.py
[2024-05-09T12:00:24.705+0200] {logging_mixin.py:188} INFO - [2024-05-09T12:00:24.704+0200] {dag.py:3096} INFO - Sync 1 DAGs
[2024-05-09T12:00:24.769+0200] {logging_mixin.py:188} INFO - [2024-05-09T12:00:24.768+0200] {dag.py:3954} INFO - Setting next_dagrun for example_nested_branch_dag to 2024-05-08 00:00:00+00:00, run_after=2024-05-09 00:00:00+00:00
[2024-05-09T12:00:24.821+0200] {processor.py:183} INFO - Processing /home/munya/.local/lib/python3.11/site-packages/airflow/example_dags/example_nested_branch_dag.py took 0.276 seconds
[2024-05-09T12:01:31.372+0200] {processor.py:161} INFO - Started process (PID=215657) to work on /home/munya/.local/lib/python3.11/site-packages/airflow/example_dags/example_nested_branch_dag.py
[2024-05-09T12:01:31.373+0200] {processor.py:830} INFO - Processing file /home/munya/.local/lib/python3.11/site-packages/airflow/example_dags/example_nested_branch_dag.py for tasks to queue
[2024-05-09T12:01:31.374+0200] {logging_mixin.py:188} INFO - [2024-05-09T12:01:31.373+0200] {dagbag.py:540} INFO - Filling up the DagBag from /home/munya/.local/lib/python3.11/site-packages/airflow/example_dags/example_nested_branch_dag.py
[2024-05-09T12:01:31.384+0200] {processor.py:840} INFO - DAG(s) 'example_nested_branch_dag' retrieved from /home/munya/.local/lib/python3.11/site-packages/airflow/example_dags/example_nested_branch_dag.py
[2024-05-09T12:01:31.405+0200] {logging_mixin.py:188} INFO - [2024-05-09T12:01:31.404+0200] {dag.py:3096} INFO - Sync 1 DAGs
[2024-05-09T12:01:31.426+0200] {logging_mixin.py:188} INFO - [2024-05-09T12:01:31.425+0200] {dag.py:3954} INFO - Setting next_dagrun for example_nested_branch_dag to 2024-05-08 00:00:00+00:00, run_after=2024-05-09 00:00:00+00:00
[2024-05-09T12:01:31.455+0200] {processor.py:183} INFO - Processing /home/munya/.local/lib/python3.11/site-packages/airflow/example_dags/example_nested_branch_dag.py took 0.094 seconds
[2024-05-09T12:02:28.897+0200] {processor.py:161} INFO - Started process (PID=216432) to work on /home/munya/.local/lib/python3.11/site-packages/airflow/example_dags/example_nested_branch_dag.py
[2024-05-09T12:02:28.898+0200] {processor.py:830} INFO - Processing file /home/munya/.local/lib/python3.11/site-packages/airflow/example_dags/example_nested_branch_dag.py for tasks to queue
[2024-05-09T12:02:28.900+0200] {logging_mixin.py:188} INFO - [2024-05-09T12:02:28.899+0200] {dagbag.py:540} INFO - Filling up the DagBag from /home/munya/.local/lib/python3.11/site-packages/airflow/example_dags/example_nested_branch_dag.py
[2024-05-09T12:02:28.912+0200] {processor.py:840} INFO - DAG(s) 'example_nested_branch_dag' retrieved from /home/munya/.local/lib/python3.11/site-packages/airflow/example_dags/example_nested_branch_dag.py
[2024-05-09T12:02:28.935+0200] {logging_mixin.py:188} INFO - [2024-05-09T12:02:28.935+0200] {dag.py:3096} INFO - Sync 1 DAGs
[2024-05-09T12:02:28.961+0200] {logging_mixin.py:188} INFO - [2024-05-09T12:02:28.961+0200] {dag.py:3954} INFO - Setting next_dagrun for example_nested_branch_dag to 2024-05-08 00:00:00+00:00, run_after=2024-05-09 00:00:00+00:00
[2024-05-09T12:02:28.989+0200] {processor.py:183} INFO - Processing /home/munya/.local/lib/python3.11/site-packages/airflow/example_dags/example_nested_branch_dag.py took 0.105 seconds
[2024-05-09T12:03:31.464+0200] {processor.py:161} INFO - Started process (PID=217370) to work on /home/munya/.local/lib/python3.11/site-packages/airflow/example_dags/example_nested_branch_dag.py
[2024-05-09T12:03:31.465+0200] {processor.py:830} INFO - Processing file /home/munya/.local/lib/python3.11/site-packages/airflow/example_dags/example_nested_branch_dag.py for tasks to queue
[2024-05-09T12:03:31.466+0200] {logging_mixin.py:188} INFO - [2024-05-09T12:03:31.466+0200] {dagbag.py:540} INFO - Filling up the DagBag from /home/munya/.local/lib/python3.11/site-packages/airflow/example_dags/example_nested_branch_dag.py
[2024-05-09T12:03:31.475+0200] {processor.py:840} INFO - DAG(s) 'example_nested_branch_dag' retrieved from /home/munya/.local/lib/python3.11/site-packages/airflow/example_dags/example_nested_branch_dag.py
[2024-05-09T12:03:31.492+0200] {logging_mixin.py:188} INFO - [2024-05-09T12:03:31.492+0200] {dag.py:3096} INFO - Sync 1 DAGs
[2024-05-09T12:03:31.512+0200] {logging_mixin.py:188} INFO - [2024-05-09T12:03:31.511+0200] {dag.py:3954} INFO - Setting next_dagrun for example_nested_branch_dag to 2024-05-08 00:00:00+00:00, run_after=2024-05-09 00:00:00+00:00
[2024-05-09T12:03:31.530+0200] {processor.py:183} INFO - Processing /home/munya/.local/lib/python3.11/site-packages/airflow/example_dags/example_nested_branch_dag.py took 0.073 seconds
[2024-05-09T12:04:32.024+0200] {processor.py:161} INFO - Started process (PID=218211) to work on /home/munya/.local/lib/python3.11/site-packages/airflow/example_dags/example_nested_branch_dag.py
[2024-05-09T12:04:32.025+0200] {processor.py:830} INFO - Processing file /home/munya/.local/lib/python3.11/site-packages/airflow/example_dags/example_nested_branch_dag.py for tasks to queue
[2024-05-09T12:04:32.026+0200] {logging_mixin.py:188} INFO - [2024-05-09T12:04:32.026+0200] {dagbag.py:540} INFO - Filling up the DagBag from /home/munya/.local/lib/python3.11/site-packages/airflow/example_dags/example_nested_branch_dag.py
[2024-05-09T12:04:32.034+0200] {processor.py:840} INFO - DAG(s) 'example_nested_branch_dag' retrieved from /home/munya/.local/lib/python3.11/site-packages/airflow/example_dags/example_nested_branch_dag.py
[2024-05-09T12:04:32.050+0200] {logging_mixin.py:188} INFO - [2024-05-09T12:04:32.050+0200] {dag.py:3096} INFO - Sync 1 DAGs
[2024-05-09T12:04:32.065+0200] {logging_mixin.py:188} INFO - [2024-05-09T12:04:32.065+0200] {dag.py:3954} INFO - Setting next_dagrun for example_nested_branch_dag to 2024-05-08 00:00:00+00:00, run_after=2024-05-09 00:00:00+00:00
[2024-05-09T12:04:32.083+0200] {processor.py:183} INFO - Processing /home/munya/.local/lib/python3.11/site-packages/airflow/example_dags/example_nested_branch_dag.py took 0.069 seconds
[2024-05-09T12:05:35.356+0200] {processor.py:161} INFO - Started process (PID=219098) to work on /home/munya/.local/lib/python3.11/site-packages/airflow/example_dags/example_nested_branch_dag.py
[2024-05-09T12:05:35.358+0200] {processor.py:830} INFO - Processing file /home/munya/.local/lib/python3.11/site-packages/airflow/example_dags/example_nested_branch_dag.py for tasks to queue
[2024-05-09T12:05:35.359+0200] {logging_mixin.py:188} INFO - [2024-05-09T12:05:35.358+0200] {dagbag.py:540} INFO - Filling up the DagBag from /home/munya/.local/lib/python3.11/site-packages/airflow/example_dags/example_nested_branch_dag.py
[2024-05-09T12:05:35.368+0200] {processor.py:840} INFO - DAG(s) 'example_nested_branch_dag' retrieved from /home/munya/.local/lib/python3.11/site-packages/airflow/example_dags/example_nested_branch_dag.py
[2024-05-09T12:05:35.386+0200] {logging_mixin.py:188} INFO - [2024-05-09T12:05:35.386+0200] {dag.py:3096} INFO - Sync 1 DAGs
[2024-05-09T12:05:35.406+0200] {logging_mixin.py:188} INFO - [2024-05-09T12:05:35.406+0200] {dag.py:3954} INFO - Setting next_dagrun for example_nested_branch_dag to 2024-05-08 00:00:00+00:00, run_after=2024-05-09 00:00:00+00:00
[2024-05-09T12:05:35.427+0200] {processor.py:183} INFO - Processing /home/munya/.local/lib/python3.11/site-packages/airflow/example_dags/example_nested_branch_dag.py took 0.086 seconds
[2024-05-09T12:06:35.137+0200] {processor.py:161} INFO - Started process (PID=219903) to work on /home/munya/.local/lib/python3.11/site-packages/airflow/example_dags/example_nested_branch_dag.py
[2024-05-09T12:06:35.138+0200] {processor.py:830} INFO - Processing file /home/munya/.local/lib/python3.11/site-packages/airflow/example_dags/example_nested_branch_dag.py for tasks to queue
[2024-05-09T12:06:35.140+0200] {logging_mixin.py:188} INFO - [2024-05-09T12:06:35.139+0200] {dagbag.py:540} INFO - Filling up the DagBag from /home/munya/.local/lib/python3.11/site-packages/airflow/example_dags/example_nested_branch_dag.py
[2024-05-09T12:06:35.148+0200] {processor.py:840} INFO - DAG(s) 'example_nested_branch_dag' retrieved from /home/munya/.local/lib/python3.11/site-packages/airflow/example_dags/example_nested_branch_dag.py
[2024-05-09T12:06:35.170+0200] {logging_mixin.py:188} INFO - [2024-05-09T12:06:35.170+0200] {dag.py:3096} INFO - Sync 1 DAGs
[2024-05-09T12:06:35.189+0200] {logging_mixin.py:188} INFO - [2024-05-09T12:06:35.189+0200] {dag.py:3954} INFO - Setting next_dagrun for example_nested_branch_dag to 2024-05-08 00:00:00+00:00, run_after=2024-05-09 00:00:00+00:00
[2024-05-09T12:06:35.211+0200] {processor.py:183} INFO - Processing /home/munya/.local/lib/python3.11/site-packages/airflow/example_dags/example_nested_branch_dag.py took 0.082 seconds
[2024-05-09T12:07:34.618+0200] {processor.py:161} INFO - Started process (PID=220733) to work on /home/munya/.local/lib/python3.11/site-packages/airflow/example_dags/example_nested_branch_dag.py
[2024-05-09T12:07:34.621+0200] {processor.py:830} INFO - Processing file /home/munya/.local/lib/python3.11/site-packages/airflow/example_dags/example_nested_branch_dag.py for tasks to queue
[2024-05-09T12:07:34.624+0200] {logging_mixin.py:188} INFO - [2024-05-09T12:07:34.623+0200] {dagbag.py:540} INFO - Filling up the DagBag from /home/munya/.local/lib/python3.11/site-packages/airflow/example_dags/example_nested_branch_dag.py
[2024-05-09T12:07:34.660+0200] {processor.py:840} INFO - DAG(s) 'example_nested_branch_dag' retrieved from /home/munya/.local/lib/python3.11/site-packages/airflow/example_dags/example_nested_branch_dag.py
[2024-05-09T12:07:34.719+0200] {logging_mixin.py:188} INFO - [2024-05-09T12:07:34.719+0200] {dag.py:3096} INFO - Sync 1 DAGs
[2024-05-09T12:07:34.787+0200] {logging_mixin.py:188} INFO - [2024-05-09T12:07:34.786+0200] {dag.py:3954} INFO - Setting next_dagrun for example_nested_branch_dag to 2024-05-08 00:00:00+00:00, run_after=2024-05-09 00:00:00+00:00
[2024-05-09T12:07:34.856+0200] {processor.py:183} INFO - Processing /home/munya/.local/lib/python3.11/site-packages/airflow/example_dags/example_nested_branch_dag.py took 0.271 seconds
[2024-05-09T12:08:45.373+0200] {processor.py:161} INFO - Started process (PID=221692) to work on /home/munya/.local/lib/python3.11/site-packages/airflow/example_dags/example_nested_branch_dag.py
[2024-05-09T12:08:45.374+0200] {processor.py:830} INFO - Processing file /home/munya/.local/lib/python3.11/site-packages/airflow/example_dags/example_nested_branch_dag.py for tasks to queue
[2024-05-09T12:08:45.375+0200] {logging_mixin.py:188} INFO - [2024-05-09T12:08:45.375+0200] {dagbag.py:540} INFO - Filling up the DagBag from /home/munya/.local/lib/python3.11/site-packages/airflow/example_dags/example_nested_branch_dag.py
[2024-05-09T12:08:45.386+0200] {processor.py:840} INFO - DAG(s) 'example_nested_branch_dag' retrieved from /home/munya/.local/lib/python3.11/site-packages/airflow/example_dags/example_nested_branch_dag.py
[2024-05-09T12:08:45.403+0200] {logging_mixin.py:188} INFO - [2024-05-09T12:08:45.403+0200] {dag.py:3096} INFO - Sync 1 DAGs
[2024-05-09T12:08:45.421+0200] {logging_mixin.py:188} INFO - [2024-05-09T12:08:45.421+0200] {dag.py:3954} INFO - Setting next_dagrun for example_nested_branch_dag to 2024-05-08 00:00:00+00:00, run_after=2024-05-09 00:00:00+00:00
[2024-05-09T12:08:45.442+0200] {processor.py:183} INFO - Processing /home/munya/.local/lib/python3.11/site-packages/airflow/example_dags/example_nested_branch_dag.py took 0.080 seconds
[2024-05-09T12:09:49.656+0200] {processor.py:161} INFO - Started process (PID=222616) to work on /home/munya/.local/lib/python3.11/site-packages/airflow/example_dags/example_nested_branch_dag.py
[2024-05-09T12:09:49.662+0200] {processor.py:830} INFO - Processing file /home/munya/.local/lib/python3.11/site-packages/airflow/example_dags/example_nested_branch_dag.py for tasks to queue
[2024-05-09T12:09:49.668+0200] {logging_mixin.py:188} INFO - [2024-05-09T12:09:49.664+0200] {dagbag.py:540} INFO - Filling up the DagBag from /home/munya/.local/lib/python3.11/site-packages/airflow/example_dags/example_nested_branch_dag.py
[2024-05-09T12:09:49.727+0200] {processor.py:840} INFO - DAG(s) 'example_nested_branch_dag' retrieved from /home/munya/.local/lib/python3.11/site-packages/airflow/example_dags/example_nested_branch_dag.py
[2024-05-09T12:09:49.864+0200] {logging_mixin.py:188} INFO - [2024-05-09T12:09:49.862+0200] {dag.py:3096} INFO - Sync 1 DAGs
[2024-05-09T12:09:50.040+0200] {logging_mixin.py:188} INFO - [2024-05-09T12:09:50.039+0200] {dag.py:3954} INFO - Setting next_dagrun for example_nested_branch_dag to 2024-05-08 00:00:00+00:00, run_after=2024-05-09 00:00:00+00:00
[2024-05-09T12:09:50.171+0200] {processor.py:183} INFO - Processing /home/munya/.local/lib/python3.11/site-packages/airflow/example_dags/example_nested_branch_dag.py took 0.580 seconds
[2024-05-09T12:10:59.089+0200] {processor.py:161} INFO - Started process (PID=223557) to work on /home/munya/.local/lib/python3.11/site-packages/airflow/example_dags/example_nested_branch_dag.py
[2024-05-09T12:10:59.090+0200] {processor.py:830} INFO - Processing file /home/munya/.local/lib/python3.11/site-packages/airflow/example_dags/example_nested_branch_dag.py for tasks to queue
[2024-05-09T12:10:59.091+0200] {logging_mixin.py:188} INFO - [2024-05-09T12:10:59.091+0200] {dagbag.py:540} INFO - Filling up the DagBag from /home/munya/.local/lib/python3.11/site-packages/airflow/example_dags/example_nested_branch_dag.py
[2024-05-09T12:10:59.100+0200] {processor.py:840} INFO - DAG(s) 'example_nested_branch_dag' retrieved from /home/munya/.local/lib/python3.11/site-packages/airflow/example_dags/example_nested_branch_dag.py
[2024-05-09T12:10:59.116+0200] {logging_mixin.py:188} INFO - [2024-05-09T12:10:59.116+0200] {dag.py:3096} INFO - Sync 1 DAGs
[2024-05-09T12:10:59.131+0200] {logging_mixin.py:188} INFO - [2024-05-09T12:10:59.131+0200] {dag.py:3954} INFO - Setting next_dagrun for example_nested_branch_dag to 2024-05-08 00:00:00+00:00, run_after=2024-05-09 00:00:00+00:00
[2024-05-09T12:10:59.150+0200] {processor.py:183} INFO - Processing /home/munya/.local/lib/python3.11/site-packages/airflow/example_dags/example_nested_branch_dag.py took 0.070 seconds
[2024-05-09T12:12:22.834+0200] {processor.py:161} INFO - Started process (PID=224805) to work on /home/munya/.local/lib/python3.11/site-packages/airflow/example_dags/example_nested_branch_dag.py
[2024-05-09T12:12:22.836+0200] {processor.py:830} INFO - Processing file /home/munya/.local/lib/python3.11/site-packages/airflow/example_dags/example_nested_branch_dag.py for tasks to queue
[2024-05-09T12:12:22.838+0200] {logging_mixin.py:188} INFO - [2024-05-09T12:12:22.837+0200] {dagbag.py:540} INFO - Filling up the DagBag from /home/munya/.local/lib/python3.11/site-packages/airflow/example_dags/example_nested_branch_dag.py
[2024-05-09T12:12:22.855+0200] {processor.py:840} INFO - DAG(s) 'example_nested_branch_dag' retrieved from /home/munya/.local/lib/python3.11/site-packages/airflow/example_dags/example_nested_branch_dag.py
[2024-05-09T12:12:22.885+0200] {logging_mixin.py:188} INFO - [2024-05-09T12:12:22.885+0200] {dag.py:3096} INFO - Sync 1 DAGs
[2024-05-09T12:12:22.916+0200] {logging_mixin.py:188} INFO - [2024-05-09T12:12:22.916+0200] {dag.py:3954} INFO - Setting next_dagrun for example_nested_branch_dag to 2024-05-08 00:00:00+00:00, run_after=2024-05-09 00:00:00+00:00
[2024-05-09T12:12:23.214+0200] {processor.py:183} INFO - Processing /home/munya/.local/lib/python3.11/site-packages/airflow/example_dags/example_nested_branch_dag.py took 0.398 seconds
[2024-05-09T12:14:00.855+0200] {processor.py:161} INFO - Started process (PID=226127) to work on /home/munya/.local/lib/python3.11/site-packages/airflow/example_dags/example_nested_branch_dag.py
[2024-05-09T12:14:00.856+0200] {processor.py:830} INFO - Processing file /home/munya/.local/lib/python3.11/site-packages/airflow/example_dags/example_nested_branch_dag.py for tasks to queue
[2024-05-09T12:14:00.858+0200] {logging_mixin.py:188} INFO - [2024-05-09T12:14:00.857+0200] {dagbag.py:540} INFO - Filling up the DagBag from /home/munya/.local/lib/python3.11/site-packages/airflow/example_dags/example_nested_branch_dag.py
[2024-05-09T12:14:00.873+0200] {processor.py:840} INFO - DAG(s) 'example_nested_branch_dag' retrieved from /home/munya/.local/lib/python3.11/site-packages/airflow/example_dags/example_nested_branch_dag.py
[2024-05-09T12:14:00.903+0200] {logging_mixin.py:188} INFO - [2024-05-09T12:14:00.903+0200] {dag.py:3096} INFO - Sync 1 DAGs
[2024-05-09T12:14:00.934+0200] {logging_mixin.py:188} INFO - [2024-05-09T12:14:00.934+0200] {dag.py:3954} INFO - Setting next_dagrun for example_nested_branch_dag to 2024-05-08 00:00:00+00:00, run_after=2024-05-09 00:00:00+00:00
[2024-05-09T12:14:00.968+0200] {processor.py:183} INFO - Processing /home/munya/.local/lib/python3.11/site-packages/airflow/example_dags/example_nested_branch_dag.py took 0.132 seconds
[2024-05-09T12:15:16.183+0200] {processor.py:161} INFO - Started process (PID=227149) to work on /home/munya/.local/lib/python3.11/site-packages/airflow/example_dags/example_nested_branch_dag.py
[2024-05-09T12:15:16.184+0200] {processor.py:830} INFO - Processing file /home/munya/.local/lib/python3.11/site-packages/airflow/example_dags/example_nested_branch_dag.py for tasks to queue
[2024-05-09T12:15:16.186+0200] {logging_mixin.py:188} INFO - [2024-05-09T12:15:16.185+0200] {dagbag.py:540} INFO - Filling up the DagBag from /home/munya/.local/lib/python3.11/site-packages/airflow/example_dags/example_nested_branch_dag.py
[2024-05-09T12:15:16.207+0200] {processor.py:840} INFO - DAG(s) 'example_nested_branch_dag' retrieved from /home/munya/.local/lib/python3.11/site-packages/airflow/example_dags/example_nested_branch_dag.py
[2024-05-09T12:15:16.243+0200] {logging_mixin.py:188} INFO - [2024-05-09T12:15:16.243+0200] {dag.py:3096} INFO - Sync 1 DAGs
[2024-05-09T12:15:16.273+0200] {logging_mixin.py:188} INFO - [2024-05-09T12:15:16.273+0200] {dag.py:3954} INFO - Setting next_dagrun for example_nested_branch_dag to 2024-05-08 00:00:00+00:00, run_after=2024-05-09 00:00:00+00:00
[2024-05-09T12:15:16.300+0200] {processor.py:183} INFO - Processing /home/munya/.local/lib/python3.11/site-packages/airflow/example_dags/example_nested_branch_dag.py took 0.139 seconds
[2024-05-09T12:16:42.272+0200] {processor.py:161} INFO - Started process (PID=228264) to work on /home/munya/.local/lib/python3.11/site-packages/airflow/example_dags/example_nested_branch_dag.py
[2024-05-09T12:16:42.274+0200] {processor.py:830} INFO - Processing file /home/munya/.local/lib/python3.11/site-packages/airflow/example_dags/example_nested_branch_dag.py for tasks to queue
[2024-05-09T12:16:42.276+0200] {logging_mixin.py:188} INFO - [2024-05-09T12:16:42.275+0200] {dagbag.py:540} INFO - Filling up the DagBag from /home/munya/.local/lib/python3.11/site-packages/airflow/example_dags/example_nested_branch_dag.py
[2024-05-09T12:16:42.298+0200] {processor.py:840} INFO - DAG(s) 'example_nested_branch_dag' retrieved from /home/munya/.local/lib/python3.11/site-packages/airflow/example_dags/example_nested_branch_dag.py
[2024-05-09T12:16:42.327+0200] {logging_mixin.py:188} INFO - [2024-05-09T12:16:42.326+0200] {dag.py:3096} INFO - Sync 1 DAGs
[2024-05-09T12:16:42.360+0200] {logging_mixin.py:188} INFO - [2024-05-09T12:16:42.360+0200] {dag.py:3954} INFO - Setting next_dagrun for example_nested_branch_dag to 2024-05-08 00:00:00+00:00, run_after=2024-05-09 00:00:00+00:00
[2024-05-09T12:16:42.401+0200] {processor.py:183} INFO - Processing /home/munya/.local/lib/python3.11/site-packages/airflow/example_dags/example_nested_branch_dag.py took 0.188 seconds
[2024-05-09T12:18:07.339+0200] {processor.py:161} INFO - Started process (PID=229368) to work on /home/munya/.local/lib/python3.11/site-packages/airflow/example_dags/example_nested_branch_dag.py
[2024-05-09T12:18:07.341+0200] {processor.py:830} INFO - Processing file /home/munya/.local/lib/python3.11/site-packages/airflow/example_dags/example_nested_branch_dag.py for tasks to queue
[2024-05-09T12:18:07.344+0200] {logging_mixin.py:188} INFO - [2024-05-09T12:18:07.343+0200] {dagbag.py:540} INFO - Filling up the DagBag from /home/munya/.local/lib/python3.11/site-packages/airflow/example_dags/example_nested_branch_dag.py
[2024-05-09T12:18:07.366+0200] {processor.py:840} INFO - DAG(s) 'example_nested_branch_dag' retrieved from /home/munya/.local/lib/python3.11/site-packages/airflow/example_dags/example_nested_branch_dag.py
[2024-05-09T12:18:07.409+0200] {logging_mixin.py:188} INFO - [2024-05-09T12:18:07.408+0200] {dag.py:3096} INFO - Sync 1 DAGs
[2024-05-09T12:18:07.441+0200] {logging_mixin.py:188} INFO - [2024-05-09T12:18:07.440+0200] {dag.py:3954} INFO - Setting next_dagrun for example_nested_branch_dag to 2024-05-08 00:00:00+00:00, run_after=2024-05-09 00:00:00+00:00
[2024-05-09T12:18:07.476+0200] {processor.py:183} INFO - Processing /home/munya/.local/lib/python3.11/site-packages/airflow/example_dags/example_nested_branch_dag.py took 0.161 seconds
[2024-05-09T12:19:26.653+0200] {processor.py:161} INFO - Started process (PID=230433) to work on /home/munya/.local/lib/python3.11/site-packages/airflow/example_dags/example_nested_branch_dag.py
[2024-05-09T12:19:26.654+0200] {processor.py:830} INFO - Processing file /home/munya/.local/lib/python3.11/site-packages/airflow/example_dags/example_nested_branch_dag.py for tasks to queue
[2024-05-09T12:19:26.656+0200] {logging_mixin.py:188} INFO - [2024-05-09T12:19:26.655+0200] {dagbag.py:540} INFO - Filling up the DagBag from /home/munya/.local/lib/python3.11/site-packages/airflow/example_dags/example_nested_branch_dag.py
[2024-05-09T12:19:26.673+0200] {processor.py:840} INFO - DAG(s) 'example_nested_branch_dag' retrieved from /home/munya/.local/lib/python3.11/site-packages/airflow/example_dags/example_nested_branch_dag.py
[2024-05-09T12:19:26.706+0200] {logging_mixin.py:188} INFO - [2024-05-09T12:19:26.706+0200] {dag.py:3096} INFO - Sync 1 DAGs
[2024-05-09T12:19:26.737+0200] {logging_mixin.py:188} INFO - [2024-05-09T12:19:26.737+0200] {dag.py:3954} INFO - Setting next_dagrun for example_nested_branch_dag to 2024-05-08 00:00:00+00:00, run_after=2024-05-09 00:00:00+00:00
[2024-05-09T12:19:26.771+0200] {processor.py:183} INFO - Processing /home/munya/.local/lib/python3.11/site-packages/airflow/example_dags/example_nested_branch_dag.py took 0.137 seconds
[2024-05-09T12:20:48.508+0200] {processor.py:161} INFO - Started process (PID=231485) to work on /home/munya/.local/lib/python3.11/site-packages/airflow/example_dags/example_nested_branch_dag.py
[2024-05-09T12:20:48.511+0200] {processor.py:830} INFO - Processing file /home/munya/.local/lib/python3.11/site-packages/airflow/example_dags/example_nested_branch_dag.py for tasks to queue
[2024-05-09T12:20:48.514+0200] {logging_mixin.py:188} INFO - [2024-05-09T12:20:48.513+0200] {dagbag.py:540} INFO - Filling up the DagBag from /home/munya/.local/lib/python3.11/site-packages/airflow/example_dags/example_nested_branch_dag.py
[2024-05-09T12:20:48.542+0200] {processor.py:840} INFO - DAG(s) 'example_nested_branch_dag' retrieved from /home/munya/.local/lib/python3.11/site-packages/airflow/example_dags/example_nested_branch_dag.py
[2024-05-09T12:20:48.592+0200] {logging_mixin.py:188} INFO - [2024-05-09T12:20:48.592+0200] {dag.py:3096} INFO - Sync 1 DAGs
[2024-05-09T12:20:48.618+0200] {logging_mixin.py:188} INFO - [2024-05-09T12:20:48.618+0200] {dag.py:3954} INFO - Setting next_dagrun for example_nested_branch_dag to 2024-05-08 00:00:00+00:00, run_after=2024-05-09 00:00:00+00:00
[2024-05-09T12:20:48.646+0200] {processor.py:183} INFO - Processing /home/munya/.local/lib/python3.11/site-packages/airflow/example_dags/example_nested_branch_dag.py took 0.169 seconds
[2024-05-09T12:22:05.479+0200] {processor.py:161} INFO - Started process (PID=232530) to work on /home/munya/.local/lib/python3.11/site-packages/airflow/example_dags/example_nested_branch_dag.py
[2024-05-09T12:22:05.481+0200] {processor.py:830} INFO - Processing file /home/munya/.local/lib/python3.11/site-packages/airflow/example_dags/example_nested_branch_dag.py for tasks to queue
[2024-05-09T12:22:05.482+0200] {logging_mixin.py:188} INFO - [2024-05-09T12:22:05.481+0200] {dagbag.py:540} INFO - Filling up the DagBag from /home/munya/.local/lib/python3.11/site-packages/airflow/example_dags/example_nested_branch_dag.py
[2024-05-09T12:22:05.496+0200] {processor.py:840} INFO - DAG(s) 'example_nested_branch_dag' retrieved from /home/munya/.local/lib/python3.11/site-packages/airflow/example_dags/example_nested_branch_dag.py
[2024-05-09T12:22:05.522+0200] {logging_mixin.py:188} INFO - [2024-05-09T12:22:05.521+0200] {dag.py:3096} INFO - Sync 1 DAGs
[2024-05-09T12:22:05.555+0200] {logging_mixin.py:188} INFO - [2024-05-09T12:22:05.554+0200] {dag.py:3954} INFO - Setting next_dagrun for example_nested_branch_dag to 2024-05-08 00:00:00+00:00, run_after=2024-05-09 00:00:00+00:00
[2024-05-09T12:22:05.609+0200] {processor.py:183} INFO - Processing /home/munya/.local/lib/python3.11/site-packages/airflow/example_dags/example_nested_branch_dag.py took 0.143 seconds
[2024-05-09T12:23:18.665+0200] {processor.py:161} INFO - Started process (PID=233494) to work on /home/munya/.local/lib/python3.11/site-packages/airflow/example_dags/example_nested_branch_dag.py
[2024-05-09T12:23:18.667+0200] {processor.py:830} INFO - Processing file /home/munya/.local/lib/python3.11/site-packages/airflow/example_dags/example_nested_branch_dag.py for tasks to queue
[2024-05-09T12:23:18.670+0200] {logging_mixin.py:188} INFO - [2024-05-09T12:23:18.669+0200] {dagbag.py:540} INFO - Filling up the DagBag from /home/munya/.local/lib/python3.11/site-packages/airflow/example_dags/example_nested_branch_dag.py
[2024-05-09T12:23:18.696+0200] {processor.py:840} INFO - DAG(s) 'example_nested_branch_dag' retrieved from /home/munya/.local/lib/python3.11/site-packages/airflow/example_dags/example_nested_branch_dag.py
[2024-05-09T12:23:18.722+0200] {logging_mixin.py:188} INFO - [2024-05-09T12:23:18.722+0200] {dag.py:3096} INFO - Sync 1 DAGs
[2024-05-09T12:23:18.747+0200] {logging_mixin.py:188} INFO - [2024-05-09T12:23:18.747+0200] {dag.py:3954} INFO - Setting next_dagrun for example_nested_branch_dag to 2024-05-08 00:00:00+00:00, run_after=2024-05-09 00:00:00+00:00
[2024-05-09T12:23:18.773+0200] {processor.py:183} INFO - Processing /home/munya/.local/lib/python3.11/site-packages/airflow/example_dags/example_nested_branch_dag.py took 0.139 seconds
[2024-05-09T12:24:32.388+0200] {processor.py:161} INFO - Started process (PID=234435) to work on /home/munya/.local/lib/python3.11/site-packages/airflow/example_dags/example_nested_branch_dag.py
[2024-05-09T12:24:32.390+0200] {processor.py:830} INFO - Processing file /home/munya/.local/lib/python3.11/site-packages/airflow/example_dags/example_nested_branch_dag.py for tasks to queue
[2024-05-09T12:24:32.391+0200] {logging_mixin.py:188} INFO - [2024-05-09T12:24:32.391+0200] {dagbag.py:540} INFO - Filling up the DagBag from /home/munya/.local/lib/python3.11/site-packages/airflow/example_dags/example_nested_branch_dag.py
[2024-05-09T12:24:32.406+0200] {processor.py:840} INFO - DAG(s) 'example_nested_branch_dag' retrieved from /home/munya/.local/lib/python3.11/site-packages/airflow/example_dags/example_nested_branch_dag.py
[2024-05-09T12:24:32.433+0200] {logging_mixin.py:188} INFO - [2024-05-09T12:24:32.432+0200] {dag.py:3096} INFO - Sync 1 DAGs
[2024-05-09T12:24:32.459+0200] {logging_mixin.py:188} INFO - [2024-05-09T12:24:32.459+0200] {dag.py:3954} INFO - Setting next_dagrun for example_nested_branch_dag to 2024-05-08 00:00:00+00:00, run_after=2024-05-09 00:00:00+00:00
[2024-05-09T12:24:32.488+0200] {processor.py:183} INFO - Processing /home/munya/.local/lib/python3.11/site-packages/airflow/example_dags/example_nested_branch_dag.py took 0.114 seconds
[2024-05-09T12:25:59.024+0200] {processor.py:161} INFO - Started process (PID=235577) to work on /home/munya/.local/lib/python3.11/site-packages/airflow/example_dags/example_nested_branch_dag.py
[2024-05-09T12:25:59.026+0200] {processor.py:830} INFO - Processing file /home/munya/.local/lib/python3.11/site-packages/airflow/example_dags/example_nested_branch_dag.py for tasks to queue
[2024-05-09T12:25:59.029+0200] {logging_mixin.py:188} INFO - [2024-05-09T12:25:59.028+0200] {dagbag.py:540} INFO - Filling up the DagBag from /home/munya/.local/lib/python3.11/site-packages/airflow/example_dags/example_nested_branch_dag.py
[2024-05-09T12:25:59.047+0200] {processor.py:840} INFO - DAG(s) 'example_nested_branch_dag' retrieved from /home/munya/.local/lib/python3.11/site-packages/airflow/example_dags/example_nested_branch_dag.py
[2024-05-09T12:25:59.079+0200] {logging_mixin.py:188} INFO - [2024-05-09T12:25:59.078+0200] {dag.py:3096} INFO - Sync 1 DAGs
[2024-05-09T12:25:59.111+0200] {logging_mixin.py:188} INFO - [2024-05-09T12:25:59.111+0200] {dag.py:3954} INFO - Setting next_dagrun for example_nested_branch_dag to 2024-05-08 00:00:00+00:00, run_after=2024-05-09 00:00:00+00:00
[2024-05-09T12:25:59.150+0200] {processor.py:183} INFO - Processing /home/munya/.local/lib/python3.11/site-packages/airflow/example_dags/example_nested_branch_dag.py took 0.146 seconds
[2024-05-09T12:27:25.078+0200] {processor.py:161} INFO - Started process (PID=236704) to work on /home/munya/.local/lib/python3.11/site-packages/airflow/example_dags/example_nested_branch_dag.py
[2024-05-09T12:27:25.080+0200] {processor.py:830} INFO - Processing file /home/munya/.local/lib/python3.11/site-packages/airflow/example_dags/example_nested_branch_dag.py for tasks to queue
[2024-05-09T12:27:25.081+0200] {logging_mixin.py:188} INFO - [2024-05-09T12:27:25.080+0200] {dagbag.py:540} INFO - Filling up the DagBag from /home/munya/.local/lib/python3.11/site-packages/airflow/example_dags/example_nested_branch_dag.py
[2024-05-09T12:27:25.096+0200] {processor.py:840} INFO - DAG(s) 'example_nested_branch_dag' retrieved from /home/munya/.local/lib/python3.11/site-packages/airflow/example_dags/example_nested_branch_dag.py
[2024-05-09T12:27:25.127+0200] {logging_mixin.py:188} INFO - [2024-05-09T12:27:25.127+0200] {dag.py:3096} INFO - Sync 1 DAGs
[2024-05-09T12:27:25.160+0200] {logging_mixin.py:188} INFO - [2024-05-09T12:27:25.159+0200] {dag.py:3954} INFO - Setting next_dagrun for example_nested_branch_dag to 2024-05-08 00:00:00+00:00, run_after=2024-05-09 00:00:00+00:00
[2024-05-09T12:27:25.196+0200] {processor.py:183} INFO - Processing /home/munya/.local/lib/python3.11/site-packages/airflow/example_dags/example_nested_branch_dag.py took 0.133 seconds
[2024-05-09T12:28:37.378+0200] {processor.py:161} INFO - Started process (PID=237670) to work on /home/munya/.local/lib/python3.11/site-packages/airflow/example_dags/example_nested_branch_dag.py
[2024-05-09T12:28:37.381+0200] {processor.py:830} INFO - Processing file /home/munya/.local/lib/python3.11/site-packages/airflow/example_dags/example_nested_branch_dag.py for tasks to queue
[2024-05-09T12:28:37.383+0200] {logging_mixin.py:188} INFO - [2024-05-09T12:28:37.382+0200] {dagbag.py:540} INFO - Filling up the DagBag from /home/munya/.local/lib/python3.11/site-packages/airflow/example_dags/example_nested_branch_dag.py
[2024-05-09T12:28:37.406+0200] {processor.py:840} INFO - DAG(s) 'example_nested_branch_dag' retrieved from /home/munya/.local/lib/python3.11/site-packages/airflow/example_dags/example_nested_branch_dag.py
[2024-05-09T12:28:37.455+0200] {logging_mixin.py:188} INFO - [2024-05-09T12:28:37.455+0200] {dag.py:3096} INFO - Sync 1 DAGs
[2024-05-09T12:28:37.510+0200] {logging_mixin.py:188} INFO - [2024-05-09T12:28:37.508+0200] {dag.py:3954} INFO - Setting next_dagrun for example_nested_branch_dag to 2024-05-08 00:00:00+00:00, run_after=2024-05-09 00:00:00+00:00
[2024-05-09T12:28:37.557+0200] {processor.py:183} INFO - Processing /home/munya/.local/lib/python3.11/site-packages/airflow/example_dags/example_nested_branch_dag.py took 0.216 seconds
[2024-05-09T12:30:01.232+0200] {processor.py:161} INFO - Started process (PID=238779) to work on /home/munya/.local/lib/python3.11/site-packages/airflow/example_dags/example_nested_branch_dag.py
[2024-05-09T12:30:01.234+0200] {processor.py:830} INFO - Processing file /home/munya/.local/lib/python3.11/site-packages/airflow/example_dags/example_nested_branch_dag.py for tasks to queue
[2024-05-09T12:30:01.236+0200] {logging_mixin.py:188} INFO - [2024-05-09T12:30:01.235+0200] {dagbag.py:540} INFO - Filling up the DagBag from /home/munya/.local/lib/python3.11/site-packages/airflow/example_dags/example_nested_branch_dag.py
[2024-05-09T12:30:01.254+0200] {processor.py:840} INFO - DAG(s) 'example_nested_branch_dag' retrieved from /home/munya/.local/lib/python3.11/site-packages/airflow/example_dags/example_nested_branch_dag.py
[2024-05-09T12:30:01.287+0200] {logging_mixin.py:188} INFO - [2024-05-09T12:30:01.287+0200] {dag.py:3096} INFO - Sync 1 DAGs
[2024-05-09T12:30:01.316+0200] {logging_mixin.py:188} INFO - [2024-05-09T12:30:01.315+0200] {dag.py:3954} INFO - Setting next_dagrun for example_nested_branch_dag to 2024-05-08 00:00:00+00:00, run_after=2024-05-09 00:00:00+00:00
[2024-05-09T12:30:01.350+0200] {processor.py:183} INFO - Processing /home/munya/.local/lib/python3.11/site-packages/airflow/example_dags/example_nested_branch_dag.py took 0.138 seconds
[2024-05-09T12:31:16.726+0200] {processor.py:161} INFO - Started process (PID=239780) to work on /home/munya/.local/lib/python3.11/site-packages/airflow/example_dags/example_nested_branch_dag.py
[2024-05-09T12:31:16.728+0200] {processor.py:830} INFO - Processing file /home/munya/.local/lib/python3.11/site-packages/airflow/example_dags/example_nested_branch_dag.py for tasks to queue
[2024-05-09T12:31:16.731+0200] {logging_mixin.py:188} INFO - [2024-05-09T12:31:16.730+0200] {dagbag.py:540} INFO - Filling up the DagBag from /home/munya/.local/lib/python3.11/site-packages/airflow/example_dags/example_nested_branch_dag.py
[2024-05-09T12:31:16.752+0200] {processor.py:840} INFO - DAG(s) 'example_nested_branch_dag' retrieved from /home/munya/.local/lib/python3.11/site-packages/airflow/example_dags/example_nested_branch_dag.py
[2024-05-09T12:31:16.787+0200] {logging_mixin.py:188} INFO - [2024-05-09T12:31:16.786+0200] {dag.py:3096} INFO - Sync 1 DAGs
[2024-05-09T12:31:16.823+0200] {logging_mixin.py:188} INFO - [2024-05-09T12:31:16.822+0200] {dag.py:3954} INFO - Setting next_dagrun for example_nested_branch_dag to 2024-05-08 00:00:00+00:00, run_after=2024-05-09 00:00:00+00:00
[2024-05-09T12:31:16.862+0200] {processor.py:183} INFO - Processing /home/munya/.local/lib/python3.11/site-packages/airflow/example_dags/example_nested_branch_dag.py took 0.160 seconds
[2024-05-09T12:32:38.651+0200] {processor.py:161} INFO - Started process (PID=240836) to work on /home/munya/.local/lib/python3.11/site-packages/airflow/example_dags/example_nested_branch_dag.py
[2024-05-09T12:32:38.653+0200] {processor.py:830} INFO - Processing file /home/munya/.local/lib/python3.11/site-packages/airflow/example_dags/example_nested_branch_dag.py for tasks to queue
[2024-05-09T12:32:38.656+0200] {logging_mixin.py:188} INFO - [2024-05-09T12:32:38.655+0200] {dagbag.py:540} INFO - Filling up the DagBag from /home/munya/.local/lib/python3.11/site-packages/airflow/example_dags/example_nested_branch_dag.py
[2024-05-09T12:32:38.682+0200] {processor.py:840} INFO - DAG(s) 'example_nested_branch_dag' retrieved from /home/munya/.local/lib/python3.11/site-packages/airflow/example_dags/example_nested_branch_dag.py
[2024-05-09T12:32:38.717+0200] {logging_mixin.py:188} INFO - [2024-05-09T12:32:38.717+0200] {dag.py:3096} INFO - Sync 1 DAGs
[2024-05-09T12:32:38.740+0200] {logging_mixin.py:188} INFO - [2024-05-09T12:32:38.740+0200] {dag.py:3954} INFO - Setting next_dagrun for example_nested_branch_dag to 2024-05-08 00:00:00+00:00, run_after=2024-05-09 00:00:00+00:00
[2024-05-09T12:32:38.764+0200] {processor.py:183} INFO - Processing /home/munya/.local/lib/python3.11/site-packages/airflow/example_dags/example_nested_branch_dag.py took 0.147 seconds
[2024-05-09T12:34:03.220+0200] {processor.py:161} INFO - Started process (PID=242101) to work on /home/munya/.local/lib/python3.11/site-packages/airflow/example_dags/example_nested_branch_dag.py
[2024-05-09T12:34:03.223+0200] {processor.py:830} INFO - Processing file /home/munya/.local/lib/python3.11/site-packages/airflow/example_dags/example_nested_branch_dag.py for tasks to queue
[2024-05-09T12:34:03.225+0200] {logging_mixin.py:188} INFO - [2024-05-09T12:34:03.224+0200] {dagbag.py:540} INFO - Filling up the DagBag from /home/munya/.local/lib/python3.11/site-packages/airflow/example_dags/example_nested_branch_dag.py
[2024-05-09T12:34:03.250+0200] {processor.py:840} INFO - DAG(s) 'example_nested_branch_dag' retrieved from /home/munya/.local/lib/python3.11/site-packages/airflow/example_dags/example_nested_branch_dag.py
[2024-05-09T12:34:03.306+0200] {logging_mixin.py:188} INFO - [2024-05-09T12:34:03.306+0200] {dag.py:3096} INFO - Sync 1 DAGs
[2024-05-09T12:34:03.335+0200] {logging_mixin.py:188} INFO - [2024-05-09T12:34:03.334+0200] {dag.py:3954} INFO - Setting next_dagrun for example_nested_branch_dag to 2024-05-08 00:00:00+00:00, run_after=2024-05-09 00:00:00+00:00
[2024-05-09T12:34:03.363+0200] {processor.py:183} INFO - Processing /home/munya/.local/lib/python3.11/site-packages/airflow/example_dags/example_nested_branch_dag.py took 0.183 seconds
[2024-05-09T12:35:19.214+0200] {processor.py:161} INFO - Started process (PID=243261) to work on /home/munya/.local/lib/python3.11/site-packages/airflow/example_dags/example_nested_branch_dag.py
[2024-05-09T12:35:19.215+0200] {processor.py:830} INFO - Processing file /home/munya/.local/lib/python3.11/site-packages/airflow/example_dags/example_nested_branch_dag.py for tasks to queue
[2024-05-09T12:35:19.217+0200] {logging_mixin.py:188} INFO - [2024-05-09T12:35:19.216+0200] {dagbag.py:540} INFO - Filling up the DagBag from /home/munya/.local/lib/python3.11/site-packages/airflow/example_dags/example_nested_branch_dag.py
[2024-05-09T12:35:19.235+0200] {processor.py:840} INFO - DAG(s) 'example_nested_branch_dag' retrieved from /home/munya/.local/lib/python3.11/site-packages/airflow/example_dags/example_nested_branch_dag.py
[2024-05-09T12:35:19.269+0200] {logging_mixin.py:188} INFO - [2024-05-09T12:35:19.268+0200] {dag.py:3096} INFO - Sync 1 DAGs
[2024-05-09T12:35:19.307+0200] {logging_mixin.py:188} INFO - [2024-05-09T12:35:19.306+0200] {dag.py:3954} INFO - Setting next_dagrun for example_nested_branch_dag to 2024-05-08 00:00:00+00:00, run_after=2024-05-09 00:00:00+00:00
[2024-05-09T12:35:19.350+0200] {processor.py:183} INFO - Processing /home/munya/.local/lib/python3.11/site-packages/airflow/example_dags/example_nested_branch_dag.py took 0.156 seconds
[2024-05-09T12:36:42.929+0200] {processor.py:161} INFO - Started process (PID=244445) to work on /home/munya/.local/lib/python3.11/site-packages/airflow/example_dags/example_nested_branch_dag.py
[2024-05-09T12:36:42.930+0200] {processor.py:830} INFO - Processing file /home/munya/.local/lib/python3.11/site-packages/airflow/example_dags/example_nested_branch_dag.py for tasks to queue
[2024-05-09T12:36:42.931+0200] {logging_mixin.py:188} INFO - [2024-05-09T12:36:42.930+0200] {dagbag.py:540} INFO - Filling up the DagBag from /home/munya/.local/lib/python3.11/site-packages/airflow/example_dags/example_nested_branch_dag.py
[2024-05-09T12:36:42.942+0200] {processor.py:840} INFO - DAG(s) 'example_nested_branch_dag' retrieved from /home/munya/.local/lib/python3.11/site-packages/airflow/example_dags/example_nested_branch_dag.py
[2024-05-09T12:36:42.966+0200] {logging_mixin.py:188} INFO - [2024-05-09T12:36:42.965+0200] {dag.py:3096} INFO - Sync 1 DAGs
[2024-05-09T12:36:42.989+0200] {logging_mixin.py:188} INFO - [2024-05-09T12:36:42.989+0200] {dag.py:3954} INFO - Setting next_dagrun for example_nested_branch_dag to 2024-05-08 00:00:00+00:00, run_after=2024-05-09 00:00:00+00:00
[2024-05-09T12:36:43.013+0200] {processor.py:183} INFO - Processing /home/munya/.local/lib/python3.11/site-packages/airflow/example_dags/example_nested_branch_dag.py took 0.097 seconds
[2024-05-09T12:38:01.513+0200] {processor.py:161} INFO - Started process (PID=245603) to work on /home/munya/.local/lib/python3.11/site-packages/airflow/example_dags/example_nested_branch_dag.py
[2024-05-09T12:38:01.514+0200] {processor.py:830} INFO - Processing file /home/munya/.local/lib/python3.11/site-packages/airflow/example_dags/example_nested_branch_dag.py for tasks to queue
[2024-05-09T12:38:01.515+0200] {logging_mixin.py:188} INFO - [2024-05-09T12:38:01.515+0200] {dagbag.py:540} INFO - Filling up the DagBag from /home/munya/.local/lib/python3.11/site-packages/airflow/example_dags/example_nested_branch_dag.py
[2024-05-09T12:38:01.530+0200] {processor.py:840} INFO - DAG(s) 'example_nested_branch_dag' retrieved from /home/munya/.local/lib/python3.11/site-packages/airflow/example_dags/example_nested_branch_dag.py
[2024-05-09T12:38:01.556+0200] {logging_mixin.py:188} INFO - [2024-05-09T12:38:01.556+0200] {dag.py:3096} INFO - Sync 1 DAGs
[2024-05-09T12:38:01.584+0200] {logging_mixin.py:188} INFO - [2024-05-09T12:38:01.584+0200] {dag.py:3954} INFO - Setting next_dagrun for example_nested_branch_dag to 2024-05-08 00:00:00+00:00, run_after=2024-05-09 00:00:00+00:00
[2024-05-09T12:38:01.612+0200] {processor.py:183} INFO - Processing /home/munya/.local/lib/python3.11/site-packages/airflow/example_dags/example_nested_branch_dag.py took 0.114 seconds
[2024-05-09T12:39:20.050+0200] {processor.py:161} INFO - Started process (PID=246739) to work on /home/munya/.local/lib/python3.11/site-packages/airflow/example_dags/example_nested_branch_dag.py
[2024-05-09T12:39:20.053+0200] {processor.py:830} INFO - Processing file /home/munya/.local/lib/python3.11/site-packages/airflow/example_dags/example_nested_branch_dag.py for tasks to queue
[2024-05-09T12:39:20.056+0200] {logging_mixin.py:188} INFO - [2024-05-09T12:39:20.054+0200] {dagbag.py:540} INFO - Filling up the DagBag from /home/munya/.local/lib/python3.11/site-packages/airflow/example_dags/example_nested_branch_dag.py
[2024-05-09T12:39:20.083+0200] {processor.py:840} INFO - DAG(s) 'example_nested_branch_dag' retrieved from /home/munya/.local/lib/python3.11/site-packages/airflow/example_dags/example_nested_branch_dag.py
[2024-05-09T12:39:20.120+0200] {logging_mixin.py:188} INFO - [2024-05-09T12:39:20.119+0200] {dag.py:3096} INFO - Sync 1 DAGs
[2024-05-09T12:39:20.144+0200] {logging_mixin.py:188} INFO - [2024-05-09T12:39:20.144+0200] {dag.py:3954} INFO - Setting next_dagrun for example_nested_branch_dag to 2024-05-08 00:00:00+00:00, run_after=2024-05-09 00:00:00+00:00
[2024-05-09T12:39:20.171+0200] {processor.py:183} INFO - Processing /home/munya/.local/lib/python3.11/site-packages/airflow/example_dags/example_nested_branch_dag.py took 0.152 seconds
[2024-05-09T12:40:39.112+0200] {processor.py:161} INFO - Started process (PID=247861) to work on /home/munya/.local/lib/python3.11/site-packages/airflow/example_dags/example_nested_branch_dag.py
[2024-05-09T12:40:39.115+0200] {processor.py:830} INFO - Processing file /home/munya/.local/lib/python3.11/site-packages/airflow/example_dags/example_nested_branch_dag.py for tasks to queue
[2024-05-09T12:40:39.117+0200] {logging_mixin.py:188} INFO - [2024-05-09T12:40:39.116+0200] {dagbag.py:540} INFO - Filling up the DagBag from /home/munya/.local/lib/python3.11/site-packages/airflow/example_dags/example_nested_branch_dag.py
[2024-05-09T12:40:39.143+0200] {processor.py:840} INFO - DAG(s) 'example_nested_branch_dag' retrieved from /home/munya/.local/lib/python3.11/site-packages/airflow/example_dags/example_nested_branch_dag.py
[2024-05-09T12:40:39.194+0200] {logging_mixin.py:188} INFO - [2024-05-09T12:40:39.194+0200] {dag.py:3096} INFO - Sync 1 DAGs
[2024-05-09T12:40:39.245+0200] {logging_mixin.py:188} INFO - [2024-05-09T12:40:39.244+0200] {dag.py:3954} INFO - Setting next_dagrun for example_nested_branch_dag to 2024-05-08 00:00:00+00:00, run_after=2024-05-09 00:00:00+00:00
[2024-05-09T12:40:39.305+0200] {processor.py:183} INFO - Processing /home/munya/.local/lib/python3.11/site-packages/airflow/example_dags/example_nested_branch_dag.py took 0.217 seconds
[2024-05-09T12:42:09.811+0200] {processor.py:161} INFO - Started process (PID=249151) to work on /home/munya/.local/lib/python3.11/site-packages/airflow/example_dags/example_nested_branch_dag.py
[2024-05-09T12:42:09.815+0200] {processor.py:830} INFO - Processing file /home/munya/.local/lib/python3.11/site-packages/airflow/example_dags/example_nested_branch_dag.py for tasks to queue
[2024-05-09T12:42:09.822+0200] {logging_mixin.py:188} INFO - [2024-05-09T12:42:09.816+0200] {dagbag.py:540} INFO - Filling up the DagBag from /home/munya/.local/lib/python3.11/site-packages/airflow/example_dags/example_nested_branch_dag.py
[2024-05-09T12:42:09.900+0200] {processor.py:840} INFO - DAG(s) 'example_nested_branch_dag' retrieved from /home/munya/.local/lib/python3.11/site-packages/airflow/example_dags/example_nested_branch_dag.py
[2024-05-09T12:42:09.999+0200] {logging_mixin.py:188} INFO - [2024-05-09T12:42:09.998+0200] {dag.py:3096} INFO - Sync 1 DAGs
[2024-05-09T12:42:10.058+0200] {logging_mixin.py:188} INFO - [2024-05-09T12:42:10.058+0200] {dag.py:3954} INFO - Setting next_dagrun for example_nested_branch_dag to 2024-05-08 00:00:00+00:00, run_after=2024-05-09 00:00:00+00:00
[2024-05-09T12:42:10.151+0200] {processor.py:183} INFO - Processing /home/munya/.local/lib/python3.11/site-packages/airflow/example_dags/example_nested_branch_dag.py took 0.431 seconds
[2024-05-09T12:43:49.227+0200] {processor.py:161} INFO - Started process (PID=250583) to work on /home/munya/.local/lib/python3.11/site-packages/airflow/example_dags/example_nested_branch_dag.py
[2024-05-09T12:43:49.231+0200] {processor.py:830} INFO - Processing file /home/munya/.local/lib/python3.11/site-packages/airflow/example_dags/example_nested_branch_dag.py for tasks to queue
[2024-05-09T12:43:49.233+0200] {logging_mixin.py:188} INFO - [2024-05-09T12:43:49.232+0200] {dagbag.py:540} INFO - Filling up the DagBag from /home/munya/.local/lib/python3.11/site-packages/airflow/example_dags/example_nested_branch_dag.py
[2024-05-09T12:43:49.264+0200] {processor.py:840} INFO - DAG(s) 'example_nested_branch_dag' retrieved from /home/munya/.local/lib/python3.11/site-packages/airflow/example_dags/example_nested_branch_dag.py
[2024-05-09T12:43:49.338+0200] {logging_mixin.py:188} INFO - [2024-05-09T12:43:49.337+0200] {dag.py:3096} INFO - Sync 1 DAGs
[2024-05-09T12:43:49.401+0200] {logging_mixin.py:188} INFO - [2024-05-09T12:43:49.401+0200] {dag.py:3954} INFO - Setting next_dagrun for example_nested_branch_dag to 2024-05-08 00:00:00+00:00, run_after=2024-05-09 00:00:00+00:00
[2024-05-09T12:43:49.447+0200] {processor.py:183} INFO - Processing /home/munya/.local/lib/python3.11/site-packages/airflow/example_dags/example_nested_branch_dag.py took 0.245 seconds
[2024-05-09T12:46:30.670+0200] {processor.py:161} INFO - Started process (PID=252766) to work on /home/munya/.local/lib/python3.11/site-packages/airflow/example_dags/example_nested_branch_dag.py
[2024-05-09T12:46:30.672+0200] {processor.py:830} INFO - Processing file /home/munya/.local/lib/python3.11/site-packages/airflow/example_dags/example_nested_branch_dag.py for tasks to queue
[2024-05-09T12:46:30.674+0200] {logging_mixin.py:188} INFO - [2024-05-09T12:46:30.673+0200] {dagbag.py:540} INFO - Filling up the DagBag from /home/munya/.local/lib/python3.11/site-packages/airflow/example_dags/example_nested_branch_dag.py
[2024-05-09T12:46:30.695+0200] {processor.py:840} INFO - DAG(s) 'example_nested_branch_dag' retrieved from /home/munya/.local/lib/python3.11/site-packages/airflow/example_dags/example_nested_branch_dag.py
[2024-05-09T12:46:30.736+0200] {logging_mixin.py:188} INFO - [2024-05-09T12:46:30.736+0200] {dag.py:3096} INFO - Sync 1 DAGs
[2024-05-09T12:46:30.783+0200] {logging_mixin.py:188} INFO - [2024-05-09T12:46:30.783+0200] {dag.py:3954} INFO - Setting next_dagrun for example_nested_branch_dag to 2024-05-08 00:00:00+00:00, run_after=2024-05-09 00:00:00+00:00
[2024-05-09T12:46:30.842+0200] {processor.py:183} INFO - Processing /home/munya/.local/lib/python3.11/site-packages/airflow/example_dags/example_nested_branch_dag.py took 0.207 seconds
[2024-05-09T12:49:07.663+0200] {processor.py:161} INFO - Started process (PID=254835) to work on /home/munya/.local/lib/python3.11/site-packages/airflow/example_dags/example_nested_branch_dag.py
[2024-05-09T12:49:07.665+0200] {processor.py:830} INFO - Processing file /home/munya/.local/lib/python3.11/site-packages/airflow/example_dags/example_nested_branch_dag.py for tasks to queue
[2024-05-09T12:49:07.668+0200] {logging_mixin.py:188} INFO - [2024-05-09T12:49:07.667+0200] {dagbag.py:540} INFO - Filling up the DagBag from /home/munya/.local/lib/python3.11/site-packages/airflow/example_dags/example_nested_branch_dag.py
[2024-05-09T12:49:07.698+0200] {processor.py:840} INFO - DAG(s) 'example_nested_branch_dag' retrieved from /home/munya/.local/lib/python3.11/site-packages/airflow/example_dags/example_nested_branch_dag.py
[2024-05-09T12:49:07.882+0200] {logging_mixin.py:188} INFO - [2024-05-09T12:49:07.880+0200] {dag.py:3096} INFO - Sync 1 DAGs
[2024-05-09T12:49:08.022+0200] {logging_mixin.py:188} INFO - [2024-05-09T12:49:08.021+0200] {dag.py:3954} INFO - Setting next_dagrun for example_nested_branch_dag to 2024-05-08 00:00:00+00:00, run_after=2024-05-09 00:00:00+00:00
[2024-05-09T12:49:08.116+0200] {processor.py:183} INFO - Processing /home/munya/.local/lib/python3.11/site-packages/airflow/example_dags/example_nested_branch_dag.py took 0.547 seconds
[2024-05-09T12:53:21.963+0200] {processor.py:161} INFO - Started process (PID=258129) to work on /home/munya/.local/lib/python3.11/site-packages/airflow/example_dags/example_nested_branch_dag.py
[2024-05-09T12:53:21.972+0200] {processor.py:830} INFO - Processing file /home/munya/.local/lib/python3.11/site-packages/airflow/example_dags/example_nested_branch_dag.py for tasks to queue
[2024-05-09T12:53:21.979+0200] {logging_mixin.py:188} INFO - [2024-05-09T12:53:21.978+0200] {dagbag.py:540} INFO - Filling up the DagBag from /home/munya/.local/lib/python3.11/site-packages/airflow/example_dags/example_nested_branch_dag.py
[2024-05-09T12:53:22.025+0200] {processor.py:840} INFO - DAG(s) 'example_nested_branch_dag' retrieved from /home/munya/.local/lib/python3.11/site-packages/airflow/example_dags/example_nested_branch_dag.py
[2024-05-09T12:53:22.069+0200] {logging_mixin.py:188} INFO - [2024-05-09T12:53:22.068+0200] {dag.py:3096} INFO - Sync 1 DAGs
[2024-05-09T12:53:22.130+0200] {logging_mixin.py:188} INFO - [2024-05-09T12:53:22.129+0200] {dag.py:3954} INFO - Setting next_dagrun for example_nested_branch_dag to 2024-05-08 00:00:00+00:00, run_after=2024-05-09 00:00:00+00:00
[2024-05-09T12:53:22.181+0200] {processor.py:183} INFO - Processing /home/munya/.local/lib/python3.11/site-packages/airflow/example_dags/example_nested_branch_dag.py took 0.272 seconds
[2024-05-09T12:54:45.146+0200] {processor.py:161} INFO - Started process (PID=259330) to work on /home/munya/.local/lib/python3.11/site-packages/airflow/example_dags/example_nested_branch_dag.py
[2024-05-09T12:54:45.148+0200] {processor.py:830} INFO - Processing file /home/munya/.local/lib/python3.11/site-packages/airflow/example_dags/example_nested_branch_dag.py for tasks to queue
[2024-05-09T12:54:45.150+0200] {logging_mixin.py:188} INFO - [2024-05-09T12:54:45.149+0200] {dagbag.py:540} INFO - Filling up the DagBag from /home/munya/.local/lib/python3.11/site-packages/airflow/example_dags/example_nested_branch_dag.py
[2024-05-09T12:54:45.178+0200] {processor.py:840} INFO - DAG(s) 'example_nested_branch_dag' retrieved from /home/munya/.local/lib/python3.11/site-packages/airflow/example_dags/example_nested_branch_dag.py
[2024-05-09T12:54:45.222+0200] {logging_mixin.py:188} INFO - [2024-05-09T12:54:45.221+0200] {dag.py:3096} INFO - Sync 1 DAGs
[2024-05-09T12:54:45.267+0200] {logging_mixin.py:188} INFO - [2024-05-09T12:54:45.266+0200] {dag.py:3954} INFO - Setting next_dagrun for example_nested_branch_dag to 2024-05-08 00:00:00+00:00, run_after=2024-05-09 00:00:00+00:00
[2024-05-09T12:54:45.317+0200] {processor.py:183} INFO - Processing /home/munya/.local/lib/python3.11/site-packages/airflow/example_dags/example_nested_branch_dag.py took 0.199 seconds
[2024-05-09T12:56:39.500+0200] {processor.py:161} INFO - Started process (PID=261112) to work on /home/munya/.local/lib/python3.11/site-packages/airflow/example_dags/example_nested_branch_dag.py
[2024-05-09T12:56:39.502+0200] {processor.py:830} INFO - Processing file /home/munya/.local/lib/python3.11/site-packages/airflow/example_dags/example_nested_branch_dag.py for tasks to queue
[2024-05-09T12:56:39.503+0200] {logging_mixin.py:188} INFO - [2024-05-09T12:56:39.503+0200] {dagbag.py:540} INFO - Filling up the DagBag from /home/munya/.local/lib/python3.11/site-packages/airflow/example_dags/example_nested_branch_dag.py
[2024-05-09T12:56:39.516+0200] {processor.py:840} INFO - DAG(s) 'example_nested_branch_dag' retrieved from /home/munya/.local/lib/python3.11/site-packages/airflow/example_dags/example_nested_branch_dag.py
[2024-05-09T12:56:39.548+0200] {logging_mixin.py:188} INFO - [2024-05-09T12:56:39.548+0200] {dag.py:3096} INFO - Sync 1 DAGs
[2024-05-09T12:56:39.575+0200] {logging_mixin.py:188} INFO - [2024-05-09T12:56:39.575+0200] {dag.py:3954} INFO - Setting next_dagrun for example_nested_branch_dag to 2024-05-08 00:00:00+00:00, run_after=2024-05-09 00:00:00+00:00
[2024-05-09T12:56:39.606+0200] {processor.py:183} INFO - Processing /home/munya/.local/lib/python3.11/site-packages/airflow/example_dags/example_nested_branch_dag.py took 0.118 seconds
[2024-05-09T12:57:44.211+0200] {processor.py:161} INFO - Started process (PID=261970) to work on /home/munya/.local/lib/python3.11/site-packages/airflow/example_dags/example_nested_branch_dag.py
[2024-05-09T12:57:44.212+0200] {processor.py:830} INFO - Processing file /home/munya/.local/lib/python3.11/site-packages/airflow/example_dags/example_nested_branch_dag.py for tasks to queue
[2024-05-09T12:57:44.214+0200] {logging_mixin.py:188} INFO - [2024-05-09T12:57:44.213+0200] {dagbag.py:540} INFO - Filling up the DagBag from /home/munya/.local/lib/python3.11/site-packages/airflow/example_dags/example_nested_branch_dag.py
[2024-05-09T12:57:44.227+0200] {processor.py:840} INFO - DAG(s) 'example_nested_branch_dag' retrieved from /home/munya/.local/lib/python3.11/site-packages/airflow/example_dags/example_nested_branch_dag.py
[2024-05-09T12:57:44.253+0200] {logging_mixin.py:188} INFO - [2024-05-09T12:57:44.253+0200] {dag.py:3096} INFO - Sync 1 DAGs
[2024-05-09T12:57:44.279+0200] {logging_mixin.py:188} INFO - [2024-05-09T12:57:44.279+0200] {dag.py:3954} INFO - Setting next_dagrun for example_nested_branch_dag to 2024-05-08 00:00:00+00:00, run_after=2024-05-09 00:00:00+00:00
[2024-05-09T12:57:44.306+0200] {processor.py:183} INFO - Processing /home/munya/.local/lib/python3.11/site-packages/airflow/example_dags/example_nested_branch_dag.py took 0.111 seconds
[2024-05-09T12:58:47.637+0200] {processor.py:161} INFO - Started process (PID=262802) to work on /home/munya/.local/lib/python3.11/site-packages/airflow/example_dags/example_nested_branch_dag.py
[2024-05-09T12:58:47.638+0200] {processor.py:830} INFO - Processing file /home/munya/.local/lib/python3.11/site-packages/airflow/example_dags/example_nested_branch_dag.py for tasks to queue
[2024-05-09T12:58:47.639+0200] {logging_mixin.py:188} INFO - [2024-05-09T12:58:47.639+0200] {dagbag.py:540} INFO - Filling up the DagBag from /home/munya/.local/lib/python3.11/site-packages/airflow/example_dags/example_nested_branch_dag.py
[2024-05-09T12:58:47.651+0200] {processor.py:840} INFO - DAG(s) 'example_nested_branch_dag' retrieved from /home/munya/.local/lib/python3.11/site-packages/airflow/example_dags/example_nested_branch_dag.py
[2024-05-09T12:58:47.673+0200] {logging_mixin.py:188} INFO - [2024-05-09T12:58:47.673+0200] {dag.py:3096} INFO - Sync 1 DAGs
[2024-05-09T12:58:47.696+0200] {logging_mixin.py:188} INFO - [2024-05-09T12:58:47.695+0200] {dag.py:3954} INFO - Setting next_dagrun for example_nested_branch_dag to 2024-05-08 00:00:00+00:00, run_after=2024-05-09 00:00:00+00:00
[2024-05-09T12:58:47.723+0200] {processor.py:183} INFO - Processing /home/munya/.local/lib/python3.11/site-packages/airflow/example_dags/example_nested_branch_dag.py took 0.101 seconds
[2024-05-09T12:59:51.281+0200] {processor.py:161} INFO - Started process (PID=263680) to work on /home/munya/.local/lib/python3.11/site-packages/airflow/example_dags/example_nested_branch_dag.py
[2024-05-09T12:59:51.282+0200] {processor.py:830} INFO - Processing file /home/munya/.local/lib/python3.11/site-packages/airflow/example_dags/example_nested_branch_dag.py for tasks to queue
[2024-05-09T12:59:51.283+0200] {logging_mixin.py:188} INFO - [2024-05-09T12:59:51.283+0200] {dagbag.py:540} INFO - Filling up the DagBag from /home/munya/.local/lib/python3.11/site-packages/airflow/example_dags/example_nested_branch_dag.py
[2024-05-09T12:59:51.295+0200] {processor.py:840} INFO - DAG(s) 'example_nested_branch_dag' retrieved from /home/munya/.local/lib/python3.11/site-packages/airflow/example_dags/example_nested_branch_dag.py
[2024-05-09T12:59:51.317+0200] {logging_mixin.py:188} INFO - [2024-05-09T12:59:51.316+0200] {dag.py:3096} INFO - Sync 1 DAGs
[2024-05-09T12:59:51.339+0200] {logging_mixin.py:188} INFO - [2024-05-09T12:59:51.338+0200] {dag.py:3954} INFO - Setting next_dagrun for example_nested_branch_dag to 2024-05-08 00:00:00+00:00, run_after=2024-05-09 00:00:00+00:00
[2024-05-09T12:59:51.368+0200] {processor.py:183} INFO - Processing /home/munya/.local/lib/python3.11/site-packages/airflow/example_dags/example_nested_branch_dag.py took 0.099 seconds
[2024-05-09T13:01:14.374+0200] {processor.py:161} INFO - Started process (PID=264843) to work on /home/munya/.local/lib/python3.11/site-packages/airflow/example_dags/example_nested_branch_dag.py
[2024-05-09T13:01:14.375+0200] {processor.py:830} INFO - Processing file /home/munya/.local/lib/python3.11/site-packages/airflow/example_dags/example_nested_branch_dag.py for tasks to queue
[2024-05-09T13:01:14.376+0200] {logging_mixin.py:188} INFO - [2024-05-09T13:01:14.375+0200] {dagbag.py:540} INFO - Filling up the DagBag from /home/munya/.local/lib/python3.11/site-packages/airflow/example_dags/example_nested_branch_dag.py
[2024-05-09T13:01:14.385+0200] {processor.py:840} INFO - DAG(s) 'example_nested_branch_dag' retrieved from /home/munya/.local/lib/python3.11/site-packages/airflow/example_dags/example_nested_branch_dag.py
[2024-05-09T13:01:14.402+0200] {logging_mixin.py:188} INFO - [2024-05-09T13:01:14.401+0200] {dag.py:3096} INFO - Sync 1 DAGs
[2024-05-09T13:01:14.418+0200] {logging_mixin.py:188} INFO - [2024-05-09T13:01:14.417+0200] {dag.py:3954} INFO - Setting next_dagrun for example_nested_branch_dag to 2024-05-08 00:00:00+00:00, run_after=2024-05-09 00:00:00+00:00
[2024-05-09T13:01:14.439+0200] {processor.py:183} INFO - Processing /home/munya/.local/lib/python3.11/site-packages/airflow/example_dags/example_nested_branch_dag.py took 0.076 seconds
[2024-05-09T13:02:14.052+0200] {processor.py:161} INFO - Started process (PID=265665) to work on /home/munya/.local/lib/python3.11/site-packages/airflow/example_dags/example_nested_branch_dag.py
[2024-05-09T13:02:14.053+0200] {processor.py:830} INFO - Processing file /home/munya/.local/lib/python3.11/site-packages/airflow/example_dags/example_nested_branch_dag.py for tasks to queue
[2024-05-09T13:02:14.053+0200] {logging_mixin.py:188} INFO - [2024-05-09T13:02:14.053+0200] {dagbag.py:540} INFO - Filling up the DagBag from /home/munya/.local/lib/python3.11/site-packages/airflow/example_dags/example_nested_branch_dag.py
[2024-05-09T13:02:14.061+0200] {processor.py:840} INFO - DAG(s) 'example_nested_branch_dag' retrieved from /home/munya/.local/lib/python3.11/site-packages/airflow/example_dags/example_nested_branch_dag.py
[2024-05-09T13:02:14.076+0200] {logging_mixin.py:188} INFO - [2024-05-09T13:02:14.076+0200] {dag.py:3096} INFO - Sync 1 DAGs
[2024-05-09T13:02:14.090+0200] {logging_mixin.py:188} INFO - [2024-05-09T13:02:14.089+0200] {dag.py:3954} INFO - Setting next_dagrun for example_nested_branch_dag to 2024-05-08 00:00:00+00:00, run_after=2024-05-09 00:00:00+00:00
[2024-05-09T13:02:14.110+0200] {processor.py:183} INFO - Processing /home/munya/.local/lib/python3.11/site-packages/airflow/example_dags/example_nested_branch_dag.py took 0.066 seconds
[2024-05-09T13:03:14.032+0200] {processor.py:161} INFO - Started process (PID=266490) to work on /home/munya/.local/lib/python3.11/site-packages/airflow/example_dags/example_nested_branch_dag.py
[2024-05-09T13:03:14.033+0200] {processor.py:830} INFO - Processing file /home/munya/.local/lib/python3.11/site-packages/airflow/example_dags/example_nested_branch_dag.py for tasks to queue
[2024-05-09T13:03:14.034+0200] {logging_mixin.py:188} INFO - [2024-05-09T13:03:14.033+0200] {dagbag.py:540} INFO - Filling up the DagBag from /home/munya/.local/lib/python3.11/site-packages/airflow/example_dags/example_nested_branch_dag.py
[2024-05-09T13:03:14.042+0200] {processor.py:840} INFO - DAG(s) 'example_nested_branch_dag' retrieved from /home/munya/.local/lib/python3.11/site-packages/airflow/example_dags/example_nested_branch_dag.py
[2024-05-09T13:03:14.061+0200] {logging_mixin.py:188} INFO - [2024-05-09T13:03:14.061+0200] {dag.py:3096} INFO - Sync 1 DAGs
[2024-05-09T13:03:14.078+0200] {logging_mixin.py:188} INFO - [2024-05-09T13:03:14.078+0200] {dag.py:3954} INFO - Setting next_dagrun for example_nested_branch_dag to 2024-05-08 00:00:00+00:00, run_after=2024-05-09 00:00:00+00:00
[2024-05-09T13:03:14.096+0200] {processor.py:183} INFO - Processing /home/munya/.local/lib/python3.11/site-packages/airflow/example_dags/example_nested_branch_dag.py took 0.073 seconds
[2024-05-09T13:04:14.324+0200] {processor.py:161} INFO - Started process (PID=267355) to work on /home/munya/.local/lib/python3.11/site-packages/airflow/example_dags/example_nested_branch_dag.py
[2024-05-09T13:04:14.325+0200] {processor.py:830} INFO - Processing file /home/munya/.local/lib/python3.11/site-packages/airflow/example_dags/example_nested_branch_dag.py for tasks to queue
[2024-05-09T13:04:14.326+0200] {logging_mixin.py:188} INFO - [2024-05-09T13:04:14.325+0200] {dagbag.py:540} INFO - Filling up the DagBag from /home/munya/.local/lib/python3.11/site-packages/airflow/example_dags/example_nested_branch_dag.py
[2024-05-09T13:04:14.333+0200] {processor.py:840} INFO - DAG(s) 'example_nested_branch_dag' retrieved from /home/munya/.local/lib/python3.11/site-packages/airflow/example_dags/example_nested_branch_dag.py
[2024-05-09T13:04:14.351+0200] {logging_mixin.py:188} INFO - [2024-05-09T13:04:14.350+0200] {dag.py:3096} INFO - Sync 1 DAGs
[2024-05-09T13:04:14.372+0200] {logging_mixin.py:188} INFO - [2024-05-09T13:04:14.372+0200] {dag.py:3954} INFO - Setting next_dagrun for example_nested_branch_dag to 2024-05-08 00:00:00+00:00, run_after=2024-05-09 00:00:00+00:00
[2024-05-09T13:04:14.392+0200] {processor.py:183} INFO - Processing /home/munya/.local/lib/python3.11/site-packages/airflow/example_dags/example_nested_branch_dag.py took 0.077 seconds
[2024-05-09T13:05:11.361+0200] {processor.py:161} INFO - Started process (PID=268146) to work on /home/munya/.local/lib/python3.11/site-packages/airflow/example_dags/example_nested_branch_dag.py
[2024-05-09T13:05:11.363+0200] {processor.py:830} INFO - Processing file /home/munya/.local/lib/python3.11/site-packages/airflow/example_dags/example_nested_branch_dag.py for tasks to queue
[2024-05-09T13:05:11.364+0200] {logging_mixin.py:188} INFO - [2024-05-09T13:05:11.363+0200] {dagbag.py:540} INFO - Filling up the DagBag from /home/munya/.local/lib/python3.11/site-packages/airflow/example_dags/example_nested_branch_dag.py
[2024-05-09T13:05:11.375+0200] {processor.py:840} INFO - DAG(s) 'example_nested_branch_dag' retrieved from /home/munya/.local/lib/python3.11/site-packages/airflow/example_dags/example_nested_branch_dag.py
[2024-05-09T13:05:11.397+0200] {logging_mixin.py:188} INFO - [2024-05-09T13:05:11.397+0200] {dag.py:3096} INFO - Sync 1 DAGs
[2024-05-09T13:05:11.420+0200] {logging_mixin.py:188} INFO - [2024-05-09T13:05:11.420+0200] {dag.py:3954} INFO - Setting next_dagrun for example_nested_branch_dag to 2024-05-08 00:00:00+00:00, run_after=2024-05-09 00:00:00+00:00
[2024-05-09T13:05:11.448+0200] {processor.py:183} INFO - Processing /home/munya/.local/lib/python3.11/site-packages/airflow/example_dags/example_nested_branch_dag.py took 0.100 seconds
[2024-05-09T13:06:09.440+0200] {processor.py:161} INFO - Started process (PID=268940) to work on /home/munya/.local/lib/python3.11/site-packages/airflow/example_dags/example_nested_branch_dag.py
[2024-05-09T13:06:09.441+0200] {processor.py:830} INFO - Processing file /home/munya/.local/lib/python3.11/site-packages/airflow/example_dags/example_nested_branch_dag.py for tasks to queue
[2024-05-09T13:06:09.442+0200] {logging_mixin.py:188} INFO - [2024-05-09T13:06:09.442+0200] {dagbag.py:540} INFO - Filling up the DagBag from /home/munya/.local/lib/python3.11/site-packages/airflow/example_dags/example_nested_branch_dag.py
[2024-05-09T13:06:09.453+0200] {processor.py:840} INFO - DAG(s) 'example_nested_branch_dag' retrieved from /home/munya/.local/lib/python3.11/site-packages/airflow/example_dags/example_nested_branch_dag.py
[2024-05-09T13:06:09.473+0200] {logging_mixin.py:188} INFO - [2024-05-09T13:06:09.472+0200] {dag.py:3096} INFO - Sync 1 DAGs
[2024-05-09T13:06:09.490+0200] {logging_mixin.py:188} INFO - [2024-05-09T13:06:09.490+0200] {dag.py:3954} INFO - Setting next_dagrun for example_nested_branch_dag to 2024-05-08 00:00:00+00:00, run_after=2024-05-09 00:00:00+00:00
[2024-05-09T13:06:09.516+0200] {processor.py:183} INFO - Processing /home/munya/.local/lib/python3.11/site-packages/airflow/example_dags/example_nested_branch_dag.py took 0.087 seconds
[2024-05-09T13:07:07.273+0200] {processor.py:161} INFO - Started process (PID=269724) to work on /home/munya/.local/lib/python3.11/site-packages/airflow/example_dags/example_nested_branch_dag.py
[2024-05-09T13:07:07.274+0200] {processor.py:830} INFO - Processing file /home/munya/.local/lib/python3.11/site-packages/airflow/example_dags/example_nested_branch_dag.py for tasks to queue
[2024-05-09T13:07:07.275+0200] {logging_mixin.py:188} INFO - [2024-05-09T13:07:07.275+0200] {dagbag.py:540} INFO - Filling up the DagBag from /home/munya/.local/lib/python3.11/site-packages/airflow/example_dags/example_nested_branch_dag.py
[2024-05-09T13:07:07.286+0200] {processor.py:840} INFO - DAG(s) 'example_nested_branch_dag' retrieved from /home/munya/.local/lib/python3.11/site-packages/airflow/example_dags/example_nested_branch_dag.py
[2024-05-09T13:07:07.302+0200] {logging_mixin.py:188} INFO - [2024-05-09T13:07:07.302+0200] {dag.py:3096} INFO - Sync 1 DAGs
[2024-05-09T13:07:07.319+0200] {logging_mixin.py:188} INFO - [2024-05-09T13:07:07.319+0200] {dag.py:3954} INFO - Setting next_dagrun for example_nested_branch_dag to 2024-05-08 00:00:00+00:00, run_after=2024-05-09 00:00:00+00:00
[2024-05-09T13:07:07.338+0200] {processor.py:183} INFO - Processing /home/munya/.local/lib/python3.11/site-packages/airflow/example_dags/example_nested_branch_dag.py took 0.079 seconds
[2024-05-09T13:08:03.609+0200] {processor.py:161} INFO - Started process (PID=270513) to work on /home/munya/.local/lib/python3.11/site-packages/airflow/example_dags/example_nested_branch_dag.py
[2024-05-09T13:08:03.610+0200] {processor.py:830} INFO - Processing file /home/munya/.local/lib/python3.11/site-packages/airflow/example_dags/example_nested_branch_dag.py for tasks to queue
[2024-05-09T13:08:03.611+0200] {logging_mixin.py:188} INFO - [2024-05-09T13:08:03.611+0200] {dagbag.py:540} INFO - Filling up the DagBag from /home/munya/.local/lib/python3.11/site-packages/airflow/example_dags/example_nested_branch_dag.py
[2024-05-09T13:08:03.622+0200] {processor.py:840} INFO - DAG(s) 'example_nested_branch_dag' retrieved from /home/munya/.local/lib/python3.11/site-packages/airflow/example_dags/example_nested_branch_dag.py
[2024-05-09T13:08:03.642+0200] {logging_mixin.py:188} INFO - [2024-05-09T13:08:03.641+0200] {dag.py:3096} INFO - Sync 1 DAGs
[2024-05-09T13:08:03.663+0200] {logging_mixin.py:188} INFO - [2024-05-09T13:08:03.661+0200] {dag.py:3954} INFO - Setting next_dagrun for example_nested_branch_dag to 2024-05-08 00:00:00+00:00, run_after=2024-05-09 00:00:00+00:00
[2024-05-09T13:08:03.687+0200] {processor.py:183} INFO - Processing /home/munya/.local/lib/python3.11/site-packages/airflow/example_dags/example_nested_branch_dag.py took 0.088 seconds
[2024-05-09T13:09:01.289+0200] {processor.py:161} INFO - Started process (PID=271370) to work on /home/munya/.local/lib/python3.11/site-packages/airflow/example_dags/example_nested_branch_dag.py
[2024-05-09T13:09:01.290+0200] {processor.py:830} INFO - Processing file /home/munya/.local/lib/python3.11/site-packages/airflow/example_dags/example_nested_branch_dag.py for tasks to queue
[2024-05-09T13:09:01.291+0200] {logging_mixin.py:188} INFO - [2024-05-09T13:09:01.291+0200] {dagbag.py:540} INFO - Filling up the DagBag from /home/munya/.local/lib/python3.11/site-packages/airflow/example_dags/example_nested_branch_dag.py
[2024-05-09T13:09:01.300+0200] {processor.py:840} INFO - DAG(s) 'example_nested_branch_dag' retrieved from /home/munya/.local/lib/python3.11/site-packages/airflow/example_dags/example_nested_branch_dag.py
[2024-05-09T13:09:01.322+0200] {logging_mixin.py:188} INFO - [2024-05-09T13:09:01.322+0200] {dag.py:3096} INFO - Sync 1 DAGs
[2024-05-09T13:09:01.343+0200] {logging_mixin.py:188} INFO - [2024-05-09T13:09:01.343+0200] {dag.py:3954} INFO - Setting next_dagrun for example_nested_branch_dag to 2024-05-08 00:00:00+00:00, run_after=2024-05-09 00:00:00+00:00
[2024-05-09T13:09:01.367+0200] {processor.py:183} INFO - Processing /home/munya/.local/lib/python3.11/site-packages/airflow/example_dags/example_nested_branch_dag.py took 0.089 seconds
[2024-05-09T13:09:57.368+0200] {processor.py:161} INFO - Started process (PID=272141) to work on /home/munya/.local/lib/python3.11/site-packages/airflow/example_dags/example_nested_branch_dag.py
[2024-05-09T13:09:57.370+0200] {processor.py:830} INFO - Processing file /home/munya/.local/lib/python3.11/site-packages/airflow/example_dags/example_nested_branch_dag.py for tasks to queue
[2024-05-09T13:09:57.371+0200] {logging_mixin.py:188} INFO - [2024-05-09T13:09:57.370+0200] {dagbag.py:540} INFO - Filling up the DagBag from /home/munya/.local/lib/python3.11/site-packages/airflow/example_dags/example_nested_branch_dag.py
[2024-05-09T13:09:57.378+0200] {processor.py:840} INFO - DAG(s) 'example_nested_branch_dag' retrieved from /home/munya/.local/lib/python3.11/site-packages/airflow/example_dags/example_nested_branch_dag.py
[2024-05-09T13:09:57.396+0200] {logging_mixin.py:188} INFO - [2024-05-09T13:09:57.396+0200] {dag.py:3096} INFO - Sync 1 DAGs
[2024-05-09T13:09:57.414+0200] {logging_mixin.py:188} INFO - [2024-05-09T13:09:57.414+0200] {dag.py:3954} INFO - Setting next_dagrun for example_nested_branch_dag to 2024-05-08 00:00:00+00:00, run_after=2024-05-09 00:00:00+00:00
[2024-05-09T13:09:57.433+0200] {processor.py:183} INFO - Processing /home/munya/.local/lib/python3.11/site-packages/airflow/example_dags/example_nested_branch_dag.py took 0.074 seconds
[2024-05-09T13:10:54.336+0200] {processor.py:161} INFO - Started process (PID=272940) to work on /home/munya/.local/lib/python3.11/site-packages/airflow/example_dags/example_nested_branch_dag.py
[2024-05-09T13:10:54.337+0200] {processor.py:830} INFO - Processing file /home/munya/.local/lib/python3.11/site-packages/airflow/example_dags/example_nested_branch_dag.py for tasks to queue
[2024-05-09T13:10:54.339+0200] {logging_mixin.py:188} INFO - [2024-05-09T13:10:54.338+0200] {dagbag.py:540} INFO - Filling up the DagBag from /home/munya/.local/lib/python3.11/site-packages/airflow/example_dags/example_nested_branch_dag.py
[2024-05-09T13:10:54.354+0200] {processor.py:840} INFO - DAG(s) 'example_nested_branch_dag' retrieved from /home/munya/.local/lib/python3.11/site-packages/airflow/example_dags/example_nested_branch_dag.py
[2024-05-09T13:10:54.386+0200] {logging_mixin.py:188} INFO - [2024-05-09T13:10:54.386+0200] {dag.py:3096} INFO - Sync 1 DAGs
[2024-05-09T13:10:54.412+0200] {logging_mixin.py:188} INFO - [2024-05-09T13:10:54.412+0200] {dag.py:3954} INFO - Setting next_dagrun for example_nested_branch_dag to 2024-05-08 00:00:00+00:00, run_after=2024-05-09 00:00:00+00:00
[2024-05-09T13:10:54.436+0200] {processor.py:183} INFO - Processing /home/munya/.local/lib/python3.11/site-packages/airflow/example_dags/example_nested_branch_dag.py took 0.118 seconds
[2024-05-09T13:11:50.641+0200] {processor.py:161} INFO - Started process (PID=273695) to work on /home/munya/.local/lib/python3.11/site-packages/airflow/example_dags/example_nested_branch_dag.py
[2024-05-09T13:11:50.642+0200] {processor.py:830} INFO - Processing file /home/munya/.local/lib/python3.11/site-packages/airflow/example_dags/example_nested_branch_dag.py for tasks to queue
[2024-05-09T13:11:50.642+0200] {logging_mixin.py:188} INFO - [2024-05-09T13:11:50.642+0200] {dagbag.py:540} INFO - Filling up the DagBag from /home/munya/.local/lib/python3.11/site-packages/airflow/example_dags/example_nested_branch_dag.py
[2024-05-09T13:11:50.650+0200] {processor.py:840} INFO - DAG(s) 'example_nested_branch_dag' retrieved from /home/munya/.local/lib/python3.11/site-packages/airflow/example_dags/example_nested_branch_dag.py
[2024-05-09T13:11:50.664+0200] {logging_mixin.py:188} INFO - [2024-05-09T13:11:50.664+0200] {dag.py:3096} INFO - Sync 1 DAGs
[2024-05-09T13:11:50.677+0200] {logging_mixin.py:188} INFO - [2024-05-09T13:11:50.677+0200] {dag.py:3954} INFO - Setting next_dagrun for example_nested_branch_dag to 2024-05-08 00:00:00+00:00, run_after=2024-05-09 00:00:00+00:00
[2024-05-09T13:11:50.693+0200] {processor.py:183} INFO - Processing /home/munya/.local/lib/python3.11/site-packages/airflow/example_dags/example_nested_branch_dag.py took 0.060 seconds
[2024-05-09T13:12:53.570+0200] {processor.py:161} INFO - Started process (PID=274568) to work on /home/munya/.local/lib/python3.11/site-packages/airflow/example_dags/example_nested_branch_dag.py
[2024-05-09T13:12:53.572+0200] {processor.py:830} INFO - Processing file /home/munya/.local/lib/python3.11/site-packages/airflow/example_dags/example_nested_branch_dag.py for tasks to queue
[2024-05-09T13:12:53.572+0200] {logging_mixin.py:188} INFO - [2024-05-09T13:12:53.572+0200] {dagbag.py:540} INFO - Filling up the DagBag from /home/munya/.local/lib/python3.11/site-packages/airflow/example_dags/example_nested_branch_dag.py
[2024-05-09T13:12:53.580+0200] {processor.py:840} INFO - DAG(s) 'example_nested_branch_dag' retrieved from /home/munya/.local/lib/python3.11/site-packages/airflow/example_dags/example_nested_branch_dag.py
[2024-05-09T13:12:53.594+0200] {logging_mixin.py:188} INFO - [2024-05-09T13:12:53.593+0200] {dag.py:3096} INFO - Sync 1 DAGs
[2024-05-09T13:12:53.607+0200] {logging_mixin.py:188} INFO - [2024-05-09T13:12:53.607+0200] {dag.py:3954} INFO - Setting next_dagrun for example_nested_branch_dag to 2024-05-08 00:00:00+00:00, run_after=2024-05-09 00:00:00+00:00
[2024-05-09T13:12:53.622+0200] {processor.py:183} INFO - Processing /home/munya/.local/lib/python3.11/site-packages/airflow/example_dags/example_nested_branch_dag.py took 0.060 seconds
[2024-05-09T13:13:52.948+0200] {processor.py:161} INFO - Started process (PID=275409) to work on /home/munya/.local/lib/python3.11/site-packages/airflow/example_dags/example_nested_branch_dag.py
[2024-05-09T13:13:52.950+0200] {processor.py:830} INFO - Processing file /home/munya/.local/lib/python3.11/site-packages/airflow/example_dags/example_nested_branch_dag.py for tasks to queue
[2024-05-09T13:13:52.951+0200] {logging_mixin.py:188} INFO - [2024-05-09T13:13:52.950+0200] {dagbag.py:540} INFO - Filling up the DagBag from /home/munya/.local/lib/python3.11/site-packages/airflow/example_dags/example_nested_branch_dag.py
[2024-05-09T13:13:52.961+0200] {processor.py:840} INFO - DAG(s) 'example_nested_branch_dag' retrieved from /home/munya/.local/lib/python3.11/site-packages/airflow/example_dags/example_nested_branch_dag.py
[2024-05-09T13:13:52.979+0200] {logging_mixin.py:188} INFO - [2024-05-09T13:13:52.979+0200] {dag.py:3096} INFO - Sync 1 DAGs
[2024-05-09T13:13:52.998+0200] {logging_mixin.py:188} INFO - [2024-05-09T13:13:52.998+0200] {dag.py:3954} INFO - Setting next_dagrun for example_nested_branch_dag to 2024-05-08 00:00:00+00:00, run_after=2024-05-09 00:00:00+00:00
[2024-05-09T13:13:53.016+0200] {processor.py:183} INFO - Processing /home/munya/.local/lib/python3.11/site-packages/airflow/example_dags/example_nested_branch_dag.py took 0.107 seconds
[2024-05-09T13:14:55.358+0200] {processor.py:161} INFO - Started process (PID=276266) to work on /home/munya/.local/lib/python3.11/site-packages/airflow/example_dags/example_nested_branch_dag.py
[2024-05-09T13:14:55.359+0200] {processor.py:830} INFO - Processing file /home/munya/.local/lib/python3.11/site-packages/airflow/example_dags/example_nested_branch_dag.py for tasks to queue
[2024-05-09T13:14:55.360+0200] {logging_mixin.py:188} INFO - [2024-05-09T13:14:55.360+0200] {dagbag.py:540} INFO - Filling up the DagBag from /home/munya/.local/lib/python3.11/site-packages/airflow/example_dags/example_nested_branch_dag.py
[2024-05-09T13:14:55.369+0200] {processor.py:840} INFO - DAG(s) 'example_nested_branch_dag' retrieved from /home/munya/.local/lib/python3.11/site-packages/airflow/example_dags/example_nested_branch_dag.py
[2024-05-09T13:14:55.385+0200] {logging_mixin.py:188} INFO - [2024-05-09T13:14:55.385+0200] {dag.py:3096} INFO - Sync 1 DAGs
[2024-05-09T13:14:55.401+0200] {logging_mixin.py:188} INFO - [2024-05-09T13:14:55.400+0200] {dag.py:3954} INFO - Setting next_dagrun for example_nested_branch_dag to 2024-05-08 00:00:00+00:00, run_after=2024-05-09 00:00:00+00:00
[2024-05-09T13:14:55.418+0200] {processor.py:183} INFO - Processing /home/munya/.local/lib/python3.11/site-packages/airflow/example_dags/example_nested_branch_dag.py took 0.068 seconds
[2024-05-09T13:15:57.724+0200] {processor.py:161} INFO - Started process (PID=277111) to work on /home/munya/.local/lib/python3.11/site-packages/airflow/example_dags/example_nested_branch_dag.py
[2024-05-09T13:15:57.725+0200] {processor.py:830} INFO - Processing file /home/munya/.local/lib/python3.11/site-packages/airflow/example_dags/example_nested_branch_dag.py for tasks to queue
[2024-05-09T13:15:57.726+0200] {logging_mixin.py:188} INFO - [2024-05-09T13:15:57.725+0200] {dagbag.py:540} INFO - Filling up the DagBag from /home/munya/.local/lib/python3.11/site-packages/airflow/example_dags/example_nested_branch_dag.py
[2024-05-09T13:15:57.733+0200] {processor.py:840} INFO - DAG(s) 'example_nested_branch_dag' retrieved from /home/munya/.local/lib/python3.11/site-packages/airflow/example_dags/example_nested_branch_dag.py
[2024-05-09T13:15:57.746+0200] {logging_mixin.py:188} INFO - [2024-05-09T13:15:57.746+0200] {dag.py:3096} INFO - Sync 1 DAGs
[2024-05-09T13:15:57.759+0200] {logging_mixin.py:188} INFO - [2024-05-09T13:15:57.759+0200] {dag.py:3954} INFO - Setting next_dagrun for example_nested_branch_dag to 2024-05-08 00:00:00+00:00, run_after=2024-05-09 00:00:00+00:00
[2024-05-09T13:15:57.775+0200] {processor.py:183} INFO - Processing /home/munya/.local/lib/python3.11/site-packages/airflow/example_dags/example_nested_branch_dag.py took 0.060 seconds
[2024-05-09T13:17:03.410+0200] {processor.py:161} INFO - Started process (PID=278051) to work on /home/munya/.local/lib/python3.11/site-packages/airflow/example_dags/example_nested_branch_dag.py
[2024-05-09T13:17:03.411+0200] {processor.py:830} INFO - Processing file /home/munya/.local/lib/python3.11/site-packages/airflow/example_dags/example_nested_branch_dag.py for tasks to queue
[2024-05-09T13:17:03.412+0200] {logging_mixin.py:188} INFO - [2024-05-09T13:17:03.411+0200] {dagbag.py:540} INFO - Filling up the DagBag from /home/munya/.local/lib/python3.11/site-packages/airflow/example_dags/example_nested_branch_dag.py
[2024-05-09T13:17:03.421+0200] {processor.py:840} INFO - DAG(s) 'example_nested_branch_dag' retrieved from /home/munya/.local/lib/python3.11/site-packages/airflow/example_dags/example_nested_branch_dag.py
[2024-05-09T13:17:03.437+0200] {logging_mixin.py:188} INFO - [2024-05-09T13:17:03.437+0200] {dag.py:3096} INFO - Sync 1 DAGs
[2024-05-09T13:17:03.453+0200] {logging_mixin.py:188} INFO - [2024-05-09T13:17:03.453+0200] {dag.py:3954} INFO - Setting next_dagrun for example_nested_branch_dag to 2024-05-08 00:00:00+00:00, run_after=2024-05-09 00:00:00+00:00
[2024-05-09T13:17:03.471+0200] {processor.py:183} INFO - Processing /home/munya/.local/lib/python3.11/site-packages/airflow/example_dags/example_nested_branch_dag.py took 0.069 seconds
[2024-05-09T13:18:09.595+0200] {processor.py:161} INFO - Started process (PID=278981) to work on /home/munya/.local/lib/python3.11/site-packages/airflow/example_dags/example_nested_branch_dag.py
[2024-05-09T13:18:09.596+0200] {processor.py:830} INFO - Processing file /home/munya/.local/lib/python3.11/site-packages/airflow/example_dags/example_nested_branch_dag.py for tasks to queue
[2024-05-09T13:18:09.597+0200] {logging_mixin.py:188} INFO - [2024-05-09T13:18:09.597+0200] {dagbag.py:540} INFO - Filling up the DagBag from /home/munya/.local/lib/python3.11/site-packages/airflow/example_dags/example_nested_branch_dag.py
[2024-05-09T13:18:09.604+0200] {processor.py:840} INFO - DAG(s) 'example_nested_branch_dag' retrieved from /home/munya/.local/lib/python3.11/site-packages/airflow/example_dags/example_nested_branch_dag.py
[2024-05-09T13:18:09.619+0200] {logging_mixin.py:188} INFO - [2024-05-09T13:18:09.619+0200] {dag.py:3096} INFO - Sync 1 DAGs
[2024-05-09T13:18:09.633+0200] {logging_mixin.py:188} INFO - [2024-05-09T13:18:09.633+0200] {dag.py:3954} INFO - Setting next_dagrun for example_nested_branch_dag to 2024-05-08 00:00:00+00:00, run_after=2024-05-09 00:00:00+00:00
[2024-05-09T13:18:09.649+0200] {processor.py:183} INFO - Processing /home/munya/.local/lib/python3.11/site-packages/airflow/example_dags/example_nested_branch_dag.py took 0.061 seconds
[2024-05-09T13:19:13.948+0200] {processor.py:161} INFO - Started process (PID=279886) to work on /home/munya/.local/lib/python3.11/site-packages/airflow/example_dags/example_nested_branch_dag.py
[2024-05-09T13:19:13.948+0200] {processor.py:830} INFO - Processing file /home/munya/.local/lib/python3.11/site-packages/airflow/example_dags/example_nested_branch_dag.py for tasks to queue
[2024-05-09T13:19:13.949+0200] {logging_mixin.py:188} INFO - [2024-05-09T13:19:13.949+0200] {dagbag.py:540} INFO - Filling up the DagBag from /home/munya/.local/lib/python3.11/site-packages/airflow/example_dags/example_nested_branch_dag.py
[2024-05-09T13:19:13.957+0200] {processor.py:840} INFO - DAG(s) 'example_nested_branch_dag' retrieved from /home/munya/.local/lib/python3.11/site-packages/airflow/example_dags/example_nested_branch_dag.py
[2024-05-09T13:19:13.972+0200] {logging_mixin.py:188} INFO - [2024-05-09T13:19:13.971+0200] {dag.py:3096} INFO - Sync 1 DAGs
[2024-05-09T13:19:13.988+0200] {logging_mixin.py:188} INFO - [2024-05-09T13:19:13.987+0200] {dag.py:3954} INFO - Setting next_dagrun for example_nested_branch_dag to 2024-05-08 00:00:00+00:00, run_after=2024-05-09 00:00:00+00:00
[2024-05-09T13:19:14.004+0200] {processor.py:183} INFO - Processing /home/munya/.local/lib/python3.11/site-packages/airflow/example_dags/example_nested_branch_dag.py took 0.065 seconds
[2024-05-09T13:20:15.304+0200] {processor.py:161} INFO - Started process (PID=280739) to work on /home/munya/.local/lib/python3.11/site-packages/airflow/example_dags/example_nested_branch_dag.py
[2024-05-09T13:20:15.305+0200] {processor.py:830} INFO - Processing file /home/munya/.local/lib/python3.11/site-packages/airflow/example_dags/example_nested_branch_dag.py for tasks to queue
[2024-05-09T13:20:15.306+0200] {logging_mixin.py:188} INFO - [2024-05-09T13:20:15.306+0200] {dagbag.py:540} INFO - Filling up the DagBag from /home/munya/.local/lib/python3.11/site-packages/airflow/example_dags/example_nested_branch_dag.py
[2024-05-09T13:20:15.313+0200] {processor.py:840} INFO - DAG(s) 'example_nested_branch_dag' retrieved from /home/munya/.local/lib/python3.11/site-packages/airflow/example_dags/example_nested_branch_dag.py
[2024-05-09T13:20:15.327+0200] {logging_mixin.py:188} INFO - [2024-05-09T13:20:15.326+0200] {dag.py:3096} INFO - Sync 1 DAGs
[2024-05-09T13:20:15.340+0200] {logging_mixin.py:188} INFO - [2024-05-09T13:20:15.340+0200] {dag.py:3954} INFO - Setting next_dagrun for example_nested_branch_dag to 2024-05-08 00:00:00+00:00, run_after=2024-05-09 00:00:00+00:00
[2024-05-09T13:20:15.355+0200] {processor.py:183} INFO - Processing /home/munya/.local/lib/python3.11/site-packages/airflow/example_dags/example_nested_branch_dag.py took 0.059 seconds
[2024-05-09T13:21:21.418+0200] {processor.py:161} INFO - Started process (PID=281700) to work on /home/munya/.local/lib/python3.11/site-packages/airflow/example_dags/example_nested_branch_dag.py
[2024-05-09T13:21:21.419+0200] {processor.py:830} INFO - Processing file /home/munya/.local/lib/python3.11/site-packages/airflow/example_dags/example_nested_branch_dag.py for tasks to queue
[2024-05-09T13:21:21.419+0200] {logging_mixin.py:188} INFO - [2024-05-09T13:21:21.419+0200] {dagbag.py:540} INFO - Filling up the DagBag from /home/munya/.local/lib/python3.11/site-packages/airflow/example_dags/example_nested_branch_dag.py
[2024-05-09T13:21:21.427+0200] {processor.py:840} INFO - DAG(s) 'example_nested_branch_dag' retrieved from /home/munya/.local/lib/python3.11/site-packages/airflow/example_dags/example_nested_branch_dag.py
[2024-05-09T13:21:21.442+0200] {logging_mixin.py:188} INFO - [2024-05-09T13:21:21.441+0200] {dag.py:3096} INFO - Sync 1 DAGs
[2024-05-09T13:21:21.455+0200] {logging_mixin.py:188} INFO - [2024-05-09T13:21:21.455+0200] {dag.py:3954} INFO - Setting next_dagrun for example_nested_branch_dag to 2024-05-08 00:00:00+00:00, run_after=2024-05-09 00:00:00+00:00
[2024-05-09T13:21:21.471+0200] {processor.py:183} INFO - Processing /home/munya/.local/lib/python3.11/site-packages/airflow/example_dags/example_nested_branch_dag.py took 0.061 seconds
[2024-05-09T13:22:25.552+0200] {processor.py:161} INFO - Started process (PID=282592) to work on /home/munya/.local/lib/python3.11/site-packages/airflow/example_dags/example_nested_branch_dag.py
[2024-05-09T13:22:25.556+0200] {processor.py:830} INFO - Processing file /home/munya/.local/lib/python3.11/site-packages/airflow/example_dags/example_nested_branch_dag.py for tasks to queue
[2024-05-09T13:22:25.559+0200] {logging_mixin.py:188} INFO - [2024-05-09T13:22:25.558+0200] {dagbag.py:540} INFO - Filling up the DagBag from /home/munya/.local/lib/python3.11/site-packages/airflow/example_dags/example_nested_branch_dag.py
[2024-05-09T13:22:25.599+0200] {processor.py:840} INFO - DAG(s) 'example_nested_branch_dag' retrieved from /home/munya/.local/lib/python3.11/site-packages/airflow/example_dags/example_nested_branch_dag.py
[2024-05-09T13:22:25.675+0200] {logging_mixin.py:188} INFO - [2024-05-09T13:22:25.674+0200] {dag.py:3096} INFO - Sync 1 DAGs
[2024-05-09T13:22:25.760+0200] {logging_mixin.py:188} INFO - [2024-05-09T13:22:25.759+0200] {dag.py:3954} INFO - Setting next_dagrun for example_nested_branch_dag to 2024-05-08 00:00:00+00:00, run_after=2024-05-09 00:00:00+00:00
[2024-05-09T13:22:25.854+0200] {processor.py:183} INFO - Processing /home/munya/.local/lib/python3.11/site-packages/airflow/example_dags/example_nested_branch_dag.py took 0.352 seconds
[2024-05-09T13:23:29.728+0200] {processor.py:161} INFO - Started process (PID=283460) to work on /home/munya/.local/lib/python3.11/site-packages/airflow/example_dags/example_nested_branch_dag.py
[2024-05-09T13:23:29.729+0200] {processor.py:830} INFO - Processing file /home/munya/.local/lib/python3.11/site-packages/airflow/example_dags/example_nested_branch_dag.py for tasks to queue
[2024-05-09T13:23:29.730+0200] {logging_mixin.py:188} INFO - [2024-05-09T13:23:29.730+0200] {dagbag.py:540} INFO - Filling up the DagBag from /home/munya/.local/lib/python3.11/site-packages/airflow/example_dags/example_nested_branch_dag.py
[2024-05-09T13:23:29.738+0200] {processor.py:840} INFO - DAG(s) 'example_nested_branch_dag' retrieved from /home/munya/.local/lib/python3.11/site-packages/airflow/example_dags/example_nested_branch_dag.py
[2024-05-09T13:23:29.754+0200] {logging_mixin.py:188} INFO - [2024-05-09T13:23:29.754+0200] {dag.py:3096} INFO - Sync 1 DAGs
[2024-05-09T13:23:29.770+0200] {logging_mixin.py:188} INFO - [2024-05-09T13:23:29.770+0200] {dag.py:3954} INFO - Setting next_dagrun for example_nested_branch_dag to 2024-05-08 00:00:00+00:00, run_after=2024-05-09 00:00:00+00:00
[2024-05-09T13:23:29.791+0200] {processor.py:183} INFO - Processing /home/munya/.local/lib/python3.11/site-packages/airflow/example_dags/example_nested_branch_dag.py took 0.070 seconds
[2024-05-09T13:24:30.320+0200] {processor.py:161} INFO - Started process (PID=284291) to work on /home/munya/.local/lib/python3.11/site-packages/airflow/example_dags/example_nested_branch_dag.py
[2024-05-09T13:24:30.321+0200] {processor.py:830} INFO - Processing file /home/munya/.local/lib/python3.11/site-packages/airflow/example_dags/example_nested_branch_dag.py for tasks to queue
[2024-05-09T13:24:30.322+0200] {logging_mixin.py:188} INFO - [2024-05-09T13:24:30.322+0200] {dagbag.py:540} INFO - Filling up the DagBag from /home/munya/.local/lib/python3.11/site-packages/airflow/example_dags/example_nested_branch_dag.py
[2024-05-09T13:24:30.330+0200] {processor.py:840} INFO - DAG(s) 'example_nested_branch_dag' retrieved from /home/munya/.local/lib/python3.11/site-packages/airflow/example_dags/example_nested_branch_dag.py
[2024-05-09T13:24:30.346+0200] {logging_mixin.py:188} INFO - [2024-05-09T13:24:30.346+0200] {dag.py:3096} INFO - Sync 1 DAGs
[2024-05-09T13:24:30.362+0200] {logging_mixin.py:188} INFO - [2024-05-09T13:24:30.362+0200] {dag.py:3954} INFO - Setting next_dagrun for example_nested_branch_dag to 2024-05-08 00:00:00+00:00, run_after=2024-05-09 00:00:00+00:00
[2024-05-09T13:24:30.382+0200] {processor.py:183} INFO - Processing /home/munya/.local/lib/python3.11/site-packages/airflow/example_dags/example_nested_branch_dag.py took 0.073 seconds
[2024-05-09T13:25:28.878+0200] {processor.py:161} INFO - Started process (PID=285081) to work on /home/munya/.local/lib/python3.11/site-packages/airflow/example_dags/example_nested_branch_dag.py
[2024-05-09T13:25:28.878+0200] {processor.py:830} INFO - Processing file /home/munya/.local/lib/python3.11/site-packages/airflow/example_dags/example_nested_branch_dag.py for tasks to queue
[2024-05-09T13:25:28.879+0200] {logging_mixin.py:188} INFO - [2024-05-09T13:25:28.879+0200] {dagbag.py:540} INFO - Filling up the DagBag from /home/munya/.local/lib/python3.11/site-packages/airflow/example_dags/example_nested_branch_dag.py
[2024-05-09T13:25:28.888+0200] {processor.py:840} INFO - DAG(s) 'example_nested_branch_dag' retrieved from /home/munya/.local/lib/python3.11/site-packages/airflow/example_dags/example_nested_branch_dag.py
[2024-05-09T13:25:28.909+0200] {logging_mixin.py:188} INFO - [2024-05-09T13:25:28.909+0200] {dag.py:3096} INFO - Sync 1 DAGs
[2024-05-09T13:25:28.930+0200] {logging_mixin.py:188} INFO - [2024-05-09T13:25:28.929+0200] {dag.py:3954} INFO - Setting next_dagrun for example_nested_branch_dag to 2024-05-08 00:00:00+00:00, run_after=2024-05-09 00:00:00+00:00
[2024-05-09T13:25:28.951+0200] {processor.py:183} INFO - Processing /home/munya/.local/lib/python3.11/site-packages/airflow/example_dags/example_nested_branch_dag.py took 0.084 seconds
[2024-05-09T13:26:31.450+0200] {processor.py:161} INFO - Started process (PID=285959) to work on /home/munya/.local/lib/python3.11/site-packages/airflow/example_dags/example_nested_branch_dag.py
[2024-05-09T13:26:31.451+0200] {processor.py:830} INFO - Processing file /home/munya/.local/lib/python3.11/site-packages/airflow/example_dags/example_nested_branch_dag.py for tasks to queue
[2024-05-09T13:26:31.452+0200] {logging_mixin.py:188} INFO - [2024-05-09T13:26:31.452+0200] {dagbag.py:540} INFO - Filling up the DagBag from /home/munya/.local/lib/python3.11/site-packages/airflow/example_dags/example_nested_branch_dag.py
[2024-05-09T13:26:31.463+0200] {processor.py:840} INFO - DAG(s) 'example_nested_branch_dag' retrieved from /home/munya/.local/lib/python3.11/site-packages/airflow/example_dags/example_nested_branch_dag.py
[2024-05-09T13:26:31.483+0200] {logging_mixin.py:188} INFO - [2024-05-09T13:26:31.483+0200] {dag.py:3096} INFO - Sync 1 DAGs
[2024-05-09T13:26:31.502+0200] {logging_mixin.py:188} INFO - [2024-05-09T13:26:31.501+0200] {dag.py:3954} INFO - Setting next_dagrun for example_nested_branch_dag to 2024-05-08 00:00:00+00:00, run_after=2024-05-09 00:00:00+00:00
[2024-05-09T13:26:31.526+0200] {processor.py:183} INFO - Processing /home/munya/.local/lib/python3.11/site-packages/airflow/example_dags/example_nested_branch_dag.py took 0.084 seconds
[2024-05-09T13:27:33.100+0200] {processor.py:161} INFO - Started process (PID=286778) to work on /home/munya/.local/lib/python3.11/site-packages/airflow/example_dags/example_nested_branch_dag.py
[2024-05-09T13:27:33.101+0200] {processor.py:830} INFO - Processing file /home/munya/.local/lib/python3.11/site-packages/airflow/example_dags/example_nested_branch_dag.py for tasks to queue
[2024-05-09T13:27:33.102+0200] {logging_mixin.py:188} INFO - [2024-05-09T13:27:33.101+0200] {dagbag.py:540} INFO - Filling up the DagBag from /home/munya/.local/lib/python3.11/site-packages/airflow/example_dags/example_nested_branch_dag.py
[2024-05-09T13:27:33.111+0200] {processor.py:840} INFO - DAG(s) 'example_nested_branch_dag' retrieved from /home/munya/.local/lib/python3.11/site-packages/airflow/example_dags/example_nested_branch_dag.py
[2024-05-09T13:27:33.132+0200] {logging_mixin.py:188} INFO - [2024-05-09T13:27:33.132+0200] {dag.py:3096} INFO - Sync 1 DAGs
[2024-05-09T13:27:33.151+0200] {logging_mixin.py:188} INFO - [2024-05-09T13:27:33.150+0200] {dag.py:3954} INFO - Setting next_dagrun for example_nested_branch_dag to 2024-05-08 00:00:00+00:00, run_after=2024-05-09 00:00:00+00:00
[2024-05-09T13:27:33.176+0200] {processor.py:183} INFO - Processing /home/munya/.local/lib/python3.11/site-packages/airflow/example_dags/example_nested_branch_dag.py took 0.089 seconds
[2024-05-09T13:28:38.590+0200] {processor.py:161} INFO - Started process (PID=287669) to work on /home/munya/.local/lib/python3.11/site-packages/airflow/example_dags/example_nested_branch_dag.py
[2024-05-09T13:28:38.591+0200] {processor.py:830} INFO - Processing file /home/munya/.local/lib/python3.11/site-packages/airflow/example_dags/example_nested_branch_dag.py for tasks to queue
[2024-05-09T13:28:38.592+0200] {logging_mixin.py:188} INFO - [2024-05-09T13:28:38.592+0200] {dagbag.py:540} INFO - Filling up the DagBag from /home/munya/.local/lib/python3.11/site-packages/airflow/example_dags/example_nested_branch_dag.py
[2024-05-09T13:28:38.604+0200] {processor.py:840} INFO - DAG(s) 'example_nested_branch_dag' retrieved from /home/munya/.local/lib/python3.11/site-packages/airflow/example_dags/example_nested_branch_dag.py
[2024-05-09T13:28:38.626+0200] {logging_mixin.py:188} INFO - [2024-05-09T13:28:38.626+0200] {dag.py:3096} INFO - Sync 1 DAGs
[2024-05-09T13:28:38.648+0200] {logging_mixin.py:188} INFO - [2024-05-09T13:28:38.647+0200] {dag.py:3954} INFO - Setting next_dagrun for example_nested_branch_dag to 2024-05-08 00:00:00+00:00, run_after=2024-05-09 00:00:00+00:00
[2024-05-09T13:28:38.673+0200] {processor.py:183} INFO - Processing /home/munya/.local/lib/python3.11/site-packages/airflow/example_dags/example_nested_branch_dag.py took 0.094 seconds
[2024-05-09T13:29:43.804+0200] {processor.py:161} INFO - Started process (PID=288562) to work on /home/munya/.local/lib/python3.11/site-packages/airflow/example_dags/example_nested_branch_dag.py
[2024-05-09T13:29:43.805+0200] {processor.py:830} INFO - Processing file /home/munya/.local/lib/python3.11/site-packages/airflow/example_dags/example_nested_branch_dag.py for tasks to queue
[2024-05-09T13:29:43.806+0200] {logging_mixin.py:188} INFO - [2024-05-09T13:29:43.805+0200] {dagbag.py:540} INFO - Filling up the DagBag from /home/munya/.local/lib/python3.11/site-packages/airflow/example_dags/example_nested_branch_dag.py
[2024-05-09T13:29:43.817+0200] {processor.py:840} INFO - DAG(s) 'example_nested_branch_dag' retrieved from /home/munya/.local/lib/python3.11/site-packages/airflow/example_dags/example_nested_branch_dag.py
[2024-05-09T13:29:43.836+0200] {logging_mixin.py:188} INFO - [2024-05-09T13:29:43.835+0200] {dag.py:3096} INFO - Sync 1 DAGs
[2024-05-09T13:29:43.857+0200] {logging_mixin.py:188} INFO - [2024-05-09T13:29:43.857+0200] {dag.py:3954} INFO - Setting next_dagrun for example_nested_branch_dag to 2024-05-08 00:00:00+00:00, run_after=2024-05-09 00:00:00+00:00
[2024-05-09T13:29:43.879+0200] {processor.py:183} INFO - Processing /home/munya/.local/lib/python3.11/site-packages/airflow/example_dags/example_nested_branch_dag.py took 0.086 seconds
[2024-05-09T13:30:42.002+0200] {processor.py:161} INFO - Started process (PID=289341) to work on /home/munya/.local/lib/python3.11/site-packages/airflow/example_dags/example_nested_branch_dag.py
[2024-05-09T13:30:42.003+0200] {processor.py:830} INFO - Processing file /home/munya/.local/lib/python3.11/site-packages/airflow/example_dags/example_nested_branch_dag.py for tasks to queue
[2024-05-09T13:30:42.005+0200] {logging_mixin.py:188} INFO - [2024-05-09T13:30:42.004+0200] {dagbag.py:540} INFO - Filling up the DagBag from /home/munya/.local/lib/python3.11/site-packages/airflow/example_dags/example_nested_branch_dag.py
[2024-05-09T13:30:42.019+0200] {processor.py:840} INFO - DAG(s) 'example_nested_branch_dag' retrieved from /home/munya/.local/lib/python3.11/site-packages/airflow/example_dags/example_nested_branch_dag.py
[2024-05-09T13:30:42.048+0200] {logging_mixin.py:188} INFO - [2024-05-09T13:30:42.048+0200] {dag.py:3096} INFO - Sync 1 DAGs
[2024-05-09T13:30:42.079+0200] {logging_mixin.py:188} INFO - [2024-05-09T13:30:42.079+0200] {dag.py:3954} INFO - Setting next_dagrun for example_nested_branch_dag to 2024-05-08 00:00:00+00:00, run_after=2024-05-09 00:00:00+00:00
[2024-05-09T13:30:42.111+0200] {processor.py:183} INFO - Processing /home/munya/.local/lib/python3.11/site-packages/airflow/example_dags/example_nested_branch_dag.py took 0.121 seconds
[2024-05-09T13:31:47.889+0200] {processor.py:161} INFO - Started process (PID=290235) to work on /home/munya/.local/lib/python3.11/site-packages/airflow/example_dags/example_nested_branch_dag.py
[2024-05-09T13:31:47.889+0200] {processor.py:830} INFO - Processing file /home/munya/.local/lib/python3.11/site-packages/airflow/example_dags/example_nested_branch_dag.py for tasks to queue
[2024-05-09T13:31:47.890+0200] {logging_mixin.py:188} INFO - [2024-05-09T13:31:47.890+0200] {dagbag.py:540} INFO - Filling up the DagBag from /home/munya/.local/lib/python3.11/site-packages/airflow/example_dags/example_nested_branch_dag.py
[2024-05-09T13:31:47.900+0200] {processor.py:840} INFO - DAG(s) 'example_nested_branch_dag' retrieved from /home/munya/.local/lib/python3.11/site-packages/airflow/example_dags/example_nested_branch_dag.py
[2024-05-09T13:31:47.918+0200] {logging_mixin.py:188} INFO - [2024-05-09T13:31:47.917+0200] {dag.py:3096} INFO - Sync 1 DAGs
[2024-05-09T13:31:47.937+0200] {logging_mixin.py:188} INFO - [2024-05-09T13:31:47.937+0200] {dag.py:3954} INFO - Setting next_dagrun for example_nested_branch_dag to 2024-05-08 00:00:00+00:00, run_after=2024-05-09 00:00:00+00:00
[2024-05-09T13:31:47.959+0200] {processor.py:183} INFO - Processing /home/munya/.local/lib/python3.11/site-packages/airflow/example_dags/example_nested_branch_dag.py took 0.080 seconds
[2024-05-09T13:32:52.998+0200] {processor.py:161} INFO - Started process (PID=291117) to work on /home/munya/.local/lib/python3.11/site-packages/airflow/example_dags/example_nested_branch_dag.py
[2024-05-09T13:32:52.999+0200] {processor.py:830} INFO - Processing file /home/munya/.local/lib/python3.11/site-packages/airflow/example_dags/example_nested_branch_dag.py for tasks to queue
[2024-05-09T13:32:53.001+0200] {logging_mixin.py:188} INFO - [2024-05-09T13:32:53.000+0200] {dagbag.py:540} INFO - Filling up the DagBag from /home/munya/.local/lib/python3.11/site-packages/airflow/example_dags/example_nested_branch_dag.py
[2024-05-09T13:32:53.011+0200] {processor.py:840} INFO - DAG(s) 'example_nested_branch_dag' retrieved from /home/munya/.local/lib/python3.11/site-packages/airflow/example_dags/example_nested_branch_dag.py
[2024-05-09T13:32:53.037+0200] {logging_mixin.py:188} INFO - [2024-05-09T13:32:53.037+0200] {dag.py:3096} INFO - Sync 1 DAGs
[2024-05-09T13:32:53.057+0200] {logging_mixin.py:188} INFO - [2024-05-09T13:32:53.057+0200] {dag.py:3954} INFO - Setting next_dagrun for example_nested_branch_dag to 2024-05-08 00:00:00+00:00, run_after=2024-05-09 00:00:00+00:00
[2024-05-09T13:32:53.079+0200] {processor.py:183} INFO - Processing /home/munya/.local/lib/python3.11/site-packages/airflow/example_dags/example_nested_branch_dag.py took 0.095 seconds
[2024-05-09T13:34:31.576+0200] {processor.py:161} INFO - Started process (PID=292459) to work on /home/munya/.local/lib/python3.11/site-packages/airflow/example_dags/example_nested_branch_dag.py
[2024-05-09T13:34:31.577+0200] {processor.py:830} INFO - Processing file /home/munya/.local/lib/python3.11/site-packages/airflow/example_dags/example_nested_branch_dag.py for tasks to queue
[2024-05-09T13:34:31.577+0200] {logging_mixin.py:188} INFO - [2024-05-09T13:34:31.577+0200] {dagbag.py:540} INFO - Filling up the DagBag from /home/munya/.local/lib/python3.11/site-packages/airflow/example_dags/example_nested_branch_dag.py
[2024-05-09T13:34:31.587+0200] {processor.py:840} INFO - DAG(s) 'example_nested_branch_dag' retrieved from /home/munya/.local/lib/python3.11/site-packages/airflow/example_dags/example_nested_branch_dag.py
[2024-05-09T13:34:31.604+0200] {logging_mixin.py:188} INFO - [2024-05-09T13:34:31.603+0200] {dag.py:3096} INFO - Sync 1 DAGs
[2024-05-09T13:34:31.621+0200] {logging_mixin.py:188} INFO - [2024-05-09T13:34:31.621+0200] {dag.py:3954} INFO - Setting next_dagrun for example_nested_branch_dag to 2024-05-08 00:00:00+00:00, run_after=2024-05-09 00:00:00+00:00
[2024-05-09T13:34:31.641+0200] {processor.py:183} INFO - Processing /home/munya/.local/lib/python3.11/site-packages/airflow/example_dags/example_nested_branch_dag.py took 0.073 seconds
[2024-05-09T13:35:38.799+0200] {processor.py:161} INFO - Started process (PID=293385) to work on /home/munya/.local/lib/python3.11/site-packages/airflow/example_dags/example_nested_branch_dag.py
[2024-05-09T13:35:38.800+0200] {processor.py:830} INFO - Processing file /home/munya/.local/lib/python3.11/site-packages/airflow/example_dags/example_nested_branch_dag.py for tasks to queue
[2024-05-09T13:35:38.801+0200] {logging_mixin.py:188} INFO - [2024-05-09T13:35:38.801+0200] {dagbag.py:540} INFO - Filling up the DagBag from /home/munya/.local/lib/python3.11/site-packages/airflow/example_dags/example_nested_branch_dag.py
[2024-05-09T13:35:38.812+0200] {processor.py:840} INFO - DAG(s) 'example_nested_branch_dag' retrieved from /home/munya/.local/lib/python3.11/site-packages/airflow/example_dags/example_nested_branch_dag.py
[2024-05-09T13:35:38.830+0200] {logging_mixin.py:188} INFO - [2024-05-09T13:35:38.830+0200] {dag.py:3096} INFO - Sync 1 DAGs
[2024-05-09T13:35:38.847+0200] {logging_mixin.py:188} INFO - [2024-05-09T13:35:38.847+0200] {dag.py:3954} INFO - Setting next_dagrun for example_nested_branch_dag to 2024-05-08 00:00:00+00:00, run_after=2024-05-09 00:00:00+00:00
[2024-05-09T13:35:38.869+0200] {processor.py:183} INFO - Processing /home/munya/.local/lib/python3.11/site-packages/airflow/example_dags/example_nested_branch_dag.py took 0.082 seconds
[2024-05-09T13:36:43.394+0200] {processor.py:161} INFO - Started process (PID=294209) to work on /home/munya/.local/lib/python3.11/site-packages/airflow/example_dags/example_nested_branch_dag.py
[2024-05-09T13:36:43.395+0200] {processor.py:830} INFO - Processing file /home/munya/.local/lib/python3.11/site-packages/airflow/example_dags/example_nested_branch_dag.py for tasks to queue
[2024-05-09T13:36:43.396+0200] {logging_mixin.py:188} INFO - [2024-05-09T13:36:43.396+0200] {dagbag.py:540} INFO - Filling up the DagBag from /home/munya/.local/lib/python3.11/site-packages/airflow/example_dags/example_nested_branch_dag.py
[2024-05-09T13:36:43.406+0200] {processor.py:840} INFO - DAG(s) 'example_nested_branch_dag' retrieved from /home/munya/.local/lib/python3.11/site-packages/airflow/example_dags/example_nested_branch_dag.py
[2024-05-09T13:36:43.422+0200] {logging_mixin.py:188} INFO - [2024-05-09T13:36:43.421+0200] {dag.py:3096} INFO - Sync 1 DAGs
[2024-05-09T13:36:43.438+0200] {logging_mixin.py:188} INFO - [2024-05-09T13:36:43.437+0200] {dag.py:3954} INFO - Setting next_dagrun for example_nested_branch_dag to 2024-05-08 00:00:00+00:00, run_after=2024-05-09 00:00:00+00:00
[2024-05-09T13:36:43.458+0200] {processor.py:183} INFO - Processing /home/munya/.local/lib/python3.11/site-packages/airflow/example_dags/example_nested_branch_dag.py took 0.074 seconds
[2024-05-09T13:37:55.159+0200] {processor.py:161} INFO - Started process (PID=295162) to work on /home/munya/.local/lib/python3.11/site-packages/airflow/example_dags/example_nested_branch_dag.py
[2024-05-09T13:37:55.160+0200] {processor.py:830} INFO - Processing file /home/munya/.local/lib/python3.11/site-packages/airflow/example_dags/example_nested_branch_dag.py for tasks to queue
[2024-05-09T13:37:55.162+0200] {logging_mixin.py:188} INFO - [2024-05-09T13:37:55.161+0200] {dagbag.py:540} INFO - Filling up the DagBag from /home/munya/.local/lib/python3.11/site-packages/airflow/example_dags/example_nested_branch_dag.py
[2024-05-09T13:37:55.177+0200] {processor.py:840} INFO - DAG(s) 'example_nested_branch_dag' retrieved from /home/munya/.local/lib/python3.11/site-packages/airflow/example_dags/example_nested_branch_dag.py
[2024-05-09T13:37:55.203+0200] {logging_mixin.py:188} INFO - [2024-05-09T13:37:55.202+0200] {dag.py:3096} INFO - Sync 1 DAGs
[2024-05-09T13:37:55.230+0200] {logging_mixin.py:188} INFO - [2024-05-09T13:37:55.230+0200] {dag.py:3954} INFO - Setting next_dagrun for example_nested_branch_dag to 2024-05-08 00:00:00+00:00, run_after=2024-05-09 00:00:00+00:00
[2024-05-09T13:37:55.265+0200] {processor.py:183} INFO - Processing /home/munya/.local/lib/python3.11/site-packages/airflow/example_dags/example_nested_branch_dag.py took 0.123 seconds
[2024-05-09T13:38:58.513+0200] {processor.py:161} INFO - Started process (PID=296006) to work on /home/munya/.local/lib/python3.11/site-packages/airflow/example_dags/example_nested_branch_dag.py
[2024-05-09T13:38:58.514+0200] {processor.py:830} INFO - Processing file /home/munya/.local/lib/python3.11/site-packages/airflow/example_dags/example_nested_branch_dag.py for tasks to queue
[2024-05-09T13:38:58.515+0200] {logging_mixin.py:188} INFO - [2024-05-09T13:38:58.515+0200] {dagbag.py:540} INFO - Filling up the DagBag from /home/munya/.local/lib/python3.11/site-packages/airflow/example_dags/example_nested_branch_dag.py
[2024-05-09T13:38:58.524+0200] {processor.py:840} INFO - DAG(s) 'example_nested_branch_dag' retrieved from /home/munya/.local/lib/python3.11/site-packages/airflow/example_dags/example_nested_branch_dag.py
[2024-05-09T13:38:58.542+0200] {logging_mixin.py:188} INFO - [2024-05-09T13:38:58.542+0200] {dag.py:3096} INFO - Sync 1 DAGs
[2024-05-09T13:38:58.560+0200] {logging_mixin.py:188} INFO - [2024-05-09T13:38:58.559+0200] {dag.py:3954} INFO - Setting next_dagrun for example_nested_branch_dag to 2024-05-08 00:00:00+00:00, run_after=2024-05-09 00:00:00+00:00
[2024-05-09T13:38:58.583+0200] {processor.py:183} INFO - Processing /home/munya/.local/lib/python3.11/site-packages/airflow/example_dags/example_nested_branch_dag.py took 0.079 seconds
[2024-05-09T13:40:09.913+0200] {processor.py:161} INFO - Started process (PID=296981) to work on /home/munya/.local/lib/python3.11/site-packages/airflow/example_dags/example_nested_branch_dag.py
[2024-05-09T13:40:09.914+0200] {processor.py:830} INFO - Processing file /home/munya/.local/lib/python3.11/site-packages/airflow/example_dags/example_nested_branch_dag.py for tasks to queue
[2024-05-09T13:40:09.915+0200] {logging_mixin.py:188} INFO - [2024-05-09T13:40:09.915+0200] {dagbag.py:540} INFO - Filling up the DagBag from /home/munya/.local/lib/python3.11/site-packages/airflow/example_dags/example_nested_branch_dag.py
[2024-05-09T13:40:09.929+0200] {processor.py:840} INFO - DAG(s) 'example_nested_branch_dag' retrieved from /home/munya/.local/lib/python3.11/site-packages/airflow/example_dags/example_nested_branch_dag.py
[2024-05-09T13:40:09.947+0200] {logging_mixin.py:188} INFO - [2024-05-09T13:40:09.946+0200] {dag.py:3096} INFO - Sync 1 DAGs
[2024-05-09T13:40:09.962+0200] {logging_mixin.py:188} INFO - [2024-05-09T13:40:09.962+0200] {dag.py:3954} INFO - Setting next_dagrun for example_nested_branch_dag to 2024-05-08 00:00:00+00:00, run_after=2024-05-09 00:00:00+00:00
[2024-05-09T13:40:09.980+0200] {processor.py:183} INFO - Processing /home/munya/.local/lib/python3.11/site-packages/airflow/example_dags/example_nested_branch_dag.py took 0.079 seconds
[2024-05-09T13:41:14.554+0200] {processor.py:161} INFO - Started process (PID=297790) to work on /home/munya/.local/lib/python3.11/site-packages/airflow/example_dags/example_nested_branch_dag.py
[2024-05-09T13:41:14.555+0200] {processor.py:830} INFO - Processing file /home/munya/.local/lib/python3.11/site-packages/airflow/example_dags/example_nested_branch_dag.py for tasks to queue
[2024-05-09T13:41:14.556+0200] {logging_mixin.py:188} INFO - [2024-05-09T13:41:14.556+0200] {dagbag.py:540} INFO - Filling up the DagBag from /home/munya/.local/lib/python3.11/site-packages/airflow/example_dags/example_nested_branch_dag.py
[2024-05-09T13:41:14.564+0200] {processor.py:840} INFO - DAG(s) 'example_nested_branch_dag' retrieved from /home/munya/.local/lib/python3.11/site-packages/airflow/example_dags/example_nested_branch_dag.py
[2024-05-09T13:41:14.578+0200] {logging_mixin.py:188} INFO - [2024-05-09T13:41:14.578+0200] {dag.py:3096} INFO - Sync 1 DAGs
[2024-05-09T13:41:14.593+0200] {logging_mixin.py:188} INFO - [2024-05-09T13:41:14.592+0200] {dag.py:3954} INFO - Setting next_dagrun for example_nested_branch_dag to 2024-05-08 00:00:00+00:00, run_after=2024-05-09 00:00:00+00:00
[2024-05-09T13:41:14.610+0200] {processor.py:183} INFO - Processing /home/munya/.local/lib/python3.11/site-packages/airflow/example_dags/example_nested_branch_dag.py took 0.063 seconds
[2024-05-09T13:42:19.215+0200] {processor.py:161} INFO - Started process (PID=298557) to work on /home/munya/.local/lib/python3.11/site-packages/airflow/example_dags/example_nested_branch_dag.py
[2024-05-09T13:42:19.215+0200] {processor.py:830} INFO - Processing file /home/munya/.local/lib/python3.11/site-packages/airflow/example_dags/example_nested_branch_dag.py for tasks to queue
[2024-05-09T13:42:19.216+0200] {logging_mixin.py:188} INFO - [2024-05-09T13:42:19.216+0200] {dagbag.py:540} INFO - Filling up the DagBag from /home/munya/.local/lib/python3.11/site-packages/airflow/example_dags/example_nested_branch_dag.py
[2024-05-09T13:42:19.223+0200] {processor.py:840} INFO - DAG(s) 'example_nested_branch_dag' retrieved from /home/munya/.local/lib/python3.11/site-packages/airflow/example_dags/example_nested_branch_dag.py
[2024-05-09T13:42:19.237+0200] {logging_mixin.py:188} INFO - [2024-05-09T13:42:19.236+0200] {dag.py:3096} INFO - Sync 1 DAGs
[2024-05-09T13:42:19.250+0200] {logging_mixin.py:188} INFO - [2024-05-09T13:42:19.250+0200] {dag.py:3954} INFO - Setting next_dagrun for example_nested_branch_dag to 2024-05-08 00:00:00+00:00, run_after=2024-05-09 00:00:00+00:00
[2024-05-09T13:42:19.273+0200] {processor.py:183} INFO - Processing /home/munya/.local/lib/python3.11/site-packages/airflow/example_dags/example_nested_branch_dag.py took 0.066 seconds
[2024-05-09T13:43:21.928+0200] {processor.py:161} INFO - Started process (PID=299306) to work on /home/munya/.local/lib/python3.11/site-packages/airflow/example_dags/example_nested_branch_dag.py
[2024-05-09T13:43:21.929+0200] {processor.py:830} INFO - Processing file /home/munya/.local/lib/python3.11/site-packages/airflow/example_dags/example_nested_branch_dag.py for tasks to queue
[2024-05-09T13:43:21.930+0200] {logging_mixin.py:188} INFO - [2024-05-09T13:43:21.929+0200] {dagbag.py:540} INFO - Filling up the DagBag from /home/munya/.local/lib/python3.11/site-packages/airflow/example_dags/example_nested_branch_dag.py
[2024-05-09T13:43:21.937+0200] {processor.py:840} INFO - DAG(s) 'example_nested_branch_dag' retrieved from /home/munya/.local/lib/python3.11/site-packages/airflow/example_dags/example_nested_branch_dag.py
[2024-05-09T13:43:21.950+0200] {logging_mixin.py:188} INFO - [2024-05-09T13:43:21.950+0200] {dag.py:3096} INFO - Sync 1 DAGs
[2024-05-09T13:43:21.964+0200] {logging_mixin.py:188} INFO - [2024-05-09T13:43:21.964+0200] {dag.py:3954} INFO - Setting next_dagrun for example_nested_branch_dag to 2024-05-08 00:00:00+00:00, run_after=2024-05-09 00:00:00+00:00
[2024-05-09T13:43:21.983+0200] {processor.py:183} INFO - Processing /home/munya/.local/lib/python3.11/site-packages/airflow/example_dags/example_nested_branch_dag.py took 0.062 seconds
[2024-05-09T13:44:25.563+0200] {processor.py:161} INFO - Started process (PID=300061) to work on /home/munya/.local/lib/python3.11/site-packages/airflow/example_dags/example_nested_branch_dag.py
[2024-05-09T13:44:25.566+0200] {processor.py:830} INFO - Processing file /home/munya/.local/lib/python3.11/site-packages/airflow/example_dags/example_nested_branch_dag.py for tasks to queue
[2024-05-09T13:44:25.569+0200] {logging_mixin.py:188} INFO - [2024-05-09T13:44:25.568+0200] {dagbag.py:540} INFO - Filling up the DagBag from /home/munya/.local/lib/python3.11/site-packages/airflow/example_dags/example_nested_branch_dag.py
[2024-05-09T13:44:25.606+0200] {processor.py:840} INFO - DAG(s) 'example_nested_branch_dag' retrieved from /home/munya/.local/lib/python3.11/site-packages/airflow/example_dags/example_nested_branch_dag.py
[2024-05-09T13:44:25.669+0200] {logging_mixin.py:188} INFO - [2024-05-09T13:44:25.669+0200] {dag.py:3096} INFO - Sync 1 DAGs
[2024-05-09T13:44:25.722+0200] {logging_mixin.py:188} INFO - [2024-05-09T13:44:25.721+0200] {dag.py:3954} INFO - Setting next_dagrun for example_nested_branch_dag to 2024-05-08 00:00:00+00:00, run_after=2024-05-09 00:00:00+00:00
[2024-05-09T13:44:25.789+0200] {processor.py:183} INFO - Processing /home/munya/.local/lib/python3.11/site-packages/airflow/example_dags/example_nested_branch_dag.py took 0.268 seconds
[2024-05-09T13:45:28.284+0200] {processor.py:161} INFO - Started process (PID=300883) to work on /home/munya/.local/lib/python3.11/site-packages/airflow/example_dags/example_nested_branch_dag.py
[2024-05-09T13:45:28.287+0200] {processor.py:830} INFO - Processing file /home/munya/.local/lib/python3.11/site-packages/airflow/example_dags/example_nested_branch_dag.py for tasks to queue
[2024-05-09T13:45:28.289+0200] {logging_mixin.py:188} INFO - [2024-05-09T13:45:28.288+0200] {dagbag.py:540} INFO - Filling up the DagBag from /home/munya/.local/lib/python3.11/site-packages/airflow/example_dags/example_nested_branch_dag.py
[2024-05-09T13:45:28.322+0200] {processor.py:840} INFO - DAG(s) 'example_nested_branch_dag' retrieved from /home/munya/.local/lib/python3.11/site-packages/airflow/example_dags/example_nested_branch_dag.py
[2024-05-09T13:45:28.387+0200] {logging_mixin.py:188} INFO - [2024-05-09T13:45:28.386+0200] {dag.py:3096} INFO - Sync 1 DAGs
[2024-05-09T13:45:28.451+0200] {logging_mixin.py:188} INFO - [2024-05-09T13:45:28.450+0200] {dag.py:3954} INFO - Setting next_dagrun for example_nested_branch_dag to 2024-05-08 00:00:00+00:00, run_after=2024-05-09 00:00:00+00:00
[2024-05-09T13:45:28.522+0200] {processor.py:183} INFO - Processing /home/munya/.local/lib/python3.11/site-packages/airflow/example_dags/example_nested_branch_dag.py took 0.274 seconds
[2024-05-09T13:46:38.136+0200] {processor.py:161} INFO - Started process (PID=301841) to work on /home/munya/.local/lib/python3.11/site-packages/airflow/example_dags/example_nested_branch_dag.py
[2024-05-09T13:46:38.137+0200] {processor.py:830} INFO - Processing file /home/munya/.local/lib/python3.11/site-packages/airflow/example_dags/example_nested_branch_dag.py for tasks to queue
[2024-05-09T13:46:38.138+0200] {logging_mixin.py:188} INFO - [2024-05-09T13:46:38.138+0200] {dagbag.py:540} INFO - Filling up the DagBag from /home/munya/.local/lib/python3.11/site-packages/airflow/example_dags/example_nested_branch_dag.py
[2024-05-09T13:46:38.147+0200] {processor.py:840} INFO - DAG(s) 'example_nested_branch_dag' retrieved from /home/munya/.local/lib/python3.11/site-packages/airflow/example_dags/example_nested_branch_dag.py
[2024-05-09T13:46:38.165+0200] {logging_mixin.py:188} INFO - [2024-05-09T13:46:38.165+0200] {dag.py:3096} INFO - Sync 1 DAGs
[2024-05-09T13:46:38.185+0200] {logging_mixin.py:188} INFO - [2024-05-09T13:46:38.185+0200] {dag.py:3954} INFO - Setting next_dagrun for example_nested_branch_dag to 2024-05-08 00:00:00+00:00, run_after=2024-05-09 00:00:00+00:00
[2024-05-09T13:46:38.204+0200] {processor.py:183} INFO - Processing /home/munya/.local/lib/python3.11/site-packages/airflow/example_dags/example_nested_branch_dag.py took 0.076 seconds
[2024-05-09T13:47:39.078+0200] {processor.py:161} INFO - Started process (PID=302712) to work on /home/munya/.local/lib/python3.11/site-packages/airflow/example_dags/example_nested_branch_dag.py
[2024-05-09T13:47:39.086+0200] {processor.py:830} INFO - Processing file /home/munya/.local/lib/python3.11/site-packages/airflow/example_dags/example_nested_branch_dag.py for tasks to queue
[2024-05-09T13:47:39.090+0200] {logging_mixin.py:188} INFO - [2024-05-09T13:47:39.088+0200] {dagbag.py:540} INFO - Filling up the DagBag from /home/munya/.local/lib/python3.11/site-packages/airflow/example_dags/example_nested_branch_dag.py
[2024-05-09T13:47:39.133+0200] {processor.py:840} INFO - DAG(s) 'example_nested_branch_dag' retrieved from /home/munya/.local/lib/python3.11/site-packages/airflow/example_dags/example_nested_branch_dag.py
[2024-05-09T13:47:39.201+0200] {logging_mixin.py:188} INFO - [2024-05-09T13:47:39.200+0200] {dag.py:3096} INFO - Sync 1 DAGs
[2024-05-09T13:47:39.284+0200] {logging_mixin.py:188} INFO - [2024-05-09T13:47:39.283+0200] {dag.py:3954} INFO - Setting next_dagrun for example_nested_branch_dag to 2024-05-08 00:00:00+00:00, run_after=2024-05-09 00:00:00+00:00
[2024-05-09T13:47:39.377+0200] {processor.py:183} INFO - Processing /home/munya/.local/lib/python3.11/site-packages/airflow/example_dags/example_nested_branch_dag.py took 0.353 seconds
[2024-05-09T13:48:42.507+0200] {processor.py:161} INFO - Started process (PID=303579) to work on /home/munya/.local/lib/python3.11/site-packages/airflow/example_dags/example_nested_branch_dag.py
[2024-05-09T13:48:42.508+0200] {processor.py:830} INFO - Processing file /home/munya/.local/lib/python3.11/site-packages/airflow/example_dags/example_nested_branch_dag.py for tasks to queue
[2024-05-09T13:48:42.509+0200] {logging_mixin.py:188} INFO - [2024-05-09T13:48:42.508+0200] {dagbag.py:540} INFO - Filling up the DagBag from /home/munya/.local/lib/python3.11/site-packages/airflow/example_dags/example_nested_branch_dag.py
[2024-05-09T13:48:42.516+0200] {processor.py:840} INFO - DAG(s) 'example_nested_branch_dag' retrieved from /home/munya/.local/lib/python3.11/site-packages/airflow/example_dags/example_nested_branch_dag.py
[2024-05-09T13:48:42.532+0200] {logging_mixin.py:188} INFO - [2024-05-09T13:48:42.532+0200] {dag.py:3096} INFO - Sync 1 DAGs
[2024-05-09T13:48:42.551+0200] {logging_mixin.py:188} INFO - [2024-05-09T13:48:42.551+0200] {dag.py:3954} INFO - Setting next_dagrun for example_nested_branch_dag to 2024-05-08 00:00:00+00:00, run_after=2024-05-09 00:00:00+00:00
[2024-05-09T13:48:42.574+0200] {processor.py:183} INFO - Processing /home/munya/.local/lib/python3.11/site-packages/airflow/example_dags/example_nested_branch_dag.py took 0.076 seconds
[2024-05-09T13:49:40.681+0200] {processor.py:161} INFO - Started process (PID=304384) to work on /home/munya/.local/lib/python3.11/site-packages/airflow/example_dags/example_nested_branch_dag.py
[2024-05-09T13:49:40.682+0200] {processor.py:830} INFO - Processing file /home/munya/.local/lib/python3.11/site-packages/airflow/example_dags/example_nested_branch_dag.py for tasks to queue
[2024-05-09T13:49:40.683+0200] {logging_mixin.py:188} INFO - [2024-05-09T13:49:40.683+0200] {dagbag.py:540} INFO - Filling up the DagBag from /home/munya/.local/lib/python3.11/site-packages/airflow/example_dags/example_nested_branch_dag.py
[2024-05-09T13:49:40.697+0200] {processor.py:840} INFO - DAG(s) 'example_nested_branch_dag' retrieved from /home/munya/.local/lib/python3.11/site-packages/airflow/example_dags/example_nested_branch_dag.py
[2024-05-09T13:49:40.723+0200] {logging_mixin.py:188} INFO - [2024-05-09T13:49:40.723+0200] {dag.py:3096} INFO - Sync 1 DAGs
[2024-05-09T13:49:40.748+0200] {logging_mixin.py:188} INFO - [2024-05-09T13:49:40.747+0200] {dag.py:3954} INFO - Setting next_dagrun for example_nested_branch_dag to 2024-05-08 00:00:00+00:00, run_after=2024-05-09 00:00:00+00:00
[2024-05-09T13:49:40.777+0200] {processor.py:183} INFO - Processing /home/munya/.local/lib/python3.11/site-packages/airflow/example_dags/example_nested_branch_dag.py took 0.109 seconds
[2024-05-09T13:50:40.459+0200] {processor.py:161} INFO - Started process (PID=305197) to work on /home/munya/.local/lib/python3.11/site-packages/airflow/example_dags/example_nested_branch_dag.py
[2024-05-09T13:50:40.461+0200] {processor.py:830} INFO - Processing file /home/munya/.local/lib/python3.11/site-packages/airflow/example_dags/example_nested_branch_dag.py for tasks to queue
[2024-05-09T13:50:40.462+0200] {logging_mixin.py:188} INFO - [2024-05-09T13:50:40.461+0200] {dagbag.py:540} INFO - Filling up the DagBag from /home/munya/.local/lib/python3.11/site-packages/airflow/example_dags/example_nested_branch_dag.py
[2024-05-09T13:50:40.471+0200] {processor.py:840} INFO - DAG(s) 'example_nested_branch_dag' retrieved from /home/munya/.local/lib/python3.11/site-packages/airflow/example_dags/example_nested_branch_dag.py
[2024-05-09T13:50:40.491+0200] {logging_mixin.py:188} INFO - [2024-05-09T13:50:40.491+0200] {dag.py:3096} INFO - Sync 1 DAGs
[2024-05-09T13:50:40.510+0200] {logging_mixin.py:188} INFO - [2024-05-09T13:50:40.510+0200] {dag.py:3954} INFO - Setting next_dagrun for example_nested_branch_dag to 2024-05-08 00:00:00+00:00, run_after=2024-05-09 00:00:00+00:00
[2024-05-09T13:50:40.533+0200] {processor.py:183} INFO - Processing /home/munya/.local/lib/python3.11/site-packages/airflow/example_dags/example_nested_branch_dag.py took 0.084 seconds
[2024-05-09T13:51:43.555+0200] {processor.py:161} INFO - Started process (PID=306051) to work on /home/munya/.local/lib/python3.11/site-packages/airflow/example_dags/example_nested_branch_dag.py
[2024-05-09T13:51:43.556+0200] {processor.py:830} INFO - Processing file /home/munya/.local/lib/python3.11/site-packages/airflow/example_dags/example_nested_branch_dag.py for tasks to queue
[2024-05-09T13:51:43.557+0200] {logging_mixin.py:188} INFO - [2024-05-09T13:51:43.557+0200] {dagbag.py:540} INFO - Filling up the DagBag from /home/munya/.local/lib/python3.11/site-packages/airflow/example_dags/example_nested_branch_dag.py
[2024-05-09T13:51:43.566+0200] {processor.py:840} INFO - DAG(s) 'example_nested_branch_dag' retrieved from /home/munya/.local/lib/python3.11/site-packages/airflow/example_dags/example_nested_branch_dag.py
[2024-05-09T13:51:43.583+0200] {logging_mixin.py:188} INFO - [2024-05-09T13:51:43.583+0200] {dag.py:3096} INFO - Sync 1 DAGs
[2024-05-09T13:51:43.601+0200] {logging_mixin.py:188} INFO - [2024-05-09T13:51:43.600+0200] {dag.py:3954} INFO - Setting next_dagrun for example_nested_branch_dag to 2024-05-08 00:00:00+00:00, run_after=2024-05-09 00:00:00+00:00
[2024-05-09T13:51:43.622+0200] {processor.py:183} INFO - Processing /home/munya/.local/lib/python3.11/site-packages/airflow/example_dags/example_nested_branch_dag.py took 0.076 seconds
[2024-05-09T13:52:55.675+0200] {processor.py:161} INFO - Started process (PID=306984) to work on /home/munya/.local/lib/python3.11/site-packages/airflow/example_dags/example_nested_branch_dag.py
[2024-05-09T13:52:55.676+0200] {processor.py:830} INFO - Processing file /home/munya/.local/lib/python3.11/site-packages/airflow/example_dags/example_nested_branch_dag.py for tasks to queue
[2024-05-09T13:52:55.677+0200] {logging_mixin.py:188} INFO - [2024-05-09T13:52:55.677+0200] {dagbag.py:540} INFO - Filling up the DagBag from /home/munya/.local/lib/python3.11/site-packages/airflow/example_dags/example_nested_branch_dag.py
[2024-05-09T13:52:55.690+0200] {processor.py:840} INFO - DAG(s) 'example_nested_branch_dag' retrieved from /home/munya/.local/lib/python3.11/site-packages/airflow/example_dags/example_nested_branch_dag.py
[2024-05-09T13:52:55.715+0200] {logging_mixin.py:188} INFO - [2024-05-09T13:52:55.715+0200] {dag.py:3096} INFO - Sync 1 DAGs
[2024-05-09T13:52:55.739+0200] {logging_mixin.py:188} INFO - [2024-05-09T13:52:55.739+0200] {dag.py:3954} INFO - Setting next_dagrun for example_nested_branch_dag to 2024-05-08 00:00:00+00:00, run_after=2024-05-09 00:00:00+00:00
[2024-05-09T13:52:55.764+0200] {processor.py:183} INFO - Processing /home/munya/.local/lib/python3.11/site-packages/airflow/example_dags/example_nested_branch_dag.py took 0.102 seconds
[2024-05-09T13:54:06.531+0200] {processor.py:161} INFO - Started process (PID=307938) to work on /home/munya/.local/lib/python3.11/site-packages/airflow/example_dags/example_nested_branch_dag.py
[2024-05-09T13:54:06.533+0200] {processor.py:830} INFO - Processing file /home/munya/.local/lib/python3.11/site-packages/airflow/example_dags/example_nested_branch_dag.py for tasks to queue
[2024-05-09T13:54:06.534+0200] {logging_mixin.py:188} INFO - [2024-05-09T13:54:06.533+0200] {dagbag.py:540} INFO - Filling up the DagBag from /home/munya/.local/lib/python3.11/site-packages/airflow/example_dags/example_nested_branch_dag.py
[2024-05-09T13:54:06.546+0200] {processor.py:840} INFO - DAG(s) 'example_nested_branch_dag' retrieved from /home/munya/.local/lib/python3.11/site-packages/airflow/example_dags/example_nested_branch_dag.py
[2024-05-09T13:54:06.568+0200] {logging_mixin.py:188} INFO - [2024-05-09T13:54:06.567+0200] {dag.py:3096} INFO - Sync 1 DAGs
[2024-05-09T13:54:06.592+0200] {logging_mixin.py:188} INFO - [2024-05-09T13:54:06.591+0200] {dag.py:3954} INFO - Setting next_dagrun for example_nested_branch_dag to 2024-05-08 00:00:00+00:00, run_after=2024-05-09 00:00:00+00:00
[2024-05-09T13:54:06.806+0200] {processor.py:183} INFO - Processing /home/munya/.local/lib/python3.11/site-packages/airflow/example_dags/example_nested_branch_dag.py took 0.287 seconds
[2024-05-09T13:55:20.762+0200] {processor.py:161} INFO - Started process (PID=309085) to work on /home/munya/.local/lib/python3.11/site-packages/airflow/example_dags/example_nested_branch_dag.py
[2024-05-09T13:55:20.764+0200] {processor.py:830} INFO - Processing file /home/munya/.local/lib/python3.11/site-packages/airflow/example_dags/example_nested_branch_dag.py for tasks to queue
[2024-05-09T13:55:20.766+0200] {logging_mixin.py:188} INFO - [2024-05-09T13:55:20.766+0200] {dagbag.py:540} INFO - Filling up the DagBag from /home/munya/.local/lib/python3.11/site-packages/airflow/example_dags/example_nested_branch_dag.py
[2024-05-09T13:55:20.788+0200] {processor.py:840} INFO - DAG(s) 'example_nested_branch_dag' retrieved from /home/munya/.local/lib/python3.11/site-packages/airflow/example_dags/example_nested_branch_dag.py
[2024-05-09T13:55:20.830+0200] {logging_mixin.py:188} INFO - [2024-05-09T13:55:20.829+0200] {dag.py:3096} INFO - Sync 1 DAGs
[2024-05-09T13:55:20.874+0200] {logging_mixin.py:188} INFO - [2024-05-09T13:55:20.874+0200] {dag.py:3954} INFO - Setting next_dagrun for example_nested_branch_dag to 2024-05-08 00:00:00+00:00, run_after=2024-05-09 00:00:00+00:00
[2024-05-09T13:55:20.926+0200] {processor.py:183} INFO - Processing /home/munya/.local/lib/python3.11/site-packages/airflow/example_dags/example_nested_branch_dag.py took 0.189 seconds
[2024-05-09T13:59:28.009+0200] {processor.py:161} INFO - Started process (PID=311082) to work on /home/munya/.local/lib/python3.11/site-packages/airflow/example_dags/example_nested_branch_dag.py
[2024-05-09T13:59:28.014+0200] {processor.py:830} INFO - Processing file /home/munya/.local/lib/python3.11/site-packages/airflow/example_dags/example_nested_branch_dag.py for tasks to queue
[2024-05-09T13:59:28.019+0200] {logging_mixin.py:188} INFO - [2024-05-09T13:59:28.016+0200] {dagbag.py:540} INFO - Filling up the DagBag from /home/munya/.local/lib/python3.11/site-packages/airflow/example_dags/example_nested_branch_dag.py
[2024-05-09T13:59:28.046+0200] {processor.py:840} INFO - DAG(s) 'example_nested_branch_dag' retrieved from /home/munya/.local/lib/python3.11/site-packages/airflow/example_dags/example_nested_branch_dag.py
[2024-05-09T13:59:28.102+0200] {logging_mixin.py:188} INFO - [2024-05-09T13:59:28.101+0200] {dag.py:3096} INFO - Sync 1 DAGs
[2024-05-09T13:59:28.154+0200] {logging_mixin.py:188} INFO - [2024-05-09T13:59:28.153+0200] {dag.py:3954} INFO - Setting next_dagrun for example_nested_branch_dag to 2024-05-08 00:00:00+00:00, run_after=2024-05-09 00:00:00+00:00
[2024-05-09T13:59:28.218+0200] {processor.py:183} INFO - Processing /home/munya/.local/lib/python3.11/site-packages/airflow/example_dags/example_nested_branch_dag.py took 0.234 seconds
[2024-05-09T14:01:49.437+0200] {processor.py:161} INFO - Started process (PID=312828) to work on /home/munya/.local/lib/python3.11/site-packages/airflow/example_dags/example_nested_branch_dag.py
[2024-05-09T14:01:49.439+0200] {processor.py:830} INFO - Processing file /home/munya/.local/lib/python3.11/site-packages/airflow/example_dags/example_nested_branch_dag.py for tasks to queue
[2024-05-09T14:01:49.440+0200] {logging_mixin.py:188} INFO - [2024-05-09T14:01:49.440+0200] {dagbag.py:540} INFO - Filling up the DagBag from /home/munya/.local/lib/python3.11/site-packages/airflow/example_dags/example_nested_branch_dag.py
[2024-05-09T14:01:49.461+0200] {processor.py:840} INFO - DAG(s) 'example_nested_branch_dag' retrieved from /home/munya/.local/lib/python3.11/site-packages/airflow/example_dags/example_nested_branch_dag.py
[2024-05-09T14:01:49.494+0200] {logging_mixin.py:188} INFO - [2024-05-09T14:01:49.494+0200] {dag.py:3096} INFO - Sync 1 DAGs
[2024-05-09T14:01:49.528+0200] {logging_mixin.py:188} INFO - [2024-05-09T14:01:49.527+0200] {dag.py:3954} INFO - Setting next_dagrun for example_nested_branch_dag to 2024-05-08 00:00:00+00:00, run_after=2024-05-09 00:00:00+00:00
[2024-05-09T14:01:49.569+0200] {processor.py:183} INFO - Processing /home/munya/.local/lib/python3.11/site-packages/airflow/example_dags/example_nested_branch_dag.py took 0.148 seconds
[2024-05-09T14:03:26.407+0200] {processor.py:161} INFO - Started process (PID=314001) to work on /home/munya/.local/lib/python3.11/site-packages/airflow/example_dags/example_nested_branch_dag.py
[2024-05-09T14:03:26.409+0200] {processor.py:830} INFO - Processing file /home/munya/.local/lib/python3.11/site-packages/airflow/example_dags/example_nested_branch_dag.py for tasks to queue
[2024-05-09T14:03:26.410+0200] {logging_mixin.py:188} INFO - [2024-05-09T14:03:26.409+0200] {dagbag.py:540} INFO - Filling up the DagBag from /home/munya/.local/lib/python3.11/site-packages/airflow/example_dags/example_nested_branch_dag.py
[2024-05-09T14:03:26.432+0200] {processor.py:840} INFO - DAG(s) 'example_nested_branch_dag' retrieved from /home/munya/.local/lib/python3.11/site-packages/airflow/example_dags/example_nested_branch_dag.py
[2024-05-09T14:03:26.770+0200] {logging_mixin.py:188} INFO - [2024-05-09T14:03:26.769+0200] {dag.py:3096} INFO - Sync 1 DAGs
[2024-05-09T14:03:26.793+0200] {logging_mixin.py:188} INFO - [2024-05-09T14:03:26.793+0200] {dag.py:3954} INFO - Setting next_dagrun for example_nested_branch_dag to 2024-05-08 00:00:00+00:00, run_after=2024-05-09 00:00:00+00:00
[2024-05-09T14:03:26.842+0200] {processor.py:183} INFO - Processing /home/munya/.local/lib/python3.11/site-packages/airflow/example_dags/example_nested_branch_dag.py took 0.456 seconds
[2024-05-09T14:04:51.483+0200] {processor.py:161} INFO - Started process (PID=315056) to work on /home/munya/.local/lib/python3.11/site-packages/airflow/example_dags/example_nested_branch_dag.py
[2024-05-09T14:04:51.484+0200] {processor.py:830} INFO - Processing file /home/munya/.local/lib/python3.11/site-packages/airflow/example_dags/example_nested_branch_dag.py for tasks to queue
[2024-05-09T14:04:51.485+0200] {logging_mixin.py:188} INFO - [2024-05-09T14:04:51.485+0200] {dagbag.py:540} INFO - Filling up the DagBag from /home/munya/.local/lib/python3.11/site-packages/airflow/example_dags/example_nested_branch_dag.py
[2024-05-09T14:04:51.499+0200] {processor.py:840} INFO - DAG(s) 'example_nested_branch_dag' retrieved from /home/munya/.local/lib/python3.11/site-packages/airflow/example_dags/example_nested_branch_dag.py
[2024-05-09T14:04:51.525+0200] {logging_mixin.py:188} INFO - [2024-05-09T14:04:51.525+0200] {dag.py:3096} INFO - Sync 1 DAGs
[2024-05-09T14:04:51.742+0200] {logging_mixin.py:188} INFO - [2024-05-09T14:04:51.741+0200] {dag.py:3954} INFO - Setting next_dagrun for example_nested_branch_dag to 2024-05-08 00:00:00+00:00, run_after=2024-05-09 00:00:00+00:00
[2024-05-09T14:04:51.767+0200] {processor.py:183} INFO - Processing /home/munya/.local/lib/python3.11/site-packages/airflow/example_dags/example_nested_branch_dag.py took 0.302 seconds
[2024-05-09T14:06:17.739+0200] {processor.py:161} INFO - Started process (PID=316000) to work on /home/munya/.local/lib/python3.11/site-packages/airflow/example_dags/example_nested_branch_dag.py
[2024-05-09T14:06:17.741+0200] {processor.py:830} INFO - Processing file /home/munya/.local/lib/python3.11/site-packages/airflow/example_dags/example_nested_branch_dag.py for tasks to queue
[2024-05-09T14:06:17.742+0200] {logging_mixin.py:188} INFO - [2024-05-09T14:06:17.742+0200] {dagbag.py:540} INFO - Filling up the DagBag from /home/munya/.local/lib/python3.11/site-packages/airflow/example_dags/example_nested_branch_dag.py
[2024-05-09T14:06:17.762+0200] {processor.py:840} INFO - DAG(s) 'example_nested_branch_dag' retrieved from /home/munya/.local/lib/python3.11/site-packages/airflow/example_dags/example_nested_branch_dag.py
[2024-05-09T14:06:17.800+0200] {logging_mixin.py:188} INFO - [2024-05-09T14:06:17.799+0200] {dag.py:3096} INFO - Sync 1 DAGs
[2024-05-09T14:06:17.847+0200] {logging_mixin.py:188} INFO - [2024-05-09T14:06:17.847+0200] {dag.py:3954} INFO - Setting next_dagrun for example_nested_branch_dag to 2024-05-08 00:00:00+00:00, run_after=2024-05-09 00:00:00+00:00
[2024-05-09T14:06:17.897+0200] {processor.py:183} INFO - Processing /home/munya/.local/lib/python3.11/site-packages/airflow/example_dags/example_nested_branch_dag.py took 0.178 seconds
[2024-05-09T14:07:25.962+0200] {processor.py:161} INFO - Started process (PID=316842) to work on /home/munya/.local/lib/python3.11/site-packages/airflow/example_dags/example_nested_branch_dag.py
[2024-05-09T14:07:25.963+0200] {processor.py:830} INFO - Processing file /home/munya/.local/lib/python3.11/site-packages/airflow/example_dags/example_nested_branch_dag.py for tasks to queue
[2024-05-09T14:07:25.965+0200] {logging_mixin.py:188} INFO - [2024-05-09T14:07:25.964+0200] {dagbag.py:540} INFO - Filling up the DagBag from /home/munya/.local/lib/python3.11/site-packages/airflow/example_dags/example_nested_branch_dag.py
[2024-05-09T14:07:25.976+0200] {processor.py:840} INFO - DAG(s) 'example_nested_branch_dag' retrieved from /home/munya/.local/lib/python3.11/site-packages/airflow/example_dags/example_nested_branch_dag.py
[2024-05-09T14:07:25.999+0200] {logging_mixin.py:188} INFO - [2024-05-09T14:07:25.998+0200] {dag.py:3096} INFO - Sync 1 DAGs
[2024-05-09T14:07:26.022+0200] {logging_mixin.py:188} INFO - [2024-05-09T14:07:26.022+0200] {dag.py:3954} INFO - Setting next_dagrun for example_nested_branch_dag to 2024-05-08 00:00:00+00:00, run_after=2024-05-09 00:00:00+00:00
[2024-05-09T14:07:26.046+0200] {processor.py:183} INFO - Processing /home/munya/.local/lib/python3.11/site-packages/airflow/example_dags/example_nested_branch_dag.py took 0.097 seconds
[2024-05-09T14:08:44.166+0200] {processor.py:161} INFO - Started process (PID=317808) to work on /home/munya/.local/lib/python3.11/site-packages/airflow/example_dags/example_nested_branch_dag.py
[2024-05-09T14:08:44.168+0200] {processor.py:830} INFO - Processing file /home/munya/.local/lib/python3.11/site-packages/airflow/example_dags/example_nested_branch_dag.py for tasks to queue
[2024-05-09T14:08:44.169+0200] {logging_mixin.py:188} INFO - [2024-05-09T14:08:44.168+0200] {dagbag.py:540} INFO - Filling up the DagBag from /home/munya/.local/lib/python3.11/site-packages/airflow/example_dags/example_nested_branch_dag.py
[2024-05-09T14:08:44.185+0200] {processor.py:840} INFO - DAG(s) 'example_nested_branch_dag' retrieved from /home/munya/.local/lib/python3.11/site-packages/airflow/example_dags/example_nested_branch_dag.py
[2024-05-09T14:08:44.211+0200] {logging_mixin.py:188} INFO - [2024-05-09T14:08:44.211+0200] {dag.py:3096} INFO - Sync 1 DAGs
[2024-05-09T14:08:44.240+0200] {logging_mixin.py:188} INFO - [2024-05-09T14:08:44.239+0200] {dag.py:3954} INFO - Setting next_dagrun for example_nested_branch_dag to 2024-05-08 00:00:00+00:00, run_after=2024-05-09 00:00:00+00:00
[2024-05-09T14:08:44.271+0200] {processor.py:183} INFO - Processing /home/munya/.local/lib/python3.11/site-packages/airflow/example_dags/example_nested_branch_dag.py took 0.123 seconds
[2024-05-09T14:10:04.978+0200] {processor.py:161} INFO - Started process (PID=318836) to work on /home/munya/.local/lib/python3.11/site-packages/airflow/example_dags/example_nested_branch_dag.py
[2024-05-09T14:10:04.981+0200] {processor.py:830} INFO - Processing file /home/munya/.local/lib/python3.11/site-packages/airflow/example_dags/example_nested_branch_dag.py for tasks to queue
[2024-05-09T14:10:04.986+0200] {logging_mixin.py:188} INFO - [2024-05-09T14:10:04.984+0200] {dagbag.py:540} INFO - Filling up the DagBag from /home/munya/.local/lib/python3.11/site-packages/airflow/example_dags/example_nested_branch_dag.py
[2024-05-09T14:10:05.034+0200] {processor.py:840} INFO - DAG(s) 'example_nested_branch_dag' retrieved from /home/munya/.local/lib/python3.11/site-packages/airflow/example_dags/example_nested_branch_dag.py
[2024-05-09T14:10:05.067+0200] {logging_mixin.py:188} INFO - [2024-05-09T14:10:05.067+0200] {dag.py:3096} INFO - Sync 1 DAGs
[2024-05-09T14:10:05.101+0200] {logging_mixin.py:188} INFO - [2024-05-09T14:10:05.101+0200] {dag.py:3954} INFO - Setting next_dagrun for example_nested_branch_dag to 2024-05-08 00:00:00+00:00, run_after=2024-05-09 00:00:00+00:00
[2024-05-09T14:10:05.132+0200] {processor.py:183} INFO - Processing /home/munya/.local/lib/python3.11/site-packages/airflow/example_dags/example_nested_branch_dag.py took 0.220 seconds
[2024-05-09T14:11:44.063+0200] {processor.py:161} INFO - Started process (PID=320076) to work on /home/munya/.local/lib/python3.11/site-packages/airflow/example_dags/example_nested_branch_dag.py
[2024-05-09T14:11:44.065+0200] {processor.py:830} INFO - Processing file /home/munya/.local/lib/python3.11/site-packages/airflow/example_dags/example_nested_branch_dag.py for tasks to queue
[2024-05-09T14:11:44.068+0200] {logging_mixin.py:188} INFO - [2024-05-09T14:11:44.067+0200] {dagbag.py:540} INFO - Filling up the DagBag from /home/munya/.local/lib/python3.11/site-packages/airflow/example_dags/example_nested_branch_dag.py
[2024-05-09T14:11:44.087+0200] {processor.py:840} INFO - DAG(s) 'example_nested_branch_dag' retrieved from /home/munya/.local/lib/python3.11/site-packages/airflow/example_dags/example_nested_branch_dag.py
[2024-05-09T14:11:44.128+0200] {logging_mixin.py:188} INFO - [2024-05-09T14:11:44.127+0200] {dag.py:3096} INFO - Sync 1 DAGs
[2024-05-09T14:11:44.171+0200] {logging_mixin.py:188} INFO - [2024-05-09T14:11:44.171+0200] {dag.py:3954} INFO - Setting next_dagrun for example_nested_branch_dag to 2024-05-08 00:00:00+00:00, run_after=2024-05-09 00:00:00+00:00
[2024-05-09T14:11:44.406+0200] {processor.py:183} INFO - Processing /home/munya/.local/lib/python3.11/site-packages/airflow/example_dags/example_nested_branch_dag.py took 0.376 seconds
[2024-05-09T14:13:17.756+0200] {processor.py:161} INFO - Started process (PID=321206) to work on /home/munya/.local/lib/python3.11/site-packages/airflow/example_dags/example_nested_branch_dag.py
[2024-05-09T14:13:17.760+0200] {processor.py:830} INFO - Processing file /home/munya/.local/lib/python3.11/site-packages/airflow/example_dags/example_nested_branch_dag.py for tasks to queue
[2024-05-09T14:13:17.763+0200] {logging_mixin.py:188} INFO - [2024-05-09T14:13:17.761+0200] {dagbag.py:540} INFO - Filling up the DagBag from /home/munya/.local/lib/python3.11/site-packages/airflow/example_dags/example_nested_branch_dag.py
[2024-05-09T14:13:17.797+0200] {processor.py:840} INFO - DAG(s) 'example_nested_branch_dag' retrieved from /home/munya/.local/lib/python3.11/site-packages/airflow/example_dags/example_nested_branch_dag.py
[2024-05-09T14:13:17.881+0200] {logging_mixin.py:188} INFO - [2024-05-09T14:13:17.880+0200] {dag.py:3096} INFO - Sync 1 DAGs
[2024-05-09T14:13:17.931+0200] {logging_mixin.py:188} INFO - [2024-05-09T14:13:17.930+0200] {dag.py:3954} INFO - Setting next_dagrun for example_nested_branch_dag to 2024-05-08 00:00:00+00:00, run_after=2024-05-09 00:00:00+00:00
[2024-05-09T14:13:17.969+0200] {processor.py:183} INFO - Processing /home/munya/.local/lib/python3.11/site-packages/airflow/example_dags/example_nested_branch_dag.py took 0.252 seconds
[2024-05-09T14:14:40.495+0200] {processor.py:161} INFO - Started process (PID=322233) to work on /home/munya/.local/lib/python3.11/site-packages/airflow/example_dags/example_nested_branch_dag.py
[2024-05-09T14:14:40.499+0200] {processor.py:830} INFO - Processing file /home/munya/.local/lib/python3.11/site-packages/airflow/example_dags/example_nested_branch_dag.py for tasks to queue
[2024-05-09T14:14:40.503+0200] {logging_mixin.py:188} INFO - [2024-05-09T14:14:40.501+0200] {dagbag.py:540} INFO - Filling up the DagBag from /home/munya/.local/lib/python3.11/site-packages/airflow/example_dags/example_nested_branch_dag.py
[2024-05-09T14:14:40.554+0200] {processor.py:840} INFO - DAG(s) 'example_nested_branch_dag' retrieved from /home/munya/.local/lib/python3.11/site-packages/airflow/example_dags/example_nested_branch_dag.py
[2024-05-09T14:14:40.597+0200] {logging_mixin.py:188} INFO - [2024-05-09T14:14:40.596+0200] {dag.py:3096} INFO - Sync 1 DAGs
[2024-05-09T14:14:40.631+0200] {logging_mixin.py:188} INFO - [2024-05-09T14:14:40.630+0200] {dag.py:3954} INFO - Setting next_dagrun for example_nested_branch_dag to 2024-05-08 00:00:00+00:00, run_after=2024-05-09 00:00:00+00:00
[2024-05-09T14:14:40.665+0200] {processor.py:183} INFO - Processing /home/munya/.local/lib/python3.11/site-packages/airflow/example_dags/example_nested_branch_dag.py took 0.231 seconds
[2024-05-09T14:16:04.551+0200] {processor.py:161} INFO - Started process (PID=323505) to work on /home/munya/.local/lib/python3.11/site-packages/airflow/example_dags/example_nested_branch_dag.py
[2024-05-09T14:16:04.553+0200] {processor.py:830} INFO - Processing file /home/munya/.local/lib/python3.11/site-packages/airflow/example_dags/example_nested_branch_dag.py for tasks to queue
[2024-05-09T14:16:04.555+0200] {logging_mixin.py:188} INFO - [2024-05-09T14:16:04.554+0200] {dagbag.py:540} INFO - Filling up the DagBag from /home/munya/.local/lib/python3.11/site-packages/airflow/example_dags/example_nested_branch_dag.py
[2024-05-09T14:16:04.584+0200] {processor.py:840} INFO - DAG(s) 'example_nested_branch_dag' retrieved from /home/munya/.local/lib/python3.11/site-packages/airflow/example_dags/example_nested_branch_dag.py
[2024-05-09T14:16:04.639+0200] {logging_mixin.py:188} INFO - [2024-05-09T14:16:04.638+0200] {dag.py:3096} INFO - Sync 1 DAGs
[2024-05-09T14:16:04.684+0200] {logging_mixin.py:188} INFO - [2024-05-09T14:16:04.684+0200] {dag.py:3954} INFO - Setting next_dagrun for example_nested_branch_dag to 2024-05-08 00:00:00+00:00, run_after=2024-05-09 00:00:00+00:00
[2024-05-09T14:16:04.724+0200] {processor.py:183} INFO - Processing /home/munya/.local/lib/python3.11/site-packages/airflow/example_dags/example_nested_branch_dag.py took 0.193 seconds
[2024-05-09T14:17:28.862+0200] {processor.py:161} INFO - Started process (PID=324953) to work on /home/munya/.local/lib/python3.11/site-packages/airflow/example_dags/example_nested_branch_dag.py
[2024-05-09T14:17:28.864+0200] {processor.py:830} INFO - Processing file /home/munya/.local/lib/python3.11/site-packages/airflow/example_dags/example_nested_branch_dag.py for tasks to queue
[2024-05-09T14:17:28.865+0200] {logging_mixin.py:188} INFO - [2024-05-09T14:17:28.864+0200] {dagbag.py:540} INFO - Filling up the DagBag from /home/munya/.local/lib/python3.11/site-packages/airflow/example_dags/example_nested_branch_dag.py
[2024-05-09T14:17:28.879+0200] {processor.py:840} INFO - DAG(s) 'example_nested_branch_dag' retrieved from /home/munya/.local/lib/python3.11/site-packages/airflow/example_dags/example_nested_branch_dag.py
[2024-05-09T14:17:28.904+0200] {logging_mixin.py:188} INFO - [2024-05-09T14:17:28.903+0200] {dag.py:3096} INFO - Sync 1 DAGs
[2024-05-09T14:17:28.931+0200] {logging_mixin.py:188} INFO - [2024-05-09T14:17:28.931+0200] {dag.py:3954} INFO - Setting next_dagrun for example_nested_branch_dag to 2024-05-08 00:00:00+00:00, run_after=2024-05-09 00:00:00+00:00
[2024-05-09T14:17:28.964+0200] {processor.py:183} INFO - Processing /home/munya/.local/lib/python3.11/site-packages/airflow/example_dags/example_nested_branch_dag.py took 0.126 seconds
[2024-05-09T14:18:49.671+0200] {processor.py:161} INFO - Started process (PID=325967) to work on /home/munya/.local/lib/python3.11/site-packages/airflow/example_dags/example_nested_branch_dag.py
[2024-05-09T14:18:49.674+0200] {processor.py:830} INFO - Processing file /home/munya/.local/lib/python3.11/site-packages/airflow/example_dags/example_nested_branch_dag.py for tasks to queue
[2024-05-09T14:18:49.676+0200] {logging_mixin.py:188} INFO - [2024-05-09T14:18:49.675+0200] {dagbag.py:540} INFO - Filling up the DagBag from /home/munya/.local/lib/python3.11/site-packages/airflow/example_dags/example_nested_branch_dag.py
[2024-05-09T14:18:49.695+0200] {processor.py:840} INFO - DAG(s) 'example_nested_branch_dag' retrieved from /home/munya/.local/lib/python3.11/site-packages/airflow/example_dags/example_nested_branch_dag.py
[2024-05-09T14:18:49.732+0200] {logging_mixin.py:188} INFO - [2024-05-09T14:18:49.731+0200] {dag.py:3096} INFO - Sync 1 DAGs
[2024-05-09T14:18:49.774+0200] {logging_mixin.py:188} INFO - [2024-05-09T14:18:49.774+0200] {dag.py:3954} INFO - Setting next_dagrun for example_nested_branch_dag to 2024-05-08 00:00:00+00:00, run_after=2024-05-09 00:00:00+00:00
[2024-05-09T14:18:49.828+0200] {processor.py:183} INFO - Processing /home/munya/.local/lib/python3.11/site-packages/airflow/example_dags/example_nested_branch_dag.py took 0.179 seconds
[2024-05-09T14:20:21.406+0200] {processor.py:161} INFO - Started process (PID=327071) to work on /home/munya/.local/lib/python3.11/site-packages/airflow/example_dags/example_nested_branch_dag.py
[2024-05-09T14:20:21.408+0200] {processor.py:830} INFO - Processing file /home/munya/.local/lib/python3.11/site-packages/airflow/example_dags/example_nested_branch_dag.py for tasks to queue
[2024-05-09T14:20:21.410+0200] {logging_mixin.py:188} INFO - [2024-05-09T14:20:21.409+0200] {dagbag.py:540} INFO - Filling up the DagBag from /home/munya/.local/lib/python3.11/site-packages/airflow/example_dags/example_nested_branch_dag.py
[2024-05-09T14:20:21.436+0200] {processor.py:840} INFO - DAG(s) 'example_nested_branch_dag' retrieved from /home/munya/.local/lib/python3.11/site-packages/airflow/example_dags/example_nested_branch_dag.py
[2024-05-09T14:20:21.472+0200] {logging_mixin.py:188} INFO - [2024-05-09T14:20:21.471+0200] {dag.py:3096} INFO - Sync 1 DAGs
[2024-05-09T14:20:21.506+0200] {logging_mixin.py:188} INFO - [2024-05-09T14:20:21.505+0200] {dag.py:3954} INFO - Setting next_dagrun for example_nested_branch_dag to 2024-05-08 00:00:00+00:00, run_after=2024-05-09 00:00:00+00:00
[2024-05-09T14:20:21.539+0200] {processor.py:183} INFO - Processing /home/munya/.local/lib/python3.11/site-packages/airflow/example_dags/example_nested_branch_dag.py took 0.161 seconds
[2024-05-09T14:21:39.341+0200] {processor.py:161} INFO - Started process (PID=328010) to work on /home/munya/.local/lib/python3.11/site-packages/airflow/example_dags/example_nested_branch_dag.py
[2024-05-09T14:21:39.342+0200] {processor.py:830} INFO - Processing file /home/munya/.local/lib/python3.11/site-packages/airflow/example_dags/example_nested_branch_dag.py for tasks to queue
[2024-05-09T14:21:39.344+0200] {logging_mixin.py:188} INFO - [2024-05-09T14:21:39.343+0200] {dagbag.py:540} INFO - Filling up the DagBag from /home/munya/.local/lib/python3.11/site-packages/airflow/example_dags/example_nested_branch_dag.py
[2024-05-09T14:21:39.360+0200] {processor.py:840} INFO - DAG(s) 'example_nested_branch_dag' retrieved from /home/munya/.local/lib/python3.11/site-packages/airflow/example_dags/example_nested_branch_dag.py
[2024-05-09T14:21:39.389+0200] {logging_mixin.py:188} INFO - [2024-05-09T14:21:39.389+0200] {dag.py:3096} INFO - Sync 1 DAGs
[2024-05-09T14:21:39.420+0200] {logging_mixin.py:188} INFO - [2024-05-09T14:21:39.419+0200] {dag.py:3954} INFO - Setting next_dagrun for example_nested_branch_dag to 2024-05-08 00:00:00+00:00, run_after=2024-05-09 00:00:00+00:00
[2024-05-09T14:21:39.452+0200] {processor.py:183} INFO - Processing /home/munya/.local/lib/python3.11/site-packages/airflow/example_dags/example_nested_branch_dag.py took 0.132 seconds
[2024-05-09T14:22:57.855+0200] {processor.py:161} INFO - Started process (PID=328967) to work on /home/munya/.local/lib/python3.11/site-packages/airflow/example_dags/example_nested_branch_dag.py
[2024-05-09T14:22:57.857+0200] {processor.py:830} INFO - Processing file /home/munya/.local/lib/python3.11/site-packages/airflow/example_dags/example_nested_branch_dag.py for tasks to queue
[2024-05-09T14:22:57.859+0200] {logging_mixin.py:188} INFO - [2024-05-09T14:22:57.858+0200] {dagbag.py:540} INFO - Filling up the DagBag from /home/munya/.local/lib/python3.11/site-packages/airflow/example_dags/example_nested_branch_dag.py
[2024-05-09T14:22:57.879+0200] {processor.py:840} INFO - DAG(s) 'example_nested_branch_dag' retrieved from /home/munya/.local/lib/python3.11/site-packages/airflow/example_dags/example_nested_branch_dag.py
[2024-05-09T14:22:57.912+0200] {logging_mixin.py:188} INFO - [2024-05-09T14:22:57.912+0200] {dag.py:3096} INFO - Sync 1 DAGs
[2024-05-09T14:22:57.946+0200] {logging_mixin.py:188} INFO - [2024-05-09T14:22:57.946+0200] {dag.py:3954} INFO - Setting next_dagrun for example_nested_branch_dag to 2024-05-08 00:00:00+00:00, run_after=2024-05-09 00:00:00+00:00
[2024-05-09T14:22:57.992+0200] {processor.py:183} INFO - Processing /home/munya/.local/lib/python3.11/site-packages/airflow/example_dags/example_nested_branch_dag.py took 0.161 seconds
[2024-05-09T14:24:25.264+0200] {processor.py:161} INFO - Started process (PID=329993) to work on /home/munya/.local/lib/python3.11/site-packages/airflow/example_dags/example_nested_branch_dag.py
[2024-05-09T14:24:25.267+0200] {processor.py:830} INFO - Processing file /home/munya/.local/lib/python3.11/site-packages/airflow/example_dags/example_nested_branch_dag.py for tasks to queue
[2024-05-09T14:24:25.269+0200] {logging_mixin.py:188} INFO - [2024-05-09T14:24:25.268+0200] {dagbag.py:540} INFO - Filling up the DagBag from /home/munya/.local/lib/python3.11/site-packages/airflow/example_dags/example_nested_branch_dag.py
[2024-05-09T14:24:25.290+0200] {processor.py:840} INFO - DAG(s) 'example_nested_branch_dag' retrieved from /home/munya/.local/lib/python3.11/site-packages/airflow/example_dags/example_nested_branch_dag.py
[2024-05-09T14:24:25.326+0200] {logging_mixin.py:188} INFO - [2024-05-09T14:24:25.326+0200] {dag.py:3096} INFO - Sync 1 DAGs
[2024-05-09T14:24:25.372+0200] {logging_mixin.py:188} INFO - [2024-05-09T14:24:25.372+0200] {dag.py:3954} INFO - Setting next_dagrun for example_nested_branch_dag to 2024-05-08 00:00:00+00:00, run_after=2024-05-09 00:00:00+00:00
[2024-05-09T14:24:25.427+0200] {processor.py:183} INFO - Processing /home/munya/.local/lib/python3.11/site-packages/airflow/example_dags/example_nested_branch_dag.py took 0.187 seconds
[2024-05-09T14:25:47.104+0200] {processor.py:161} INFO - Started process (PID=330988) to work on /home/munya/.local/lib/python3.11/site-packages/airflow/example_dags/example_nested_branch_dag.py
[2024-05-09T14:25:47.106+0200] {processor.py:830} INFO - Processing file /home/munya/.local/lib/python3.11/site-packages/airflow/example_dags/example_nested_branch_dag.py for tasks to queue
[2024-05-09T14:25:47.108+0200] {logging_mixin.py:188} INFO - [2024-05-09T14:25:47.107+0200] {dagbag.py:540} INFO - Filling up the DagBag from /home/munya/.local/lib/python3.11/site-packages/airflow/example_dags/example_nested_branch_dag.py
[2024-05-09T14:25:47.139+0200] {processor.py:840} INFO - DAG(s) 'example_nested_branch_dag' retrieved from /home/munya/.local/lib/python3.11/site-packages/airflow/example_dags/example_nested_branch_dag.py
[2024-05-09T14:25:47.194+0200] {logging_mixin.py:188} INFO - [2024-05-09T14:25:47.194+0200] {dag.py:3096} INFO - Sync 1 DAGs
[2024-05-09T14:25:47.234+0200] {logging_mixin.py:188} INFO - [2024-05-09T14:25:47.234+0200] {dag.py:3954} INFO - Setting next_dagrun for example_nested_branch_dag to 2024-05-08 00:00:00+00:00, run_after=2024-05-09 00:00:00+00:00
[2024-05-09T14:25:47.273+0200] {processor.py:183} INFO - Processing /home/munya/.local/lib/python3.11/site-packages/airflow/example_dags/example_nested_branch_dag.py took 0.194 seconds
[2024-05-09T14:27:09.030+0200] {processor.py:161} INFO - Started process (PID=331977) to work on /home/munya/.local/lib/python3.11/site-packages/airflow/example_dags/example_nested_branch_dag.py
[2024-05-09T14:27:09.031+0200] {processor.py:830} INFO - Processing file /home/munya/.local/lib/python3.11/site-packages/airflow/example_dags/example_nested_branch_dag.py for tasks to queue
[2024-05-09T14:27:09.033+0200] {logging_mixin.py:188} INFO - [2024-05-09T14:27:09.032+0200] {dagbag.py:540} INFO - Filling up the DagBag from /home/munya/.local/lib/python3.11/site-packages/airflow/example_dags/example_nested_branch_dag.py
[2024-05-09T14:27:09.052+0200] {processor.py:840} INFO - DAG(s) 'example_nested_branch_dag' retrieved from /home/munya/.local/lib/python3.11/site-packages/airflow/example_dags/example_nested_branch_dag.py
[2024-05-09T14:27:09.092+0200] {logging_mixin.py:188} INFO - [2024-05-09T14:27:09.091+0200] {dag.py:3096} INFO - Sync 1 DAGs
[2024-05-09T14:27:09.136+0200] {logging_mixin.py:188} INFO - [2024-05-09T14:27:09.135+0200] {dag.py:3954} INFO - Setting next_dagrun for example_nested_branch_dag to 2024-05-08 00:00:00+00:00, run_after=2024-05-09 00:00:00+00:00
[2024-05-09T14:27:09.180+0200] {processor.py:183} INFO - Processing /home/munya/.local/lib/python3.11/site-packages/airflow/example_dags/example_nested_branch_dag.py took 0.173 seconds
[2024-05-09T14:28:36.645+0200] {processor.py:161} INFO - Started process (PID=333138) to work on /home/munya/.local/lib/python3.11/site-packages/airflow/example_dags/example_nested_branch_dag.py
[2024-05-09T14:28:36.647+0200] {processor.py:830} INFO - Processing file /home/munya/.local/lib/python3.11/site-packages/airflow/example_dags/example_nested_branch_dag.py for tasks to queue
[2024-05-09T14:28:36.650+0200] {logging_mixin.py:188} INFO - [2024-05-09T14:28:36.648+0200] {dagbag.py:540} INFO - Filling up the DagBag from /home/munya/.local/lib/python3.11/site-packages/airflow/example_dags/example_nested_branch_dag.py
[2024-05-09T14:28:36.671+0200] {processor.py:840} INFO - DAG(s) 'example_nested_branch_dag' retrieved from /home/munya/.local/lib/python3.11/site-packages/airflow/example_dags/example_nested_branch_dag.py
[2024-05-09T14:28:36.708+0200] {logging_mixin.py:188} INFO - [2024-05-09T14:28:36.708+0200] {dag.py:3096} INFO - Sync 1 DAGs
[2024-05-09T14:28:36.744+0200] {logging_mixin.py:188} INFO - [2024-05-09T14:28:36.744+0200] {dag.py:3954} INFO - Setting next_dagrun for example_nested_branch_dag to 2024-05-08 00:00:00+00:00, run_after=2024-05-09 00:00:00+00:00
[2024-05-09T14:28:36.782+0200] {processor.py:183} INFO - Processing /home/munya/.local/lib/python3.11/site-packages/airflow/example_dags/example_nested_branch_dag.py took 0.157 seconds
[2024-05-09T14:29:51.466+0200] {processor.py:161} INFO - Started process (PID=334079) to work on /home/munya/.local/lib/python3.11/site-packages/airflow/example_dags/example_nested_branch_dag.py
[2024-05-09T14:29:51.468+0200] {processor.py:830} INFO - Processing file /home/munya/.local/lib/python3.11/site-packages/airflow/example_dags/example_nested_branch_dag.py for tasks to queue
[2024-05-09T14:29:51.469+0200] {logging_mixin.py:188} INFO - [2024-05-09T14:29:51.468+0200] {dagbag.py:540} INFO - Filling up the DagBag from /home/munya/.local/lib/python3.11/site-packages/airflow/example_dags/example_nested_branch_dag.py
[2024-05-09T14:29:51.483+0200] {processor.py:840} INFO - DAG(s) 'example_nested_branch_dag' retrieved from /home/munya/.local/lib/python3.11/site-packages/airflow/example_dags/example_nested_branch_dag.py
[2024-05-09T14:29:51.521+0200] {logging_mixin.py:188} INFO - [2024-05-09T14:29:51.520+0200] {dag.py:3096} INFO - Sync 1 DAGs
[2024-05-09T14:29:51.553+0200] {logging_mixin.py:188} INFO - [2024-05-09T14:29:51.552+0200] {dag.py:3954} INFO - Setting next_dagrun for example_nested_branch_dag to 2024-05-08 00:00:00+00:00, run_after=2024-05-09 00:00:00+00:00
[2024-05-09T14:29:51.577+0200] {processor.py:183} INFO - Processing /home/munya/.local/lib/python3.11/site-packages/airflow/example_dags/example_nested_branch_dag.py took 0.124 seconds
[2024-05-09T14:31:00.715+0200] {processor.py:161} INFO - Started process (PID=334975) to work on /home/munya/.local/lib/python3.11/site-packages/airflow/example_dags/example_nested_branch_dag.py
[2024-05-09T14:31:00.717+0200] {processor.py:830} INFO - Processing file /home/munya/.local/lib/python3.11/site-packages/airflow/example_dags/example_nested_branch_dag.py for tasks to queue
[2024-05-09T14:31:00.718+0200] {logging_mixin.py:188} INFO - [2024-05-09T14:31:00.717+0200] {dagbag.py:540} INFO - Filling up the DagBag from /home/munya/.local/lib/python3.11/site-packages/airflow/example_dags/example_nested_branch_dag.py
[2024-05-09T14:31:00.730+0200] {processor.py:840} INFO - DAG(s) 'example_nested_branch_dag' retrieved from /home/munya/.local/lib/python3.11/site-packages/airflow/example_dags/example_nested_branch_dag.py
[2024-05-09T14:31:00.751+0200] {logging_mixin.py:188} INFO - [2024-05-09T14:31:00.751+0200] {dag.py:3096} INFO - Sync 1 DAGs
[2024-05-09T14:31:00.773+0200] {logging_mixin.py:188} INFO - [2024-05-09T14:31:00.772+0200] {dag.py:3954} INFO - Setting next_dagrun for example_nested_branch_dag to 2024-05-08 00:00:00+00:00, run_after=2024-05-09 00:00:00+00:00
[2024-05-09T14:31:00.798+0200] {processor.py:183} INFO - Processing /home/munya/.local/lib/python3.11/site-packages/airflow/example_dags/example_nested_branch_dag.py took 0.095 seconds
[2024-05-09T14:32:11.030+0200] {processor.py:161} INFO - Started process (PID=335904) to work on /home/munya/.local/lib/python3.11/site-packages/airflow/example_dags/example_nested_branch_dag.py
[2024-05-09T14:32:11.032+0200] {processor.py:830} INFO - Processing file /home/munya/.local/lib/python3.11/site-packages/airflow/example_dags/example_nested_branch_dag.py for tasks to queue
[2024-05-09T14:32:11.033+0200] {logging_mixin.py:188} INFO - [2024-05-09T14:32:11.032+0200] {dagbag.py:540} INFO - Filling up the DagBag from /home/munya/.local/lib/python3.11/site-packages/airflow/example_dags/example_nested_branch_dag.py
[2024-05-09T14:32:11.048+0200] {processor.py:840} INFO - DAG(s) 'example_nested_branch_dag' retrieved from /home/munya/.local/lib/python3.11/site-packages/airflow/example_dags/example_nested_branch_dag.py
[2024-05-09T14:32:11.076+0200] {logging_mixin.py:188} INFO - [2024-05-09T14:32:11.075+0200] {dag.py:3096} INFO - Sync 1 DAGs
[2024-05-09T14:32:11.110+0200] {logging_mixin.py:188} INFO - [2024-05-09T14:32:11.109+0200] {dag.py:3954} INFO - Setting next_dagrun for example_nested_branch_dag to 2024-05-08 00:00:00+00:00, run_after=2024-05-09 00:00:00+00:00
[2024-05-09T14:32:11.136+0200] {processor.py:183} INFO - Processing /home/munya/.local/lib/python3.11/site-packages/airflow/example_dags/example_nested_branch_dag.py took 0.125 seconds
[2024-05-09T14:33:19.812+0200] {processor.py:161} INFO - Started process (PID=336778) to work on /home/munya/.local/lib/python3.11/site-packages/airflow/example_dags/example_nested_branch_dag.py
[2024-05-09T14:33:19.814+0200] {processor.py:830} INFO - Processing file /home/munya/.local/lib/python3.11/site-packages/airflow/example_dags/example_nested_branch_dag.py for tasks to queue
[2024-05-09T14:33:19.816+0200] {logging_mixin.py:188} INFO - [2024-05-09T14:33:19.815+0200] {dagbag.py:540} INFO - Filling up the DagBag from /home/munya/.local/lib/python3.11/site-packages/airflow/example_dags/example_nested_branch_dag.py
[2024-05-09T14:33:19.838+0200] {processor.py:840} INFO - DAG(s) 'example_nested_branch_dag' retrieved from /home/munya/.local/lib/python3.11/site-packages/airflow/example_dags/example_nested_branch_dag.py
[2024-05-09T14:33:19.874+0200] {logging_mixin.py:188} INFO - [2024-05-09T14:33:19.873+0200] {dag.py:3096} INFO - Sync 1 DAGs
[2024-05-09T14:33:19.909+0200] {logging_mixin.py:188} INFO - [2024-05-09T14:33:19.909+0200] {dag.py:3954} INFO - Setting next_dagrun for example_nested_branch_dag to 2024-05-08 00:00:00+00:00, run_after=2024-05-09 00:00:00+00:00
[2024-05-09T14:33:19.946+0200] {processor.py:183} INFO - Processing /home/munya/.local/lib/python3.11/site-packages/airflow/example_dags/example_nested_branch_dag.py took 0.154 seconds
[2024-05-09T14:34:31.069+0200] {processor.py:161} INFO - Started process (PID=337659) to work on /home/munya/.local/lib/python3.11/site-packages/airflow/example_dags/example_nested_branch_dag.py
[2024-05-09T14:34:31.071+0200] {processor.py:830} INFO - Processing file /home/munya/.local/lib/python3.11/site-packages/airflow/example_dags/example_nested_branch_dag.py for tasks to queue
[2024-05-09T14:34:31.073+0200] {logging_mixin.py:188} INFO - [2024-05-09T14:34:31.072+0200] {dagbag.py:540} INFO - Filling up the DagBag from /home/munya/.local/lib/python3.11/site-packages/airflow/example_dags/example_nested_branch_dag.py
[2024-05-09T14:34:31.087+0200] {processor.py:840} INFO - DAG(s) 'example_nested_branch_dag' retrieved from /home/munya/.local/lib/python3.11/site-packages/airflow/example_dags/example_nested_branch_dag.py
[2024-05-09T14:34:31.110+0200] {logging_mixin.py:188} INFO - [2024-05-09T14:34:31.110+0200] {dag.py:3096} INFO - Sync 1 DAGs
[2024-05-09T14:34:31.132+0200] {logging_mixin.py:188} INFO - [2024-05-09T14:34:31.131+0200] {dag.py:3954} INFO - Setting next_dagrun for example_nested_branch_dag to 2024-05-08 00:00:00+00:00, run_after=2024-05-09 00:00:00+00:00
[2024-05-09T14:34:31.156+0200] {processor.py:183} INFO - Processing /home/munya/.local/lib/python3.11/site-packages/airflow/example_dags/example_nested_branch_dag.py took 0.113 seconds
                                                                                                                                                                                                                      [2024-05-09T14:43:31.706+0200] {processor.py:161} INFO - Started process (PID=8467) to work on /home/munya/.local/lib/python3.11/site-packages/airflow/example_dags/example_nested_branch_dag.py
[2024-05-09T14:43:31.708+0200] {processor.py:830} INFO - Processing file /home/munya/.local/lib/python3.11/site-packages/airflow/example_dags/example_nested_branch_dag.py for tasks to queue
[2024-05-09T14:43:31.711+0200] {logging_mixin.py:188} INFO - [2024-05-09T14:43:31.711+0200] {dagbag.py:540} INFO - Filling up the DagBag from /home/munya/.local/lib/python3.11/site-packages/airflow/example_dags/example_nested_branch_dag.py
[2024-05-09T14:43:31.734+0200] {processor.py:840} INFO - DAG(s) 'example_nested_branch_dag' retrieved from /home/munya/.local/lib/python3.11/site-packages/airflow/example_dags/example_nested_branch_dag.py
[2024-05-09T14:43:32.139+0200] {logging_mixin.py:188} INFO - [2024-05-09T14:43:32.139+0200] {dag.py:3096} INFO - Sync 1 DAGs
[2024-05-09T14:43:32.175+0200] {logging_mixin.py:188} INFO - [2024-05-09T14:43:32.175+0200] {dag.py:3954} INFO - Setting next_dagrun for example_nested_branch_dag to 2024-05-08 00:00:00+00:00, run_after=2024-05-09 00:00:00+00:00
[2024-05-09T14:43:32.214+0200] {processor.py:183} INFO - Processing /home/munya/.local/lib/python3.11/site-packages/airflow/example_dags/example_nested_branch_dag.py took 0.518 seconds
[2024-05-09T14:44:56.281+0200] {processor.py:161} INFO - Started process (PID=9593) to work on /home/munya/.local/lib/python3.11/site-packages/airflow/example_dags/example_nested_branch_dag.py
[2024-05-09T14:44:56.283+0200] {processor.py:830} INFO - Processing file /home/munya/.local/lib/python3.11/site-packages/airflow/example_dags/example_nested_branch_dag.py for tasks to queue
[2024-05-09T14:44:56.287+0200] {logging_mixin.py:188} INFO - [2024-05-09T14:44:56.286+0200] {dagbag.py:540} INFO - Filling up the DagBag from /home/munya/.local/lib/python3.11/site-packages/airflow/example_dags/example_nested_branch_dag.py
[2024-05-09T14:44:56.326+0200] {processor.py:840} INFO - DAG(s) 'example_nested_branch_dag' retrieved from /home/munya/.local/lib/python3.11/site-packages/airflow/example_dags/example_nested_branch_dag.py
[2024-05-09T14:44:56.406+0200] {logging_mixin.py:188} INFO - [2024-05-09T14:44:56.406+0200] {dag.py:3096} INFO - Sync 1 DAGs
[2024-05-09T14:44:56.468+0200] {logging_mixin.py:188} INFO - [2024-05-09T14:44:56.467+0200] {dag.py:3954} INFO - Setting next_dagrun for example_nested_branch_dag to 2024-05-08 00:00:00+00:00, run_after=2024-05-09 00:00:00+00:00
[2024-05-09T14:44:56.520+0200] {processor.py:183} INFO - Processing /home/munya/.local/lib/python3.11/site-packages/airflow/example_dags/example_nested_branch_dag.py took 0.260 seconds
[2024-05-09T14:46:13.607+0200] {processor.py:161} INFO - Started process (PID=10873) to work on /home/munya/.local/lib/python3.11/site-packages/airflow/example_dags/example_nested_branch_dag.py
[2024-05-09T14:46:13.608+0200] {processor.py:830} INFO - Processing file /home/munya/.local/lib/python3.11/site-packages/airflow/example_dags/example_nested_branch_dag.py for tasks to queue
[2024-05-09T14:46:13.611+0200] {logging_mixin.py:188} INFO - [2024-05-09T14:46:13.610+0200] {dagbag.py:540} INFO - Filling up the DagBag from /home/munya/.local/lib/python3.11/site-packages/airflow/example_dags/example_nested_branch_dag.py
[2024-05-09T14:46:13.628+0200] {processor.py:840} INFO - DAG(s) 'example_nested_branch_dag' retrieved from /home/munya/.local/lib/python3.11/site-packages/airflow/example_dags/example_nested_branch_dag.py
[2024-05-09T14:46:13.663+0200] {logging_mixin.py:188} INFO - [2024-05-09T14:46:13.663+0200] {dag.py:3096} INFO - Sync 1 DAGs
[2024-05-09T14:46:13.691+0200] {logging_mixin.py:188} INFO - [2024-05-09T14:46:13.691+0200] {dag.py:3954} INFO - Setting next_dagrun for example_nested_branch_dag to 2024-05-08 00:00:00+00:00, run_after=2024-05-09 00:00:00+00:00
[2024-05-09T14:46:13.717+0200] {processor.py:183} INFO - Processing /home/munya/.local/lib/python3.11/site-packages/airflow/example_dags/example_nested_branch_dag.py took 0.119 seconds
[2024-05-09T14:47:42.495+0200] {processor.py:161} INFO - Started process (PID=12382) to work on /home/munya/.local/lib/python3.11/site-packages/airflow/example_dags/example_nested_branch_dag.py
[2024-05-09T14:47:42.505+0200] {processor.py:830} INFO - Processing file /home/munya/.local/lib/python3.11/site-packages/airflow/example_dags/example_nested_branch_dag.py for tasks to queue
[2024-05-09T14:47:42.513+0200] {logging_mixin.py:188} INFO - [2024-05-09T14:47:42.508+0200] {dagbag.py:540} INFO - Filling up the DagBag from /home/munya/.local/lib/python3.11/site-packages/airflow/example_dags/example_nested_branch_dag.py
[2024-05-09T14:47:42.544+0200] {processor.py:840} INFO - DAG(s) 'example_nested_branch_dag' retrieved from /home/munya/.local/lib/python3.11/site-packages/airflow/example_dags/example_nested_branch_dag.py
[2024-05-09T14:47:42.599+0200] {logging_mixin.py:188} INFO - [2024-05-09T14:47:42.599+0200] {dag.py:3096} INFO - Sync 1 DAGs
[2024-05-09T14:47:42.650+0200] {logging_mixin.py:188} INFO - [2024-05-09T14:47:42.650+0200] {dag.py:3954} INFO - Setting next_dagrun for example_nested_branch_dag to 2024-05-08 00:00:00+00:00, run_after=2024-05-09 00:00:00+00:00
[2024-05-09T14:47:42.703+0200] {processor.py:183} INFO - Processing /home/munya/.local/lib/python3.11/site-packages/airflow/example_dags/example_nested_branch_dag.py took 0.220 seconds
[2024-05-09T14:48:50.408+0200] {processor.py:161} INFO - Started process (PID=13265) to work on /home/munya/.local/lib/python3.11/site-packages/airflow/example_dags/example_nested_branch_dag.py
[2024-05-09T14:48:50.409+0200] {processor.py:830} INFO - Processing file /home/munya/.local/lib/python3.11/site-packages/airflow/example_dags/example_nested_branch_dag.py for tasks to queue
[2024-05-09T14:48:50.411+0200] {logging_mixin.py:188} INFO - [2024-05-09T14:48:50.411+0200] {dagbag.py:540} INFO - Filling up the DagBag from /home/munya/.local/lib/python3.11/site-packages/airflow/example_dags/example_nested_branch_dag.py
[2024-05-09T14:48:50.426+0200] {processor.py:840} INFO - DAG(s) 'example_nested_branch_dag' retrieved from /home/munya/.local/lib/python3.11/site-packages/airflow/example_dags/example_nested_branch_dag.py
[2024-05-09T14:48:50.449+0200] {logging_mixin.py:188} INFO - [2024-05-09T14:48:50.449+0200] {dag.py:3096} INFO - Sync 1 DAGs
[2024-05-09T14:48:50.475+0200] {logging_mixin.py:188} INFO - [2024-05-09T14:48:50.475+0200] {dag.py:3954} INFO - Setting next_dagrun for example_nested_branch_dag to 2024-05-08 00:00:00+00:00, run_after=2024-05-09 00:00:00+00:00
[2024-05-09T14:48:50.500+0200] {processor.py:183} INFO - Processing /home/munya/.local/lib/python3.11/site-packages/airflow/example_dags/example_nested_branch_dag.py took 0.101 seconds
[2024-05-09T14:49:58.176+0200] {processor.py:161} INFO - Started process (PID=14115) to work on /home/munya/.local/lib/python3.11/site-packages/airflow/example_dags/example_nested_branch_dag.py
[2024-05-09T14:49:58.178+0200] {processor.py:830} INFO - Processing file /home/munya/.local/lib/python3.11/site-packages/airflow/example_dags/example_nested_branch_dag.py for tasks to queue
[2024-05-09T14:49:58.180+0200] {logging_mixin.py:188} INFO - [2024-05-09T14:49:58.180+0200] {dagbag.py:540} INFO - Filling up the DagBag from /home/munya/.local/lib/python3.11/site-packages/airflow/example_dags/example_nested_branch_dag.py
[2024-05-09T14:49:58.194+0200] {processor.py:840} INFO - DAG(s) 'example_nested_branch_dag' retrieved from /home/munya/.local/lib/python3.11/site-packages/airflow/example_dags/example_nested_branch_dag.py
[2024-05-09T14:49:58.215+0200] {logging_mixin.py:188} INFO - [2024-05-09T14:49:58.215+0200] {dag.py:3096} INFO - Sync 1 DAGs
[2024-05-09T14:49:58.241+0200] {logging_mixin.py:188} INFO - [2024-05-09T14:49:58.241+0200] {dag.py:3954} INFO - Setting next_dagrun for example_nested_branch_dag to 2024-05-08 00:00:00+00:00, run_after=2024-05-09 00:00:00+00:00
[2024-05-09T14:49:58.265+0200] {processor.py:183} INFO - Processing /home/munya/.local/lib/python3.11/site-packages/airflow/example_dags/example_nested_branch_dag.py took 0.096 seconds
[2024-05-09T14:51:08.333+0200] {processor.py:161} INFO - Started process (PID=15015) to work on /home/munya/.local/lib/python3.11/site-packages/airflow/example_dags/example_nested_branch_dag.py
[2024-05-09T14:51:08.334+0200] {processor.py:830} INFO - Processing file /home/munya/.local/lib/python3.11/site-packages/airflow/example_dags/example_nested_branch_dag.py for tasks to queue
[2024-05-09T14:51:08.339+0200] {logging_mixin.py:188} INFO - [2024-05-09T14:51:08.338+0200] {dagbag.py:540} INFO - Filling up the DagBag from /home/munya/.local/lib/python3.11/site-packages/airflow/example_dags/example_nested_branch_dag.py
[2024-05-09T14:51:08.381+0200] {processor.py:840} INFO - DAG(s) 'example_nested_branch_dag' retrieved from /home/munya/.local/lib/python3.11/site-packages/airflow/example_dags/example_nested_branch_dag.py
[2024-05-09T14:51:08.420+0200] {logging_mixin.py:188} INFO - [2024-05-09T14:51:08.419+0200] {dag.py:3096} INFO - Sync 1 DAGs
[2024-05-09T14:51:08.459+0200] {logging_mixin.py:188} INFO - [2024-05-09T14:51:08.459+0200] {dag.py:3954} INFO - Setting next_dagrun for example_nested_branch_dag to 2024-05-08 00:00:00+00:00, run_after=2024-05-09 00:00:00+00:00
[2024-05-09T14:51:08.494+0200] {processor.py:183} INFO - Processing /home/munya/.local/lib/python3.11/site-packages/airflow/example_dags/example_nested_branch_dag.py took 0.174 seconds
[2024-05-09T14:52:29.606+0200] {processor.py:161} INFO - Started process (PID=16012) to work on /home/munya/.local/lib/python3.11/site-packages/airflow/example_dags/example_nested_branch_dag.py
[2024-05-09T14:52:29.609+0200] {processor.py:830} INFO - Processing file /home/munya/.local/lib/python3.11/site-packages/airflow/example_dags/example_nested_branch_dag.py for tasks to queue
[2024-05-09T14:52:29.614+0200] {logging_mixin.py:188} INFO - [2024-05-09T14:52:29.613+0200] {dagbag.py:540} INFO - Filling up the DagBag from /home/munya/.local/lib/python3.11/site-packages/airflow/example_dags/example_nested_branch_dag.py
[2024-05-09T14:52:29.648+0200] {processor.py:840} INFO - DAG(s) 'example_nested_branch_dag' retrieved from /home/munya/.local/lib/python3.11/site-packages/airflow/example_dags/example_nested_branch_dag.py
[2024-05-09T14:52:29.700+0200] {logging_mixin.py:188} INFO - [2024-05-09T14:52:29.700+0200] {dag.py:3096} INFO - Sync 1 DAGs
[2024-05-09T14:52:29.731+0200] {logging_mixin.py:188} INFO - [2024-05-09T14:52:29.731+0200] {dag.py:3954} INFO - Setting next_dagrun for example_nested_branch_dag to 2024-05-08 00:00:00+00:00, run_after=2024-05-09 00:00:00+00:00
[2024-05-09T14:52:29.759+0200] {processor.py:183} INFO - Processing /home/munya/.local/lib/python3.11/site-packages/airflow/example_dags/example_nested_branch_dag.py took 0.172 seconds
[2024-05-09T14:53:49.898+0200] {processor.py:161} INFO - Started process (PID=16981) to work on /home/munya/.local/lib/python3.11/site-packages/airflow/example_dags/example_nested_branch_dag.py
[2024-05-09T14:53:49.900+0200] {processor.py:830} INFO - Processing file /home/munya/.local/lib/python3.11/site-packages/airflow/example_dags/example_nested_branch_dag.py for tasks to queue
[2024-05-09T14:53:49.908+0200] {logging_mixin.py:188} INFO - [2024-05-09T14:53:49.906+0200] {dagbag.py:540} INFO - Filling up the DagBag from /home/munya/.local/lib/python3.11/site-packages/airflow/example_dags/example_nested_branch_dag.py
[2024-05-09T14:53:49.943+0200] {processor.py:840} INFO - DAG(s) 'example_nested_branch_dag' retrieved from /home/munya/.local/lib/python3.11/site-packages/airflow/example_dags/example_nested_branch_dag.py
[2024-05-09T14:53:49.985+0200] {logging_mixin.py:188} INFO - [2024-05-09T14:53:49.985+0200] {dag.py:3096} INFO - Sync 1 DAGs
[2024-05-09T14:53:50.025+0200] {logging_mixin.py:188} INFO - [2024-05-09T14:53:50.024+0200] {dag.py:3954} INFO - Setting next_dagrun for example_nested_branch_dag to 2024-05-08 00:00:00+00:00, run_after=2024-05-09 00:00:00+00:00
[2024-05-09T14:53:50.054+0200] {processor.py:183} INFO - Processing /home/munya/.local/lib/python3.11/site-packages/airflow/example_dags/example_nested_branch_dag.py took 0.177 seconds
[2024-05-09T14:55:11.880+0200] {processor.py:161} INFO - Started process (PID=17984) to work on /home/munya/.local/lib/python3.11/site-packages/airflow/example_dags/example_nested_branch_dag.py
[2024-05-09T14:55:11.882+0200] {processor.py:830} INFO - Processing file /home/munya/.local/lib/python3.11/site-packages/airflow/example_dags/example_nested_branch_dag.py for tasks to queue
[2024-05-09T14:55:11.889+0200] {logging_mixin.py:188} INFO - [2024-05-09T14:55:11.888+0200] {dagbag.py:540} INFO - Filling up the DagBag from /home/munya/.local/lib/python3.11/site-packages/airflow/example_dags/example_nested_branch_dag.py
[2024-05-09T14:55:11.924+0200] {processor.py:840} INFO - DAG(s) 'example_nested_branch_dag' retrieved from /home/munya/.local/lib/python3.11/site-packages/airflow/example_dags/example_nested_branch_dag.py
[2024-05-09T14:55:11.981+0200] {logging_mixin.py:188} INFO - [2024-05-09T14:55:11.981+0200] {dag.py:3096} INFO - Sync 1 DAGs
[2024-05-09T14:55:12.024+0200] {logging_mixin.py:188} INFO - [2024-05-09T14:55:12.024+0200] {dag.py:3954} INFO - Setting next_dagrun for example_nested_branch_dag to 2024-05-08 00:00:00+00:00, run_after=2024-05-09 00:00:00+00:00
[2024-05-09T14:55:12.070+0200] {processor.py:183} INFO - Processing /home/munya/.local/lib/python3.11/site-packages/airflow/example_dags/example_nested_branch_dag.py took 0.210 seconds
[2024-05-09T14:56:32.693+0200] {processor.py:161} INFO - Started process (PID=18950) to work on /home/munya/.local/lib/python3.11/site-packages/airflow/example_dags/example_nested_branch_dag.py
[2024-05-09T14:56:32.695+0200] {processor.py:830} INFO - Processing file /home/munya/.local/lib/python3.11/site-packages/airflow/example_dags/example_nested_branch_dag.py for tasks to queue
[2024-05-09T14:56:32.698+0200] {logging_mixin.py:188} INFO - [2024-05-09T14:56:32.698+0200] {dagbag.py:540} INFO - Filling up the DagBag from /home/munya/.local/lib/python3.11/site-packages/airflow/example_dags/example_nested_branch_dag.py
[2024-05-09T14:56:32.719+0200] {processor.py:840} INFO - DAG(s) 'example_nested_branch_dag' retrieved from /home/munya/.local/lib/python3.11/site-packages/airflow/example_dags/example_nested_branch_dag.py
[2024-05-09T14:56:32.749+0200] {logging_mixin.py:188} INFO - [2024-05-09T14:56:32.749+0200] {dag.py:3096} INFO - Sync 1 DAGs
[2024-05-09T14:56:32.785+0200] {logging_mixin.py:188} INFO - [2024-05-09T14:56:32.785+0200] {dag.py:3954} INFO - Setting next_dagrun for example_nested_branch_dag to 2024-05-08 00:00:00+00:00, run_after=2024-05-09 00:00:00+00:00
[2024-05-09T14:56:32.818+0200] {processor.py:183} INFO - Processing /home/munya/.local/lib/python3.11/site-packages/airflow/example_dags/example_nested_branch_dag.py took 0.135 seconds
[2024-05-09T14:57:56.890+0200] {processor.py:161} INFO - Started process (PID=20407) to work on /home/munya/.local/lib/python3.11/site-packages/airflow/example_dags/example_nested_branch_dag.py
[2024-05-09T14:57:56.892+0200] {processor.py:830} INFO - Processing file /home/munya/.local/lib/python3.11/site-packages/airflow/example_dags/example_nested_branch_dag.py for tasks to queue
[2024-05-09T14:57:56.898+0200] {logging_mixin.py:188} INFO - [2024-05-09T14:57:56.896+0200] {dagbag.py:540} INFO - Filling up the DagBag from /home/munya/.local/lib/python3.11/site-packages/airflow/example_dags/example_nested_branch_dag.py
[2024-05-09T14:57:56.922+0200] {processor.py:840} INFO - DAG(s) 'example_nested_branch_dag' retrieved from /home/munya/.local/lib/python3.11/site-packages/airflow/example_dags/example_nested_branch_dag.py
[2024-05-09T14:57:56.962+0200] {logging_mixin.py:188} INFO - [2024-05-09T14:57:56.961+0200] {dag.py:3096} INFO - Sync 1 DAGs
[2024-05-09T14:57:57.014+0200] {logging_mixin.py:188} INFO - [2024-05-09T14:57:57.014+0200] {dag.py:3954} INFO - Setting next_dagrun for example_nested_branch_dag to 2024-05-08 00:00:00+00:00, run_after=2024-05-09 00:00:00+00:00
[2024-05-09T14:57:57.062+0200] {processor.py:183} INFO - Processing /home/munya/.local/lib/python3.11/site-packages/airflow/example_dags/example_nested_branch_dag.py took 0.186 seconds
[2024-05-09T14:59:20.128+0200] {processor.py:161} INFO - Started process (PID=21437) to work on /home/munya/.local/lib/python3.11/site-packages/airflow/example_dags/example_nested_branch_dag.py
[2024-05-09T14:59:20.129+0200] {processor.py:830} INFO - Processing file /home/munya/.local/lib/python3.11/site-packages/airflow/example_dags/example_nested_branch_dag.py for tasks to queue
[2024-05-09T14:59:20.133+0200] {logging_mixin.py:188} INFO - [2024-05-09T14:59:20.132+0200] {dagbag.py:540} INFO - Filling up the DagBag from /home/munya/.local/lib/python3.11/site-packages/airflow/example_dags/example_nested_branch_dag.py
[2024-05-09T14:59:20.151+0200] {processor.py:840} INFO - DAG(s) 'example_nested_branch_dag' retrieved from /home/munya/.local/lib/python3.11/site-packages/airflow/example_dags/example_nested_branch_dag.py
[2024-05-09T14:59:20.187+0200] {logging_mixin.py:188} INFO - [2024-05-09T14:59:20.187+0200] {dag.py:3096} INFO - Sync 1 DAGs
[2024-05-09T14:59:20.225+0200] {logging_mixin.py:188} INFO - [2024-05-09T14:59:20.224+0200] {dag.py:3954} INFO - Setting next_dagrun for example_nested_branch_dag to 2024-05-08 00:00:00+00:00, run_after=2024-05-09 00:00:00+00:00
[2024-05-09T14:59:20.265+0200] {processor.py:183} INFO - Processing /home/munya/.local/lib/python3.11/site-packages/airflow/example_dags/example_nested_branch_dag.py took 0.147 seconds
[2024-05-09T15:01:11.917+0200] {processor.py:161} INFO - Started process (PID=22848) to work on /home/munya/.local/lib/python3.11/site-packages/airflow/example_dags/example_nested_branch_dag.py
[2024-05-09T15:01:11.920+0200] {processor.py:830} INFO - Processing file /home/munya/.local/lib/python3.11/site-packages/airflow/example_dags/example_nested_branch_dag.py for tasks to queue
[2024-05-09T15:01:11.927+0200] {logging_mixin.py:188} INFO - [2024-05-09T15:01:11.926+0200] {dagbag.py:540} INFO - Filling up the DagBag from /home/munya/.local/lib/python3.11/site-packages/airflow/example_dags/example_nested_branch_dag.py
[2024-05-09T15:01:11.975+0200] {processor.py:840} INFO - DAG(s) 'example_nested_branch_dag' retrieved from /home/munya/.local/lib/python3.11/site-packages/airflow/example_dags/example_nested_branch_dag.py
[2024-05-09T15:01:12.053+0200] {logging_mixin.py:188} INFO - [2024-05-09T15:01:12.052+0200] {dag.py:3096} INFO - Sync 1 DAGs
[2024-05-09T15:01:12.126+0200] {logging_mixin.py:188} INFO - [2024-05-09T15:01:12.126+0200] {dag.py:3954} INFO - Setting next_dagrun for example_nested_branch_dag to 2024-05-08 00:00:00+00:00, run_after=2024-05-09 00:00:00+00:00
[2024-05-09T15:01:12.173+0200] {processor.py:183} INFO - Processing /home/munya/.local/lib/python3.11/site-packages/airflow/example_dags/example_nested_branch_dag.py took 0.274 seconds
[2024-05-09T15:02:32.292+0200] {processor.py:161} INFO - Started process (PID=23847) to work on /home/munya/.local/lib/python3.11/site-packages/airflow/example_dags/example_nested_branch_dag.py
[2024-05-09T15:02:32.295+0200] {processor.py:830} INFO - Processing file /home/munya/.local/lib/python3.11/site-packages/airflow/example_dags/example_nested_branch_dag.py for tasks to queue
[2024-05-09T15:02:32.298+0200] {logging_mixin.py:188} INFO - [2024-05-09T15:02:32.298+0200] {dagbag.py:540} INFO - Filling up the DagBag from /home/munya/.local/lib/python3.11/site-packages/airflow/example_dags/example_nested_branch_dag.py
[2024-05-09T15:02:32.314+0200] {processor.py:840} INFO - DAG(s) 'example_nested_branch_dag' retrieved from /home/munya/.local/lib/python3.11/site-packages/airflow/example_dags/example_nested_branch_dag.py
[2024-05-09T15:02:32.341+0200] {logging_mixin.py:188} INFO - [2024-05-09T15:02:32.340+0200] {dag.py:3096} INFO - Sync 1 DAGs
[2024-05-09T15:02:32.373+0200] {logging_mixin.py:188} INFO - [2024-05-09T15:02:32.372+0200] {dag.py:3954} INFO - Setting next_dagrun for example_nested_branch_dag to 2024-05-08 00:00:00+00:00, run_after=2024-05-09 00:00:00+00:00
[2024-05-09T15:02:32.403+0200] {processor.py:183} INFO - Processing /home/munya/.local/lib/python3.11/site-packages/airflow/example_dags/example_nested_branch_dag.py took 0.126 seconds
[2024-05-09T15:03:47.776+0200] {processor.py:161} INFO - Started process (PID=24798) to work on /home/munya/.local/lib/python3.11/site-packages/airflow/example_dags/example_nested_branch_dag.py
[2024-05-09T15:03:47.779+0200] {processor.py:830} INFO - Processing file /home/munya/.local/lib/python3.11/site-packages/airflow/example_dags/example_nested_branch_dag.py for tasks to queue
[2024-05-09T15:03:47.785+0200] {logging_mixin.py:188} INFO - [2024-05-09T15:03:47.784+0200] {dagbag.py:540} INFO - Filling up the DagBag from /home/munya/.local/lib/python3.11/site-packages/airflow/example_dags/example_nested_branch_dag.py
[2024-05-09T15:03:47.819+0200] {processor.py:840} INFO - DAG(s) 'example_nested_branch_dag' retrieved from /home/munya/.local/lib/python3.11/site-packages/airflow/example_dags/example_nested_branch_dag.py
[2024-05-09T15:03:47.869+0200] {logging_mixin.py:188} INFO - [2024-05-09T15:03:47.869+0200] {dag.py:3096} INFO - Sync 1 DAGs
[2024-05-09T15:03:47.900+0200] {logging_mixin.py:188} INFO - [2024-05-09T15:03:47.900+0200] {dag.py:3954} INFO - Setting next_dagrun for example_nested_branch_dag to 2024-05-08 00:00:00+00:00, run_after=2024-05-09 00:00:00+00:00
[2024-05-09T15:03:47.941+0200] {processor.py:183} INFO - Processing /home/munya/.local/lib/python3.11/site-packages/airflow/example_dags/example_nested_branch_dag.py took 0.185 seconds
[2024-05-09T15:05:01.280+0200] {processor.py:161} INFO - Started process (PID=25748) to work on /home/munya/.local/lib/python3.11/site-packages/airflow/example_dags/example_nested_branch_dag.py
[2024-05-09T15:05:01.282+0200] {processor.py:830} INFO - Processing file /home/munya/.local/lib/python3.11/site-packages/airflow/example_dags/example_nested_branch_dag.py for tasks to queue
[2024-05-09T15:05:01.286+0200] {logging_mixin.py:188} INFO - [2024-05-09T15:05:01.285+0200] {dagbag.py:540} INFO - Filling up the DagBag from /home/munya/.local/lib/python3.11/site-packages/airflow/example_dags/example_nested_branch_dag.py
[2024-05-09T15:05:01.306+0200] {processor.py:840} INFO - DAG(s) 'example_nested_branch_dag' retrieved from /home/munya/.local/lib/python3.11/site-packages/airflow/example_dags/example_nested_branch_dag.py
[2024-05-09T15:05:01.338+0200] {logging_mixin.py:188} INFO - [2024-05-09T15:05:01.337+0200] {dag.py:3096} INFO - Sync 1 DAGs
[2024-05-09T15:05:01.375+0200] {logging_mixin.py:188} INFO - [2024-05-09T15:05:01.374+0200] {dag.py:3954} INFO - Setting next_dagrun for example_nested_branch_dag to 2024-05-08 00:00:00+00:00, run_after=2024-05-09 00:00:00+00:00
[2024-05-09T15:05:01.421+0200] {processor.py:183} INFO - Processing /home/munya/.local/lib/python3.11/site-packages/airflow/example_dags/example_nested_branch_dag.py took 0.151 seconds
[2024-05-09T15:06:20.807+0200] {processor.py:161} INFO - Started process (PID=26764) to work on /home/munya/.local/lib/python3.11/site-packages/airflow/example_dags/example_nested_branch_dag.py
[2024-05-09T15:06:20.809+0200] {processor.py:830} INFO - Processing file /home/munya/.local/lib/python3.11/site-packages/airflow/example_dags/example_nested_branch_dag.py for tasks to queue
[2024-05-09T15:06:20.812+0200] {logging_mixin.py:188} INFO - [2024-05-09T15:06:20.812+0200] {dagbag.py:540} INFO - Filling up the DagBag from /home/munya/.local/lib/python3.11/site-packages/airflow/example_dags/example_nested_branch_dag.py
[2024-05-09T15:06:20.838+0200] {processor.py:840} INFO - DAG(s) 'example_nested_branch_dag' retrieved from /home/munya/.local/lib/python3.11/site-packages/airflow/example_dags/example_nested_branch_dag.py
[2024-05-09T15:06:20.872+0200] {logging_mixin.py:188} INFO - [2024-05-09T15:06:20.872+0200] {dag.py:3096} INFO - Sync 1 DAGs
[2024-05-09T15:06:20.912+0200] {logging_mixin.py:188} INFO - [2024-05-09T15:06:20.912+0200] {dag.py:3954} INFO - Setting next_dagrun for example_nested_branch_dag to 2024-05-08 00:00:00+00:00, run_after=2024-05-09 00:00:00+00:00
[2024-05-09T15:06:20.961+0200] {processor.py:183} INFO - Processing /home/munya/.local/lib/python3.11/site-packages/airflow/example_dags/example_nested_branch_dag.py took 0.167 seconds
[2024-05-09T15:07:43.179+0200] {processor.py:161} INFO - Started process (PID=27770) to work on /home/munya/.local/lib/python3.11/site-packages/airflow/example_dags/example_nested_branch_dag.py
[2024-05-09T15:07:43.182+0200] {processor.py:830} INFO - Processing file /home/munya/.local/lib/python3.11/site-packages/airflow/example_dags/example_nested_branch_dag.py for tasks to queue
[2024-05-09T15:07:43.189+0200] {logging_mixin.py:188} INFO - [2024-05-09T15:07:43.188+0200] {dagbag.py:540} INFO - Filling up the DagBag from /home/munya/.local/lib/python3.11/site-packages/airflow/example_dags/example_nested_branch_dag.py
[2024-05-09T15:07:43.222+0200] {processor.py:840} INFO - DAG(s) 'example_nested_branch_dag' retrieved from /home/munya/.local/lib/python3.11/site-packages/airflow/example_dags/example_nested_branch_dag.py
[2024-05-09T15:07:43.274+0200] {logging_mixin.py:188} INFO - [2024-05-09T15:07:43.273+0200] {dag.py:3096} INFO - Sync 1 DAGs
[2024-05-09T15:07:43.327+0200] {logging_mixin.py:188} INFO - [2024-05-09T15:07:43.327+0200] {dag.py:3954} INFO - Setting next_dagrun for example_nested_branch_dag to 2024-05-08 00:00:00+00:00, run_after=2024-05-09 00:00:00+00:00
[2024-05-09T15:07:43.355+0200] {processor.py:183} INFO - Processing /home/munya/.local/lib/python3.11/site-packages/airflow/example_dags/example_nested_branch_dag.py took 0.202 seconds
[2024-05-09T15:08:59.909+0200] {processor.py:161} INFO - Started process (PID=28736) to work on /home/munya/.local/lib/python3.11/site-packages/airflow/example_dags/example_nested_branch_dag.py
[2024-05-09T15:08:59.911+0200] {processor.py:830} INFO - Processing file /home/munya/.local/lib/python3.11/site-packages/airflow/example_dags/example_nested_branch_dag.py for tasks to queue
[2024-05-09T15:08:59.916+0200] {logging_mixin.py:188} INFO - [2024-05-09T15:08:59.915+0200] {dagbag.py:540} INFO - Filling up the DagBag from /home/munya/.local/lib/python3.11/site-packages/airflow/example_dags/example_nested_branch_dag.py
[2024-05-09T15:08:59.942+0200] {processor.py:840} INFO - DAG(s) 'example_nested_branch_dag' retrieved from /home/munya/.local/lib/python3.11/site-packages/airflow/example_dags/example_nested_branch_dag.py
[2024-05-09T15:08:59.973+0200] {logging_mixin.py:188} INFO - [2024-05-09T15:08:59.973+0200] {dag.py:3096} INFO - Sync 1 DAGs
[2024-05-09T15:09:00.012+0200] {logging_mixin.py:188} INFO - [2024-05-09T15:09:00.011+0200] {dag.py:3954} INFO - Setting next_dagrun for example_nested_branch_dag to 2024-05-08 00:00:00+00:00, run_after=2024-05-09 00:00:00+00:00
[2024-05-09T15:09:00.046+0200] {processor.py:183} INFO - Processing /home/munya/.local/lib/python3.11/site-packages/airflow/example_dags/example_nested_branch_dag.py took 0.152 seconds
[2024-05-09T15:10:12.008+0200] {processor.py:161} INFO - Started process (PID=29691) to work on /home/munya/.local/lib/python3.11/site-packages/airflow/example_dags/example_nested_branch_dag.py
[2024-05-09T15:10:12.010+0200] {processor.py:830} INFO - Processing file /home/munya/.local/lib/python3.11/site-packages/airflow/example_dags/example_nested_branch_dag.py for tasks to queue
[2024-05-09T15:10:12.018+0200] {logging_mixin.py:188} INFO - [2024-05-09T15:10:12.017+0200] {dagbag.py:540} INFO - Filling up the DagBag from /home/munya/.local/lib/python3.11/site-packages/airflow/example_dags/example_nested_branch_dag.py
[2024-05-09T15:10:12.051+0200] {processor.py:840} INFO - DAG(s) 'example_nested_branch_dag' retrieved from /home/munya/.local/lib/python3.11/site-packages/airflow/example_dags/example_nested_branch_dag.py
[2024-05-09T15:10:12.086+0200] {logging_mixin.py:188} INFO - [2024-05-09T15:10:12.086+0200] {dag.py:3096} INFO - Sync 1 DAGs
[2024-05-09T15:10:12.130+0200] {logging_mixin.py:188} INFO - [2024-05-09T15:10:12.130+0200] {dag.py:3954} INFO - Setting next_dagrun for example_nested_branch_dag to 2024-05-08 00:00:00+00:00, run_after=2024-05-09 00:00:00+00:00
[2024-05-09T15:10:12.204+0200] {processor.py:183} INFO - Processing /home/munya/.local/lib/python3.11/site-packages/airflow/example_dags/example_nested_branch_dag.py took 0.209 seconds
[2024-05-09T15:11:18.013+0200] {processor.py:161} INFO - Started process (PID=30517) to work on /home/munya/.local/lib/python3.11/site-packages/airflow/example_dags/example_nested_branch_dag.py
[2024-05-09T15:11:18.014+0200] {processor.py:830} INFO - Processing file /home/munya/.local/lib/python3.11/site-packages/airflow/example_dags/example_nested_branch_dag.py for tasks to queue
[2024-05-09T15:11:18.017+0200] {logging_mixin.py:188} INFO - [2024-05-09T15:11:18.016+0200] {dagbag.py:540} INFO - Filling up the DagBag from /home/munya/.local/lib/python3.11/site-packages/airflow/example_dags/example_nested_branch_dag.py
[2024-05-09T15:11:18.031+0200] {processor.py:840} INFO - DAG(s) 'example_nested_branch_dag' retrieved from /home/munya/.local/lib/python3.11/site-packages/airflow/example_dags/example_nested_branch_dag.py
[2024-05-09T15:11:18.052+0200] {logging_mixin.py:188} INFO - [2024-05-09T15:11:18.052+0200] {dag.py:3096} INFO - Sync 1 DAGs
[2024-05-09T15:11:18.078+0200] {logging_mixin.py:188} INFO - [2024-05-09T15:11:18.078+0200] {dag.py:3954} INFO - Setting next_dagrun for example_nested_branch_dag to 2024-05-08 00:00:00+00:00, run_after=2024-05-09 00:00:00+00:00
[2024-05-09T15:11:18.105+0200] {processor.py:183} INFO - Processing /home/munya/.local/lib/python3.11/site-packages/airflow/example_dags/example_nested_branch_dag.py took 0.100 seconds
[2024-05-09T15:12:28.727+0200] {processor.py:161} INFO - Started process (PID=31407) to work on /home/munya/.local/lib/python3.11/site-packages/airflow/example_dags/example_nested_branch_dag.py
[2024-05-09T15:12:28.728+0200] {processor.py:830} INFO - Processing file /home/munya/.local/lib/python3.11/site-packages/airflow/example_dags/example_nested_branch_dag.py for tasks to queue
[2024-05-09T15:12:28.731+0200] {logging_mixin.py:188} INFO - [2024-05-09T15:12:28.731+0200] {dagbag.py:540} INFO - Filling up the DagBag from /home/munya/.local/lib/python3.11/site-packages/airflow/example_dags/example_nested_branch_dag.py
[2024-05-09T15:12:28.747+0200] {processor.py:840} INFO - DAG(s) 'example_nested_branch_dag' retrieved from /home/munya/.local/lib/python3.11/site-packages/airflow/example_dags/example_nested_branch_dag.py
[2024-05-09T15:12:28.769+0200] {logging_mixin.py:188} INFO - [2024-05-09T15:12:28.769+0200] {dag.py:3096} INFO - Sync 1 DAGs
[2024-05-09T15:12:28.795+0200] {logging_mixin.py:188} INFO - [2024-05-09T15:12:28.795+0200] {dag.py:3954} INFO - Setting next_dagrun for example_nested_branch_dag to 2024-05-08 00:00:00+00:00, run_after=2024-05-09 00:00:00+00:00
[2024-05-09T15:12:28.820+0200] {processor.py:183} INFO - Processing /home/munya/.local/lib/python3.11/site-packages/airflow/example_dags/example_nested_branch_dag.py took 0.101 seconds
[2024-05-09T15:13:41.086+0200] {processor.py:161} INFO - Started process (PID=32326) to work on /home/munya/.local/lib/python3.11/site-packages/airflow/example_dags/example_nested_branch_dag.py
[2024-05-09T15:13:41.087+0200] {processor.py:830} INFO - Processing file /home/munya/.local/lib/python3.11/site-packages/airflow/example_dags/example_nested_branch_dag.py for tasks to queue
[2024-05-09T15:13:41.092+0200] {logging_mixin.py:188} INFO - [2024-05-09T15:13:41.091+0200] {dagbag.py:540} INFO - Filling up the DagBag from /home/munya/.local/lib/python3.11/site-packages/airflow/example_dags/example_nested_branch_dag.py
[2024-05-09T15:13:41.113+0200] {processor.py:840} INFO - DAG(s) 'example_nested_branch_dag' retrieved from /home/munya/.local/lib/python3.11/site-packages/airflow/example_dags/example_nested_branch_dag.py
[2024-05-09T15:13:41.148+0200] {logging_mixin.py:188} INFO - [2024-05-09T15:13:41.147+0200] {dag.py:3096} INFO - Sync 1 DAGs
[2024-05-09T15:13:41.187+0200] {logging_mixin.py:188} INFO - [2024-05-09T15:13:41.186+0200] {dag.py:3954} INFO - Setting next_dagrun for example_nested_branch_dag to 2024-05-08 00:00:00+00:00, run_after=2024-05-09 00:00:00+00:00
[2024-05-09T15:13:41.225+0200] {processor.py:183} INFO - Processing /home/munya/.local/lib/python3.11/site-packages/airflow/example_dags/example_nested_branch_dag.py took 0.151 seconds
[2024-05-09T15:14:56.924+0200] {processor.py:161} INFO - Started process (PID=33259) to work on /home/munya/.local/lib/python3.11/site-packages/airflow/example_dags/example_nested_branch_dag.py
[2024-05-09T15:14:56.925+0200] {processor.py:830} INFO - Processing file /home/munya/.local/lib/python3.11/site-packages/airflow/example_dags/example_nested_branch_dag.py for tasks to queue
[2024-05-09T15:14:56.929+0200] {logging_mixin.py:188} INFO - [2024-05-09T15:14:56.928+0200] {dagbag.py:540} INFO - Filling up the DagBag from /home/munya/.local/lib/python3.11/site-packages/airflow/example_dags/example_nested_branch_dag.py
[2024-05-09T15:14:56.954+0200] {processor.py:840} INFO - DAG(s) 'example_nested_branch_dag' retrieved from /home/munya/.local/lib/python3.11/site-packages/airflow/example_dags/example_nested_branch_dag.py
[2024-05-09T15:14:56.991+0200] {logging_mixin.py:188} INFO - [2024-05-09T15:14:56.991+0200] {dag.py:3096} INFO - Sync 1 DAGs
[2024-05-09T15:14:57.044+0200] {logging_mixin.py:188} INFO - [2024-05-09T15:14:57.043+0200] {dag.py:3954} INFO - Setting next_dagrun for example_nested_branch_dag to 2024-05-08 00:00:00+00:00, run_after=2024-05-09 00:00:00+00:00
[2024-05-09T15:14:57.087+0200] {processor.py:183} INFO - Processing /home/munya/.local/lib/python3.11/site-packages/airflow/example_dags/example_nested_branch_dag.py took 0.176 seconds
[2024-05-09T15:15:59.551+0200] {processor.py:161} INFO - Started process (PID=34285) to work on /home/munya/.local/lib/python3.11/site-packages/airflow/example_dags/example_nested_branch_dag.py
[2024-05-09T15:15:59.552+0200] {processor.py:830} INFO - Processing file /home/munya/.local/lib/python3.11/site-packages/airflow/example_dags/example_nested_branch_dag.py for tasks to queue
[2024-05-09T15:15:59.554+0200] {logging_mixin.py:188} INFO - [2024-05-09T15:15:59.554+0200] {dagbag.py:540} INFO - Filling up the DagBag from /home/munya/.local/lib/python3.11/site-packages/airflow/example_dags/example_nested_branch_dag.py
[2024-05-09T15:15:59.564+0200] {processor.py:840} INFO - DAG(s) 'example_nested_branch_dag' retrieved from /home/munya/.local/lib/python3.11/site-packages/airflow/example_dags/example_nested_branch_dag.py
[2024-05-09T15:15:59.579+0200] {logging_mixin.py:188} INFO - [2024-05-09T15:15:59.579+0200] {dag.py:3096} INFO - Sync 1 DAGs
[2024-05-09T15:15:59.598+0200] {logging_mixin.py:188} INFO - [2024-05-09T15:15:59.597+0200] {dag.py:3954} INFO - Setting next_dagrun for example_nested_branch_dag to 2024-05-08 00:00:00+00:00, run_after=2024-05-09 00:00:00+00:00
[2024-05-09T15:15:59.618+0200] {processor.py:183} INFO - Processing /home/munya/.local/lib/python3.11/site-packages/airflow/example_dags/example_nested_branch_dag.py took 0.073 seconds
[2024-05-09T15:16:58.712+0200] {processor.py:161} INFO - Started process (PID=35034) to work on /home/munya/.local/lib/python3.11/site-packages/airflow/example_dags/example_nested_branch_dag.py
[2024-05-09T15:16:58.713+0200] {processor.py:830} INFO - Processing file /home/munya/.local/lib/python3.11/site-packages/airflow/example_dags/example_nested_branch_dag.py for tasks to queue
[2024-05-09T15:16:58.715+0200] {logging_mixin.py:188} INFO - [2024-05-09T15:16:58.714+0200] {dagbag.py:540} INFO - Filling up the DagBag from /home/munya/.local/lib/python3.11/site-packages/airflow/example_dags/example_nested_branch_dag.py
[2024-05-09T15:16:58.725+0200] {processor.py:840} INFO - DAG(s) 'example_nested_branch_dag' retrieved from /home/munya/.local/lib/python3.11/site-packages/airflow/example_dags/example_nested_branch_dag.py
[2024-05-09T15:16:58.741+0200] {logging_mixin.py:188} INFO - [2024-05-09T15:16:58.741+0200] {dag.py:3096} INFO - Sync 1 DAGs
[2024-05-09T15:16:58.759+0200] {logging_mixin.py:188} INFO - [2024-05-09T15:16:58.758+0200] {dag.py:3954} INFO - Setting next_dagrun for example_nested_branch_dag to 2024-05-08 00:00:00+00:00, run_after=2024-05-09 00:00:00+00:00
[2024-05-09T15:16:58.780+0200] {processor.py:183} INFO - Processing /home/munya/.local/lib/python3.11/site-packages/airflow/example_dags/example_nested_branch_dag.py took 0.075 seconds
[2024-05-09T15:18:03.786+0200] {processor.py:161} INFO - Started process (PID=35861) to work on /home/munya/.local/lib/python3.11/site-packages/airflow/example_dags/example_nested_branch_dag.py
[2024-05-09T15:18:03.787+0200] {processor.py:830} INFO - Processing file /home/munya/.local/lib/python3.11/site-packages/airflow/example_dags/example_nested_branch_dag.py for tasks to queue
[2024-05-09T15:18:03.788+0200] {logging_mixin.py:188} INFO - [2024-05-09T15:18:03.788+0200] {dagbag.py:540} INFO - Filling up the DagBag from /home/munya/.local/lib/python3.11/site-packages/airflow/example_dags/example_nested_branch_dag.py
[2024-05-09T15:18:03.797+0200] {processor.py:840} INFO - DAG(s) 'example_nested_branch_dag' retrieved from /home/munya/.local/lib/python3.11/site-packages/airflow/example_dags/example_nested_branch_dag.py
[2024-05-09T15:18:03.812+0200] {logging_mixin.py:188} INFO - [2024-05-09T15:18:03.812+0200] {dag.py:3096} INFO - Sync 1 DAGs
[2024-05-09T15:18:03.829+0200] {logging_mixin.py:188} INFO - [2024-05-09T15:18:03.829+0200] {dag.py:3954} INFO - Setting next_dagrun for example_nested_branch_dag to 2024-05-08 00:00:00+00:00, run_after=2024-05-09 00:00:00+00:00
[2024-05-09T15:18:03.845+0200] {processor.py:183} INFO - Processing /home/munya/.local/lib/python3.11/site-packages/airflow/example_dags/example_nested_branch_dag.py took 0.064 seconds
[2024-05-09T15:19:04.649+0200] {processor.py:161} INFO - Started process (PID=36604) to work on /home/munya/.local/lib/python3.11/site-packages/airflow/example_dags/example_nested_branch_dag.py
[2024-05-09T15:19:04.652+0200] {processor.py:830} INFO - Processing file /home/munya/.local/lib/python3.11/site-packages/airflow/example_dags/example_nested_branch_dag.py for tasks to queue
[2024-05-09T15:19:04.658+0200] {logging_mixin.py:188} INFO - [2024-05-09T15:19:04.657+0200] {dagbag.py:540} INFO - Filling up the DagBag from /home/munya/.local/lib/python3.11/site-packages/airflow/example_dags/example_nested_branch_dag.py
[2024-05-09T15:19:04.695+0200] {processor.py:840} INFO - DAG(s) 'example_nested_branch_dag' retrieved from /home/munya/.local/lib/python3.11/site-packages/airflow/example_dags/example_nested_branch_dag.py
[2024-05-09T15:19:04.750+0200] {logging_mixin.py:188} INFO - [2024-05-09T15:19:04.749+0200] {dag.py:3096} INFO - Sync 1 DAGs
[2024-05-09T15:19:04.833+0200] {logging_mixin.py:188} INFO - [2024-05-09T15:19:04.832+0200] {dag.py:3954} INFO - Setting next_dagrun for example_nested_branch_dag to 2024-05-08 00:00:00+00:00, run_after=2024-05-09 00:00:00+00:00
[2024-05-09T15:19:04.901+0200] {processor.py:183} INFO - Processing /home/munya/.local/lib/python3.11/site-packages/airflow/example_dags/example_nested_branch_dag.py took 0.273 seconds
[2024-05-09T15:20:12.302+0200] {processor.py:161} INFO - Started process (PID=37465) to work on /home/munya/.local/lib/python3.11/site-packages/airflow/example_dags/example_nested_branch_dag.py
[2024-05-09T15:20:12.303+0200] {processor.py:830} INFO - Processing file /home/munya/.local/lib/python3.11/site-packages/airflow/example_dags/example_nested_branch_dag.py for tasks to queue
[2024-05-09T15:20:12.305+0200] {logging_mixin.py:188} INFO - [2024-05-09T15:20:12.304+0200] {dagbag.py:540} INFO - Filling up the DagBag from /home/munya/.local/lib/python3.11/site-packages/airflow/example_dags/example_nested_branch_dag.py
[2024-05-09T15:20:12.314+0200] {processor.py:840} INFO - DAG(s) 'example_nested_branch_dag' retrieved from /home/munya/.local/lib/python3.11/site-packages/airflow/example_dags/example_nested_branch_dag.py
[2024-05-09T15:20:12.331+0200] {logging_mixin.py:188} INFO - [2024-05-09T15:20:12.331+0200] {dag.py:3096} INFO - Sync 1 DAGs
[2024-05-09T15:20:12.354+0200] {logging_mixin.py:188} INFO - [2024-05-09T15:20:12.354+0200] {dag.py:3954} INFO - Setting next_dagrun for example_nested_branch_dag to 2024-05-08 00:00:00+00:00, run_after=2024-05-09 00:00:00+00:00
[2024-05-09T15:20:12.373+0200] {processor.py:183} INFO - Processing /home/munya/.local/lib/python3.11/site-packages/airflow/example_dags/example_nested_branch_dag.py took 0.077 seconds
[2024-05-09T15:21:18.074+0200] {processor.py:161} INFO - Started process (PID=38291) to work on /home/munya/.local/lib/python3.11/site-packages/airflow/example_dags/example_nested_branch_dag.py
[2024-05-09T15:21:18.075+0200] {processor.py:830} INFO - Processing file /home/munya/.local/lib/python3.11/site-packages/airflow/example_dags/example_nested_branch_dag.py for tasks to queue
[2024-05-09T15:21:18.077+0200] {logging_mixin.py:188} INFO - [2024-05-09T15:21:18.077+0200] {dagbag.py:540} INFO - Filling up the DagBag from /home/munya/.local/lib/python3.11/site-packages/airflow/example_dags/example_nested_branch_dag.py
[2024-05-09T15:21:18.088+0200] {processor.py:840} INFO - DAG(s) 'example_nested_branch_dag' retrieved from /home/munya/.local/lib/python3.11/site-packages/airflow/example_dags/example_nested_branch_dag.py
[2024-05-09T15:21:18.106+0200] {logging_mixin.py:188} INFO - [2024-05-09T15:21:18.106+0200] {dag.py:3096} INFO - Sync 1 DAGs
[2024-05-09T15:21:18.126+0200] {logging_mixin.py:188} INFO - [2024-05-09T15:21:18.126+0200] {dag.py:3954} INFO - Setting next_dagrun for example_nested_branch_dag to 2024-05-08 00:00:00+00:00, run_after=2024-05-09 00:00:00+00:00
[2024-05-09T15:21:18.148+0200] {processor.py:183} INFO - Processing /home/munya/.local/lib/python3.11/site-packages/airflow/example_dags/example_nested_branch_dag.py took 0.079 seconds
[2024-05-09T15:22:24.982+0200] {processor.py:161} INFO - Started process (PID=39174) to work on /home/munya/.local/lib/python3.11/site-packages/airflow/example_dags/example_nested_branch_dag.py
[2024-05-09T15:22:24.983+0200] {processor.py:830} INFO - Processing file /home/munya/.local/lib/python3.11/site-packages/airflow/example_dags/example_nested_branch_dag.py for tasks to queue
[2024-05-09T15:22:24.986+0200] {logging_mixin.py:188} INFO - [2024-05-09T15:22:24.985+0200] {dagbag.py:540} INFO - Filling up the DagBag from /home/munya/.local/lib/python3.11/site-packages/airflow/example_dags/example_nested_branch_dag.py
[2024-05-09T15:22:25.001+0200] {processor.py:840} INFO - DAG(s) 'example_nested_branch_dag' retrieved from /home/munya/.local/lib/python3.11/site-packages/airflow/example_dags/example_nested_branch_dag.py
[2024-05-09T15:22:25.017+0200] {logging_mixin.py:188} INFO - [2024-05-09T15:22:25.017+0200] {dag.py:3096} INFO - Sync 1 DAGs
[2024-05-09T15:22:25.035+0200] {logging_mixin.py:188} INFO - [2024-05-09T15:22:25.035+0200] {dag.py:3954} INFO - Setting next_dagrun for example_nested_branch_dag to 2024-05-08 00:00:00+00:00, run_after=2024-05-09 00:00:00+00:00
[2024-05-09T15:22:25.054+0200] {processor.py:183} INFO - Processing /home/munya/.local/lib/python3.11/site-packages/airflow/example_dags/example_nested_branch_dag.py took 0.078 seconds
[2024-05-09T15:23:32.012+0200] {processor.py:161} INFO - Started process (PID=40168) to work on /home/munya/.local/lib/python3.11/site-packages/airflow/example_dags/example_nested_branch_dag.py
[2024-05-09T15:23:32.013+0200] {processor.py:830} INFO - Processing file /home/munya/.local/lib/python3.11/site-packages/airflow/example_dags/example_nested_branch_dag.py for tasks to queue
[2024-05-09T15:23:32.017+0200] {logging_mixin.py:188} INFO - [2024-05-09T15:23:32.016+0200] {dagbag.py:540} INFO - Filling up the DagBag from /home/munya/.local/lib/python3.11/site-packages/airflow/example_dags/example_nested_branch_dag.py
[2024-05-09T15:23:32.028+0200] {processor.py:840} INFO - DAG(s) 'example_nested_branch_dag' retrieved from /home/munya/.local/lib/python3.11/site-packages/airflow/example_dags/example_nested_branch_dag.py
[2024-05-09T15:23:32.046+0200] {logging_mixin.py:188} INFO - [2024-05-09T15:23:32.046+0200] {dag.py:3096} INFO - Sync 1 DAGs
[2024-05-09T15:23:32.068+0200] {logging_mixin.py:188} INFO - [2024-05-09T15:23:32.067+0200] {dag.py:3954} INFO - Setting next_dagrun for example_nested_branch_dag to 2024-05-08 00:00:00+00:00, run_after=2024-05-09 00:00:00+00:00
[2024-05-09T15:23:32.101+0200] {processor.py:183} INFO - Processing /home/munya/.local/lib/python3.11/site-packages/airflow/example_dags/example_nested_branch_dag.py took 0.099 seconds
[2024-05-09T15:24:34.064+0200] {processor.py:161} INFO - Started process (PID=40951) to work on /home/munya/.local/lib/python3.11/site-packages/airflow/example_dags/example_nested_branch_dag.py
[2024-05-09T15:24:34.065+0200] {processor.py:830} INFO - Processing file /home/munya/.local/lib/python3.11/site-packages/airflow/example_dags/example_nested_branch_dag.py for tasks to queue
[2024-05-09T15:24:34.067+0200] {logging_mixin.py:188} INFO - [2024-05-09T15:24:34.067+0200] {dagbag.py:540} INFO - Filling up the DagBag from /home/munya/.local/lib/python3.11/site-packages/airflow/example_dags/example_nested_branch_dag.py
[2024-05-09T15:24:34.079+0200] {processor.py:840} INFO - DAG(s) 'example_nested_branch_dag' retrieved from /home/munya/.local/lib/python3.11/site-packages/airflow/example_dags/example_nested_branch_dag.py
[2024-05-09T15:24:34.094+0200] {logging_mixin.py:188} INFO - [2024-05-09T15:24:34.094+0200] {dag.py:3096} INFO - Sync 1 DAGs
[2024-05-09T15:24:34.116+0200] {logging_mixin.py:188} INFO - [2024-05-09T15:24:34.115+0200] {dag.py:3954} INFO - Setting next_dagrun for example_nested_branch_dag to 2024-05-08 00:00:00+00:00, run_after=2024-05-09 00:00:00+00:00
[2024-05-09T15:24:34.143+0200] {processor.py:183} INFO - Processing /home/munya/.local/lib/python3.11/site-packages/airflow/example_dags/example_nested_branch_dag.py took 0.086 seconds
[2024-05-09T15:25:31.133+0200] {processor.py:161} INFO - Started process (PID=41671) to work on /home/munya/.local/lib/python3.11/site-packages/airflow/example_dags/example_nested_branch_dag.py
[2024-05-09T15:25:31.134+0200] {processor.py:830} INFO - Processing file /home/munya/.local/lib/python3.11/site-packages/airflow/example_dags/example_nested_branch_dag.py for tasks to queue
[2024-05-09T15:25:31.136+0200] {logging_mixin.py:188} INFO - [2024-05-09T15:25:31.136+0200] {dagbag.py:540} INFO - Filling up the DagBag from /home/munya/.local/lib/python3.11/site-packages/airflow/example_dags/example_nested_branch_dag.py
[2024-05-09T15:25:31.146+0200] {processor.py:840} INFO - DAG(s) 'example_nested_branch_dag' retrieved from /home/munya/.local/lib/python3.11/site-packages/airflow/example_dags/example_nested_branch_dag.py
[2024-05-09T15:25:31.161+0200] {logging_mixin.py:188} INFO - [2024-05-09T15:25:31.161+0200] {dag.py:3096} INFO - Sync 1 DAGs
[2024-05-09T15:25:31.181+0200] {logging_mixin.py:188} INFO - [2024-05-09T15:25:31.181+0200] {dag.py:3954} INFO - Setting next_dagrun for example_nested_branch_dag to 2024-05-08 00:00:00+00:00, run_after=2024-05-09 00:00:00+00:00
[2024-05-09T15:25:31.203+0200] {processor.py:183} INFO - Processing /home/munya/.local/lib/python3.11/site-packages/airflow/example_dags/example_nested_branch_dag.py took 0.075 seconds
[2024-05-09T15:26:31.994+0200] {processor.py:161} INFO - Started process (PID=42441) to work on /home/munya/.local/lib/python3.11/site-packages/airflow/example_dags/example_nested_branch_dag.py
[2024-05-09T15:26:31.996+0200] {processor.py:830} INFO - Processing file /home/munya/.local/lib/python3.11/site-packages/airflow/example_dags/example_nested_branch_dag.py for tasks to queue
[2024-05-09T15:26:31.998+0200] {logging_mixin.py:188} INFO - [2024-05-09T15:26:31.997+0200] {dagbag.py:540} INFO - Filling up the DagBag from /home/munya/.local/lib/python3.11/site-packages/airflow/example_dags/example_nested_branch_dag.py
[2024-05-09T15:26:32.008+0200] {processor.py:840} INFO - DAG(s) 'example_nested_branch_dag' retrieved from /home/munya/.local/lib/python3.11/site-packages/airflow/example_dags/example_nested_branch_dag.py
[2024-05-09T15:26:32.024+0200] {logging_mixin.py:188} INFO - [2024-05-09T15:26:32.024+0200] {dag.py:3096} INFO - Sync 1 DAGs
[2024-05-09T15:26:32.054+0200] {logging_mixin.py:188} INFO - [2024-05-09T15:26:32.053+0200] {dag.py:3954} INFO - Setting next_dagrun for example_nested_branch_dag to 2024-05-08 00:00:00+00:00, run_after=2024-05-09 00:00:00+00:00
[2024-05-09T15:26:32.080+0200] {processor.py:183} INFO - Processing /home/munya/.local/lib/python3.11/site-packages/airflow/example_dags/example_nested_branch_dag.py took 0.092 seconds
[2024-05-09T15:27:39.435+0200] {processor.py:161} INFO - Started process (PID=43284) to work on /home/munya/.local/lib/python3.11/site-packages/airflow/example_dags/example_nested_branch_dag.py
[2024-05-09T15:27:39.436+0200] {processor.py:830} INFO - Processing file /home/munya/.local/lib/python3.11/site-packages/airflow/example_dags/example_nested_branch_dag.py for tasks to queue
[2024-05-09T15:27:39.438+0200] {logging_mixin.py:188} INFO - [2024-05-09T15:27:39.437+0200] {dagbag.py:540} INFO - Filling up the DagBag from /home/munya/.local/lib/python3.11/site-packages/airflow/example_dags/example_nested_branch_dag.py
[2024-05-09T15:27:39.447+0200] {processor.py:840} INFO - DAG(s) 'example_nested_branch_dag' retrieved from /home/munya/.local/lib/python3.11/site-packages/airflow/example_dags/example_nested_branch_dag.py
[2024-05-09T15:27:39.462+0200] {logging_mixin.py:188} INFO - [2024-05-09T15:27:39.462+0200] {dag.py:3096} INFO - Sync 1 DAGs
[2024-05-09T15:27:39.480+0200] {logging_mixin.py:188} INFO - [2024-05-09T15:27:39.480+0200] {dag.py:3954} INFO - Setting next_dagrun for example_nested_branch_dag to 2024-05-08 00:00:00+00:00, run_after=2024-05-09 00:00:00+00:00
[2024-05-09T15:27:39.497+0200] {processor.py:183} INFO - Processing /home/munya/.local/lib/python3.11/site-packages/airflow/example_dags/example_nested_branch_dag.py took 0.067 seconds
[2024-05-09T15:28:41.831+0200] {processor.py:161} INFO - Started process (PID=44069) to work on /home/munya/.local/lib/python3.11/site-packages/airflow/example_dags/example_nested_branch_dag.py
[2024-05-09T15:28:41.832+0200] {processor.py:830} INFO - Processing file /home/munya/.local/lib/python3.11/site-packages/airflow/example_dags/example_nested_branch_dag.py for tasks to queue
[2024-05-09T15:28:41.834+0200] {logging_mixin.py:188} INFO - [2024-05-09T15:28:41.834+0200] {dagbag.py:540} INFO - Filling up the DagBag from /home/munya/.local/lib/python3.11/site-packages/airflow/example_dags/example_nested_branch_dag.py
[2024-05-09T15:28:41.845+0200] {processor.py:840} INFO - DAG(s) 'example_nested_branch_dag' retrieved from /home/munya/.local/lib/python3.11/site-packages/airflow/example_dags/example_nested_branch_dag.py
[2024-05-09T15:28:41.861+0200] {logging_mixin.py:188} INFO - [2024-05-09T15:28:41.861+0200] {dag.py:3096} INFO - Sync 1 DAGs
[2024-05-09T15:28:41.881+0200] {logging_mixin.py:188} INFO - [2024-05-09T15:28:41.881+0200] {dag.py:3954} INFO - Setting next_dagrun for example_nested_branch_dag to 2024-05-08 00:00:00+00:00, run_after=2024-05-09 00:00:00+00:00
[2024-05-09T15:28:41.899+0200] {processor.py:183} INFO - Processing /home/munya/.local/lib/python3.11/site-packages/airflow/example_dags/example_nested_branch_dag.py took 0.074 seconds
[2024-05-09T15:29:38.667+0200] {processor.py:161} INFO - Started process (PID=44771) to work on /home/munya/.local/lib/python3.11/site-packages/airflow/example_dags/example_nested_branch_dag.py
[2024-05-09T15:29:38.668+0200] {processor.py:830} INFO - Processing file /home/munya/.local/lib/python3.11/site-packages/airflow/example_dags/example_nested_branch_dag.py for tasks to queue
[2024-05-09T15:29:38.669+0200] {logging_mixin.py:188} INFO - [2024-05-09T15:29:38.669+0200] {dagbag.py:540} INFO - Filling up the DagBag from /home/munya/.local/lib/python3.11/site-packages/airflow/example_dags/example_nested_branch_dag.py
[2024-05-09T15:29:38.679+0200] {processor.py:840} INFO - DAG(s) 'example_nested_branch_dag' retrieved from /home/munya/.local/lib/python3.11/site-packages/airflow/example_dags/example_nested_branch_dag.py
[2024-05-09T15:29:38.694+0200] {logging_mixin.py:188} INFO - [2024-05-09T15:29:38.694+0200] {dag.py:3096} INFO - Sync 1 DAGs
[2024-05-09T15:29:38.712+0200] {logging_mixin.py:188} INFO - [2024-05-09T15:29:38.712+0200] {dag.py:3954} INFO - Setting next_dagrun for example_nested_branch_dag to 2024-05-08 00:00:00+00:00, run_after=2024-05-09 00:00:00+00:00
[2024-05-09T15:29:38.736+0200] {processor.py:183} INFO - Processing /home/munya/.local/lib/python3.11/site-packages/airflow/example_dags/example_nested_branch_dag.py took 0.074 seconds
[2024-05-09T15:30:35.870+0200] {processor.py:161} INFO - Started process (PID=45490) to work on /home/munya/.local/lib/python3.11/site-packages/airflow/example_dags/example_nested_branch_dag.py
[2024-05-09T15:30:35.872+0200] {processor.py:830} INFO - Processing file /home/munya/.local/lib/python3.11/site-packages/airflow/example_dags/example_nested_branch_dag.py for tasks to queue
[2024-05-09T15:30:35.874+0200] {logging_mixin.py:188} INFO - [2024-05-09T15:30:35.874+0200] {dagbag.py:540} INFO - Filling up the DagBag from /home/munya/.local/lib/python3.11/site-packages/airflow/example_dags/example_nested_branch_dag.py
[2024-05-09T15:30:35.889+0200] {processor.py:840} INFO - DAG(s) 'example_nested_branch_dag' retrieved from /home/munya/.local/lib/python3.11/site-packages/airflow/example_dags/example_nested_branch_dag.py
[2024-05-09T15:30:35.914+0200] {logging_mixin.py:188} INFO - [2024-05-09T15:30:35.913+0200] {dag.py:3096} INFO - Sync 1 DAGs
[2024-05-09T15:30:35.942+0200] {logging_mixin.py:188} INFO - [2024-05-09T15:30:35.941+0200] {dag.py:3954} INFO - Setting next_dagrun for example_nested_branch_dag to 2024-05-08 00:00:00+00:00, run_after=2024-05-09 00:00:00+00:00
[2024-05-09T15:30:35.967+0200] {processor.py:183} INFO - Processing /home/munya/.local/lib/python3.11/site-packages/airflow/example_dags/example_nested_branch_dag.py took 0.105 seconds
[2024-05-09T15:31:28.625+0200] {processor.py:161} INFO - Started process (PID=46138) to work on /home/munya/.local/lib/python3.11/site-packages/airflow/example_dags/example_nested_branch_dag.py
[2024-05-09T15:31:28.627+0200] {processor.py:830} INFO - Processing file /home/munya/.local/lib/python3.11/site-packages/airflow/example_dags/example_nested_branch_dag.py for tasks to queue
[2024-05-09T15:31:28.629+0200] {logging_mixin.py:188} INFO - [2024-05-09T15:31:28.629+0200] {dagbag.py:540} INFO - Filling up the DagBag from /home/munya/.local/lib/python3.11/site-packages/airflow/example_dags/example_nested_branch_dag.py
[2024-05-09T15:31:28.643+0200] {processor.py:840} INFO - DAG(s) 'example_nested_branch_dag' retrieved from /home/munya/.local/lib/python3.11/site-packages/airflow/example_dags/example_nested_branch_dag.py
[2024-05-09T15:31:28.666+0200] {logging_mixin.py:188} INFO - [2024-05-09T15:31:28.665+0200] {dag.py:3096} INFO - Sync 1 DAGs
[2024-05-09T15:31:28.693+0200] {logging_mixin.py:188} INFO - [2024-05-09T15:31:28.692+0200] {dag.py:3954} INFO - Setting next_dagrun for example_nested_branch_dag to 2024-05-08 00:00:00+00:00, run_after=2024-05-09 00:00:00+00:00
[2024-05-09T15:31:28.716+0200] {processor.py:183} INFO - Processing /home/munya/.local/lib/python3.11/site-packages/airflow/example_dags/example_nested_branch_dag.py took 0.098 seconds
[2024-05-09T15:32:24.013+0200] {processor.py:161} INFO - Started process (PID=46828) to work on /home/munya/.local/lib/python3.11/site-packages/airflow/example_dags/example_nested_branch_dag.py
[2024-05-09T15:32:24.014+0200] {processor.py:830} INFO - Processing file /home/munya/.local/lib/python3.11/site-packages/airflow/example_dags/example_nested_branch_dag.py for tasks to queue
[2024-05-09T15:32:24.016+0200] {logging_mixin.py:188} INFO - [2024-05-09T15:32:24.016+0200] {dagbag.py:540} INFO - Filling up the DagBag from /home/munya/.local/lib/python3.11/site-packages/airflow/example_dags/example_nested_branch_dag.py
[2024-05-09T15:32:24.027+0200] {processor.py:840} INFO - DAG(s) 'example_nested_branch_dag' retrieved from /home/munya/.local/lib/python3.11/site-packages/airflow/example_dags/example_nested_branch_dag.py
[2024-05-09T15:32:24.043+0200] {logging_mixin.py:188} INFO - [2024-05-09T15:32:24.043+0200] {dag.py:3096} INFO - Sync 1 DAGs
[2024-05-09T15:32:24.061+0200] {logging_mixin.py:188} INFO - [2024-05-09T15:32:24.061+0200] {dag.py:3954} INFO - Setting next_dagrun for example_nested_branch_dag to 2024-05-08 00:00:00+00:00, run_after=2024-05-09 00:00:00+00:00
[2024-05-09T15:32:24.079+0200] {processor.py:183} INFO - Processing /home/munya/.local/lib/python3.11/site-packages/airflow/example_dags/example_nested_branch_dag.py took 0.072 seconds
[2024-05-09T15:33:22.612+0200] {processor.py:161} INFO - Started process (PID=47527) to work on /home/munya/.local/lib/python3.11/site-packages/airflow/example_dags/example_nested_branch_dag.py
[2024-05-09T15:33:22.615+0200] {processor.py:830} INFO - Processing file /home/munya/.local/lib/python3.11/site-packages/airflow/example_dags/example_nested_branch_dag.py for tasks to queue
[2024-05-09T15:33:22.620+0200] {logging_mixin.py:188} INFO - [2024-05-09T15:33:22.619+0200] {dagbag.py:540} INFO - Filling up the DagBag from /home/munya/.local/lib/python3.11/site-packages/airflow/example_dags/example_nested_branch_dag.py
[2024-05-09T15:33:22.655+0200] {processor.py:840} INFO - DAG(s) 'example_nested_branch_dag' retrieved from /home/munya/.local/lib/python3.11/site-packages/airflow/example_dags/example_nested_branch_dag.py
[2024-05-09T15:33:22.717+0200] {logging_mixin.py:188} INFO - [2024-05-09T15:33:22.717+0200] {dag.py:3096} INFO - Sync 1 DAGs
[2024-05-09T15:33:22.780+0200] {logging_mixin.py:188} INFO - [2024-05-09T15:33:22.779+0200] {dag.py:3954} INFO - Setting next_dagrun for example_nested_branch_dag to 2024-05-08 00:00:00+00:00, run_after=2024-05-09 00:00:00+00:00
[2024-05-09T15:33:22.839+0200] {processor.py:183} INFO - Processing /home/munya/.local/lib/python3.11/site-packages/airflow/example_dags/example_nested_branch_dag.py took 0.246 seconds
[2024-05-09T15:34:31.610+0200] {processor.py:161} INFO - Started process (PID=48394) to work on /home/munya/.local/lib/python3.11/site-packages/airflow/example_dags/example_nested_branch_dag.py
[2024-05-09T15:34:31.613+0200] {processor.py:830} INFO - Processing file /home/munya/.local/lib/python3.11/site-packages/airflow/example_dags/example_nested_branch_dag.py for tasks to queue
[2024-05-09T15:34:31.618+0200] {logging_mixin.py:188} INFO - [2024-05-09T15:34:31.617+0200] {dagbag.py:540} INFO - Filling up the DagBag from /home/munya/.local/lib/python3.11/site-packages/airflow/example_dags/example_nested_branch_dag.py
[2024-05-09T15:34:31.652+0200] {processor.py:840} INFO - DAG(s) 'example_nested_branch_dag' retrieved from /home/munya/.local/lib/python3.11/site-packages/airflow/example_dags/example_nested_branch_dag.py
[2024-05-09T15:34:31.707+0200] {logging_mixin.py:188} INFO - [2024-05-09T15:34:31.706+0200] {dag.py:3096} INFO - Sync 1 DAGs
[2024-05-09T15:34:31.771+0200] {logging_mixin.py:188} INFO - [2024-05-09T15:34:31.770+0200] {dag.py:3954} INFO - Setting next_dagrun for example_nested_branch_dag to 2024-05-08 00:00:00+00:00, run_after=2024-05-09 00:00:00+00:00
[2024-05-09T15:34:31.845+0200] {processor.py:183} INFO - Processing /home/munya/.local/lib/python3.11/site-packages/airflow/example_dags/example_nested_branch_dag.py took 0.254 seconds
[2024-05-09T15:35:28.956+0200] {processor.py:161} INFO - Started process (PID=49155) to work on /home/munya/.local/lib/python3.11/site-packages/airflow/example_dags/example_nested_branch_dag.py
[2024-05-09T15:35:28.957+0200] {processor.py:830} INFO - Processing file /home/munya/.local/lib/python3.11/site-packages/airflow/example_dags/example_nested_branch_dag.py for tasks to queue
[2024-05-09T15:35:28.959+0200] {logging_mixin.py:188} INFO - [2024-05-09T15:35:28.959+0200] {dagbag.py:540} INFO - Filling up the DagBag from /home/munya/.local/lib/python3.11/site-packages/airflow/example_dags/example_nested_branch_dag.py
[2024-05-09T15:35:28.972+0200] {processor.py:840} INFO - DAG(s) 'example_nested_branch_dag' retrieved from /home/munya/.local/lib/python3.11/site-packages/airflow/example_dags/example_nested_branch_dag.py
[2024-05-09T15:35:28.993+0200] {logging_mixin.py:188} INFO - [2024-05-09T15:35:28.993+0200] {dag.py:3096} INFO - Sync 1 DAGs
[2024-05-09T15:35:29.020+0200] {logging_mixin.py:188} INFO - [2024-05-09T15:35:29.020+0200] {dag.py:3954} INFO - Setting next_dagrun for example_nested_branch_dag to 2024-05-08 00:00:00+00:00, run_after=2024-05-09 00:00:00+00:00
[2024-05-09T15:35:29.047+0200] {processor.py:183} INFO - Processing /home/munya/.local/lib/python3.11/site-packages/airflow/example_dags/example_nested_branch_dag.py took 0.099 seconds
[2024-05-09T15:36:26.091+0200] {processor.py:161} INFO - Started process (PID=49860) to work on /home/munya/.local/lib/python3.11/site-packages/airflow/example_dags/example_nested_branch_dag.py
[2024-05-09T15:36:26.092+0200] {processor.py:830} INFO - Processing file /home/munya/.local/lib/python3.11/site-packages/airflow/example_dags/example_nested_branch_dag.py for tasks to queue
[2024-05-09T15:36:26.094+0200] {logging_mixin.py:188} INFO - [2024-05-09T15:36:26.093+0200] {dagbag.py:540} INFO - Filling up the DagBag from /home/munya/.local/lib/python3.11/site-packages/airflow/example_dags/example_nested_branch_dag.py
[2024-05-09T15:36:26.104+0200] {processor.py:840} INFO - DAG(s) 'example_nested_branch_dag' retrieved from /home/munya/.local/lib/python3.11/site-packages/airflow/example_dags/example_nested_branch_dag.py
[2024-05-09T15:36:26.120+0200] {logging_mixin.py:188} INFO - [2024-05-09T15:36:26.120+0200] {dag.py:3096} INFO - Sync 1 DAGs
[2024-05-09T15:36:26.138+0200] {logging_mixin.py:188} INFO - [2024-05-09T15:36:26.138+0200] {dag.py:3954} INFO - Setting next_dagrun for example_nested_branch_dag to 2024-05-08 00:00:00+00:00, run_after=2024-05-09 00:00:00+00:00
[2024-05-09T15:36:26.251+0200] {processor.py:183} INFO - Processing /home/munya/.local/lib/python3.11/site-packages/airflow/example_dags/example_nested_branch_dag.py took 0.166 seconds
[2024-05-09T15:37:55.381+0200] {processor.py:161} INFO - Started process (PID=50995) to work on /home/munya/.local/lib/python3.11/site-packages/airflow/example_dags/example_nested_branch_dag.py
[2024-05-09T15:37:55.382+0200] {processor.py:830} INFO - Processing file /home/munya/.local/lib/python3.11/site-packages/airflow/example_dags/example_nested_branch_dag.py for tasks to queue
[2024-05-09T15:37:55.384+0200] {logging_mixin.py:188} INFO - [2024-05-09T15:37:55.384+0200] {dagbag.py:540} INFO - Filling up the DagBag from /home/munya/.local/lib/python3.11/site-packages/airflow/example_dags/example_nested_branch_dag.py
[2024-05-09T15:37:55.395+0200] {processor.py:840} INFO - DAG(s) 'example_nested_branch_dag' retrieved from /home/munya/.local/lib/python3.11/site-packages/airflow/example_dags/example_nested_branch_dag.py
[2024-05-09T15:37:55.412+0200] {logging_mixin.py:188} INFO - [2024-05-09T15:37:55.411+0200] {dag.py:3096} INFO - Sync 1 DAGs
[2024-05-09T15:37:55.430+0200] {logging_mixin.py:188} INFO - [2024-05-09T15:37:55.430+0200] {dag.py:3954} INFO - Setting next_dagrun for example_nested_branch_dag to 2024-05-08 00:00:00+00:00, run_after=2024-05-09 00:00:00+00:00
[2024-05-09T15:37:55.683+0200] {processor.py:183} INFO - Processing /home/munya/.local/lib/python3.11/site-packages/airflow/example_dags/example_nested_branch_dag.py took 0.308 seconds
[2024-05-09T15:38:57.773+0200] {processor.py:161} INFO - Started process (PID=51782) to work on /home/munya/.local/lib/python3.11/site-packages/airflow/example_dags/example_nested_branch_dag.py
[2024-05-09T15:38:57.774+0200] {processor.py:830} INFO - Processing file /home/munya/.local/lib/python3.11/site-packages/airflow/example_dags/example_nested_branch_dag.py for tasks to queue
[2024-05-09T15:38:57.776+0200] {logging_mixin.py:188} INFO - [2024-05-09T15:38:57.776+0200] {dagbag.py:540} INFO - Filling up the DagBag from /home/munya/.local/lib/python3.11/site-packages/airflow/example_dags/example_nested_branch_dag.py
[2024-05-09T15:38:57.791+0200] {processor.py:840} INFO - DAG(s) 'example_nested_branch_dag' retrieved from /home/munya/.local/lib/python3.11/site-packages/airflow/example_dags/example_nested_branch_dag.py
[2024-05-09T15:38:57.813+0200] {logging_mixin.py:188} INFO - [2024-05-09T15:38:57.813+0200] {dag.py:3096} INFO - Sync 1 DAGs
[2024-05-09T15:38:57.838+0200] {logging_mixin.py:188} INFO - [2024-05-09T15:38:57.838+0200] {dag.py:3954} INFO - Setting next_dagrun for example_nested_branch_dag to 2024-05-08 00:00:00+00:00, run_after=2024-05-09 00:00:00+00:00
[2024-05-09T15:38:57.857+0200] {processor.py:183} INFO - Processing /home/munya/.local/lib/python3.11/site-packages/airflow/example_dags/example_nested_branch_dag.py took 0.091 seconds
[2024-05-09T15:39:57.266+0200] {processor.py:161} INFO - Started process (PID=52614) to work on /home/munya/.local/lib/python3.11/site-packages/airflow/example_dags/example_nested_branch_dag.py
[2024-05-09T15:39:57.267+0200] {processor.py:830} INFO - Processing file /home/munya/.local/lib/python3.11/site-packages/airflow/example_dags/example_nested_branch_dag.py for tasks to queue
[2024-05-09T15:39:57.269+0200] {logging_mixin.py:188} INFO - [2024-05-09T15:39:57.269+0200] {dagbag.py:540} INFO - Filling up the DagBag from /home/munya/.local/lib/python3.11/site-packages/airflow/example_dags/example_nested_branch_dag.py
[2024-05-09T15:39:57.279+0200] {processor.py:840} INFO - DAG(s) 'example_nested_branch_dag' retrieved from /home/munya/.local/lib/python3.11/site-packages/airflow/example_dags/example_nested_branch_dag.py
[2024-05-09T15:39:57.296+0200] {logging_mixin.py:188} INFO - [2024-05-09T15:39:57.295+0200] {dag.py:3096} INFO - Sync 1 DAGs
[2024-05-09T15:39:57.315+0200] {logging_mixin.py:188} INFO - [2024-05-09T15:39:57.315+0200] {dag.py:3954} INFO - Setting next_dagrun for example_nested_branch_dag to 2024-05-08 00:00:00+00:00, run_after=2024-05-09 00:00:00+00:00
[2024-05-09T15:39:57.334+0200] {processor.py:183} INFO - Processing /home/munya/.local/lib/python3.11/site-packages/airflow/example_dags/example_nested_branch_dag.py took 0.074 seconds
[2024-05-09T15:40:54.424+0200] {processor.py:161} INFO - Started process (PID=53324) to work on /home/munya/.local/lib/python3.11/site-packages/airflow/example_dags/example_nested_branch_dag.py
[2024-05-09T15:40:54.427+0200] {processor.py:830} INFO - Processing file /home/munya/.local/lib/python3.11/site-packages/airflow/example_dags/example_nested_branch_dag.py for tasks to queue
[2024-05-09T15:40:54.433+0200] {logging_mixin.py:188} INFO - [2024-05-09T15:40:54.432+0200] {dagbag.py:540} INFO - Filling up the DagBag from /home/munya/.local/lib/python3.11/site-packages/airflow/example_dags/example_nested_branch_dag.py
[2024-05-09T15:40:54.466+0200] {processor.py:840} INFO - DAG(s) 'example_nested_branch_dag' retrieved from /home/munya/.local/lib/python3.11/site-packages/airflow/example_dags/example_nested_branch_dag.py
[2024-05-09T15:40:54.517+0200] {logging_mixin.py:188} INFO - [2024-05-09T15:40:54.516+0200] {dag.py:3096} INFO - Sync 1 DAGs
[2024-05-09T15:40:54.576+0200] {logging_mixin.py:188} INFO - [2024-05-09T15:40:54.575+0200] {dag.py:3954} INFO - Setting next_dagrun for example_nested_branch_dag to 2024-05-08 00:00:00+00:00, run_after=2024-05-09 00:00:00+00:00
[2024-05-09T15:40:54.630+0200] {processor.py:183} INFO - Processing /home/munya/.local/lib/python3.11/site-packages/airflow/example_dags/example_nested_branch_dag.py took 0.224 seconds
[2024-05-09T15:41:54.815+0200] {processor.py:161} INFO - Started process (PID=54140) to work on /home/munya/.local/lib/python3.11/site-packages/airflow/example_dags/example_nested_branch_dag.py
[2024-05-09T15:41:54.816+0200] {processor.py:830} INFO - Processing file /home/munya/.local/lib/python3.11/site-packages/airflow/example_dags/example_nested_branch_dag.py for tasks to queue
[2024-05-09T15:41:54.818+0200] {logging_mixin.py:188} INFO - [2024-05-09T15:41:54.818+0200] {dagbag.py:540} INFO - Filling up the DagBag from /home/munya/.local/lib/python3.11/site-packages/airflow/example_dags/example_nested_branch_dag.py
[2024-05-09T15:41:54.828+0200] {processor.py:840} INFO - DAG(s) 'example_nested_branch_dag' retrieved from /home/munya/.local/lib/python3.11/site-packages/airflow/example_dags/example_nested_branch_dag.py
[2024-05-09T15:41:54.844+0200] {logging_mixin.py:188} INFO - [2024-05-09T15:41:54.844+0200] {dag.py:3096} INFO - Sync 1 DAGs
[2024-05-09T15:41:54.862+0200] {logging_mixin.py:188} INFO - [2024-05-09T15:41:54.861+0200] {dag.py:3954} INFO - Setting next_dagrun for example_nested_branch_dag to 2024-05-08 00:00:00+00:00, run_after=2024-05-09 00:00:00+00:00
[2024-05-09T15:41:54.883+0200] {processor.py:183} INFO - Processing /home/munya/.local/lib/python3.11/site-packages/airflow/example_dags/example_nested_branch_dag.py took 0.073 seconds
[2024-05-09T15:42:56.000+0200] {processor.py:161} INFO - Started process (PID=54896) to work on /home/munya/.local/lib/python3.11/site-packages/airflow/example_dags/example_nested_branch_dag.py
[2024-05-09T15:42:56.001+0200] {processor.py:830} INFO - Processing file /home/munya/.local/lib/python3.11/site-packages/airflow/example_dags/example_nested_branch_dag.py for tasks to queue
[2024-05-09T15:42:56.003+0200] {logging_mixin.py:188} INFO - [2024-05-09T15:42:56.003+0200] {dagbag.py:540} INFO - Filling up the DagBag from /home/munya/.local/lib/python3.11/site-packages/airflow/example_dags/example_nested_branch_dag.py
[2024-05-09T15:42:56.014+0200] {processor.py:840} INFO - DAG(s) 'example_nested_branch_dag' retrieved from /home/munya/.local/lib/python3.11/site-packages/airflow/example_dags/example_nested_branch_dag.py
[2024-05-09T15:42:56.039+0200] {logging_mixin.py:188} INFO - [2024-05-09T15:42:56.038+0200] {dag.py:3096} INFO - Sync 1 DAGs
[2024-05-09T15:42:56.060+0200] {logging_mixin.py:188} INFO - [2024-05-09T15:42:56.060+0200] {dag.py:3954} INFO - Setting next_dagrun for example_nested_branch_dag to 2024-05-08 00:00:00+00:00, run_after=2024-05-09 00:00:00+00:00
[2024-05-09T15:42:56.080+0200] {processor.py:183} INFO - Processing /home/munya/.local/lib/python3.11/site-packages/airflow/example_dags/example_nested_branch_dag.py took 0.088 seconds
[2024-05-09T15:43:56.409+0200] {processor.py:161} INFO - Started process (PID=55672) to work on /home/munya/.local/lib/python3.11/site-packages/airflow/example_dags/example_nested_branch_dag.py
[2024-05-09T15:43:56.410+0200] {processor.py:830} INFO - Processing file /home/munya/.local/lib/python3.11/site-packages/airflow/example_dags/example_nested_branch_dag.py for tasks to queue
[2024-05-09T15:43:56.413+0200] {logging_mixin.py:188} INFO - [2024-05-09T15:43:56.412+0200] {dagbag.py:540} INFO - Filling up the DagBag from /home/munya/.local/lib/python3.11/site-packages/airflow/example_dags/example_nested_branch_dag.py
[2024-05-09T15:43:56.432+0200] {processor.py:840} INFO - DAG(s) 'example_nested_branch_dag' retrieved from /home/munya/.local/lib/python3.11/site-packages/airflow/example_dags/example_nested_branch_dag.py
[2024-05-09T15:43:56.457+0200] {logging_mixin.py:188} INFO - [2024-05-09T15:43:56.457+0200] {dag.py:3096} INFO - Sync 1 DAGs
[2024-05-09T15:43:56.489+0200] {logging_mixin.py:188} INFO - [2024-05-09T15:43:56.488+0200] {dag.py:3954} INFO - Setting next_dagrun for example_nested_branch_dag to 2024-05-08 00:00:00+00:00, run_after=2024-05-09 00:00:00+00:00
[2024-05-09T15:43:56.524+0200] {processor.py:183} INFO - Processing /home/munya/.local/lib/python3.11/site-packages/airflow/example_dags/example_nested_branch_dag.py took 0.124 seconds
[2024-05-09T15:44:54.717+0200] {processor.py:161} INFO - Started process (PID=56380) to work on /home/munya/.local/lib/python3.11/site-packages/airflow/example_dags/example_nested_branch_dag.py
[2024-05-09T15:44:54.718+0200] {processor.py:830} INFO - Processing file /home/munya/.local/lib/python3.11/site-packages/airflow/example_dags/example_nested_branch_dag.py for tasks to queue
[2024-05-09T15:44:54.720+0200] {logging_mixin.py:188} INFO - [2024-05-09T15:44:54.719+0200] {dagbag.py:540} INFO - Filling up the DagBag from /home/munya/.local/lib/python3.11/site-packages/airflow/example_dags/example_nested_branch_dag.py
[2024-05-09T15:44:54.731+0200] {processor.py:840} INFO - DAG(s) 'example_nested_branch_dag' retrieved from /home/munya/.local/lib/python3.11/site-packages/airflow/example_dags/example_nested_branch_dag.py
[2024-05-09T15:44:54.759+0200] {logging_mixin.py:188} INFO - [2024-05-09T15:44:54.759+0200] {dag.py:3096} INFO - Sync 1 DAGs
[2024-05-09T15:44:54.778+0200] {logging_mixin.py:188} INFO - [2024-05-09T15:44:54.778+0200] {dag.py:3954} INFO - Setting next_dagrun for example_nested_branch_dag to 2024-05-08 00:00:00+00:00, run_after=2024-05-09 00:00:00+00:00
[2024-05-09T15:44:54.799+0200] {processor.py:183} INFO - Processing /home/munya/.local/lib/python3.11/site-packages/airflow/example_dags/example_nested_branch_dag.py took 0.089 seconds
[2024-05-09T15:45:53.441+0200] {processor.py:161} INFO - Started process (PID=57098) to work on /home/munya/.local/lib/python3.11/site-packages/airflow/example_dags/example_nested_branch_dag.py
[2024-05-09T15:45:53.442+0200] {processor.py:830} INFO - Processing file /home/munya/.local/lib/python3.11/site-packages/airflow/example_dags/example_nested_branch_dag.py for tasks to queue
[2024-05-09T15:45:53.444+0200] {logging_mixin.py:188} INFO - [2024-05-09T15:45:53.443+0200] {dagbag.py:540} INFO - Filling up the DagBag from /home/munya/.local/lib/python3.11/site-packages/airflow/example_dags/example_nested_branch_dag.py
[2024-05-09T15:45:53.455+0200] {processor.py:840} INFO - DAG(s) 'example_nested_branch_dag' retrieved from /home/munya/.local/lib/python3.11/site-packages/airflow/example_dags/example_nested_branch_dag.py
[2024-05-09T15:45:53.472+0200] {logging_mixin.py:188} INFO - [2024-05-09T15:45:53.472+0200] {dag.py:3096} INFO - Sync 1 DAGs
[2024-05-09T15:45:53.494+0200] {logging_mixin.py:188} INFO - [2024-05-09T15:45:53.494+0200] {dag.py:3954} INFO - Setting next_dagrun for example_nested_branch_dag to 2024-05-08 00:00:00+00:00, run_after=2024-05-09 00:00:00+00:00
[2024-05-09T15:45:53.514+0200] {processor.py:183} INFO - Processing /home/munya/.local/lib/python3.11/site-packages/airflow/example_dags/example_nested_branch_dag.py took 0.079 seconds
[2024-05-09T15:47:03.984+0200] {processor.py:161} INFO - Started process (PID=58358) to work on /home/munya/.local/lib/python3.11/site-packages/airflow/example_dags/example_nested_branch_dag.py
[2024-05-09T15:47:03.989+0200] {processor.py:830} INFO - Processing file /home/munya/.local/lib/python3.11/site-packages/airflow/example_dags/example_nested_branch_dag.py for tasks to queue
[2024-05-09T15:47:03.994+0200] {logging_mixin.py:188} INFO - [2024-05-09T15:47:03.993+0200] {dagbag.py:540} INFO - Filling up the DagBag from /home/munya/.local/lib/python3.11/site-packages/airflow/example_dags/example_nested_branch_dag.py
[2024-05-09T15:47:04.034+0200] {processor.py:840} INFO - DAG(s) 'example_nested_branch_dag' retrieved from /home/munya/.local/lib/python3.11/site-packages/airflow/example_dags/example_nested_branch_dag.py
[2024-05-09T15:47:04.126+0200] {logging_mixin.py:188} INFO - [2024-05-09T15:47:04.126+0200] {dag.py:3096} INFO - Sync 1 DAGs
[2024-05-09T15:47:04.167+0200] {logging_mixin.py:188} INFO - [2024-05-09T15:47:04.167+0200] {dag.py:3954} INFO - Setting next_dagrun for example_nested_branch_dag to 2024-05-08 00:00:00+00:00, run_after=2024-05-09 00:00:00+00:00
[2024-05-09T15:47:04.256+0200] {processor.py:183} INFO - Processing /home/munya/.local/lib/python3.11/site-packages/airflow/example_dags/example_nested_branch_dag.py took 0.305 seconds
[2024-05-09T15:48:10.487+0200] {processor.py:161} INFO - Started process (PID=59259) to work on /home/munya/.local/lib/python3.11/site-packages/airflow/example_dags/example_nested_branch_dag.py
[2024-05-09T15:48:10.489+0200] {processor.py:830} INFO - Processing file /home/munya/.local/lib/python3.11/site-packages/airflow/example_dags/example_nested_branch_dag.py for tasks to queue
[2024-05-09T15:48:10.492+0200] {logging_mixin.py:188} INFO - [2024-05-09T15:48:10.492+0200] {dagbag.py:540} INFO - Filling up the DagBag from /home/munya/.local/lib/python3.11/site-packages/airflow/example_dags/example_nested_branch_dag.py
[2024-05-09T15:48:10.513+0200] {processor.py:840} INFO - DAG(s) 'example_nested_branch_dag' retrieved from /home/munya/.local/lib/python3.11/site-packages/airflow/example_dags/example_nested_branch_dag.py
[2024-05-09T15:48:10.545+0200] {logging_mixin.py:188} INFO - [2024-05-09T15:48:10.544+0200] {dag.py:3096} INFO - Sync 1 DAGs
[2024-05-09T15:48:10.594+0200] {logging_mixin.py:188} INFO - [2024-05-09T15:48:10.593+0200] {dag.py:3954} INFO - Setting next_dagrun for example_nested_branch_dag to 2024-05-08 00:00:00+00:00, run_after=2024-05-09 00:00:00+00:00
[2024-05-09T15:48:10.637+0200] {processor.py:183} INFO - Processing /home/munya/.local/lib/python3.11/site-packages/airflow/example_dags/example_nested_branch_dag.py took 0.164 seconds
[2024-05-09T15:49:14.150+0200] {processor.py:161} INFO - Started process (PID=60067) to work on /home/munya/.local/lib/python3.11/site-packages/airflow/example_dags/example_nested_branch_dag.py
[2024-05-09T15:49:14.152+0200] {processor.py:830} INFO - Processing file /home/munya/.local/lib/python3.11/site-packages/airflow/example_dags/example_nested_branch_dag.py for tasks to queue
[2024-05-09T15:49:14.154+0200] {logging_mixin.py:188} INFO - [2024-05-09T15:49:14.154+0200] {dagbag.py:540} INFO - Filling up the DagBag from /home/munya/.local/lib/python3.11/site-packages/airflow/example_dags/example_nested_branch_dag.py
[2024-05-09T15:49:14.170+0200] {processor.py:840} INFO - DAG(s) 'example_nested_branch_dag' retrieved from /home/munya/.local/lib/python3.11/site-packages/airflow/example_dags/example_nested_branch_dag.py
[2024-05-09T15:49:14.197+0200] {logging_mixin.py:188} INFO - [2024-05-09T15:49:14.197+0200] {dag.py:3096} INFO - Sync 1 DAGs
[2024-05-09T15:49:14.228+0200] {logging_mixin.py:188} INFO - [2024-05-09T15:49:14.227+0200] {dag.py:3954} INFO - Setting next_dagrun for example_nested_branch_dag to 2024-05-08 00:00:00+00:00, run_after=2024-05-09 00:00:00+00:00
[2024-05-09T15:49:14.257+0200] {processor.py:183} INFO - Processing /home/munya/.local/lib/python3.11/site-packages/airflow/example_dags/example_nested_branch_dag.py took 0.115 seconds
[2024-05-09T15:50:22.539+0200] {processor.py:161} INFO - Started process (PID=60907) to work on /home/munya/.local/lib/python3.11/site-packages/airflow/example_dags/example_nested_branch_dag.py
[2024-05-09T15:50:22.540+0200] {processor.py:830} INFO - Processing file /home/munya/.local/lib/python3.11/site-packages/airflow/example_dags/example_nested_branch_dag.py for tasks to queue
[2024-05-09T15:50:22.542+0200] {logging_mixin.py:188} INFO - [2024-05-09T15:50:22.542+0200] {dagbag.py:540} INFO - Filling up the DagBag from /home/munya/.local/lib/python3.11/site-packages/airflow/example_dags/example_nested_branch_dag.py
[2024-05-09T15:50:22.551+0200] {processor.py:840} INFO - DAG(s) 'example_nested_branch_dag' retrieved from /home/munya/.local/lib/python3.11/site-packages/airflow/example_dags/example_nested_branch_dag.py
[2024-05-09T15:50:22.565+0200] {logging_mixin.py:188} INFO - [2024-05-09T15:50:22.565+0200] {dag.py:3096} INFO - Sync 1 DAGs
[2024-05-09T15:50:22.581+0200] {logging_mixin.py:188} INFO - [2024-05-09T15:50:22.581+0200] {dag.py:3954} INFO - Setting next_dagrun for example_nested_branch_dag to 2024-05-08 00:00:00+00:00, run_after=2024-05-09 00:00:00+00:00
[2024-05-09T15:50:22.600+0200] {processor.py:183} INFO - Processing /home/munya/.local/lib/python3.11/site-packages/airflow/example_dags/example_nested_branch_dag.py took 0.066 seconds
[2024-05-09T15:51:31.157+0200] {processor.py:161} INFO - Started process (PID=61712) to work on /home/munya/.local/lib/python3.11/site-packages/airflow/example_dags/example_nested_branch_dag.py
[2024-05-09T15:51:31.158+0200] {processor.py:830} INFO - Processing file /home/munya/.local/lib/python3.11/site-packages/airflow/example_dags/example_nested_branch_dag.py for tasks to queue
[2024-05-09T15:51:31.161+0200] {logging_mixin.py:188} INFO - [2024-05-09T15:51:31.160+0200] {dagbag.py:540} INFO - Filling up the DagBag from /home/munya/.local/lib/python3.11/site-packages/airflow/example_dags/example_nested_branch_dag.py
[2024-05-09T15:51:31.172+0200] {processor.py:840} INFO - DAG(s) 'example_nested_branch_dag' retrieved from /home/munya/.local/lib/python3.11/site-packages/airflow/example_dags/example_nested_branch_dag.py
[2024-05-09T15:51:31.190+0200] {logging_mixin.py:188} INFO - [2024-05-09T15:51:31.190+0200] {dag.py:3096} INFO - Sync 1 DAGs
[2024-05-09T15:51:31.210+0200] {logging_mixin.py:188} INFO - [2024-05-09T15:51:31.210+0200] {dag.py:3954} INFO - Setting next_dagrun for example_nested_branch_dag to 2024-05-08 00:00:00+00:00, run_after=2024-05-09 00:00:00+00:00
[2024-05-09T15:51:31.238+0200] {processor.py:183} INFO - Processing /home/munya/.local/lib/python3.11/site-packages/airflow/example_dags/example_nested_branch_dag.py took 0.087 seconds
[2024-05-09T15:52:38.556+0200] {processor.py:161} INFO - Started process (PID=62579) to work on /home/munya/.local/lib/python3.11/site-packages/airflow/example_dags/example_nested_branch_dag.py
[2024-05-09T15:52:38.557+0200] {processor.py:830} INFO - Processing file /home/munya/.local/lib/python3.11/site-packages/airflow/example_dags/example_nested_branch_dag.py for tasks to queue
[2024-05-09T15:52:38.559+0200] {logging_mixin.py:188} INFO - [2024-05-09T15:52:38.559+0200] {dagbag.py:540} INFO - Filling up the DagBag from /home/munya/.local/lib/python3.11/site-packages/airflow/example_dags/example_nested_branch_dag.py
[2024-05-09T15:52:38.572+0200] {processor.py:840} INFO - DAG(s) 'example_nested_branch_dag' retrieved from /home/munya/.local/lib/python3.11/site-packages/airflow/example_dags/example_nested_branch_dag.py
[2024-05-09T15:52:38.590+0200] {logging_mixin.py:188} INFO - [2024-05-09T15:52:38.590+0200] {dag.py:3096} INFO - Sync 1 DAGs
[2024-05-09T15:52:38.616+0200] {logging_mixin.py:188} INFO - [2024-05-09T15:52:38.616+0200] {dag.py:3954} INFO - Setting next_dagrun for example_nested_branch_dag to 2024-05-08 00:00:00+00:00, run_after=2024-05-09 00:00:00+00:00
[2024-05-09T15:52:38.637+0200] {processor.py:183} INFO - Processing /home/munya/.local/lib/python3.11/site-packages/airflow/example_dags/example_nested_branch_dag.py took 0.089 seconds
[2024-05-09T15:53:34.870+0200] {processor.py:161} INFO - Started process (PID=63293) to work on /home/munya/.local/lib/python3.11/site-packages/airflow/example_dags/example_nested_branch_dag.py
[2024-05-09T15:53:34.872+0200] {processor.py:830} INFO - Processing file /home/munya/.local/lib/python3.11/site-packages/airflow/example_dags/example_nested_branch_dag.py for tasks to queue
[2024-05-09T15:53:34.875+0200] {logging_mixin.py:188} INFO - [2024-05-09T15:53:34.874+0200] {dagbag.py:540} INFO - Filling up the DagBag from /home/munya/.local/lib/python3.11/site-packages/airflow/example_dags/example_nested_branch_dag.py
[2024-05-09T15:53:34.891+0200] {processor.py:840} INFO - DAG(s) 'example_nested_branch_dag' retrieved from /home/munya/.local/lib/python3.11/site-packages/airflow/example_dags/example_nested_branch_dag.py
[2024-05-09T15:53:34.920+0200] {logging_mixin.py:188} INFO - [2024-05-09T15:53:34.919+0200] {dag.py:3096} INFO - Sync 1 DAGs
[2024-05-09T15:53:34.953+0200] {logging_mixin.py:188} INFO - [2024-05-09T15:53:34.953+0200] {dag.py:3954} INFO - Setting next_dagrun for example_nested_branch_dag to 2024-05-08 00:00:00+00:00, run_after=2024-05-09 00:00:00+00:00
[2024-05-09T15:53:34.987+0200] {processor.py:183} INFO - Processing /home/munya/.local/lib/python3.11/site-packages/airflow/example_dags/example_nested_branch_dag.py took 0.126 seconds
[2024-05-09T15:54:34.720+0200] {processor.py:161} INFO - Started process (PID=64032) to work on /home/munya/.local/lib/python3.11/site-packages/airflow/example_dags/example_nested_branch_dag.py
[2024-05-09T15:54:34.721+0200] {processor.py:830} INFO - Processing file /home/munya/.local/lib/python3.11/site-packages/airflow/example_dags/example_nested_branch_dag.py for tasks to queue
[2024-05-09T15:54:34.723+0200] {logging_mixin.py:188} INFO - [2024-05-09T15:54:34.723+0200] {dagbag.py:540} INFO - Filling up the DagBag from /home/munya/.local/lib/python3.11/site-packages/airflow/example_dags/example_nested_branch_dag.py
[2024-05-09T15:54:34.734+0200] {processor.py:840} INFO - DAG(s) 'example_nested_branch_dag' retrieved from /home/munya/.local/lib/python3.11/site-packages/airflow/example_dags/example_nested_branch_dag.py
[2024-05-09T15:54:34.751+0200] {logging_mixin.py:188} INFO - [2024-05-09T15:54:34.751+0200] {dag.py:3096} INFO - Sync 1 DAGs
[2024-05-09T15:54:34.775+0200] {logging_mixin.py:188} INFO - [2024-05-09T15:54:34.775+0200] {dag.py:3954} INFO - Setting next_dagrun for example_nested_branch_dag to 2024-05-08 00:00:00+00:00, run_after=2024-05-09 00:00:00+00:00
[2024-05-09T15:54:34.796+0200] {processor.py:183} INFO - Processing /home/munya/.local/lib/python3.11/site-packages/airflow/example_dags/example_nested_branch_dag.py took 0.083 seconds
[2024-05-09T15:55:32.847+0200] {processor.py:161} INFO - Started process (PID=64752) to work on /home/munya/.local/lib/python3.11/site-packages/airflow/example_dags/example_nested_branch_dag.py
[2024-05-09T15:55:32.849+0200] {processor.py:830} INFO - Processing file /home/munya/.local/lib/python3.11/site-packages/airflow/example_dags/example_nested_branch_dag.py for tasks to queue
[2024-05-09T15:55:32.851+0200] {logging_mixin.py:188} INFO - [2024-05-09T15:55:32.851+0200] {dagbag.py:540} INFO - Filling up the DagBag from /home/munya/.local/lib/python3.11/site-packages/airflow/example_dags/example_nested_branch_dag.py
[2024-05-09T15:55:32.866+0200] {processor.py:840} INFO - DAG(s) 'example_nested_branch_dag' retrieved from /home/munya/.local/lib/python3.11/site-packages/airflow/example_dags/example_nested_branch_dag.py
[2024-05-09T15:55:32.888+0200] {logging_mixin.py:188} INFO - [2024-05-09T15:55:32.887+0200] {dag.py:3096} INFO - Sync 1 DAGs
[2024-05-09T15:55:32.917+0200] {logging_mixin.py:188} INFO - [2024-05-09T15:55:32.917+0200] {dag.py:3954} INFO - Setting next_dagrun for example_nested_branch_dag to 2024-05-08 00:00:00+00:00, run_after=2024-05-09 00:00:00+00:00
[2024-05-09T15:55:32.941+0200] {processor.py:183} INFO - Processing /home/munya/.local/lib/python3.11/site-packages/airflow/example_dags/example_nested_branch_dag.py took 0.102 seconds
[2024-05-09T15:56:33.007+0200] {processor.py:161} INFO - Started process (PID=65504) to work on /home/munya/.local/lib/python3.11/site-packages/airflow/example_dags/example_nested_branch_dag.py
[2024-05-09T15:56:33.008+0200] {processor.py:830} INFO - Processing file /home/munya/.local/lib/python3.11/site-packages/airflow/example_dags/example_nested_branch_dag.py for tasks to queue
[2024-05-09T15:56:33.011+0200] {logging_mixin.py:188} INFO - [2024-05-09T15:56:33.011+0200] {dagbag.py:540} INFO - Filling up the DagBag from /home/munya/.local/lib/python3.11/site-packages/airflow/example_dags/example_nested_branch_dag.py
[2024-05-09T15:56:33.026+0200] {processor.py:840} INFO - DAG(s) 'example_nested_branch_dag' retrieved from /home/munya/.local/lib/python3.11/site-packages/airflow/example_dags/example_nested_branch_dag.py
[2024-05-09T15:56:33.051+0200] {logging_mixin.py:188} INFO - [2024-05-09T15:56:33.051+0200] {dag.py:3096} INFO - Sync 1 DAGs
[2024-05-09T15:56:33.083+0200] {logging_mixin.py:188} INFO - [2024-05-09T15:56:33.082+0200] {dag.py:3954} INFO - Setting next_dagrun for example_nested_branch_dag to 2024-05-08 00:00:00+00:00, run_after=2024-05-09 00:00:00+00:00
[2024-05-09T15:56:33.112+0200] {processor.py:183} INFO - Processing /home/munya/.local/lib/python3.11/site-packages/airflow/example_dags/example_nested_branch_dag.py took 0.113 seconds
[2024-05-09T15:57:32.495+0200] {processor.py:161} INFO - Started process (PID=66272) to work on /home/munya/.local/lib/python3.11/site-packages/airflow/example_dags/example_nested_branch_dag.py
[2024-05-09T15:57:32.496+0200] {processor.py:830} INFO - Processing file /home/munya/.local/lib/python3.11/site-packages/airflow/example_dags/example_nested_branch_dag.py for tasks to queue
[2024-05-09T15:57:32.498+0200] {logging_mixin.py:188} INFO - [2024-05-09T15:57:32.498+0200] {dagbag.py:540} INFO - Filling up the DagBag from /home/munya/.local/lib/python3.11/site-packages/airflow/example_dags/example_nested_branch_dag.py
[2024-05-09T15:57:32.507+0200] {processor.py:840} INFO - DAG(s) 'example_nested_branch_dag' retrieved from /home/munya/.local/lib/python3.11/site-packages/airflow/example_dags/example_nested_branch_dag.py
[2024-05-09T15:57:32.521+0200] {logging_mixin.py:188} INFO - [2024-05-09T15:57:32.521+0200] {dag.py:3096} INFO - Sync 1 DAGs
[2024-05-09T15:57:32.537+0200] {logging_mixin.py:188} INFO - [2024-05-09T15:57:32.537+0200] {dag.py:3954} INFO - Setting next_dagrun for example_nested_branch_dag to 2024-05-08 00:00:00+00:00, run_after=2024-05-09 00:00:00+00:00
[2024-05-09T15:57:32.554+0200] {processor.py:183} INFO - Processing /home/munya/.local/lib/python3.11/site-packages/airflow/example_dags/example_nested_branch_dag.py took 0.064 seconds
[2024-05-09T15:58:33.812+0200] {processor.py:161} INFO - Started process (PID=67046) to work on /home/munya/.local/lib/python3.11/site-packages/airflow/example_dags/example_nested_branch_dag.py
[2024-05-09T15:58:33.813+0200] {processor.py:830} INFO - Processing file /home/munya/.local/lib/python3.11/site-packages/airflow/example_dags/example_nested_branch_dag.py for tasks to queue
[2024-05-09T15:58:33.814+0200] {logging_mixin.py:188} INFO - [2024-05-09T15:58:33.814+0200] {dagbag.py:540} INFO - Filling up the DagBag from /home/munya/.local/lib/python3.11/site-packages/airflow/example_dags/example_nested_branch_dag.py
[2024-05-09T15:58:33.824+0200] {processor.py:840} INFO - DAG(s) 'example_nested_branch_dag' retrieved from /home/munya/.local/lib/python3.11/site-packages/airflow/example_dags/example_nested_branch_dag.py
[2024-05-09T15:58:33.840+0200] {logging_mixin.py:188} INFO - [2024-05-09T15:58:33.840+0200] {dag.py:3096} INFO - Sync 1 DAGs
[2024-05-09T15:58:33.857+0200] {logging_mixin.py:188} INFO - [2024-05-09T15:58:33.857+0200] {dag.py:3954} INFO - Setting next_dagrun for example_nested_branch_dag to 2024-05-08 00:00:00+00:00, run_after=2024-05-09 00:00:00+00:00
[2024-05-09T15:58:33.874+0200] {processor.py:183} INFO - Processing /home/munya/.local/lib/python3.11/site-packages/airflow/example_dags/example_nested_branch_dag.py took 0.067 seconds
[2024-05-09T15:59:39.071+0200] {processor.py:161} INFO - Started process (PID=68117) to work on /home/munya/.local/lib/python3.11/site-packages/airflow/example_dags/example_nested_branch_dag.py
[2024-05-09T15:59:39.085+0200] {processor.py:830} INFO - Processing file /home/munya/.local/lib/python3.11/site-packages/airflow/example_dags/example_nested_branch_dag.py for tasks to queue
[2024-05-09T15:59:39.096+0200] {logging_mixin.py:188} INFO - [2024-05-09T15:59:39.095+0200] {dagbag.py:540} INFO - Filling up the DagBag from /home/munya/.local/lib/python3.11/site-packages/airflow/example_dags/example_nested_branch_dag.py
[2024-05-09T15:59:39.136+0200] {processor.py:840} INFO - DAG(s) 'example_nested_branch_dag' retrieved from /home/munya/.local/lib/python3.11/site-packages/airflow/example_dags/example_nested_branch_dag.py
[2024-05-09T15:59:39.191+0200] {logging_mixin.py:188} INFO - [2024-05-09T15:59:39.189+0200] {dag.py:3096} INFO - Sync 1 DAGs
[2024-05-09T15:59:39.268+0200] {logging_mixin.py:188} INFO - [2024-05-09T15:59:39.267+0200] {dag.py:3954} INFO - Setting next_dagrun for example_nested_branch_dag to 2024-05-08 00:00:00+00:00, run_after=2024-05-09 00:00:00+00:00
[2024-05-09T15:59:39.353+0200] {processor.py:183} INFO - Processing /home/munya/.local/lib/python3.11/site-packages/airflow/example_dags/example_nested_branch_dag.py took 0.329 seconds
[2024-05-09T16:01:20.866+0200] {processor.py:161} INFO - Started process (PID=69406) to work on /home/munya/.local/lib/python3.11/site-packages/airflow/example_dags/example_nested_branch_dag.py
[2024-05-09T16:01:20.869+0200] {processor.py:830} INFO - Processing file /home/munya/.local/lib/python3.11/site-packages/airflow/example_dags/example_nested_branch_dag.py for tasks to queue
[2024-05-09T16:01:20.876+0200] {logging_mixin.py:188} INFO - [2024-05-09T16:01:20.875+0200] {dagbag.py:540} INFO - Filling up the DagBag from /home/munya/.local/lib/python3.11/site-packages/airflow/example_dags/example_nested_branch_dag.py
[2024-05-09T16:01:20.927+0200] {processor.py:840} INFO - DAG(s) 'example_nested_branch_dag' retrieved from /home/munya/.local/lib/python3.11/site-packages/airflow/example_dags/example_nested_branch_dag.py
[2024-05-09T16:01:21.002+0200] {logging_mixin.py:188} INFO - [2024-05-09T16:01:21.001+0200] {dag.py:3096} INFO - Sync 1 DAGs
[2024-05-09T16:01:21.071+0200] {logging_mixin.py:188} INFO - [2024-05-09T16:01:21.070+0200] {dag.py:3954} INFO - Setting next_dagrun for example_nested_branch_dag to 2024-05-08 00:00:00+00:00, run_after=2024-05-09 00:00:00+00:00
[2024-05-09T16:01:21.102+0200] {processor.py:183} INFO - Processing /home/munya/.local/lib/python3.11/site-packages/airflow/example_dags/example_nested_branch_dag.py took 0.255 seconds
[2024-05-09T16:12:37.441+0200] {processor.py:161} INFO - Started process (PID=77627) to work on /home/munya/.local/lib/python3.11/site-packages/airflow/example_dags/example_nested_branch_dag.py
[2024-05-09T16:12:37.443+0200] {processor.py:830} INFO - Processing file /home/munya/.local/lib/python3.11/site-packages/airflow/example_dags/example_nested_branch_dag.py for tasks to queue
[2024-05-09T16:12:37.448+0200] {logging_mixin.py:188} INFO - [2024-05-09T16:12:37.447+0200] {dagbag.py:540} INFO - Filling up the DagBag from /home/munya/.local/lib/python3.11/site-packages/airflow/example_dags/example_nested_branch_dag.py
[2024-05-09T16:12:37.484+0200] {processor.py:840} INFO - DAG(s) 'example_nested_branch_dag' retrieved from /home/munya/.local/lib/python3.11/site-packages/airflow/example_dags/example_nested_branch_dag.py
[2024-05-09T16:12:38.240+0200] {logging_mixin.py:188} INFO - [2024-05-09T16:12:38.239+0200] {dag.py:3096} INFO - Sync 1 DAGs
[2024-05-09T16:12:38.299+0200] {logging_mixin.py:188} INFO - [2024-05-09T16:12:38.299+0200] {dag.py:3954} INFO - Setting next_dagrun for example_nested_branch_dag to 2024-05-08 00:00:00+00:00, run_after=2024-05-09 00:00:00+00:00
[2024-05-09T16:12:38.419+0200] {processor.py:183} INFO - Processing /home/munya/.local/lib/python3.11/site-packages/airflow/example_dags/example_nested_branch_dag.py took 0.996 seconds
[2024-05-09T20:28:23.778+0200] {processor.py:161} INFO - Started process (PID=277571) to work on /home/munya/.local/lib/python3.11/site-packages/airflow/example_dags/example_nested_branch_dag.py
[2024-05-09T20:28:23.780+0200] {processor.py:830} INFO - Processing file /home/munya/.local/lib/python3.11/site-packages/airflow/example_dags/example_nested_branch_dag.py for tasks to queue
[2024-05-09T20:28:23.783+0200] {logging_mixin.py:188} INFO - [2024-05-09T20:28:23.783+0200] {dagbag.py:540} INFO - Filling up the DagBag from /home/munya/.local/lib/python3.11/site-packages/airflow/example_dags/example_nested_branch_dag.py
[2024-05-09T20:28:23.804+0200] {processor.py:840} INFO - DAG(s) 'example_nested_branch_dag' retrieved from /home/munya/.local/lib/python3.11/site-packages/airflow/example_dags/example_nested_branch_dag.py
[2024-05-09T20:28:24.236+0200] {logging_mixin.py:188} INFO - [2024-05-09T20:28:24.235+0200] {dag.py:3096} INFO - Sync 1 DAGs
[2024-05-09T20:28:24.279+0200] {logging_mixin.py:188} INFO - [2024-05-09T20:28:24.279+0200] {dag.py:3954} INFO - Setting next_dagrun for example_nested_branch_dag to 2024-05-08 00:00:00+00:00, run_after=2024-05-09 00:00:00+00:00
[2024-05-09T20:28:24.327+0200] {processor.py:183} INFO - Processing /home/munya/.local/lib/python3.11/site-packages/airflow/example_dags/example_nested_branch_dag.py took 0.559 seconds
[2024-05-09T20:29:37.599+0200] {processor.py:161} INFO - Started process (PID=278744) to work on /home/munya/.local/lib/python3.11/site-packages/airflow/example_dags/example_nested_branch_dag.py
[2024-05-09T20:29:37.601+0200] {processor.py:830} INFO - Processing file /home/munya/.local/lib/python3.11/site-packages/airflow/example_dags/example_nested_branch_dag.py for tasks to queue
[2024-05-09T20:29:37.604+0200] {logging_mixin.py:188} INFO - [2024-05-09T20:29:37.603+0200] {dagbag.py:540} INFO - Filling up the DagBag from /home/munya/.local/lib/python3.11/site-packages/airflow/example_dags/example_nested_branch_dag.py
[2024-05-09T20:29:37.622+0200] {processor.py:840} INFO - DAG(s) 'example_nested_branch_dag' retrieved from /home/munya/.local/lib/python3.11/site-packages/airflow/example_dags/example_nested_branch_dag.py
[2024-05-09T20:29:37.666+0200] {logging_mixin.py:188} INFO - [2024-05-09T20:29:37.665+0200] {dag.py:3096} INFO - Sync 1 DAGs
[2024-05-09T20:29:37.713+0200] {logging_mixin.py:188} INFO - [2024-05-09T20:29:37.713+0200] {dag.py:3954} INFO - Setting next_dagrun for example_nested_branch_dag to 2024-05-08 00:00:00+00:00, run_after=2024-05-09 00:00:00+00:00
[2024-05-09T20:29:37.765+0200] {processor.py:183} INFO - Processing /home/munya/.local/lib/python3.11/site-packages/airflow/example_dags/example_nested_branch_dag.py took 0.176 seconds
[2024-05-09T20:30:54.256+0200] {processor.py:161} INFO - Started process (PID=279852) to work on /home/munya/.local/lib/python3.11/site-packages/airflow/example_dags/example_nested_branch_dag.py
[2024-05-09T20:30:54.257+0200] {processor.py:830} INFO - Processing file /home/munya/.local/lib/python3.11/site-packages/airflow/example_dags/example_nested_branch_dag.py for tasks to queue
[2024-05-09T20:30:54.260+0200] {logging_mixin.py:188} INFO - [2024-05-09T20:30:54.260+0200] {dagbag.py:540} INFO - Filling up the DagBag from /home/munya/.local/lib/python3.11/site-packages/airflow/example_dags/example_nested_branch_dag.py
[2024-05-09T20:30:54.279+0200] {processor.py:840} INFO - DAG(s) 'example_nested_branch_dag' retrieved from /home/munya/.local/lib/python3.11/site-packages/airflow/example_dags/example_nested_branch_dag.py
[2024-05-09T20:30:54.308+0200] {logging_mixin.py:188} INFO - [2024-05-09T20:30:54.308+0200] {dag.py:3096} INFO - Sync 1 DAGs
[2024-05-09T20:30:54.347+0200] {logging_mixin.py:188} INFO - [2024-05-09T20:30:54.347+0200] {dag.py:3954} INFO - Setting next_dagrun for example_nested_branch_dag to 2024-05-08 00:00:00+00:00, run_after=2024-05-09 00:00:00+00:00
[2024-05-09T20:30:54.384+0200] {processor.py:183} INFO - Processing /home/munya/.local/lib/python3.11/site-packages/airflow/example_dags/example_nested_branch_dag.py took 0.138 seconds
[2024-05-09T20:32:15.340+0200] {processor.py:161} INFO - Started process (PID=281024) to work on /home/munya/.local/lib/python3.11/site-packages/airflow/example_dags/example_nested_branch_dag.py
[2024-05-09T20:32:15.341+0200] {processor.py:830} INFO - Processing file /home/munya/.local/lib/python3.11/site-packages/airflow/example_dags/example_nested_branch_dag.py for tasks to queue
[2024-05-09T20:32:15.345+0200] {logging_mixin.py:188} INFO - [2024-05-09T20:32:15.344+0200] {dagbag.py:540} INFO - Filling up the DagBag from /home/munya/.local/lib/python3.11/site-packages/airflow/example_dags/example_nested_branch_dag.py
[2024-05-09T20:32:15.364+0200] {processor.py:840} INFO - DAG(s) 'example_nested_branch_dag' retrieved from /home/munya/.local/lib/python3.11/site-packages/airflow/example_dags/example_nested_branch_dag.py
[2024-05-09T20:32:15.404+0200] {logging_mixin.py:188} INFO - [2024-05-09T20:32:15.403+0200] {dag.py:3096} INFO - Sync 1 DAGs
[2024-05-09T20:32:15.444+0200] {logging_mixin.py:188} INFO - [2024-05-09T20:32:15.443+0200] {dag.py:3954} INFO - Setting next_dagrun for example_nested_branch_dag to 2024-05-08 00:00:00+00:00, run_after=2024-05-09 00:00:00+00:00
[2024-05-09T20:32:15.550+0200] {processor.py:183} INFO - Processing /home/munya/.local/lib/python3.11/site-packages/airflow/example_dags/example_nested_branch_dag.py took 0.220 seconds
[2024-05-09T20:33:29.351+0200] {processor.py:161} INFO - Started process (PID=282087) to work on /home/munya/.local/lib/python3.11/site-packages/airflow/example_dags/example_nested_branch_dag.py
[2024-05-09T20:33:29.353+0200] {processor.py:830} INFO - Processing file /home/munya/.local/lib/python3.11/site-packages/airflow/example_dags/example_nested_branch_dag.py for tasks to queue
[2024-05-09T20:33:29.355+0200] {logging_mixin.py:188} INFO - [2024-05-09T20:33:29.355+0200] {dagbag.py:540} INFO - Filling up the DagBag from /home/munya/.local/lib/python3.11/site-packages/airflow/example_dags/example_nested_branch_dag.py
[2024-05-09T20:33:29.374+0200] {processor.py:840} INFO - DAG(s) 'example_nested_branch_dag' retrieved from /home/munya/.local/lib/python3.11/site-packages/airflow/example_dags/example_nested_branch_dag.py
[2024-05-09T20:33:29.402+0200] {logging_mixin.py:188} INFO - [2024-05-09T20:33:29.402+0200] {dag.py:3096} INFO - Sync 1 DAGs
[2024-05-09T20:33:29.435+0200] {logging_mixin.py:188} INFO - [2024-05-09T20:33:29.435+0200] {dag.py:3954} INFO - Setting next_dagrun for example_nested_branch_dag to 2024-05-08 00:00:00+00:00, run_after=2024-05-09 00:00:00+00:00
[2024-05-09T20:33:29.468+0200] {processor.py:183} INFO - Processing /home/munya/.local/lib/python3.11/site-packages/airflow/example_dags/example_nested_branch_dag.py took 0.127 seconds
[2024-05-09T20:34:41.741+0200] {processor.py:161} INFO - Started process (PID=283107) to work on /home/munya/.local/lib/python3.11/site-packages/airflow/example_dags/example_nested_branch_dag.py
[2024-05-09T20:34:41.742+0200] {processor.py:830} INFO - Processing file /home/munya/.local/lib/python3.11/site-packages/airflow/example_dags/example_nested_branch_dag.py for tasks to queue
[2024-05-09T20:34:41.746+0200] {logging_mixin.py:188} INFO - [2024-05-09T20:34:41.745+0200] {dagbag.py:540} INFO - Filling up the DagBag from /home/munya/.local/lib/python3.11/site-packages/airflow/example_dags/example_nested_branch_dag.py
[2024-05-09T20:34:41.767+0200] {processor.py:840} INFO - DAG(s) 'example_nested_branch_dag' retrieved from /home/munya/.local/lib/python3.11/site-packages/airflow/example_dags/example_nested_branch_dag.py
[2024-05-09T20:34:41.799+0200] {logging_mixin.py:188} INFO - [2024-05-09T20:34:41.799+0200] {dag.py:3096} INFO - Sync 1 DAGs
[2024-05-09T20:34:41.840+0200] {logging_mixin.py:188} INFO - [2024-05-09T20:34:41.840+0200] {dag.py:3954} INFO - Setting next_dagrun for example_nested_branch_dag to 2024-05-08 00:00:00+00:00, run_after=2024-05-09 00:00:00+00:00
[2024-05-09T20:34:41.872+0200] {processor.py:183} INFO - Processing /home/munya/.local/lib/python3.11/site-packages/airflow/example_dags/example_nested_branch_dag.py took 0.143 seconds
[2024-05-09T20:35:55.588+0200] {processor.py:161} INFO - Started process (PID=284185) to work on /home/munya/.local/lib/python3.11/site-packages/airflow/example_dags/example_nested_branch_dag.py
[2024-05-09T20:35:55.592+0200] {processor.py:830} INFO - Processing file /home/munya/.local/lib/python3.11/site-packages/airflow/example_dags/example_nested_branch_dag.py for tasks to queue
[2024-05-09T20:35:55.601+0200] {logging_mixin.py:188} INFO - [2024-05-09T20:35:55.596+0200] {dagbag.py:540} INFO - Filling up the DagBag from /home/munya/.local/lib/python3.11/site-packages/airflow/example_dags/example_nested_branch_dag.py
[2024-05-09T20:35:55.632+0200] {processor.py:840} INFO - DAG(s) 'example_nested_branch_dag' retrieved from /home/munya/.local/lib/python3.11/site-packages/airflow/example_dags/example_nested_branch_dag.py
[2024-05-09T20:35:55.668+0200] {logging_mixin.py:188} INFO - [2024-05-09T20:35:55.668+0200] {dag.py:3096} INFO - Sync 1 DAGs
[2024-05-09T20:35:55.712+0200] {logging_mixin.py:188} INFO - [2024-05-09T20:35:55.712+0200] {dag.py:3954} INFO - Setting next_dagrun for example_nested_branch_dag to 2024-05-08 00:00:00+00:00, run_after=2024-05-09 00:00:00+00:00
[2024-05-09T20:35:55.754+0200] {processor.py:183} INFO - Processing /home/munya/.local/lib/python3.11/site-packages/airflow/example_dags/example_nested_branch_dag.py took 0.184 seconds
[2024-05-09T20:37:09.084+0200] {processor.py:161} INFO - Started process (PID=285258) to work on /home/munya/.local/lib/python3.11/site-packages/airflow/example_dags/example_nested_branch_dag.py
[2024-05-09T20:37:09.086+0200] {processor.py:830} INFO - Processing file /home/munya/.local/lib/python3.11/site-packages/airflow/example_dags/example_nested_branch_dag.py for tasks to queue
[2024-05-09T20:37:09.090+0200] {logging_mixin.py:188} INFO - [2024-05-09T20:37:09.089+0200] {dagbag.py:540} INFO - Filling up the DagBag from /home/munya/.local/lib/python3.11/site-packages/airflow/example_dags/example_nested_branch_dag.py
[2024-05-09T20:37:09.111+0200] {processor.py:840} INFO - DAG(s) 'example_nested_branch_dag' retrieved from /home/munya/.local/lib/python3.11/site-packages/airflow/example_dags/example_nested_branch_dag.py
[2024-05-09T20:37:09.148+0200] {logging_mixin.py:188} INFO - [2024-05-09T20:37:09.148+0200] {dag.py:3096} INFO - Sync 1 DAGs
[2024-05-09T20:37:09.193+0200] {logging_mixin.py:188} INFO - [2024-05-09T20:37:09.193+0200] {dag.py:3954} INFO - Setting next_dagrun for example_nested_branch_dag to 2024-05-08 00:00:00+00:00, run_after=2024-05-09 00:00:00+00:00
[2024-05-09T20:37:09.234+0200] {processor.py:183} INFO - Processing /home/munya/.local/lib/python3.11/site-packages/airflow/example_dags/example_nested_branch_dag.py took 0.162 seconds
[2024-05-09T20:38:22.142+0200] {processor.py:161} INFO - Started process (PID=286289) to work on /home/munya/.local/lib/python3.11/site-packages/airflow/example_dags/example_nested_branch_dag.py
[2024-05-09T20:38:22.143+0200] {processor.py:830} INFO - Processing file /home/munya/.local/lib/python3.11/site-packages/airflow/example_dags/example_nested_branch_dag.py for tasks to queue
[2024-05-09T20:38:22.147+0200] {logging_mixin.py:188} INFO - [2024-05-09T20:38:22.146+0200] {dagbag.py:540} INFO - Filling up the DagBag from /home/munya/.local/lib/python3.11/site-packages/airflow/example_dags/example_nested_branch_dag.py
[2024-05-09T20:38:22.168+0200] {processor.py:840} INFO - DAG(s) 'example_nested_branch_dag' retrieved from /home/munya/.local/lib/python3.11/site-packages/airflow/example_dags/example_nested_branch_dag.py
[2024-05-09T20:38:22.206+0200] {logging_mixin.py:188} INFO - [2024-05-09T20:38:22.206+0200] {dag.py:3096} INFO - Sync 1 DAGs
[2024-05-09T20:38:22.252+0200] {logging_mixin.py:188} INFO - [2024-05-09T20:38:22.252+0200] {dag.py:3954} INFO - Setting next_dagrun for example_nested_branch_dag to 2024-05-08 00:00:00+00:00, run_after=2024-05-09 00:00:00+00:00
[2024-05-09T20:38:22.288+0200] {processor.py:183} INFO - Processing /home/munya/.local/lib/python3.11/site-packages/airflow/example_dags/example_nested_branch_dag.py took 0.158 seconds
[2024-05-09T20:39:38.825+0200] {processor.py:161} INFO - Started process (PID=287464) to work on /home/munya/.local/lib/python3.11/site-packages/airflow/example_dags/example_nested_branch_dag.py
[2024-05-09T20:39:38.828+0200] {processor.py:830} INFO - Processing file /home/munya/.local/lib/python3.11/site-packages/airflow/example_dags/example_nested_branch_dag.py for tasks to queue
[2024-05-09T20:39:38.834+0200] {logging_mixin.py:188} INFO - [2024-05-09T20:39:38.832+0200] {dagbag.py:540} INFO - Filling up the DagBag from /home/munya/.local/lib/python3.11/site-packages/airflow/example_dags/example_nested_branch_dag.py
[2024-05-09T20:39:38.881+0200] {processor.py:840} INFO - DAG(s) 'example_nested_branch_dag' retrieved from /home/munya/.local/lib/python3.11/site-packages/airflow/example_dags/example_nested_branch_dag.py
[2024-05-09T20:39:38.951+0200] {logging_mixin.py:188} INFO - [2024-05-09T20:39:38.950+0200] {dag.py:3096} INFO - Sync 1 DAGs
[2024-05-09T20:39:39.023+0200] {logging_mixin.py:188} INFO - [2024-05-09T20:39:39.022+0200] {dag.py:3954} INFO - Setting next_dagrun for example_nested_branch_dag to 2024-05-08 00:00:00+00:00, run_after=2024-05-09 00:00:00+00:00
[2024-05-09T20:39:39.092+0200] {processor.py:183} INFO - Processing /home/munya/.local/lib/python3.11/site-packages/airflow/example_dags/example_nested_branch_dag.py took 0.289 seconds
[2024-05-09T20:40:56.455+0200] {processor.py:161} INFO - Started process (PID=288735) to work on /home/munya/.local/lib/python3.11/site-packages/airflow/example_dags/example_nested_branch_dag.py
[2024-05-09T20:40:56.458+0200] {processor.py:830} INFO - Processing file /home/munya/.local/lib/python3.11/site-packages/airflow/example_dags/example_nested_branch_dag.py for tasks to queue
[2024-05-09T20:40:56.465+0200] {logging_mixin.py:188} INFO - [2024-05-09T20:40:56.462+0200] {dagbag.py:540} INFO - Filling up the DagBag from /home/munya/.local/lib/python3.11/site-packages/airflow/example_dags/example_nested_branch_dag.py
[2024-05-09T20:40:56.490+0200] {processor.py:840} INFO - DAG(s) 'example_nested_branch_dag' retrieved from /home/munya/.local/lib/python3.11/site-packages/airflow/example_dags/example_nested_branch_dag.py
[2024-05-09T20:40:56.529+0200] {logging_mixin.py:188} INFO - [2024-05-09T20:40:56.528+0200] {dag.py:3096} INFO - Sync 1 DAGs
[2024-05-09T20:40:56.582+0200] {logging_mixin.py:188} INFO - [2024-05-09T20:40:56.581+0200] {dag.py:3954} INFO - Setting next_dagrun for example_nested_branch_dag to 2024-05-08 00:00:00+00:00, run_after=2024-05-09 00:00:00+00:00
[2024-05-09T20:40:56.621+0200] {processor.py:183} INFO - Processing /home/munya/.local/lib/python3.11/site-packages/airflow/example_dags/example_nested_branch_dag.py took 0.179 seconds
[2024-05-09T20:42:11.740+0200] {processor.py:161} INFO - Started process (PID=289890) to work on /home/munya/.local/lib/python3.11/site-packages/airflow/example_dags/example_nested_branch_dag.py
[2024-05-09T20:42:11.742+0200] {processor.py:830} INFO - Processing file /home/munya/.local/lib/python3.11/site-packages/airflow/example_dags/example_nested_branch_dag.py for tasks to queue
[2024-05-09T20:42:11.746+0200] {logging_mixin.py:188} INFO - [2024-05-09T20:42:11.745+0200] {dagbag.py:540} INFO - Filling up the DagBag from /home/munya/.local/lib/python3.11/site-packages/airflow/example_dags/example_nested_branch_dag.py
[2024-05-09T20:42:11.771+0200] {processor.py:840} INFO - DAG(s) 'example_nested_branch_dag' retrieved from /home/munya/.local/lib/python3.11/site-packages/airflow/example_dags/example_nested_branch_dag.py
[2024-05-09T20:42:11.812+0200] {logging_mixin.py:188} INFO - [2024-05-09T20:42:11.812+0200] {dag.py:3096} INFO - Sync 1 DAGs
[2024-05-09T20:42:11.866+0200] {logging_mixin.py:188} INFO - [2024-05-09T20:42:11.866+0200] {dag.py:3954} INFO - Setting next_dagrun for example_nested_branch_dag to 2024-05-08 00:00:00+00:00, run_after=2024-05-09 00:00:00+00:00
[2024-05-09T20:42:11.920+0200] {processor.py:183} INFO - Processing /home/munya/.local/lib/python3.11/site-packages/airflow/example_dags/example_nested_branch_dag.py took 0.192 seconds
[2024-05-09T20:43:23.024+0200] {processor.py:161} INFO - Started process (PID=290942) to work on /home/munya/.local/lib/python3.11/site-packages/airflow/example_dags/example_nested_branch_dag.py
[2024-05-09T20:43:23.025+0200] {processor.py:830} INFO - Processing file /home/munya/.local/lib/python3.11/site-packages/airflow/example_dags/example_nested_branch_dag.py for tasks to queue
[2024-05-09T20:43:23.028+0200] {logging_mixin.py:188} INFO - [2024-05-09T20:43:23.028+0200] {dagbag.py:540} INFO - Filling up the DagBag from /home/munya/.local/lib/python3.11/site-packages/airflow/example_dags/example_nested_branch_dag.py
[2024-05-09T20:43:23.048+0200] {processor.py:840} INFO - DAG(s) 'example_nested_branch_dag' retrieved from /home/munya/.local/lib/python3.11/site-packages/airflow/example_dags/example_nested_branch_dag.py
[2024-05-09T20:43:23.085+0200] {logging_mixin.py:188} INFO - [2024-05-09T20:43:23.085+0200] {dag.py:3096} INFO - Sync 1 DAGs
[2024-05-09T20:43:23.123+0200] {logging_mixin.py:188} INFO - [2024-05-09T20:43:23.122+0200] {dag.py:3954} INFO - Setting next_dagrun for example_nested_branch_dag to 2024-05-08 00:00:00+00:00, run_after=2024-05-09 00:00:00+00:00
[2024-05-09T20:43:23.154+0200] {processor.py:183} INFO - Processing /home/munya/.local/lib/python3.11/site-packages/airflow/example_dags/example_nested_branch_dag.py took 0.143 seconds
[2024-05-09T20:44:35.746+0200] {processor.py:161} INFO - Started process (PID=291997) to work on /home/munya/.local/lib/python3.11/site-packages/airflow/example_dags/example_nested_branch_dag.py
[2024-05-09T20:44:35.747+0200] {processor.py:830} INFO - Processing file /home/munya/.local/lib/python3.11/site-packages/airflow/example_dags/example_nested_branch_dag.py for tasks to queue
[2024-05-09T20:44:35.751+0200] {logging_mixin.py:188} INFO - [2024-05-09T20:44:35.750+0200] {dagbag.py:540} INFO - Filling up the DagBag from /home/munya/.local/lib/python3.11/site-packages/airflow/example_dags/example_nested_branch_dag.py
[2024-05-09T20:44:35.780+0200] {processor.py:840} INFO - DAG(s) 'example_nested_branch_dag' retrieved from /home/munya/.local/lib/python3.11/site-packages/airflow/example_dags/example_nested_branch_dag.py
[2024-05-09T20:44:35.822+0200] {logging_mixin.py:188} INFO - [2024-05-09T20:44:35.821+0200] {dag.py:3096} INFO - Sync 1 DAGs
[2024-05-09T20:44:35.861+0200] {logging_mixin.py:188} INFO - [2024-05-09T20:44:35.860+0200] {dag.py:3954} INFO - Setting next_dagrun for example_nested_branch_dag to 2024-05-08 00:00:00+00:00, run_after=2024-05-09 00:00:00+00:00
[2024-05-09T20:44:35.900+0200] {processor.py:183} INFO - Processing /home/munya/.local/lib/python3.11/site-packages/airflow/example_dags/example_nested_branch_dag.py took 0.167 seconds
[2024-05-09T20:45:55.317+0200] {processor.py:161} INFO - Started process (PID=293142) to work on /home/munya/.local/lib/python3.11/site-packages/airflow/example_dags/example_nested_branch_dag.py
[2024-05-09T20:45:55.319+0200] {processor.py:830} INFO - Processing file /home/munya/.local/lib/python3.11/site-packages/airflow/example_dags/example_nested_branch_dag.py for tasks to queue
[2024-05-09T20:45:55.322+0200] {logging_mixin.py:188} INFO - [2024-05-09T20:45:55.321+0200] {dagbag.py:540} INFO - Filling up the DagBag from /home/munya/.local/lib/python3.11/site-packages/airflow/example_dags/example_nested_branch_dag.py
[2024-05-09T20:45:55.340+0200] {processor.py:840} INFO - DAG(s) 'example_nested_branch_dag' retrieved from /home/munya/.local/lib/python3.11/site-packages/airflow/example_dags/example_nested_branch_dag.py
[2024-05-09T20:45:55.370+0200] {logging_mixin.py:188} INFO - [2024-05-09T20:45:55.369+0200] {dag.py:3096} INFO - Sync 1 DAGs
[2024-05-09T20:45:55.408+0200] {logging_mixin.py:188} INFO - [2024-05-09T20:45:55.408+0200] {dag.py:3954} INFO - Setting next_dagrun for example_nested_branch_dag to 2024-05-08 00:00:00+00:00, run_after=2024-05-09 00:00:00+00:00
[2024-05-09T20:45:55.447+0200] {processor.py:183} INFO - Processing /home/munya/.local/lib/python3.11/site-packages/airflow/example_dags/example_nested_branch_dag.py took 0.140 seconds
[2024-05-09T20:47:13.544+0200] {processor.py:161} INFO - Started process (PID=294261) to work on /home/munya/.local/lib/python3.11/site-packages/airflow/example_dags/example_nested_branch_dag.py
[2024-05-09T20:47:13.545+0200] {processor.py:830} INFO - Processing file /home/munya/.local/lib/python3.11/site-packages/airflow/example_dags/example_nested_branch_dag.py for tasks to queue
[2024-05-09T20:47:13.548+0200] {logging_mixin.py:188} INFO - [2024-05-09T20:47:13.548+0200] {dagbag.py:540} INFO - Filling up the DagBag from /home/munya/.local/lib/python3.11/site-packages/airflow/example_dags/example_nested_branch_dag.py
[2024-05-09T20:47:13.565+0200] {processor.py:840} INFO - DAG(s) 'example_nested_branch_dag' retrieved from /home/munya/.local/lib/python3.11/site-packages/airflow/example_dags/example_nested_branch_dag.py
[2024-05-09T20:47:13.592+0200] {logging_mixin.py:188} INFO - [2024-05-09T20:47:13.592+0200] {dag.py:3096} INFO - Sync 1 DAGs
[2024-05-09T20:47:13.627+0200] {logging_mixin.py:188} INFO - [2024-05-09T20:47:13.627+0200] {dag.py:3954} INFO - Setting next_dagrun for example_nested_branch_dag to 2024-05-08 00:00:00+00:00, run_after=2024-05-09 00:00:00+00:00
[2024-05-09T20:47:13.658+0200] {processor.py:183} INFO - Processing /home/munya/.local/lib/python3.11/site-packages/airflow/example_dags/example_nested_branch_dag.py took 0.124 seconds
[2024-05-09T20:48:29.103+0200] {processor.py:161} INFO - Started process (PID=295364) to work on /home/munya/.local/lib/python3.11/site-packages/airflow/example_dags/example_nested_branch_dag.py
[2024-05-09T20:48:29.104+0200] {processor.py:830} INFO - Processing file /home/munya/.local/lib/python3.11/site-packages/airflow/example_dags/example_nested_branch_dag.py for tasks to queue
[2024-05-09T20:48:29.108+0200] {logging_mixin.py:188} INFO - [2024-05-09T20:48:29.107+0200] {dagbag.py:540} INFO - Filling up the DagBag from /home/munya/.local/lib/python3.11/site-packages/airflow/example_dags/example_nested_branch_dag.py
[2024-05-09T20:48:29.142+0200] {processor.py:840} INFO - DAG(s) 'example_nested_branch_dag' retrieved from /home/munya/.local/lib/python3.11/site-packages/airflow/example_dags/example_nested_branch_dag.py
[2024-05-09T20:48:29.179+0200] {logging_mixin.py:188} INFO - [2024-05-09T20:48:29.178+0200] {dag.py:3096} INFO - Sync 1 DAGs
[2024-05-09T20:48:29.228+0200] {logging_mixin.py:188} INFO - [2024-05-09T20:48:29.227+0200] {dag.py:3954} INFO - Setting next_dagrun for example_nested_branch_dag to 2024-05-08 00:00:00+00:00, run_after=2024-05-09 00:00:00+00:00
[2024-05-09T20:48:29.275+0200] {processor.py:183} INFO - Processing /home/munya/.local/lib/python3.11/site-packages/airflow/example_dags/example_nested_branch_dag.py took 0.185 seconds
[2024-05-09T20:49:44.842+0200] {processor.py:161} INFO - Started process (PID=296459) to work on /home/munya/.local/lib/python3.11/site-packages/airflow/example_dags/example_nested_branch_dag.py
[2024-05-09T20:49:44.844+0200] {processor.py:830} INFO - Processing file /home/munya/.local/lib/python3.11/site-packages/airflow/example_dags/example_nested_branch_dag.py for tasks to queue
[2024-05-09T20:49:44.847+0200] {logging_mixin.py:188} INFO - [2024-05-09T20:49:44.846+0200] {dagbag.py:540} INFO - Filling up the DagBag from /home/munya/.local/lib/python3.11/site-packages/airflow/example_dags/example_nested_branch_dag.py
[2024-05-09T20:49:44.865+0200] {processor.py:840} INFO - DAG(s) 'example_nested_branch_dag' retrieved from /home/munya/.local/lib/python3.11/site-packages/airflow/example_dags/example_nested_branch_dag.py
[2024-05-09T20:49:44.894+0200] {logging_mixin.py:188} INFO - [2024-05-09T20:49:44.893+0200] {dag.py:3096} INFO - Sync 1 DAGs
[2024-05-09T20:49:44.928+0200] {logging_mixin.py:188} INFO - [2024-05-09T20:49:44.928+0200] {dag.py:3954} INFO - Setting next_dagrun for example_nested_branch_dag to 2024-05-08 00:00:00+00:00, run_after=2024-05-09 00:00:00+00:00
[2024-05-09T20:49:44.965+0200] {processor.py:183} INFO - Processing /home/munya/.local/lib/python3.11/site-packages/airflow/example_dags/example_nested_branch_dag.py took 0.132 seconds
[2024-05-09T20:50:56.054+0200] {processor.py:161} INFO - Started process (PID=297538) to work on /home/munya/.local/lib/python3.11/site-packages/airflow/example_dags/example_nested_branch_dag.py
[2024-05-09T20:50:56.057+0200] {processor.py:830} INFO - Processing file /home/munya/.local/lib/python3.11/site-packages/airflow/example_dags/example_nested_branch_dag.py for tasks to queue
[2024-05-09T20:50:56.062+0200] {logging_mixin.py:188} INFO - [2024-05-09T20:50:56.061+0200] {dagbag.py:540} INFO - Filling up the DagBag from /home/munya/.local/lib/python3.11/site-packages/airflow/example_dags/example_nested_branch_dag.py
[2024-05-09T20:50:56.096+0200] {processor.py:840} INFO - DAG(s) 'example_nested_branch_dag' retrieved from /home/munya/.local/lib/python3.11/site-packages/airflow/example_dags/example_nested_branch_dag.py
[2024-05-09T20:50:56.162+0200] {logging_mixin.py:188} INFO - [2024-05-09T20:50:56.162+0200] {dag.py:3096} INFO - Sync 1 DAGs
[2024-05-09T20:50:56.192+0200] {logging_mixin.py:188} INFO - [2024-05-09T20:50:56.191+0200] {dag.py:3954} INFO - Setting next_dagrun for example_nested_branch_dag to 2024-05-08 00:00:00+00:00, run_after=2024-05-09 00:00:00+00:00
[2024-05-09T20:50:56.218+0200] {processor.py:183} INFO - Processing /home/munya/.local/lib/python3.11/site-packages/airflow/example_dags/example_nested_branch_dag.py took 0.183 seconds
