[2024-05-09T07:59:07.133+0200] {processor.py:161} INFO - Started process (PID=18514) to work on /home/munya/.local/lib/python3.11/site-packages/airflow/example_dags/tutorial_dag.py
[2024-05-09T07:59:07.134+0200] {processor.py:830} INFO - Processing file /home/munya/.local/lib/python3.11/site-packages/airflow/example_dags/tutorial_dag.py for tasks to queue
[2024-05-09T07:59:07.135+0200] {logging_mixin.py:188} INFO - [2024-05-09T07:59:07.134+0200] {dagbag.py:540} INFO - Filling up the DagBag from /home/munya/.local/lib/python3.11/site-packages/airflow/example_dags/tutorial_dag.py
[2024-05-09T07:59:07.143+0200] {processor.py:840} INFO - DAG(s) 'tutorial_dag' retrieved from /home/munya/.local/lib/python3.11/site-packages/airflow/example_dags/tutorial_dag.py
[2024-05-09T07:59:07.234+0200] {logging_mixin.py:188} INFO - [2024-05-09T07:59:07.234+0200] {dag.py:3096} INFO - Sync 1 DAGs
[2024-05-09T07:59:07.243+0200] {logging_mixin.py:188} INFO - [2024-05-09T07:59:07.243+0200] {dag.py:3954} INFO - Setting next_dagrun for tutorial_dag to None, run_after=None
[2024-05-09T07:59:07.262+0200] {processor.py:183} INFO - Processing /home/munya/.local/lib/python3.11/site-packages/airflow/example_dags/tutorial_dag.py took 0.133 seconds
[2024-05-09T08:03:33.086+0200] {processor.py:161} INFO - Started process (PID=22439) to work on /home/munya/.local/lib/python3.11/site-packages/airflow/example_dags/tutorial_dag.py
[2024-05-09T08:03:33.089+0200] {processor.py:830} INFO - Processing file /home/munya/.local/lib/python3.11/site-packages/airflow/example_dags/tutorial_dag.py for tasks to queue
[2024-05-09T08:03:33.092+0200] {logging_mixin.py:188} INFO - [2024-05-09T08:03:33.091+0200] {dagbag.py:540} INFO - Filling up the DagBag from /home/munya/.local/lib/python3.11/site-packages/airflow/example_dags/tutorial_dag.py
[2024-05-09T08:03:33.100+0200] {processor.py:840} INFO - DAG(s) 'tutorial_dag' retrieved from /home/munya/.local/lib/python3.11/site-packages/airflow/example_dags/tutorial_dag.py
[2024-05-09T08:03:33.129+0200] {logging_mixin.py:188} INFO - [2024-05-09T08:03:33.128+0200] {dag.py:3096} INFO - Sync 1 DAGs
[2024-05-09T08:03:33.151+0200] {logging_mixin.py:188} INFO - [2024-05-09T08:03:33.151+0200] {dag.py:3954} INFO - Setting next_dagrun for tutorial_dag to None, run_after=None
[2024-05-09T08:03:33.190+0200] {processor.py:183} INFO - Processing /home/munya/.local/lib/python3.11/site-packages/airflow/example_dags/tutorial_dag.py took 0.138 seconds
[2024-05-09T08:04:29.557+0200] {processor.py:161} INFO - Started process (PID=23201) to work on /home/munya/.local/lib/python3.11/site-packages/airflow/example_dags/tutorial_dag.py
[2024-05-09T08:04:29.558+0200] {processor.py:830} INFO - Processing file /home/munya/.local/lib/python3.11/site-packages/airflow/example_dags/tutorial_dag.py for tasks to queue
[2024-05-09T08:04:29.558+0200] {logging_mixin.py:188} INFO - [2024-05-09T08:04:29.558+0200] {dagbag.py:540} INFO - Filling up the DagBag from /home/munya/.local/lib/python3.11/site-packages/airflow/example_dags/tutorial_dag.py
[2024-05-09T08:04:29.565+0200] {processor.py:840} INFO - DAG(s) 'tutorial_dag' retrieved from /home/munya/.local/lib/python3.11/site-packages/airflow/example_dags/tutorial_dag.py
[2024-05-09T08:04:29.581+0200] {logging_mixin.py:188} INFO - [2024-05-09T08:04:29.580+0200] {dag.py:3096} INFO - Sync 1 DAGs
[2024-05-09T08:04:29.594+0200] {logging_mixin.py:188} INFO - [2024-05-09T08:04:29.594+0200] {dag.py:3954} INFO - Setting next_dagrun for tutorial_dag to None, run_after=None
[2024-05-09T08:04:29.616+0200] {processor.py:183} INFO - Processing /home/munya/.local/lib/python3.11/site-packages/airflow/example_dags/tutorial_dag.py took 0.067 seconds
[2024-05-09T08:05:32.243+0200] {processor.py:161} INFO - Started process (PID=24011) to work on /home/munya/.local/lib/python3.11/site-packages/airflow/example_dags/tutorial_dag.py
[2024-05-09T08:05:32.246+0200] {processor.py:830} INFO - Processing file /home/munya/.local/lib/python3.11/site-packages/airflow/example_dags/tutorial_dag.py for tasks to queue
[2024-05-09T08:05:32.249+0200] {logging_mixin.py:188} INFO - [2024-05-09T08:05:32.248+0200] {dagbag.py:540} INFO - Filling up the DagBag from /home/munya/.local/lib/python3.11/site-packages/airflow/example_dags/tutorial_dag.py
[2024-05-09T08:05:32.268+0200] {processor.py:840} INFO - DAG(s) 'tutorial_dag' retrieved from /home/munya/.local/lib/python3.11/site-packages/airflow/example_dags/tutorial_dag.py
[2024-05-09T08:05:32.317+0200] {logging_mixin.py:188} INFO - [2024-05-09T08:05:32.316+0200] {dag.py:3096} INFO - Sync 1 DAGs
[2024-05-09T08:05:32.351+0200] {logging_mixin.py:188} INFO - [2024-05-09T08:05:32.350+0200] {dag.py:3954} INFO - Setting next_dagrun for tutorial_dag to None, run_after=None
[2024-05-09T08:05:32.422+0200] {processor.py:183} INFO - Processing /home/munya/.local/lib/python3.11/site-packages/airflow/example_dags/tutorial_dag.py took 0.198 seconds
[2024-05-09T08:06:31.032+0200] {processor.py:161} INFO - Started process (PID=24794) to work on /home/munya/.local/lib/python3.11/site-packages/airflow/example_dags/tutorial_dag.py
[2024-05-09T08:06:31.035+0200] {processor.py:830} INFO - Processing file /home/munya/.local/lib/python3.11/site-packages/airflow/example_dags/tutorial_dag.py for tasks to queue
[2024-05-09T08:06:31.038+0200] {logging_mixin.py:188} INFO - [2024-05-09T08:06:31.036+0200] {dagbag.py:540} INFO - Filling up the DagBag from /home/munya/.local/lib/python3.11/site-packages/airflow/example_dags/tutorial_dag.py
[2024-05-09T08:06:31.057+0200] {processor.py:840} INFO - DAG(s) 'tutorial_dag' retrieved from /home/munya/.local/lib/python3.11/site-packages/airflow/example_dags/tutorial_dag.py
[2024-05-09T08:06:31.106+0200] {logging_mixin.py:188} INFO - [2024-05-09T08:06:31.105+0200] {dag.py:3096} INFO - Sync 1 DAGs
[2024-05-09T08:06:31.153+0200] {logging_mixin.py:188} INFO - [2024-05-09T08:06:31.152+0200] {dag.py:3954} INFO - Setting next_dagrun for tutorial_dag to None, run_after=None
[2024-05-09T08:06:31.226+0200] {processor.py:183} INFO - Processing /home/munya/.local/lib/python3.11/site-packages/airflow/example_dags/tutorial_dag.py took 0.213 seconds
[2024-05-09T08:07:29.648+0200] {processor.py:161} INFO - Started process (PID=25537) to work on /home/munya/.local/lib/python3.11/site-packages/airflow/example_dags/tutorial_dag.py
[2024-05-09T08:07:29.652+0200] {processor.py:830} INFO - Processing file /home/munya/.local/lib/python3.11/site-packages/airflow/example_dags/tutorial_dag.py for tasks to queue
[2024-05-09T08:07:29.657+0200] {logging_mixin.py:188} INFO - [2024-05-09T08:07:29.654+0200] {dagbag.py:540} INFO - Filling up the DagBag from /home/munya/.local/lib/python3.11/site-packages/airflow/example_dags/tutorial_dag.py
[2024-05-09T08:07:29.686+0200] {processor.py:840} INFO - DAG(s) 'tutorial_dag' retrieved from /home/munya/.local/lib/python3.11/site-packages/airflow/example_dags/tutorial_dag.py
[2024-05-09T08:07:29.768+0200] {logging_mixin.py:188} INFO - [2024-05-09T08:07:29.767+0200] {dag.py:3096} INFO - Sync 1 DAGs
[2024-05-09T08:07:29.821+0200] {logging_mixin.py:188} INFO - [2024-05-09T08:07:29.821+0200] {dag.py:3954} INFO - Setting next_dagrun for tutorial_dag to None, run_after=None
[2024-05-09T08:07:29.886+0200] {processor.py:183} INFO - Processing /home/munya/.local/lib/python3.11/site-packages/airflow/example_dags/tutorial_dag.py took 0.264 seconds
[2024-05-09T08:08:30.418+0200] {processor.py:161} INFO - Started process (PID=26320) to work on /home/munya/.local/lib/python3.11/site-packages/airflow/example_dags/tutorial_dag.py
[2024-05-09T08:08:30.421+0200] {processor.py:830} INFO - Processing file /home/munya/.local/lib/python3.11/site-packages/airflow/example_dags/tutorial_dag.py for tasks to queue
[2024-05-09T08:08:30.424+0200] {logging_mixin.py:188} INFO - [2024-05-09T08:08:30.423+0200] {dagbag.py:540} INFO - Filling up the DagBag from /home/munya/.local/lib/python3.11/site-packages/airflow/example_dags/tutorial_dag.py
[2024-05-09T08:08:30.443+0200] {processor.py:840} INFO - DAG(s) 'tutorial_dag' retrieved from /home/munya/.local/lib/python3.11/site-packages/airflow/example_dags/tutorial_dag.py
[2024-05-09T08:08:30.492+0200] {logging_mixin.py:188} INFO - [2024-05-09T08:08:30.492+0200] {dag.py:3096} INFO - Sync 1 DAGs
[2024-05-09T08:08:30.528+0200] {logging_mixin.py:188} INFO - [2024-05-09T08:08:30.528+0200] {dag.py:3954} INFO - Setting next_dagrun for tutorial_dag to None, run_after=None
[2024-05-09T08:08:30.580+0200] {processor.py:183} INFO - Processing /home/munya/.local/lib/python3.11/site-packages/airflow/example_dags/tutorial_dag.py took 0.180 seconds
[2024-05-09T08:09:26.243+0200] {processor.py:161} INFO - Started process (PID=27203) to work on /home/munya/.local/lib/python3.11/site-packages/airflow/example_dags/tutorial_dag.py
[2024-05-09T08:09:26.244+0200] {processor.py:830} INFO - Processing file /home/munya/.local/lib/python3.11/site-packages/airflow/example_dags/tutorial_dag.py for tasks to queue
[2024-05-09T08:09:26.246+0200] {logging_mixin.py:188} INFO - [2024-05-09T08:09:26.245+0200] {dagbag.py:540} INFO - Filling up the DagBag from /home/munya/.local/lib/python3.11/site-packages/airflow/example_dags/tutorial_dag.py
[2024-05-09T08:09:26.256+0200] {processor.py:840} INFO - DAG(s) 'tutorial_dag' retrieved from /home/munya/.local/lib/python3.11/site-packages/airflow/example_dags/tutorial_dag.py
[2024-05-09T08:09:26.280+0200] {logging_mixin.py:188} INFO - [2024-05-09T08:09:26.280+0200] {dag.py:3096} INFO - Sync 1 DAGs
[2024-05-09T08:09:26.296+0200] {logging_mixin.py:188} INFO - [2024-05-09T08:09:26.295+0200] {dag.py:3954} INFO - Setting next_dagrun for tutorial_dag to None, run_after=None
[2024-05-09T08:09:26.323+0200] {processor.py:183} INFO - Processing /home/munya/.local/lib/python3.11/site-packages/airflow/example_dags/tutorial_dag.py took 0.089 seconds
[2024-05-09T08:10:16.057+0200] {processor.py:161} INFO - Started process (PID=27876) to work on /home/munya/.local/lib/python3.11/site-packages/airflow/example_dags/tutorial_dag.py
[2024-05-09T08:10:16.058+0200] {processor.py:830} INFO - Processing file /home/munya/.local/lib/python3.11/site-packages/airflow/example_dags/tutorial_dag.py for tasks to queue
[2024-05-09T08:10:16.058+0200] {logging_mixin.py:188} INFO - [2024-05-09T08:10:16.058+0200] {dagbag.py:540} INFO - Filling up the DagBag from /home/munya/.local/lib/python3.11/site-packages/airflow/example_dags/tutorial_dag.py
[2024-05-09T08:10:16.063+0200] {processor.py:840} INFO - DAG(s) 'tutorial_dag' retrieved from /home/munya/.local/lib/python3.11/site-packages/airflow/example_dags/tutorial_dag.py
[2024-05-09T08:10:16.076+0200] {logging_mixin.py:188} INFO - [2024-05-09T08:10:16.076+0200] {dag.py:3096} INFO - Sync 1 DAGs
[2024-05-09T08:10:16.085+0200] {logging_mixin.py:188} INFO - [2024-05-09T08:10:16.085+0200] {dag.py:3954} INFO - Setting next_dagrun for tutorial_dag to None, run_after=None
[2024-05-09T08:10:16.102+0200] {processor.py:183} INFO - Processing /home/munya/.local/lib/python3.11/site-packages/airflow/example_dags/tutorial_dag.py took 0.050 seconds
[2024-05-09T08:11:20.836+0200] {processor.py:161} INFO - Started process (PID=28690) to work on /home/munya/.local/lib/python3.11/site-packages/airflow/example_dags/tutorial_dag.py
[2024-05-09T08:11:20.839+0200] {processor.py:830} INFO - Processing file /home/munya/.local/lib/python3.11/site-packages/airflow/example_dags/tutorial_dag.py for tasks to queue
[2024-05-09T08:11:20.841+0200] {logging_mixin.py:188} INFO - [2024-05-09T08:11:20.840+0200] {dagbag.py:540} INFO - Filling up the DagBag from /home/munya/.local/lib/python3.11/site-packages/airflow/example_dags/tutorial_dag.py
[2024-05-09T08:11:20.864+0200] {processor.py:840} INFO - DAG(s) 'tutorial_dag' retrieved from /home/munya/.local/lib/python3.11/site-packages/airflow/example_dags/tutorial_dag.py
[2024-05-09T08:11:20.914+0200] {logging_mixin.py:188} INFO - [2024-05-09T08:11:20.914+0200] {dag.py:3096} INFO - Sync 1 DAGs
[2024-05-09T08:11:20.949+0200] {logging_mixin.py:188} INFO - [2024-05-09T08:11:20.948+0200] {dag.py:3954} INFO - Setting next_dagrun for tutorial_dag to None, run_after=None
[2024-05-09T08:11:21.013+0200] {processor.py:183} INFO - Processing /home/munya/.local/lib/python3.11/site-packages/airflow/example_dags/tutorial_dag.py took 0.195 seconds
[2024-05-09T08:12:24.901+0200] {processor.py:161} INFO - Started process (PID=29547) to work on /home/munya/.local/lib/python3.11/site-packages/airflow/example_dags/tutorial_dag.py
[2024-05-09T08:12:24.904+0200] {processor.py:830} INFO - Processing file /home/munya/.local/lib/python3.11/site-packages/airflow/example_dags/tutorial_dag.py for tasks to queue
[2024-05-09T08:12:24.908+0200] {logging_mixin.py:188} INFO - [2024-05-09T08:12:24.906+0200] {dagbag.py:540} INFO - Filling up the DagBag from /home/munya/.local/lib/python3.11/site-packages/airflow/example_dags/tutorial_dag.py
[2024-05-09T08:12:24.931+0200] {processor.py:840} INFO - DAG(s) 'tutorial_dag' retrieved from /home/munya/.local/lib/python3.11/site-packages/airflow/example_dags/tutorial_dag.py
[2024-05-09T08:12:24.995+0200] {logging_mixin.py:188} INFO - [2024-05-09T08:12:24.994+0200] {dag.py:3096} INFO - Sync 1 DAGs
[2024-05-09T08:12:25.049+0200] {logging_mixin.py:188} INFO - [2024-05-09T08:12:25.048+0200] {dag.py:3954} INFO - Setting next_dagrun for tutorial_dag to None, run_after=None
[2024-05-09T08:12:25.120+0200] {processor.py:183} INFO - Processing /home/munya/.local/lib/python3.11/site-packages/airflow/example_dags/tutorial_dag.py took 0.238 seconds
[2024-05-09T08:13:29.575+0200] {processor.py:161} INFO - Started process (PID=30394) to work on /home/munya/.local/lib/python3.11/site-packages/airflow/example_dags/tutorial_dag.py
[2024-05-09T08:13:29.576+0200] {processor.py:830} INFO - Processing file /home/munya/.local/lib/python3.11/site-packages/airflow/example_dags/tutorial_dag.py for tasks to queue
[2024-05-09T08:13:29.576+0200] {logging_mixin.py:188} INFO - [2024-05-09T08:13:29.576+0200] {dagbag.py:540} INFO - Filling up the DagBag from /home/munya/.local/lib/python3.11/site-packages/airflow/example_dags/tutorial_dag.py
[2024-05-09T08:13:29.582+0200] {processor.py:840} INFO - DAG(s) 'tutorial_dag' retrieved from /home/munya/.local/lib/python3.11/site-packages/airflow/example_dags/tutorial_dag.py
[2024-05-09T08:13:29.596+0200] {logging_mixin.py:188} INFO - [2024-05-09T08:13:29.596+0200] {dag.py:3096} INFO - Sync 1 DAGs
[2024-05-09T08:13:29.607+0200] {logging_mixin.py:188} INFO - [2024-05-09T08:13:29.606+0200] {dag.py:3954} INFO - Setting next_dagrun for tutorial_dag to None, run_after=None
[2024-05-09T08:13:29.632+0200] {processor.py:183} INFO - Processing /home/munya/.local/lib/python3.11/site-packages/airflow/example_dags/tutorial_dag.py took 0.063 seconds
[2024-05-09T08:14:26.853+0200] {processor.py:161} INFO - Started process (PID=31153) to work on /home/munya/.local/lib/python3.11/site-packages/airflow/example_dags/tutorial_dag.py
[2024-05-09T08:14:26.853+0200] {processor.py:830} INFO - Processing file /home/munya/.local/lib/python3.11/site-packages/airflow/example_dags/tutorial_dag.py for tasks to queue
[2024-05-09T08:14:26.854+0200] {logging_mixin.py:188} INFO - [2024-05-09T08:14:26.854+0200] {dagbag.py:540} INFO - Filling up the DagBag from /home/munya/.local/lib/python3.11/site-packages/airflow/example_dags/tutorial_dag.py
[2024-05-09T08:14:26.859+0200] {processor.py:840} INFO - DAG(s) 'tutorial_dag' retrieved from /home/munya/.local/lib/python3.11/site-packages/airflow/example_dags/tutorial_dag.py
[2024-05-09T08:14:26.872+0200] {logging_mixin.py:188} INFO - [2024-05-09T08:14:26.872+0200] {dag.py:3096} INFO - Sync 1 DAGs
[2024-05-09T08:14:26.881+0200] {logging_mixin.py:188} INFO - [2024-05-09T08:14:26.881+0200] {dag.py:3954} INFO - Setting next_dagrun for tutorial_dag to None, run_after=None
[2024-05-09T08:14:26.897+0200] {processor.py:183} INFO - Processing /home/munya/.local/lib/python3.11/site-packages/airflow/example_dags/tutorial_dag.py took 0.050 seconds
[2024-05-09T08:15:22.870+0200] {processor.py:161} INFO - Started process (PID=31901) to work on /home/munya/.local/lib/python3.11/site-packages/airflow/example_dags/tutorial_dag.py
[2024-05-09T08:15:22.871+0200] {processor.py:830} INFO - Processing file /home/munya/.local/lib/python3.11/site-packages/airflow/example_dags/tutorial_dag.py for tasks to queue
[2024-05-09T08:15:22.872+0200] {logging_mixin.py:188} INFO - [2024-05-09T08:15:22.872+0200] {dagbag.py:540} INFO - Filling up the DagBag from /home/munya/.local/lib/python3.11/site-packages/airflow/example_dags/tutorial_dag.py
[2024-05-09T08:15:22.878+0200] {processor.py:840} INFO - DAG(s) 'tutorial_dag' retrieved from /home/munya/.local/lib/python3.11/site-packages/airflow/example_dags/tutorial_dag.py
[2024-05-09T08:15:22.893+0200] {logging_mixin.py:188} INFO - [2024-05-09T08:15:22.893+0200] {dag.py:3096} INFO - Sync 1 DAGs
[2024-05-09T08:15:22.906+0200] {logging_mixin.py:188} INFO - [2024-05-09T08:15:22.906+0200] {dag.py:3954} INFO - Setting next_dagrun for tutorial_dag to None, run_after=None
[2024-05-09T08:15:22.925+0200] {processor.py:183} INFO - Processing /home/munya/.local/lib/python3.11/site-packages/airflow/example_dags/tutorial_dag.py took 0.061 seconds
[2024-05-09T08:16:44.041+0200] {processor.py:161} INFO - Started process (PID=32902) to work on /home/munya/.local/lib/python3.11/site-packages/airflow/example_dags/tutorial_dag.py
[2024-05-09T08:16:44.042+0200] {processor.py:830} INFO - Processing file /home/munya/.local/lib/python3.11/site-packages/airflow/example_dags/tutorial_dag.py for tasks to queue
[2024-05-09T08:16:44.044+0200] {logging_mixin.py:188} INFO - [2024-05-09T08:16:44.043+0200] {dagbag.py:540} INFO - Filling up the DagBag from /home/munya/.local/lib/python3.11/site-packages/airflow/example_dags/tutorial_dag.py
[2024-05-09T08:16:44.050+0200] {processor.py:840} INFO - DAG(s) 'tutorial_dag' retrieved from /home/munya/.local/lib/python3.11/site-packages/airflow/example_dags/tutorial_dag.py
[2024-05-09T08:16:44.070+0200] {logging_mixin.py:188} INFO - [2024-05-09T08:16:44.070+0200] {dag.py:3096} INFO - Sync 1 DAGs
[2024-05-09T08:16:44.082+0200] {logging_mixin.py:188} INFO - [2024-05-09T08:16:44.082+0200] {dag.py:3954} INFO - Setting next_dagrun for tutorial_dag to None, run_after=None
[2024-05-09T08:16:44.427+0200] {processor.py:183} INFO - Processing /home/munya/.local/lib/python3.11/site-packages/airflow/example_dags/tutorial_dag.py took 0.394 seconds
[2024-05-09T08:17:28.253+0200] {processor.py:161} INFO - Started process (PID=33441) to work on /home/munya/.local/lib/python3.11/site-packages/airflow/example_dags/tutorial_dag.py
[2024-05-09T08:17:28.254+0200] {processor.py:830} INFO - Processing file /home/munya/.local/lib/python3.11/site-packages/airflow/example_dags/tutorial_dag.py for tasks to queue
[2024-05-09T08:17:28.254+0200] {logging_mixin.py:188} INFO - [2024-05-09T08:17:28.254+0200] {dagbag.py:540} INFO - Filling up the DagBag from /home/munya/.local/lib/python3.11/site-packages/airflow/example_dags/tutorial_dag.py
[2024-05-09T08:17:28.260+0200] {processor.py:840} INFO - DAG(s) 'tutorial_dag' retrieved from /home/munya/.local/lib/python3.11/site-packages/airflow/example_dags/tutorial_dag.py
[2024-05-09T08:17:28.280+0200] {logging_mixin.py:188} INFO - [2024-05-09T08:17:28.279+0200] {dag.py:3096} INFO - Sync 1 DAGs
[2024-05-09T08:17:28.296+0200] {logging_mixin.py:188} INFO - [2024-05-09T08:17:28.295+0200] {dag.py:3954} INFO - Setting next_dagrun for tutorial_dag to None, run_after=None
[2024-05-09T08:17:28.317+0200] {processor.py:183} INFO - Processing /home/munya/.local/lib/python3.11/site-packages/airflow/example_dags/tutorial_dag.py took 0.072 seconds
[2024-05-09T08:18:28.259+0200] {processor.py:161} INFO - Started process (PID=34651) to work on /home/munya/.local/lib/python3.11/site-packages/airflow/example_dags/tutorial_dag.py
[2024-05-09T08:18:28.260+0200] {processor.py:830} INFO - Processing file /home/munya/.local/lib/python3.11/site-packages/airflow/example_dags/tutorial_dag.py for tasks to queue
[2024-05-09T08:18:28.261+0200] {logging_mixin.py:188} INFO - [2024-05-09T08:18:28.261+0200] {dagbag.py:540} INFO - Filling up the DagBag from /home/munya/.local/lib/python3.11/site-packages/airflow/example_dags/tutorial_dag.py
[2024-05-09T08:18:28.266+0200] {processor.py:840} INFO - DAG(s) 'tutorial_dag' retrieved from /home/munya/.local/lib/python3.11/site-packages/airflow/example_dags/tutorial_dag.py
[2024-05-09T08:18:28.282+0200] {logging_mixin.py:188} INFO - [2024-05-09T08:18:28.282+0200] {dag.py:3096} INFO - Sync 1 DAGs
[2024-05-09T08:18:28.296+0200] {logging_mixin.py:188} INFO - [2024-05-09T08:18:28.295+0200] {dag.py:3954} INFO - Setting next_dagrun for tutorial_dag to None, run_after=None
[2024-05-09T08:18:28.318+0200] {processor.py:183} INFO - Processing /home/munya/.local/lib/python3.11/site-packages/airflow/example_dags/tutorial_dag.py took 0.065 seconds
[2024-05-09T08:19:25.662+0200] {processor.py:161} INFO - Started process (PID=35405) to work on /home/munya/.local/lib/python3.11/site-packages/airflow/example_dags/tutorial_dag.py
[2024-05-09T08:19:25.666+0200] {processor.py:830} INFO - Processing file /home/munya/.local/lib/python3.11/site-packages/airflow/example_dags/tutorial_dag.py for tasks to queue
[2024-05-09T08:19:25.669+0200] {logging_mixin.py:188} INFO - [2024-05-09T08:19:25.668+0200] {dagbag.py:540} INFO - Filling up the DagBag from /home/munya/.local/lib/python3.11/site-packages/airflow/example_dags/tutorial_dag.py
[2024-05-09T08:19:25.693+0200] {processor.py:840} INFO - DAG(s) 'tutorial_dag' retrieved from /home/munya/.local/lib/python3.11/site-packages/airflow/example_dags/tutorial_dag.py
[2024-05-09T08:19:25.745+0200] {logging_mixin.py:188} INFO - [2024-05-09T08:19:25.745+0200] {dag.py:3096} INFO - Sync 1 DAGs
[2024-05-09T08:19:25.790+0200] {logging_mixin.py:188} INFO - [2024-05-09T08:19:25.790+0200] {dag.py:3954} INFO - Setting next_dagrun for tutorial_dag to None, run_after=None
[2024-05-09T08:19:25.854+0200] {processor.py:183} INFO - Processing /home/munya/.local/lib/python3.11/site-packages/airflow/example_dags/tutorial_dag.py took 0.218 seconds
[2024-05-09T08:20:22.413+0200] {processor.py:161} INFO - Started process (PID=36130) to work on /home/munya/.local/lib/python3.11/site-packages/airflow/example_dags/tutorial_dag.py
[2024-05-09T08:20:22.414+0200] {processor.py:830} INFO - Processing file /home/munya/.local/lib/python3.11/site-packages/airflow/example_dags/tutorial_dag.py for tasks to queue
[2024-05-09T08:20:22.415+0200] {logging_mixin.py:188} INFO - [2024-05-09T08:20:22.414+0200] {dagbag.py:540} INFO - Filling up the DagBag from /home/munya/.local/lib/python3.11/site-packages/airflow/example_dags/tutorial_dag.py
[2024-05-09T08:20:22.421+0200] {processor.py:840} INFO - DAG(s) 'tutorial_dag' retrieved from /home/munya/.local/lib/python3.11/site-packages/airflow/example_dags/tutorial_dag.py
[2024-05-09T08:20:22.439+0200] {logging_mixin.py:188} INFO - [2024-05-09T08:20:22.439+0200] {dag.py:3096} INFO - Sync 1 DAGs
[2024-05-09T08:20:22.452+0200] {logging_mixin.py:188} INFO - [2024-05-09T08:20:22.452+0200] {dag.py:3954} INFO - Setting next_dagrun for tutorial_dag to None, run_after=None
[2024-05-09T08:20:22.476+0200] {processor.py:183} INFO - Processing /home/munya/.local/lib/python3.11/site-packages/airflow/example_dags/tutorial_dag.py took 0.070 seconds
[2024-05-09T08:21:29.564+0200] {processor.py:161} INFO - Started process (PID=37015) to work on /home/munya/.local/lib/python3.11/site-packages/airflow/example_dags/tutorial_dag.py
[2024-05-09T08:21:29.565+0200] {processor.py:830} INFO - Processing file /home/munya/.local/lib/python3.11/site-packages/airflow/example_dags/tutorial_dag.py for tasks to queue
[2024-05-09T08:21:29.566+0200] {logging_mixin.py:188} INFO - [2024-05-09T08:21:29.566+0200] {dagbag.py:540} INFO - Filling up the DagBag from /home/munya/.local/lib/python3.11/site-packages/airflow/example_dags/tutorial_dag.py
[2024-05-09T08:21:29.571+0200] {processor.py:840} INFO - DAG(s) 'tutorial_dag' retrieved from /home/munya/.local/lib/python3.11/site-packages/airflow/example_dags/tutorial_dag.py
[2024-05-09T08:21:29.585+0200] {logging_mixin.py:188} INFO - [2024-05-09T08:21:29.585+0200] {dag.py:3096} INFO - Sync 1 DAGs
[2024-05-09T08:21:29.594+0200] {logging_mixin.py:188} INFO - [2024-05-09T08:21:29.594+0200] {dag.py:3954} INFO - Setting next_dagrun for tutorial_dag to None, run_after=None
[2024-05-09T08:21:29.611+0200] {processor.py:183} INFO - Processing /home/munya/.local/lib/python3.11/site-packages/airflow/example_dags/tutorial_dag.py took 0.052 seconds
[2024-05-09T08:22:33.151+0200] {processor.py:161} INFO - Started process (PID=38192) to work on /home/munya/.local/lib/python3.11/site-packages/airflow/example_dags/tutorial_dag.py
[2024-05-09T08:22:33.154+0200] {processor.py:830} INFO - Processing file /home/munya/.local/lib/python3.11/site-packages/airflow/example_dags/tutorial_dag.py for tasks to queue
[2024-05-09T08:22:33.156+0200] {logging_mixin.py:188} INFO - [2024-05-09T08:22:33.155+0200] {dagbag.py:540} INFO - Filling up the DagBag from /home/munya/.local/lib/python3.11/site-packages/airflow/example_dags/tutorial_dag.py
[2024-05-09T08:22:33.181+0200] {processor.py:840} INFO - DAG(s) 'tutorial_dag' retrieved from /home/munya/.local/lib/python3.11/site-packages/airflow/example_dags/tutorial_dag.py
[2024-05-09T08:22:33.238+0200] {logging_mixin.py:188} INFO - [2024-05-09T08:22:33.237+0200] {dag.py:3096} INFO - Sync 1 DAGs
[2024-05-09T08:22:33.288+0200] {logging_mixin.py:188} INFO - [2024-05-09T08:22:33.288+0200] {dag.py:3954} INFO - Setting next_dagrun for tutorial_dag to None, run_after=None
[2024-05-09T08:22:33.366+0200] {processor.py:183} INFO - Processing /home/munya/.local/lib/python3.11/site-packages/airflow/example_dags/tutorial_dag.py took 0.235 seconds
[2024-05-09T08:23:30.588+0200] {processor.py:161} INFO - Started process (PID=38954) to work on /home/munya/.local/lib/python3.11/site-packages/airflow/example_dags/tutorial_dag.py
[2024-05-09T08:23:30.589+0200] {processor.py:830} INFO - Processing file /home/munya/.local/lib/python3.11/site-packages/airflow/example_dags/tutorial_dag.py for tasks to queue
[2024-05-09T08:23:30.589+0200] {logging_mixin.py:188} INFO - [2024-05-09T08:23:30.589+0200] {dagbag.py:540} INFO - Filling up the DagBag from /home/munya/.local/lib/python3.11/site-packages/airflow/example_dags/tutorial_dag.py
[2024-05-09T08:23:30.594+0200] {processor.py:840} INFO - DAG(s) 'tutorial_dag' retrieved from /home/munya/.local/lib/python3.11/site-packages/airflow/example_dags/tutorial_dag.py
[2024-05-09T08:23:30.607+0200] {logging_mixin.py:188} INFO - [2024-05-09T08:23:30.607+0200] {dag.py:3096} INFO - Sync 1 DAGs
[2024-05-09T08:23:30.617+0200] {logging_mixin.py:188} INFO - [2024-05-09T08:23:30.616+0200] {dag.py:3954} INFO - Setting next_dagrun for tutorial_dag to None, run_after=None
[2024-05-09T08:23:30.632+0200] {processor.py:183} INFO - Processing /home/munya/.local/lib/python3.11/site-packages/airflow/example_dags/tutorial_dag.py took 0.050 seconds
[2024-05-09T08:24:26.335+0200] {processor.py:161} INFO - Started process (PID=39794) to work on /home/munya/.local/lib/python3.11/site-packages/airflow/example_dags/tutorial_dag.py
[2024-05-09T08:24:26.336+0200] {processor.py:830} INFO - Processing file /home/munya/.local/lib/python3.11/site-packages/airflow/example_dags/tutorial_dag.py for tasks to queue
[2024-05-09T08:24:26.336+0200] {logging_mixin.py:188} INFO - [2024-05-09T08:24:26.336+0200] {dagbag.py:540} INFO - Filling up the DagBag from /home/munya/.local/lib/python3.11/site-packages/airflow/example_dags/tutorial_dag.py
[2024-05-09T08:24:26.341+0200] {processor.py:840} INFO - DAG(s) 'tutorial_dag' retrieved from /home/munya/.local/lib/python3.11/site-packages/airflow/example_dags/tutorial_dag.py
[2024-05-09T08:24:26.356+0200] {logging_mixin.py:188} INFO - [2024-05-09T08:24:26.356+0200] {dag.py:3096} INFO - Sync 1 DAGs
[2024-05-09T08:24:26.366+0200] {logging_mixin.py:188} INFO - [2024-05-09T08:24:26.366+0200] {dag.py:3954} INFO - Setting next_dagrun for tutorial_dag to None, run_after=None
[2024-05-09T08:24:26.384+0200] {processor.py:183} INFO - Processing /home/munya/.local/lib/python3.11/site-packages/airflow/example_dags/tutorial_dag.py took 0.055 seconds
[2024-05-09T08:25:27.554+0200] {processor.py:161} INFO - Started process (PID=40644) to work on /home/munya/.local/lib/python3.11/site-packages/airflow/example_dags/tutorial_dag.py
[2024-05-09T08:25:27.555+0200] {processor.py:830} INFO - Processing file /home/munya/.local/lib/python3.11/site-packages/airflow/example_dags/tutorial_dag.py for tasks to queue
[2024-05-09T08:25:27.555+0200] {logging_mixin.py:188} INFO - [2024-05-09T08:25:27.555+0200] {dagbag.py:540} INFO - Filling up the DagBag from /home/munya/.local/lib/python3.11/site-packages/airflow/example_dags/tutorial_dag.py
[2024-05-09T08:25:27.560+0200] {processor.py:840} INFO - DAG(s) 'tutorial_dag' retrieved from /home/munya/.local/lib/python3.11/site-packages/airflow/example_dags/tutorial_dag.py
[2024-05-09T08:25:27.573+0200] {logging_mixin.py:188} INFO - [2024-05-09T08:25:27.573+0200] {dag.py:3096} INFO - Sync 1 DAGs
[2024-05-09T08:25:27.582+0200] {logging_mixin.py:188} INFO - [2024-05-09T08:25:27.582+0200] {dag.py:3954} INFO - Setting next_dagrun for tutorial_dag to None, run_after=None
[2024-05-09T08:25:27.601+0200] {processor.py:183} INFO - Processing /home/munya/.local/lib/python3.11/site-packages/airflow/example_dags/tutorial_dag.py took 0.052 seconds
[2024-05-09T08:26:08.494+0200] {processor.py:161} INFO - Started process (PID=41193) to work on /home/munya/.local/lib/python3.11/site-packages/airflow/example_dags/tutorial_dag.py
[2024-05-09T08:26:08.495+0200] {processor.py:830} INFO - Processing file /home/munya/.local/lib/python3.11/site-packages/airflow/example_dags/tutorial_dag.py for tasks to queue
[2024-05-09T08:26:08.496+0200] {logging_mixin.py:188} INFO - [2024-05-09T08:26:08.496+0200] {dagbag.py:540} INFO - Filling up the DagBag from /home/munya/.local/lib/python3.11/site-packages/airflow/example_dags/tutorial_dag.py
[2024-05-09T08:26:08.502+0200] {processor.py:840} INFO - DAG(s) 'tutorial_dag' retrieved from /home/munya/.local/lib/python3.11/site-packages/airflow/example_dags/tutorial_dag.py
[2024-05-09T08:26:08.516+0200] {logging_mixin.py:188} INFO - [2024-05-09T08:26:08.516+0200] {dag.py:3096} INFO - Sync 1 DAGs
[2024-05-09T08:26:08.525+0200] {logging_mixin.py:188} INFO - [2024-05-09T08:26:08.525+0200] {dag.py:3954} INFO - Setting next_dagrun for tutorial_dag to None, run_after=None
[2024-05-09T08:26:08.541+0200] {processor.py:183} INFO - Processing /home/munya/.local/lib/python3.11/site-packages/airflow/example_dags/tutorial_dag.py took 0.052 seconds
[2024-05-09T08:27:07.798+0200] {processor.py:161} INFO - Started process (PID=42010) to work on /home/munya/.local/lib/python3.11/site-packages/airflow/example_dags/tutorial_dag.py
[2024-05-09T08:27:07.799+0200] {processor.py:830} INFO - Processing file /home/munya/.local/lib/python3.11/site-packages/airflow/example_dags/tutorial_dag.py for tasks to queue
[2024-05-09T08:27:07.800+0200] {logging_mixin.py:188} INFO - [2024-05-09T08:27:07.799+0200] {dagbag.py:540} INFO - Filling up the DagBag from /home/munya/.local/lib/python3.11/site-packages/airflow/example_dags/tutorial_dag.py
[2024-05-09T08:27:07.805+0200] {processor.py:840} INFO - DAG(s) 'tutorial_dag' retrieved from /home/munya/.local/lib/python3.11/site-packages/airflow/example_dags/tutorial_dag.py
[2024-05-09T08:27:07.819+0200] {logging_mixin.py:188} INFO - [2024-05-09T08:27:07.818+0200] {dag.py:3096} INFO - Sync 1 DAGs
[2024-05-09T08:27:07.828+0200] {logging_mixin.py:188} INFO - [2024-05-09T08:27:07.828+0200] {dag.py:3954} INFO - Setting next_dagrun for tutorial_dag to None, run_after=None
[2024-05-09T08:27:07.846+0200] {processor.py:183} INFO - Processing /home/munya/.local/lib/python3.11/site-packages/airflow/example_dags/tutorial_dag.py took 0.054 seconds
[2024-05-09T08:28:05.200+0200] {processor.py:161} INFO - Started process (PID=42751) to work on /home/munya/.local/lib/python3.11/site-packages/airflow/example_dags/tutorial_dag.py
[2024-05-09T08:28:05.201+0200] {processor.py:830} INFO - Processing file /home/munya/.local/lib/python3.11/site-packages/airflow/example_dags/tutorial_dag.py for tasks to queue
[2024-05-09T08:28:05.202+0200] {logging_mixin.py:188} INFO - [2024-05-09T08:28:05.201+0200] {dagbag.py:540} INFO - Filling up the DagBag from /home/munya/.local/lib/python3.11/site-packages/airflow/example_dags/tutorial_dag.py
[2024-05-09T08:28:05.210+0200] {processor.py:840} INFO - DAG(s) 'tutorial_dag' retrieved from /home/munya/.local/lib/python3.11/site-packages/airflow/example_dags/tutorial_dag.py
[2024-05-09T08:28:05.230+0200] {logging_mixin.py:188} INFO - [2024-05-09T08:28:05.230+0200] {dag.py:3096} INFO - Sync 1 DAGs
[2024-05-09T08:28:05.251+0200] {logging_mixin.py:188} INFO - [2024-05-09T08:28:05.250+0200] {dag.py:3954} INFO - Setting next_dagrun for tutorial_dag to None, run_after=None
[2024-05-09T08:28:05.275+0200] {processor.py:183} INFO - Processing /home/munya/.local/lib/python3.11/site-packages/airflow/example_dags/tutorial_dag.py took 0.083 seconds
[2024-05-09T08:28:58.569+0200] {processor.py:161} INFO - Started process (PID=43430) to work on /home/munya/.local/lib/python3.11/site-packages/airflow/example_dags/tutorial_dag.py
[2024-05-09T08:28:58.570+0200] {processor.py:830} INFO - Processing file /home/munya/.local/lib/python3.11/site-packages/airflow/example_dags/tutorial_dag.py for tasks to queue
[2024-05-09T08:28:58.571+0200] {logging_mixin.py:188} INFO - [2024-05-09T08:28:58.571+0200] {dagbag.py:540} INFO - Filling up the DagBag from /home/munya/.local/lib/python3.11/site-packages/airflow/example_dags/tutorial_dag.py
[2024-05-09T08:28:58.576+0200] {processor.py:840} INFO - DAG(s) 'tutorial_dag' retrieved from /home/munya/.local/lib/python3.11/site-packages/airflow/example_dags/tutorial_dag.py
[2024-05-09T08:28:58.596+0200] {logging_mixin.py:188} INFO - [2024-05-09T08:28:58.596+0200] {dag.py:3096} INFO - Sync 1 DAGs
[2024-05-09T08:28:58.608+0200] {logging_mixin.py:188} INFO - [2024-05-09T08:28:58.608+0200] {dag.py:3954} INFO - Setting next_dagrun for tutorial_dag to None, run_after=None
[2024-05-09T08:28:58.627+0200] {processor.py:183} INFO - Processing /home/munya/.local/lib/python3.11/site-packages/airflow/example_dags/tutorial_dag.py took 0.065 seconds
[2024-05-09T08:29:48.902+0200] {processor.py:161} INFO - Started process (PID=44104) to work on /home/munya/.local/lib/python3.11/site-packages/airflow/example_dags/tutorial_dag.py
[2024-05-09T08:29:48.905+0200] {processor.py:830} INFO - Processing file /home/munya/.local/lib/python3.11/site-packages/airflow/example_dags/tutorial_dag.py for tasks to queue
[2024-05-09T08:29:48.907+0200] {logging_mixin.py:188} INFO - [2024-05-09T08:29:48.906+0200] {dagbag.py:540} INFO - Filling up the DagBag from /home/munya/.local/lib/python3.11/site-packages/airflow/example_dags/tutorial_dag.py
[2024-05-09T08:29:48.924+0200] {processor.py:840} INFO - DAG(s) 'tutorial_dag' retrieved from /home/munya/.local/lib/python3.11/site-packages/airflow/example_dags/tutorial_dag.py
[2024-05-09T08:29:48.978+0200] {logging_mixin.py:188} INFO - [2024-05-09T08:29:48.978+0200] {dag.py:3096} INFO - Sync 1 DAGs
[2024-05-09T08:29:49.016+0200] {logging_mixin.py:188} INFO - [2024-05-09T08:29:49.016+0200] {dag.py:3954} INFO - Setting next_dagrun for tutorial_dag to None, run_after=None
[2024-05-09T08:29:49.073+0200] {processor.py:183} INFO - Processing /home/munya/.local/lib/python3.11/site-packages/airflow/example_dags/tutorial_dag.py took 0.191 seconds
[2024-05-09T08:30:51.898+0200] {processor.py:161} INFO - Started process (PID=44898) to work on /home/munya/.local/lib/python3.11/site-packages/airflow/example_dags/tutorial_dag.py
[2024-05-09T08:30:51.899+0200] {processor.py:830} INFO - Processing file /home/munya/.local/lib/python3.11/site-packages/airflow/example_dags/tutorial_dag.py for tasks to queue
[2024-05-09T08:30:51.900+0200] {logging_mixin.py:188} INFO - [2024-05-09T08:30:51.899+0200] {dagbag.py:540} INFO - Filling up the DagBag from /home/munya/.local/lib/python3.11/site-packages/airflow/example_dags/tutorial_dag.py
[2024-05-09T08:30:51.906+0200] {processor.py:840} INFO - DAG(s) 'tutorial_dag' retrieved from /home/munya/.local/lib/python3.11/site-packages/airflow/example_dags/tutorial_dag.py
[2024-05-09T08:30:51.921+0200] {logging_mixin.py:188} INFO - [2024-05-09T08:30:51.920+0200] {dag.py:3096} INFO - Sync 1 DAGs
[2024-05-09T08:30:51.931+0200] {logging_mixin.py:188} INFO - [2024-05-09T08:30:51.930+0200] {dag.py:3954} INFO - Setting next_dagrun for tutorial_dag to None, run_after=None
[2024-05-09T08:30:51.949+0200] {processor.py:183} INFO - Processing /home/munya/.local/lib/python3.11/site-packages/airflow/example_dags/tutorial_dag.py took 0.057 seconds
[2024-05-09T08:31:53.929+0200] {processor.py:161} INFO - Started process (PID=45778) to work on /home/munya/.local/lib/python3.11/site-packages/airflow/example_dags/tutorial_dag.py
[2024-05-09T08:31:53.929+0200] {processor.py:830} INFO - Processing file /home/munya/.local/lib/python3.11/site-packages/airflow/example_dags/tutorial_dag.py for tasks to queue
[2024-05-09T08:31:53.930+0200] {logging_mixin.py:188} INFO - [2024-05-09T08:31:53.930+0200] {dagbag.py:540} INFO - Filling up the DagBag from /home/munya/.local/lib/python3.11/site-packages/airflow/example_dags/tutorial_dag.py
[2024-05-09T08:31:53.935+0200] {processor.py:840} INFO - DAG(s) 'tutorial_dag' retrieved from /home/munya/.local/lib/python3.11/site-packages/airflow/example_dags/tutorial_dag.py
[2024-05-09T08:31:53.955+0200] {logging_mixin.py:188} INFO - [2024-05-09T08:31:53.955+0200] {dag.py:3096} INFO - Sync 1 DAGs
[2024-05-09T08:31:53.964+0200] {logging_mixin.py:188} INFO - [2024-05-09T08:31:53.964+0200] {dag.py:3954} INFO - Setting next_dagrun for tutorial_dag to None, run_after=None
[2024-05-09T08:31:53.980+0200] {processor.py:183} INFO - Processing /home/munya/.local/lib/python3.11/site-packages/airflow/example_dags/tutorial_dag.py took 0.056 seconds
[2024-05-09T08:32:57.399+0200] {processor.py:161} INFO - Started process (PID=46705) to work on /home/munya/.local/lib/python3.11/site-packages/airflow/example_dags/tutorial_dag.py
[2024-05-09T08:32:57.402+0200] {processor.py:830} INFO - Processing file /home/munya/.local/lib/python3.11/site-packages/airflow/example_dags/tutorial_dag.py for tasks to queue
[2024-05-09T08:32:57.405+0200] {logging_mixin.py:188} INFO - [2024-05-09T08:32:57.403+0200] {dagbag.py:540} INFO - Filling up the DagBag from /home/munya/.local/lib/python3.11/site-packages/airflow/example_dags/tutorial_dag.py
[2024-05-09T08:32:57.426+0200] {processor.py:840} INFO - DAG(s) 'tutorial_dag' retrieved from /home/munya/.local/lib/python3.11/site-packages/airflow/example_dags/tutorial_dag.py
[2024-05-09T08:32:57.480+0200] {logging_mixin.py:188} INFO - [2024-05-09T08:32:57.479+0200] {dag.py:3096} INFO - Sync 1 DAGs
[2024-05-09T08:32:57.518+0200] {logging_mixin.py:188} INFO - [2024-05-09T08:32:57.517+0200] {dag.py:3954} INFO - Setting next_dagrun for tutorial_dag to None, run_after=None
[2024-05-09T08:32:57.582+0200] {processor.py:183} INFO - Processing /home/munya/.local/lib/python3.11/site-packages/airflow/example_dags/tutorial_dag.py took 0.207 seconds
[2024-05-09T08:33:51.334+0200] {processor.py:161} INFO - Started process (PID=47404) to work on /home/munya/.local/lib/python3.11/site-packages/airflow/example_dags/tutorial_dag.py
[2024-05-09T08:33:51.335+0200] {processor.py:830} INFO - Processing file /home/munya/.local/lib/python3.11/site-packages/airflow/example_dags/tutorial_dag.py for tasks to queue
[2024-05-09T08:33:51.336+0200] {logging_mixin.py:188} INFO - [2024-05-09T08:33:51.336+0200] {dagbag.py:540} INFO - Filling up the DagBag from /home/munya/.local/lib/python3.11/site-packages/airflow/example_dags/tutorial_dag.py
[2024-05-09T08:33:51.342+0200] {processor.py:840} INFO - DAG(s) 'tutorial_dag' retrieved from /home/munya/.local/lib/python3.11/site-packages/airflow/example_dags/tutorial_dag.py
[2024-05-09T08:33:51.358+0200] {logging_mixin.py:188} INFO - [2024-05-09T08:33:51.357+0200] {dag.py:3096} INFO - Sync 1 DAGs
[2024-05-09T08:33:51.368+0200] {logging_mixin.py:188} INFO - [2024-05-09T08:33:51.368+0200] {dag.py:3954} INFO - Setting next_dagrun for tutorial_dag to None, run_after=None
[2024-05-09T08:33:51.387+0200] {processor.py:183} INFO - Processing /home/munya/.local/lib/python3.11/site-packages/airflow/example_dags/tutorial_dag.py took 0.059 seconds
[2024-05-09T08:34:59.513+0200] {processor.py:161} INFO - Started process (PID=48503) to work on /home/munya/.local/lib/python3.11/site-packages/airflow/example_dags/tutorial_dag.py
[2024-05-09T08:34:59.514+0200] {processor.py:830} INFO - Processing file /home/munya/.local/lib/python3.11/site-packages/airflow/example_dags/tutorial_dag.py for tasks to queue
[2024-05-09T08:34:59.514+0200] {logging_mixin.py:188} INFO - [2024-05-09T08:34:59.514+0200] {dagbag.py:540} INFO - Filling up the DagBag from /home/munya/.local/lib/python3.11/site-packages/airflow/example_dags/tutorial_dag.py
[2024-05-09T08:34:59.521+0200] {processor.py:840} INFO - DAG(s) 'tutorial_dag' retrieved from /home/munya/.local/lib/python3.11/site-packages/airflow/example_dags/tutorial_dag.py
[2024-05-09T08:34:59.537+0200] {logging_mixin.py:188} INFO - [2024-05-09T08:34:59.537+0200] {dag.py:3096} INFO - Sync 1 DAGs
[2024-05-09T08:34:59.548+0200] {logging_mixin.py:188} INFO - [2024-05-09T08:34:59.548+0200] {dag.py:3954} INFO - Setting next_dagrun for tutorial_dag to None, run_after=None
[2024-05-09T08:34:59.574+0200] {processor.py:183} INFO - Processing /home/munya/.local/lib/python3.11/site-packages/airflow/example_dags/tutorial_dag.py took 0.068 seconds
[2024-05-09T08:36:00.292+0200] {processor.py:161} INFO - Started process (PID=49340) to work on /home/munya/.local/lib/python3.11/site-packages/airflow/example_dags/tutorial_dag.py
[2024-05-09T08:36:00.293+0200] {processor.py:830} INFO - Processing file /home/munya/.local/lib/python3.11/site-packages/airflow/example_dags/tutorial_dag.py for tasks to queue
[2024-05-09T08:36:00.294+0200] {logging_mixin.py:188} INFO - [2024-05-09T08:36:00.294+0200] {dagbag.py:540} INFO - Filling up the DagBag from /home/munya/.local/lib/python3.11/site-packages/airflow/example_dags/tutorial_dag.py
[2024-05-09T08:36:00.302+0200] {processor.py:840} INFO - DAG(s) 'tutorial_dag' retrieved from /home/munya/.local/lib/python3.11/site-packages/airflow/example_dags/tutorial_dag.py
[2024-05-09T08:36:00.322+0200] {logging_mixin.py:188} INFO - [2024-05-09T08:36:00.322+0200] {dag.py:3096} INFO - Sync 1 DAGs
[2024-05-09T08:36:00.336+0200] {logging_mixin.py:188} INFO - [2024-05-09T08:36:00.336+0200] {dag.py:3954} INFO - Setting next_dagrun for tutorial_dag to None, run_after=None
[2024-05-09T08:36:00.360+0200] {processor.py:183} INFO - Processing /home/munya/.local/lib/python3.11/site-packages/airflow/example_dags/tutorial_dag.py took 0.075 seconds
[2024-05-09T08:37:00.482+0200] {processor.py:161} INFO - Started process (PID=50166) to work on /home/munya/.local/lib/python3.11/site-packages/airflow/example_dags/tutorial_dag.py
[2024-05-09T08:37:00.483+0200] {processor.py:830} INFO - Processing file /home/munya/.local/lib/python3.11/site-packages/airflow/example_dags/tutorial_dag.py for tasks to queue
[2024-05-09T08:37:00.483+0200] {logging_mixin.py:188} INFO - [2024-05-09T08:37:00.483+0200] {dagbag.py:540} INFO - Filling up the DagBag from /home/munya/.local/lib/python3.11/site-packages/airflow/example_dags/tutorial_dag.py
[2024-05-09T08:37:00.489+0200] {processor.py:840} INFO - DAG(s) 'tutorial_dag' retrieved from /home/munya/.local/lib/python3.11/site-packages/airflow/example_dags/tutorial_dag.py
[2024-05-09T08:37:00.504+0200] {logging_mixin.py:188} INFO - [2024-05-09T08:37:00.503+0200] {dag.py:3096} INFO - Sync 1 DAGs
[2024-05-09T08:37:00.514+0200] {logging_mixin.py:188} INFO - [2024-05-09T08:37:00.514+0200] {dag.py:3954} INFO - Setting next_dagrun for tutorial_dag to None, run_after=None
[2024-05-09T08:37:00.536+0200] {processor.py:183} INFO - Processing /home/munya/.local/lib/python3.11/site-packages/airflow/example_dags/tutorial_dag.py took 0.061 seconds
[2024-05-09T08:37:57.146+0200] {processor.py:161} INFO - Started process (PID=50955) to work on /home/munya/.local/lib/python3.11/site-packages/airflow/example_dags/tutorial_dag.py
[2024-05-09T08:37:57.153+0200] {processor.py:830} INFO - Processing file /home/munya/.local/lib/python3.11/site-packages/airflow/example_dags/tutorial_dag.py for tasks to queue
[2024-05-09T08:37:57.158+0200] {logging_mixin.py:188} INFO - [2024-05-09T08:37:57.155+0200] {dagbag.py:540} INFO - Filling up the DagBag from /home/munya/.local/lib/python3.11/site-packages/airflow/example_dags/tutorial_dag.py
[2024-05-09T08:37:57.190+0200] {processor.py:840} INFO - DAG(s) 'tutorial_dag' retrieved from /home/munya/.local/lib/python3.11/site-packages/airflow/example_dags/tutorial_dag.py
[2024-05-09T08:37:57.289+0200] {logging_mixin.py:188} INFO - [2024-05-09T08:37:57.288+0200] {dag.py:3096} INFO - Sync 1 DAGs
[2024-05-09T08:37:57.485+0200] {logging_mixin.py:188} INFO - [2024-05-09T08:37:57.483+0200] {dag.py:3954} INFO - Setting next_dagrun for tutorial_dag to None, run_after=None
[2024-05-09T08:37:57.647+0200] {processor.py:183} INFO - Processing /home/munya/.local/lib/python3.11/site-packages/airflow/example_dags/tutorial_dag.py took 0.539 seconds
[2024-05-09T08:38:54.141+0200] {processor.py:161} INFO - Started process (PID=51720) to work on /home/munya/.local/lib/python3.11/site-packages/airflow/example_dags/tutorial_dag.py
[2024-05-09T08:38:54.142+0200] {processor.py:830} INFO - Processing file /home/munya/.local/lib/python3.11/site-packages/airflow/example_dags/tutorial_dag.py for tasks to queue
[2024-05-09T08:38:54.143+0200] {logging_mixin.py:188} INFO - [2024-05-09T08:38:54.143+0200] {dagbag.py:540} INFO - Filling up the DagBag from /home/munya/.local/lib/python3.11/site-packages/airflow/example_dags/tutorial_dag.py
[2024-05-09T08:38:54.149+0200] {processor.py:840} INFO - DAG(s) 'tutorial_dag' retrieved from /home/munya/.local/lib/python3.11/site-packages/airflow/example_dags/tutorial_dag.py
[2024-05-09T08:38:54.165+0200] {logging_mixin.py:188} INFO - [2024-05-09T08:38:54.165+0200] {dag.py:3096} INFO - Sync 1 DAGs
[2024-05-09T08:38:54.177+0200] {logging_mixin.py:188} INFO - [2024-05-09T08:38:54.177+0200] {dag.py:3954} INFO - Setting next_dagrun for tutorial_dag to None, run_after=None
[2024-05-09T08:38:54.206+0200] {processor.py:183} INFO - Processing /home/munya/.local/lib/python3.11/site-packages/airflow/example_dags/tutorial_dag.py took 0.072 seconds
[2024-05-09T08:39:46.665+0200] {processor.py:161} INFO - Started process (PID=52441) to work on /home/munya/.local/lib/python3.11/site-packages/airflow/example_dags/tutorial_dag.py
[2024-05-09T08:39:46.666+0200] {processor.py:830} INFO - Processing file /home/munya/.local/lib/python3.11/site-packages/airflow/example_dags/tutorial_dag.py for tasks to queue
[2024-05-09T08:39:46.666+0200] {logging_mixin.py:188} INFO - [2024-05-09T08:39:46.666+0200] {dagbag.py:540} INFO - Filling up the DagBag from /home/munya/.local/lib/python3.11/site-packages/airflow/example_dags/tutorial_dag.py
[2024-05-09T08:39:46.672+0200] {processor.py:840} INFO - DAG(s) 'tutorial_dag' retrieved from /home/munya/.local/lib/python3.11/site-packages/airflow/example_dags/tutorial_dag.py
[2024-05-09T08:39:46.687+0200] {logging_mixin.py:188} INFO - [2024-05-09T08:39:46.687+0200] {dag.py:3096} INFO - Sync 1 DAGs
[2024-05-09T08:39:46.699+0200] {logging_mixin.py:188} INFO - [2024-05-09T08:39:46.699+0200] {dag.py:3954} INFO - Setting next_dagrun for tutorial_dag to None, run_after=None
[2024-05-09T08:39:46.716+0200] {processor.py:183} INFO - Processing /home/munya/.local/lib/python3.11/site-packages/airflow/example_dags/tutorial_dag.py took 0.057 seconds
[2024-05-09T08:40:42.168+0200] {processor.py:161} INFO - Started process (PID=53146) to work on /home/munya/.local/lib/python3.11/site-packages/airflow/example_dags/tutorial_dag.py
[2024-05-09T08:40:42.175+0200] {processor.py:830} INFO - Processing file /home/munya/.local/lib/python3.11/site-packages/airflow/example_dags/tutorial_dag.py for tasks to queue
[2024-05-09T08:40:42.176+0200] {logging_mixin.py:188} INFO - [2024-05-09T08:40:42.176+0200] {dagbag.py:540} INFO - Filling up the DagBag from /home/munya/.local/lib/python3.11/site-packages/airflow/example_dags/tutorial_dag.py
[2024-05-09T08:40:42.187+0200] {processor.py:840} INFO - DAG(s) 'tutorial_dag' retrieved from /home/munya/.local/lib/python3.11/site-packages/airflow/example_dags/tutorial_dag.py
[2024-05-09T08:40:42.215+0200] {logging_mixin.py:188} INFO - [2024-05-09T08:40:42.215+0200] {dag.py:3096} INFO - Sync 1 DAGs
[2024-05-09T08:40:42.232+0200] {logging_mixin.py:188} INFO - [2024-05-09T08:40:42.231+0200] {dag.py:3954} INFO - Setting next_dagrun for tutorial_dag to None, run_after=None
[2024-05-09T08:40:42.260+0200] {processor.py:183} INFO - Processing /home/munya/.local/lib/python3.11/site-packages/airflow/example_dags/tutorial_dag.py took 0.104 seconds
[2024-05-09T08:41:40.242+0200] {processor.py:161} INFO - Started process (PID=53934) to work on /home/munya/.local/lib/python3.11/site-packages/airflow/example_dags/tutorial_dag.py
[2024-05-09T08:41:40.242+0200] {processor.py:830} INFO - Processing file /home/munya/.local/lib/python3.11/site-packages/airflow/example_dags/tutorial_dag.py for tasks to queue
[2024-05-09T08:41:40.243+0200] {logging_mixin.py:188} INFO - [2024-05-09T08:41:40.243+0200] {dagbag.py:540} INFO - Filling up the DagBag from /home/munya/.local/lib/python3.11/site-packages/airflow/example_dags/tutorial_dag.py
[2024-05-09T08:41:40.250+0200] {processor.py:840} INFO - DAG(s) 'tutorial_dag' retrieved from /home/munya/.local/lib/python3.11/site-packages/airflow/example_dags/tutorial_dag.py
[2024-05-09T08:41:40.270+0200] {logging_mixin.py:188} INFO - [2024-05-09T08:41:40.270+0200] {dag.py:3096} INFO - Sync 1 DAGs
[2024-05-09T08:41:40.288+0200] {logging_mixin.py:188} INFO - [2024-05-09T08:41:40.287+0200] {dag.py:3954} INFO - Setting next_dagrun for tutorial_dag to None, run_after=None
[2024-05-09T08:41:40.324+0200] {processor.py:183} INFO - Processing /home/munya/.local/lib/python3.11/site-packages/airflow/example_dags/tutorial_dag.py took 0.091 seconds
[2024-05-09T08:42:42.474+0200] {processor.py:161} INFO - Started process (PID=54799) to work on /home/munya/.local/lib/python3.11/site-packages/airflow/example_dags/tutorial_dag.py
[2024-05-09T08:42:42.475+0200] {processor.py:830} INFO - Processing file /home/munya/.local/lib/python3.11/site-packages/airflow/example_dags/tutorial_dag.py for tasks to queue
[2024-05-09T08:42:42.476+0200] {logging_mixin.py:188} INFO - [2024-05-09T08:42:42.476+0200] {dagbag.py:540} INFO - Filling up the DagBag from /home/munya/.local/lib/python3.11/site-packages/airflow/example_dags/tutorial_dag.py
[2024-05-09T08:42:42.481+0200] {processor.py:840} INFO - DAG(s) 'tutorial_dag' retrieved from /home/munya/.local/lib/python3.11/site-packages/airflow/example_dags/tutorial_dag.py
[2024-05-09T08:42:42.496+0200] {logging_mixin.py:188} INFO - [2024-05-09T08:42:42.495+0200] {dag.py:3096} INFO - Sync 1 DAGs
[2024-05-09T08:42:42.506+0200] {logging_mixin.py:188} INFO - [2024-05-09T08:42:42.506+0200] {dag.py:3954} INFO - Setting next_dagrun for tutorial_dag to None, run_after=None
[2024-05-09T08:42:42.524+0200] {processor.py:183} INFO - Processing /home/munya/.local/lib/python3.11/site-packages/airflow/example_dags/tutorial_dag.py took 0.054 seconds
[2024-05-09T08:43:52.179+0200] {processor.py:161} INFO - Started process (PID=56301) to work on /home/munya/.local/lib/python3.11/site-packages/airflow/example_dags/tutorial_dag.py
[2024-05-09T08:43:52.182+0200] {processor.py:830} INFO - Processing file /home/munya/.local/lib/python3.11/site-packages/airflow/example_dags/tutorial_dag.py for tasks to queue
[2024-05-09T08:43:52.184+0200] {logging_mixin.py:188} INFO - [2024-05-09T08:43:52.183+0200] {dagbag.py:540} INFO - Filling up the DagBag from /home/munya/.local/lib/python3.11/site-packages/airflow/example_dags/tutorial_dag.py
[2024-05-09T08:43:52.204+0200] {processor.py:840} INFO - DAG(s) 'tutorial_dag' retrieved from /home/munya/.local/lib/python3.11/site-packages/airflow/example_dags/tutorial_dag.py
[2024-05-09T08:43:52.254+0200] {logging_mixin.py:188} INFO - [2024-05-09T08:43:52.254+0200] {dag.py:3096} INFO - Sync 1 DAGs
[2024-05-09T08:43:52.296+0200] {logging_mixin.py:188} INFO - [2024-05-09T08:43:52.296+0200] {dag.py:3954} INFO - Setting next_dagrun for tutorial_dag to None, run_after=None
[2024-05-09T08:43:52.355+0200] {processor.py:183} INFO - Processing /home/munya/.local/lib/python3.11/site-packages/airflow/example_dags/tutorial_dag.py took 0.196 seconds
[2024-05-09T08:45:06.291+0200] {processor.py:161} INFO - Started process (PID=57199) to work on /home/munya/.local/lib/python3.11/site-packages/airflow/example_dags/tutorial_dag.py
[2024-05-09T08:45:06.294+0200] {processor.py:830} INFO - Processing file /home/munya/.local/lib/python3.11/site-packages/airflow/example_dags/tutorial_dag.py for tasks to queue
[2024-05-09T08:45:06.296+0200] {logging_mixin.py:188} INFO - [2024-05-09T08:45:06.295+0200] {dagbag.py:540} INFO - Filling up the DagBag from /home/munya/.local/lib/python3.11/site-packages/airflow/example_dags/tutorial_dag.py
[2024-05-09T08:45:06.315+0200] {processor.py:840} INFO - DAG(s) 'tutorial_dag' retrieved from /home/munya/.local/lib/python3.11/site-packages/airflow/example_dags/tutorial_dag.py
[2024-05-09T08:45:06.363+0200] {logging_mixin.py:188} INFO - [2024-05-09T08:45:06.363+0200] {dag.py:3096} INFO - Sync 1 DAGs
[2024-05-09T08:45:06.398+0200] {logging_mixin.py:188} INFO - [2024-05-09T08:45:06.398+0200] {dag.py:3954} INFO - Setting next_dagrun for tutorial_dag to None, run_after=None
[2024-05-09T08:45:06.457+0200] {processor.py:183} INFO - Processing /home/munya/.local/lib/python3.11/site-packages/airflow/example_dags/tutorial_dag.py took 0.185 seconds
[2024-05-09T08:46:20.984+0200] {processor.py:161} INFO - Started process (PID=58115) to work on /home/munya/.local/lib/python3.11/site-packages/airflow/example_dags/tutorial_dag.py
[2024-05-09T08:46:20.985+0200] {processor.py:830} INFO - Processing file /home/munya/.local/lib/python3.11/site-packages/airflow/example_dags/tutorial_dag.py for tasks to queue
[2024-05-09T08:46:20.987+0200] {logging_mixin.py:188} INFO - [2024-05-09T08:46:20.986+0200] {dagbag.py:540} INFO - Filling up the DagBag from /home/munya/.local/lib/python3.11/site-packages/airflow/example_dags/tutorial_dag.py
[2024-05-09T08:46:20.998+0200] {processor.py:840} INFO - DAG(s) 'tutorial_dag' retrieved from /home/munya/.local/lib/python3.11/site-packages/airflow/example_dags/tutorial_dag.py
[2024-05-09T08:46:21.023+0200] {logging_mixin.py:188} INFO - [2024-05-09T08:46:21.023+0200] {dag.py:3096} INFO - Sync 1 DAGs
[2024-05-09T08:46:21.041+0200] {logging_mixin.py:188} INFO - [2024-05-09T08:46:21.040+0200] {dag.py:3954} INFO - Setting next_dagrun for tutorial_dag to None, run_after=None
[2024-05-09T08:46:21.078+0200] {processor.py:183} INFO - Processing /home/munya/.local/lib/python3.11/site-packages/airflow/example_dags/tutorial_dag.py took 0.104 seconds
[2024-05-09T08:47:10.204+0200] {processor.py:161} INFO - Started process (PID=58709) to work on /home/munya/.local/lib/python3.11/site-packages/airflow/example_dags/tutorial_dag.py
[2024-05-09T08:47:10.206+0200] {processor.py:830} INFO - Processing file /home/munya/.local/lib/python3.11/site-packages/airflow/example_dags/tutorial_dag.py for tasks to queue
[2024-05-09T08:47:10.209+0200] {logging_mixin.py:188} INFO - [2024-05-09T08:47:10.208+0200] {dagbag.py:540} INFO - Filling up the DagBag from /home/munya/.local/lib/python3.11/site-packages/airflow/example_dags/tutorial_dag.py
[2024-05-09T08:47:10.226+0200] {processor.py:840} INFO - DAG(s) 'tutorial_dag' retrieved from /home/munya/.local/lib/python3.11/site-packages/airflow/example_dags/tutorial_dag.py
[2024-05-09T08:47:10.269+0200] {logging_mixin.py:188} INFO - [2024-05-09T08:47:10.268+0200] {dag.py:3096} INFO - Sync 1 DAGs
[2024-05-09T08:47:10.298+0200] {logging_mixin.py:188} INFO - [2024-05-09T08:47:10.298+0200] {dag.py:3954} INFO - Setting next_dagrun for tutorial_dag to None, run_after=None
[2024-05-09T08:47:10.330+0200] {processor.py:183} INFO - Processing /home/munya/.local/lib/python3.11/site-packages/airflow/example_dags/tutorial_dag.py took 0.143 seconds
[2024-05-09T08:48:25.198+0200] {processor.py:161} INFO - Started process (PID=59634) to work on /home/munya/.local/lib/python3.11/site-packages/airflow/example_dags/tutorial_dag.py
[2024-05-09T08:48:25.200+0200] {processor.py:830} INFO - Processing file /home/munya/.local/lib/python3.11/site-packages/airflow/example_dags/tutorial_dag.py for tasks to queue
[2024-05-09T08:48:25.201+0200] {logging_mixin.py:188} INFO - [2024-05-09T08:48:25.201+0200] {dagbag.py:540} INFO - Filling up the DagBag from /home/munya/.local/lib/python3.11/site-packages/airflow/example_dags/tutorial_dag.py
[2024-05-09T08:48:25.214+0200] {processor.py:840} INFO - DAG(s) 'tutorial_dag' retrieved from /home/munya/.local/lib/python3.11/site-packages/airflow/example_dags/tutorial_dag.py
[2024-05-09T08:48:25.244+0200] {logging_mixin.py:188} INFO - [2024-05-09T08:48:25.244+0200] {dag.py:3096} INFO - Sync 1 DAGs
[2024-05-09T08:48:25.265+0200] {logging_mixin.py:188} INFO - [2024-05-09T08:48:25.265+0200] {dag.py:3954} INFO - Setting next_dagrun for tutorial_dag to None, run_after=None
[2024-05-09T08:48:25.299+0200] {processor.py:183} INFO - Processing /home/munya/.local/lib/python3.11/site-packages/airflow/example_dags/tutorial_dag.py took 0.110 seconds
[2024-05-09T08:49:41.831+0200] {processor.py:161} INFO - Started process (PID=60568) to work on /home/munya/.local/lib/python3.11/site-packages/airflow/example_dags/tutorial_dag.py
[2024-05-09T08:49:41.834+0200] {processor.py:830} INFO - Processing file /home/munya/.local/lib/python3.11/site-packages/airflow/example_dags/tutorial_dag.py for tasks to queue
[2024-05-09T08:49:41.838+0200] {logging_mixin.py:188} INFO - [2024-05-09T08:49:41.836+0200] {dagbag.py:540} INFO - Filling up the DagBag from /home/munya/.local/lib/python3.11/site-packages/airflow/example_dags/tutorial_dag.py
[2024-05-09T08:49:41.869+0200] {processor.py:840} INFO - DAG(s) 'tutorial_dag' retrieved from /home/munya/.local/lib/python3.11/site-packages/airflow/example_dags/tutorial_dag.py
[2024-05-09T08:49:41.921+0200] {logging_mixin.py:188} INFO - [2024-05-09T08:49:41.920+0200] {dag.py:3096} INFO - Sync 1 DAGs
[2024-05-09T08:49:41.945+0200] {logging_mixin.py:188} INFO - [2024-05-09T08:49:41.944+0200] {dag.py:3954} INFO - Setting next_dagrun for tutorial_dag to None, run_after=None
[2024-05-09T08:49:41.978+0200] {processor.py:183} INFO - Processing /home/munya/.local/lib/python3.11/site-packages/airflow/example_dags/tutorial_dag.py took 0.176 seconds
[2024-05-09T08:50:22.551+0200] {processor.py:161} INFO - Started process (PID=61063) to work on /home/munya/.local/lib/python3.11/site-packages/airflow/example_dags/tutorial_dag.py
[2024-05-09T08:50:22.553+0200] {processor.py:830} INFO - Processing file /home/munya/.local/lib/python3.11/site-packages/airflow/example_dags/tutorial_dag.py for tasks to queue
[2024-05-09T08:50:22.555+0200] {logging_mixin.py:188} INFO - [2024-05-09T08:50:22.554+0200] {dagbag.py:540} INFO - Filling up the DagBag from /home/munya/.local/lib/python3.11/site-packages/airflow/example_dags/tutorial_dag.py
[2024-05-09T08:50:22.568+0200] {processor.py:840} INFO - DAG(s) 'tutorial_dag' retrieved from /home/munya/.local/lib/python3.11/site-packages/airflow/example_dags/tutorial_dag.py
[2024-05-09T08:50:22.600+0200] {logging_mixin.py:188} INFO - [2024-05-09T08:50:22.600+0200] {dag.py:3096} INFO - Sync 1 DAGs
[2024-05-09T08:50:22.625+0200] {logging_mixin.py:188} INFO - [2024-05-09T08:50:22.624+0200] {dag.py:3954} INFO - Setting next_dagrun for tutorial_dag to None, run_after=None
[2024-05-09T08:50:22.664+0200] {processor.py:183} INFO - Processing /home/munya/.local/lib/python3.11/site-packages/airflow/example_dags/tutorial_dag.py took 0.125 seconds
[2024-05-09T08:51:11.579+0200] {processor.py:161} INFO - Started process (PID=61721) to work on /home/munya/.local/lib/python3.11/site-packages/airflow/example_dags/tutorial_dag.py
[2024-05-09T08:51:11.581+0200] {processor.py:830} INFO - Processing file /home/munya/.local/lib/python3.11/site-packages/airflow/example_dags/tutorial_dag.py for tasks to queue
[2024-05-09T08:51:11.583+0200] {logging_mixin.py:188} INFO - [2024-05-09T08:51:11.582+0200] {dagbag.py:540} INFO - Filling up the DagBag from /home/munya/.local/lib/python3.11/site-packages/airflow/example_dags/tutorial_dag.py
[2024-05-09T08:51:11.601+0200] {processor.py:840} INFO - DAG(s) 'tutorial_dag' retrieved from /home/munya/.local/lib/python3.11/site-packages/airflow/example_dags/tutorial_dag.py
[2024-05-09T08:51:11.641+0200] {logging_mixin.py:188} INFO - [2024-05-09T08:51:11.641+0200] {dag.py:3096} INFO - Sync 1 DAGs
[2024-05-09T08:51:11.673+0200] {logging_mixin.py:188} INFO - [2024-05-09T08:51:11.673+0200] {dag.py:3954} INFO - Setting next_dagrun for tutorial_dag to None, run_after=None
[2024-05-09T08:51:11.738+0200] {processor.py:183} INFO - Processing /home/munya/.local/lib/python3.11/site-packages/airflow/example_dags/tutorial_dag.py took 0.174 seconds
[2024-05-09T08:52:05.283+0200] {processor.py:161} INFO - Started process (PID=62400) to work on /home/munya/.local/lib/python3.11/site-packages/airflow/example_dags/tutorial_dag.py
[2024-05-09T08:52:05.284+0200] {processor.py:830} INFO - Processing file /home/munya/.local/lib/python3.11/site-packages/airflow/example_dags/tutorial_dag.py for tasks to queue
[2024-05-09T08:52:05.286+0200] {logging_mixin.py:188} INFO - [2024-05-09T08:52:05.285+0200] {dagbag.py:540} INFO - Filling up the DagBag from /home/munya/.local/lib/python3.11/site-packages/airflow/example_dags/tutorial_dag.py
[2024-05-09T08:52:05.299+0200] {processor.py:840} INFO - DAG(s) 'tutorial_dag' retrieved from /home/munya/.local/lib/python3.11/site-packages/airflow/example_dags/tutorial_dag.py
[2024-05-09T08:52:05.334+0200] {logging_mixin.py:188} INFO - [2024-05-09T08:52:05.333+0200] {dag.py:3096} INFO - Sync 1 DAGs
[2024-05-09T08:52:05.362+0200] {logging_mixin.py:188} INFO - [2024-05-09T08:52:05.362+0200] {dag.py:3954} INFO - Setting next_dagrun for tutorial_dag to None, run_after=None
[2024-05-09T08:52:05.415+0200] {processor.py:183} INFO - Processing /home/munya/.local/lib/python3.11/site-packages/airflow/example_dags/tutorial_dag.py took 0.144 seconds
[2024-05-09T08:52:53.312+0200] {processor.py:161} INFO - Started process (PID=63013) to work on /home/munya/.local/lib/python3.11/site-packages/airflow/example_dags/tutorial_dag.py
[2024-05-09T08:52:53.316+0200] {processor.py:830} INFO - Processing file /home/munya/.local/lib/python3.11/site-packages/airflow/example_dags/tutorial_dag.py for tasks to queue
[2024-05-09T08:52:53.319+0200] {logging_mixin.py:188} INFO - [2024-05-09T08:52:53.317+0200] {dagbag.py:540} INFO - Filling up the DagBag from /home/munya/.local/lib/python3.11/site-packages/airflow/example_dags/tutorial_dag.py
[2024-05-09T08:52:53.342+0200] {processor.py:840} INFO - DAG(s) 'tutorial_dag' retrieved from /home/munya/.local/lib/python3.11/site-packages/airflow/example_dags/tutorial_dag.py
[2024-05-09T08:52:53.391+0200] {logging_mixin.py:188} INFO - [2024-05-09T08:52:53.390+0200] {dag.py:3096} INFO - Sync 1 DAGs
[2024-05-09T08:52:53.424+0200] {logging_mixin.py:188} INFO - [2024-05-09T08:52:53.424+0200] {dag.py:3954} INFO - Setting next_dagrun for tutorial_dag to None, run_after=None
[2024-05-09T08:52:53.477+0200] {processor.py:183} INFO - Processing /home/munya/.local/lib/python3.11/site-packages/airflow/example_dags/tutorial_dag.py took 0.189 seconds
[2024-05-09T08:53:35.545+0200] {processor.py:161} INFO - Started process (PID=63523) to work on /home/munya/.local/lib/python3.11/site-packages/airflow/example_dags/tutorial_dag.py
[2024-05-09T08:53:35.546+0200] {processor.py:830} INFO - Processing file /home/munya/.local/lib/python3.11/site-packages/airflow/example_dags/tutorial_dag.py for tasks to queue
[2024-05-09T08:53:35.547+0200] {logging_mixin.py:188} INFO - [2024-05-09T08:53:35.547+0200] {dagbag.py:540} INFO - Filling up the DagBag from /home/munya/.local/lib/python3.11/site-packages/airflow/example_dags/tutorial_dag.py
[2024-05-09T08:53:35.557+0200] {processor.py:840} INFO - DAG(s) 'tutorial_dag' retrieved from /home/munya/.local/lib/python3.11/site-packages/airflow/example_dags/tutorial_dag.py
[2024-05-09T08:53:35.584+0200] {logging_mixin.py:188} INFO - [2024-05-09T08:53:35.584+0200] {dag.py:3096} INFO - Sync 1 DAGs
[2024-05-09T08:53:35.601+0200] {logging_mixin.py:188} INFO - [2024-05-09T08:53:35.601+0200] {dag.py:3954} INFO - Setting next_dagrun for tutorial_dag to None, run_after=None
[2024-05-09T08:53:35.646+0200] {processor.py:183} INFO - Processing /home/munya/.local/lib/python3.11/site-packages/airflow/example_dags/tutorial_dag.py took 0.111 seconds
[2024-05-09T08:54:58.808+0200] {processor.py:161} INFO - Started process (PID=64573) to work on /home/munya/.local/lib/python3.11/site-packages/airflow/example_dags/tutorial_dag.py
[2024-05-09T08:54:58.811+0200] {processor.py:830} INFO - Processing file /home/munya/.local/lib/python3.11/site-packages/airflow/example_dags/tutorial_dag.py for tasks to queue
[2024-05-09T08:54:58.814+0200] {logging_mixin.py:188} INFO - [2024-05-09T08:54:58.812+0200] {dagbag.py:540} INFO - Filling up the DagBag from /home/munya/.local/lib/python3.11/site-packages/airflow/example_dags/tutorial_dag.py
[2024-05-09T08:54:58.836+0200] {processor.py:840} INFO - DAG(s) 'tutorial_dag' retrieved from /home/munya/.local/lib/python3.11/site-packages/airflow/example_dags/tutorial_dag.py
[2024-05-09T08:54:58.896+0200] {logging_mixin.py:188} INFO - [2024-05-09T08:54:58.896+0200] {dag.py:3096} INFO - Sync 1 DAGs
[2024-05-09T08:54:58.933+0200] {logging_mixin.py:188} INFO - [2024-05-09T08:54:58.932+0200] {dag.py:3954} INFO - Setting next_dagrun for tutorial_dag to None, run_after=None
[2024-05-09T08:54:59.004+0200] {processor.py:183} INFO - Processing /home/munya/.local/lib/python3.11/site-packages/airflow/example_dags/tutorial_dag.py took 0.214 seconds
[2024-05-09T08:55:43.386+0200] {processor.py:161} INFO - Started process (PID=65142) to work on /home/munya/.local/lib/python3.11/site-packages/airflow/example_dags/tutorial_dag.py
[2024-05-09T08:55:43.390+0200] {processor.py:830} INFO - Processing file /home/munya/.local/lib/python3.11/site-packages/airflow/example_dags/tutorial_dag.py for tasks to queue
[2024-05-09T08:55:43.394+0200] {logging_mixin.py:188} INFO - [2024-05-09T08:55:43.392+0200] {dagbag.py:540} INFO - Filling up the DagBag from /home/munya/.local/lib/python3.11/site-packages/airflow/example_dags/tutorial_dag.py
[2024-05-09T08:55:43.422+0200] {processor.py:840} INFO - DAG(s) 'tutorial_dag' retrieved from /home/munya/.local/lib/python3.11/site-packages/airflow/example_dags/tutorial_dag.py
[2024-05-09T08:55:43.488+0200] {logging_mixin.py:188} INFO - [2024-05-09T08:55:43.487+0200] {dag.py:3096} INFO - Sync 1 DAGs
[2024-05-09T08:55:43.527+0200] {logging_mixin.py:188} INFO - [2024-05-09T08:55:43.526+0200] {dag.py:3954} INFO - Setting next_dagrun for tutorial_dag to None, run_after=None
[2024-05-09T08:55:43.590+0200] {processor.py:183} INFO - Processing /home/munya/.local/lib/python3.11/site-packages/airflow/example_dags/tutorial_dag.py took 0.229 seconds
[2024-05-09T08:56:25.003+0200] {processor.py:161} INFO - Started process (PID=65640) to work on /home/munya/.local/lib/python3.11/site-packages/airflow/example_dags/tutorial_dag.py
[2024-05-09T08:56:25.006+0200] {processor.py:830} INFO - Processing file /home/munya/.local/lib/python3.11/site-packages/airflow/example_dags/tutorial_dag.py for tasks to queue
[2024-05-09T08:56:25.009+0200] {logging_mixin.py:188} INFO - [2024-05-09T08:56:25.007+0200] {dagbag.py:540} INFO - Filling up the DagBag from /home/munya/.local/lib/python3.11/site-packages/airflow/example_dags/tutorial_dag.py
[2024-05-09T08:56:25.027+0200] {processor.py:840} INFO - DAG(s) 'tutorial_dag' retrieved from /home/munya/.local/lib/python3.11/site-packages/airflow/example_dags/tutorial_dag.py
[2024-05-09T08:56:25.075+0200] {logging_mixin.py:188} INFO - [2024-05-09T08:56:25.074+0200] {dag.py:3096} INFO - Sync 1 DAGs
[2024-05-09T08:56:25.106+0200] {logging_mixin.py:188} INFO - [2024-05-09T08:56:25.105+0200] {dag.py:3954} INFO - Setting next_dagrun for tutorial_dag to None, run_after=None
[2024-05-09T08:56:25.165+0200] {processor.py:183} INFO - Processing /home/munya/.local/lib/python3.11/site-packages/airflow/example_dags/tutorial_dag.py took 0.184 seconds
[2024-05-09T08:57:05.836+0200] {processor.py:161} INFO - Started process (PID=66162) to work on /home/munya/.local/lib/python3.11/site-packages/airflow/example_dags/tutorial_dag.py
[2024-05-09T08:57:05.837+0200] {processor.py:830} INFO - Processing file /home/munya/.local/lib/python3.11/site-packages/airflow/example_dags/tutorial_dag.py for tasks to queue
[2024-05-09T08:57:05.838+0200] {logging_mixin.py:188} INFO - [2024-05-09T08:57:05.838+0200] {dagbag.py:540} INFO - Filling up the DagBag from /home/munya/.local/lib/python3.11/site-packages/airflow/example_dags/tutorial_dag.py
[2024-05-09T08:57:05.848+0200] {processor.py:840} INFO - DAG(s) 'tutorial_dag' retrieved from /home/munya/.local/lib/python3.11/site-packages/airflow/example_dags/tutorial_dag.py
[2024-05-09T08:57:05.874+0200] {logging_mixin.py:188} INFO - [2024-05-09T08:57:05.873+0200] {dag.py:3096} INFO - Sync 1 DAGs
[2024-05-09T08:57:05.891+0200] {logging_mixin.py:188} INFO - [2024-05-09T08:57:05.891+0200] {dag.py:3954} INFO - Setting next_dagrun for tutorial_dag to None, run_after=None
[2024-05-09T08:57:05.921+0200] {processor.py:183} INFO - Processing /home/munya/.local/lib/python3.11/site-packages/airflow/example_dags/tutorial_dag.py took 0.095 seconds
[2024-05-09T09:05:47.370+0200] {processor.py:161} INFO - Started process (PID=73267) to work on /home/munya/.local/lib/python3.11/site-packages/airflow/example_dags/tutorial_dag.py
[2024-05-09T09:05:47.371+0200] {processor.py:830} INFO - Processing file /home/munya/.local/lib/python3.11/site-packages/airflow/example_dags/tutorial_dag.py for tasks to queue
[2024-05-09T09:05:47.373+0200] {logging_mixin.py:188} INFO - [2024-05-09T09:05:47.372+0200] {dagbag.py:540} INFO - Filling up the DagBag from /home/munya/.local/lib/python3.11/site-packages/airflow/example_dags/tutorial_dag.py
[2024-05-09T09:05:47.378+0200] {processor.py:840} INFO - DAG(s) 'tutorial_dag' retrieved from /home/munya/.local/lib/python3.11/site-packages/airflow/example_dags/tutorial_dag.py
[2024-05-09T09:05:47.398+0200] {logging_mixin.py:188} INFO - [2024-05-09T09:05:47.398+0200] {dag.py:3096} INFO - Sync 1 DAGs
[2024-05-09T09:05:47.406+0200] {logging_mixin.py:188} INFO - [2024-05-09T09:05:47.406+0200] {dag.py:3954} INFO - Setting next_dagrun for tutorial_dag to None, run_after=None
[2024-05-09T09:05:47.421+0200] {processor.py:183} INFO - Processing /home/munya/.local/lib/python3.11/site-packages/airflow/example_dags/tutorial_dag.py took 0.057 seconds
[2024-05-09T09:06:46.077+0200] {processor.py:161} INFO - Started process (PID=74146) to work on /home/munya/.local/lib/python3.11/site-packages/airflow/example_dags/tutorial_dag.py
[2024-05-09T09:06:46.079+0200] {processor.py:830} INFO - Processing file /home/munya/.local/lib/python3.11/site-packages/airflow/example_dags/tutorial_dag.py for tasks to queue
[2024-05-09T09:06:46.080+0200] {logging_mixin.py:188} INFO - [2024-05-09T09:06:46.079+0200] {dagbag.py:540} INFO - Filling up the DagBag from /home/munya/.local/lib/python3.11/site-packages/airflow/example_dags/tutorial_dag.py
[2024-05-09T09:06:46.085+0200] {processor.py:840} INFO - DAG(s) 'tutorial_dag' retrieved from /home/munya/.local/lib/python3.11/site-packages/airflow/example_dags/tutorial_dag.py
[2024-05-09T09:06:46.098+0200] {logging_mixin.py:188} INFO - [2024-05-09T09:06:46.098+0200] {dag.py:3096} INFO - Sync 1 DAGs
[2024-05-09T09:06:46.106+0200] {logging_mixin.py:188} INFO - [2024-05-09T09:06:46.106+0200] {dag.py:3954} INFO - Setting next_dagrun for tutorial_dag to None, run_after=None
[2024-05-09T09:06:46.126+0200] {processor.py:183} INFO - Processing /home/munya/.local/lib/python3.11/site-packages/airflow/example_dags/tutorial_dag.py took 0.055 seconds
[2024-05-09T09:07:40.656+0200] {processor.py:161} INFO - Started process (PID=75270) to work on /home/munya/.local/lib/python3.11/site-packages/airflow/example_dags/tutorial_dag.py
[2024-05-09T09:07:40.657+0200] {processor.py:830} INFO - Processing file /home/munya/.local/lib/python3.11/site-packages/airflow/example_dags/tutorial_dag.py for tasks to queue
[2024-05-09T09:07:40.658+0200] {logging_mixin.py:188} INFO - [2024-05-09T09:07:40.657+0200] {dagbag.py:540} INFO - Filling up the DagBag from /home/munya/.local/lib/python3.11/site-packages/airflow/example_dags/tutorial_dag.py
[2024-05-09T09:07:40.663+0200] {processor.py:840} INFO - DAG(s) 'tutorial_dag' retrieved from /home/munya/.local/lib/python3.11/site-packages/airflow/example_dags/tutorial_dag.py
[2024-05-09T09:07:40.681+0200] {logging_mixin.py:188} INFO - [2024-05-09T09:07:40.680+0200] {dag.py:3096} INFO - Sync 1 DAGs
[2024-05-09T09:07:40.695+0200] {logging_mixin.py:188} INFO - [2024-05-09T09:07:40.695+0200] {dag.py:3954} INFO - Setting next_dagrun for tutorial_dag to None, run_after=None
[2024-05-09T09:07:40.723+0200] {processor.py:183} INFO - Processing /home/munya/.local/lib/python3.11/site-packages/airflow/example_dags/tutorial_dag.py took 0.075 seconds
[2024-05-09T09:08:38.381+0200] {processor.py:161} INFO - Started process (PID=76173) to work on /home/munya/.local/lib/python3.11/site-packages/airflow/example_dags/tutorial_dag.py
[2024-05-09T09:08:38.382+0200] {processor.py:830} INFO - Processing file /home/munya/.local/lib/python3.11/site-packages/airflow/example_dags/tutorial_dag.py for tasks to queue
[2024-05-09T09:08:38.384+0200] {logging_mixin.py:188} INFO - [2024-05-09T09:08:38.383+0200] {dagbag.py:540} INFO - Filling up the DagBag from /home/munya/.local/lib/python3.11/site-packages/airflow/example_dags/tutorial_dag.py
[2024-05-09T09:08:38.391+0200] {processor.py:840} INFO - DAG(s) 'tutorial_dag' retrieved from /home/munya/.local/lib/python3.11/site-packages/airflow/example_dags/tutorial_dag.py
[2024-05-09T09:08:38.413+0200] {logging_mixin.py:188} INFO - [2024-05-09T09:08:38.413+0200] {dag.py:3096} INFO - Sync 1 DAGs
[2024-05-09T09:08:38.429+0200] {logging_mixin.py:188} INFO - [2024-05-09T09:08:38.428+0200] {dag.py:3954} INFO - Setting next_dagrun for tutorial_dag to None, run_after=None
[2024-05-09T09:08:38.457+0200] {processor.py:183} INFO - Processing /home/munya/.local/lib/python3.11/site-packages/airflow/example_dags/tutorial_dag.py took 0.084 seconds
[2024-05-09T09:09:40.891+0200] {processor.py:161} INFO - Started process (PID=77116) to work on /home/munya/.local/lib/python3.11/site-packages/airflow/example_dags/tutorial_dag.py
[2024-05-09T09:09:40.894+0200] {processor.py:830} INFO - Processing file /home/munya/.local/lib/python3.11/site-packages/airflow/example_dags/tutorial_dag.py for tasks to queue
[2024-05-09T09:09:40.896+0200] {logging_mixin.py:188} INFO - [2024-05-09T09:09:40.895+0200] {dagbag.py:540} INFO - Filling up the DagBag from /home/munya/.local/lib/python3.11/site-packages/airflow/example_dags/tutorial_dag.py
[2024-05-09T09:09:40.912+0200] {processor.py:840} INFO - DAG(s) 'tutorial_dag' retrieved from /home/munya/.local/lib/python3.11/site-packages/airflow/example_dags/tutorial_dag.py
[2024-05-09T09:09:40.959+0200] {logging_mixin.py:188} INFO - [2024-05-09T09:09:40.958+0200] {dag.py:3096} INFO - Sync 1 DAGs
[2024-05-09T09:09:40.990+0200] {logging_mixin.py:188} INFO - [2024-05-09T09:09:40.989+0200] {dag.py:3954} INFO - Setting next_dagrun for tutorial_dag to None, run_after=None
[2024-05-09T09:09:41.060+0200] {processor.py:183} INFO - Processing /home/munya/.local/lib/python3.11/site-packages/airflow/example_dags/tutorial_dag.py took 0.188 seconds
[2024-05-09T09:10:41.970+0200] {processor.py:161} INFO - Started process (PID=77999) to work on /home/munya/.local/lib/python3.11/site-packages/airflow/example_dags/tutorial_dag.py
[2024-05-09T09:10:41.971+0200] {processor.py:830} INFO - Processing file /home/munya/.local/lib/python3.11/site-packages/airflow/example_dags/tutorial_dag.py for tasks to queue
[2024-05-09T09:10:41.971+0200] {logging_mixin.py:188} INFO - [2024-05-09T09:10:41.971+0200] {dagbag.py:540} INFO - Filling up the DagBag from /home/munya/.local/lib/python3.11/site-packages/airflow/example_dags/tutorial_dag.py
[2024-05-09T09:10:41.976+0200] {processor.py:840} INFO - DAG(s) 'tutorial_dag' retrieved from /home/munya/.local/lib/python3.11/site-packages/airflow/example_dags/tutorial_dag.py
[2024-05-09T09:10:41.991+0200] {logging_mixin.py:188} INFO - [2024-05-09T09:10:41.990+0200] {dag.py:3096} INFO - Sync 1 DAGs
[2024-05-09T09:10:41.999+0200] {logging_mixin.py:188} INFO - [2024-05-09T09:10:41.999+0200] {dag.py:3954} INFO - Setting next_dagrun for tutorial_dag to None, run_after=None
[2024-05-09T09:10:42.016+0200] {processor.py:183} INFO - Processing /home/munya/.local/lib/python3.11/site-packages/airflow/example_dags/tutorial_dag.py took 0.052 seconds
[2024-05-09T09:11:37.530+0200] {processor.py:161} INFO - Started process (PID=78719) to work on /home/munya/.local/lib/python3.11/site-packages/airflow/example_dags/tutorial_dag.py
[2024-05-09T09:11:37.531+0200] {processor.py:830} INFO - Processing file /home/munya/.local/lib/python3.11/site-packages/airflow/example_dags/tutorial_dag.py for tasks to queue
[2024-05-09T09:11:37.531+0200] {logging_mixin.py:188} INFO - [2024-05-09T09:11:37.531+0200] {dagbag.py:540} INFO - Filling up the DagBag from /home/munya/.local/lib/python3.11/site-packages/airflow/example_dags/tutorial_dag.py
[2024-05-09T09:11:37.536+0200] {processor.py:840} INFO - DAG(s) 'tutorial_dag' retrieved from /home/munya/.local/lib/python3.11/site-packages/airflow/example_dags/tutorial_dag.py
[2024-05-09T09:11:37.548+0200] {logging_mixin.py:188} INFO - [2024-05-09T09:11:37.548+0200] {dag.py:3096} INFO - Sync 1 DAGs
[2024-05-09T09:11:37.556+0200] {logging_mixin.py:188} INFO - [2024-05-09T09:11:37.556+0200] {dag.py:3954} INFO - Setting next_dagrun for tutorial_dag to None, run_after=None
[2024-05-09T09:11:37.571+0200] {processor.py:183} INFO - Processing /home/munya/.local/lib/python3.11/site-packages/airflow/example_dags/tutorial_dag.py took 0.046 seconds
[2024-05-09T09:12:40.039+0200] {processor.py:161} INFO - Started process (PID=79740) to work on /home/munya/.local/lib/python3.11/site-packages/airflow/example_dags/tutorial_dag.py
[2024-05-09T09:12:40.040+0200] {processor.py:830} INFO - Processing file /home/munya/.local/lib/python3.11/site-packages/airflow/example_dags/tutorial_dag.py for tasks to queue
[2024-05-09T09:12:40.040+0200] {logging_mixin.py:188} INFO - [2024-05-09T09:12:40.040+0200] {dagbag.py:540} INFO - Filling up the DagBag from /home/munya/.local/lib/python3.11/site-packages/airflow/example_dags/tutorial_dag.py
[2024-05-09T09:12:40.045+0200] {processor.py:840} INFO - DAG(s) 'tutorial_dag' retrieved from /home/munya/.local/lib/python3.11/site-packages/airflow/example_dags/tutorial_dag.py
[2024-05-09T09:12:40.057+0200] {logging_mixin.py:188} INFO - [2024-05-09T09:12:40.057+0200] {dag.py:3096} INFO - Sync 1 DAGs
[2024-05-09T09:12:40.065+0200] {logging_mixin.py:188} INFO - [2024-05-09T09:12:40.065+0200] {dag.py:3954} INFO - Setting next_dagrun for tutorial_dag to None, run_after=None
[2024-05-09T09:12:40.084+0200] {processor.py:183} INFO - Processing /home/munya/.local/lib/python3.11/site-packages/airflow/example_dags/tutorial_dag.py took 0.050 seconds
[2024-05-09T09:13:43.521+0200] {processor.py:161} INFO - Started process (PID=80552) to work on /home/munya/.local/lib/python3.11/site-packages/airflow/example_dags/tutorial_dag.py
[2024-05-09T09:13:43.524+0200] {processor.py:830} INFO - Processing file /home/munya/.local/lib/python3.11/site-packages/airflow/example_dags/tutorial_dag.py for tasks to queue
[2024-05-09T09:13:43.527+0200] {logging_mixin.py:188} INFO - [2024-05-09T09:13:43.526+0200] {dagbag.py:540} INFO - Filling up the DagBag from /home/munya/.local/lib/python3.11/site-packages/airflow/example_dags/tutorial_dag.py
[2024-05-09T09:13:43.547+0200] {processor.py:840} INFO - DAG(s) 'tutorial_dag' retrieved from /home/munya/.local/lib/python3.11/site-packages/airflow/example_dags/tutorial_dag.py
[2024-05-09T09:13:43.609+0200] {logging_mixin.py:188} INFO - [2024-05-09T09:13:43.608+0200] {dag.py:3096} INFO - Sync 1 DAGs
[2024-05-09T09:13:43.653+0200] {logging_mixin.py:188} INFO - [2024-05-09T09:13:43.652+0200] {dag.py:3954} INFO - Setting next_dagrun for tutorial_dag to None, run_after=None
[2024-05-09T09:13:43.715+0200] {processor.py:183} INFO - Processing /home/munya/.local/lib/python3.11/site-packages/airflow/example_dags/tutorial_dag.py took 0.219 seconds
[2024-05-09T09:14:50.619+0200] {processor.py:161} INFO - Started process (PID=81450) to work on /home/munya/.local/lib/python3.11/site-packages/airflow/example_dags/tutorial_dag.py
[2024-05-09T09:14:50.620+0200] {processor.py:830} INFO - Processing file /home/munya/.local/lib/python3.11/site-packages/airflow/example_dags/tutorial_dag.py for tasks to queue
[2024-05-09T09:14:50.621+0200] {logging_mixin.py:188} INFO - [2024-05-09T09:14:50.621+0200] {dagbag.py:540} INFO - Filling up the DagBag from /home/munya/.local/lib/python3.11/site-packages/airflow/example_dags/tutorial_dag.py
[2024-05-09T09:14:50.625+0200] {processor.py:840} INFO - DAG(s) 'tutorial_dag' retrieved from /home/munya/.local/lib/python3.11/site-packages/airflow/example_dags/tutorial_dag.py
[2024-05-09T09:14:50.639+0200] {logging_mixin.py:188} INFO - [2024-05-09T09:14:50.638+0200] {dag.py:3096} INFO - Sync 1 DAGs
[2024-05-09T09:14:50.647+0200] {logging_mixin.py:188} INFO - [2024-05-09T09:14:50.647+0200] {dag.py:3954} INFO - Setting next_dagrun for tutorial_dag to None, run_after=None
[2024-05-09T09:14:50.662+0200] {processor.py:183} INFO - Processing /home/munya/.local/lib/python3.11/site-packages/airflow/example_dags/tutorial_dag.py took 0.048 seconds
[2024-05-09T09:15:53.211+0200] {processor.py:161} INFO - Started process (PID=82393) to work on /home/munya/.local/lib/python3.11/site-packages/airflow/example_dags/tutorial_dag.py
[2024-05-09T09:15:53.212+0200] {processor.py:830} INFO - Processing file /home/munya/.local/lib/python3.11/site-packages/airflow/example_dags/tutorial_dag.py for tasks to queue
[2024-05-09T09:15:53.212+0200] {logging_mixin.py:188} INFO - [2024-05-09T09:15:53.212+0200] {dagbag.py:540} INFO - Filling up the DagBag from /home/munya/.local/lib/python3.11/site-packages/airflow/example_dags/tutorial_dag.py
[2024-05-09T09:15:53.217+0200] {processor.py:840} INFO - DAG(s) 'tutorial_dag' retrieved from /home/munya/.local/lib/python3.11/site-packages/airflow/example_dags/tutorial_dag.py
[2024-05-09T09:15:53.230+0200] {logging_mixin.py:188} INFO - [2024-05-09T09:15:53.230+0200] {dag.py:3096} INFO - Sync 1 DAGs
[2024-05-09T09:15:53.362+0200] {logging_mixin.py:188} INFO - [2024-05-09T09:15:53.362+0200] {dag.py:3954} INFO - Setting next_dagrun for tutorial_dag to None, run_after=None
[2024-05-09T09:15:53.376+0200] {processor.py:183} INFO - Processing /home/munya/.local/lib/python3.11/site-packages/airflow/example_dags/tutorial_dag.py took 0.171 seconds
[2024-05-09T09:16:57.375+0200] {processor.py:161} INFO - Started process (PID=83231) to work on /home/munya/.local/lib/python3.11/site-packages/airflow/example_dags/tutorial_dag.py
[2024-05-09T09:16:57.376+0200] {processor.py:830} INFO - Processing file /home/munya/.local/lib/python3.11/site-packages/airflow/example_dags/tutorial_dag.py for tasks to queue
[2024-05-09T09:16:57.377+0200] {logging_mixin.py:188} INFO - [2024-05-09T09:16:57.377+0200] {dagbag.py:540} INFO - Filling up the DagBag from /home/munya/.local/lib/python3.11/site-packages/airflow/example_dags/tutorial_dag.py
[2024-05-09T09:16:57.381+0200] {processor.py:840} INFO - DAG(s) 'tutorial_dag' retrieved from /home/munya/.local/lib/python3.11/site-packages/airflow/example_dags/tutorial_dag.py
[2024-05-09T09:16:57.394+0200] {logging_mixin.py:188} INFO - [2024-05-09T09:16:57.394+0200] {dag.py:3096} INFO - Sync 1 DAGs
[2024-05-09T09:16:57.402+0200] {logging_mixin.py:188} INFO - [2024-05-09T09:16:57.402+0200] {dag.py:3954} INFO - Setting next_dagrun for tutorial_dag to None, run_after=None
[2024-05-09T09:16:57.562+0200] {processor.py:183} INFO - Processing /home/munya/.local/lib/python3.11/site-packages/airflow/example_dags/tutorial_dag.py took 0.192 seconds
[2024-05-09T09:18:07.256+0200] {processor.py:161} INFO - Started process (PID=84328) to work on /home/munya/.local/lib/python3.11/site-packages/airflow/example_dags/tutorial_dag.py
[2024-05-09T09:18:07.257+0200] {processor.py:830} INFO - Processing file /home/munya/.local/lib/python3.11/site-packages/airflow/example_dags/tutorial_dag.py for tasks to queue
[2024-05-09T09:18:07.258+0200] {logging_mixin.py:188} INFO - [2024-05-09T09:18:07.257+0200] {dagbag.py:540} INFO - Filling up the DagBag from /home/munya/.local/lib/python3.11/site-packages/airflow/example_dags/tutorial_dag.py
[2024-05-09T09:18:07.262+0200] {processor.py:840} INFO - DAG(s) 'tutorial_dag' retrieved from /home/munya/.local/lib/python3.11/site-packages/airflow/example_dags/tutorial_dag.py
[2024-05-09T09:18:07.276+0200] {logging_mixin.py:188} INFO - [2024-05-09T09:18:07.276+0200] {dag.py:3096} INFO - Sync 1 DAGs
[2024-05-09T09:18:07.284+0200] {logging_mixin.py:188} INFO - [2024-05-09T09:18:07.284+0200] {dag.py:3954} INFO - Setting next_dagrun for tutorial_dag to None, run_after=None
[2024-05-09T09:18:07.299+0200] {processor.py:183} INFO - Processing /home/munya/.local/lib/python3.11/site-packages/airflow/example_dags/tutorial_dag.py took 0.050 seconds
[2024-05-09T09:19:09.024+0200] {processor.py:161} INFO - Started process (PID=85473) to work on /home/munya/.local/lib/python3.11/site-packages/airflow/example_dags/tutorial_dag.py
[2024-05-09T09:19:09.025+0200] {processor.py:830} INFO - Processing file /home/munya/.local/lib/python3.11/site-packages/airflow/example_dags/tutorial_dag.py for tasks to queue
[2024-05-09T09:19:09.026+0200] {logging_mixin.py:188} INFO - [2024-05-09T09:19:09.026+0200] {dagbag.py:540} INFO - Filling up the DagBag from /home/munya/.local/lib/python3.11/site-packages/airflow/example_dags/tutorial_dag.py
[2024-05-09T09:19:09.031+0200] {processor.py:840} INFO - DAG(s) 'tutorial_dag' retrieved from /home/munya/.local/lib/python3.11/site-packages/airflow/example_dags/tutorial_dag.py
[2024-05-09T09:19:09.046+0200] {logging_mixin.py:188} INFO - [2024-05-09T09:19:09.046+0200] {dag.py:3096} INFO - Sync 1 DAGs
[2024-05-09T09:19:09.055+0200] {logging_mixin.py:188} INFO - [2024-05-09T09:19:09.055+0200] {dag.py:3954} INFO - Setting next_dagrun for tutorial_dag to None, run_after=None
[2024-05-09T09:19:09.077+0200] {processor.py:183} INFO - Processing /home/munya/.local/lib/python3.11/site-packages/airflow/example_dags/tutorial_dag.py took 0.059 seconds
[2024-05-09T09:20:02.939+0200] {processor.py:161} INFO - Started process (PID=86493) to work on /home/munya/.local/lib/python3.11/site-packages/airflow/example_dags/tutorial_dag.py
[2024-05-09T09:20:02.940+0200] {processor.py:830} INFO - Processing file /home/munya/.local/lib/python3.11/site-packages/airflow/example_dags/tutorial_dag.py for tasks to queue
[2024-05-09T09:20:02.941+0200] {logging_mixin.py:188} INFO - [2024-05-09T09:20:02.941+0200] {dagbag.py:540} INFO - Filling up the DagBag from /home/munya/.local/lib/python3.11/site-packages/airflow/example_dags/tutorial_dag.py
[2024-05-09T09:20:02.946+0200] {processor.py:840} INFO - DAG(s) 'tutorial_dag' retrieved from /home/munya/.local/lib/python3.11/site-packages/airflow/example_dags/tutorial_dag.py
[2024-05-09T09:20:02.962+0200] {logging_mixin.py:188} INFO - [2024-05-09T09:20:02.961+0200] {dag.py:3096} INFO - Sync 1 DAGs
[2024-05-09T09:20:02.971+0200] {logging_mixin.py:188} INFO - [2024-05-09T09:20:02.971+0200] {dag.py:3954} INFO - Setting next_dagrun for tutorial_dag to None, run_after=None
[2024-05-09T09:20:02.987+0200] {processor.py:183} INFO - Processing /home/munya/.local/lib/python3.11/site-packages/airflow/example_dags/tutorial_dag.py took 0.055 seconds
[2024-05-09T09:21:04.046+0200] {processor.py:161} INFO - Started process (PID=87426) to work on /home/munya/.local/lib/python3.11/site-packages/airflow/example_dags/tutorial_dag.py
[2024-05-09T09:21:04.047+0200] {processor.py:830} INFO - Processing file /home/munya/.local/lib/python3.11/site-packages/airflow/example_dags/tutorial_dag.py for tasks to queue
[2024-05-09T09:21:04.048+0200] {logging_mixin.py:188} INFO - [2024-05-09T09:21:04.047+0200] {dagbag.py:540} INFO - Filling up the DagBag from /home/munya/.local/lib/python3.11/site-packages/airflow/example_dags/tutorial_dag.py
[2024-05-09T09:21:04.054+0200] {processor.py:840} INFO - DAG(s) 'tutorial_dag' retrieved from /home/munya/.local/lib/python3.11/site-packages/airflow/example_dags/tutorial_dag.py
[2024-05-09T09:21:04.072+0200] {logging_mixin.py:188} INFO - [2024-05-09T09:21:04.072+0200] {dag.py:3096} INFO - Sync 1 DAGs
[2024-05-09T09:21:04.084+0200] {logging_mixin.py:188} INFO - [2024-05-09T09:21:04.084+0200] {dag.py:3954} INFO - Setting next_dagrun for tutorial_dag to None, run_after=None
[2024-05-09T09:21:04.111+0200] {processor.py:183} INFO - Processing /home/munya/.local/lib/python3.11/site-packages/airflow/example_dags/tutorial_dag.py took 0.073 seconds
[2024-05-09T09:21:58.509+0200] {processor.py:161} INFO - Started process (PID=88387) to work on /home/munya/.local/lib/python3.11/site-packages/airflow/example_dags/tutorial_dag.py
[2024-05-09T09:21:58.510+0200] {processor.py:830} INFO - Processing file /home/munya/.local/lib/python3.11/site-packages/airflow/example_dags/tutorial_dag.py for tasks to queue
[2024-05-09T09:21:58.511+0200] {logging_mixin.py:188} INFO - [2024-05-09T09:21:58.510+0200] {dagbag.py:540} INFO - Filling up the DagBag from /home/munya/.local/lib/python3.11/site-packages/airflow/example_dags/tutorial_dag.py
[2024-05-09T09:21:58.515+0200] {processor.py:840} INFO - DAG(s) 'tutorial_dag' retrieved from /home/munya/.local/lib/python3.11/site-packages/airflow/example_dags/tutorial_dag.py
[2024-05-09T09:21:58.528+0200] {logging_mixin.py:188} INFO - [2024-05-09T09:21:58.528+0200] {dag.py:3096} INFO - Sync 1 DAGs
[2024-05-09T09:21:58.536+0200] {logging_mixin.py:188} INFO - [2024-05-09T09:21:58.536+0200] {dag.py:3954} INFO - Setting next_dagrun for tutorial_dag to None, run_after=None
[2024-05-09T09:21:58.553+0200] {processor.py:183} INFO - Processing /home/munya/.local/lib/python3.11/site-packages/airflow/example_dags/tutorial_dag.py took 0.049 seconds
[2024-05-09T09:23:00.809+0200] {processor.py:161} INFO - Started process (PID=89188) to work on /home/munya/.local/lib/python3.11/site-packages/airflow/example_dags/tutorial_dag.py
[2024-05-09T09:23:00.812+0200] {processor.py:830} INFO - Processing file /home/munya/.local/lib/python3.11/site-packages/airflow/example_dags/tutorial_dag.py for tasks to queue
[2024-05-09T09:23:00.814+0200] {logging_mixin.py:188} INFO - [2024-05-09T09:23:00.813+0200] {dagbag.py:540} INFO - Filling up the DagBag from /home/munya/.local/lib/python3.11/site-packages/airflow/example_dags/tutorial_dag.py
[2024-05-09T09:23:00.836+0200] {processor.py:840} INFO - DAG(s) 'tutorial_dag' retrieved from /home/munya/.local/lib/python3.11/site-packages/airflow/example_dags/tutorial_dag.py
[2024-05-09T09:23:00.910+0200] {logging_mixin.py:188} INFO - [2024-05-09T09:23:00.909+0200] {dag.py:3096} INFO - Sync 1 DAGs
[2024-05-09T09:23:00.947+0200] {logging_mixin.py:188} INFO - [2024-05-09T09:23:00.946+0200] {dag.py:3954} INFO - Setting next_dagrun for tutorial_dag to None, run_after=None
[2024-05-09T09:23:01.021+0200] {processor.py:183} INFO - Processing /home/munya/.local/lib/python3.11/site-packages/airflow/example_dags/tutorial_dag.py took 0.231 seconds
[2024-05-09T09:24:02.487+0200] {processor.py:161} INFO - Started process (PID=90413) to work on /home/munya/.local/lib/python3.11/site-packages/airflow/example_dags/tutorial_dag.py
[2024-05-09T09:24:02.489+0200] {processor.py:830} INFO - Processing file /home/munya/.local/lib/python3.11/site-packages/airflow/example_dags/tutorial_dag.py for tasks to queue
[2024-05-09T09:24:02.490+0200] {logging_mixin.py:188} INFO - [2024-05-09T09:24:02.489+0200] {dagbag.py:540} INFO - Filling up the DagBag from /home/munya/.local/lib/python3.11/site-packages/airflow/example_dags/tutorial_dag.py
[2024-05-09T09:24:02.496+0200] {processor.py:840} INFO - DAG(s) 'tutorial_dag' retrieved from /home/munya/.local/lib/python3.11/site-packages/airflow/example_dags/tutorial_dag.py
[2024-05-09T09:24:02.517+0200] {logging_mixin.py:188} INFO - [2024-05-09T09:24:02.517+0200] {dag.py:3096} INFO - Sync 1 DAGs
[2024-05-09T09:24:02.533+0200] {logging_mixin.py:188} INFO - [2024-05-09T09:24:02.533+0200] {dag.py:3954} INFO - Setting next_dagrun for tutorial_dag to None, run_after=None
[2024-05-09T09:24:02.556+0200] {processor.py:183} INFO - Processing /home/munya/.local/lib/python3.11/site-packages/airflow/example_dags/tutorial_dag.py took 0.076 seconds
[2024-05-09T09:25:03.474+0200] {processor.py:161} INFO - Started process (PID=91327) to work on /home/munya/.local/lib/python3.11/site-packages/airflow/example_dags/tutorial_dag.py
[2024-05-09T09:25:03.475+0200] {processor.py:830} INFO - Processing file /home/munya/.local/lib/python3.11/site-packages/airflow/example_dags/tutorial_dag.py for tasks to queue
[2024-05-09T09:25:03.476+0200] {logging_mixin.py:188} INFO - [2024-05-09T09:25:03.476+0200] {dagbag.py:540} INFO - Filling up the DagBag from /home/munya/.local/lib/python3.11/site-packages/airflow/example_dags/tutorial_dag.py
[2024-05-09T09:25:03.480+0200] {processor.py:840} INFO - DAG(s) 'tutorial_dag' retrieved from /home/munya/.local/lib/python3.11/site-packages/airflow/example_dags/tutorial_dag.py
[2024-05-09T09:25:03.493+0200] {logging_mixin.py:188} INFO - [2024-05-09T09:25:03.493+0200] {dag.py:3096} INFO - Sync 1 DAGs
[2024-05-09T09:25:03.504+0200] {logging_mixin.py:188} INFO - [2024-05-09T09:25:03.503+0200] {dag.py:3954} INFO - Setting next_dagrun for tutorial_dag to None, run_after=None
[2024-05-09T09:25:03.520+0200] {processor.py:183} INFO - Processing /home/munya/.local/lib/python3.11/site-packages/airflow/example_dags/tutorial_dag.py took 0.052 seconds
[2024-05-09T09:25:55.077+0200] {processor.py:161} INFO - Started process (PID=92144) to work on /home/munya/.local/lib/python3.11/site-packages/airflow/example_dags/tutorial_dag.py
[2024-05-09T09:25:55.078+0200] {processor.py:830} INFO - Processing file /home/munya/.local/lib/python3.11/site-packages/airflow/example_dags/tutorial_dag.py for tasks to queue
[2024-05-09T09:25:55.079+0200] {logging_mixin.py:188} INFO - [2024-05-09T09:25:55.079+0200] {dagbag.py:540} INFO - Filling up the DagBag from /home/munya/.local/lib/python3.11/site-packages/airflow/example_dags/tutorial_dag.py
[2024-05-09T09:25:55.085+0200] {processor.py:840} INFO - DAG(s) 'tutorial_dag' retrieved from /home/munya/.local/lib/python3.11/site-packages/airflow/example_dags/tutorial_dag.py
[2024-05-09T09:25:55.102+0200] {logging_mixin.py:188} INFO - [2024-05-09T09:25:55.101+0200] {dag.py:3096} INFO - Sync 1 DAGs
[2024-05-09T09:25:55.110+0200] {logging_mixin.py:188} INFO - [2024-05-09T09:25:55.110+0200] {dag.py:3954} INFO - Setting next_dagrun for tutorial_dag to None, run_after=None
[2024-05-09T09:25:55.131+0200] {processor.py:183} INFO - Processing /home/munya/.local/lib/python3.11/site-packages/airflow/example_dags/tutorial_dag.py took 0.059 seconds
[2024-05-09T09:27:00.276+0200] {processor.py:161} INFO - Started process (PID=93008) to work on /home/munya/.local/lib/python3.11/site-packages/airflow/example_dags/tutorial_dag.py
[2024-05-09T09:27:00.277+0200] {processor.py:830} INFO - Processing file /home/munya/.local/lib/python3.11/site-packages/airflow/example_dags/tutorial_dag.py for tasks to queue
[2024-05-09T09:27:00.278+0200] {logging_mixin.py:188} INFO - [2024-05-09T09:27:00.278+0200] {dagbag.py:540} INFO - Filling up the DagBag from /home/munya/.local/lib/python3.11/site-packages/airflow/example_dags/tutorial_dag.py
[2024-05-09T09:27:00.282+0200] {processor.py:840} INFO - DAG(s) 'tutorial_dag' retrieved from /home/munya/.local/lib/python3.11/site-packages/airflow/example_dags/tutorial_dag.py
[2024-05-09T09:27:00.296+0200] {logging_mixin.py:188} INFO - [2024-05-09T09:27:00.295+0200] {dag.py:3096} INFO - Sync 1 DAGs
[2024-05-09T09:27:00.305+0200] {logging_mixin.py:188} INFO - [2024-05-09T09:27:00.304+0200] {dag.py:3954} INFO - Setting next_dagrun for tutorial_dag to None, run_after=None
[2024-05-09T09:27:00.321+0200] {processor.py:183} INFO - Processing /home/munya/.local/lib/python3.11/site-packages/airflow/example_dags/tutorial_dag.py took 0.050 seconds
[2024-05-09T09:28:06.282+0200] {processor.py:161} INFO - Started process (PID=93861) to work on /home/munya/.local/lib/python3.11/site-packages/airflow/example_dags/tutorial_dag.py
[2024-05-09T09:28:06.283+0200] {processor.py:830} INFO - Processing file /home/munya/.local/lib/python3.11/site-packages/airflow/example_dags/tutorial_dag.py for tasks to queue
[2024-05-09T09:28:06.284+0200] {logging_mixin.py:188} INFO - [2024-05-09T09:28:06.283+0200] {dagbag.py:540} INFO - Filling up the DagBag from /home/munya/.local/lib/python3.11/site-packages/airflow/example_dags/tutorial_dag.py
[2024-05-09T09:28:06.288+0200] {processor.py:840} INFO - DAG(s) 'tutorial_dag' retrieved from /home/munya/.local/lib/python3.11/site-packages/airflow/example_dags/tutorial_dag.py
[2024-05-09T09:28:06.301+0200] {logging_mixin.py:188} INFO - [2024-05-09T09:28:06.301+0200] {dag.py:3096} INFO - Sync 1 DAGs
[2024-05-09T09:28:06.309+0200] {logging_mixin.py:188} INFO - [2024-05-09T09:28:06.309+0200] {dag.py:3954} INFO - Setting next_dagrun for tutorial_dag to None, run_after=None
[2024-05-09T09:28:06.325+0200] {processor.py:183} INFO - Processing /home/munya/.local/lib/python3.11/site-packages/airflow/example_dags/tutorial_dag.py took 0.048 seconds
[2024-05-09T09:29:02.111+0200] {processor.py:161} INFO - Started process (PID=94852) to work on /home/munya/.local/lib/python3.11/site-packages/airflow/example_dags/tutorial_dag.py
[2024-05-09T09:29:02.112+0200] {processor.py:830} INFO - Processing file /home/munya/.local/lib/python3.11/site-packages/airflow/example_dags/tutorial_dag.py for tasks to queue
[2024-05-09T09:29:02.112+0200] {logging_mixin.py:188} INFO - [2024-05-09T09:29:02.112+0200] {dagbag.py:540} INFO - Filling up the DagBag from /home/munya/.local/lib/python3.11/site-packages/airflow/example_dags/tutorial_dag.py
[2024-05-09T09:29:02.117+0200] {processor.py:840} INFO - DAG(s) 'tutorial_dag' retrieved from /home/munya/.local/lib/python3.11/site-packages/airflow/example_dags/tutorial_dag.py
[2024-05-09T09:29:02.131+0200] {logging_mixin.py:188} INFO - [2024-05-09T09:29:02.131+0200] {dag.py:3096} INFO - Sync 1 DAGs
[2024-05-09T09:29:02.140+0200] {logging_mixin.py:188} INFO - [2024-05-09T09:29:02.140+0200] {dag.py:3954} INFO - Setting next_dagrun for tutorial_dag to None, run_after=None
[2024-05-09T09:29:02.155+0200] {processor.py:183} INFO - Processing /home/munya/.local/lib/python3.11/site-packages/airflow/example_dags/tutorial_dag.py took 0.050 seconds
[2024-05-09T09:30:06.809+0200] {processor.py:161} INFO - Started process (PID=96346) to work on /home/munya/.local/lib/python3.11/site-packages/airflow/example_dags/tutorial_dag.py
[2024-05-09T09:30:06.810+0200] {processor.py:830} INFO - Processing file /home/munya/.local/lib/python3.11/site-packages/airflow/example_dags/tutorial_dag.py for tasks to queue
[2024-05-09T09:30:06.811+0200] {logging_mixin.py:188} INFO - [2024-05-09T09:30:06.811+0200] {dagbag.py:540} INFO - Filling up the DagBag from /home/munya/.local/lib/python3.11/site-packages/airflow/example_dags/tutorial_dag.py
[2024-05-09T09:30:06.817+0200] {processor.py:840} INFO - DAG(s) 'tutorial_dag' retrieved from /home/munya/.local/lib/python3.11/site-packages/airflow/example_dags/tutorial_dag.py
[2024-05-09T09:30:06.835+0200] {logging_mixin.py:188} INFO - [2024-05-09T09:30:06.835+0200] {dag.py:3096} INFO - Sync 1 DAGs
[2024-05-09T09:30:06.847+0200] {logging_mixin.py:188} INFO - [2024-05-09T09:30:06.847+0200] {dag.py:3954} INFO - Setting next_dagrun for tutorial_dag to None, run_after=None
[2024-05-09T09:30:06.868+0200] {processor.py:183} INFO - Processing /home/munya/.local/lib/python3.11/site-packages/airflow/example_dags/tutorial_dag.py took 0.066 seconds
[2024-05-09T09:31:05.783+0200] {processor.py:161} INFO - Started process (PID=97482) to work on /home/munya/.local/lib/python3.11/site-packages/airflow/example_dags/tutorial_dag.py
[2024-05-09T09:31:05.784+0200] {processor.py:830} INFO - Processing file /home/munya/.local/lib/python3.11/site-packages/airflow/example_dags/tutorial_dag.py for tasks to queue
[2024-05-09T09:31:05.785+0200] {logging_mixin.py:188} INFO - [2024-05-09T09:31:05.784+0200] {dagbag.py:540} INFO - Filling up the DagBag from /home/munya/.local/lib/python3.11/site-packages/airflow/example_dags/tutorial_dag.py
[2024-05-09T09:31:05.790+0200] {processor.py:840} INFO - DAG(s) 'tutorial_dag' retrieved from /home/munya/.local/lib/python3.11/site-packages/airflow/example_dags/tutorial_dag.py
[2024-05-09T09:31:05.802+0200] {logging_mixin.py:188} INFO - [2024-05-09T09:31:05.802+0200] {dag.py:3096} INFO - Sync 1 DAGs
[2024-05-09T09:31:05.811+0200] {logging_mixin.py:188} INFO - [2024-05-09T09:31:05.810+0200] {dag.py:3954} INFO - Setting next_dagrun for tutorial_dag to None, run_after=None
[2024-05-09T09:31:05.826+0200] {processor.py:183} INFO - Processing /home/munya/.local/lib/python3.11/site-packages/airflow/example_dags/tutorial_dag.py took 0.048 seconds
[2024-05-09T09:32:06.562+0200] {processor.py:161} INFO - Started process (PID=98462) to work on /home/munya/.local/lib/python3.11/site-packages/airflow/example_dags/tutorial_dag.py
[2024-05-09T09:32:06.565+0200] {processor.py:830} INFO - Processing file /home/munya/.local/lib/python3.11/site-packages/airflow/example_dags/tutorial_dag.py for tasks to queue
[2024-05-09T09:32:06.568+0200] {logging_mixin.py:188} INFO - [2024-05-09T09:32:06.566+0200] {dagbag.py:540} INFO - Filling up the DagBag from /home/munya/.local/lib/python3.11/site-packages/airflow/example_dags/tutorial_dag.py
[2024-05-09T09:32:06.583+0200] {processor.py:840} INFO - DAG(s) 'tutorial_dag' retrieved from /home/munya/.local/lib/python3.11/site-packages/airflow/example_dags/tutorial_dag.py
[2024-05-09T09:32:06.635+0200] {logging_mixin.py:188} INFO - [2024-05-09T09:32:06.635+0200] {dag.py:3096} INFO - Sync 1 DAGs
[2024-05-09T09:32:06.669+0200] {logging_mixin.py:188} INFO - [2024-05-09T09:32:06.668+0200] {dag.py:3954} INFO - Setting next_dagrun for tutorial_dag to None, run_after=None
[2024-05-09T09:32:06.737+0200] {processor.py:183} INFO - Processing /home/munya/.local/lib/python3.11/site-packages/airflow/example_dags/tutorial_dag.py took 0.194 seconds
[2024-05-09T09:33:10.552+0200] {processor.py:161} INFO - Started process (PID=99653) to work on /home/munya/.local/lib/python3.11/site-packages/airflow/example_dags/tutorial_dag.py
[2024-05-09T09:33:10.553+0200] {processor.py:830} INFO - Processing file /home/munya/.local/lib/python3.11/site-packages/airflow/example_dags/tutorial_dag.py for tasks to queue
[2024-05-09T09:33:10.554+0200] {logging_mixin.py:188} INFO - [2024-05-09T09:33:10.554+0200] {dagbag.py:540} INFO - Filling up the DagBag from /home/munya/.local/lib/python3.11/site-packages/airflow/example_dags/tutorial_dag.py
[2024-05-09T09:33:10.560+0200] {processor.py:840} INFO - DAG(s) 'tutorial_dag' retrieved from /home/munya/.local/lib/python3.11/site-packages/airflow/example_dags/tutorial_dag.py
[2024-05-09T09:33:10.579+0200] {logging_mixin.py:188} INFO - [2024-05-09T09:33:10.579+0200] {dag.py:3096} INFO - Sync 1 DAGs
[2024-05-09T09:33:10.591+0200] {logging_mixin.py:188} INFO - [2024-05-09T09:33:10.590+0200] {dag.py:3954} INFO - Setting next_dagrun for tutorial_dag to None, run_after=None
[2024-05-09T09:33:10.612+0200] {processor.py:183} INFO - Processing /home/munya/.local/lib/python3.11/site-packages/airflow/example_dags/tutorial_dag.py took 0.066 seconds
[2024-05-09T09:34:08.746+0200] {processor.py:161} INFO - Started process (PID=100471) to work on /home/munya/.local/lib/python3.11/site-packages/airflow/example_dags/tutorial_dag.py
[2024-05-09T09:34:08.747+0200] {processor.py:830} INFO - Processing file /home/munya/.local/lib/python3.11/site-packages/airflow/example_dags/tutorial_dag.py for tasks to queue
[2024-05-09T09:34:08.748+0200] {logging_mixin.py:188} INFO - [2024-05-09T09:34:08.748+0200] {dagbag.py:540} INFO - Filling up the DagBag from /home/munya/.local/lib/python3.11/site-packages/airflow/example_dags/tutorial_dag.py
[2024-05-09T09:34:08.755+0200] {processor.py:840} INFO - DAG(s) 'tutorial_dag' retrieved from /home/munya/.local/lib/python3.11/site-packages/airflow/example_dags/tutorial_dag.py
[2024-05-09T09:34:08.774+0200] {logging_mixin.py:188} INFO - [2024-05-09T09:34:08.774+0200] {dag.py:3096} INFO - Sync 1 DAGs
[2024-05-09T09:34:08.784+0200] {logging_mixin.py:188} INFO - [2024-05-09T09:34:08.784+0200] {dag.py:3954} INFO - Setting next_dagrun for tutorial_dag to None, run_after=None
[2024-05-09T09:34:08.969+0200] {processor.py:183} INFO - Processing /home/munya/.local/lib/python3.11/site-packages/airflow/example_dags/tutorial_dag.py took 0.231 seconds
[2024-05-09T09:35:35.487+0200] {processor.py:161} INFO - Started process (PID=101603) to work on /home/munya/.local/lib/python3.11/site-packages/airflow/example_dags/tutorial_dag.py
[2024-05-09T09:35:35.488+0200] {processor.py:830} INFO - Processing file /home/munya/.local/lib/python3.11/site-packages/airflow/example_dags/tutorial_dag.py for tasks to queue
[2024-05-09T09:35:35.489+0200] {logging_mixin.py:188} INFO - [2024-05-09T09:35:35.489+0200] {dagbag.py:540} INFO - Filling up the DagBag from /home/munya/.local/lib/python3.11/site-packages/airflow/example_dags/tutorial_dag.py
[2024-05-09T09:35:35.494+0200] {processor.py:840} INFO - DAG(s) 'tutorial_dag' retrieved from /home/munya/.local/lib/python3.11/site-packages/airflow/example_dags/tutorial_dag.py
[2024-05-09T09:35:35.509+0200] {logging_mixin.py:188} INFO - [2024-05-09T09:35:35.509+0200] {dag.py:3096} INFO - Sync 1 DAGs
[2024-05-09T09:35:35.519+0200] {logging_mixin.py:188} INFO - [2024-05-09T09:35:35.519+0200] {dag.py:3954} INFO - Setting next_dagrun for tutorial_dag to None, run_after=None
[2024-05-09T09:35:35.710+0200] {processor.py:183} INFO - Processing /home/munya/.local/lib/python3.11/site-packages/airflow/example_dags/tutorial_dag.py took 0.233 seconds
[2024-05-09T09:36:14.769+0200] {processor.py:161} INFO - Started process (PID=102118) to work on /home/munya/.local/lib/python3.11/site-packages/airflow/example_dags/tutorial_dag.py
[2024-05-09T09:36:14.770+0200] {processor.py:830} INFO - Processing file /home/munya/.local/lib/python3.11/site-packages/airflow/example_dags/tutorial_dag.py for tasks to queue
[2024-05-09T09:36:14.771+0200] {logging_mixin.py:188} INFO - [2024-05-09T09:36:14.771+0200] {dagbag.py:540} INFO - Filling up the DagBag from /home/munya/.local/lib/python3.11/site-packages/airflow/example_dags/tutorial_dag.py
[2024-05-09T09:36:14.776+0200] {processor.py:840} INFO - DAG(s) 'tutorial_dag' retrieved from /home/munya/.local/lib/python3.11/site-packages/airflow/example_dags/tutorial_dag.py
[2024-05-09T09:36:14.803+0200] {logging_mixin.py:188} INFO - [2024-05-09T09:36:14.803+0200] {dag.py:3096} INFO - Sync 1 DAGs
[2024-05-09T09:36:14.814+0200] {logging_mixin.py:188} INFO - [2024-05-09T09:36:14.813+0200] {dag.py:3954} INFO - Setting next_dagrun for tutorial_dag to None, run_after=None
[2024-05-09T09:36:14.831+0200] {processor.py:183} INFO - Processing /home/munya/.local/lib/python3.11/site-packages/airflow/example_dags/tutorial_dag.py took 0.072 seconds
[2024-05-09T09:37:11.041+0200] {processor.py:161} INFO - Started process (PID=102865) to work on /home/munya/.local/lib/python3.11/site-packages/airflow/example_dags/tutorial_dag.py
[2024-05-09T09:37:11.041+0200] {processor.py:830} INFO - Processing file /home/munya/.local/lib/python3.11/site-packages/airflow/example_dags/tutorial_dag.py for tasks to queue
[2024-05-09T09:37:11.042+0200] {logging_mixin.py:188} INFO - [2024-05-09T09:37:11.042+0200] {dagbag.py:540} INFO - Filling up the DagBag from /home/munya/.local/lib/python3.11/site-packages/airflow/example_dags/tutorial_dag.py
[2024-05-09T09:37:11.047+0200] {processor.py:840} INFO - DAG(s) 'tutorial_dag' retrieved from /home/munya/.local/lib/python3.11/site-packages/airflow/example_dags/tutorial_dag.py
[2024-05-09T09:37:11.061+0200] {logging_mixin.py:188} INFO - [2024-05-09T09:37:11.060+0200] {dag.py:3096} INFO - Sync 1 DAGs
[2024-05-09T09:37:11.070+0200] {logging_mixin.py:188} INFO - [2024-05-09T09:37:11.069+0200] {dag.py:3954} INFO - Setting next_dagrun for tutorial_dag to None, run_after=None
[2024-05-09T09:37:11.102+0200] {processor.py:183} INFO - Processing /home/munya/.local/lib/python3.11/site-packages/airflow/example_dags/tutorial_dag.py took 0.070 seconds
[2024-05-09T09:38:08.430+0200] {processor.py:161} INFO - Started process (PID=103618) to work on /home/munya/.local/lib/python3.11/site-packages/airflow/example_dags/tutorial_dag.py
[2024-05-09T09:38:08.431+0200] {processor.py:830} INFO - Processing file /home/munya/.local/lib/python3.11/site-packages/airflow/example_dags/tutorial_dag.py for tasks to queue
[2024-05-09T09:38:08.431+0200] {logging_mixin.py:188} INFO - [2024-05-09T09:38:08.431+0200] {dagbag.py:540} INFO - Filling up the DagBag from /home/munya/.local/lib/python3.11/site-packages/airflow/example_dags/tutorial_dag.py
[2024-05-09T09:38:08.435+0200] {processor.py:840} INFO - DAG(s) 'tutorial_dag' retrieved from /home/munya/.local/lib/python3.11/site-packages/airflow/example_dags/tutorial_dag.py
[2024-05-09T09:38:08.448+0200] {logging_mixin.py:188} INFO - [2024-05-09T09:38:08.447+0200] {dag.py:3096} INFO - Sync 1 DAGs
[2024-05-09T09:38:08.456+0200] {logging_mixin.py:188} INFO - [2024-05-09T09:38:08.456+0200] {dag.py:3954} INFO - Setting next_dagrun for tutorial_dag to None, run_after=None
[2024-05-09T09:38:08.475+0200] {processor.py:183} INFO - Processing /home/munya/.local/lib/python3.11/site-packages/airflow/example_dags/tutorial_dag.py took 0.054 seconds
[2024-05-09T09:39:05.798+0200] {processor.py:161} INFO - Started process (PID=104487) to work on /home/munya/.local/lib/python3.11/site-packages/airflow/example_dags/tutorial_dag.py
[2024-05-09T09:39:05.799+0200] {processor.py:830} INFO - Processing file /home/munya/.local/lib/python3.11/site-packages/airflow/example_dags/tutorial_dag.py for tasks to queue
[2024-05-09T09:39:05.799+0200] {logging_mixin.py:188} INFO - [2024-05-09T09:39:05.799+0200] {dagbag.py:540} INFO - Filling up the DagBag from /home/munya/.local/lib/python3.11/site-packages/airflow/example_dags/tutorial_dag.py
[2024-05-09T09:39:05.803+0200] {processor.py:840} INFO - DAG(s) 'tutorial_dag' retrieved from /home/munya/.local/lib/python3.11/site-packages/airflow/example_dags/tutorial_dag.py
[2024-05-09T09:39:05.816+0200] {logging_mixin.py:188} INFO - [2024-05-09T09:39:05.815+0200] {dag.py:3096} INFO - Sync 1 DAGs
[2024-05-09T09:39:05.824+0200] {logging_mixin.py:188} INFO - [2024-05-09T09:39:05.824+0200] {dag.py:3954} INFO - Setting next_dagrun for tutorial_dag to None, run_after=None
[2024-05-09T09:39:05.839+0200] {processor.py:183} INFO - Processing /home/munya/.local/lib/python3.11/site-packages/airflow/example_dags/tutorial_dag.py took 0.049 seconds
[2024-05-09T09:40:04.675+0200] {processor.py:161} INFO - Started process (PID=105450) to work on /home/munya/.local/lib/python3.11/site-packages/airflow/example_dags/tutorial_dag.py
[2024-05-09T09:40:04.675+0200] {processor.py:830} INFO - Processing file /home/munya/.local/lib/python3.11/site-packages/airflow/example_dags/tutorial_dag.py for tasks to queue
[2024-05-09T09:40:04.676+0200] {logging_mixin.py:188} INFO - [2024-05-09T09:40:04.676+0200] {dagbag.py:540} INFO - Filling up the DagBag from /home/munya/.local/lib/python3.11/site-packages/airflow/example_dags/tutorial_dag.py
[2024-05-09T09:40:04.683+0200] {processor.py:840} INFO - DAG(s) 'tutorial_dag' retrieved from /home/munya/.local/lib/python3.11/site-packages/airflow/example_dags/tutorial_dag.py
[2024-05-09T09:40:04.702+0200] {logging_mixin.py:188} INFO - [2024-05-09T09:40:04.702+0200] {dag.py:3096} INFO - Sync 1 DAGs
[2024-05-09T09:40:04.715+0200] {logging_mixin.py:188} INFO - [2024-05-09T09:40:04.714+0200] {dag.py:3954} INFO - Setting next_dagrun for tutorial_dag to None, run_after=None
[2024-05-09T09:40:04.737+0200] {processor.py:183} INFO - Processing /home/munya/.local/lib/python3.11/site-packages/airflow/example_dags/tutorial_dag.py took 0.074 seconds
[2024-05-09T09:41:05.302+0200] {processor.py:161} INFO - Started process (PID=106391) to work on /home/munya/.local/lib/python3.11/site-packages/airflow/example_dags/tutorial_dag.py
[2024-05-09T09:41:05.303+0200] {processor.py:830} INFO - Processing file /home/munya/.local/lib/python3.11/site-packages/airflow/example_dags/tutorial_dag.py for tasks to queue
[2024-05-09T09:41:05.304+0200] {logging_mixin.py:188} INFO - [2024-05-09T09:41:05.303+0200] {dagbag.py:540} INFO - Filling up the DagBag from /home/munya/.local/lib/python3.11/site-packages/airflow/example_dags/tutorial_dag.py
[2024-05-09T09:41:05.309+0200] {processor.py:840} INFO - DAG(s) 'tutorial_dag' retrieved from /home/munya/.local/lib/python3.11/site-packages/airflow/example_dags/tutorial_dag.py
[2024-05-09T09:41:05.330+0200] {logging_mixin.py:188} INFO - [2024-05-09T09:41:05.330+0200] {dag.py:3096} INFO - Sync 1 DAGs
[2024-05-09T09:41:05.344+0200] {logging_mixin.py:188} INFO - [2024-05-09T09:41:05.343+0200] {dag.py:3954} INFO - Setting next_dagrun for tutorial_dag to None, run_after=None
[2024-05-09T09:41:05.371+0200] {processor.py:183} INFO - Processing /home/munya/.local/lib/python3.11/site-packages/airflow/example_dags/tutorial_dag.py took 0.083 seconds
[2024-05-09T09:42:02.168+0200] {processor.py:161} INFO - Started process (PID=107322) to work on /home/munya/.local/lib/python3.11/site-packages/airflow/example_dags/tutorial_dag.py
[2024-05-09T09:42:02.176+0200] {processor.py:830} INFO - Processing file /home/munya/.local/lib/python3.11/site-packages/airflow/example_dags/tutorial_dag.py for tasks to queue
[2024-05-09T09:42:02.181+0200] {logging_mixin.py:188} INFO - [2024-05-09T09:42:02.178+0200] {dagbag.py:540} INFO - Filling up the DagBag from /home/munya/.local/lib/python3.11/site-packages/airflow/example_dags/tutorial_dag.py
[2024-05-09T09:42:02.215+0200] {processor.py:840} INFO - DAG(s) 'tutorial_dag' retrieved from /home/munya/.local/lib/python3.11/site-packages/airflow/example_dags/tutorial_dag.py
[2024-05-09T09:42:02.300+0200] {logging_mixin.py:188} INFO - [2024-05-09T09:42:02.299+0200] {dag.py:3096} INFO - Sync 1 DAGs
[2024-05-09T09:42:02.352+0200] {logging_mixin.py:188} INFO - [2024-05-09T09:42:02.352+0200] {dag.py:3954} INFO - Setting next_dagrun for tutorial_dag to None, run_after=None
[2024-05-09T09:42:02.439+0200] {processor.py:183} INFO - Processing /home/munya/.local/lib/python3.11/site-packages/airflow/example_dags/tutorial_dag.py took 0.336 seconds
[2024-05-09T09:42:58.394+0200] {processor.py:161} INFO - Started process (PID=108245) to work on /home/munya/.local/lib/python3.11/site-packages/airflow/example_dags/tutorial_dag.py
[2024-05-09T09:42:58.395+0200] {processor.py:830} INFO - Processing file /home/munya/.local/lib/python3.11/site-packages/airflow/example_dags/tutorial_dag.py for tasks to queue
[2024-05-09T09:42:58.396+0200] {logging_mixin.py:188} INFO - [2024-05-09T09:42:58.395+0200] {dagbag.py:540} INFO - Filling up the DagBag from /home/munya/.local/lib/python3.11/site-packages/airflow/example_dags/tutorial_dag.py
[2024-05-09T09:42:58.402+0200] {processor.py:840} INFO - DAG(s) 'tutorial_dag' retrieved from /home/munya/.local/lib/python3.11/site-packages/airflow/example_dags/tutorial_dag.py
[2024-05-09T09:42:58.425+0200] {logging_mixin.py:188} INFO - [2024-05-09T09:42:58.425+0200] {dag.py:3096} INFO - Sync 1 DAGs
[2024-05-09T09:42:58.440+0200] {logging_mixin.py:188} INFO - [2024-05-09T09:42:58.440+0200] {dag.py:3954} INFO - Setting next_dagrun for tutorial_dag to None, run_after=None
[2024-05-09T09:42:58.474+0200] {processor.py:183} INFO - Processing /home/munya/.local/lib/python3.11/site-packages/airflow/example_dags/tutorial_dag.py took 0.094 seconds
[2024-05-09T09:43:59.642+0200] {processor.py:161} INFO - Started process (PID=109217) to work on /home/munya/.local/lib/python3.11/site-packages/airflow/example_dags/tutorial_dag.py
[2024-05-09T09:43:59.643+0200] {processor.py:830} INFO - Processing file /home/munya/.local/lib/python3.11/site-packages/airflow/example_dags/tutorial_dag.py for tasks to queue
[2024-05-09T09:43:59.644+0200] {logging_mixin.py:188} INFO - [2024-05-09T09:43:59.644+0200] {dagbag.py:540} INFO - Filling up the DagBag from /home/munya/.local/lib/python3.11/site-packages/airflow/example_dags/tutorial_dag.py
[2024-05-09T09:43:59.652+0200] {processor.py:840} INFO - DAG(s) 'tutorial_dag' retrieved from /home/munya/.local/lib/python3.11/site-packages/airflow/example_dags/tutorial_dag.py
[2024-05-09T09:43:59.673+0200] {logging_mixin.py:188} INFO - [2024-05-09T09:43:59.673+0200] {dag.py:3096} INFO - Sync 1 DAGs
[2024-05-09T09:43:59.688+0200] {logging_mixin.py:188} INFO - [2024-05-09T09:43:59.688+0200] {dag.py:3954} INFO - Setting next_dagrun for tutorial_dag to None, run_after=None
[2024-05-09T09:43:59.718+0200] {processor.py:183} INFO - Processing /home/munya/.local/lib/python3.11/site-packages/airflow/example_dags/tutorial_dag.py took 0.089 seconds
[2024-05-09T09:44:58.852+0200] {processor.py:161} INFO - Started process (PID=110189) to work on /home/munya/.local/lib/python3.11/site-packages/airflow/example_dags/tutorial_dag.py
[2024-05-09T09:44:58.853+0200] {processor.py:830} INFO - Processing file /home/munya/.local/lib/python3.11/site-packages/airflow/example_dags/tutorial_dag.py for tasks to queue
[2024-05-09T09:44:58.854+0200] {logging_mixin.py:188} INFO - [2024-05-09T09:44:58.853+0200] {dagbag.py:540} INFO - Filling up the DagBag from /home/munya/.local/lib/python3.11/site-packages/airflow/example_dags/tutorial_dag.py
[2024-05-09T09:44:58.859+0200] {processor.py:840} INFO - DAG(s) 'tutorial_dag' retrieved from /home/munya/.local/lib/python3.11/site-packages/airflow/example_dags/tutorial_dag.py
[2024-05-09T09:44:58.873+0200] {logging_mixin.py:188} INFO - [2024-05-09T09:44:58.873+0200] {dag.py:3096} INFO - Sync 1 DAGs
[2024-05-09T09:44:58.884+0200] {logging_mixin.py:188} INFO - [2024-05-09T09:44:58.884+0200] {dag.py:3954} INFO - Setting next_dagrun for tutorial_dag to None, run_after=None
[2024-05-09T09:44:58.902+0200] {processor.py:183} INFO - Processing /home/munya/.local/lib/python3.11/site-packages/airflow/example_dags/tutorial_dag.py took 0.059 seconds
[2024-05-09T09:45:56.135+0200] {processor.py:161} INFO - Started process (PID=111030) to work on /home/munya/.local/lib/python3.11/site-packages/airflow/example_dags/tutorial_dag.py
[2024-05-09T09:45:56.157+0200] {processor.py:830} INFO - Processing file /home/munya/.local/lib/python3.11/site-packages/airflow/example_dags/tutorial_dag.py for tasks to queue
[2024-05-09T09:45:56.158+0200] {logging_mixin.py:188} INFO - [2024-05-09T09:45:56.158+0200] {dagbag.py:540} INFO - Filling up the DagBag from /home/munya/.local/lib/python3.11/site-packages/airflow/example_dags/tutorial_dag.py
[2024-05-09T09:45:56.163+0200] {processor.py:840} INFO - DAG(s) 'tutorial_dag' retrieved from /home/munya/.local/lib/python3.11/site-packages/airflow/example_dags/tutorial_dag.py
[2024-05-09T09:45:56.176+0200] {logging_mixin.py:188} INFO - [2024-05-09T09:45:56.176+0200] {dag.py:3096} INFO - Sync 1 DAGs
[2024-05-09T09:45:56.185+0200] {logging_mixin.py:188} INFO - [2024-05-09T09:45:56.184+0200] {dag.py:3954} INFO - Setting next_dagrun for tutorial_dag to None, run_after=None
[2024-05-09T09:45:56.236+0200] {processor.py:183} INFO - Processing /home/munya/.local/lib/python3.11/site-packages/airflow/example_dags/tutorial_dag.py took 0.113 seconds
[2024-05-09T09:46:54.881+0200] {processor.py:161} INFO - Started process (PID=111711) to work on /home/munya/.local/lib/python3.11/site-packages/airflow/example_dags/tutorial_dag.py
[2024-05-09T09:46:54.882+0200] {processor.py:830} INFO - Processing file /home/munya/.local/lib/python3.11/site-packages/airflow/example_dags/tutorial_dag.py for tasks to queue
[2024-05-09T09:46:54.883+0200] {logging_mixin.py:188} INFO - [2024-05-09T09:46:54.883+0200] {dagbag.py:540} INFO - Filling up the DagBag from /home/munya/.local/lib/python3.11/site-packages/airflow/example_dags/tutorial_dag.py
[2024-05-09T09:46:54.887+0200] {processor.py:840} INFO - DAG(s) 'tutorial_dag' retrieved from /home/munya/.local/lib/python3.11/site-packages/airflow/example_dags/tutorial_dag.py
[2024-05-09T09:46:54.900+0200] {logging_mixin.py:188} INFO - [2024-05-09T09:46:54.900+0200] {dag.py:3096} INFO - Sync 1 DAGs
[2024-05-09T09:46:54.909+0200] {logging_mixin.py:188} INFO - [2024-05-09T09:46:54.909+0200] {dag.py:3954} INFO - Setting next_dagrun for tutorial_dag to None, run_after=None
[2024-05-09T09:46:54.924+0200] {processor.py:183} INFO - Processing /home/munya/.local/lib/python3.11/site-packages/airflow/example_dags/tutorial_dag.py took 0.051 seconds
[2024-05-09T09:47:59.448+0200] {processor.py:161} INFO - Started process (PID=112510) to work on /home/munya/.local/lib/python3.11/site-packages/airflow/example_dags/tutorial_dag.py
[2024-05-09T09:47:59.448+0200] {processor.py:830} INFO - Processing file /home/munya/.local/lib/python3.11/site-packages/airflow/example_dags/tutorial_dag.py for tasks to queue
[2024-05-09T09:47:59.449+0200] {logging_mixin.py:188} INFO - [2024-05-09T09:47:59.449+0200] {dagbag.py:540} INFO - Filling up the DagBag from /home/munya/.local/lib/python3.11/site-packages/airflow/example_dags/tutorial_dag.py
[2024-05-09T09:47:59.453+0200] {processor.py:840} INFO - DAG(s) 'tutorial_dag' retrieved from /home/munya/.local/lib/python3.11/site-packages/airflow/example_dags/tutorial_dag.py
[2024-05-09T09:47:59.466+0200] {logging_mixin.py:188} INFO - [2024-05-09T09:47:59.465+0200] {dag.py:3096} INFO - Sync 1 DAGs
[2024-05-09T09:47:59.474+0200] {logging_mixin.py:188} INFO - [2024-05-09T09:47:59.474+0200] {dag.py:3954} INFO - Setting next_dagrun for tutorial_dag to None, run_after=None
[2024-05-09T09:47:59.490+0200] {processor.py:183} INFO - Processing /home/munya/.local/lib/python3.11/site-packages/airflow/example_dags/tutorial_dag.py took 0.051 seconds
[2024-05-09T09:49:02.419+0200] {processor.py:161} INFO - Started process (PID=113347) to work on /home/munya/.local/lib/python3.11/site-packages/airflow/example_dags/tutorial_dag.py
[2024-05-09T09:49:02.420+0200] {processor.py:830} INFO - Processing file /home/munya/.local/lib/python3.11/site-packages/airflow/example_dags/tutorial_dag.py for tasks to queue
[2024-05-09T09:49:02.421+0200] {logging_mixin.py:188} INFO - [2024-05-09T09:49:02.421+0200] {dagbag.py:540} INFO - Filling up the DagBag from /home/munya/.local/lib/python3.11/site-packages/airflow/example_dags/tutorial_dag.py
[2024-05-09T09:49:02.427+0200] {processor.py:840} INFO - DAG(s) 'tutorial_dag' retrieved from /home/munya/.local/lib/python3.11/site-packages/airflow/example_dags/tutorial_dag.py
[2024-05-09T09:49:02.444+0200] {logging_mixin.py:188} INFO - [2024-05-09T09:49:02.444+0200] {dag.py:3096} INFO - Sync 1 DAGs
[2024-05-09T09:49:02.454+0200] {logging_mixin.py:188} INFO - [2024-05-09T09:49:02.454+0200] {dag.py:3954} INFO - Setting next_dagrun for tutorial_dag to None, run_after=None
[2024-05-09T09:49:02.476+0200] {processor.py:183} INFO - Processing /home/munya/.local/lib/python3.11/site-packages/airflow/example_dags/tutorial_dag.py took 0.068 seconds
[2024-05-09T09:50:00.700+0200] {processor.py:161} INFO - Started process (PID=114187) to work on /home/munya/.local/lib/python3.11/site-packages/airflow/example_dags/tutorial_dag.py
[2024-05-09T09:50:00.700+0200] {processor.py:830} INFO - Processing file /home/munya/.local/lib/python3.11/site-packages/airflow/example_dags/tutorial_dag.py for tasks to queue
[2024-05-09T09:50:00.701+0200] {logging_mixin.py:188} INFO - [2024-05-09T09:50:00.701+0200] {dagbag.py:540} INFO - Filling up the DagBag from /home/munya/.local/lib/python3.11/site-packages/airflow/example_dags/tutorial_dag.py
[2024-05-09T09:50:00.705+0200] {processor.py:840} INFO - DAG(s) 'tutorial_dag' retrieved from /home/munya/.local/lib/python3.11/site-packages/airflow/example_dags/tutorial_dag.py
[2024-05-09T09:50:00.719+0200] {logging_mixin.py:188} INFO - [2024-05-09T09:50:00.719+0200] {dag.py:3096} INFO - Sync 1 DAGs
[2024-05-09T09:50:00.727+0200] {logging_mixin.py:188} INFO - [2024-05-09T09:50:00.727+0200] {dag.py:3954} INFO - Setting next_dagrun for tutorial_dag to None, run_after=None
[2024-05-09T09:50:00.743+0200] {processor.py:183} INFO - Processing /home/munya/.local/lib/python3.11/site-packages/airflow/example_dags/tutorial_dag.py took 0.052 seconds
[2024-05-09T09:50:55.794+0200] {processor.py:161} INFO - Started process (PID=114979) to work on /home/munya/.local/lib/python3.11/site-packages/airflow/example_dags/tutorial_dag.py
[2024-05-09T09:50:55.795+0200] {processor.py:830} INFO - Processing file /home/munya/.local/lib/python3.11/site-packages/airflow/example_dags/tutorial_dag.py for tasks to queue
[2024-05-09T09:50:55.796+0200] {logging_mixin.py:188} INFO - [2024-05-09T09:50:55.796+0200] {dagbag.py:540} INFO - Filling up the DagBag from /home/munya/.local/lib/python3.11/site-packages/airflow/example_dags/tutorial_dag.py
[2024-05-09T09:50:55.802+0200] {processor.py:840} INFO - DAG(s) 'tutorial_dag' retrieved from /home/munya/.local/lib/python3.11/site-packages/airflow/example_dags/tutorial_dag.py
[2024-05-09T09:50:55.820+0200] {logging_mixin.py:188} INFO - [2024-05-09T09:50:55.819+0200] {dag.py:3096} INFO - Sync 1 DAGs
[2024-05-09T09:50:55.833+0200] {logging_mixin.py:188} INFO - [2024-05-09T09:50:55.833+0200] {dag.py:3954} INFO - Setting next_dagrun for tutorial_dag to None, run_after=None
[2024-05-09T09:50:55.854+0200] {processor.py:183} INFO - Processing /home/munya/.local/lib/python3.11/site-packages/airflow/example_dags/tutorial_dag.py took 0.072 seconds
[2024-05-09T09:52:05.060+0200] {processor.py:161} INFO - Started process (PID=115872) to work on /home/munya/.local/lib/python3.11/site-packages/airflow/example_dags/tutorial_dag.py
[2024-05-09T09:52:05.063+0200] {processor.py:830} INFO - Processing file /home/munya/.local/lib/python3.11/site-packages/airflow/example_dags/tutorial_dag.py for tasks to queue
[2024-05-09T09:52:05.066+0200] {logging_mixin.py:188} INFO - [2024-05-09T09:52:05.065+0200] {dagbag.py:540} INFO - Filling up the DagBag from /home/munya/.local/lib/python3.11/site-packages/airflow/example_dags/tutorial_dag.py
[2024-05-09T09:52:05.088+0200] {processor.py:840} INFO - DAG(s) 'tutorial_dag' retrieved from /home/munya/.local/lib/python3.11/site-packages/airflow/example_dags/tutorial_dag.py
[2024-05-09T09:52:05.150+0200] {logging_mixin.py:188} INFO - [2024-05-09T09:52:05.149+0200] {dag.py:3096} INFO - Sync 1 DAGs
[2024-05-09T09:52:05.195+0200] {logging_mixin.py:188} INFO - [2024-05-09T09:52:05.195+0200] {dag.py:3954} INFO - Setting next_dagrun for tutorial_dag to None, run_after=None
[2024-05-09T09:52:05.326+0200] {processor.py:183} INFO - Processing /home/munya/.local/lib/python3.11/site-packages/airflow/example_dags/tutorial_dag.py took 0.310 seconds
[2024-05-09T09:53:03.240+0200] {processor.py:161} INFO - Started process (PID=116638) to work on /home/munya/.local/lib/python3.11/site-packages/airflow/example_dags/tutorial_dag.py
[2024-05-09T09:53:03.242+0200] {processor.py:830} INFO - Processing file /home/munya/.local/lib/python3.11/site-packages/airflow/example_dags/tutorial_dag.py for tasks to queue
[2024-05-09T09:53:03.245+0200] {logging_mixin.py:188} INFO - [2024-05-09T09:53:03.244+0200] {dagbag.py:540} INFO - Filling up the DagBag from /home/munya/.local/lib/python3.11/site-packages/airflow/example_dags/tutorial_dag.py
[2024-05-09T09:53:03.262+0200] {processor.py:840} INFO - DAG(s) 'tutorial_dag' retrieved from /home/munya/.local/lib/python3.11/site-packages/airflow/example_dags/tutorial_dag.py
[2024-05-09T09:53:03.314+0200] {logging_mixin.py:188} INFO - [2024-05-09T09:53:03.313+0200] {dag.py:3096} INFO - Sync 1 DAGs
[2024-05-09T09:53:03.353+0200] {logging_mixin.py:188} INFO - [2024-05-09T09:53:03.353+0200] {dag.py:3954} INFO - Setting next_dagrun for tutorial_dag to None, run_after=None
[2024-05-09T09:53:03.414+0200] {processor.py:183} INFO - Processing /home/munya/.local/lib/python3.11/site-packages/airflow/example_dags/tutorial_dag.py took 0.207 seconds
[2024-05-09T09:54:09.271+0200] {processor.py:161} INFO - Started process (PID=117522) to work on /home/munya/.local/lib/python3.11/site-packages/airflow/example_dags/tutorial_dag.py
[2024-05-09T09:54:09.272+0200] {processor.py:830} INFO - Processing file /home/munya/.local/lib/python3.11/site-packages/airflow/example_dags/tutorial_dag.py for tasks to queue
[2024-05-09T09:54:09.273+0200] {logging_mixin.py:188} INFO - [2024-05-09T09:54:09.273+0200] {dagbag.py:540} INFO - Filling up the DagBag from /home/munya/.local/lib/python3.11/site-packages/airflow/example_dags/tutorial_dag.py
[2024-05-09T09:54:09.278+0200] {processor.py:840} INFO - DAG(s) 'tutorial_dag' retrieved from /home/munya/.local/lib/python3.11/site-packages/airflow/example_dags/tutorial_dag.py
[2024-05-09T09:54:09.300+0200] {logging_mixin.py:188} INFO - [2024-05-09T09:54:09.300+0200] {dag.py:3096} INFO - Sync 1 DAGs
[2024-05-09T09:54:09.315+0200] {logging_mixin.py:188} INFO - [2024-05-09T09:54:09.315+0200] {dag.py:3954} INFO - Setting next_dagrun for tutorial_dag to None, run_after=None
[2024-05-09T09:54:09.343+0200] {processor.py:183} INFO - Processing /home/munya/.local/lib/python3.11/site-packages/airflow/example_dags/tutorial_dag.py took 0.084 seconds
[2024-05-09T09:55:07.713+0200] {processor.py:161} INFO - Started process (PID=118438) to work on /home/munya/.local/lib/python3.11/site-packages/airflow/example_dags/tutorial_dag.py
[2024-05-09T09:55:07.714+0200] {processor.py:830} INFO - Processing file /home/munya/.local/lib/python3.11/site-packages/airflow/example_dags/tutorial_dag.py for tasks to queue
[2024-05-09T09:55:07.714+0200] {logging_mixin.py:188} INFO - [2024-05-09T09:55:07.714+0200] {dagbag.py:540} INFO - Filling up the DagBag from /home/munya/.local/lib/python3.11/site-packages/airflow/example_dags/tutorial_dag.py
[2024-05-09T09:55:07.718+0200] {processor.py:840} INFO - DAG(s) 'tutorial_dag' retrieved from /home/munya/.local/lib/python3.11/site-packages/airflow/example_dags/tutorial_dag.py
[2024-05-09T09:55:07.733+0200] {logging_mixin.py:188} INFO - [2024-05-09T09:55:07.733+0200] {dag.py:3096} INFO - Sync 1 DAGs
[2024-05-09T09:55:07.742+0200] {logging_mixin.py:188} INFO - [2024-05-09T09:55:07.742+0200] {dag.py:3954} INFO - Setting next_dagrun for tutorial_dag to None, run_after=None
[2024-05-09T09:55:07.759+0200] {processor.py:183} INFO - Processing /home/munya/.local/lib/python3.11/site-packages/airflow/example_dags/tutorial_dag.py took 0.055 seconds
[2024-05-09T09:56:04.723+0200] {processor.py:161} INFO - Started process (PID=119386) to work on /home/munya/.local/lib/python3.11/site-packages/airflow/example_dags/tutorial_dag.py
[2024-05-09T09:56:04.725+0200] {processor.py:830} INFO - Processing file /home/munya/.local/lib/python3.11/site-packages/airflow/example_dags/tutorial_dag.py for tasks to queue
[2024-05-09T09:56:04.725+0200] {logging_mixin.py:188} INFO - [2024-05-09T09:56:04.725+0200] {dagbag.py:540} INFO - Filling up the DagBag from /home/munya/.local/lib/python3.11/site-packages/airflow/example_dags/tutorial_dag.py
[2024-05-09T09:56:04.731+0200] {processor.py:840} INFO - DAG(s) 'tutorial_dag' retrieved from /home/munya/.local/lib/python3.11/site-packages/airflow/example_dags/tutorial_dag.py
[2024-05-09T09:56:04.751+0200] {logging_mixin.py:188} INFO - [2024-05-09T09:56:04.751+0200] {dag.py:3096} INFO - Sync 1 DAGs
[2024-05-09T09:56:04.762+0200] {logging_mixin.py:188} INFO - [2024-05-09T09:56:04.762+0200] {dag.py:3954} INFO - Setting next_dagrun for tutorial_dag to None, run_after=None
[2024-05-09T09:56:04.782+0200] {processor.py:183} INFO - Processing /home/munya/.local/lib/python3.11/site-packages/airflow/example_dags/tutorial_dag.py took 0.069 seconds
[2024-05-09T09:57:12.085+0200] {processor.py:161} INFO - Started process (PID=120257) to work on /home/munya/.local/lib/python3.11/site-packages/airflow/example_dags/tutorial_dag.py
[2024-05-09T09:57:12.085+0200] {processor.py:830} INFO - Processing file /home/munya/.local/lib/python3.11/site-packages/airflow/example_dags/tutorial_dag.py for tasks to queue
[2024-05-09T09:57:12.086+0200] {logging_mixin.py:188} INFO - [2024-05-09T09:57:12.086+0200] {dagbag.py:540} INFO - Filling up the DagBag from /home/munya/.local/lib/python3.11/site-packages/airflow/example_dags/tutorial_dag.py
[2024-05-09T09:57:12.091+0200] {processor.py:840} INFO - DAG(s) 'tutorial_dag' retrieved from /home/munya/.local/lib/python3.11/site-packages/airflow/example_dags/tutorial_dag.py
[2024-05-09T09:57:12.105+0200] {logging_mixin.py:188} INFO - [2024-05-09T09:57:12.105+0200] {dag.py:3096} INFO - Sync 1 DAGs
[2024-05-09T09:57:12.115+0200] {logging_mixin.py:188} INFO - [2024-05-09T09:57:12.115+0200] {dag.py:3954} INFO - Setting next_dagrun for tutorial_dag to None, run_after=None
[2024-05-09T09:57:12.134+0200] {processor.py:183} INFO - Processing /home/munya/.local/lib/python3.11/site-packages/airflow/example_dags/tutorial_dag.py took 0.058 seconds
[2024-05-09T09:58:17.128+0200] {processor.py:161} INFO - Started process (PID=121174) to work on /home/munya/.local/lib/python3.11/site-packages/airflow/example_dags/tutorial_dag.py
[2024-05-09T09:58:17.129+0200] {processor.py:830} INFO - Processing file /home/munya/.local/lib/python3.11/site-packages/airflow/example_dags/tutorial_dag.py for tasks to queue
[2024-05-09T09:58:17.130+0200] {logging_mixin.py:188} INFO - [2024-05-09T09:58:17.130+0200] {dagbag.py:540} INFO - Filling up the DagBag from /home/munya/.local/lib/python3.11/site-packages/airflow/example_dags/tutorial_dag.py
[2024-05-09T09:58:17.135+0200] {processor.py:840} INFO - DAG(s) 'tutorial_dag' retrieved from /home/munya/.local/lib/python3.11/site-packages/airflow/example_dags/tutorial_dag.py
[2024-05-09T09:58:17.147+0200] {logging_mixin.py:188} INFO - [2024-05-09T09:58:17.147+0200] {dag.py:3096} INFO - Sync 1 DAGs
[2024-05-09T09:58:17.155+0200] {logging_mixin.py:188} INFO - [2024-05-09T09:58:17.155+0200] {dag.py:3954} INFO - Setting next_dagrun for tutorial_dag to None, run_after=None
[2024-05-09T09:58:17.171+0200] {processor.py:183} INFO - Processing /home/munya/.local/lib/python3.11/site-packages/airflow/example_dags/tutorial_dag.py took 0.050 seconds
[2024-05-09T09:59:20.547+0200] {processor.py:161} INFO - Started process (PID=122104) to work on /home/munya/.local/lib/python3.11/site-packages/airflow/example_dags/tutorial_dag.py
[2024-05-09T09:59:20.548+0200] {processor.py:830} INFO - Processing file /home/munya/.local/lib/python3.11/site-packages/airflow/example_dags/tutorial_dag.py for tasks to queue
[2024-05-09T09:59:20.548+0200] {logging_mixin.py:188} INFO - [2024-05-09T09:59:20.548+0200] {dagbag.py:540} INFO - Filling up the DagBag from /home/munya/.local/lib/python3.11/site-packages/airflow/example_dags/tutorial_dag.py
[2024-05-09T09:59:20.553+0200] {processor.py:840} INFO - DAG(s) 'tutorial_dag' retrieved from /home/munya/.local/lib/python3.11/site-packages/airflow/example_dags/tutorial_dag.py
[2024-05-09T09:59:20.565+0200] {logging_mixin.py:188} INFO - [2024-05-09T09:59:20.565+0200] {dag.py:3096} INFO - Sync 1 DAGs
[2024-05-09T09:59:20.574+0200] {logging_mixin.py:188} INFO - [2024-05-09T09:59:20.573+0200] {dag.py:3954} INFO - Setting next_dagrun for tutorial_dag to None, run_after=None
[2024-05-09T09:59:20.590+0200] {processor.py:183} INFO - Processing /home/munya/.local/lib/python3.11/site-packages/airflow/example_dags/tutorial_dag.py took 0.052 seconds
[2024-05-09T10:00:31.953+0200] {processor.py:161} INFO - Started process (PID=123122) to work on /home/munya/.local/lib/python3.11/site-packages/airflow/example_dags/tutorial_dag.py
[2024-05-09T10:00:31.954+0200] {processor.py:830} INFO - Processing file /home/munya/.local/lib/python3.11/site-packages/airflow/example_dags/tutorial_dag.py for tasks to queue
[2024-05-09T10:00:31.955+0200] {logging_mixin.py:188} INFO - [2024-05-09T10:00:31.955+0200] {dagbag.py:540} INFO - Filling up the DagBag from /home/munya/.local/lib/python3.11/site-packages/airflow/example_dags/tutorial_dag.py
[2024-05-09T10:00:31.962+0200] {processor.py:840} INFO - DAG(s) 'tutorial_dag' retrieved from /home/munya/.local/lib/python3.11/site-packages/airflow/example_dags/tutorial_dag.py
[2024-05-09T10:00:31.984+0200] {logging_mixin.py:188} INFO - [2024-05-09T10:00:31.984+0200] {dag.py:3096} INFO - Sync 1 DAGs
[2024-05-09T10:00:31.999+0200] {logging_mixin.py:188} INFO - [2024-05-09T10:00:31.999+0200] {dag.py:3954} INFO - Setting next_dagrun for tutorial_dag to None, run_after=None
[2024-05-09T10:00:32.024+0200] {processor.py:183} INFO - Processing /home/munya/.local/lib/python3.11/site-packages/airflow/example_dags/tutorial_dag.py took 0.084 seconds
[2024-05-09T10:01:16.783+0200] {processor.py:161} INFO - Started process (PID=123789) to work on /home/munya/.local/lib/python3.11/site-packages/airflow/example_dags/tutorial_dag.py
[2024-05-09T10:01:16.785+0200] {processor.py:830} INFO - Processing file /home/munya/.local/lib/python3.11/site-packages/airflow/example_dags/tutorial_dag.py for tasks to queue
[2024-05-09T10:01:16.786+0200] {logging_mixin.py:188} INFO - [2024-05-09T10:01:16.785+0200] {dagbag.py:540} INFO - Filling up the DagBag from /home/munya/.local/lib/python3.11/site-packages/airflow/example_dags/tutorial_dag.py
[2024-05-09T10:01:16.792+0200] {processor.py:840} INFO - DAG(s) 'tutorial_dag' retrieved from /home/munya/.local/lib/python3.11/site-packages/airflow/example_dags/tutorial_dag.py
[2024-05-09T10:01:16.814+0200] {logging_mixin.py:188} INFO - [2024-05-09T10:01:16.814+0200] {dag.py:3096} INFO - Sync 1 DAGs
[2024-05-09T10:01:16.823+0200] {logging_mixin.py:188} INFO - [2024-05-09T10:01:16.823+0200] {dag.py:3954} INFO - Setting next_dagrun for tutorial_dag to None, run_after=None
[2024-05-09T10:01:16.846+0200] {processor.py:183} INFO - Processing /home/munya/.local/lib/python3.11/site-packages/airflow/example_dags/tutorial_dag.py took 0.071 seconds
[2024-05-09T10:02:15.532+0200] {processor.py:161} INFO - Started process (PID=124675) to work on /home/munya/.local/lib/python3.11/site-packages/airflow/example_dags/tutorial_dag.py
[2024-05-09T10:02:15.535+0200] {processor.py:830} INFO - Processing file /home/munya/.local/lib/python3.11/site-packages/airflow/example_dags/tutorial_dag.py for tasks to queue
[2024-05-09T10:02:15.538+0200] {logging_mixin.py:188} INFO - [2024-05-09T10:02:15.536+0200] {dagbag.py:540} INFO - Filling up the DagBag from /home/munya/.local/lib/python3.11/site-packages/airflow/example_dags/tutorial_dag.py
[2024-05-09T10:02:15.554+0200] {processor.py:840} INFO - DAG(s) 'tutorial_dag' retrieved from /home/munya/.local/lib/python3.11/site-packages/airflow/example_dags/tutorial_dag.py
[2024-05-09T10:02:15.606+0200] {logging_mixin.py:188} INFO - [2024-05-09T10:02:15.605+0200] {dag.py:3096} INFO - Sync 1 DAGs
[2024-05-09T10:02:15.639+0200] {logging_mixin.py:188} INFO - [2024-05-09T10:02:15.638+0200] {dag.py:3954} INFO - Setting next_dagrun for tutorial_dag to None, run_after=None
[2024-05-09T10:02:15.707+0200] {processor.py:183} INFO - Processing /home/munya/.local/lib/python3.11/site-packages/airflow/example_dags/tutorial_dag.py took 0.206 seconds
[2024-05-09T10:03:14.912+0200] {processor.py:161} INFO - Started process (PID=125461) to work on /home/munya/.local/lib/python3.11/site-packages/airflow/example_dags/tutorial_dag.py
[2024-05-09T10:03:14.913+0200] {processor.py:830} INFO - Processing file /home/munya/.local/lib/python3.11/site-packages/airflow/example_dags/tutorial_dag.py for tasks to queue
[2024-05-09T10:03:14.913+0200] {logging_mixin.py:188} INFO - [2024-05-09T10:03:14.913+0200] {dagbag.py:540} INFO - Filling up the DagBag from /home/munya/.local/lib/python3.11/site-packages/airflow/example_dags/tutorial_dag.py
[2024-05-09T10:03:14.918+0200] {processor.py:840} INFO - DAG(s) 'tutorial_dag' retrieved from /home/munya/.local/lib/python3.11/site-packages/airflow/example_dags/tutorial_dag.py
[2024-05-09T10:03:14.934+0200] {logging_mixin.py:188} INFO - [2024-05-09T10:03:14.934+0200] {dag.py:3096} INFO - Sync 1 DAGs
[2024-05-09T10:03:14.944+0200] {logging_mixin.py:188} INFO - [2024-05-09T10:03:14.944+0200] {dag.py:3954} INFO - Setting next_dagrun for tutorial_dag to None, run_after=None
[2024-05-09T10:03:14.965+0200] {processor.py:183} INFO - Processing /home/munya/.local/lib/python3.11/site-packages/airflow/example_dags/tutorial_dag.py took 0.064 seconds
[2024-05-09T10:04:20.305+0200] {processor.py:161} INFO - Started process (PID=126385) to work on /home/munya/.local/lib/python3.11/site-packages/airflow/example_dags/tutorial_dag.py
[2024-05-09T10:04:20.306+0200] {processor.py:830} INFO - Processing file /home/munya/.local/lib/python3.11/site-packages/airflow/example_dags/tutorial_dag.py for tasks to queue
[2024-05-09T10:04:20.307+0200] {logging_mixin.py:188} INFO - [2024-05-09T10:04:20.306+0200] {dagbag.py:540} INFO - Filling up the DagBag from /home/munya/.local/lib/python3.11/site-packages/airflow/example_dags/tutorial_dag.py
[2024-05-09T10:04:20.312+0200] {processor.py:840} INFO - DAG(s) 'tutorial_dag' retrieved from /home/munya/.local/lib/python3.11/site-packages/airflow/example_dags/tutorial_dag.py
[2024-05-09T10:04:20.326+0200] {logging_mixin.py:188} INFO - [2024-05-09T10:04:20.326+0200] {dag.py:3096} INFO - Sync 1 DAGs
[2024-05-09T10:04:20.335+0200] {logging_mixin.py:188} INFO - [2024-05-09T10:04:20.335+0200] {dag.py:3954} INFO - Setting next_dagrun for tutorial_dag to None, run_after=None
[2024-05-09T10:04:20.351+0200] {processor.py:183} INFO - Processing /home/munya/.local/lib/python3.11/site-packages/airflow/example_dags/tutorial_dag.py took 0.055 seconds
[2024-05-09T10:05:19.146+0200] {processor.py:161} INFO - Started process (PID=127274) to work on /home/munya/.local/lib/python3.11/site-packages/airflow/example_dags/tutorial_dag.py
[2024-05-09T10:05:19.147+0200] {processor.py:830} INFO - Processing file /home/munya/.local/lib/python3.11/site-packages/airflow/example_dags/tutorial_dag.py for tasks to queue
[2024-05-09T10:05:19.148+0200] {logging_mixin.py:188} INFO - [2024-05-09T10:05:19.147+0200] {dagbag.py:540} INFO - Filling up the DagBag from /home/munya/.local/lib/python3.11/site-packages/airflow/example_dags/tutorial_dag.py
[2024-05-09T10:05:19.152+0200] {processor.py:840} INFO - DAG(s) 'tutorial_dag' retrieved from /home/munya/.local/lib/python3.11/site-packages/airflow/example_dags/tutorial_dag.py
[2024-05-09T10:05:19.165+0200] {logging_mixin.py:188} INFO - [2024-05-09T10:05:19.164+0200] {dag.py:3096} INFO - Sync 1 DAGs
[2024-05-09T10:05:19.173+0200] {logging_mixin.py:188} INFO - [2024-05-09T10:05:19.173+0200] {dag.py:3954} INFO - Setting next_dagrun for tutorial_dag to None, run_after=None
[2024-05-09T10:05:19.190+0200] {processor.py:183} INFO - Processing /home/munya/.local/lib/python3.11/site-packages/airflow/example_dags/tutorial_dag.py took 0.052 seconds
[2024-05-09T10:06:16.398+0200] {processor.py:161} INFO - Started process (PID=128100) to work on /home/munya/.local/lib/python3.11/site-packages/airflow/example_dags/tutorial_dag.py
[2024-05-09T10:06:16.399+0200] {processor.py:830} INFO - Processing file /home/munya/.local/lib/python3.11/site-packages/airflow/example_dags/tutorial_dag.py for tasks to queue
[2024-05-09T10:06:16.400+0200] {logging_mixin.py:188} INFO - [2024-05-09T10:06:16.400+0200] {dagbag.py:540} INFO - Filling up the DagBag from /home/munya/.local/lib/python3.11/site-packages/airflow/example_dags/tutorial_dag.py
[2024-05-09T10:06:16.405+0200] {processor.py:840} INFO - DAG(s) 'tutorial_dag' retrieved from /home/munya/.local/lib/python3.11/site-packages/airflow/example_dags/tutorial_dag.py
[2024-05-09T10:06:16.418+0200] {logging_mixin.py:188} INFO - [2024-05-09T10:06:16.417+0200] {dag.py:3096} INFO - Sync 1 DAGs
[2024-05-09T10:06:16.426+0200] {logging_mixin.py:188} INFO - [2024-05-09T10:06:16.426+0200] {dag.py:3954} INFO - Setting next_dagrun for tutorial_dag to None, run_after=None
[2024-05-09T10:06:16.441+0200] {processor.py:183} INFO - Processing /home/munya/.local/lib/python3.11/site-packages/airflow/example_dags/tutorial_dag.py took 0.050 seconds
[2024-05-09T10:07:17.617+0200] {processor.py:161} INFO - Started process (PID=129060) to work on /home/munya/.local/lib/python3.11/site-packages/airflow/example_dags/tutorial_dag.py
[2024-05-09T10:07:17.618+0200] {processor.py:830} INFO - Processing file /home/munya/.local/lib/python3.11/site-packages/airflow/example_dags/tutorial_dag.py for tasks to queue
[2024-05-09T10:07:17.618+0200] {logging_mixin.py:188} INFO - [2024-05-09T10:07:17.618+0200] {dagbag.py:540} INFO - Filling up the DagBag from /home/munya/.local/lib/python3.11/site-packages/airflow/example_dags/tutorial_dag.py
[2024-05-09T10:07:17.623+0200] {processor.py:840} INFO - DAG(s) 'tutorial_dag' retrieved from /home/munya/.local/lib/python3.11/site-packages/airflow/example_dags/tutorial_dag.py
[2024-05-09T10:07:17.636+0200] {logging_mixin.py:188} INFO - [2024-05-09T10:07:17.636+0200] {dag.py:3096} INFO - Sync 1 DAGs
[2024-05-09T10:07:17.645+0200] {logging_mixin.py:188} INFO - [2024-05-09T10:07:17.644+0200] {dag.py:3954} INFO - Setting next_dagrun for tutorial_dag to None, run_after=None
[2024-05-09T10:07:17.659+0200] {processor.py:183} INFO - Processing /home/munya/.local/lib/python3.11/site-packages/airflow/example_dags/tutorial_dag.py took 0.051 seconds
[2024-05-09T10:08:18.139+0200] {processor.py:161} INFO - Started process (PID=129872) to work on /home/munya/.local/lib/python3.11/site-packages/airflow/example_dags/tutorial_dag.py
[2024-05-09T10:08:18.140+0200] {processor.py:830} INFO - Processing file /home/munya/.local/lib/python3.11/site-packages/airflow/example_dags/tutorial_dag.py for tasks to queue
[2024-05-09T10:08:18.141+0200] {logging_mixin.py:188} INFO - [2024-05-09T10:08:18.141+0200] {dagbag.py:540} INFO - Filling up the DagBag from /home/munya/.local/lib/python3.11/site-packages/airflow/example_dags/tutorial_dag.py
[2024-05-09T10:08:18.145+0200] {processor.py:840} INFO - DAG(s) 'tutorial_dag' retrieved from /home/munya/.local/lib/python3.11/site-packages/airflow/example_dags/tutorial_dag.py
[2024-05-09T10:08:18.157+0200] {logging_mixin.py:188} INFO - [2024-05-09T10:08:18.157+0200] {dag.py:3096} INFO - Sync 1 DAGs
[2024-05-09T10:08:18.165+0200] {logging_mixin.py:188} INFO - [2024-05-09T10:08:18.165+0200] {dag.py:3954} INFO - Setting next_dagrun for tutorial_dag to None, run_after=None
[2024-05-09T10:08:18.181+0200] {processor.py:183} INFO - Processing /home/munya/.local/lib/python3.11/site-packages/airflow/example_dags/tutorial_dag.py took 0.050 seconds
[2024-05-09T10:09:18.177+0200] {processor.py:161} INFO - Started process (PID=130750) to work on /home/munya/.local/lib/python3.11/site-packages/airflow/example_dags/tutorial_dag.py
[2024-05-09T10:09:18.178+0200] {processor.py:830} INFO - Processing file /home/munya/.local/lib/python3.11/site-packages/airflow/example_dags/tutorial_dag.py for tasks to queue
[2024-05-09T10:09:18.179+0200] {logging_mixin.py:188} INFO - [2024-05-09T10:09:18.179+0200] {dagbag.py:540} INFO - Filling up the DagBag from /home/munya/.local/lib/python3.11/site-packages/airflow/example_dags/tutorial_dag.py
[2024-05-09T10:09:18.185+0200] {processor.py:840} INFO - DAG(s) 'tutorial_dag' retrieved from /home/munya/.local/lib/python3.11/site-packages/airflow/example_dags/tutorial_dag.py
[2024-05-09T10:09:18.203+0200] {logging_mixin.py:188} INFO - [2024-05-09T10:09:18.202+0200] {dag.py:3096} INFO - Sync 1 DAGs
[2024-05-09T10:09:18.215+0200] {logging_mixin.py:188} INFO - [2024-05-09T10:09:18.215+0200] {dag.py:3954} INFO - Setting next_dagrun for tutorial_dag to None, run_after=None
[2024-05-09T10:09:18.241+0200] {processor.py:183} INFO - Processing /home/munya/.local/lib/python3.11/site-packages/airflow/example_dags/tutorial_dag.py took 0.075 seconds
[2024-05-09T10:10:13.008+0200] {processor.py:161} INFO - Started process (PID=131506) to work on /home/munya/.local/lib/python3.11/site-packages/airflow/example_dags/tutorial_dag.py
[2024-05-09T10:10:13.008+0200] {processor.py:830} INFO - Processing file /home/munya/.local/lib/python3.11/site-packages/airflow/example_dags/tutorial_dag.py for tasks to queue
[2024-05-09T10:10:13.009+0200] {logging_mixin.py:188} INFO - [2024-05-09T10:10:13.009+0200] {dagbag.py:540} INFO - Filling up the DagBag from /home/munya/.local/lib/python3.11/site-packages/airflow/example_dags/tutorial_dag.py
[2024-05-09T10:10:13.014+0200] {processor.py:840} INFO - DAG(s) 'tutorial_dag' retrieved from /home/munya/.local/lib/python3.11/site-packages/airflow/example_dags/tutorial_dag.py
[2024-05-09T10:10:13.028+0200] {logging_mixin.py:188} INFO - [2024-05-09T10:10:13.028+0200] {dag.py:3096} INFO - Sync 1 DAGs
[2024-05-09T10:10:13.038+0200] {logging_mixin.py:188} INFO - [2024-05-09T10:10:13.038+0200] {dag.py:3954} INFO - Setting next_dagrun for tutorial_dag to None, run_after=None
[2024-05-09T10:10:13.063+0200] {processor.py:183} INFO - Processing /home/munya/.local/lib/python3.11/site-packages/airflow/example_dags/tutorial_dag.py took 0.064 seconds
[2024-05-09T10:11:05.479+0200] {processor.py:161} INFO - Started process (PID=132216) to work on /home/munya/.local/lib/python3.11/site-packages/airflow/example_dags/tutorial_dag.py
[2024-05-09T10:11:05.481+0200] {processor.py:830} INFO - Processing file /home/munya/.local/lib/python3.11/site-packages/airflow/example_dags/tutorial_dag.py for tasks to queue
[2024-05-09T10:11:05.484+0200] {logging_mixin.py:188} INFO - [2024-05-09T10:11:05.483+0200] {dagbag.py:540} INFO - Filling up the DagBag from /home/munya/.local/lib/python3.11/site-packages/airflow/example_dags/tutorial_dag.py
[2024-05-09T10:11:05.500+0200] {processor.py:840} INFO - DAG(s) 'tutorial_dag' retrieved from /home/munya/.local/lib/python3.11/site-packages/airflow/example_dags/tutorial_dag.py
[2024-05-09T10:11:05.547+0200] {logging_mixin.py:188} INFO - [2024-05-09T10:11:05.546+0200] {dag.py:3096} INFO - Sync 1 DAGs
[2024-05-09T10:11:05.580+0200] {logging_mixin.py:188} INFO - [2024-05-09T10:11:05.579+0200] {dag.py:3954} INFO - Setting next_dagrun for tutorial_dag to None, run_after=None
[2024-05-09T10:11:05.633+0200] {processor.py:183} INFO - Processing /home/munya/.local/lib/python3.11/site-packages/airflow/example_dags/tutorial_dag.py took 0.185 seconds
[2024-05-09T10:12:03.795+0200] {processor.py:161} INFO - Started process (PID=132993) to work on /home/munya/.local/lib/python3.11/site-packages/airflow/example_dags/tutorial_dag.py
[2024-05-09T10:12:03.796+0200] {processor.py:830} INFO - Processing file /home/munya/.local/lib/python3.11/site-packages/airflow/example_dags/tutorial_dag.py for tasks to queue
[2024-05-09T10:12:03.797+0200] {logging_mixin.py:188} INFO - [2024-05-09T10:12:03.797+0200] {dagbag.py:540} INFO - Filling up the DagBag from /home/munya/.local/lib/python3.11/site-packages/airflow/example_dags/tutorial_dag.py
[2024-05-09T10:12:03.802+0200] {processor.py:840} INFO - DAG(s) 'tutorial_dag' retrieved from /home/munya/.local/lib/python3.11/site-packages/airflow/example_dags/tutorial_dag.py
[2024-05-09T10:12:03.825+0200] {logging_mixin.py:188} INFO - [2024-05-09T10:12:03.824+0200] {dag.py:3096} INFO - Sync 1 DAGs
[2024-05-09T10:12:03.836+0200] {logging_mixin.py:188} INFO - [2024-05-09T10:12:03.836+0200] {dag.py:3954} INFO - Setting next_dagrun for tutorial_dag to None, run_after=None
[2024-05-09T10:12:03.855+0200] {processor.py:183} INFO - Processing /home/munya/.local/lib/python3.11/site-packages/airflow/example_dags/tutorial_dag.py took 0.069 seconds
[2024-05-09T10:12:59.078+0200] {processor.py:161} INFO - Started process (PID=133723) to work on /home/munya/.local/lib/python3.11/site-packages/airflow/example_dags/tutorial_dag.py
[2024-05-09T10:12:59.079+0200] {processor.py:830} INFO - Processing file /home/munya/.local/lib/python3.11/site-packages/airflow/example_dags/tutorial_dag.py for tasks to queue
[2024-05-09T10:12:59.080+0200] {logging_mixin.py:188} INFO - [2024-05-09T10:12:59.080+0200] {dagbag.py:540} INFO - Filling up the DagBag from /home/munya/.local/lib/python3.11/site-packages/airflow/example_dags/tutorial_dag.py
[2024-05-09T10:12:59.085+0200] {processor.py:840} INFO - DAG(s) 'tutorial_dag' retrieved from /home/munya/.local/lib/python3.11/site-packages/airflow/example_dags/tutorial_dag.py
[2024-05-09T10:12:59.100+0200] {logging_mixin.py:188} INFO - [2024-05-09T10:12:59.100+0200] {dag.py:3096} INFO - Sync 1 DAGs
[2024-05-09T10:12:59.110+0200] {logging_mixin.py:188} INFO - [2024-05-09T10:12:59.110+0200] {dag.py:3954} INFO - Setting next_dagrun for tutorial_dag to None, run_after=None
[2024-05-09T10:12:59.127+0200] {processor.py:183} INFO - Processing /home/munya/.local/lib/python3.11/site-packages/airflow/example_dags/tutorial_dag.py took 0.058 seconds
[2024-05-09T10:13:55.315+0200] {processor.py:161} INFO - Started process (PID=134460) to work on /home/munya/.local/lib/python3.11/site-packages/airflow/example_dags/tutorial_dag.py
[2024-05-09T10:13:55.316+0200] {processor.py:830} INFO - Processing file /home/munya/.local/lib/python3.11/site-packages/airflow/example_dags/tutorial_dag.py for tasks to queue
[2024-05-09T10:13:55.317+0200] {logging_mixin.py:188} INFO - [2024-05-09T10:13:55.316+0200] {dagbag.py:540} INFO - Filling up the DagBag from /home/munya/.local/lib/python3.11/site-packages/airflow/example_dags/tutorial_dag.py
[2024-05-09T10:13:55.322+0200] {processor.py:840} INFO - DAG(s) 'tutorial_dag' retrieved from /home/munya/.local/lib/python3.11/site-packages/airflow/example_dags/tutorial_dag.py
[2024-05-09T10:13:55.337+0200] {logging_mixin.py:188} INFO - [2024-05-09T10:13:55.336+0200] {dag.py:3096} INFO - Sync 1 DAGs
[2024-05-09T10:13:55.346+0200] {logging_mixin.py:188} INFO - [2024-05-09T10:13:55.346+0200] {dag.py:3954} INFO - Setting next_dagrun for tutorial_dag to None, run_after=None
[2024-05-09T10:13:55.363+0200] {processor.py:183} INFO - Processing /home/munya/.local/lib/python3.11/site-packages/airflow/example_dags/tutorial_dag.py took 0.057 seconds
[2024-05-09T10:14:50.910+0200] {processor.py:161} INFO - Started process (PID=135202) to work on /home/munya/.local/lib/python3.11/site-packages/airflow/example_dags/tutorial_dag.py
[2024-05-09T10:14:50.911+0200] {processor.py:830} INFO - Processing file /home/munya/.local/lib/python3.11/site-packages/airflow/example_dags/tutorial_dag.py for tasks to queue
[2024-05-09T10:14:50.912+0200] {logging_mixin.py:188} INFO - [2024-05-09T10:14:50.912+0200] {dagbag.py:540} INFO - Filling up the DagBag from /home/munya/.local/lib/python3.11/site-packages/airflow/example_dags/tutorial_dag.py
[2024-05-09T10:14:50.918+0200] {processor.py:840} INFO - DAG(s) 'tutorial_dag' retrieved from /home/munya/.local/lib/python3.11/site-packages/airflow/example_dags/tutorial_dag.py
[2024-05-09T10:14:50.938+0200] {logging_mixin.py:188} INFO - [2024-05-09T10:14:50.938+0200] {dag.py:3096} INFO - Sync 1 DAGs
[2024-05-09T10:14:50.951+0200] {logging_mixin.py:188} INFO - [2024-05-09T10:14:50.951+0200] {dag.py:3954} INFO - Setting next_dagrun for tutorial_dag to None, run_after=None
[2024-05-09T10:14:50.974+0200] {processor.py:183} INFO - Processing /home/munya/.local/lib/python3.11/site-packages/airflow/example_dags/tutorial_dag.py took 0.076 seconds
[2024-05-09T10:15:42.615+0200] {processor.py:161} INFO - Started process (PID=135886) to work on /home/munya/.local/lib/python3.11/site-packages/airflow/example_dags/tutorial_dag.py
[2024-05-09T10:15:42.616+0200] {processor.py:830} INFO - Processing file /home/munya/.local/lib/python3.11/site-packages/airflow/example_dags/tutorial_dag.py for tasks to queue
[2024-05-09T10:15:42.617+0200] {logging_mixin.py:188} INFO - [2024-05-09T10:15:42.616+0200] {dagbag.py:540} INFO - Filling up the DagBag from /home/munya/.local/lib/python3.11/site-packages/airflow/example_dags/tutorial_dag.py
[2024-05-09T10:15:42.622+0200] {processor.py:840} INFO - DAG(s) 'tutorial_dag' retrieved from /home/munya/.local/lib/python3.11/site-packages/airflow/example_dags/tutorial_dag.py
[2024-05-09T10:15:42.636+0200] {logging_mixin.py:188} INFO - [2024-05-09T10:15:42.635+0200] {dag.py:3096} INFO - Sync 1 DAGs
[2024-05-09T10:15:42.645+0200] {logging_mixin.py:188} INFO - [2024-05-09T10:15:42.645+0200] {dag.py:3954} INFO - Setting next_dagrun for tutorial_dag to None, run_after=None
[2024-05-09T10:15:42.671+0200] {processor.py:183} INFO - Processing /home/munya/.local/lib/python3.11/site-packages/airflow/example_dags/tutorial_dag.py took 0.064 seconds
[2024-05-09T10:16:34.459+0200] {processor.py:161} INFO - Started process (PID=136578) to work on /home/munya/.local/lib/python3.11/site-packages/airflow/example_dags/tutorial_dag.py
[2024-05-09T10:16:34.463+0200] {processor.py:830} INFO - Processing file /home/munya/.local/lib/python3.11/site-packages/airflow/example_dags/tutorial_dag.py for tasks to queue
[2024-05-09T10:16:34.467+0200] {logging_mixin.py:188} INFO - [2024-05-09T10:16:34.465+0200] {dagbag.py:540} INFO - Filling up the DagBag from /home/munya/.local/lib/python3.11/site-packages/airflow/example_dags/tutorial_dag.py
[2024-05-09T10:16:34.483+0200] {processor.py:840} INFO - DAG(s) 'tutorial_dag' retrieved from /home/munya/.local/lib/python3.11/site-packages/airflow/example_dags/tutorial_dag.py
[2024-05-09T10:16:34.530+0200] {logging_mixin.py:188} INFO - [2024-05-09T10:16:34.529+0200] {dag.py:3096} INFO - Sync 1 DAGs
[2024-05-09T10:16:34.562+0200] {logging_mixin.py:188} INFO - [2024-05-09T10:16:34.562+0200] {dag.py:3954} INFO - Setting next_dagrun for tutorial_dag to None, run_after=None
[2024-05-09T10:16:34.619+0200] {processor.py:183} INFO - Processing /home/munya/.local/lib/python3.11/site-packages/airflow/example_dags/tutorial_dag.py took 0.193 seconds
[2024-05-09T10:17:38.419+0200] {processor.py:161} INFO - Started process (PID=137424) to work on /home/munya/.local/lib/python3.11/site-packages/airflow/example_dags/tutorial_dag.py
[2024-05-09T10:17:38.420+0200] {processor.py:830} INFO - Processing file /home/munya/.local/lib/python3.11/site-packages/airflow/example_dags/tutorial_dag.py for tasks to queue
[2024-05-09T10:17:38.421+0200] {logging_mixin.py:188} INFO - [2024-05-09T10:17:38.421+0200] {dagbag.py:540} INFO - Filling up the DagBag from /home/munya/.local/lib/python3.11/site-packages/airflow/example_dags/tutorial_dag.py
[2024-05-09T10:17:38.425+0200] {processor.py:840} INFO - DAG(s) 'tutorial_dag' retrieved from /home/munya/.local/lib/python3.11/site-packages/airflow/example_dags/tutorial_dag.py
[2024-05-09T10:17:38.439+0200] {logging_mixin.py:188} INFO - [2024-05-09T10:17:38.439+0200] {dag.py:3096} INFO - Sync 1 DAGs
[2024-05-09T10:17:38.447+0200] {logging_mixin.py:188} INFO - [2024-05-09T10:17:38.447+0200] {dag.py:3954} INFO - Setting next_dagrun for tutorial_dag to None, run_after=None
[2024-05-09T10:17:38.463+0200] {processor.py:183} INFO - Processing /home/munya/.local/lib/python3.11/site-packages/airflow/example_dags/tutorial_dag.py took 0.053 seconds
[2024-05-09T10:18:35.321+0200] {processor.py:161} INFO - Started process (PID=138185) to work on /home/munya/.local/lib/python3.11/site-packages/airflow/example_dags/tutorial_dag.py
[2024-05-09T10:18:35.322+0200] {processor.py:830} INFO - Processing file /home/munya/.local/lib/python3.11/site-packages/airflow/example_dags/tutorial_dag.py for tasks to queue
[2024-05-09T10:18:35.322+0200] {logging_mixin.py:188} INFO - [2024-05-09T10:18:35.322+0200] {dagbag.py:540} INFO - Filling up the DagBag from /home/munya/.local/lib/python3.11/site-packages/airflow/example_dags/tutorial_dag.py
[2024-05-09T10:18:35.327+0200] {processor.py:840} INFO - DAG(s) 'tutorial_dag' retrieved from /home/munya/.local/lib/python3.11/site-packages/airflow/example_dags/tutorial_dag.py
[2024-05-09T10:18:35.340+0200] {logging_mixin.py:188} INFO - [2024-05-09T10:18:35.340+0200] {dag.py:3096} INFO - Sync 1 DAGs
[2024-05-09T10:18:35.350+0200] {logging_mixin.py:188} INFO - [2024-05-09T10:18:35.350+0200] {dag.py:3954} INFO - Setting next_dagrun for tutorial_dag to None, run_after=None
[2024-05-09T10:18:35.366+0200] {processor.py:183} INFO - Processing /home/munya/.local/lib/python3.11/site-packages/airflow/example_dags/tutorial_dag.py took 0.054 seconds
[2024-05-09T10:19:28.872+0200] {processor.py:161} INFO - Started process (PID=138871) to work on /home/munya/.local/lib/python3.11/site-packages/airflow/example_dags/tutorial_dag.py
[2024-05-09T10:19:28.873+0200] {processor.py:830} INFO - Processing file /home/munya/.local/lib/python3.11/site-packages/airflow/example_dags/tutorial_dag.py for tasks to queue
[2024-05-09T10:19:28.874+0200] {logging_mixin.py:188} INFO - [2024-05-09T10:19:28.874+0200] {dagbag.py:540} INFO - Filling up the DagBag from /home/munya/.local/lib/python3.11/site-packages/airflow/example_dags/tutorial_dag.py
[2024-05-09T10:19:28.879+0200] {processor.py:840} INFO - DAG(s) 'tutorial_dag' retrieved from /home/munya/.local/lib/python3.11/site-packages/airflow/example_dags/tutorial_dag.py
[2024-05-09T10:19:28.892+0200] {logging_mixin.py:188} INFO - [2024-05-09T10:19:28.892+0200] {dag.py:3096} INFO - Sync 1 DAGs
[2024-05-09T10:19:28.901+0200] {logging_mixin.py:188} INFO - [2024-05-09T10:19:28.901+0200] {dag.py:3954} INFO - Setting next_dagrun for tutorial_dag to None, run_after=None
[2024-05-09T10:19:28.917+0200] {processor.py:183} INFO - Processing /home/munya/.local/lib/python3.11/site-packages/airflow/example_dags/tutorial_dag.py took 0.053 seconds
[2024-05-09T10:20:21.625+0200] {processor.py:161} INFO - Started process (PID=139554) to work on /home/munya/.local/lib/python3.11/site-packages/airflow/example_dags/tutorial_dag.py
[2024-05-09T10:20:21.626+0200] {processor.py:830} INFO - Processing file /home/munya/.local/lib/python3.11/site-packages/airflow/example_dags/tutorial_dag.py for tasks to queue
[2024-05-09T10:20:21.626+0200] {logging_mixin.py:188} INFO - [2024-05-09T10:20:21.626+0200] {dagbag.py:540} INFO - Filling up the DagBag from /home/munya/.local/lib/python3.11/site-packages/airflow/example_dags/tutorial_dag.py
[2024-05-09T10:20:21.631+0200] {processor.py:840} INFO - DAG(s) 'tutorial_dag' retrieved from /home/munya/.local/lib/python3.11/site-packages/airflow/example_dags/tutorial_dag.py
[2024-05-09T10:20:21.644+0200] {logging_mixin.py:188} INFO - [2024-05-09T10:20:21.644+0200] {dag.py:3096} INFO - Sync 1 DAGs
[2024-05-09T10:20:21.653+0200] {logging_mixin.py:188} INFO - [2024-05-09T10:20:21.652+0200] {dag.py:3954} INFO - Setting next_dagrun for tutorial_dag to None, run_after=None
[2024-05-09T10:20:21.673+0200] {processor.py:183} INFO - Processing /home/munya/.local/lib/python3.11/site-packages/airflow/example_dags/tutorial_dag.py took 0.056 seconds
[2024-05-09T10:21:18.451+0200] {processor.py:161} INFO - Started process (PID=140302) to work on /home/munya/.local/lib/python3.11/site-packages/airflow/example_dags/tutorial_dag.py
[2024-05-09T10:21:18.452+0200] {processor.py:830} INFO - Processing file /home/munya/.local/lib/python3.11/site-packages/airflow/example_dags/tutorial_dag.py for tasks to queue
[2024-05-09T10:21:18.453+0200] {logging_mixin.py:188} INFO - [2024-05-09T10:21:18.452+0200] {dagbag.py:540} INFO - Filling up the DagBag from /home/munya/.local/lib/python3.11/site-packages/airflow/example_dags/tutorial_dag.py
[2024-05-09T10:21:18.459+0200] {processor.py:840} INFO - DAG(s) 'tutorial_dag' retrieved from /home/munya/.local/lib/python3.11/site-packages/airflow/example_dags/tutorial_dag.py
[2024-05-09T10:21:18.477+0200] {logging_mixin.py:188} INFO - [2024-05-09T10:21:18.477+0200] {dag.py:3096} INFO - Sync 1 DAGs
[2024-05-09T10:21:18.489+0200] {logging_mixin.py:188} INFO - [2024-05-09T10:21:18.489+0200] {dag.py:3954} INFO - Setting next_dagrun for tutorial_dag to None, run_after=None
[2024-05-09T10:21:18.510+0200] {processor.py:183} INFO - Processing /home/munya/.local/lib/python3.11/site-packages/airflow/example_dags/tutorial_dag.py took 0.071 seconds
[2024-05-09T10:22:16.078+0200] {processor.py:161} INFO - Started process (PID=141053) to work on /home/munya/.local/lib/python3.11/site-packages/airflow/example_dags/tutorial_dag.py
[2024-05-09T10:22:16.079+0200] {processor.py:830} INFO - Processing file /home/munya/.local/lib/python3.11/site-packages/airflow/example_dags/tutorial_dag.py for tasks to queue
[2024-05-09T10:22:16.080+0200] {logging_mixin.py:188} INFO - [2024-05-09T10:22:16.079+0200] {dagbag.py:540} INFO - Filling up the DagBag from /home/munya/.local/lib/python3.11/site-packages/airflow/example_dags/tutorial_dag.py
[2024-05-09T10:22:16.084+0200] {processor.py:840} INFO - DAG(s) 'tutorial_dag' retrieved from /home/munya/.local/lib/python3.11/site-packages/airflow/example_dags/tutorial_dag.py
[2024-05-09T10:22:16.098+0200] {logging_mixin.py:188} INFO - [2024-05-09T10:22:16.098+0200] {dag.py:3096} INFO - Sync 1 DAGs
[2024-05-09T10:22:16.108+0200] {logging_mixin.py:188} INFO - [2024-05-09T10:22:16.107+0200] {dag.py:3954} INFO - Setting next_dagrun for tutorial_dag to None, run_after=None
[2024-05-09T10:22:16.124+0200] {processor.py:183} INFO - Processing /home/munya/.local/lib/python3.11/site-packages/airflow/example_dags/tutorial_dag.py took 0.055 seconds
[2024-05-09T10:23:18.840+0200] {processor.py:161} INFO - Started process (PID=141807) to work on /home/munya/.local/lib/python3.11/site-packages/airflow/example_dags/tutorial_dag.py
[2024-05-09T10:23:18.841+0200] {processor.py:830} INFO - Processing file /home/munya/.local/lib/python3.11/site-packages/airflow/example_dags/tutorial_dag.py for tasks to queue
[2024-05-09T10:23:18.842+0200] {logging_mixin.py:188} INFO - [2024-05-09T10:23:18.841+0200] {dagbag.py:540} INFO - Filling up the DagBag from /home/munya/.local/lib/python3.11/site-packages/airflow/example_dags/tutorial_dag.py
[2024-05-09T10:23:18.846+0200] {processor.py:840} INFO - DAG(s) 'tutorial_dag' retrieved from /home/munya/.local/lib/python3.11/site-packages/airflow/example_dags/tutorial_dag.py
[2024-05-09T10:23:18.859+0200] {logging_mixin.py:188} INFO - [2024-05-09T10:23:18.859+0200] {dag.py:3096} INFO - Sync 1 DAGs
[2024-05-09T10:23:18.868+0200] {logging_mixin.py:188} INFO - [2024-05-09T10:23:18.867+0200] {dag.py:3954} INFO - Setting next_dagrun for tutorial_dag to None, run_after=None
[2024-05-09T10:23:18.884+0200] {processor.py:183} INFO - Processing /home/munya/.local/lib/python3.11/site-packages/airflow/example_dags/tutorial_dag.py took 0.052 seconds
[2024-05-09T10:24:14.946+0200] {processor.py:161} INFO - Started process (PID=142441) to work on /home/munya/.local/lib/python3.11/site-packages/airflow/example_dags/tutorial_dag.py
[2024-05-09T10:24:14.946+0200] {processor.py:830} INFO - Processing file /home/munya/.local/lib/python3.11/site-packages/airflow/example_dags/tutorial_dag.py for tasks to queue
[2024-05-09T10:24:14.947+0200] {logging_mixin.py:188} INFO - [2024-05-09T10:24:14.947+0200] {dagbag.py:540} INFO - Filling up the DagBag from /home/munya/.local/lib/python3.11/site-packages/airflow/example_dags/tutorial_dag.py
[2024-05-09T10:24:14.952+0200] {processor.py:840} INFO - DAG(s) 'tutorial_dag' retrieved from /home/munya/.local/lib/python3.11/site-packages/airflow/example_dags/tutorial_dag.py
[2024-05-09T10:24:14.965+0200] {logging_mixin.py:188} INFO - [2024-05-09T10:24:14.965+0200] {dag.py:3096} INFO - Sync 1 DAGs
[2024-05-09T10:24:14.974+0200] {logging_mixin.py:188} INFO - [2024-05-09T10:24:14.974+0200] {dag.py:3954} INFO - Setting next_dagrun for tutorial_dag to None, run_after=None
[2024-05-09T10:24:14.991+0200] {processor.py:183} INFO - Processing /home/munya/.local/lib/python3.11/site-packages/airflow/example_dags/tutorial_dag.py took 0.054 seconds
[2024-05-09T10:25:17.785+0200] {processor.py:161} INFO - Started process (PID=143155) to work on /home/munya/.local/lib/python3.11/site-packages/airflow/example_dags/tutorial_dag.py
[2024-05-09T10:25:17.786+0200] {processor.py:830} INFO - Processing file /home/munya/.local/lib/python3.11/site-packages/airflow/example_dags/tutorial_dag.py for tasks to queue
[2024-05-09T10:25:17.787+0200] {logging_mixin.py:188} INFO - [2024-05-09T10:25:17.786+0200] {dagbag.py:540} INFO - Filling up the DagBag from /home/munya/.local/lib/python3.11/site-packages/airflow/example_dags/tutorial_dag.py
[2024-05-09T10:25:17.791+0200] {processor.py:840} INFO - DAG(s) 'tutorial_dag' retrieved from /home/munya/.local/lib/python3.11/site-packages/airflow/example_dags/tutorial_dag.py
[2024-05-09T10:25:17.804+0200] {logging_mixin.py:188} INFO - [2024-05-09T10:25:17.803+0200] {dag.py:3096} INFO - Sync 1 DAGs
[2024-05-09T10:25:17.812+0200] {logging_mixin.py:188} INFO - [2024-05-09T10:25:17.811+0200] {dag.py:3954} INFO - Setting next_dagrun for tutorial_dag to None, run_after=None
[2024-05-09T10:25:17.830+0200] {processor.py:183} INFO - Processing /home/munya/.local/lib/python3.11/site-packages/airflow/example_dags/tutorial_dag.py took 0.053 seconds
[2024-05-09T10:26:20.077+0200] {processor.py:161} INFO - Started process (PID=143861) to work on /home/munya/.local/lib/python3.11/site-packages/airflow/example_dags/tutorial_dag.py
[2024-05-09T10:26:20.078+0200] {processor.py:830} INFO - Processing file /home/munya/.local/lib/python3.11/site-packages/airflow/example_dags/tutorial_dag.py for tasks to queue
[2024-05-09T10:26:20.079+0200] {logging_mixin.py:188} INFO - [2024-05-09T10:26:20.079+0200] {dagbag.py:540} INFO - Filling up the DagBag from /home/munya/.local/lib/python3.11/site-packages/airflow/example_dags/tutorial_dag.py
[2024-05-09T10:26:20.084+0200] {processor.py:840} INFO - DAG(s) 'tutorial_dag' retrieved from /home/munya/.local/lib/python3.11/site-packages/airflow/example_dags/tutorial_dag.py
[2024-05-09T10:26:20.100+0200] {logging_mixin.py:188} INFO - [2024-05-09T10:26:20.100+0200] {dag.py:3096} INFO - Sync 1 DAGs
[2024-05-09T10:26:20.109+0200] {logging_mixin.py:188} INFO - [2024-05-09T10:26:20.109+0200] {dag.py:3954} INFO - Setting next_dagrun for tutorial_dag to None, run_after=None
[2024-05-09T10:26:20.126+0200] {processor.py:183} INFO - Processing /home/munya/.local/lib/python3.11/site-packages/airflow/example_dags/tutorial_dag.py took 0.064 seconds
[2024-05-09T10:27:20.617+0200] {processor.py:161} INFO - Started process (PID=144537) to work on /home/munya/.local/lib/python3.11/site-packages/airflow/example_dags/tutorial_dag.py
[2024-05-09T10:27:20.618+0200] {processor.py:830} INFO - Processing file /home/munya/.local/lib/python3.11/site-packages/airflow/example_dags/tutorial_dag.py for tasks to queue
[2024-05-09T10:27:20.619+0200] {logging_mixin.py:188} INFO - [2024-05-09T10:27:20.618+0200] {dagbag.py:540} INFO - Filling up the DagBag from /home/munya/.local/lib/python3.11/site-packages/airflow/example_dags/tutorial_dag.py
[2024-05-09T10:27:20.623+0200] {processor.py:840} INFO - DAG(s) 'tutorial_dag' retrieved from /home/munya/.local/lib/python3.11/site-packages/airflow/example_dags/tutorial_dag.py
[2024-05-09T10:27:20.635+0200] {logging_mixin.py:188} INFO - [2024-05-09T10:27:20.635+0200] {dag.py:3096} INFO - Sync 1 DAGs
[2024-05-09T10:27:20.644+0200] {logging_mixin.py:188} INFO - [2024-05-09T10:27:20.644+0200] {dag.py:3954} INFO - Setting next_dagrun for tutorial_dag to None, run_after=None
[2024-05-09T10:27:20.659+0200] {processor.py:183} INFO - Processing /home/munya/.local/lib/python3.11/site-packages/airflow/example_dags/tutorial_dag.py took 0.049 seconds
[2024-05-09T10:28:23.868+0200] {processor.py:161} INFO - Started process (PID=145264) to work on /home/munya/.local/lib/python3.11/site-packages/airflow/example_dags/tutorial_dag.py
[2024-05-09T10:28:23.869+0200] {processor.py:830} INFO - Processing file /home/munya/.local/lib/python3.11/site-packages/airflow/example_dags/tutorial_dag.py for tasks to queue
[2024-05-09T10:28:23.870+0200] {logging_mixin.py:188} INFO - [2024-05-09T10:28:23.870+0200] {dagbag.py:540} INFO - Filling up the DagBag from /home/munya/.local/lib/python3.11/site-packages/airflow/example_dags/tutorial_dag.py
[2024-05-09T10:28:23.874+0200] {processor.py:840} INFO - DAG(s) 'tutorial_dag' retrieved from /home/munya/.local/lib/python3.11/site-packages/airflow/example_dags/tutorial_dag.py
[2024-05-09T10:28:23.888+0200] {logging_mixin.py:188} INFO - [2024-05-09T10:28:23.888+0200] {dag.py:3096} INFO - Sync 1 DAGs
[2024-05-09T10:28:23.897+0200] {logging_mixin.py:188} INFO - [2024-05-09T10:28:23.897+0200] {dag.py:3954} INFO - Setting next_dagrun for tutorial_dag to None, run_after=None
[2024-05-09T10:28:23.916+0200] {processor.py:183} INFO - Processing /home/munya/.local/lib/python3.11/site-packages/airflow/example_dags/tutorial_dag.py took 0.056 seconds
[2024-05-09T10:29:23.398+0200] {processor.py:161} INFO - Started process (PID=145935) to work on /home/munya/.local/lib/python3.11/site-packages/airflow/example_dags/tutorial_dag.py
[2024-05-09T10:29:23.402+0200] {processor.py:830} INFO - Processing file /home/munya/.local/lib/python3.11/site-packages/airflow/example_dags/tutorial_dag.py for tasks to queue
[2024-05-09T10:29:23.406+0200] {logging_mixin.py:188} INFO - [2024-05-09T10:29:23.405+0200] {dagbag.py:540} INFO - Filling up the DagBag from /home/munya/.local/lib/python3.11/site-packages/airflow/example_dags/tutorial_dag.py
[2024-05-09T10:29:23.424+0200] {processor.py:840} INFO - DAG(s) 'tutorial_dag' retrieved from /home/munya/.local/lib/python3.11/site-packages/airflow/example_dags/tutorial_dag.py
[2024-05-09T10:29:23.474+0200] {logging_mixin.py:188} INFO - [2024-05-09T10:29:23.473+0200] {dag.py:3096} INFO - Sync 1 DAGs
[2024-05-09T10:29:23.506+0200] {logging_mixin.py:188} INFO - [2024-05-09T10:29:23.506+0200] {dag.py:3954} INFO - Setting next_dagrun for tutorial_dag to None, run_after=None
[2024-05-09T10:29:23.574+0200] {processor.py:183} INFO - Processing /home/munya/.local/lib/python3.11/site-packages/airflow/example_dags/tutorial_dag.py took 0.222 seconds
[2024-05-09T10:30:26.853+0200] {processor.py:161} INFO - Started process (PID=146653) to work on /home/munya/.local/lib/python3.11/site-packages/airflow/example_dags/tutorial_dag.py
[2024-05-09T10:30:26.856+0200] {processor.py:830} INFO - Processing file /home/munya/.local/lib/python3.11/site-packages/airflow/example_dags/tutorial_dag.py for tasks to queue
[2024-05-09T10:30:26.858+0200] {logging_mixin.py:188} INFO - [2024-05-09T10:30:26.857+0200] {dagbag.py:540} INFO - Filling up the DagBag from /home/munya/.local/lib/python3.11/site-packages/airflow/example_dags/tutorial_dag.py
[2024-05-09T10:30:26.874+0200] {processor.py:840} INFO - DAG(s) 'tutorial_dag' retrieved from /home/munya/.local/lib/python3.11/site-packages/airflow/example_dags/tutorial_dag.py
[2024-05-09T10:30:26.921+0200] {logging_mixin.py:188} INFO - [2024-05-09T10:30:26.920+0200] {dag.py:3096} INFO - Sync 1 DAGs
[2024-05-09T10:30:26.952+0200] {logging_mixin.py:188} INFO - [2024-05-09T10:30:26.952+0200] {dag.py:3954} INFO - Setting next_dagrun for tutorial_dag to None, run_after=None
[2024-05-09T10:30:27.005+0200] {processor.py:183} INFO - Processing /home/munya/.local/lib/python3.11/site-packages/airflow/example_dags/tutorial_dag.py took 0.182 seconds
[2024-05-09T10:31:29.147+0200] {processor.py:161} INFO - Started process (PID=147351) to work on /home/munya/.local/lib/python3.11/site-packages/airflow/example_dags/tutorial_dag.py
[2024-05-09T10:31:29.148+0200] {processor.py:830} INFO - Processing file /home/munya/.local/lib/python3.11/site-packages/airflow/example_dags/tutorial_dag.py for tasks to queue
[2024-05-09T10:31:29.148+0200] {logging_mixin.py:188} INFO - [2024-05-09T10:31:29.148+0200] {dagbag.py:540} INFO - Filling up the DagBag from /home/munya/.local/lib/python3.11/site-packages/airflow/example_dags/tutorial_dag.py
[2024-05-09T10:31:29.152+0200] {processor.py:840} INFO - DAG(s) 'tutorial_dag' retrieved from /home/munya/.local/lib/python3.11/site-packages/airflow/example_dags/tutorial_dag.py
[2024-05-09T10:31:29.165+0200] {logging_mixin.py:188} INFO - [2024-05-09T10:31:29.164+0200] {dag.py:3096} INFO - Sync 1 DAGs
[2024-05-09T10:31:29.172+0200] {logging_mixin.py:188} INFO - [2024-05-09T10:31:29.172+0200] {dag.py:3954} INFO - Setting next_dagrun for tutorial_dag to None, run_after=None
[2024-05-09T10:31:29.188+0200] {processor.py:183} INFO - Processing /home/munya/.local/lib/python3.11/site-packages/airflow/example_dags/tutorial_dag.py took 0.048 seconds
[2024-05-09T10:32:31.933+0200] {processor.py:161} INFO - Started process (PID=148063) to work on /home/munya/.local/lib/python3.11/site-packages/airflow/example_dags/tutorial_dag.py
[2024-05-09T10:32:31.936+0200] {processor.py:830} INFO - Processing file /home/munya/.local/lib/python3.11/site-packages/airflow/example_dags/tutorial_dag.py for tasks to queue
[2024-05-09T10:32:31.938+0200] {logging_mixin.py:188} INFO - [2024-05-09T10:32:31.937+0200] {dagbag.py:540} INFO - Filling up the DagBag from /home/munya/.local/lib/python3.11/site-packages/airflow/example_dags/tutorial_dag.py
[2024-05-09T10:32:31.954+0200] {processor.py:840} INFO - DAG(s) 'tutorial_dag' retrieved from /home/munya/.local/lib/python3.11/site-packages/airflow/example_dags/tutorial_dag.py
[2024-05-09T10:32:31.999+0200] {logging_mixin.py:188} INFO - [2024-05-09T10:32:31.998+0200] {dag.py:3096} INFO - Sync 1 DAGs
[2024-05-09T10:32:32.031+0200] {logging_mixin.py:188} INFO - [2024-05-09T10:32:32.030+0200] {dag.py:3954} INFO - Setting next_dagrun for tutorial_dag to None, run_after=None
[2024-05-09T10:32:32.052+0200] {processor.py:183} INFO - Processing /home/munya/.local/lib/python3.11/site-packages/airflow/example_dags/tutorial_dag.py took 0.150 seconds
[2024-05-09T10:34:34.660+0200] {processor.py:161} INFO - Started process (PID=149175) to work on /home/munya/.local/lib/python3.11/site-packages/airflow/example_dags/tutorial_dag.py
[2024-05-09T10:34:34.661+0200] {processor.py:830} INFO - Processing file /home/munya/.local/lib/python3.11/site-packages/airflow/example_dags/tutorial_dag.py for tasks to queue
[2024-05-09T10:34:34.662+0200] {logging_mixin.py:188} INFO - [2024-05-09T10:34:34.662+0200] {dagbag.py:540} INFO - Filling up the DagBag from /home/munya/.local/lib/python3.11/site-packages/airflow/example_dags/tutorial_dag.py
[2024-05-09T10:34:34.666+0200] {processor.py:840} INFO - DAG(s) 'tutorial_dag' retrieved from /home/munya/.local/lib/python3.11/site-packages/airflow/example_dags/tutorial_dag.py
[2024-05-09T10:34:34.678+0200] {logging_mixin.py:188} INFO - [2024-05-09T10:34:34.678+0200] {dag.py:3096} INFO - Sync 1 DAGs
[2024-05-09T10:34:34.687+0200] {logging_mixin.py:188} INFO - [2024-05-09T10:34:34.686+0200] {dag.py:3954} INFO - Setting next_dagrun for tutorial_dag to None, run_after=None
[2024-05-09T10:34:34.702+0200] {processor.py:183} INFO - Processing /home/munya/.local/lib/python3.11/site-packages/airflow/example_dags/tutorial_dag.py took 0.050 seconds
[2024-05-09T10:35:34.554+0200] {processor.py:161} INFO - Started process (PID=149975) to work on /home/munya/.local/lib/python3.11/site-packages/airflow/example_dags/tutorial_dag.py
[2024-05-09T10:35:34.555+0200] {processor.py:830} INFO - Processing file /home/munya/.local/lib/python3.11/site-packages/airflow/example_dags/tutorial_dag.py for tasks to queue
[2024-05-09T10:35:34.556+0200] {logging_mixin.py:188} INFO - [2024-05-09T10:35:34.556+0200] {dagbag.py:540} INFO - Filling up the DagBag from /home/munya/.local/lib/python3.11/site-packages/airflow/example_dags/tutorial_dag.py
[2024-05-09T10:35:34.562+0200] {processor.py:840} INFO - DAG(s) 'tutorial_dag' retrieved from /home/munya/.local/lib/python3.11/site-packages/airflow/example_dags/tutorial_dag.py
[2024-05-09T10:35:34.580+0200] {logging_mixin.py:188} INFO - [2024-05-09T10:35:34.580+0200] {dag.py:3096} INFO - Sync 1 DAGs
[2024-05-09T10:35:34.592+0200] {logging_mixin.py:188} INFO - [2024-05-09T10:35:34.592+0200] {dag.py:3954} INFO - Setting next_dagrun for tutorial_dag to None, run_after=None
[2024-05-09T10:35:34.613+0200] {processor.py:183} INFO - Processing /home/munya/.local/lib/python3.11/site-packages/airflow/example_dags/tutorial_dag.py took 0.069 seconds
[2024-05-09T10:36:32.538+0200] {processor.py:161} INFO - Started process (PID=150720) to work on /home/munya/.local/lib/python3.11/site-packages/airflow/example_dags/tutorial_dag.py
[2024-05-09T10:36:32.541+0200] {processor.py:830} INFO - Processing file /home/munya/.local/lib/python3.11/site-packages/airflow/example_dags/tutorial_dag.py for tasks to queue
[2024-05-09T10:36:32.543+0200] {logging_mixin.py:188} INFO - [2024-05-09T10:36:32.542+0200] {dagbag.py:540} INFO - Filling up the DagBag from /home/munya/.local/lib/python3.11/site-packages/airflow/example_dags/tutorial_dag.py
[2024-05-09T10:36:32.559+0200] {processor.py:840} INFO - DAG(s) 'tutorial_dag' retrieved from /home/munya/.local/lib/python3.11/site-packages/airflow/example_dags/tutorial_dag.py
[2024-05-09T10:36:32.609+0200] {logging_mixin.py:188} INFO - [2024-05-09T10:36:32.608+0200] {dag.py:3096} INFO - Sync 1 DAGs
[2024-05-09T10:36:32.640+0200] {logging_mixin.py:188} INFO - [2024-05-09T10:36:32.640+0200] {dag.py:3954} INFO - Setting next_dagrun for tutorial_dag to None, run_after=None
[2024-05-09T10:36:32.716+0200] {processor.py:183} INFO - Processing /home/munya/.local/lib/python3.11/site-packages/airflow/example_dags/tutorial_dag.py took 0.208 seconds
[2024-05-09T10:37:29.138+0200] {processor.py:161} INFO - Started process (PID=151473) to work on /home/munya/.local/lib/python3.11/site-packages/airflow/example_dags/tutorial_dag.py
[2024-05-09T10:37:29.138+0200] {processor.py:830} INFO - Processing file /home/munya/.local/lib/python3.11/site-packages/airflow/example_dags/tutorial_dag.py for tasks to queue
[2024-05-09T10:37:29.139+0200] {logging_mixin.py:188} INFO - [2024-05-09T10:37:29.139+0200] {dagbag.py:540} INFO - Filling up the DagBag from /home/munya/.local/lib/python3.11/site-packages/airflow/example_dags/tutorial_dag.py
[2024-05-09T10:37:29.144+0200] {processor.py:840} INFO - DAG(s) 'tutorial_dag' retrieved from /home/munya/.local/lib/python3.11/site-packages/airflow/example_dags/tutorial_dag.py
[2024-05-09T10:37:29.159+0200] {logging_mixin.py:188} INFO - [2024-05-09T10:37:29.159+0200] {dag.py:3096} INFO - Sync 1 DAGs
[2024-05-09T10:37:29.169+0200] {logging_mixin.py:188} INFO - [2024-05-09T10:37:29.169+0200] {dag.py:3954} INFO - Setting next_dagrun for tutorial_dag to None, run_after=None
[2024-05-09T10:37:29.187+0200] {processor.py:183} INFO - Processing /home/munya/.local/lib/python3.11/site-packages/airflow/example_dags/tutorial_dag.py took 0.058 seconds
[2024-05-09T10:38:30.281+0200] {processor.py:161} INFO - Started process (PID=152260) to work on /home/munya/.local/lib/python3.11/site-packages/airflow/example_dags/tutorial_dag.py
[2024-05-09T10:38:30.284+0200] {processor.py:830} INFO - Processing file /home/munya/.local/lib/python3.11/site-packages/airflow/example_dags/tutorial_dag.py for tasks to queue
[2024-05-09T10:38:30.287+0200] {logging_mixin.py:188} INFO - [2024-05-09T10:38:30.285+0200] {dagbag.py:540} INFO - Filling up the DagBag from /home/munya/.local/lib/python3.11/site-packages/airflow/example_dags/tutorial_dag.py
[2024-05-09T10:38:30.302+0200] {processor.py:840} INFO - DAG(s) 'tutorial_dag' retrieved from /home/munya/.local/lib/python3.11/site-packages/airflow/example_dags/tutorial_dag.py
[2024-05-09T10:38:30.348+0200] {logging_mixin.py:188} INFO - [2024-05-09T10:38:30.347+0200] {dag.py:3096} INFO - Sync 1 DAGs
[2024-05-09T10:38:30.381+0200] {logging_mixin.py:188} INFO - [2024-05-09T10:38:30.381+0200] {dag.py:3954} INFO - Setting next_dagrun for tutorial_dag to None, run_after=None
[2024-05-09T10:38:30.449+0200] {processor.py:183} INFO - Processing /home/munya/.local/lib/python3.11/site-packages/airflow/example_dags/tutorial_dag.py took 0.196 seconds
[2024-05-09T10:39:09.561+0200] {processor.py:161} INFO - Started process (PID=152804) to work on /home/munya/.local/lib/python3.11/site-packages/airflow/example_dags/tutorial_dag.py
[2024-05-09T10:39:09.564+0200] {processor.py:830} INFO - Processing file /home/munya/.local/lib/python3.11/site-packages/airflow/example_dags/tutorial_dag.py for tasks to queue
[2024-05-09T10:39:09.566+0200] {logging_mixin.py:188} INFO - [2024-05-09T10:39:09.565+0200] {dagbag.py:540} INFO - Filling up the DagBag from /home/munya/.local/lib/python3.11/site-packages/airflow/example_dags/tutorial_dag.py
[2024-05-09T10:39:09.582+0200] {processor.py:840} INFO - DAG(s) 'tutorial_dag' retrieved from /home/munya/.local/lib/python3.11/site-packages/airflow/example_dags/tutorial_dag.py
[2024-05-09T10:39:09.630+0200] {logging_mixin.py:188} INFO - [2024-05-09T10:39:09.629+0200] {dag.py:3096} INFO - Sync 1 DAGs
[2024-05-09T10:39:09.661+0200] {logging_mixin.py:188} INFO - [2024-05-09T10:39:09.660+0200] {dag.py:3954} INFO - Setting next_dagrun for tutorial_dag to None, run_after=None
[2024-05-09T10:39:09.714+0200] {processor.py:183} INFO - Processing /home/munya/.local/lib/python3.11/site-packages/airflow/example_dags/tutorial_dag.py took 0.182 seconds
[2024-05-09T10:40:12.041+0200] {processor.py:161} INFO - Started process (PID=153606) to work on /home/munya/.local/lib/python3.11/site-packages/airflow/example_dags/tutorial_dag.py
[2024-05-09T10:40:12.043+0200] {processor.py:830} INFO - Processing file /home/munya/.local/lib/python3.11/site-packages/airflow/example_dags/tutorial_dag.py for tasks to queue
[2024-05-09T10:40:12.046+0200] {logging_mixin.py:188} INFO - [2024-05-09T10:40:12.045+0200] {dagbag.py:540} INFO - Filling up the DagBag from /home/munya/.local/lib/python3.11/site-packages/airflow/example_dags/tutorial_dag.py
[2024-05-09T10:40:12.062+0200] {processor.py:840} INFO - DAG(s) 'tutorial_dag' retrieved from /home/munya/.local/lib/python3.11/site-packages/airflow/example_dags/tutorial_dag.py
[2024-05-09T10:40:12.112+0200] {logging_mixin.py:188} INFO - [2024-05-09T10:40:12.112+0200] {dag.py:3096} INFO - Sync 1 DAGs
[2024-05-09T10:40:12.146+0200] {logging_mixin.py:188} INFO - [2024-05-09T10:40:12.145+0200] {dag.py:3954} INFO - Setting next_dagrun for tutorial_dag to None, run_after=None
[2024-05-09T10:40:12.209+0200] {processor.py:183} INFO - Processing /home/munya/.local/lib/python3.11/site-packages/airflow/example_dags/tutorial_dag.py took 0.198 seconds
[2024-05-09T10:41:16.891+0200] {processor.py:161} INFO - Started process (PID=154451) to work on /home/munya/.local/lib/python3.11/site-packages/airflow/example_dags/tutorial_dag.py
[2024-05-09T10:41:16.892+0200] {processor.py:830} INFO - Processing file /home/munya/.local/lib/python3.11/site-packages/airflow/example_dags/tutorial_dag.py for tasks to queue
[2024-05-09T10:41:16.893+0200] {logging_mixin.py:188} INFO - [2024-05-09T10:41:16.893+0200] {dagbag.py:540} INFO - Filling up the DagBag from /home/munya/.local/lib/python3.11/site-packages/airflow/example_dags/tutorial_dag.py
[2024-05-09T10:41:16.899+0200] {processor.py:840} INFO - DAG(s) 'tutorial_dag' retrieved from /home/munya/.local/lib/python3.11/site-packages/airflow/example_dags/tutorial_dag.py
[2024-05-09T10:41:16.915+0200] {logging_mixin.py:188} INFO - [2024-05-09T10:41:16.914+0200] {dag.py:3096} INFO - Sync 1 DAGs
[2024-05-09T10:41:16.925+0200] {logging_mixin.py:188} INFO - [2024-05-09T10:41:16.924+0200] {dag.py:3954} INFO - Setting next_dagrun for tutorial_dag to None, run_after=None
[2024-05-09T10:41:16.942+0200] {processor.py:183} INFO - Processing /home/munya/.local/lib/python3.11/site-packages/airflow/example_dags/tutorial_dag.py took 0.064 seconds
[2024-05-09T10:42:16.203+0200] {processor.py:161} INFO - Started process (PID=155207) to work on /home/munya/.local/lib/python3.11/site-packages/airflow/example_dags/tutorial_dag.py
[2024-05-09T10:42:16.204+0200] {processor.py:830} INFO - Processing file /home/munya/.local/lib/python3.11/site-packages/airflow/example_dags/tutorial_dag.py for tasks to queue
[2024-05-09T10:42:16.204+0200] {logging_mixin.py:188} INFO - [2024-05-09T10:42:16.204+0200] {dagbag.py:540} INFO - Filling up the DagBag from /home/munya/.local/lib/python3.11/site-packages/airflow/example_dags/tutorial_dag.py
[2024-05-09T10:42:16.209+0200] {processor.py:840} INFO - DAG(s) 'tutorial_dag' retrieved from /home/munya/.local/lib/python3.11/site-packages/airflow/example_dags/tutorial_dag.py
[2024-05-09T10:42:16.230+0200] {logging_mixin.py:188} INFO - [2024-05-09T10:42:16.229+0200] {dag.py:3096} INFO - Sync 1 DAGs
[2024-05-09T10:42:16.242+0200] {logging_mixin.py:188} INFO - [2024-05-09T10:42:16.242+0200] {dag.py:3954} INFO - Setting next_dagrun for tutorial_dag to None, run_after=None
[2024-05-09T10:42:16.259+0200] {processor.py:183} INFO - Processing /home/munya/.local/lib/python3.11/site-packages/airflow/example_dags/tutorial_dag.py took 0.064 seconds
[2024-05-09T10:43:21.748+0200] {processor.py:161} INFO - Started process (PID=156051) to work on /home/munya/.local/lib/python3.11/site-packages/airflow/example_dags/tutorial_dag.py
[2024-05-09T10:43:21.749+0200] {processor.py:830} INFO - Processing file /home/munya/.local/lib/python3.11/site-packages/airflow/example_dags/tutorial_dag.py for tasks to queue
[2024-05-09T10:43:21.750+0200] {logging_mixin.py:188} INFO - [2024-05-09T10:43:21.750+0200] {dagbag.py:540} INFO - Filling up the DagBag from /home/munya/.local/lib/python3.11/site-packages/airflow/example_dags/tutorial_dag.py
[2024-05-09T10:43:21.754+0200] {processor.py:840} INFO - DAG(s) 'tutorial_dag' retrieved from /home/munya/.local/lib/python3.11/site-packages/airflow/example_dags/tutorial_dag.py
[2024-05-09T10:43:21.767+0200] {logging_mixin.py:188} INFO - [2024-05-09T10:43:21.767+0200] {dag.py:3096} INFO - Sync 1 DAGs
[2024-05-09T10:43:21.775+0200] {logging_mixin.py:188} INFO - [2024-05-09T10:43:21.775+0200] {dag.py:3954} INFO - Setting next_dagrun for tutorial_dag to None, run_after=None
[2024-05-09T10:43:21.790+0200] {processor.py:183} INFO - Processing /home/munya/.local/lib/python3.11/site-packages/airflow/example_dags/tutorial_dag.py took 0.050 seconds
[2024-05-09T10:44:28.029+0200] {processor.py:161} INFO - Started process (PID=156927) to work on /home/munya/.local/lib/python3.11/site-packages/airflow/example_dags/tutorial_dag.py
[2024-05-09T10:44:28.032+0200] {processor.py:830} INFO - Processing file /home/munya/.local/lib/python3.11/site-packages/airflow/example_dags/tutorial_dag.py for tasks to queue
[2024-05-09T10:44:28.035+0200] {logging_mixin.py:188} INFO - [2024-05-09T10:44:28.033+0200] {dagbag.py:540} INFO - Filling up the DagBag from /home/munya/.local/lib/python3.11/site-packages/airflow/example_dags/tutorial_dag.py
[2024-05-09T10:44:28.050+0200] {processor.py:840} INFO - DAG(s) 'tutorial_dag' retrieved from /home/munya/.local/lib/python3.11/site-packages/airflow/example_dags/tutorial_dag.py
[2024-05-09T10:44:28.107+0200] {logging_mixin.py:188} INFO - [2024-05-09T10:44:28.106+0200] {dag.py:3096} INFO - Sync 1 DAGs
[2024-05-09T10:44:28.146+0200] {logging_mixin.py:188} INFO - [2024-05-09T10:44:28.145+0200] {dag.py:3954} INFO - Setting next_dagrun for tutorial_dag to None, run_after=None
[2024-05-09T10:44:28.201+0200] {processor.py:183} INFO - Processing /home/munya/.local/lib/python3.11/site-packages/airflow/example_dags/tutorial_dag.py took 0.202 seconds
[2024-05-09T10:45:31.319+0200] {processor.py:161} INFO - Started process (PID=157741) to work on /home/munya/.local/lib/python3.11/site-packages/airflow/example_dags/tutorial_dag.py
[2024-05-09T10:45:31.320+0200] {processor.py:830} INFO - Processing file /home/munya/.local/lib/python3.11/site-packages/airflow/example_dags/tutorial_dag.py for tasks to queue
[2024-05-09T10:45:31.321+0200] {logging_mixin.py:188} INFO - [2024-05-09T10:45:31.321+0200] {dagbag.py:540} INFO - Filling up the DagBag from /home/munya/.local/lib/python3.11/site-packages/airflow/example_dags/tutorial_dag.py
[2024-05-09T10:45:31.326+0200] {processor.py:840} INFO - DAG(s) 'tutorial_dag' retrieved from /home/munya/.local/lib/python3.11/site-packages/airflow/example_dags/tutorial_dag.py
[2024-05-09T10:45:31.340+0200] {logging_mixin.py:188} INFO - [2024-05-09T10:45:31.339+0200] {dag.py:3096} INFO - Sync 1 DAGs
[2024-05-09T10:45:31.350+0200] {logging_mixin.py:188} INFO - [2024-05-09T10:45:31.349+0200] {dag.py:3954} INFO - Setting next_dagrun for tutorial_dag to None, run_after=None
[2024-05-09T10:45:31.367+0200] {processor.py:183} INFO - Processing /home/munya/.local/lib/python3.11/site-packages/airflow/example_dags/tutorial_dag.py took 0.057 seconds
[2024-05-09T10:46:38.690+0200] {processor.py:161} INFO - Started process (PID=158637) to work on /home/munya/.local/lib/python3.11/site-packages/airflow/example_dags/tutorial_dag.py
[2024-05-09T10:46:38.692+0200] {processor.py:830} INFO - Processing file /home/munya/.local/lib/python3.11/site-packages/airflow/example_dags/tutorial_dag.py for tasks to queue
[2024-05-09T10:46:38.695+0200] {logging_mixin.py:188} INFO - [2024-05-09T10:46:38.694+0200] {dagbag.py:540} INFO - Filling up the DagBag from /home/munya/.local/lib/python3.11/site-packages/airflow/example_dags/tutorial_dag.py
[2024-05-09T10:46:38.711+0200] {processor.py:840} INFO - DAG(s) 'tutorial_dag' retrieved from /home/munya/.local/lib/python3.11/site-packages/airflow/example_dags/tutorial_dag.py
[2024-05-09T10:46:38.760+0200] {logging_mixin.py:188} INFO - [2024-05-09T10:46:38.759+0200] {dag.py:3096} INFO - Sync 1 DAGs
[2024-05-09T10:46:38.795+0200] {logging_mixin.py:188} INFO - [2024-05-09T10:46:38.794+0200] {dag.py:3954} INFO - Setting next_dagrun for tutorial_dag to None, run_after=None
[2024-05-09T10:46:38.858+0200] {processor.py:183} INFO - Processing /home/munya/.local/lib/python3.11/site-packages/airflow/example_dags/tutorial_dag.py took 0.199 seconds
[2024-05-09T10:47:39.513+0200] {processor.py:161} INFO - Started process (PID=159404) to work on /home/munya/.local/lib/python3.11/site-packages/airflow/example_dags/tutorial_dag.py
[2024-05-09T10:47:39.514+0200] {processor.py:830} INFO - Processing file /home/munya/.local/lib/python3.11/site-packages/airflow/example_dags/tutorial_dag.py for tasks to queue
[2024-05-09T10:47:39.515+0200] {logging_mixin.py:188} INFO - [2024-05-09T10:47:39.514+0200] {dagbag.py:540} INFO - Filling up the DagBag from /home/munya/.local/lib/python3.11/site-packages/airflow/example_dags/tutorial_dag.py
[2024-05-09T10:47:39.519+0200] {processor.py:840} INFO - DAG(s) 'tutorial_dag' retrieved from /home/munya/.local/lib/python3.11/site-packages/airflow/example_dags/tutorial_dag.py
[2024-05-09T10:47:39.533+0200] {logging_mixin.py:188} INFO - [2024-05-09T10:47:39.533+0200] {dag.py:3096} INFO - Sync 1 DAGs
[2024-05-09T10:47:39.544+0200] {logging_mixin.py:188} INFO - [2024-05-09T10:47:39.544+0200] {dag.py:3954} INFO - Setting next_dagrun for tutorial_dag to None, run_after=None
[2024-05-09T10:47:39.563+0200] {processor.py:183} INFO - Processing /home/munya/.local/lib/python3.11/site-packages/airflow/example_dags/tutorial_dag.py took 0.058 seconds
[2024-05-09T10:48:42.546+0200] {processor.py:161} INFO - Started process (PID=160230) to work on /home/munya/.local/lib/python3.11/site-packages/airflow/example_dags/tutorial_dag.py
[2024-05-09T10:48:42.549+0200] {processor.py:830} INFO - Processing file /home/munya/.local/lib/python3.11/site-packages/airflow/example_dags/tutorial_dag.py for tasks to queue
[2024-05-09T10:48:42.551+0200] {logging_mixin.py:188} INFO - [2024-05-09T10:48:42.550+0200] {dagbag.py:540} INFO - Filling up the DagBag from /home/munya/.local/lib/python3.11/site-packages/airflow/example_dags/tutorial_dag.py
[2024-05-09T10:48:42.568+0200] {processor.py:840} INFO - DAG(s) 'tutorial_dag' retrieved from /home/munya/.local/lib/python3.11/site-packages/airflow/example_dags/tutorial_dag.py
[2024-05-09T10:48:42.616+0200] {logging_mixin.py:188} INFO - [2024-05-09T10:48:42.615+0200] {dag.py:3096} INFO - Sync 1 DAGs
[2024-05-09T10:48:42.651+0200] {logging_mixin.py:188} INFO - [2024-05-09T10:48:42.651+0200] {dag.py:3954} INFO - Setting next_dagrun for tutorial_dag to None, run_after=None
[2024-05-09T10:48:42.716+0200] {processor.py:183} INFO - Processing /home/munya/.local/lib/python3.11/site-packages/airflow/example_dags/tutorial_dag.py took 0.217 seconds
[2024-05-09T10:49:44.559+0200] {processor.py:161} INFO - Started process (PID=161028) to work on /home/munya/.local/lib/python3.11/site-packages/airflow/example_dags/tutorial_dag.py
[2024-05-09T10:49:44.560+0200] {processor.py:830} INFO - Processing file /home/munya/.local/lib/python3.11/site-packages/airflow/example_dags/tutorial_dag.py for tasks to queue
[2024-05-09T10:49:44.561+0200] {logging_mixin.py:188} INFO - [2024-05-09T10:49:44.560+0200] {dagbag.py:540} INFO - Filling up the DagBag from /home/munya/.local/lib/python3.11/site-packages/airflow/example_dags/tutorial_dag.py
[2024-05-09T10:49:44.565+0200] {processor.py:840} INFO - DAG(s) 'tutorial_dag' retrieved from /home/munya/.local/lib/python3.11/site-packages/airflow/example_dags/tutorial_dag.py
[2024-05-09T10:49:44.577+0200] {logging_mixin.py:188} INFO - [2024-05-09T10:49:44.577+0200] {dag.py:3096} INFO - Sync 1 DAGs
[2024-05-09T10:49:44.588+0200] {logging_mixin.py:188} INFO - [2024-05-09T10:49:44.588+0200] {dag.py:3954} INFO - Setting next_dagrun for tutorial_dag to None, run_after=None
[2024-05-09T10:49:44.604+0200] {processor.py:183} INFO - Processing /home/munya/.local/lib/python3.11/site-packages/airflow/example_dags/tutorial_dag.py took 0.052 seconds
[2024-05-09T10:50:48.991+0200] {processor.py:161} INFO - Started process (PID=161871) to work on /home/munya/.local/lib/python3.11/site-packages/airflow/example_dags/tutorial_dag.py
[2024-05-09T10:50:48.992+0200] {processor.py:830} INFO - Processing file /home/munya/.local/lib/python3.11/site-packages/airflow/example_dags/tutorial_dag.py for tasks to queue
[2024-05-09T10:50:48.993+0200] {logging_mixin.py:188} INFO - [2024-05-09T10:50:48.993+0200] {dagbag.py:540} INFO - Filling up the DagBag from /home/munya/.local/lib/python3.11/site-packages/airflow/example_dags/tutorial_dag.py
[2024-05-09T10:50:48.999+0200] {processor.py:840} INFO - DAG(s) 'tutorial_dag' retrieved from /home/munya/.local/lib/python3.11/site-packages/airflow/example_dags/tutorial_dag.py
[2024-05-09T10:50:49.016+0200] {logging_mixin.py:188} INFO - [2024-05-09T10:50:49.015+0200] {dag.py:3096} INFO - Sync 1 DAGs
[2024-05-09T10:50:49.028+0200] {logging_mixin.py:188} INFO - [2024-05-09T10:50:49.027+0200] {dag.py:3954} INFO - Setting next_dagrun for tutorial_dag to None, run_after=None
[2024-05-09T10:50:49.049+0200] {processor.py:183} INFO - Processing /home/munya/.local/lib/python3.11/site-packages/airflow/example_dags/tutorial_dag.py took 0.069 seconds
[2024-05-09T10:51:53.933+0200] {processor.py:161} INFO - Started process (PID=162728) to work on /home/munya/.local/lib/python3.11/site-packages/airflow/example_dags/tutorial_dag.py
[2024-05-09T10:51:53.941+0200] {processor.py:830} INFO - Processing file /home/munya/.local/lib/python3.11/site-packages/airflow/example_dags/tutorial_dag.py for tasks to queue
[2024-05-09T10:51:53.945+0200] {logging_mixin.py:188} INFO - [2024-05-09T10:51:53.943+0200] {dagbag.py:540} INFO - Filling up the DagBag from /home/munya/.local/lib/python3.11/site-packages/airflow/example_dags/tutorial_dag.py
[2024-05-09T10:51:53.967+0200] {processor.py:840} INFO - DAG(s) 'tutorial_dag' retrieved from /home/munya/.local/lib/python3.11/site-packages/airflow/example_dags/tutorial_dag.py
[2024-05-09T10:51:54.023+0200] {logging_mixin.py:188} INFO - [2024-05-09T10:51:54.022+0200] {dag.py:3096} INFO - Sync 1 DAGs
[2024-05-09T10:51:54.058+0200] {logging_mixin.py:188} INFO - [2024-05-09T10:51:54.058+0200] {dag.py:3954} INFO - Setting next_dagrun for tutorial_dag to None, run_after=None
[2024-05-09T10:51:54.115+0200] {processor.py:183} INFO - Processing /home/munya/.local/lib/python3.11/site-packages/airflow/example_dags/tutorial_dag.py took 0.239 seconds
[2024-05-09T10:52:55.634+0200] {processor.py:161} INFO - Started process (PID=163526) to work on /home/munya/.local/lib/python3.11/site-packages/airflow/example_dags/tutorial_dag.py
[2024-05-09T10:52:55.636+0200] {processor.py:830} INFO - Processing file /home/munya/.local/lib/python3.11/site-packages/airflow/example_dags/tutorial_dag.py for tasks to queue
[2024-05-09T10:52:55.639+0200] {logging_mixin.py:188} INFO - [2024-05-09T10:52:55.638+0200] {dagbag.py:540} INFO - Filling up the DagBag from /home/munya/.local/lib/python3.11/site-packages/airflow/example_dags/tutorial_dag.py
[2024-05-09T10:52:55.655+0200] {processor.py:840} INFO - DAG(s) 'tutorial_dag' retrieved from /home/munya/.local/lib/python3.11/site-packages/airflow/example_dags/tutorial_dag.py
[2024-05-09T10:52:55.702+0200] {logging_mixin.py:188} INFO - [2024-05-09T10:52:55.702+0200] {dag.py:3096} INFO - Sync 1 DAGs
[2024-05-09T10:52:55.734+0200] {logging_mixin.py:188} INFO - [2024-05-09T10:52:55.733+0200] {dag.py:3954} INFO - Setting next_dagrun for tutorial_dag to None, run_after=None
[2024-05-09T10:52:55.788+0200] {processor.py:183} INFO - Processing /home/munya/.local/lib/python3.11/site-packages/airflow/example_dags/tutorial_dag.py took 0.188 seconds
[2024-05-09T10:54:03.143+0200] {processor.py:161} INFO - Started process (PID=164376) to work on /home/munya/.local/lib/python3.11/site-packages/airflow/example_dags/tutorial_dag.py
[2024-05-09T10:54:03.144+0200] {processor.py:830} INFO - Processing file /home/munya/.local/lib/python3.11/site-packages/airflow/example_dags/tutorial_dag.py for tasks to queue
[2024-05-09T10:54:03.144+0200] {logging_mixin.py:188} INFO - [2024-05-09T10:54:03.144+0200] {dagbag.py:540} INFO - Filling up the DagBag from /home/munya/.local/lib/python3.11/site-packages/airflow/example_dags/tutorial_dag.py
[2024-05-09T10:54:03.148+0200] {processor.py:840} INFO - DAG(s) 'tutorial_dag' retrieved from /home/munya/.local/lib/python3.11/site-packages/airflow/example_dags/tutorial_dag.py
[2024-05-09T10:54:03.162+0200] {logging_mixin.py:188} INFO - [2024-05-09T10:54:03.162+0200] {dag.py:3096} INFO - Sync 1 DAGs
[2024-05-09T10:54:03.171+0200] {logging_mixin.py:188} INFO - [2024-05-09T10:54:03.171+0200] {dag.py:3954} INFO - Setting next_dagrun for tutorial_dag to None, run_after=None
[2024-05-09T10:54:03.187+0200] {processor.py:183} INFO - Processing /home/munya/.local/lib/python3.11/site-packages/airflow/example_dags/tutorial_dag.py took 0.052 seconds
[2024-05-09T10:55:14.718+0200] {processor.py:161} INFO - Started process (PID=165303) to work on /home/munya/.local/lib/python3.11/site-packages/airflow/example_dags/tutorial_dag.py
[2024-05-09T10:55:14.723+0200] {processor.py:830} INFO - Processing file /home/munya/.local/lib/python3.11/site-packages/airflow/example_dags/tutorial_dag.py for tasks to queue
[2024-05-09T10:55:14.724+0200] {logging_mixin.py:188} INFO - [2024-05-09T10:55:14.724+0200] {dagbag.py:540} INFO - Filling up the DagBag from /home/munya/.local/lib/python3.11/site-packages/airflow/example_dags/tutorial_dag.py
[2024-05-09T10:55:14.728+0200] {processor.py:840} INFO - DAG(s) 'tutorial_dag' retrieved from /home/munya/.local/lib/python3.11/site-packages/airflow/example_dags/tutorial_dag.py
[2024-05-09T10:55:14.741+0200] {logging_mixin.py:188} INFO - [2024-05-09T10:55:14.741+0200] {dag.py:3096} INFO - Sync 1 DAGs
[2024-05-09T10:55:14.749+0200] {logging_mixin.py:188} INFO - [2024-05-09T10:55:14.749+0200] {dag.py:3954} INFO - Setting next_dagrun for tutorial_dag to None, run_after=None
[2024-05-09T10:55:14.934+0200] {processor.py:183} INFO - Processing /home/munya/.local/lib/python3.11/site-packages/airflow/example_dags/tutorial_dag.py took 0.224 seconds
[2024-05-09T10:56:00.278+0200] {processor.py:161} INFO - Started process (PID=165890) to work on /home/munya/.local/lib/python3.11/site-packages/airflow/example_dags/tutorial_dag.py
[2024-05-09T10:56:00.329+0200] {processor.py:830} INFO - Processing file /home/munya/.local/lib/python3.11/site-packages/airflow/example_dags/tutorial_dag.py for tasks to queue
[2024-05-09T10:56:00.330+0200] {logging_mixin.py:188} INFO - [2024-05-09T10:56:00.329+0200] {dagbag.py:540} INFO - Filling up the DagBag from /home/munya/.local/lib/python3.11/site-packages/airflow/example_dags/tutorial_dag.py
[2024-05-09T10:56:00.334+0200] {processor.py:840} INFO - DAG(s) 'tutorial_dag' retrieved from /home/munya/.local/lib/python3.11/site-packages/airflow/example_dags/tutorial_dag.py
[2024-05-09T10:56:00.348+0200] {logging_mixin.py:188} INFO - [2024-05-09T10:56:00.348+0200] {dag.py:3096} INFO - Sync 1 DAGs
[2024-05-09T10:56:00.357+0200] {logging_mixin.py:188} INFO - [2024-05-09T10:56:00.357+0200] {dag.py:3954} INFO - Setting next_dagrun for tutorial_dag to None, run_after=None
[2024-05-09T10:56:00.628+0200] {processor.py:183} INFO - Processing /home/munya/.local/lib/python3.11/site-packages/airflow/example_dags/tutorial_dag.py took 0.360 seconds
[2024-05-09T10:56:41.107+0200] {processor.py:161} INFO - Started process (PID=166392) to work on /home/munya/.local/lib/python3.11/site-packages/airflow/example_dags/tutorial_dag.py
[2024-05-09T10:56:41.108+0200] {processor.py:830} INFO - Processing file /home/munya/.local/lib/python3.11/site-packages/airflow/example_dags/tutorial_dag.py for tasks to queue
[2024-05-09T10:56:41.109+0200] {logging_mixin.py:188} INFO - [2024-05-09T10:56:41.109+0200] {dagbag.py:540} INFO - Filling up the DagBag from /home/munya/.local/lib/python3.11/site-packages/airflow/example_dags/tutorial_dag.py
[2024-05-09T10:56:41.113+0200] {processor.py:840} INFO - DAG(s) 'tutorial_dag' retrieved from /home/munya/.local/lib/python3.11/site-packages/airflow/example_dags/tutorial_dag.py
[2024-05-09T10:56:41.126+0200] {logging_mixin.py:188} INFO - [2024-05-09T10:56:41.125+0200] {dag.py:3096} INFO - Sync 1 DAGs
[2024-05-09T10:56:41.134+0200] {logging_mixin.py:188} INFO - [2024-05-09T10:56:41.133+0200] {dag.py:3954} INFO - Setting next_dagrun for tutorial_dag to None, run_after=None
[2024-05-09T10:56:41.150+0200] {processor.py:183} INFO - Processing /home/munya/.local/lib/python3.11/site-packages/airflow/example_dags/tutorial_dag.py took 0.052 seconds
[2024-05-09T10:57:41.728+0200] {processor.py:161} INFO - Started process (PID=167173) to work on /home/munya/.local/lib/python3.11/site-packages/airflow/example_dags/tutorial_dag.py
[2024-05-09T10:57:41.731+0200] {processor.py:830} INFO - Processing file /home/munya/.local/lib/python3.11/site-packages/airflow/example_dags/tutorial_dag.py for tasks to queue
[2024-05-09T10:57:41.734+0200] {logging_mixin.py:188} INFO - [2024-05-09T10:57:41.733+0200] {dagbag.py:540} INFO - Filling up the DagBag from /home/munya/.local/lib/python3.11/site-packages/airflow/example_dags/tutorial_dag.py
[2024-05-09T10:57:41.751+0200] {processor.py:840} INFO - DAG(s) 'tutorial_dag' retrieved from /home/munya/.local/lib/python3.11/site-packages/airflow/example_dags/tutorial_dag.py
[2024-05-09T10:57:41.800+0200] {logging_mixin.py:188} INFO - [2024-05-09T10:57:41.799+0200] {dag.py:3096} INFO - Sync 1 DAGs
[2024-05-09T10:57:41.834+0200] {logging_mixin.py:188} INFO - [2024-05-09T10:57:41.834+0200] {dag.py:3954} INFO - Setting next_dagrun for tutorial_dag to None, run_after=None
[2024-05-09T10:57:41.888+0200] {processor.py:183} INFO - Processing /home/munya/.local/lib/python3.11/site-packages/airflow/example_dags/tutorial_dag.py took 0.191 seconds
[2024-05-09T10:58:40.291+0200] {processor.py:161} INFO - Started process (PID=167964) to work on /home/munya/.local/lib/python3.11/site-packages/airflow/example_dags/tutorial_dag.py
[2024-05-09T10:58:40.292+0200] {processor.py:830} INFO - Processing file /home/munya/.local/lib/python3.11/site-packages/airflow/example_dags/tutorial_dag.py for tasks to queue
[2024-05-09T10:58:40.293+0200] {logging_mixin.py:188} INFO - [2024-05-09T10:58:40.292+0200] {dagbag.py:540} INFO - Filling up the DagBag from /home/munya/.local/lib/python3.11/site-packages/airflow/example_dags/tutorial_dag.py
[2024-05-09T10:58:40.297+0200] {processor.py:840} INFO - DAG(s) 'tutorial_dag' retrieved from /home/munya/.local/lib/python3.11/site-packages/airflow/example_dags/tutorial_dag.py
[2024-05-09T10:58:40.313+0200] {logging_mixin.py:188} INFO - [2024-05-09T10:58:40.312+0200] {dag.py:3096} INFO - Sync 1 DAGs
[2024-05-09T10:58:40.322+0200] {logging_mixin.py:188} INFO - [2024-05-09T10:58:40.322+0200] {dag.py:3954} INFO - Setting next_dagrun for tutorial_dag to None, run_after=None
[2024-05-09T10:58:40.339+0200] {processor.py:183} INFO - Processing /home/munya/.local/lib/python3.11/site-packages/airflow/example_dags/tutorial_dag.py took 0.055 seconds
[2024-05-09T10:59:39.280+0200] {processor.py:161} INFO - Started process (PID=168711) to work on /home/munya/.local/lib/python3.11/site-packages/airflow/example_dags/tutorial_dag.py
[2024-05-09T10:59:39.283+0200] {processor.py:830} INFO - Processing file /home/munya/.local/lib/python3.11/site-packages/airflow/example_dags/tutorial_dag.py for tasks to queue
[2024-05-09T10:59:39.286+0200] {logging_mixin.py:188} INFO - [2024-05-09T10:59:39.285+0200] {dagbag.py:540} INFO - Filling up the DagBag from /home/munya/.local/lib/python3.11/site-packages/airflow/example_dags/tutorial_dag.py
[2024-05-09T10:59:39.306+0200] {processor.py:840} INFO - DAG(s) 'tutorial_dag' retrieved from /home/munya/.local/lib/python3.11/site-packages/airflow/example_dags/tutorial_dag.py
[2024-05-09T10:59:39.364+0200] {logging_mixin.py:188} INFO - [2024-05-09T10:59:39.364+0200] {dag.py:3096} INFO - Sync 1 DAGs
[2024-05-09T10:59:39.397+0200] {logging_mixin.py:188} INFO - [2024-05-09T10:59:39.397+0200] {dag.py:3954} INFO - Setting next_dagrun for tutorial_dag to None, run_after=None
[2024-05-09T10:59:39.454+0200] {processor.py:183} INFO - Processing /home/munya/.local/lib/python3.11/site-packages/airflow/example_dags/tutorial_dag.py took 0.214 seconds
[2024-05-09T11:00:30.502+0200] {processor.py:161} INFO - Started process (PID=169404) to work on /home/munya/.local/lib/python3.11/site-packages/airflow/example_dags/tutorial_dag.py
[2024-05-09T11:00:30.503+0200] {processor.py:830} INFO - Processing file /home/munya/.local/lib/python3.11/site-packages/airflow/example_dags/tutorial_dag.py for tasks to queue
[2024-05-09T11:00:30.504+0200] {logging_mixin.py:188} INFO - [2024-05-09T11:00:30.503+0200] {dagbag.py:540} INFO - Filling up the DagBag from /home/munya/.local/lib/python3.11/site-packages/airflow/example_dags/tutorial_dag.py
[2024-05-09T11:00:30.510+0200] {processor.py:840} INFO - DAG(s) 'tutorial_dag' retrieved from /home/munya/.local/lib/python3.11/site-packages/airflow/example_dags/tutorial_dag.py
[2024-05-09T11:00:30.527+0200] {logging_mixin.py:188} INFO - [2024-05-09T11:00:30.527+0200] {dag.py:3096} INFO - Sync 1 DAGs
[2024-05-09T11:00:30.539+0200] {logging_mixin.py:188} INFO - [2024-05-09T11:00:30.539+0200] {dag.py:3954} INFO - Setting next_dagrun for tutorial_dag to None, run_after=None
[2024-05-09T11:00:30.559+0200] {processor.py:183} INFO - Processing /home/munya/.local/lib/python3.11/site-packages/airflow/example_dags/tutorial_dag.py took 0.068 seconds
[2024-05-09T11:01:19.790+0200] {processor.py:161} INFO - Started process (PID=170031) to work on /home/munya/.local/lib/python3.11/site-packages/airflow/example_dags/tutorial_dag.py
[2024-05-09T11:01:19.791+0200] {processor.py:830} INFO - Processing file /home/munya/.local/lib/python3.11/site-packages/airflow/example_dags/tutorial_dag.py for tasks to queue
[2024-05-09T11:01:19.792+0200] {logging_mixin.py:188} INFO - [2024-05-09T11:01:19.792+0200] {dagbag.py:540} INFO - Filling up the DagBag from /home/munya/.local/lib/python3.11/site-packages/airflow/example_dags/tutorial_dag.py
[2024-05-09T11:01:19.796+0200] {processor.py:840} INFO - DAG(s) 'tutorial_dag' retrieved from /home/munya/.local/lib/python3.11/site-packages/airflow/example_dags/tutorial_dag.py
[2024-05-09T11:01:19.809+0200] {logging_mixin.py:188} INFO - [2024-05-09T11:01:19.809+0200] {dag.py:3096} INFO - Sync 1 DAGs
[2024-05-09T11:01:19.817+0200] {logging_mixin.py:188} INFO - [2024-05-09T11:01:19.817+0200] {dag.py:3954} INFO - Setting next_dagrun for tutorial_dag to None, run_after=None
[2024-05-09T11:01:19.835+0200] {processor.py:183} INFO - Processing /home/munya/.local/lib/python3.11/site-packages/airflow/example_dags/tutorial_dag.py took 0.052 seconds
[2024-05-09T11:02:14.561+0200] {processor.py:161} INFO - Started process (PID=170800) to work on /home/munya/.local/lib/python3.11/site-packages/airflow/example_dags/tutorial_dag.py
[2024-05-09T11:02:14.562+0200] {processor.py:830} INFO - Processing file /home/munya/.local/lib/python3.11/site-packages/airflow/example_dags/tutorial_dag.py for tasks to queue
[2024-05-09T11:02:14.563+0200] {logging_mixin.py:188} INFO - [2024-05-09T11:02:14.562+0200] {dagbag.py:540} INFO - Filling up the DagBag from /home/munya/.local/lib/python3.11/site-packages/airflow/example_dags/tutorial_dag.py
[2024-05-09T11:02:14.567+0200] {processor.py:840} INFO - DAG(s) 'tutorial_dag' retrieved from /home/munya/.local/lib/python3.11/site-packages/airflow/example_dags/tutorial_dag.py
[2024-05-09T11:02:14.580+0200] {logging_mixin.py:188} INFO - [2024-05-09T11:02:14.580+0200] {dag.py:3096} INFO - Sync 1 DAGs
[2024-05-09T11:02:14.590+0200] {logging_mixin.py:188} INFO - [2024-05-09T11:02:14.590+0200] {dag.py:3954} INFO - Setting next_dagrun for tutorial_dag to None, run_after=None
[2024-05-09T11:02:14.605+0200] {processor.py:183} INFO - Processing /home/munya/.local/lib/python3.11/site-packages/airflow/example_dags/tutorial_dag.py took 0.052 seconds
[2024-05-09T11:03:14.796+0200] {processor.py:161} INFO - Started process (PID=171566) to work on /home/munya/.local/lib/python3.11/site-packages/airflow/example_dags/tutorial_dag.py
[2024-05-09T11:03:14.799+0200] {processor.py:830} INFO - Processing file /home/munya/.local/lib/python3.11/site-packages/airflow/example_dags/tutorial_dag.py for tasks to queue
[2024-05-09T11:03:14.802+0200] {logging_mixin.py:188} INFO - [2024-05-09T11:03:14.800+0200] {dagbag.py:540} INFO - Filling up the DagBag from /home/munya/.local/lib/python3.11/site-packages/airflow/example_dags/tutorial_dag.py
[2024-05-09T11:03:14.818+0200] {processor.py:840} INFO - DAG(s) 'tutorial_dag' retrieved from /home/munya/.local/lib/python3.11/site-packages/airflow/example_dags/tutorial_dag.py
[2024-05-09T11:03:14.866+0200] {logging_mixin.py:188} INFO - [2024-05-09T11:03:14.865+0200] {dag.py:3096} INFO - Sync 1 DAGs
[2024-05-09T11:03:14.898+0200] {logging_mixin.py:188} INFO - [2024-05-09T11:03:14.897+0200] {dag.py:3954} INFO - Setting next_dagrun for tutorial_dag to None, run_after=None
[2024-05-09T11:03:14.952+0200] {processor.py:183} INFO - Processing /home/munya/.local/lib/python3.11/site-packages/airflow/example_dags/tutorial_dag.py took 0.186 seconds
[2024-05-09T11:04:10.451+0200] {processor.py:161} INFO - Started process (PID=172297) to work on /home/munya/.local/lib/python3.11/site-packages/airflow/example_dags/tutorial_dag.py
[2024-05-09T11:04:10.452+0200] {processor.py:830} INFO - Processing file /home/munya/.local/lib/python3.11/site-packages/airflow/example_dags/tutorial_dag.py for tasks to queue
[2024-05-09T11:04:10.452+0200] {logging_mixin.py:188} INFO - [2024-05-09T11:04:10.452+0200] {dagbag.py:540} INFO - Filling up the DagBag from /home/munya/.local/lib/python3.11/site-packages/airflow/example_dags/tutorial_dag.py
[2024-05-09T11:04:10.456+0200] {processor.py:840} INFO - DAG(s) 'tutorial_dag' retrieved from /home/munya/.local/lib/python3.11/site-packages/airflow/example_dags/tutorial_dag.py
[2024-05-09T11:04:10.469+0200] {logging_mixin.py:188} INFO - [2024-05-09T11:04:10.469+0200] {dag.py:3096} INFO - Sync 1 DAGs
[2024-05-09T11:04:10.477+0200] {logging_mixin.py:188} INFO - [2024-05-09T11:04:10.477+0200] {dag.py:3954} INFO - Setting next_dagrun for tutorial_dag to None, run_after=None
[2024-05-09T11:04:10.495+0200] {processor.py:183} INFO - Processing /home/munya/.local/lib/python3.11/site-packages/airflow/example_dags/tutorial_dag.py took 0.052 seconds
[2024-05-09T11:05:02.252+0200] {processor.py:161} INFO - Started process (PID=173007) to work on /home/munya/.local/lib/python3.11/site-packages/airflow/example_dags/tutorial_dag.py
[2024-05-09T11:05:02.255+0200] {processor.py:830} INFO - Processing file /home/munya/.local/lib/python3.11/site-packages/airflow/example_dags/tutorial_dag.py for tasks to queue
[2024-05-09T11:05:02.259+0200] {logging_mixin.py:188} INFO - [2024-05-09T11:05:02.257+0200] {dagbag.py:540} INFO - Filling up the DagBag from /home/munya/.local/lib/python3.11/site-packages/airflow/example_dags/tutorial_dag.py
[2024-05-09T11:05:02.280+0200] {processor.py:840} INFO - DAG(s) 'tutorial_dag' retrieved from /home/munya/.local/lib/python3.11/site-packages/airflow/example_dags/tutorial_dag.py
[2024-05-09T11:05:02.343+0200] {logging_mixin.py:188} INFO - [2024-05-09T11:05:02.342+0200] {dag.py:3096} INFO - Sync 1 DAGs
[2024-05-09T11:05:02.387+0200] {logging_mixin.py:188} INFO - [2024-05-09T11:05:02.387+0200] {dag.py:3954} INFO - Setting next_dagrun for tutorial_dag to None, run_after=None
[2024-05-09T11:05:02.461+0200] {processor.py:183} INFO - Processing /home/munya/.local/lib/python3.11/site-packages/airflow/example_dags/tutorial_dag.py took 0.251 seconds
[2024-05-09T11:06:03.360+0200] {processor.py:161} INFO - Started process (PID=173790) to work on /home/munya/.local/lib/python3.11/site-packages/airflow/example_dags/tutorial_dag.py
[2024-05-09T11:06:03.361+0200] {processor.py:830} INFO - Processing file /home/munya/.local/lib/python3.11/site-packages/airflow/example_dags/tutorial_dag.py for tasks to queue
[2024-05-09T11:06:03.361+0200] {logging_mixin.py:188} INFO - [2024-05-09T11:06:03.361+0200] {dagbag.py:540} INFO - Filling up the DagBag from /home/munya/.local/lib/python3.11/site-packages/airflow/example_dags/tutorial_dag.py
[2024-05-09T11:06:03.366+0200] {processor.py:840} INFO - DAG(s) 'tutorial_dag' retrieved from /home/munya/.local/lib/python3.11/site-packages/airflow/example_dags/tutorial_dag.py
[2024-05-09T11:06:03.378+0200] {logging_mixin.py:188} INFO - [2024-05-09T11:06:03.378+0200] {dag.py:3096} INFO - Sync 1 DAGs
[2024-05-09T11:06:03.387+0200] {logging_mixin.py:188} INFO - [2024-05-09T11:06:03.387+0200] {dag.py:3954} INFO - Setting next_dagrun for tutorial_dag to None, run_after=None
[2024-05-09T11:06:03.402+0200] {processor.py:183} INFO - Processing /home/munya/.local/lib/python3.11/site-packages/airflow/example_dags/tutorial_dag.py took 0.051 seconds
[2024-05-09T11:07:10.994+0200] {processor.py:161} INFO - Started process (PID=174666) to work on /home/munya/.local/lib/python3.11/site-packages/airflow/example_dags/tutorial_dag.py
[2024-05-09T11:07:10.995+0200] {processor.py:830} INFO - Processing file /home/munya/.local/lib/python3.11/site-packages/airflow/example_dags/tutorial_dag.py for tasks to queue
[2024-05-09T11:07:10.996+0200] {logging_mixin.py:188} INFO - [2024-05-09T11:07:10.996+0200] {dagbag.py:540} INFO - Filling up the DagBag from /home/munya/.local/lib/python3.11/site-packages/airflow/example_dags/tutorial_dag.py
[2024-05-09T11:07:11.001+0200] {processor.py:840} INFO - DAG(s) 'tutorial_dag' retrieved from /home/munya/.local/lib/python3.11/site-packages/airflow/example_dags/tutorial_dag.py
[2024-05-09T11:07:11.014+0200] {logging_mixin.py:188} INFO - [2024-05-09T11:07:11.014+0200] {dag.py:3096} INFO - Sync 1 DAGs
[2024-05-09T11:07:11.023+0200] {logging_mixin.py:188} INFO - [2024-05-09T11:07:11.023+0200] {dag.py:3954} INFO - Setting next_dagrun for tutorial_dag to None, run_after=None
[2024-05-09T11:07:11.038+0200] {processor.py:183} INFO - Processing /home/munya/.local/lib/python3.11/site-packages/airflow/example_dags/tutorial_dag.py took 0.051 seconds
[2024-05-09T11:08:13.812+0200] {processor.py:161} INFO - Started process (PID=175474) to work on /home/munya/.local/lib/python3.11/site-packages/airflow/example_dags/tutorial_dag.py
[2024-05-09T11:08:13.814+0200] {processor.py:830} INFO - Processing file /home/munya/.local/lib/python3.11/site-packages/airflow/example_dags/tutorial_dag.py for tasks to queue
[2024-05-09T11:08:13.815+0200] {logging_mixin.py:188} INFO - [2024-05-09T11:08:13.814+0200] {dagbag.py:540} INFO - Filling up the DagBag from /home/munya/.local/lib/python3.11/site-packages/airflow/example_dags/tutorial_dag.py
[2024-05-09T11:08:13.819+0200] {processor.py:840} INFO - DAG(s) 'tutorial_dag' retrieved from /home/munya/.local/lib/python3.11/site-packages/airflow/example_dags/tutorial_dag.py
[2024-05-09T11:08:13.834+0200] {logging_mixin.py:188} INFO - [2024-05-09T11:08:13.834+0200] {dag.py:3096} INFO - Sync 1 DAGs
[2024-05-09T11:08:13.845+0200] {logging_mixin.py:188} INFO - [2024-05-09T11:08:13.845+0200] {dag.py:3954} INFO - Setting next_dagrun for tutorial_dag to None, run_after=None
[2024-05-09T11:08:13.871+0200] {processor.py:183} INFO - Processing /home/munya/.local/lib/python3.11/site-packages/airflow/example_dags/tutorial_dag.py took 0.068 seconds
[2024-05-09T11:09:20.809+0200] {processor.py:161} INFO - Started process (PID=176460) to work on /home/munya/.local/lib/python3.11/site-packages/airflow/example_dags/tutorial_dag.py
[2024-05-09T11:09:20.810+0200] {processor.py:830} INFO - Processing file /home/munya/.local/lib/python3.11/site-packages/airflow/example_dags/tutorial_dag.py for tasks to queue
[2024-05-09T11:09:20.811+0200] {logging_mixin.py:188} INFO - [2024-05-09T11:09:20.811+0200] {dagbag.py:540} INFO - Filling up the DagBag from /home/munya/.local/lib/python3.11/site-packages/airflow/example_dags/tutorial_dag.py
[2024-05-09T11:09:20.815+0200] {processor.py:840} INFO - DAG(s) 'tutorial_dag' retrieved from /home/munya/.local/lib/python3.11/site-packages/airflow/example_dags/tutorial_dag.py
[2024-05-09T11:09:20.829+0200] {logging_mixin.py:188} INFO - [2024-05-09T11:09:20.829+0200] {dag.py:3096} INFO - Sync 1 DAGs
[2024-05-09T11:09:20.838+0200] {logging_mixin.py:188} INFO - [2024-05-09T11:09:20.838+0200] {dag.py:3954} INFO - Setting next_dagrun for tutorial_dag to None, run_after=None
[2024-05-09T11:09:20.853+0200] {processor.py:183} INFO - Processing /home/munya/.local/lib/python3.11/site-packages/airflow/example_dags/tutorial_dag.py took 0.052 seconds
[2024-05-09T11:10:22.885+0200] {processor.py:161} INFO - Started process (PID=177270) to work on /home/munya/.local/lib/python3.11/site-packages/airflow/example_dags/tutorial_dag.py
[2024-05-09T11:10:22.886+0200] {processor.py:830} INFO - Processing file /home/munya/.local/lib/python3.11/site-packages/airflow/example_dags/tutorial_dag.py for tasks to queue
[2024-05-09T11:10:22.886+0200] {logging_mixin.py:188} INFO - [2024-05-09T11:10:22.886+0200] {dagbag.py:540} INFO - Filling up the DagBag from /home/munya/.local/lib/python3.11/site-packages/airflow/example_dags/tutorial_dag.py
[2024-05-09T11:10:22.891+0200] {processor.py:840} INFO - DAG(s) 'tutorial_dag' retrieved from /home/munya/.local/lib/python3.11/site-packages/airflow/example_dags/tutorial_dag.py
[2024-05-09T11:10:22.905+0200] {logging_mixin.py:188} INFO - [2024-05-09T11:10:22.904+0200] {dag.py:3096} INFO - Sync 1 DAGs
[2024-05-09T11:10:22.913+0200] {logging_mixin.py:188} INFO - [2024-05-09T11:10:22.913+0200] {dag.py:3954} INFO - Setting next_dagrun for tutorial_dag to None, run_after=None
[2024-05-09T11:10:22.929+0200] {processor.py:183} INFO - Processing /home/munya/.local/lib/python3.11/site-packages/airflow/example_dags/tutorial_dag.py took 0.055 seconds
[2024-05-09T11:11:23.255+0200] {processor.py:161} INFO - Started process (PID=178056) to work on /home/munya/.local/lib/python3.11/site-packages/airflow/example_dags/tutorial_dag.py
[2024-05-09T11:11:23.256+0200] {processor.py:830} INFO - Processing file /home/munya/.local/lib/python3.11/site-packages/airflow/example_dags/tutorial_dag.py for tasks to queue
[2024-05-09T11:11:23.257+0200] {logging_mixin.py:188} INFO - [2024-05-09T11:11:23.257+0200] {dagbag.py:540} INFO - Filling up the DagBag from /home/munya/.local/lib/python3.11/site-packages/airflow/example_dags/tutorial_dag.py
[2024-05-09T11:11:23.261+0200] {processor.py:840} INFO - DAG(s) 'tutorial_dag' retrieved from /home/munya/.local/lib/python3.11/site-packages/airflow/example_dags/tutorial_dag.py
[2024-05-09T11:11:23.274+0200] {logging_mixin.py:188} INFO - [2024-05-09T11:11:23.274+0200] {dag.py:3096} INFO - Sync 1 DAGs
[2024-05-09T11:11:23.283+0200] {logging_mixin.py:188} INFO - [2024-05-09T11:11:23.283+0200] {dag.py:3954} INFO - Setting next_dagrun for tutorial_dag to None, run_after=None
[2024-05-09T11:11:23.301+0200] {processor.py:183} INFO - Processing /home/munya/.local/lib/python3.11/site-packages/airflow/example_dags/tutorial_dag.py took 0.053 seconds
[2024-05-09T11:12:27.262+0200] {processor.py:161} INFO - Started process (PID=178889) to work on /home/munya/.local/lib/python3.11/site-packages/airflow/example_dags/tutorial_dag.py
[2024-05-09T11:12:27.263+0200] {processor.py:830} INFO - Processing file /home/munya/.local/lib/python3.11/site-packages/airflow/example_dags/tutorial_dag.py for tasks to queue
[2024-05-09T11:12:27.264+0200] {logging_mixin.py:188} INFO - [2024-05-09T11:12:27.263+0200] {dagbag.py:540} INFO - Filling up the DagBag from /home/munya/.local/lib/python3.11/site-packages/airflow/example_dags/tutorial_dag.py
[2024-05-09T11:12:27.269+0200] {processor.py:840} INFO - DAG(s) 'tutorial_dag' retrieved from /home/munya/.local/lib/python3.11/site-packages/airflow/example_dags/tutorial_dag.py
[2024-05-09T11:12:27.286+0200] {logging_mixin.py:188} INFO - [2024-05-09T11:12:27.286+0200] {dag.py:3096} INFO - Sync 1 DAGs
[2024-05-09T11:12:27.299+0200] {logging_mixin.py:188} INFO - [2024-05-09T11:12:27.298+0200] {dag.py:3954} INFO - Setting next_dagrun for tutorial_dag to None, run_after=None
[2024-05-09T11:12:27.323+0200] {processor.py:183} INFO - Processing /home/munya/.local/lib/python3.11/site-packages/airflow/example_dags/tutorial_dag.py took 0.072 seconds
[2024-05-09T11:13:27.229+0200] {processor.py:161} INFO - Started process (PID=179694) to work on /home/munya/.local/lib/python3.11/site-packages/airflow/example_dags/tutorial_dag.py
[2024-05-09T11:13:27.230+0200] {processor.py:830} INFO - Processing file /home/munya/.local/lib/python3.11/site-packages/airflow/example_dags/tutorial_dag.py for tasks to queue
[2024-05-09T11:13:27.231+0200] {logging_mixin.py:188} INFO - [2024-05-09T11:13:27.231+0200] {dagbag.py:540} INFO - Filling up the DagBag from /home/munya/.local/lib/python3.11/site-packages/airflow/example_dags/tutorial_dag.py
[2024-05-09T11:13:27.235+0200] {processor.py:840} INFO - DAG(s) 'tutorial_dag' retrieved from /home/munya/.local/lib/python3.11/site-packages/airflow/example_dags/tutorial_dag.py
[2024-05-09T11:13:27.248+0200] {logging_mixin.py:188} INFO - [2024-05-09T11:13:27.248+0200] {dag.py:3096} INFO - Sync 1 DAGs
[2024-05-09T11:13:27.257+0200] {logging_mixin.py:188} INFO - [2024-05-09T11:13:27.257+0200] {dag.py:3954} INFO - Setting next_dagrun for tutorial_dag to None, run_after=None
[2024-05-09T11:13:27.272+0200] {processor.py:183} INFO - Processing /home/munya/.local/lib/python3.11/site-packages/airflow/example_dags/tutorial_dag.py took 0.052 seconds
[2024-05-09T11:14:27.284+0200] {processor.py:161} INFO - Started process (PID=180461) to work on /home/munya/.local/lib/python3.11/site-packages/airflow/example_dags/tutorial_dag.py
[2024-05-09T11:14:27.285+0200] {processor.py:830} INFO - Processing file /home/munya/.local/lib/python3.11/site-packages/airflow/example_dags/tutorial_dag.py for tasks to queue
[2024-05-09T11:14:27.286+0200] {logging_mixin.py:188} INFO - [2024-05-09T11:14:27.285+0200] {dagbag.py:540} INFO - Filling up the DagBag from /home/munya/.local/lib/python3.11/site-packages/airflow/example_dags/tutorial_dag.py
[2024-05-09T11:14:27.290+0200] {processor.py:840} INFO - DAG(s) 'tutorial_dag' retrieved from /home/munya/.local/lib/python3.11/site-packages/airflow/example_dags/tutorial_dag.py
[2024-05-09T11:14:27.303+0200] {logging_mixin.py:188} INFO - [2024-05-09T11:14:27.302+0200] {dag.py:3096} INFO - Sync 1 DAGs
[2024-05-09T11:14:27.311+0200] {logging_mixin.py:188} INFO - [2024-05-09T11:14:27.311+0200] {dag.py:3954} INFO - Setting next_dagrun for tutorial_dag to None, run_after=None
[2024-05-09T11:14:27.328+0200] {processor.py:183} INFO - Processing /home/munya/.local/lib/python3.11/site-packages/airflow/example_dags/tutorial_dag.py took 0.052 seconds
[2024-05-09T11:15:30.534+0200] {processor.py:161} INFO - Started process (PID=181298) to work on /home/munya/.local/lib/python3.11/site-packages/airflow/example_dags/tutorial_dag.py
[2024-05-09T11:15:30.537+0200] {processor.py:830} INFO - Processing file /home/munya/.local/lib/python3.11/site-packages/airflow/example_dags/tutorial_dag.py for tasks to queue
[2024-05-09T11:15:30.541+0200] {logging_mixin.py:188} INFO - [2024-05-09T11:15:30.539+0200] {dagbag.py:540} INFO - Filling up the DagBag from /home/munya/.local/lib/python3.11/site-packages/airflow/example_dags/tutorial_dag.py
[2024-05-09T11:15:30.563+0200] {processor.py:840} INFO - DAG(s) 'tutorial_dag' retrieved from /home/munya/.local/lib/python3.11/site-packages/airflow/example_dags/tutorial_dag.py
[2024-05-09T11:15:30.627+0200] {logging_mixin.py:188} INFO - [2024-05-09T11:15:30.626+0200] {dag.py:3096} INFO - Sync 1 DAGs
[2024-05-09T11:15:30.671+0200] {logging_mixin.py:188} INFO - [2024-05-09T11:15:30.670+0200] {dag.py:3954} INFO - Setting next_dagrun for tutorial_dag to None, run_after=None
[2024-05-09T11:15:30.740+0200] {processor.py:183} INFO - Processing /home/munya/.local/lib/python3.11/site-packages/airflow/example_dags/tutorial_dag.py took 0.252 seconds
[2024-05-09T11:16:33.997+0200] {processor.py:161} INFO - Started process (PID=182171) to work on /home/munya/.local/lib/python3.11/site-packages/airflow/example_dags/tutorial_dag.py
[2024-05-09T11:16:33.998+0200] {processor.py:830} INFO - Processing file /home/munya/.local/lib/python3.11/site-packages/airflow/example_dags/tutorial_dag.py for tasks to queue
[2024-05-09T11:16:33.999+0200] {logging_mixin.py:188} INFO - [2024-05-09T11:16:33.999+0200] {dagbag.py:540} INFO - Filling up the DagBag from /home/munya/.local/lib/python3.11/site-packages/airflow/example_dags/tutorial_dag.py
[2024-05-09T11:16:34.003+0200] {processor.py:840} INFO - DAG(s) 'tutorial_dag' retrieved from /home/munya/.local/lib/python3.11/site-packages/airflow/example_dags/tutorial_dag.py
[2024-05-09T11:16:34.016+0200] {logging_mixin.py:188} INFO - [2024-05-09T11:16:34.016+0200] {dag.py:3096} INFO - Sync 1 DAGs
[2024-05-09T11:16:34.025+0200] {logging_mixin.py:188} INFO - [2024-05-09T11:16:34.025+0200] {dag.py:3954} INFO - Setting next_dagrun for tutorial_dag to None, run_after=None
[2024-05-09T11:16:34.041+0200] {processor.py:183} INFO - Processing /home/munya/.local/lib/python3.11/site-packages/airflow/example_dags/tutorial_dag.py took 0.051 seconds
[2024-05-09T11:17:37.220+0200] {processor.py:161} INFO - Started process (PID=182991) to work on /home/munya/.local/lib/python3.11/site-packages/airflow/example_dags/tutorial_dag.py
[2024-05-09T11:17:37.222+0200] {processor.py:830} INFO - Processing file /home/munya/.local/lib/python3.11/site-packages/airflow/example_dags/tutorial_dag.py for tasks to queue
[2024-05-09T11:17:37.225+0200] {logging_mixin.py:188} INFO - [2024-05-09T11:17:37.224+0200] {dagbag.py:540} INFO - Filling up the DagBag from /home/munya/.local/lib/python3.11/site-packages/airflow/example_dags/tutorial_dag.py
[2024-05-09T11:17:37.240+0200] {processor.py:840} INFO - DAG(s) 'tutorial_dag' retrieved from /home/munya/.local/lib/python3.11/site-packages/airflow/example_dags/tutorial_dag.py
[2024-05-09T11:17:37.289+0200] {logging_mixin.py:188} INFO - [2024-05-09T11:17:37.288+0200] {dag.py:3096} INFO - Sync 1 DAGs
[2024-05-09T11:17:37.320+0200] {logging_mixin.py:188} INFO - [2024-05-09T11:17:37.320+0200] {dag.py:3954} INFO - Setting next_dagrun for tutorial_dag to None, run_after=None
[2024-05-09T11:17:37.372+0200] {processor.py:183} INFO - Processing /home/munya/.local/lib/python3.11/site-packages/airflow/example_dags/tutorial_dag.py took 0.185 seconds
[2024-05-09T11:18:41.168+0200] {processor.py:161} INFO - Started process (PID=183827) to work on /home/munya/.local/lib/python3.11/site-packages/airflow/example_dags/tutorial_dag.py
[2024-05-09T11:18:41.170+0200] {processor.py:830} INFO - Processing file /home/munya/.local/lib/python3.11/site-packages/airflow/example_dags/tutorial_dag.py for tasks to queue
[2024-05-09T11:18:41.173+0200] {logging_mixin.py:188} INFO - [2024-05-09T11:18:41.172+0200] {dagbag.py:540} INFO - Filling up the DagBag from /home/munya/.local/lib/python3.11/site-packages/airflow/example_dags/tutorial_dag.py
[2024-05-09T11:18:41.189+0200] {processor.py:840} INFO - DAG(s) 'tutorial_dag' retrieved from /home/munya/.local/lib/python3.11/site-packages/airflow/example_dags/tutorial_dag.py
[2024-05-09T11:18:41.239+0200] {logging_mixin.py:188} INFO - [2024-05-09T11:18:41.238+0200] {dag.py:3096} INFO - Sync 1 DAGs
[2024-05-09T11:18:41.283+0200] {logging_mixin.py:188} INFO - [2024-05-09T11:18:41.282+0200] {dag.py:3954} INFO - Setting next_dagrun for tutorial_dag to None, run_after=None
[2024-05-09T11:18:41.342+0200] {processor.py:183} INFO - Processing /home/munya/.local/lib/python3.11/site-packages/airflow/example_dags/tutorial_dag.py took 0.208 seconds
[2024-05-09T11:19:44.470+0200] {processor.py:161} INFO - Started process (PID=184635) to work on /home/munya/.local/lib/python3.11/site-packages/airflow/example_dags/tutorial_dag.py
[2024-05-09T11:19:44.474+0200] {processor.py:830} INFO - Processing file /home/munya/.local/lib/python3.11/site-packages/airflow/example_dags/tutorial_dag.py for tasks to queue
[2024-05-09T11:19:44.477+0200] {logging_mixin.py:188} INFO - [2024-05-09T11:19:44.475+0200] {dagbag.py:540} INFO - Filling up the DagBag from /home/munya/.local/lib/python3.11/site-packages/airflow/example_dags/tutorial_dag.py
[2024-05-09T11:19:44.493+0200] {processor.py:840} INFO - DAG(s) 'tutorial_dag' retrieved from /home/munya/.local/lib/python3.11/site-packages/airflow/example_dags/tutorial_dag.py
[2024-05-09T11:19:44.540+0200] {logging_mixin.py:188} INFO - [2024-05-09T11:19:44.539+0200] {dag.py:3096} INFO - Sync 1 DAGs
[2024-05-09T11:19:44.579+0200] {logging_mixin.py:188} INFO - [2024-05-09T11:19:44.578+0200] {dag.py:3954} INFO - Setting next_dagrun for tutorial_dag to None, run_after=None
[2024-05-09T11:19:44.659+0200] {processor.py:183} INFO - Processing /home/munya/.local/lib/python3.11/site-packages/airflow/example_dags/tutorial_dag.py took 0.225 seconds
[2024-05-09T11:20:46.890+0200] {processor.py:161} INFO - Started process (PID=185423) to work on /home/munya/.local/lib/python3.11/site-packages/airflow/example_dags/tutorial_dag.py
[2024-05-09T11:20:46.893+0200] {processor.py:830} INFO - Processing file /home/munya/.local/lib/python3.11/site-packages/airflow/example_dags/tutorial_dag.py for tasks to queue
[2024-05-09T11:20:46.896+0200] {logging_mixin.py:188} INFO - [2024-05-09T11:20:46.895+0200] {dagbag.py:540} INFO - Filling up the DagBag from /home/munya/.local/lib/python3.11/site-packages/airflow/example_dags/tutorial_dag.py
[2024-05-09T11:20:46.913+0200] {processor.py:840} INFO - DAG(s) 'tutorial_dag' retrieved from /home/munya/.local/lib/python3.11/site-packages/airflow/example_dags/tutorial_dag.py
[2024-05-09T11:20:46.968+0200] {logging_mixin.py:188} INFO - [2024-05-09T11:20:46.967+0200] {dag.py:3096} INFO - Sync 1 DAGs
[2024-05-09T11:20:47.004+0200] {logging_mixin.py:188} INFO - [2024-05-09T11:20:47.004+0200] {dag.py:3954} INFO - Setting next_dagrun for tutorial_dag to None, run_after=None
[2024-05-09T11:20:47.059+0200] {processor.py:183} INFO - Processing /home/munya/.local/lib/python3.11/site-packages/airflow/example_dags/tutorial_dag.py took 0.199 seconds
[2024-05-09T11:21:53.059+0200] {processor.py:161} INFO - Started process (PID=186253) to work on /home/munya/.local/lib/python3.11/site-packages/airflow/example_dags/tutorial_dag.py
[2024-05-09T11:21:53.060+0200] {processor.py:830} INFO - Processing file /home/munya/.local/lib/python3.11/site-packages/airflow/example_dags/tutorial_dag.py for tasks to queue
[2024-05-09T11:21:53.060+0200] {logging_mixin.py:188} INFO - [2024-05-09T11:21:53.060+0200] {dagbag.py:540} INFO - Filling up the DagBag from /home/munya/.local/lib/python3.11/site-packages/airflow/example_dags/tutorial_dag.py
[2024-05-09T11:21:53.064+0200] {processor.py:840} INFO - DAG(s) 'tutorial_dag' retrieved from /home/munya/.local/lib/python3.11/site-packages/airflow/example_dags/tutorial_dag.py
[2024-05-09T11:21:53.077+0200] {logging_mixin.py:188} INFO - [2024-05-09T11:21:53.077+0200] {dag.py:3096} INFO - Sync 1 DAGs
[2024-05-09T11:21:53.085+0200] {logging_mixin.py:188} INFO - [2024-05-09T11:21:53.085+0200] {dag.py:3954} INFO - Setting next_dagrun for tutorial_dag to None, run_after=None
[2024-05-09T11:21:53.100+0200] {processor.py:183} INFO - Processing /home/munya/.local/lib/python3.11/site-packages/airflow/example_dags/tutorial_dag.py took 0.049 seconds
[2024-05-09T11:22:56.248+0200] {processor.py:161} INFO - Started process (PID=187012) to work on /home/munya/.local/lib/python3.11/site-packages/airflow/example_dags/tutorial_dag.py
[2024-05-09T11:22:56.249+0200] {processor.py:830} INFO - Processing file /home/munya/.local/lib/python3.11/site-packages/airflow/example_dags/tutorial_dag.py for tasks to queue
[2024-05-09T11:22:56.249+0200] {logging_mixin.py:188} INFO - [2024-05-09T11:22:56.249+0200] {dagbag.py:540} INFO - Filling up the DagBag from /home/munya/.local/lib/python3.11/site-packages/airflow/example_dags/tutorial_dag.py
[2024-05-09T11:22:56.254+0200] {processor.py:840} INFO - DAG(s) 'tutorial_dag' retrieved from /home/munya/.local/lib/python3.11/site-packages/airflow/example_dags/tutorial_dag.py
[2024-05-09T11:22:56.266+0200] {logging_mixin.py:188} INFO - [2024-05-09T11:22:56.266+0200] {dag.py:3096} INFO - Sync 1 DAGs
[2024-05-09T11:22:56.274+0200] {logging_mixin.py:188} INFO - [2024-05-09T11:22:56.274+0200] {dag.py:3954} INFO - Setting next_dagrun for tutorial_dag to None, run_after=None
[2024-05-09T11:22:56.289+0200] {processor.py:183} INFO - Processing /home/munya/.local/lib/python3.11/site-packages/airflow/example_dags/tutorial_dag.py took 0.048 seconds
[2024-05-09T11:24:02.138+0200] {processor.py:161} INFO - Started process (PID=187801) to work on /home/munya/.local/lib/python3.11/site-packages/airflow/example_dags/tutorial_dag.py
[2024-05-09T11:24:02.139+0200] {processor.py:830} INFO - Processing file /home/munya/.local/lib/python3.11/site-packages/airflow/example_dags/tutorial_dag.py for tasks to queue
[2024-05-09T11:24:02.139+0200] {logging_mixin.py:188} INFO - [2024-05-09T11:24:02.139+0200] {dagbag.py:540} INFO - Filling up the DagBag from /home/munya/.local/lib/python3.11/site-packages/airflow/example_dags/tutorial_dag.py
[2024-05-09T11:24:02.144+0200] {processor.py:840} INFO - DAG(s) 'tutorial_dag' retrieved from /home/munya/.local/lib/python3.11/site-packages/airflow/example_dags/tutorial_dag.py
[2024-05-09T11:24:02.157+0200] {logging_mixin.py:188} INFO - [2024-05-09T11:24:02.157+0200] {dag.py:3096} INFO - Sync 1 DAGs
[2024-05-09T11:24:02.167+0200] {logging_mixin.py:188} INFO - [2024-05-09T11:24:02.167+0200] {dag.py:3954} INFO - Setting next_dagrun for tutorial_dag to None, run_after=None
[2024-05-09T11:24:02.184+0200] {processor.py:183} INFO - Processing /home/munya/.local/lib/python3.11/site-packages/airflow/example_dags/tutorial_dag.py took 0.055 seconds
[2024-05-09T11:25:09.937+0200] {processor.py:161} INFO - Started process (PID=188608) to work on /home/munya/.local/lib/python3.11/site-packages/airflow/example_dags/tutorial_dag.py
[2024-05-09T11:25:09.938+0200] {processor.py:830} INFO - Processing file /home/munya/.local/lib/python3.11/site-packages/airflow/example_dags/tutorial_dag.py for tasks to queue
[2024-05-09T11:25:09.939+0200] {logging_mixin.py:188} INFO - [2024-05-09T11:25:09.939+0200] {dagbag.py:540} INFO - Filling up the DagBag from /home/munya/.local/lib/python3.11/site-packages/airflow/example_dags/tutorial_dag.py
[2024-05-09T11:25:09.943+0200] {processor.py:840} INFO - DAG(s) 'tutorial_dag' retrieved from /home/munya/.local/lib/python3.11/site-packages/airflow/example_dags/tutorial_dag.py
[2024-05-09T11:25:09.956+0200] {logging_mixin.py:188} INFO - [2024-05-09T11:25:09.955+0200] {dag.py:3096} INFO - Sync 1 DAGs
[2024-05-09T11:25:09.964+0200] {logging_mixin.py:188} INFO - [2024-05-09T11:25:09.964+0200] {dag.py:3954} INFO - Setting next_dagrun for tutorial_dag to None, run_after=None
[2024-05-09T11:25:09.983+0200] {processor.py:183} INFO - Processing /home/munya/.local/lib/python3.11/site-packages/airflow/example_dags/tutorial_dag.py took 0.053 seconds
[2024-05-09T11:26:18.856+0200] {processor.py:161} INFO - Started process (PID=189389) to work on /home/munya/.local/lib/python3.11/site-packages/airflow/example_dags/tutorial_dag.py
[2024-05-09T11:26:18.856+0200] {processor.py:830} INFO - Processing file /home/munya/.local/lib/python3.11/site-packages/airflow/example_dags/tutorial_dag.py for tasks to queue
[2024-05-09T11:26:18.857+0200] {logging_mixin.py:188} INFO - [2024-05-09T11:26:18.857+0200] {dagbag.py:540} INFO - Filling up the DagBag from /home/munya/.local/lib/python3.11/site-packages/airflow/example_dags/tutorial_dag.py
[2024-05-09T11:26:18.861+0200] {processor.py:840} INFO - DAG(s) 'tutorial_dag' retrieved from /home/munya/.local/lib/python3.11/site-packages/airflow/example_dags/tutorial_dag.py
[2024-05-09T11:26:18.874+0200] {logging_mixin.py:188} INFO - [2024-05-09T11:26:18.873+0200] {dag.py:3096} INFO - Sync 1 DAGs
[2024-05-09T11:26:19.005+0200] {logging_mixin.py:188} INFO - [2024-05-09T11:26:19.005+0200] {dag.py:3954} INFO - Setting next_dagrun for tutorial_dag to None, run_after=None
[2024-05-09T11:26:19.019+0200] {processor.py:183} INFO - Processing /home/munya/.local/lib/python3.11/site-packages/airflow/example_dags/tutorial_dag.py took 0.171 seconds
[2024-05-09T11:27:21.338+0200] {processor.py:161} INFO - Started process (PID=190094) to work on /home/munya/.local/lib/python3.11/site-packages/airflow/example_dags/tutorial_dag.py
[2024-05-09T11:27:21.339+0200] {processor.py:830} INFO - Processing file /home/munya/.local/lib/python3.11/site-packages/airflow/example_dags/tutorial_dag.py for tasks to queue
[2024-05-09T11:27:21.339+0200] {logging_mixin.py:188} INFO - [2024-05-09T11:27:21.339+0200] {dagbag.py:540} INFO - Filling up the DagBag from /home/munya/.local/lib/python3.11/site-packages/airflow/example_dags/tutorial_dag.py
[2024-05-09T11:27:21.343+0200] {processor.py:840} INFO - DAG(s) 'tutorial_dag' retrieved from /home/munya/.local/lib/python3.11/site-packages/airflow/example_dags/tutorial_dag.py
[2024-05-09T11:27:21.355+0200] {logging_mixin.py:188} INFO - [2024-05-09T11:27:21.355+0200] {dag.py:3096} INFO - Sync 1 DAGs
[2024-05-09T11:27:21.363+0200] {logging_mixin.py:188} INFO - [2024-05-09T11:27:21.363+0200] {dag.py:3954} INFO - Setting next_dagrun for tutorial_dag to None, run_after=None
[2024-05-09T11:27:21.379+0200] {processor.py:183} INFO - Processing /home/munya/.local/lib/python3.11/site-packages/airflow/example_dags/tutorial_dag.py took 0.049 seconds
[2024-05-09T11:28:36.644+0200] {processor.py:161} INFO - Started process (PID=190964) to work on /home/munya/.local/lib/python3.11/site-packages/airflow/example_dags/tutorial_dag.py
[2024-05-09T11:28:36.645+0200] {processor.py:830} INFO - Processing file /home/munya/.local/lib/python3.11/site-packages/airflow/example_dags/tutorial_dag.py for tasks to queue
[2024-05-09T11:28:36.645+0200] {logging_mixin.py:188} INFO - [2024-05-09T11:28:36.645+0200] {dagbag.py:540} INFO - Filling up the DagBag from /home/munya/.local/lib/python3.11/site-packages/airflow/example_dags/tutorial_dag.py
[2024-05-09T11:28:36.649+0200] {processor.py:840} INFO - DAG(s) 'tutorial_dag' retrieved from /home/munya/.local/lib/python3.11/site-packages/airflow/example_dags/tutorial_dag.py
[2024-05-09T11:28:36.661+0200] {logging_mixin.py:188} INFO - [2024-05-09T11:28:36.661+0200] {dag.py:3096} INFO - Sync 1 DAGs
[2024-05-09T11:28:36.669+0200] {logging_mixin.py:188} INFO - [2024-05-09T11:28:36.669+0200] {dag.py:3954} INFO - Setting next_dagrun for tutorial_dag to None, run_after=None
[2024-05-09T11:28:36.684+0200] {processor.py:183} INFO - Processing /home/munya/.local/lib/python3.11/site-packages/airflow/example_dags/tutorial_dag.py took 0.048 seconds
[2024-05-09T11:29:50.310+0200] {processor.py:161} INFO - Started process (PID=191756) to work on /home/munya/.local/lib/python3.11/site-packages/airflow/example_dags/tutorial_dag.py
[2024-05-09T11:29:50.311+0200] {processor.py:830} INFO - Processing file /home/munya/.local/lib/python3.11/site-packages/airflow/example_dags/tutorial_dag.py for tasks to queue
[2024-05-09T11:29:50.311+0200] {logging_mixin.py:188} INFO - [2024-05-09T11:29:50.311+0200] {dagbag.py:540} INFO - Filling up the DagBag from /home/munya/.local/lib/python3.11/site-packages/airflow/example_dags/tutorial_dag.py
[2024-05-09T11:29:50.316+0200] {processor.py:840} INFO - DAG(s) 'tutorial_dag' retrieved from /home/munya/.local/lib/python3.11/site-packages/airflow/example_dags/tutorial_dag.py
[2024-05-09T11:29:50.328+0200] {logging_mixin.py:188} INFO - [2024-05-09T11:29:50.328+0200] {dag.py:3096} INFO - Sync 1 DAGs
[2024-05-09T11:29:50.336+0200] {logging_mixin.py:188} INFO - [2024-05-09T11:29:50.336+0200] {dag.py:3954} INFO - Setting next_dagrun for tutorial_dag to None, run_after=None
[2024-05-09T11:29:50.354+0200] {processor.py:183} INFO - Processing /home/munya/.local/lib/python3.11/site-packages/airflow/example_dags/tutorial_dag.py took 0.051 seconds
[2024-05-09T11:30:54.125+0200] {processor.py:161} INFO - Started process (PID=192485) to work on /home/munya/.local/lib/python3.11/site-packages/airflow/example_dags/tutorial_dag.py
[2024-05-09T11:30:54.126+0200] {processor.py:830} INFO - Processing file /home/munya/.local/lib/python3.11/site-packages/airflow/example_dags/tutorial_dag.py for tasks to queue
[2024-05-09T11:30:54.127+0200] {logging_mixin.py:188} INFO - [2024-05-09T11:30:54.127+0200] {dagbag.py:540} INFO - Filling up the DagBag from /home/munya/.local/lib/python3.11/site-packages/airflow/example_dags/tutorial_dag.py
[2024-05-09T11:30:54.131+0200] {processor.py:840} INFO - DAG(s) 'tutorial_dag' retrieved from /home/munya/.local/lib/python3.11/site-packages/airflow/example_dags/tutorial_dag.py
[2024-05-09T11:30:54.145+0200] {logging_mixin.py:188} INFO - [2024-05-09T11:30:54.145+0200] {dag.py:3096} INFO - Sync 1 DAGs
[2024-05-09T11:30:54.154+0200] {logging_mixin.py:188} INFO - [2024-05-09T11:30:54.154+0200] {dag.py:3954} INFO - Setting next_dagrun for tutorial_dag to None, run_after=None
[2024-05-09T11:30:54.171+0200] {processor.py:183} INFO - Processing /home/munya/.local/lib/python3.11/site-packages/airflow/example_dags/tutorial_dag.py took 0.053 seconds
[2024-05-09T11:34:30.762+0200] {processor.py:161} INFO - Started process (PID=193889) to work on /home/munya/.local/lib/python3.11/site-packages/airflow/example_dags/tutorial_dag.py
[2024-05-09T11:34:30.763+0200] {processor.py:830} INFO - Processing file /home/munya/.local/lib/python3.11/site-packages/airflow/example_dags/tutorial_dag.py for tasks to queue
[2024-05-09T11:34:30.764+0200] {logging_mixin.py:188} INFO - [2024-05-09T11:34:30.763+0200] {dagbag.py:540} INFO - Filling up the DagBag from /home/munya/.local/lib/python3.11/site-packages/airflow/example_dags/tutorial_dag.py
[2024-05-09T11:34:30.768+0200] {processor.py:840} INFO - DAG(s) 'tutorial_dag' retrieved from /home/munya/.local/lib/python3.11/site-packages/airflow/example_dags/tutorial_dag.py
[2024-05-09T11:34:30.781+0200] {logging_mixin.py:188} INFO - [2024-05-09T11:34:30.781+0200] {dag.py:3096} INFO - Sync 1 DAGs
[2024-05-09T11:34:30.790+0200] {logging_mixin.py:188} INFO - [2024-05-09T11:34:30.790+0200] {dag.py:3954} INFO - Setting next_dagrun for tutorial_dag to None, run_after=None
[2024-05-09T11:34:30.805+0200] {processor.py:183} INFO - Processing /home/munya/.local/lib/python3.11/site-packages/airflow/example_dags/tutorial_dag.py took 0.051 seconds
[2024-05-09T11:35:25.131+0200] {processor.py:161} INFO - Started process (PID=194584) to work on /home/munya/.local/lib/python3.11/site-packages/airflow/example_dags/tutorial_dag.py
[2024-05-09T11:35:25.133+0200] {processor.py:830} INFO - Processing file /home/munya/.local/lib/python3.11/site-packages/airflow/example_dags/tutorial_dag.py for tasks to queue
[2024-05-09T11:35:25.135+0200] {logging_mixin.py:188} INFO - [2024-05-09T11:35:25.134+0200] {dagbag.py:540} INFO - Filling up the DagBag from /home/munya/.local/lib/python3.11/site-packages/airflow/example_dags/tutorial_dag.py
[2024-05-09T11:35:25.147+0200] {processor.py:840} INFO - DAG(s) 'tutorial_dag' retrieved from /home/munya/.local/lib/python3.11/site-packages/airflow/example_dags/tutorial_dag.py
[2024-05-09T11:35:25.176+0200] {logging_mixin.py:188} INFO - [2024-05-09T11:35:25.176+0200] {dag.py:3096} INFO - Sync 1 DAGs
[2024-05-09T11:35:25.196+0200] {logging_mixin.py:188} INFO - [2024-05-09T11:35:25.196+0200] {dag.py:3954} INFO - Setting next_dagrun for tutorial_dag to None, run_after=None
[2024-05-09T11:35:25.238+0200] {processor.py:183} INFO - Processing /home/munya/.local/lib/python3.11/site-packages/airflow/example_dags/tutorial_dag.py took 0.130 seconds
[2024-05-09T11:36:28.365+0200] {processor.py:161} INFO - Started process (PID=195457) to work on /home/munya/.local/lib/python3.11/site-packages/airflow/example_dags/tutorial_dag.py
[2024-05-09T11:36:28.366+0200] {processor.py:830} INFO - Processing file /home/munya/.local/lib/python3.11/site-packages/airflow/example_dags/tutorial_dag.py for tasks to queue
[2024-05-09T11:36:28.367+0200] {logging_mixin.py:188} INFO - [2024-05-09T11:36:28.367+0200] {dagbag.py:540} INFO - Filling up the DagBag from /home/munya/.local/lib/python3.11/site-packages/airflow/example_dags/tutorial_dag.py
[2024-05-09T11:36:28.374+0200] {processor.py:840} INFO - DAG(s) 'tutorial_dag' retrieved from /home/munya/.local/lib/python3.11/site-packages/airflow/example_dags/tutorial_dag.py
[2024-05-09T11:36:28.392+0200] {logging_mixin.py:188} INFO - [2024-05-09T11:36:28.391+0200] {dag.py:3096} INFO - Sync 1 DAGs
[2024-05-09T11:36:28.404+0200] {logging_mixin.py:188} INFO - [2024-05-09T11:36:28.403+0200] {dag.py:3954} INFO - Setting next_dagrun for tutorial_dag to None, run_after=None
[2024-05-09T11:36:28.428+0200] {processor.py:183} INFO - Processing /home/munya/.local/lib/python3.11/site-packages/airflow/example_dags/tutorial_dag.py took 0.078 seconds
[2024-05-09T11:37:24.938+0200] {processor.py:161} INFO - Started process (PID=196220) to work on /home/munya/.local/lib/python3.11/site-packages/airflow/example_dags/tutorial_dag.py
[2024-05-09T11:37:24.939+0200] {processor.py:830} INFO - Processing file /home/munya/.local/lib/python3.11/site-packages/airflow/example_dags/tutorial_dag.py for tasks to queue
[2024-05-09T11:37:24.940+0200] {logging_mixin.py:188} INFO - [2024-05-09T11:37:24.939+0200] {dagbag.py:540} INFO - Filling up the DagBag from /home/munya/.local/lib/python3.11/site-packages/airflow/example_dags/tutorial_dag.py
[2024-05-09T11:37:24.944+0200] {processor.py:840} INFO - DAG(s) 'tutorial_dag' retrieved from /home/munya/.local/lib/python3.11/site-packages/airflow/example_dags/tutorial_dag.py
[2024-05-09T11:37:24.959+0200] {logging_mixin.py:188} INFO - [2024-05-09T11:37:24.959+0200] {dag.py:3096} INFO - Sync 1 DAGs
[2024-05-09T11:37:24.969+0200] {logging_mixin.py:188} INFO - [2024-05-09T11:37:24.969+0200] {dag.py:3954} INFO - Setting next_dagrun for tutorial_dag to None, run_after=None
[2024-05-09T11:37:24.987+0200] {processor.py:183} INFO - Processing /home/munya/.local/lib/python3.11/site-packages/airflow/example_dags/tutorial_dag.py took 0.058 seconds
[2024-05-09T11:38:17.866+0200] {processor.py:161} INFO - Started process (PID=196896) to work on /home/munya/.local/lib/python3.11/site-packages/airflow/example_dags/tutorial_dag.py
[2024-05-09T11:38:17.867+0200] {processor.py:830} INFO - Processing file /home/munya/.local/lib/python3.11/site-packages/airflow/example_dags/tutorial_dag.py for tasks to queue
[2024-05-09T11:38:17.867+0200] {logging_mixin.py:188} INFO - [2024-05-09T11:38:17.867+0200] {dagbag.py:540} INFO - Filling up the DagBag from /home/munya/.local/lib/python3.11/site-packages/airflow/example_dags/tutorial_dag.py
[2024-05-09T11:38:17.872+0200] {processor.py:840} INFO - DAG(s) 'tutorial_dag' retrieved from /home/munya/.local/lib/python3.11/site-packages/airflow/example_dags/tutorial_dag.py
[2024-05-09T11:38:17.885+0200] {logging_mixin.py:188} INFO - [2024-05-09T11:38:17.884+0200] {dag.py:3096} INFO - Sync 1 DAGs
[2024-05-09T11:38:17.893+0200] {logging_mixin.py:188} INFO - [2024-05-09T11:38:17.893+0200] {dag.py:3954} INFO - Setting next_dagrun for tutorial_dag to None, run_after=None
[2024-05-09T11:38:17.910+0200] {processor.py:183} INFO - Processing /home/munya/.local/lib/python3.11/site-packages/airflow/example_dags/tutorial_dag.py took 0.052 seconds
[2024-05-09T11:39:16.186+0200] {processor.py:161} INFO - Started process (PID=197676) to work on /home/munya/.local/lib/python3.11/site-packages/airflow/example_dags/tutorial_dag.py
[2024-05-09T11:39:16.187+0200] {processor.py:830} INFO - Processing file /home/munya/.local/lib/python3.11/site-packages/airflow/example_dags/tutorial_dag.py for tasks to queue
[2024-05-09T11:39:16.188+0200] {logging_mixin.py:188} INFO - [2024-05-09T11:39:16.188+0200] {dagbag.py:540} INFO - Filling up the DagBag from /home/munya/.local/lib/python3.11/site-packages/airflow/example_dags/tutorial_dag.py
[2024-05-09T11:39:16.193+0200] {processor.py:840} INFO - DAG(s) 'tutorial_dag' retrieved from /home/munya/.local/lib/python3.11/site-packages/airflow/example_dags/tutorial_dag.py
[2024-05-09T11:39:16.206+0200] {logging_mixin.py:188} INFO - [2024-05-09T11:39:16.206+0200] {dag.py:3096} INFO - Sync 1 DAGs
[2024-05-09T11:39:16.215+0200] {logging_mixin.py:188} INFO - [2024-05-09T11:39:16.215+0200] {dag.py:3954} INFO - Setting next_dagrun for tutorial_dag to None, run_after=None
[2024-05-09T11:39:16.231+0200] {processor.py:183} INFO - Processing /home/munya/.local/lib/python3.11/site-packages/airflow/example_dags/tutorial_dag.py took 0.052 seconds
[2024-05-09T11:40:18.178+0200] {processor.py:161} INFO - Started process (PID=198619) to work on /home/munya/.local/lib/python3.11/site-packages/airflow/example_dags/tutorial_dag.py
[2024-05-09T11:40:18.178+0200] {processor.py:830} INFO - Processing file /home/munya/.local/lib/python3.11/site-packages/airflow/example_dags/tutorial_dag.py for tasks to queue
[2024-05-09T11:40:18.179+0200] {logging_mixin.py:188} INFO - [2024-05-09T11:40:18.179+0200] {dagbag.py:540} INFO - Filling up the DagBag from /home/munya/.local/lib/python3.11/site-packages/airflow/example_dags/tutorial_dag.py
[2024-05-09T11:40:18.184+0200] {processor.py:840} INFO - DAG(s) 'tutorial_dag' retrieved from /home/munya/.local/lib/python3.11/site-packages/airflow/example_dags/tutorial_dag.py
[2024-05-09T11:40:18.198+0200] {logging_mixin.py:188} INFO - [2024-05-09T11:40:18.198+0200] {dag.py:3096} INFO - Sync 1 DAGs
[2024-05-09T11:40:18.208+0200] {logging_mixin.py:188} INFO - [2024-05-09T11:40:18.208+0200] {dag.py:3954} INFO - Setting next_dagrun for tutorial_dag to None, run_after=None
[2024-05-09T11:40:18.229+0200] {processor.py:183} INFO - Processing /home/munya/.local/lib/python3.11/site-packages/airflow/example_dags/tutorial_dag.py took 0.061 seconds
[2024-05-09T11:41:33.518+0200] {processor.py:161} INFO - Started process (PID=199558) to work on /home/munya/.local/lib/python3.11/site-packages/airflow/example_dags/tutorial_dag.py
[2024-05-09T11:41:33.519+0200] {processor.py:830} INFO - Processing file /home/munya/.local/lib/python3.11/site-packages/airflow/example_dags/tutorial_dag.py for tasks to queue
[2024-05-09T11:41:33.520+0200] {logging_mixin.py:188} INFO - [2024-05-09T11:41:33.520+0200] {dagbag.py:540} INFO - Filling up the DagBag from /home/munya/.local/lib/python3.11/site-packages/airflow/example_dags/tutorial_dag.py
[2024-05-09T11:41:33.528+0200] {processor.py:840} INFO - DAG(s) 'tutorial_dag' retrieved from /home/munya/.local/lib/python3.11/site-packages/airflow/example_dags/tutorial_dag.py
[2024-05-09T11:41:33.545+0200] {logging_mixin.py:188} INFO - [2024-05-09T11:41:33.544+0200] {dag.py:3096} INFO - Sync 1 DAGs
[2024-05-09T11:41:33.563+0200] {logging_mixin.py:188} INFO - [2024-05-09T11:41:33.562+0200] {dag.py:3954} INFO - Setting next_dagrun for tutorial_dag to None, run_after=None
[2024-05-09T11:41:33.600+0200] {processor.py:183} INFO - Processing /home/munya/.local/lib/python3.11/site-packages/airflow/example_dags/tutorial_dag.py took 0.093 seconds
[2024-05-09T11:42:43.724+0200] {processor.py:161} INFO - Started process (PID=200476) to work on /home/munya/.local/lib/python3.11/site-packages/airflow/example_dags/tutorial_dag.py
[2024-05-09T11:42:43.725+0200] {processor.py:830} INFO - Processing file /home/munya/.local/lib/python3.11/site-packages/airflow/example_dags/tutorial_dag.py for tasks to queue
[2024-05-09T11:42:43.727+0200] {logging_mixin.py:188} INFO - [2024-05-09T11:42:43.726+0200] {dagbag.py:540} INFO - Filling up the DagBag from /home/munya/.local/lib/python3.11/site-packages/airflow/example_dags/tutorial_dag.py
[2024-05-09T11:42:43.739+0200] {processor.py:840} INFO - DAG(s) 'tutorial_dag' retrieved from /home/munya/.local/lib/python3.11/site-packages/airflow/example_dags/tutorial_dag.py
[2024-05-09T11:42:43.768+0200] {logging_mixin.py:188} INFO - [2024-05-09T11:42:43.767+0200] {dag.py:3096} INFO - Sync 1 DAGs
[2024-05-09T11:42:43.788+0200] {logging_mixin.py:188} INFO - [2024-05-09T11:42:43.787+0200] {dag.py:3954} INFO - Setting next_dagrun for tutorial_dag to None, run_after=None
[2024-05-09T11:42:43.823+0200] {processor.py:183} INFO - Processing /home/munya/.local/lib/python3.11/site-packages/airflow/example_dags/tutorial_dag.py took 0.120 seconds
[2024-05-09T11:43:51.900+0200] {processor.py:161} INFO - Started process (PID=201304) to work on /home/munya/.local/lib/python3.11/site-packages/airflow/example_dags/tutorial_dag.py
[2024-05-09T11:43:51.901+0200] {processor.py:830} INFO - Processing file /home/munya/.local/lib/python3.11/site-packages/airflow/example_dags/tutorial_dag.py for tasks to queue
[2024-05-09T11:43:51.901+0200] {logging_mixin.py:188} INFO - [2024-05-09T11:43:51.901+0200] {dagbag.py:540} INFO - Filling up the DagBag from /home/munya/.local/lib/python3.11/site-packages/airflow/example_dags/tutorial_dag.py
[2024-05-09T11:43:51.906+0200] {processor.py:840} INFO - DAG(s) 'tutorial_dag' retrieved from /home/munya/.local/lib/python3.11/site-packages/airflow/example_dags/tutorial_dag.py
[2024-05-09T11:43:51.922+0200] {logging_mixin.py:188} INFO - [2024-05-09T11:43:51.922+0200] {dag.py:3096} INFO - Sync 1 DAGs
[2024-05-09T11:43:51.934+0200] {logging_mixin.py:188} INFO - [2024-05-09T11:43:51.934+0200] {dag.py:3954} INFO - Setting next_dagrun for tutorial_dag to None, run_after=None
[2024-05-09T11:43:51.960+0200] {processor.py:183} INFO - Processing /home/munya/.local/lib/python3.11/site-packages/airflow/example_dags/tutorial_dag.py took 0.072 seconds
[2024-05-09T11:44:56.849+0200] {processor.py:161} INFO - Started process (PID=202261) to work on /home/munya/.local/lib/python3.11/site-packages/airflow/example_dags/tutorial_dag.py
[2024-05-09T11:44:56.850+0200] {processor.py:830} INFO - Processing file /home/munya/.local/lib/python3.11/site-packages/airflow/example_dags/tutorial_dag.py for tasks to queue
[2024-05-09T11:44:56.851+0200] {logging_mixin.py:188} INFO - [2024-05-09T11:44:56.850+0200] {dagbag.py:540} INFO - Filling up the DagBag from /home/munya/.local/lib/python3.11/site-packages/airflow/example_dags/tutorial_dag.py
[2024-05-09T11:44:56.855+0200] {processor.py:840} INFO - DAG(s) 'tutorial_dag' retrieved from /home/munya/.local/lib/python3.11/site-packages/airflow/example_dags/tutorial_dag.py
[2024-05-09T11:44:56.873+0200] {logging_mixin.py:188} INFO - [2024-05-09T11:44:56.873+0200] {dag.py:3096} INFO - Sync 1 DAGs
[2024-05-09T11:44:56.885+0200] {logging_mixin.py:188} INFO - [2024-05-09T11:44:56.885+0200] {dag.py:3954} INFO - Setting next_dagrun for tutorial_dag to None, run_after=None
[2024-05-09T11:44:56.916+0200] {processor.py:183} INFO - Processing /home/munya/.local/lib/python3.11/site-packages/airflow/example_dags/tutorial_dag.py took 0.079 seconds
[2024-05-09T11:46:06.713+0200] {processor.py:161} INFO - Started process (PID=203181) to work on /home/munya/.local/lib/python3.11/site-packages/airflow/example_dags/tutorial_dag.py
[2024-05-09T11:46:06.714+0200] {processor.py:830} INFO - Processing file /home/munya/.local/lib/python3.11/site-packages/airflow/example_dags/tutorial_dag.py for tasks to queue
[2024-05-09T11:46:06.714+0200] {logging_mixin.py:188} INFO - [2024-05-09T11:46:06.714+0200] {dagbag.py:540} INFO - Filling up the DagBag from /home/munya/.local/lib/python3.11/site-packages/airflow/example_dags/tutorial_dag.py
[2024-05-09T11:46:06.719+0200] {processor.py:840} INFO - DAG(s) 'tutorial_dag' retrieved from /home/munya/.local/lib/python3.11/site-packages/airflow/example_dags/tutorial_dag.py
[2024-05-09T11:46:06.734+0200] {logging_mixin.py:188} INFO - [2024-05-09T11:46:06.734+0200] {dag.py:3096} INFO - Sync 1 DAGs
[2024-05-09T11:46:06.744+0200] {logging_mixin.py:188} INFO - [2024-05-09T11:46:06.744+0200] {dag.py:3954} INFO - Setting next_dagrun for tutorial_dag to None, run_after=None
[2024-05-09T11:46:06.768+0200] {processor.py:183} INFO - Processing /home/munya/.local/lib/python3.11/site-packages/airflow/example_dags/tutorial_dag.py took 0.067 seconds
[2024-05-09T11:47:10.494+0200] {processor.py:161} INFO - Started process (PID=204005) to work on /home/munya/.local/lib/python3.11/site-packages/airflow/example_dags/tutorial_dag.py
[2024-05-09T11:47:10.494+0200] {processor.py:830} INFO - Processing file /home/munya/.local/lib/python3.11/site-packages/airflow/example_dags/tutorial_dag.py for tasks to queue
[2024-05-09T11:47:10.495+0200] {logging_mixin.py:188} INFO - [2024-05-09T11:47:10.495+0200] {dagbag.py:540} INFO - Filling up the DagBag from /home/munya/.local/lib/python3.11/site-packages/airflow/example_dags/tutorial_dag.py
[2024-05-09T11:47:10.499+0200] {processor.py:840} INFO - DAG(s) 'tutorial_dag' retrieved from /home/munya/.local/lib/python3.11/site-packages/airflow/example_dags/tutorial_dag.py
[2024-05-09T11:47:10.515+0200] {logging_mixin.py:188} INFO - [2024-05-09T11:47:10.514+0200] {dag.py:3096} INFO - Sync 1 DAGs
[2024-05-09T11:47:10.525+0200] {logging_mixin.py:188} INFO - [2024-05-09T11:47:10.525+0200] {dag.py:3954} INFO - Setting next_dagrun for tutorial_dag to None, run_after=None
[2024-05-09T11:47:10.543+0200] {processor.py:183} INFO - Processing /home/munya/.local/lib/python3.11/site-packages/airflow/example_dags/tutorial_dag.py took 0.062 seconds
[2024-05-09T11:48:12.487+0200] {processor.py:161} INFO - Started process (PID=204821) to work on /home/munya/.local/lib/python3.11/site-packages/airflow/example_dags/tutorial_dag.py
[2024-05-09T11:48:12.488+0200] {processor.py:830} INFO - Processing file /home/munya/.local/lib/python3.11/site-packages/airflow/example_dags/tutorial_dag.py for tasks to queue
[2024-05-09T11:48:12.489+0200] {logging_mixin.py:188} INFO - [2024-05-09T11:48:12.488+0200] {dagbag.py:540} INFO - Filling up the DagBag from /home/munya/.local/lib/python3.11/site-packages/airflow/example_dags/tutorial_dag.py
[2024-05-09T11:48:12.494+0200] {processor.py:840} INFO - DAG(s) 'tutorial_dag' retrieved from /home/munya/.local/lib/python3.11/site-packages/airflow/example_dags/tutorial_dag.py
[2024-05-09T11:48:12.511+0200] {logging_mixin.py:188} INFO - [2024-05-09T11:48:12.511+0200] {dag.py:3096} INFO - Sync 1 DAGs
[2024-05-09T11:48:12.525+0200] {logging_mixin.py:188} INFO - [2024-05-09T11:48:12.525+0200] {dag.py:3954} INFO - Setting next_dagrun for tutorial_dag to None, run_after=None
[2024-05-09T11:48:12.555+0200] {processor.py:183} INFO - Processing /home/munya/.local/lib/python3.11/site-packages/airflow/example_dags/tutorial_dag.py took 0.079 seconds
[2024-05-09T11:49:07.716+0200] {processor.py:161} INFO - Started process (PID=205672) to work on /home/munya/.local/lib/python3.11/site-packages/airflow/example_dags/tutorial_dag.py
[2024-05-09T11:49:07.717+0200] {processor.py:830} INFO - Processing file /home/munya/.local/lib/python3.11/site-packages/airflow/example_dags/tutorial_dag.py for tasks to queue
[2024-05-09T11:49:07.718+0200] {logging_mixin.py:188} INFO - [2024-05-09T11:49:07.717+0200] {dagbag.py:540} INFO - Filling up the DagBag from /home/munya/.local/lib/python3.11/site-packages/airflow/example_dags/tutorial_dag.py
[2024-05-09T11:49:07.722+0200] {processor.py:840} INFO - DAG(s) 'tutorial_dag' retrieved from /home/munya/.local/lib/python3.11/site-packages/airflow/example_dags/tutorial_dag.py
[2024-05-09T11:49:07.735+0200] {logging_mixin.py:188} INFO - [2024-05-09T11:49:07.735+0200] {dag.py:3096} INFO - Sync 1 DAGs
[2024-05-09T11:49:07.744+0200] {logging_mixin.py:188} INFO - [2024-05-09T11:49:07.743+0200] {dag.py:3954} INFO - Setting next_dagrun for tutorial_dag to None, run_after=None
[2024-05-09T11:49:07.762+0200] {processor.py:183} INFO - Processing /home/munya/.local/lib/python3.11/site-packages/airflow/example_dags/tutorial_dag.py took 0.054 seconds
[2024-05-09T11:50:06.183+0200] {processor.py:161} INFO - Started process (PID=206477) to work on /home/munya/.local/lib/python3.11/site-packages/airflow/example_dags/tutorial_dag.py
[2024-05-09T11:50:06.189+0200] {processor.py:830} INFO - Processing file /home/munya/.local/lib/python3.11/site-packages/airflow/example_dags/tutorial_dag.py for tasks to queue
[2024-05-09T11:50:06.191+0200] {logging_mixin.py:188} INFO - [2024-05-09T11:50:06.190+0200] {dagbag.py:540} INFO - Filling up the DagBag from /home/munya/.local/lib/python3.11/site-packages/airflow/example_dags/tutorial_dag.py
[2024-05-09T11:50:06.197+0200] {processor.py:840} INFO - DAG(s) 'tutorial_dag' retrieved from /home/munya/.local/lib/python3.11/site-packages/airflow/example_dags/tutorial_dag.py
[2024-05-09T11:50:06.213+0200] {logging_mixin.py:188} INFO - [2024-05-09T11:50:06.213+0200] {dag.py:3096} INFO - Sync 1 DAGs
[2024-05-09T11:50:06.223+0200] {logging_mixin.py:188} INFO - [2024-05-09T11:50:06.223+0200] {dag.py:3954} INFO - Setting next_dagrun for tutorial_dag to None, run_after=None
[2024-05-09T11:50:06.244+0200] {processor.py:183} INFO - Processing /home/munya/.local/lib/python3.11/site-packages/airflow/example_dags/tutorial_dag.py took 0.078 seconds
[2024-05-09T11:51:13.535+0200] {processor.py:161} INFO - Started process (PID=207416) to work on /home/munya/.local/lib/python3.11/site-packages/airflow/example_dags/tutorial_dag.py
[2024-05-09T11:51:13.536+0200] {processor.py:830} INFO - Processing file /home/munya/.local/lib/python3.11/site-packages/airflow/example_dags/tutorial_dag.py for tasks to queue
[2024-05-09T11:51:13.537+0200] {logging_mixin.py:188} INFO - [2024-05-09T11:51:13.537+0200] {dagbag.py:540} INFO - Filling up the DagBag from /home/munya/.local/lib/python3.11/site-packages/airflow/example_dags/tutorial_dag.py
[2024-05-09T11:51:13.542+0200] {processor.py:840} INFO - DAG(s) 'tutorial_dag' retrieved from /home/munya/.local/lib/python3.11/site-packages/airflow/example_dags/tutorial_dag.py
[2024-05-09T11:51:13.563+0200] {logging_mixin.py:188} INFO - [2024-05-09T11:51:13.562+0200] {dag.py:3096} INFO - Sync 1 DAGs
[2024-05-09T11:51:13.575+0200] {logging_mixin.py:188} INFO - [2024-05-09T11:51:13.575+0200] {dag.py:3954} INFO - Setting next_dagrun for tutorial_dag to None, run_after=None
[2024-05-09T11:51:13.599+0200] {processor.py:183} INFO - Processing /home/munya/.local/lib/python3.11/site-packages/airflow/example_dags/tutorial_dag.py took 0.072 seconds
[2024-05-09T11:52:20.209+0200] {processor.py:161} INFO - Started process (PID=208349) to work on /home/munya/.local/lib/python3.11/site-packages/airflow/example_dags/tutorial_dag.py
[2024-05-09T11:52:20.210+0200] {processor.py:830} INFO - Processing file /home/munya/.local/lib/python3.11/site-packages/airflow/example_dags/tutorial_dag.py for tasks to queue
[2024-05-09T11:52:20.211+0200] {logging_mixin.py:188} INFO - [2024-05-09T11:52:20.211+0200] {dagbag.py:540} INFO - Filling up the DagBag from /home/munya/.local/lib/python3.11/site-packages/airflow/example_dags/tutorial_dag.py
[2024-05-09T11:52:20.216+0200] {processor.py:840} INFO - DAG(s) 'tutorial_dag' retrieved from /home/munya/.local/lib/python3.11/site-packages/airflow/example_dags/tutorial_dag.py
[2024-05-09T11:52:20.230+0200] {logging_mixin.py:188} INFO - [2024-05-09T11:52:20.230+0200] {dag.py:3096} INFO - Sync 1 DAGs
[2024-05-09T11:52:20.240+0200] {logging_mixin.py:188} INFO - [2024-05-09T11:52:20.240+0200] {dag.py:3954} INFO - Setting next_dagrun for tutorial_dag to None, run_after=None
[2024-05-09T11:52:20.257+0200] {processor.py:183} INFO - Processing /home/munya/.local/lib/python3.11/site-packages/airflow/example_dags/tutorial_dag.py took 0.058 seconds
[2024-05-09T11:53:22.415+0200] {processor.py:161} INFO - Started process (PID=209192) to work on /home/munya/.local/lib/python3.11/site-packages/airflow/example_dags/tutorial_dag.py
[2024-05-09T11:53:22.418+0200] {processor.py:830} INFO - Processing file /home/munya/.local/lib/python3.11/site-packages/airflow/example_dags/tutorial_dag.py for tasks to queue
[2024-05-09T11:53:22.420+0200] {logging_mixin.py:188} INFO - [2024-05-09T11:53:22.419+0200] {dagbag.py:540} INFO - Filling up the DagBag from /home/munya/.local/lib/python3.11/site-packages/airflow/example_dags/tutorial_dag.py
[2024-05-09T11:53:22.441+0200] {processor.py:840} INFO - DAG(s) 'tutorial_dag' retrieved from /home/munya/.local/lib/python3.11/site-packages/airflow/example_dags/tutorial_dag.py
[2024-05-09T11:53:22.495+0200] {logging_mixin.py:188} INFO - [2024-05-09T11:53:22.494+0200] {dag.py:3096} INFO - Sync 1 DAGs
[2024-05-09T11:53:22.531+0200] {logging_mixin.py:188} INFO - [2024-05-09T11:53:22.530+0200] {dag.py:3954} INFO - Setting next_dagrun for tutorial_dag to None, run_after=None
[2024-05-09T11:53:22.582+0200] {processor.py:183} INFO - Processing /home/munya/.local/lib/python3.11/site-packages/airflow/example_dags/tutorial_dag.py took 0.198 seconds
[2024-05-09T11:54:23.319+0200] {processor.py:161} INFO - Started process (PID=210031) to work on /home/munya/.local/lib/python3.11/site-packages/airflow/example_dags/tutorial_dag.py
[2024-05-09T11:54:23.319+0200] {processor.py:830} INFO - Processing file /home/munya/.local/lib/python3.11/site-packages/airflow/example_dags/tutorial_dag.py for tasks to queue
[2024-05-09T11:54:23.320+0200] {logging_mixin.py:188} INFO - [2024-05-09T11:54:23.320+0200] {dagbag.py:540} INFO - Filling up the DagBag from /home/munya/.local/lib/python3.11/site-packages/airflow/example_dags/tutorial_dag.py
[2024-05-09T11:54:23.325+0200] {processor.py:840} INFO - DAG(s) 'tutorial_dag' retrieved from /home/munya/.local/lib/python3.11/site-packages/airflow/example_dags/tutorial_dag.py
[2024-05-09T11:54:23.338+0200] {logging_mixin.py:188} INFO - [2024-05-09T11:54:23.338+0200] {dag.py:3096} INFO - Sync 1 DAGs
[2024-05-09T11:54:23.347+0200] {logging_mixin.py:188} INFO - [2024-05-09T11:54:23.346+0200] {dag.py:3954} INFO - Setting next_dagrun for tutorial_dag to None, run_after=None
[2024-05-09T11:54:23.362+0200] {processor.py:183} INFO - Processing /home/munya/.local/lib/python3.11/site-packages/airflow/example_dags/tutorial_dag.py took 0.051 seconds
[2024-05-09T11:55:22.620+0200] {processor.py:161} INFO - Started process (PID=210856) to work on /home/munya/.local/lib/python3.11/site-packages/airflow/example_dags/tutorial_dag.py
[2024-05-09T11:55:22.622+0200] {processor.py:830} INFO - Processing file /home/munya/.local/lib/python3.11/site-packages/airflow/example_dags/tutorial_dag.py for tasks to queue
[2024-05-09T11:55:22.625+0200] {logging_mixin.py:188} INFO - [2024-05-09T11:55:22.624+0200] {dagbag.py:540} INFO - Filling up the DagBag from /home/munya/.local/lib/python3.11/site-packages/airflow/example_dags/tutorial_dag.py
[2024-05-09T11:55:22.641+0200] {processor.py:840} INFO - DAG(s) 'tutorial_dag' retrieved from /home/munya/.local/lib/python3.11/site-packages/airflow/example_dags/tutorial_dag.py
[2024-05-09T11:55:22.692+0200] {logging_mixin.py:188} INFO - [2024-05-09T11:55:22.692+0200] {dag.py:3096} INFO - Sync 1 DAGs
[2024-05-09T11:55:22.725+0200] {logging_mixin.py:188} INFO - [2024-05-09T11:55:22.724+0200] {dag.py:3954} INFO - Setting next_dagrun for tutorial_dag to None, run_after=None
[2024-05-09T11:55:22.777+0200] {processor.py:183} INFO - Processing /home/munya/.local/lib/python3.11/site-packages/airflow/example_dags/tutorial_dag.py took 0.189 seconds
[2024-05-09T11:56:26.075+0200] {processor.py:161} INFO - Started process (PID=211715) to work on /home/munya/.local/lib/python3.11/site-packages/airflow/example_dags/tutorial_dag.py
[2024-05-09T11:56:26.076+0200] {processor.py:830} INFO - Processing file /home/munya/.local/lib/python3.11/site-packages/airflow/example_dags/tutorial_dag.py for tasks to queue
[2024-05-09T11:56:26.077+0200] {logging_mixin.py:188} INFO - [2024-05-09T11:56:26.076+0200] {dagbag.py:540} INFO - Filling up the DagBag from /home/munya/.local/lib/python3.11/site-packages/airflow/example_dags/tutorial_dag.py
[2024-05-09T11:56:26.081+0200] {processor.py:840} INFO - DAG(s) 'tutorial_dag' retrieved from /home/munya/.local/lib/python3.11/site-packages/airflow/example_dags/tutorial_dag.py
[2024-05-09T11:56:26.095+0200] {logging_mixin.py:188} INFO - [2024-05-09T11:56:26.095+0200] {dag.py:3096} INFO - Sync 1 DAGs
[2024-05-09T11:56:26.104+0200] {logging_mixin.py:188} INFO - [2024-05-09T11:56:26.104+0200] {dag.py:3954} INFO - Setting next_dagrun for tutorial_dag to None, run_after=None
[2024-05-09T11:56:26.124+0200] {processor.py:183} INFO - Processing /home/munya/.local/lib/python3.11/site-packages/airflow/example_dags/tutorial_dag.py took 0.058 seconds
[2024-05-09T11:57:22.348+0200] {processor.py:161} INFO - Started process (PID=212420) to work on /home/munya/.local/lib/python3.11/site-packages/airflow/example_dags/tutorial_dag.py
[2024-05-09T11:57:22.349+0200] {processor.py:830} INFO - Processing file /home/munya/.local/lib/python3.11/site-packages/airflow/example_dags/tutorial_dag.py for tasks to queue
[2024-05-09T11:57:22.350+0200] {logging_mixin.py:188} INFO - [2024-05-09T11:57:22.350+0200] {dagbag.py:540} INFO - Filling up the DagBag from /home/munya/.local/lib/python3.11/site-packages/airflow/example_dags/tutorial_dag.py
[2024-05-09T11:57:22.355+0200] {processor.py:840} INFO - DAG(s) 'tutorial_dag' retrieved from /home/munya/.local/lib/python3.11/site-packages/airflow/example_dags/tutorial_dag.py
[2024-05-09T11:57:22.368+0200] {logging_mixin.py:188} INFO - [2024-05-09T11:57:22.368+0200] {dag.py:3096} INFO - Sync 1 DAGs
[2024-05-09T11:57:22.378+0200] {logging_mixin.py:188} INFO - [2024-05-09T11:57:22.377+0200] {dag.py:3954} INFO - Setting next_dagrun for tutorial_dag to None, run_after=None
[2024-05-09T11:57:22.401+0200] {processor.py:183} INFO - Processing /home/munya/.local/lib/python3.11/site-packages/airflow/example_dags/tutorial_dag.py took 0.065 seconds
[2024-05-09T11:58:18.965+0200] {processor.py:161} INFO - Started process (PID=213127) to work on /home/munya/.local/lib/python3.11/site-packages/airflow/example_dags/tutorial_dag.py
[2024-05-09T11:58:18.968+0200] {processor.py:830} INFO - Processing file /home/munya/.local/lib/python3.11/site-packages/airflow/example_dags/tutorial_dag.py for tasks to queue
[2024-05-09T11:58:18.970+0200] {logging_mixin.py:188} INFO - [2024-05-09T11:58:18.969+0200] {dagbag.py:540} INFO - Filling up the DagBag from /home/munya/.local/lib/python3.11/site-packages/airflow/example_dags/tutorial_dag.py
[2024-05-09T11:58:18.986+0200] {processor.py:840} INFO - DAG(s) 'tutorial_dag' retrieved from /home/munya/.local/lib/python3.11/site-packages/airflow/example_dags/tutorial_dag.py
[2024-05-09T11:58:19.034+0200] {logging_mixin.py:188} INFO - [2024-05-09T11:58:19.034+0200] {dag.py:3096} INFO - Sync 1 DAGs
[2024-05-09T11:58:19.052+0200] {logging_mixin.py:188} INFO - [2024-05-09T11:58:19.051+0200] {dag.py:3954} INFO - Setting next_dagrun for tutorial_dag to None, run_after=None
[2024-05-09T11:58:19.070+0200] {processor.py:183} INFO - Processing /home/munya/.local/lib/python3.11/site-packages/airflow/example_dags/tutorial_dag.py took 0.135 seconds
[2024-05-09T11:59:24.319+0200] {processor.py:161} INFO - Started process (PID=213915) to work on /home/munya/.local/lib/python3.11/site-packages/airflow/example_dags/tutorial_dag.py
[2024-05-09T11:59:24.320+0200] {processor.py:830} INFO - Processing file /home/munya/.local/lib/python3.11/site-packages/airflow/example_dags/tutorial_dag.py for tasks to queue
[2024-05-09T11:59:24.320+0200] {logging_mixin.py:188} INFO - [2024-05-09T11:59:24.320+0200] {dagbag.py:540} INFO - Filling up the DagBag from /home/munya/.local/lib/python3.11/site-packages/airflow/example_dags/tutorial_dag.py
[2024-05-09T11:59:24.325+0200] {processor.py:840} INFO - DAG(s) 'tutorial_dag' retrieved from /home/munya/.local/lib/python3.11/site-packages/airflow/example_dags/tutorial_dag.py
[2024-05-09T11:59:24.337+0200] {logging_mixin.py:188} INFO - [2024-05-09T11:59:24.337+0200] {dag.py:3096} INFO - Sync 1 DAGs
[2024-05-09T11:59:24.345+0200] {logging_mixin.py:188} INFO - [2024-05-09T11:59:24.345+0200] {dag.py:3954} INFO - Setting next_dagrun for tutorial_dag to None, run_after=None
[2024-05-09T11:59:24.360+0200] {processor.py:183} INFO - Processing /home/munya/.local/lib/python3.11/site-packages/airflow/example_dags/tutorial_dag.py took 0.049 seconds
[2024-05-09T12:00:45.720+0200] {processor.py:161} INFO - Started process (PID=214945) to work on /home/munya/.local/lib/python3.11/site-packages/airflow/example_dags/tutorial_dag.py
[2024-05-09T12:00:45.721+0200] {processor.py:830} INFO - Processing file /home/munya/.local/lib/python3.11/site-packages/airflow/example_dags/tutorial_dag.py for tasks to queue
[2024-05-09T12:00:45.722+0200] {logging_mixin.py:188} INFO - [2024-05-09T12:00:45.721+0200] {dagbag.py:540} INFO - Filling up the DagBag from /home/munya/.local/lib/python3.11/site-packages/airflow/example_dags/tutorial_dag.py
[2024-05-09T12:00:45.726+0200] {processor.py:840} INFO - DAG(s) 'tutorial_dag' retrieved from /home/munya/.local/lib/python3.11/site-packages/airflow/example_dags/tutorial_dag.py
[2024-05-09T12:00:45.740+0200] {logging_mixin.py:188} INFO - [2024-05-09T12:00:45.740+0200] {dag.py:3096} INFO - Sync 1 DAGs
[2024-05-09T12:00:45.749+0200] {logging_mixin.py:188} INFO - [2024-05-09T12:00:45.749+0200] {dag.py:3954} INFO - Setting next_dagrun for tutorial_dag to None, run_after=None
[2024-05-09T12:00:45.768+0200] {processor.py:183} INFO - Processing /home/munya/.local/lib/python3.11/site-packages/airflow/example_dags/tutorial_dag.py took 0.057 seconds
[2024-05-09T12:01:25.324+0200] {processor.py:161} INFO - Started process (PID=215560) to work on /home/munya/.local/lib/python3.11/site-packages/airflow/example_dags/tutorial_dag.py
[2024-05-09T12:01:25.325+0200] {processor.py:830} INFO - Processing file /home/munya/.local/lib/python3.11/site-packages/airflow/example_dags/tutorial_dag.py for tasks to queue
[2024-05-09T12:01:25.327+0200] {logging_mixin.py:188} INFO - [2024-05-09T12:01:25.326+0200] {dagbag.py:540} INFO - Filling up the DagBag from /home/munya/.local/lib/python3.11/site-packages/airflow/example_dags/tutorial_dag.py
[2024-05-09T12:01:25.332+0200] {processor.py:840} INFO - DAG(s) 'tutorial_dag' retrieved from /home/munya/.local/lib/python3.11/site-packages/airflow/example_dags/tutorial_dag.py
[2024-05-09T12:01:25.354+0200] {logging_mixin.py:188} INFO - [2024-05-09T12:01:25.354+0200] {dag.py:3096} INFO - Sync 1 DAGs
[2024-05-09T12:01:25.367+0200] {logging_mixin.py:188} INFO - [2024-05-09T12:01:25.366+0200] {dag.py:3954} INFO - Setting next_dagrun for tutorial_dag to None, run_after=None
[2024-05-09T12:01:25.392+0200] {processor.py:183} INFO - Processing /home/munya/.local/lib/python3.11/site-packages/airflow/example_dags/tutorial_dag.py took 0.079 seconds
[2024-05-09T12:02:21.987+0200] {processor.py:161} INFO - Started process (PID=216336) to work on /home/munya/.local/lib/python3.11/site-packages/airflow/example_dags/tutorial_dag.py
[2024-05-09T12:02:21.988+0200] {processor.py:830} INFO - Processing file /home/munya/.local/lib/python3.11/site-packages/airflow/example_dags/tutorial_dag.py for tasks to queue
[2024-05-09T12:02:21.988+0200] {logging_mixin.py:188} INFO - [2024-05-09T12:02:21.988+0200] {dagbag.py:540} INFO - Filling up the DagBag from /home/munya/.local/lib/python3.11/site-packages/airflow/example_dags/tutorial_dag.py
[2024-05-09T12:02:21.994+0200] {processor.py:840} INFO - DAG(s) 'tutorial_dag' retrieved from /home/munya/.local/lib/python3.11/site-packages/airflow/example_dags/tutorial_dag.py
[2024-05-09T12:02:22.008+0200] {logging_mixin.py:188} INFO - [2024-05-09T12:02:22.008+0200] {dag.py:3096} INFO - Sync 1 DAGs
[2024-05-09T12:02:22.018+0200] {logging_mixin.py:188} INFO - [2024-05-09T12:02:22.017+0200] {dag.py:3954} INFO - Setting next_dagrun for tutorial_dag to None, run_after=None
[2024-05-09T12:02:22.035+0200] {processor.py:183} INFO - Processing /home/munya/.local/lib/python3.11/site-packages/airflow/example_dags/tutorial_dag.py took 0.059 seconds
[2024-05-09T12:03:24.613+0200] {processor.py:161} INFO - Started process (PID=217284) to work on /home/munya/.local/lib/python3.11/site-packages/airflow/example_dags/tutorial_dag.py
[2024-05-09T12:03:24.614+0200] {processor.py:830} INFO - Processing file /home/munya/.local/lib/python3.11/site-packages/airflow/example_dags/tutorial_dag.py for tasks to queue
[2024-05-09T12:03:24.615+0200] {logging_mixin.py:188} INFO - [2024-05-09T12:03:24.615+0200] {dagbag.py:540} INFO - Filling up the DagBag from /home/munya/.local/lib/python3.11/site-packages/airflow/example_dags/tutorial_dag.py
[2024-05-09T12:03:24.620+0200] {processor.py:840} INFO - DAG(s) 'tutorial_dag' retrieved from /home/munya/.local/lib/python3.11/site-packages/airflow/example_dags/tutorial_dag.py
[2024-05-09T12:03:24.637+0200] {logging_mixin.py:188} INFO - [2024-05-09T12:03:24.637+0200] {dag.py:3096} INFO - Sync 1 DAGs
[2024-05-09T12:03:24.650+0200] {logging_mixin.py:188} INFO - [2024-05-09T12:03:24.650+0200] {dag.py:3954} INFO - Setting next_dagrun for tutorial_dag to None, run_after=None
[2024-05-09T12:03:24.675+0200] {processor.py:183} INFO - Processing /home/munya/.local/lib/python3.11/site-packages/airflow/example_dags/tutorial_dag.py took 0.074 seconds
[2024-05-09T12:04:25.729+0200] {processor.py:161} INFO - Started process (PID=218137) to work on /home/munya/.local/lib/python3.11/site-packages/airflow/example_dags/tutorial_dag.py
[2024-05-09T12:04:25.730+0200] {processor.py:830} INFO - Processing file /home/munya/.local/lib/python3.11/site-packages/airflow/example_dags/tutorial_dag.py for tasks to queue
[2024-05-09T12:04:25.731+0200] {logging_mixin.py:188} INFO - [2024-05-09T12:04:25.731+0200] {dagbag.py:540} INFO - Filling up the DagBag from /home/munya/.local/lib/python3.11/site-packages/airflow/example_dags/tutorial_dag.py
[2024-05-09T12:04:25.736+0200] {processor.py:840} INFO - DAG(s) 'tutorial_dag' retrieved from /home/munya/.local/lib/python3.11/site-packages/airflow/example_dags/tutorial_dag.py
[2024-05-09T12:04:25.753+0200] {logging_mixin.py:188} INFO - [2024-05-09T12:04:25.753+0200] {dag.py:3096} INFO - Sync 1 DAGs
[2024-05-09T12:04:25.764+0200] {logging_mixin.py:188} INFO - [2024-05-09T12:04:25.764+0200] {dag.py:3954} INFO - Setting next_dagrun for tutorial_dag to None, run_after=None
[2024-05-09T12:04:25.783+0200] {processor.py:183} INFO - Processing /home/munya/.local/lib/python3.11/site-packages/airflow/example_dags/tutorial_dag.py took 0.065 seconds
[2024-05-09T12:05:29.889+0200] {processor.py:161} INFO - Started process (PID=219008) to work on /home/munya/.local/lib/python3.11/site-packages/airflow/example_dags/tutorial_dag.py
[2024-05-09T12:05:29.890+0200] {processor.py:830} INFO - Processing file /home/munya/.local/lib/python3.11/site-packages/airflow/example_dags/tutorial_dag.py for tasks to queue
[2024-05-09T12:05:29.891+0200] {logging_mixin.py:188} INFO - [2024-05-09T12:05:29.891+0200] {dagbag.py:540} INFO - Filling up the DagBag from /home/munya/.local/lib/python3.11/site-packages/airflow/example_dags/tutorial_dag.py
[2024-05-09T12:05:29.897+0200] {processor.py:840} INFO - DAG(s) 'tutorial_dag' retrieved from /home/munya/.local/lib/python3.11/site-packages/airflow/example_dags/tutorial_dag.py
[2024-05-09T12:05:29.919+0200] {logging_mixin.py:188} INFO - [2024-05-09T12:05:29.919+0200] {dag.py:3096} INFO - Sync 1 DAGs
[2024-05-09T12:05:29.928+0200] {logging_mixin.py:188} INFO - [2024-05-09T12:05:29.928+0200] {dag.py:3954} INFO - Setting next_dagrun for tutorial_dag to None, run_after=None
[2024-05-09T12:05:29.945+0200] {processor.py:183} INFO - Processing /home/munya/.local/lib/python3.11/site-packages/airflow/example_dags/tutorial_dag.py took 0.064 seconds
[2024-05-09T12:06:28.690+0200] {processor.py:161} INFO - Started process (PID=219830) to work on /home/munya/.local/lib/python3.11/site-packages/airflow/example_dags/tutorial_dag.py
[2024-05-09T12:06:28.691+0200] {processor.py:830} INFO - Processing file /home/munya/.local/lib/python3.11/site-packages/airflow/example_dags/tutorial_dag.py for tasks to queue
[2024-05-09T12:06:28.692+0200] {logging_mixin.py:188} INFO - [2024-05-09T12:06:28.691+0200] {dagbag.py:540} INFO - Filling up the DagBag from /home/munya/.local/lib/python3.11/site-packages/airflow/example_dags/tutorial_dag.py
[2024-05-09T12:06:28.696+0200] {processor.py:840} INFO - DAG(s) 'tutorial_dag' retrieved from /home/munya/.local/lib/python3.11/site-packages/airflow/example_dags/tutorial_dag.py
[2024-05-09T12:06:28.710+0200] {logging_mixin.py:188} INFO - [2024-05-09T12:06:28.710+0200] {dag.py:3096} INFO - Sync 1 DAGs
[2024-05-09T12:06:28.719+0200] {logging_mixin.py:188} INFO - [2024-05-09T12:06:28.718+0200] {dag.py:3954} INFO - Setting next_dagrun for tutorial_dag to None, run_after=None
[2024-05-09T12:06:28.735+0200] {processor.py:183} INFO - Processing /home/munya/.local/lib/python3.11/site-packages/airflow/example_dags/tutorial_dag.py took 0.052 seconds
[2024-05-09T12:07:25.860+0200] {processor.py:161} INFO - Started process (PID=220616) to work on /home/munya/.local/lib/python3.11/site-packages/airflow/example_dags/tutorial_dag.py
[2024-05-09T12:07:25.865+0200] {processor.py:830} INFO - Processing file /home/munya/.local/lib/python3.11/site-packages/airflow/example_dags/tutorial_dag.py for tasks to queue
[2024-05-09T12:07:25.869+0200] {logging_mixin.py:188} INFO - [2024-05-09T12:07:25.867+0200] {dagbag.py:540} INFO - Filling up the DagBag from /home/munya/.local/lib/python3.11/site-packages/airflow/example_dags/tutorial_dag.py
[2024-05-09T12:07:25.889+0200] {processor.py:840} INFO - DAG(s) 'tutorial_dag' retrieved from /home/munya/.local/lib/python3.11/site-packages/airflow/example_dags/tutorial_dag.py
[2024-05-09T12:07:25.946+0200] {logging_mixin.py:188} INFO - [2024-05-09T12:07:25.945+0200] {dag.py:3096} INFO - Sync 1 DAGs
[2024-05-09T12:07:25.986+0200] {logging_mixin.py:188} INFO - [2024-05-09T12:07:25.985+0200] {dag.py:3954} INFO - Setting next_dagrun for tutorial_dag to None, run_after=None
[2024-05-09T12:07:26.050+0200] {processor.py:183} INFO - Processing /home/munya/.local/lib/python3.11/site-packages/airflow/example_dags/tutorial_dag.py took 0.233 seconds
[2024-05-09T12:08:36.576+0200] {processor.py:161} INFO - Started process (PID=221574) to work on /home/munya/.local/lib/python3.11/site-packages/airflow/example_dags/tutorial_dag.py
[2024-05-09T12:08:36.578+0200] {processor.py:830} INFO - Processing file /home/munya/.local/lib/python3.11/site-packages/airflow/example_dags/tutorial_dag.py for tasks to queue
[2024-05-09T12:08:36.581+0200] {logging_mixin.py:188} INFO - [2024-05-09T12:08:36.580+0200] {dagbag.py:540} INFO - Filling up the DagBag from /home/munya/.local/lib/python3.11/site-packages/airflow/example_dags/tutorial_dag.py
[2024-05-09T12:08:36.598+0200] {processor.py:840} INFO - DAG(s) 'tutorial_dag' retrieved from /home/munya/.local/lib/python3.11/site-packages/airflow/example_dags/tutorial_dag.py
[2024-05-09T12:08:36.648+0200] {logging_mixin.py:188} INFO - [2024-05-09T12:08:36.648+0200] {dag.py:3096} INFO - Sync 1 DAGs
[2024-05-09T12:08:36.683+0200] {logging_mixin.py:188} INFO - [2024-05-09T12:08:36.682+0200] {dag.py:3954} INFO - Setting next_dagrun for tutorial_dag to None, run_after=None
[2024-05-09T12:08:36.736+0200] {processor.py:183} INFO - Processing /home/munya/.local/lib/python3.11/site-packages/airflow/example_dags/tutorial_dag.py took 0.191 seconds
[2024-05-09T12:09:41.306+0200] {processor.py:161} INFO - Started process (PID=222524) to work on /home/munya/.local/lib/python3.11/site-packages/airflow/example_dags/tutorial_dag.py
[2024-05-09T12:09:41.308+0200] {processor.py:830} INFO - Processing file /home/munya/.local/lib/python3.11/site-packages/airflow/example_dags/tutorial_dag.py for tasks to queue
[2024-05-09T12:09:41.308+0200] {logging_mixin.py:188} INFO - [2024-05-09T12:09:41.308+0200] {dagbag.py:540} INFO - Filling up the DagBag from /home/munya/.local/lib/python3.11/site-packages/airflow/example_dags/tutorial_dag.py
[2024-05-09T12:09:41.313+0200] {processor.py:840} INFO - DAG(s) 'tutorial_dag' retrieved from /home/munya/.local/lib/python3.11/site-packages/airflow/example_dags/tutorial_dag.py
[2024-05-09T12:09:41.331+0200] {logging_mixin.py:188} INFO - [2024-05-09T12:09:41.331+0200] {dag.py:3096} INFO - Sync 1 DAGs
[2024-05-09T12:09:41.344+0200] {logging_mixin.py:188} INFO - [2024-05-09T12:09:41.344+0200] {dag.py:3954} INFO - Setting next_dagrun for tutorial_dag to None, run_after=None
[2024-05-09T12:09:41.367+0200] {processor.py:183} INFO - Processing /home/munya/.local/lib/python3.11/site-packages/airflow/example_dags/tutorial_dag.py took 0.071 seconds
[2024-05-09T12:10:52.098+0200] {processor.py:161} INFO - Started process (PID=223487) to work on /home/munya/.local/lib/python3.11/site-packages/airflow/example_dags/tutorial_dag.py
[2024-05-09T12:10:52.099+0200] {processor.py:830} INFO - Processing file /home/munya/.local/lib/python3.11/site-packages/airflow/example_dags/tutorial_dag.py for tasks to queue
[2024-05-09T12:10:52.100+0200] {logging_mixin.py:188} INFO - [2024-05-09T12:10:52.099+0200] {dagbag.py:540} INFO - Filling up the DagBag from /home/munya/.local/lib/python3.11/site-packages/airflow/example_dags/tutorial_dag.py
[2024-05-09T12:10:52.105+0200] {processor.py:840} INFO - DAG(s) 'tutorial_dag' retrieved from /home/munya/.local/lib/python3.11/site-packages/airflow/example_dags/tutorial_dag.py
[2024-05-09T12:10:52.123+0200] {logging_mixin.py:188} INFO - [2024-05-09T12:10:52.123+0200] {dag.py:3096} INFO - Sync 1 DAGs
[2024-05-09T12:10:52.135+0200] {logging_mixin.py:188} INFO - [2024-05-09T12:10:52.135+0200] {dag.py:3954} INFO - Setting next_dagrun for tutorial_dag to None, run_after=None
[2024-05-09T12:10:52.157+0200] {processor.py:183} INFO - Processing /home/munya/.local/lib/python3.11/site-packages/airflow/example_dags/tutorial_dag.py took 0.069 seconds
[2024-05-09T12:12:07.804+0200] {processor.py:161} INFO - Started process (PID=224625) to work on /home/munya/.local/lib/python3.11/site-packages/airflow/example_dags/tutorial_dag.py
[2024-05-09T12:12:07.809+0200] {processor.py:830} INFO - Processing file /home/munya/.local/lib/python3.11/site-packages/airflow/example_dags/tutorial_dag.py for tasks to queue
[2024-05-09T12:12:07.811+0200] {logging_mixin.py:188} INFO - [2024-05-09T12:12:07.810+0200] {dagbag.py:540} INFO - Filling up the DagBag from /home/munya/.local/lib/python3.11/site-packages/airflow/example_dags/tutorial_dag.py
[2024-05-09T12:12:07.822+0200] {processor.py:840} INFO - DAG(s) 'tutorial_dag' retrieved from /home/munya/.local/lib/python3.11/site-packages/airflow/example_dags/tutorial_dag.py
[2024-05-09T12:12:07.852+0200] {logging_mixin.py:188} INFO - [2024-05-09T12:12:07.852+0200] {dag.py:3096} INFO - Sync 1 DAGs
[2024-05-09T12:12:07.871+0200] {logging_mixin.py:188} INFO - [2024-05-09T12:12:07.871+0200] {dag.py:3954} INFO - Setting next_dagrun for tutorial_dag to None, run_after=None
[2024-05-09T12:12:08.157+0200] {processor.py:183} INFO - Processing /home/munya/.local/lib/python3.11/site-packages/airflow/example_dags/tutorial_dag.py took 0.374 seconds
[2024-05-09T12:13:04.509+0200] {processor.py:161} INFO - Started process (PID=225382) to work on /home/munya/.local/lib/python3.11/site-packages/airflow/example_dags/tutorial_dag.py
[2024-05-09T12:13:04.512+0200] {processor.py:830} INFO - Processing file /home/munya/.local/lib/python3.11/site-packages/airflow/example_dags/tutorial_dag.py for tasks to queue
[2024-05-09T12:13:04.515+0200] {logging_mixin.py:188} INFO - [2024-05-09T12:13:04.514+0200] {dagbag.py:540} INFO - Filling up the DagBag from /home/munya/.local/lib/python3.11/site-packages/airflow/example_dags/tutorial_dag.py
[2024-05-09T12:13:04.531+0200] {processor.py:840} INFO - DAG(s) 'tutorial_dag' retrieved from /home/munya/.local/lib/python3.11/site-packages/airflow/example_dags/tutorial_dag.py
[2024-05-09T12:13:04.575+0200] {logging_mixin.py:188} INFO - [2024-05-09T12:13:04.574+0200] {dag.py:3096} INFO - Sync 1 DAGs
[2024-05-09T12:13:04.607+0200] {logging_mixin.py:188} INFO - [2024-05-09T12:13:04.606+0200] {dag.py:3954} INFO - Setting next_dagrun for tutorial_dag to None, run_after=None
[2024-05-09T12:13:04.660+0200] {processor.py:183} INFO - Processing /home/munya/.local/lib/python3.11/site-packages/airflow/example_dags/tutorial_dag.py took 0.183 seconds
[2024-05-09T12:13:52.358+0200] {processor.py:161} INFO - Started process (PID=226013) to work on /home/munya/.local/lib/python3.11/site-packages/airflow/example_dags/tutorial_dag.py
[2024-05-09T12:13:52.360+0200] {processor.py:830} INFO - Processing file /home/munya/.local/lib/python3.11/site-packages/airflow/example_dags/tutorial_dag.py for tasks to queue
[2024-05-09T12:13:52.362+0200] {logging_mixin.py:188} INFO - [2024-05-09T12:13:52.361+0200] {dagbag.py:540} INFO - Filling up the DagBag from /home/munya/.local/lib/python3.11/site-packages/airflow/example_dags/tutorial_dag.py
[2024-05-09T12:13:52.376+0200] {processor.py:840} INFO - DAG(s) 'tutorial_dag' retrieved from /home/munya/.local/lib/python3.11/site-packages/airflow/example_dags/tutorial_dag.py
[2024-05-09T12:13:52.412+0200] {logging_mixin.py:188} INFO - [2024-05-09T12:13:52.412+0200] {dag.py:3096} INFO - Sync 1 DAGs
[2024-05-09T12:13:52.439+0200] {logging_mixin.py:188} INFO - [2024-05-09T12:13:52.438+0200] {dag.py:3954} INFO - Setting next_dagrun for tutorial_dag to None, run_after=None
[2024-05-09T12:13:52.470+0200] {processor.py:183} INFO - Processing /home/munya/.local/lib/python3.11/site-packages/airflow/example_dags/tutorial_dag.py took 0.135 seconds
[2024-05-09T12:15:06.759+0200] {processor.py:161} INFO - Started process (PID=227019) to work on /home/munya/.local/lib/python3.11/site-packages/airflow/example_dags/tutorial_dag.py
[2024-05-09T12:15:06.760+0200] {processor.py:830} INFO - Processing file /home/munya/.local/lib/python3.11/site-packages/airflow/example_dags/tutorial_dag.py for tasks to queue
[2024-05-09T12:15:06.762+0200] {logging_mixin.py:188} INFO - [2024-05-09T12:15:06.761+0200] {dagbag.py:540} INFO - Filling up the DagBag from /home/munya/.local/lib/python3.11/site-packages/airflow/example_dags/tutorial_dag.py
[2024-05-09T12:15:06.773+0200] {processor.py:840} INFO - DAG(s) 'tutorial_dag' retrieved from /home/munya/.local/lib/python3.11/site-packages/airflow/example_dags/tutorial_dag.py
[2024-05-09T12:15:06.800+0200] {logging_mixin.py:188} INFO - [2024-05-09T12:15:06.800+0200] {dag.py:3096} INFO - Sync 1 DAGs
[2024-05-09T12:15:06.819+0200] {logging_mixin.py:188} INFO - [2024-05-09T12:15:06.818+0200] {dag.py:3954} INFO - Setting next_dagrun for tutorial_dag to None, run_after=None
[2024-05-09T12:15:06.851+0200] {processor.py:183} INFO - Processing /home/munya/.local/lib/python3.11/site-packages/airflow/example_dags/tutorial_dag.py took 0.112 seconds
[2024-05-09T12:15:48.813+0200] {processor.py:161} INFO - Started process (PID=227569) to work on /home/munya/.local/lib/python3.11/site-packages/airflow/example_dags/tutorial_dag.py
[2024-05-09T12:15:48.817+0200] {processor.py:830} INFO - Processing file /home/munya/.local/lib/python3.11/site-packages/airflow/example_dags/tutorial_dag.py for tasks to queue
[2024-05-09T12:15:48.822+0200] {logging_mixin.py:188} INFO - [2024-05-09T12:15:48.819+0200] {dagbag.py:540} INFO - Filling up the DagBag from /home/munya/.local/lib/python3.11/site-packages/airflow/example_dags/tutorial_dag.py
[2024-05-09T12:15:48.856+0200] {processor.py:840} INFO - DAG(s) 'tutorial_dag' retrieved from /home/munya/.local/lib/python3.11/site-packages/airflow/example_dags/tutorial_dag.py
[2024-05-09T12:15:48.956+0200] {logging_mixin.py:188} INFO - [2024-05-09T12:15:48.955+0200] {dag.py:3096} INFO - Sync 1 DAGs
[2024-05-09T12:15:48.986+0200] {logging_mixin.py:188} INFO - [2024-05-09T12:15:48.985+0200] {dag.py:3954} INFO - Setting next_dagrun for tutorial_dag to None, run_after=None
[2024-05-09T12:15:49.020+0200] {processor.py:183} INFO - Processing /home/munya/.local/lib/python3.11/site-packages/airflow/example_dags/tutorial_dag.py took 0.276 seconds
[2024-05-09T12:16:33.273+0200] {processor.py:161} INFO - Started process (PID=228137) to work on /home/munya/.local/lib/python3.11/site-packages/airflow/example_dags/tutorial_dag.py
[2024-05-09T12:16:33.279+0200] {processor.py:830} INFO - Processing file /home/munya/.local/lib/python3.11/site-packages/airflow/example_dags/tutorial_dag.py for tasks to queue
[2024-05-09T12:16:33.286+0200] {logging_mixin.py:188} INFO - [2024-05-09T12:16:33.282+0200] {dagbag.py:540} INFO - Filling up the DagBag from /home/munya/.local/lib/python3.11/site-packages/airflow/example_dags/tutorial_dag.py
[2024-05-09T12:16:33.311+0200] {processor.py:840} INFO - DAG(s) 'tutorial_dag' retrieved from /home/munya/.local/lib/python3.11/site-packages/airflow/example_dags/tutorial_dag.py
[2024-05-09T12:16:33.357+0200] {logging_mixin.py:188} INFO - [2024-05-09T12:16:33.356+0200] {dag.py:3096} INFO - Sync 1 DAGs
[2024-05-09T12:16:33.386+0200] {logging_mixin.py:188} INFO - [2024-05-09T12:16:33.386+0200] {dag.py:3954} INFO - Setting next_dagrun for tutorial_dag to None, run_after=None
[2024-05-09T12:16:33.429+0200] {processor.py:183} INFO - Processing /home/munya/.local/lib/python3.11/site-packages/airflow/example_dags/tutorial_dag.py took 0.239 seconds
[2024-05-09T12:17:14.941+0200] {processor.py:161} INFO - Started process (PID=228685) to work on /home/munya/.local/lib/python3.11/site-packages/airflow/example_dags/tutorial_dag.py
[2024-05-09T12:17:14.943+0200] {processor.py:830} INFO - Processing file /home/munya/.local/lib/python3.11/site-packages/airflow/example_dags/tutorial_dag.py for tasks to queue
[2024-05-09T12:17:14.944+0200] {logging_mixin.py:188} INFO - [2024-05-09T12:17:14.943+0200] {dagbag.py:540} INFO - Filling up the DagBag from /home/munya/.local/lib/python3.11/site-packages/airflow/example_dags/tutorial_dag.py
[2024-05-09T12:17:14.954+0200] {processor.py:840} INFO - DAG(s) 'tutorial_dag' retrieved from /home/munya/.local/lib/python3.11/site-packages/airflow/example_dags/tutorial_dag.py
[2024-05-09T12:17:14.994+0200] {logging_mixin.py:188} INFO - [2024-05-09T12:17:14.993+0200] {dag.py:3096} INFO - Sync 1 DAGs
[2024-05-09T12:17:15.024+0200] {logging_mixin.py:188} INFO - [2024-05-09T12:17:15.023+0200] {dag.py:3954} INFO - Setting next_dagrun for tutorial_dag to None, run_after=None
[2024-05-09T12:17:15.075+0200] {processor.py:183} INFO - Processing /home/munya/.local/lib/python3.11/site-packages/airflow/example_dags/tutorial_dag.py took 0.150 seconds
[2024-05-09T12:17:57.761+0200] {processor.py:161} INFO - Started process (PID=229254) to work on /home/munya/.local/lib/python3.11/site-packages/airflow/example_dags/tutorial_dag.py
[2024-05-09T12:17:57.767+0200] {processor.py:830} INFO - Processing file /home/munya/.local/lib/python3.11/site-packages/airflow/example_dags/tutorial_dag.py for tasks to queue
[2024-05-09T12:17:57.775+0200] {logging_mixin.py:188} INFO - [2024-05-09T12:17:57.771+0200] {dagbag.py:540} INFO - Filling up the DagBag from /home/munya/.local/lib/python3.11/site-packages/airflow/example_dags/tutorial_dag.py
[2024-05-09T12:17:57.809+0200] {processor.py:840} INFO - DAG(s) 'tutorial_dag' retrieved from /home/munya/.local/lib/python3.11/site-packages/airflow/example_dags/tutorial_dag.py
[2024-05-09T12:17:57.842+0200] {logging_mixin.py:188} INFO - [2024-05-09T12:17:57.842+0200] {dag.py:3096} INFO - Sync 1 DAGs
[2024-05-09T12:17:57.862+0200] {logging_mixin.py:188} INFO - [2024-05-09T12:17:57.862+0200] {dag.py:3954} INFO - Setting next_dagrun for tutorial_dag to None, run_after=None
[2024-05-09T12:17:57.903+0200] {processor.py:183} INFO - Processing /home/munya/.local/lib/python3.11/site-packages/airflow/example_dags/tutorial_dag.py took 0.216 seconds
[2024-05-09T12:18:39.326+0200] {processor.py:161} INFO - Started process (PID=229773) to work on /home/munya/.local/lib/python3.11/site-packages/airflow/example_dags/tutorial_dag.py
[2024-05-09T12:18:39.328+0200] {processor.py:830} INFO - Processing file /home/munya/.local/lib/python3.11/site-packages/airflow/example_dags/tutorial_dag.py for tasks to queue
[2024-05-09T12:18:39.329+0200] {logging_mixin.py:188} INFO - [2024-05-09T12:18:39.329+0200] {dagbag.py:540} INFO - Filling up the DagBag from /home/munya/.local/lib/python3.11/site-packages/airflow/example_dags/tutorial_dag.py
[2024-05-09T12:18:39.354+0200] {processor.py:840} INFO - DAG(s) 'tutorial_dag' retrieved from /home/munya/.local/lib/python3.11/site-packages/airflow/example_dags/tutorial_dag.py
[2024-05-09T12:18:39.390+0200] {logging_mixin.py:188} INFO - [2024-05-09T12:18:39.389+0200] {dag.py:3096} INFO - Sync 1 DAGs
[2024-05-09T12:18:39.416+0200] {logging_mixin.py:188} INFO - [2024-05-09T12:18:39.416+0200] {dag.py:3954} INFO - Setting next_dagrun for tutorial_dag to None, run_after=None
[2024-05-09T12:18:39.470+0200] {processor.py:183} INFO - Processing /home/munya/.local/lib/python3.11/site-packages/airflow/example_dags/tutorial_dag.py took 0.172 seconds
[2024-05-09T12:19:19.955+0200] {processor.py:161} INFO - Started process (PID=230337) to work on /home/munya/.local/lib/python3.11/site-packages/airflow/example_dags/tutorial_dag.py
[2024-05-09T12:19:19.956+0200] {processor.py:830} INFO - Processing file /home/munya/.local/lib/python3.11/site-packages/airflow/example_dags/tutorial_dag.py for tasks to queue
[2024-05-09T12:19:19.958+0200] {logging_mixin.py:188} INFO - [2024-05-09T12:19:19.957+0200] {dagbag.py:540} INFO - Filling up the DagBag from /home/munya/.local/lib/python3.11/site-packages/airflow/example_dags/tutorial_dag.py
[2024-05-09T12:19:19.968+0200] {processor.py:840} INFO - DAG(s) 'tutorial_dag' retrieved from /home/munya/.local/lib/python3.11/site-packages/airflow/example_dags/tutorial_dag.py
[2024-05-09T12:19:19.998+0200] {logging_mixin.py:188} INFO - [2024-05-09T12:19:19.998+0200] {dag.py:3096} INFO - Sync 1 DAGs
[2024-05-09T12:19:20.020+0200] {logging_mixin.py:188} INFO - [2024-05-09T12:19:20.019+0200] {dag.py:3954} INFO - Setting next_dagrun for tutorial_dag to None, run_after=None
[2024-05-09T12:19:20.055+0200] {processor.py:183} INFO - Processing /home/munya/.local/lib/python3.11/site-packages/airflow/example_dags/tutorial_dag.py took 0.122 seconds
[2024-05-09T12:20:36.859+0200] {processor.py:161} INFO - Started process (PID=231320) to work on /home/munya/.local/lib/python3.11/site-packages/airflow/example_dags/tutorial_dag.py
[2024-05-09T12:20:36.862+0200] {processor.py:830} INFO - Processing file /home/munya/.local/lib/python3.11/site-packages/airflow/example_dags/tutorial_dag.py for tasks to queue
[2024-05-09T12:20:36.864+0200] {logging_mixin.py:188} INFO - [2024-05-09T12:20:36.863+0200] {dagbag.py:540} INFO - Filling up the DagBag from /home/munya/.local/lib/python3.11/site-packages/airflow/example_dags/tutorial_dag.py
[2024-05-09T12:20:36.879+0200] {processor.py:840} INFO - DAG(s) 'tutorial_dag' retrieved from /home/munya/.local/lib/python3.11/site-packages/airflow/example_dags/tutorial_dag.py
[2024-05-09T12:20:36.926+0200] {logging_mixin.py:188} INFO - [2024-05-09T12:20:36.926+0200] {dag.py:3096} INFO - Sync 1 DAGs
[2024-05-09T12:20:36.954+0200] {logging_mixin.py:188} INFO - [2024-05-09T12:20:36.953+0200] {dag.py:3954} INFO - Setting next_dagrun for tutorial_dag to None, run_after=None
[2024-05-09T12:20:36.995+0200] {processor.py:183} INFO - Processing /home/munya/.local/lib/python3.11/site-packages/airflow/example_dags/tutorial_dag.py took 0.168 seconds
[2024-05-09T12:21:16.228+0200] {processor.py:161} INFO - Started process (PID=231876) to work on /home/munya/.local/lib/python3.11/site-packages/airflow/example_dags/tutorial_dag.py
[2024-05-09T12:21:16.229+0200] {processor.py:830} INFO - Processing file /home/munya/.local/lib/python3.11/site-packages/airflow/example_dags/tutorial_dag.py for tasks to queue
[2024-05-09T12:21:16.230+0200] {logging_mixin.py:188} INFO - [2024-05-09T12:21:16.230+0200] {dagbag.py:540} INFO - Filling up the DagBag from /home/munya/.local/lib/python3.11/site-packages/airflow/example_dags/tutorial_dag.py
[2024-05-09T12:21:16.239+0200] {processor.py:840} INFO - DAG(s) 'tutorial_dag' retrieved from /home/munya/.local/lib/python3.11/site-packages/airflow/example_dags/tutorial_dag.py
[2024-05-09T12:21:16.264+0200] {logging_mixin.py:188} INFO - [2024-05-09T12:21:16.263+0200] {dag.py:3096} INFO - Sync 1 DAGs
[2024-05-09T12:21:16.280+0200] {logging_mixin.py:188} INFO - [2024-05-09T12:21:16.279+0200] {dag.py:3954} INFO - Setting next_dagrun for tutorial_dag to None, run_after=None
[2024-05-09T12:21:16.309+0200] {processor.py:183} INFO - Processing /home/munya/.local/lib/python3.11/site-packages/airflow/example_dags/tutorial_dag.py took 0.099 seconds
[2024-05-09T12:22:35.969+0200] {processor.py:161} INFO - Started process (PID=232918) to work on /home/munya/.local/lib/python3.11/site-packages/airflow/example_dags/tutorial_dag.py
[2024-05-09T12:22:35.971+0200] {processor.py:830} INFO - Processing file /home/munya/.local/lib/python3.11/site-packages/airflow/example_dags/tutorial_dag.py for tasks to queue
[2024-05-09T12:22:35.973+0200] {logging_mixin.py:188} INFO - [2024-05-09T12:22:35.972+0200] {dagbag.py:540} INFO - Filling up the DagBag from /home/munya/.local/lib/python3.11/site-packages/airflow/example_dags/tutorial_dag.py
[2024-05-09T12:22:35.985+0200] {processor.py:840} INFO - DAG(s) 'tutorial_dag' retrieved from /home/munya/.local/lib/python3.11/site-packages/airflow/example_dags/tutorial_dag.py
[2024-05-09T12:22:36.015+0200] {logging_mixin.py:188} INFO - [2024-05-09T12:22:36.014+0200] {dag.py:3096} INFO - Sync 1 DAGs
[2024-05-09T12:22:36.036+0200] {logging_mixin.py:188} INFO - [2024-05-09T12:22:36.036+0200] {dag.py:3954} INFO - Setting next_dagrun for tutorial_dag to None, run_after=None
[2024-05-09T12:22:36.071+0200] {processor.py:183} INFO - Processing /home/munya/.local/lib/python3.11/site-packages/airflow/example_dags/tutorial_dag.py took 0.123 seconds
[2024-05-09T12:23:44.683+0200] {processor.py:161} INFO - Started process (PID=233838) to work on /home/munya/.local/lib/python3.11/site-packages/airflow/example_dags/tutorial_dag.py
[2024-05-09T12:23:44.686+0200] {processor.py:830} INFO - Processing file /home/munya/.local/lib/python3.11/site-packages/airflow/example_dags/tutorial_dag.py for tasks to queue
[2024-05-09T12:23:44.688+0200] {logging_mixin.py:188} INFO - [2024-05-09T12:23:44.687+0200] {dagbag.py:540} INFO - Filling up the DagBag from /home/munya/.local/lib/python3.11/site-packages/airflow/example_dags/tutorial_dag.py
[2024-05-09T12:23:44.704+0200] {processor.py:840} INFO - DAG(s) 'tutorial_dag' retrieved from /home/munya/.local/lib/python3.11/site-packages/airflow/example_dags/tutorial_dag.py
[2024-05-09T12:23:44.754+0200] {logging_mixin.py:188} INFO - [2024-05-09T12:23:44.754+0200] {dag.py:3096} INFO - Sync 1 DAGs
[2024-05-09T12:23:44.789+0200] {logging_mixin.py:188} INFO - [2024-05-09T12:23:44.788+0200] {dag.py:3954} INFO - Setting next_dagrun for tutorial_dag to None, run_after=None
[2024-05-09T12:23:44.845+0200] {processor.py:183} INFO - Processing /home/munya/.local/lib/python3.11/site-packages/airflow/example_dags/tutorial_dag.py took 0.193 seconds
[2024-05-09T12:24:23.916+0200] {processor.py:161} INFO - Started process (PID=234308) to work on /home/munya/.local/lib/python3.11/site-packages/airflow/example_dags/tutorial_dag.py
[2024-05-09T12:24:23.919+0200] {processor.py:830} INFO - Processing file /home/munya/.local/lib/python3.11/site-packages/airflow/example_dags/tutorial_dag.py for tasks to queue
[2024-05-09T12:24:23.923+0200] {logging_mixin.py:188} INFO - [2024-05-09T12:24:23.921+0200] {dagbag.py:540} INFO - Filling up the DagBag from /home/munya/.local/lib/python3.11/site-packages/airflow/example_dags/tutorial_dag.py
[2024-05-09T12:24:23.939+0200] {processor.py:840} INFO - DAG(s) 'tutorial_dag' retrieved from /home/munya/.local/lib/python3.11/site-packages/airflow/example_dags/tutorial_dag.py
[2024-05-09T12:24:23.988+0200] {logging_mixin.py:188} INFO - [2024-05-09T12:24:23.987+0200] {dag.py:3096} INFO - Sync 1 DAGs
[2024-05-09T12:24:24.021+0200] {logging_mixin.py:188} INFO - [2024-05-09T12:24:24.020+0200] {dag.py:3954} INFO - Setting next_dagrun for tutorial_dag to None, run_after=None
[2024-05-09T12:24:24.101+0200] {processor.py:183} INFO - Processing /home/munya/.local/lib/python3.11/site-packages/airflow/example_dags/tutorial_dag.py took 0.215 seconds
[2024-05-09T12:25:04.686+0200] {processor.py:161} INFO - Started process (PID=234873) to work on /home/munya/.local/lib/python3.11/site-packages/airflow/example_dags/tutorial_dag.py
[2024-05-09T12:25:04.688+0200] {processor.py:830} INFO - Processing file /home/munya/.local/lib/python3.11/site-packages/airflow/example_dags/tutorial_dag.py for tasks to queue
[2024-05-09T12:25:04.691+0200] {logging_mixin.py:188} INFO - [2024-05-09T12:25:04.690+0200] {dagbag.py:540} INFO - Filling up the DagBag from /home/munya/.local/lib/python3.11/site-packages/airflow/example_dags/tutorial_dag.py
[2024-05-09T12:25:04.704+0200] {processor.py:840} INFO - DAG(s) 'tutorial_dag' retrieved from /home/munya/.local/lib/python3.11/site-packages/airflow/example_dags/tutorial_dag.py
[2024-05-09T12:25:04.748+0200] {logging_mixin.py:188} INFO - [2024-05-09T12:25:04.747+0200] {dag.py:3096} INFO - Sync 1 DAGs
[2024-05-09T12:25:04.779+0200] {logging_mixin.py:188} INFO - [2024-05-09T12:25:04.778+0200] {dag.py:3954} INFO - Setting next_dagrun for tutorial_dag to None, run_after=None
[2024-05-09T12:25:04.826+0200] {processor.py:183} INFO - Processing /home/munya/.local/lib/python3.11/site-packages/airflow/example_dags/tutorial_dag.py took 0.166 seconds
[2024-05-09T12:25:46.957+0200] {processor.py:161} INFO - Started process (PID=235399) to work on /home/munya/.local/lib/python3.11/site-packages/airflow/example_dags/tutorial_dag.py
[2024-05-09T12:25:46.959+0200] {processor.py:830} INFO - Processing file /home/munya/.local/lib/python3.11/site-packages/airflow/example_dags/tutorial_dag.py for tasks to queue
[2024-05-09T12:25:46.960+0200] {logging_mixin.py:188} INFO - [2024-05-09T12:25:46.960+0200] {dagbag.py:540} INFO - Filling up the DagBag from /home/munya/.local/lib/python3.11/site-packages/airflow/example_dags/tutorial_dag.py
[2024-05-09T12:25:46.972+0200] {processor.py:840} INFO - DAG(s) 'tutorial_dag' retrieved from /home/munya/.local/lib/python3.11/site-packages/airflow/example_dags/tutorial_dag.py
[2024-05-09T12:25:47.005+0200] {logging_mixin.py:188} INFO - [2024-05-09T12:25:47.005+0200] {dag.py:3096} INFO - Sync 1 DAGs
[2024-05-09T12:25:47.025+0200] {logging_mixin.py:188} INFO - [2024-05-09T12:25:47.025+0200] {dag.py:3954} INFO - Setting next_dagrun for tutorial_dag to None, run_after=None
[2024-05-09T12:25:47.061+0200] {processor.py:183} INFO - Processing /home/munya/.local/lib/python3.11/site-packages/airflow/example_dags/tutorial_dag.py took 0.128 seconds
[2024-05-09T12:26:30.227+0200] {processor.py:161} INFO - Started process (PID=235977) to work on /home/munya/.local/lib/python3.11/site-packages/airflow/example_dags/tutorial_dag.py
[2024-05-09T12:26:30.229+0200] {processor.py:830} INFO - Processing file /home/munya/.local/lib/python3.11/site-packages/airflow/example_dags/tutorial_dag.py for tasks to queue
[2024-05-09T12:26:30.232+0200] {logging_mixin.py:188} INFO - [2024-05-09T12:26:30.231+0200] {dagbag.py:540} INFO - Filling up the DagBag from /home/munya/.local/lib/python3.11/site-packages/airflow/example_dags/tutorial_dag.py
[2024-05-09T12:26:30.242+0200] {processor.py:840} INFO - DAG(s) 'tutorial_dag' retrieved from /home/munya/.local/lib/python3.11/site-packages/airflow/example_dags/tutorial_dag.py
[2024-05-09T12:26:30.273+0200] {logging_mixin.py:188} INFO - [2024-05-09T12:26:30.272+0200] {dag.py:3096} INFO - Sync 1 DAGs
[2024-05-09T12:26:30.294+0200] {logging_mixin.py:188} INFO - [2024-05-09T12:26:30.294+0200] {dag.py:3954} INFO - Setting next_dagrun for tutorial_dag to None, run_after=None
[2024-05-09T12:26:30.329+0200] {processor.py:183} INFO - Processing /home/munya/.local/lib/python3.11/site-packages/airflow/example_dags/tutorial_dag.py took 0.128 seconds
[2024-05-09T12:27:13.847+0200] {processor.py:161} INFO - Started process (PID=236558) to work on /home/munya/.local/lib/python3.11/site-packages/airflow/example_dags/tutorial_dag.py
[2024-05-09T12:27:13.849+0200] {processor.py:830} INFO - Processing file /home/munya/.local/lib/python3.11/site-packages/airflow/example_dags/tutorial_dag.py for tasks to queue
[2024-05-09T12:27:13.851+0200] {logging_mixin.py:188} INFO - [2024-05-09T12:27:13.850+0200] {dagbag.py:540} INFO - Filling up the DagBag from /home/munya/.local/lib/python3.11/site-packages/airflow/example_dags/tutorial_dag.py
[2024-05-09T12:27:13.867+0200] {processor.py:840} INFO - DAG(s) 'tutorial_dag' retrieved from /home/munya/.local/lib/python3.11/site-packages/airflow/example_dags/tutorial_dag.py
[2024-05-09T12:27:13.926+0200] {logging_mixin.py:188} INFO - [2024-05-09T12:27:13.925+0200] {dag.py:3096} INFO - Sync 1 DAGs
[2024-05-09T12:27:13.979+0200] {logging_mixin.py:188} INFO - [2024-05-09T12:27:13.979+0200] {dag.py:3954} INFO - Setting next_dagrun for tutorial_dag to None, run_after=None
[2024-05-09T12:27:14.051+0200] {processor.py:183} INFO - Processing /home/munya/.local/lib/python3.11/site-packages/airflow/example_dags/tutorial_dag.py took 0.244 seconds
[2024-05-09T12:28:28.369+0200] {processor.py:161} INFO - Started process (PID=237534) to work on /home/munya/.local/lib/python3.11/site-packages/airflow/example_dags/tutorial_dag.py
[2024-05-09T12:28:28.371+0200] {processor.py:830} INFO - Processing file /home/munya/.local/lib/python3.11/site-packages/airflow/example_dags/tutorial_dag.py for tasks to queue
[2024-05-09T12:28:28.374+0200] {logging_mixin.py:188} INFO - [2024-05-09T12:28:28.373+0200] {dagbag.py:540} INFO - Filling up the DagBag from /home/munya/.local/lib/python3.11/site-packages/airflow/example_dags/tutorial_dag.py
[2024-05-09T12:28:28.388+0200] {processor.py:840} INFO - DAG(s) 'tutorial_dag' retrieved from /home/munya/.local/lib/python3.11/site-packages/airflow/example_dags/tutorial_dag.py
[2024-05-09T12:28:28.434+0200] {logging_mixin.py:188} INFO - [2024-05-09T12:28:28.434+0200] {dag.py:3096} INFO - Sync 1 DAGs
[2024-05-09T12:28:28.454+0200] {logging_mixin.py:188} INFO - [2024-05-09T12:28:28.453+0200] {dag.py:3954} INFO - Setting next_dagrun for tutorial_dag to None, run_after=None
[2024-05-09T12:28:28.485+0200] {processor.py:183} INFO - Processing /home/munya/.local/lib/python3.11/site-packages/airflow/example_dags/tutorial_dag.py took 0.144 seconds
[2024-05-09T12:29:12.265+0200] {processor.py:161} INFO - Started process (PID=238142) to work on /home/munya/.local/lib/python3.11/site-packages/airflow/example_dags/tutorial_dag.py
[2024-05-09T12:29:12.268+0200] {processor.py:830} INFO - Processing file /home/munya/.local/lib/python3.11/site-packages/airflow/example_dags/tutorial_dag.py for tasks to queue
[2024-05-09T12:29:12.272+0200] {logging_mixin.py:188} INFO - [2024-05-09T12:29:12.270+0200] {dagbag.py:540} INFO - Filling up the DagBag from /home/munya/.local/lib/python3.11/site-packages/airflow/example_dags/tutorial_dag.py
[2024-05-09T12:29:12.295+0200] {processor.py:840} INFO - DAG(s) 'tutorial_dag' retrieved from /home/munya/.local/lib/python3.11/site-packages/airflow/example_dags/tutorial_dag.py
[2024-05-09T12:29:12.360+0200] {logging_mixin.py:188} INFO - [2024-05-09T12:29:12.359+0200] {dag.py:3096} INFO - Sync 1 DAGs
[2024-05-09T12:29:12.401+0200] {logging_mixin.py:188} INFO - [2024-05-09T12:29:12.400+0200] {dag.py:3954} INFO - Setting next_dagrun for tutorial_dag to None, run_after=None
[2024-05-09T12:29:12.466+0200] {processor.py:183} INFO - Processing /home/munya/.local/lib/python3.11/site-packages/airflow/example_dags/tutorial_dag.py took 0.241 seconds
[2024-05-09T12:29:53.284+0200] {processor.py:161} INFO - Started process (PID=238661) to work on /home/munya/.local/lib/python3.11/site-packages/airflow/example_dags/tutorial_dag.py
[2024-05-09T12:29:53.285+0200] {processor.py:830} INFO - Processing file /home/munya/.local/lib/python3.11/site-packages/airflow/example_dags/tutorial_dag.py for tasks to queue
[2024-05-09T12:29:53.287+0200] {logging_mixin.py:188} INFO - [2024-05-09T12:29:53.286+0200] {dagbag.py:540} INFO - Filling up the DagBag from /home/munya/.local/lib/python3.11/site-packages/airflow/example_dags/tutorial_dag.py
[2024-05-09T12:29:53.298+0200] {processor.py:840} INFO - DAG(s) 'tutorial_dag' retrieved from /home/munya/.local/lib/python3.11/site-packages/airflow/example_dags/tutorial_dag.py
[2024-05-09T12:29:53.330+0200] {logging_mixin.py:188} INFO - [2024-05-09T12:29:53.330+0200] {dag.py:3096} INFO - Sync 1 DAGs
[2024-05-09T12:29:53.352+0200] {logging_mixin.py:188} INFO - [2024-05-09T12:29:53.351+0200] {dag.py:3954} INFO - Setting next_dagrun for tutorial_dag to None, run_after=None
[2024-05-09T12:29:53.387+0200] {processor.py:183} INFO - Processing /home/munya/.local/lib/python3.11/site-packages/airflow/example_dags/tutorial_dag.py took 0.124 seconds
[2024-05-09T12:31:08.024+0200] {processor.py:161} INFO - Started process (PID=239655) to work on /home/munya/.local/lib/python3.11/site-packages/airflow/example_dags/tutorial_dag.py
[2024-05-09T12:31:08.026+0200] {processor.py:830} INFO - Processing file /home/munya/.local/lib/python3.11/site-packages/airflow/example_dags/tutorial_dag.py for tasks to queue
[2024-05-09T12:31:08.028+0200] {logging_mixin.py:188} INFO - [2024-05-09T12:31:08.027+0200] {dagbag.py:540} INFO - Filling up the DagBag from /home/munya/.local/lib/python3.11/site-packages/airflow/example_dags/tutorial_dag.py
[2024-05-09T12:31:08.038+0200] {processor.py:840} INFO - DAG(s) 'tutorial_dag' retrieved from /home/munya/.local/lib/python3.11/site-packages/airflow/example_dags/tutorial_dag.py
[2024-05-09T12:31:08.067+0200] {logging_mixin.py:188} INFO - [2024-05-09T12:31:08.066+0200] {dag.py:3096} INFO - Sync 1 DAGs
[2024-05-09T12:31:08.088+0200] {logging_mixin.py:188} INFO - [2024-05-09T12:31:08.087+0200] {dag.py:3954} INFO - Setting next_dagrun for tutorial_dag to None, run_after=None
[2024-05-09T12:31:08.140+0200] {processor.py:183} INFO - Processing /home/munya/.local/lib/python3.11/site-packages/airflow/example_dags/tutorial_dag.py took 0.138 seconds
[2024-05-09T12:32:28.009+0200] {processor.py:161} INFO - Started process (PID=240680) to work on /home/munya/.local/lib/python3.11/site-packages/airflow/example_dags/tutorial_dag.py
[2024-05-09T12:32:28.011+0200] {processor.py:830} INFO - Processing file /home/munya/.local/lib/python3.11/site-packages/airflow/example_dags/tutorial_dag.py for tasks to queue
[2024-05-09T12:32:28.014+0200] {logging_mixin.py:188} INFO - [2024-05-09T12:32:28.013+0200] {dagbag.py:540} INFO - Filling up the DagBag from /home/munya/.local/lib/python3.11/site-packages/airflow/example_dags/tutorial_dag.py
[2024-05-09T12:32:28.027+0200] {processor.py:840} INFO - DAG(s) 'tutorial_dag' retrieved from /home/munya/.local/lib/python3.11/site-packages/airflow/example_dags/tutorial_dag.py
[2024-05-09T12:32:28.061+0200] {logging_mixin.py:188} INFO - [2024-05-09T12:32:28.061+0200] {dag.py:3096} INFO - Sync 1 DAGs
[2024-05-09T12:32:28.090+0200] {logging_mixin.py:188} INFO - [2024-05-09T12:32:28.089+0200] {dag.py:3954} INFO - Setting next_dagrun for tutorial_dag to None, run_after=None
[2024-05-09T12:32:28.133+0200] {processor.py:183} INFO - Processing /home/munya/.local/lib/python3.11/site-packages/airflow/example_dags/tutorial_dag.py took 0.146 seconds
[2024-05-09T12:33:10.699+0200] {processor.py:161} INFO - Started process (PID=241279) to work on /home/munya/.local/lib/python3.11/site-packages/airflow/example_dags/tutorial_dag.py
[2024-05-09T12:33:10.701+0200] {processor.py:830} INFO - Processing file /home/munya/.local/lib/python3.11/site-packages/airflow/example_dags/tutorial_dag.py for tasks to queue
[2024-05-09T12:33:10.703+0200] {logging_mixin.py:188} INFO - [2024-05-09T12:33:10.702+0200] {dagbag.py:540} INFO - Filling up the DagBag from /home/munya/.local/lib/python3.11/site-packages/airflow/example_dags/tutorial_dag.py
[2024-05-09T12:33:10.715+0200] {processor.py:840} INFO - DAG(s) 'tutorial_dag' retrieved from /home/munya/.local/lib/python3.11/site-packages/airflow/example_dags/tutorial_dag.py
[2024-05-09T12:33:10.750+0200] {logging_mixin.py:188} INFO - [2024-05-09T12:33:10.749+0200] {dag.py:3096} INFO - Sync 1 DAGs
[2024-05-09T12:33:10.777+0200] {logging_mixin.py:188} INFO - [2024-05-09T12:33:10.777+0200] {dag.py:3954} INFO - Setting next_dagrun for tutorial_dag to None, run_after=None
[2024-05-09T12:33:10.839+0200] {processor.py:183} INFO - Processing /home/munya/.local/lib/python3.11/site-packages/airflow/example_dags/tutorial_dag.py took 0.183 seconds
[2024-05-09T12:33:52.771+0200] {processor.py:161} INFO - Started process (PID=241960) to work on /home/munya/.local/lib/python3.11/site-packages/airflow/example_dags/tutorial_dag.py
[2024-05-09T12:33:52.772+0200] {processor.py:830} INFO - Processing file /home/munya/.local/lib/python3.11/site-packages/airflow/example_dags/tutorial_dag.py for tasks to queue
[2024-05-09T12:33:52.774+0200] {logging_mixin.py:188} INFO - [2024-05-09T12:33:52.773+0200] {dagbag.py:540} INFO - Filling up the DagBag from /home/munya/.local/lib/python3.11/site-packages/airflow/example_dags/tutorial_dag.py
[2024-05-09T12:33:52.783+0200] {processor.py:840} INFO - DAG(s) 'tutorial_dag' retrieved from /home/munya/.local/lib/python3.11/site-packages/airflow/example_dags/tutorial_dag.py
[2024-05-09T12:33:52.811+0200] {logging_mixin.py:188} INFO - [2024-05-09T12:33:52.811+0200] {dag.py:3096} INFO - Sync 1 DAGs
[2024-05-09T12:33:52.834+0200] {logging_mixin.py:188} INFO - [2024-05-09T12:33:52.833+0200] {dag.py:3954} INFO - Setting next_dagrun for tutorial_dag to None, run_after=None
[2024-05-09T12:33:52.871+0200] {processor.py:183} INFO - Processing /home/munya/.local/lib/python3.11/site-packages/airflow/example_dags/tutorial_dag.py took 0.118 seconds
[2024-05-09T12:34:33.344+0200] {processor.py:161} INFO - Started process (PID=242546) to work on /home/munya/.local/lib/python3.11/site-packages/airflow/example_dags/tutorial_dag.py
[2024-05-09T12:34:33.346+0200] {processor.py:830} INFO - Processing file /home/munya/.local/lib/python3.11/site-packages/airflow/example_dags/tutorial_dag.py for tasks to queue
[2024-05-09T12:34:33.347+0200] {logging_mixin.py:188} INFO - [2024-05-09T12:34:33.346+0200] {dagbag.py:540} INFO - Filling up the DagBag from /home/munya/.local/lib/python3.11/site-packages/airflow/example_dags/tutorial_dag.py
[2024-05-09T12:34:33.354+0200] {processor.py:840} INFO - DAG(s) 'tutorial_dag' retrieved from /home/munya/.local/lib/python3.11/site-packages/airflow/example_dags/tutorial_dag.py
[2024-05-09T12:34:33.375+0200] {logging_mixin.py:188} INFO - [2024-05-09T12:34:33.375+0200] {dag.py:3096} INFO - Sync 1 DAGs
[2024-05-09T12:34:33.389+0200] {logging_mixin.py:188} INFO - [2024-05-09T12:34:33.388+0200] {dag.py:3954} INFO - Setting next_dagrun for tutorial_dag to None, run_after=None
[2024-05-09T12:34:33.434+0200] {processor.py:183} INFO - Processing /home/munya/.local/lib/python3.11/site-packages/airflow/example_dags/tutorial_dag.py took 0.103 seconds
[2024-05-09T12:35:50.771+0200] {processor.py:161} INFO - Started process (PID=243654) to work on /home/munya/.local/lib/python3.11/site-packages/airflow/example_dags/tutorial_dag.py
[2024-05-09T12:35:50.772+0200] {processor.py:830} INFO - Processing file /home/munya/.local/lib/python3.11/site-packages/airflow/example_dags/tutorial_dag.py for tasks to queue
[2024-05-09T12:35:50.775+0200] {logging_mixin.py:188} INFO - [2024-05-09T12:35:50.774+0200] {dagbag.py:540} INFO - Filling up the DagBag from /home/munya/.local/lib/python3.11/site-packages/airflow/example_dags/tutorial_dag.py
[2024-05-09T12:35:50.790+0200] {processor.py:840} INFO - DAG(s) 'tutorial_dag' retrieved from /home/munya/.local/lib/python3.11/site-packages/airflow/example_dags/tutorial_dag.py
[2024-05-09T12:35:50.852+0200] {logging_mixin.py:188} INFO - [2024-05-09T12:35:50.851+0200] {dag.py:3096} INFO - Sync 1 DAGs
[2024-05-09T12:35:50.968+0200] {logging_mixin.py:188} INFO - [2024-05-09T12:35:50.968+0200] {dag.py:3954} INFO - Setting next_dagrun for tutorial_dag to None, run_after=None
[2024-05-09T12:35:51.131+0200] {processor.py:183} INFO - Processing /home/munya/.local/lib/python3.11/site-packages/airflow/example_dags/tutorial_dag.py took 0.387 seconds
[2024-05-09T12:36:32.581+0200] {processor.py:161} INFO - Started process (PID=244293) to work on /home/munya/.local/lib/python3.11/site-packages/airflow/example_dags/tutorial_dag.py
[2024-05-09T12:36:32.583+0200] {processor.py:830} INFO - Processing file /home/munya/.local/lib/python3.11/site-packages/airflow/example_dags/tutorial_dag.py for tasks to queue
[2024-05-09T12:36:32.585+0200] {logging_mixin.py:188} INFO - [2024-05-09T12:36:32.584+0200] {dagbag.py:540} INFO - Filling up the DagBag from /home/munya/.local/lib/python3.11/site-packages/airflow/example_dags/tutorial_dag.py
[2024-05-09T12:36:32.598+0200] {processor.py:840} INFO - DAG(s) 'tutorial_dag' retrieved from /home/munya/.local/lib/python3.11/site-packages/airflow/example_dags/tutorial_dag.py
[2024-05-09T12:36:32.638+0200] {logging_mixin.py:188} INFO - [2024-05-09T12:36:32.637+0200] {dag.py:3096} INFO - Sync 1 DAGs
[2024-05-09T12:36:32.661+0200] {logging_mixin.py:188} INFO - [2024-05-09T12:36:32.660+0200] {dag.py:3954} INFO - Setting next_dagrun for tutorial_dag to None, run_after=None
[2024-05-09T12:36:32.701+0200] {processor.py:183} INFO - Processing /home/munya/.local/lib/python3.11/site-packages/airflow/example_dags/tutorial_dag.py took 0.145 seconds
[2024-05-09T12:37:14.518+0200] {processor.py:161} INFO - Started process (PID=244953) to work on /home/munya/.local/lib/python3.11/site-packages/airflow/example_dags/tutorial_dag.py
[2024-05-09T12:37:14.520+0200] {processor.py:830} INFO - Processing file /home/munya/.local/lib/python3.11/site-packages/airflow/example_dags/tutorial_dag.py for tasks to queue
[2024-05-09T12:37:14.522+0200] {logging_mixin.py:188} INFO - [2024-05-09T12:37:14.521+0200] {dagbag.py:540} INFO - Filling up the DagBag from /home/munya/.local/lib/python3.11/site-packages/airflow/example_dags/tutorial_dag.py
[2024-05-09T12:37:14.536+0200] {processor.py:840} INFO - DAG(s) 'tutorial_dag' retrieved from /home/munya/.local/lib/python3.11/site-packages/airflow/example_dags/tutorial_dag.py
[2024-05-09T12:37:14.574+0200] {logging_mixin.py:188} INFO - [2024-05-09T12:37:14.573+0200] {dag.py:3096} INFO - Sync 1 DAGs
[2024-05-09T12:37:14.606+0200] {logging_mixin.py:188} INFO - [2024-05-09T12:37:14.605+0200] {dag.py:3954} INFO - Setting next_dagrun for tutorial_dag to None, run_after=None
[2024-05-09T12:37:14.657+0200] {processor.py:183} INFO - Processing /home/munya/.local/lib/python3.11/site-packages/airflow/example_dags/tutorial_dag.py took 0.165 seconds
[2024-05-09T12:38:31.219+0200] {processor.py:161} INFO - Started process (PID=246016) to work on /home/munya/.local/lib/python3.11/site-packages/airflow/example_dags/tutorial_dag.py
[2024-05-09T12:38:31.222+0200] {processor.py:830} INFO - Processing file /home/munya/.local/lib/python3.11/site-packages/airflow/example_dags/tutorial_dag.py for tasks to queue
[2024-05-09T12:38:31.224+0200] {logging_mixin.py:188} INFO - [2024-05-09T12:38:31.223+0200] {dagbag.py:540} INFO - Filling up the DagBag from /home/munya/.local/lib/python3.11/site-packages/airflow/example_dags/tutorial_dag.py
[2024-05-09T12:38:31.240+0200] {processor.py:840} INFO - DAG(s) 'tutorial_dag' retrieved from /home/munya/.local/lib/python3.11/site-packages/airflow/example_dags/tutorial_dag.py
[2024-05-09T12:38:31.288+0200] {logging_mixin.py:188} INFO - [2024-05-09T12:38:31.287+0200] {dag.py:3096} INFO - Sync 1 DAGs
[2024-05-09T12:38:31.321+0200] {logging_mixin.py:188} INFO - [2024-05-09T12:38:31.320+0200] {dag.py:3954} INFO - Setting next_dagrun for tutorial_dag to None, run_after=None
[2024-05-09T12:38:31.398+0200] {processor.py:183} INFO - Processing /home/munya/.local/lib/python3.11/site-packages/airflow/example_dags/tutorial_dag.py took 0.209 seconds
[2024-05-09T12:39:44.963+0200] {processor.py:161} INFO - Started process (PID=247110) to work on /home/munya/.local/lib/python3.11/site-packages/airflow/example_dags/tutorial_dag.py
[2024-05-09T12:39:44.966+0200] {processor.py:830} INFO - Processing file /home/munya/.local/lib/python3.11/site-packages/airflow/example_dags/tutorial_dag.py for tasks to queue
[2024-05-09T12:39:44.970+0200] {logging_mixin.py:188} INFO - [2024-05-09T12:39:44.968+0200] {dagbag.py:540} INFO - Filling up the DagBag from /home/munya/.local/lib/python3.11/site-packages/airflow/example_dags/tutorial_dag.py
[2024-05-09T12:39:44.997+0200] {processor.py:840} INFO - DAG(s) 'tutorial_dag' retrieved from /home/munya/.local/lib/python3.11/site-packages/airflow/example_dags/tutorial_dag.py
[2024-05-09T12:39:45.088+0200] {logging_mixin.py:188} INFO - [2024-05-09T12:39:45.087+0200] {dag.py:3096} INFO - Sync 1 DAGs
[2024-05-09T12:39:45.126+0200] {logging_mixin.py:188} INFO - [2024-05-09T12:39:45.126+0200] {dag.py:3954} INFO - Setting next_dagrun for tutorial_dag to None, run_after=None
[2024-05-09T12:39:45.168+0200] {processor.py:183} INFO - Processing /home/munya/.local/lib/python3.11/site-packages/airflow/example_dags/tutorial_dag.py took 0.264 seconds
[2024-05-09T12:40:28.553+0200] {processor.py:161} INFO - Started process (PID=247720) to work on /home/munya/.local/lib/python3.11/site-packages/airflow/example_dags/tutorial_dag.py
[2024-05-09T12:40:28.555+0200] {processor.py:830} INFO - Processing file /home/munya/.local/lib/python3.11/site-packages/airflow/example_dags/tutorial_dag.py for tasks to queue
[2024-05-09T12:40:28.557+0200] {logging_mixin.py:188} INFO - [2024-05-09T12:40:28.556+0200] {dagbag.py:540} INFO - Filling up the DagBag from /home/munya/.local/lib/python3.11/site-packages/airflow/example_dags/tutorial_dag.py
[2024-05-09T12:40:28.565+0200] {processor.py:840} INFO - DAG(s) 'tutorial_dag' retrieved from /home/munya/.local/lib/python3.11/site-packages/airflow/example_dags/tutorial_dag.py
[2024-05-09T12:40:28.596+0200] {logging_mixin.py:188} INFO - [2024-05-09T12:40:28.596+0200] {dag.py:3096} INFO - Sync 1 DAGs
[2024-05-09T12:40:28.620+0200] {logging_mixin.py:188} INFO - [2024-05-09T12:40:28.620+0200] {dag.py:3954} INFO - Setting next_dagrun for tutorial_dag to None, run_after=None
[2024-05-09T12:40:28.665+0200] {processor.py:183} INFO - Processing /home/munya/.local/lib/python3.11/site-packages/airflow/example_dags/tutorial_dag.py took 0.143 seconds
[2024-05-09T12:41:10.322+0200] {processor.py:161} INFO - Started process (PID=248279) to work on /home/munya/.local/lib/python3.11/site-packages/airflow/example_dags/tutorial_dag.py
[2024-05-09T12:41:10.327+0200] {processor.py:830} INFO - Processing file /home/munya/.local/lib/python3.11/site-packages/airflow/example_dags/tutorial_dag.py for tasks to queue
[2024-05-09T12:41:10.330+0200] {logging_mixin.py:188} INFO - [2024-05-09T12:41:10.329+0200] {dagbag.py:540} INFO - Filling up the DagBag from /home/munya/.local/lib/python3.11/site-packages/airflow/example_dags/tutorial_dag.py
[2024-05-09T12:41:10.356+0200] {processor.py:840} INFO - DAG(s) 'tutorial_dag' retrieved from /home/munya/.local/lib/python3.11/site-packages/airflow/example_dags/tutorial_dag.py
[2024-05-09T12:41:10.412+0200] {logging_mixin.py:188} INFO - [2024-05-09T12:41:10.412+0200] {dag.py:3096} INFO - Sync 1 DAGs
[2024-05-09T12:41:10.434+0200] {logging_mixin.py:188} INFO - [2024-05-09T12:41:10.434+0200] {dag.py:3954} INFO - Setting next_dagrun for tutorial_dag to None, run_after=None
[2024-05-09T12:41:10.469+0200] {processor.py:183} INFO - Processing /home/munya/.local/lib/python3.11/site-packages/airflow/example_dags/tutorial_dag.py took 0.196 seconds
[2024-05-09T12:41:52.782+0200] {processor.py:161} INFO - Started process (PID=248944) to work on /home/munya/.local/lib/python3.11/site-packages/airflow/example_dags/tutorial_dag.py
[2024-05-09T12:41:52.785+0200] {processor.py:830} INFO - Processing file /home/munya/.local/lib/python3.11/site-packages/airflow/example_dags/tutorial_dag.py for tasks to queue
[2024-05-09T12:41:52.789+0200] {logging_mixin.py:188} INFO - [2024-05-09T12:41:52.787+0200] {dagbag.py:540} INFO - Filling up the DagBag from /home/munya/.local/lib/python3.11/site-packages/airflow/example_dags/tutorial_dag.py
[2024-05-09T12:41:52.804+0200] {processor.py:840} INFO - DAG(s) 'tutorial_dag' retrieved from /home/munya/.local/lib/python3.11/site-packages/airflow/example_dags/tutorial_dag.py
[2024-05-09T12:41:52.842+0200] {logging_mixin.py:188} INFO - [2024-05-09T12:41:52.841+0200] {dag.py:3096} INFO - Sync 1 DAGs
[2024-05-09T12:41:52.864+0200] {logging_mixin.py:188} INFO - [2024-05-09T12:41:52.863+0200] {dag.py:3954} INFO - Setting next_dagrun for tutorial_dag to None, run_after=None
[2024-05-09T12:41:52.901+0200] {processor.py:183} INFO - Processing /home/munya/.local/lib/python3.11/site-packages/airflow/example_dags/tutorial_dag.py took 0.170 seconds
[2024-05-09T12:42:46.401+0200] {processor.py:161} INFO - Started process (PID=249710) to work on /home/munya/.local/lib/python3.11/site-packages/airflow/example_dags/tutorial_dag.py
[2024-05-09T12:42:46.405+0200] {processor.py:830} INFO - Processing file /home/munya/.local/lib/python3.11/site-packages/airflow/example_dags/tutorial_dag.py for tasks to queue
[2024-05-09T12:42:46.409+0200] {logging_mixin.py:188} INFO - [2024-05-09T12:42:46.406+0200] {dagbag.py:540} INFO - Filling up the DagBag from /home/munya/.local/lib/python3.11/site-packages/airflow/example_dags/tutorial_dag.py
[2024-05-09T12:42:46.422+0200] {processor.py:840} INFO - DAG(s) 'tutorial_dag' retrieved from /home/munya/.local/lib/python3.11/site-packages/airflow/example_dags/tutorial_dag.py
[2024-05-09T12:42:46.462+0200] {logging_mixin.py:188} INFO - [2024-05-09T12:42:46.462+0200] {dag.py:3096} INFO - Sync 1 DAGs
[2024-05-09T12:42:46.491+0200] {logging_mixin.py:188} INFO - [2024-05-09T12:42:46.490+0200] {dag.py:3954} INFO - Setting next_dagrun for tutorial_dag to None, run_after=None
[2024-05-09T12:42:46.595+0200] {processor.py:183} INFO - Processing /home/munya/.local/lib/python3.11/site-packages/airflow/example_dags/tutorial_dag.py took 0.253 seconds
[2024-05-09T12:43:37.762+0200] {processor.py:161} INFO - Started process (PID=250432) to work on /home/munya/.local/lib/python3.11/site-packages/airflow/example_dags/tutorial_dag.py
[2024-05-09T12:43:37.766+0200] {processor.py:830} INFO - Processing file /home/munya/.local/lib/python3.11/site-packages/airflow/example_dags/tutorial_dag.py for tasks to queue
[2024-05-09T12:43:37.768+0200] {logging_mixin.py:188} INFO - [2024-05-09T12:43:37.767+0200] {dagbag.py:540} INFO - Filling up the DagBag from /home/munya/.local/lib/python3.11/site-packages/airflow/example_dags/tutorial_dag.py
[2024-05-09T12:43:37.780+0200] {processor.py:840} INFO - DAG(s) 'tutorial_dag' retrieved from /home/munya/.local/lib/python3.11/site-packages/airflow/example_dags/tutorial_dag.py
[2024-05-09T12:43:37.809+0200] {logging_mixin.py:188} INFO - [2024-05-09T12:43:37.809+0200] {dag.py:3096} INFO - Sync 1 DAGs
[2024-05-09T12:43:37.830+0200] {logging_mixin.py:188} INFO - [2024-05-09T12:43:37.830+0200] {dag.py:3954} INFO - Setting next_dagrun for tutorial_dag to None, run_after=None
[2024-05-09T12:43:37.863+0200] {processor.py:183} INFO - Processing /home/munya/.local/lib/python3.11/site-packages/airflow/example_dags/tutorial_dag.py took 0.143 seconds
[2024-05-09T12:44:22.443+0200] {processor.py:161} INFO - Started process (PID=251041) to work on /home/munya/.local/lib/python3.11/site-packages/airflow/example_dags/tutorial_dag.py
[2024-05-09T12:44:22.446+0200] {processor.py:830} INFO - Processing file /home/munya/.local/lib/python3.11/site-packages/airflow/example_dags/tutorial_dag.py for tasks to queue
[2024-05-09T12:44:22.450+0200] {logging_mixin.py:188} INFO - [2024-05-09T12:44:22.448+0200] {dagbag.py:540} INFO - Filling up the DagBag from /home/munya/.local/lib/python3.11/site-packages/airflow/example_dags/tutorial_dag.py
[2024-05-09T12:44:22.473+0200] {processor.py:840} INFO - DAG(s) 'tutorial_dag' retrieved from /home/munya/.local/lib/python3.11/site-packages/airflow/example_dags/tutorial_dag.py
[2024-05-09T12:44:22.540+0200] {logging_mixin.py:188} INFO - [2024-05-09T12:44:22.539+0200] {dag.py:3096} INFO - Sync 1 DAGs
[2024-05-09T12:44:22.570+0200] {logging_mixin.py:188} INFO - [2024-05-09T12:44:22.569+0200] {dag.py:3954} INFO - Setting next_dagrun for tutorial_dag to None, run_after=None
[2024-05-09T12:44:22.614+0200] {processor.py:183} INFO - Processing /home/munya/.local/lib/python3.11/site-packages/airflow/example_dags/tutorial_dag.py took 0.216 seconds
[2024-05-09T12:45:08.240+0200] {processor.py:161} INFO - Started process (PID=251720) to work on /home/munya/.local/lib/python3.11/site-packages/airflow/example_dags/tutorial_dag.py
[2024-05-09T12:45:08.249+0200] {processor.py:830} INFO - Processing file /home/munya/.local/lib/python3.11/site-packages/airflow/example_dags/tutorial_dag.py for tasks to queue
[2024-05-09T12:45:08.252+0200] {logging_mixin.py:188} INFO - [2024-05-09T12:45:08.251+0200] {dagbag.py:540} INFO - Filling up the DagBag from /home/munya/.local/lib/python3.11/site-packages/airflow/example_dags/tutorial_dag.py
[2024-05-09T12:45:08.264+0200] {processor.py:840} INFO - DAG(s) 'tutorial_dag' retrieved from /home/munya/.local/lib/python3.11/site-packages/airflow/example_dags/tutorial_dag.py
[2024-05-09T12:45:08.314+0200] {logging_mixin.py:188} INFO - [2024-05-09T12:45:08.313+0200] {dag.py:3096} INFO - Sync 1 DAGs
[2024-05-09T12:45:08.357+0200] {logging_mixin.py:188} INFO - [2024-05-09T12:45:08.357+0200] {dag.py:3954} INFO - Setting next_dagrun for tutorial_dag to None, run_after=None
[2024-05-09T12:45:08.452+0200] {processor.py:183} INFO - Processing /home/munya/.local/lib/python3.11/site-packages/airflow/example_dags/tutorial_dag.py took 0.253 seconds
[2024-05-09T12:48:26.379+0200] {processor.py:161} INFO - Started process (PID=254226) to work on /home/munya/.local/lib/python3.11/site-packages/airflow/example_dags/tutorial_dag.py
[2024-05-09T12:48:26.382+0200] {processor.py:830} INFO - Processing file /home/munya/.local/lib/python3.11/site-packages/airflow/example_dags/tutorial_dag.py for tasks to queue
[2024-05-09T12:48:26.384+0200] {logging_mixin.py:188} INFO - [2024-05-09T12:48:26.383+0200] {dagbag.py:540} INFO - Filling up the DagBag from /home/munya/.local/lib/python3.11/site-packages/airflow/example_dags/tutorial_dag.py
[2024-05-09T12:48:26.400+0200] {processor.py:840} INFO - DAG(s) 'tutorial_dag' retrieved from /home/munya/.local/lib/python3.11/site-packages/airflow/example_dags/tutorial_dag.py
[2024-05-09T12:48:26.441+0200] {logging_mixin.py:188} INFO - [2024-05-09T12:48:26.440+0200] {dag.py:3096} INFO - Sync 1 DAGs
[2024-05-09T12:48:26.465+0200] {logging_mixin.py:188} INFO - [2024-05-09T12:48:26.464+0200] {dag.py:3954} INFO - Setting next_dagrun for tutorial_dag to None, run_after=None
[2024-05-09T12:48:26.510+0200] {processor.py:183} INFO - Processing /home/munya/.local/lib/python3.11/site-packages/airflow/example_dags/tutorial_dag.py took 0.156 seconds
[2024-05-09T12:49:37.980+0200] {processor.py:161} INFO - Started process (PID=255241) to work on /home/munya/.local/lib/python3.11/site-packages/airflow/example_dags/tutorial_dag.py
[2024-05-09T12:49:37.983+0200] {processor.py:830} INFO - Processing file /home/munya/.local/lib/python3.11/site-packages/airflow/example_dags/tutorial_dag.py for tasks to queue
[2024-05-09T12:49:37.987+0200] {logging_mixin.py:188} INFO - [2024-05-09T12:49:37.985+0200] {dagbag.py:540} INFO - Filling up the DagBag from /home/munya/.local/lib/python3.11/site-packages/airflow/example_dags/tutorial_dag.py
[2024-05-09T12:49:38.003+0200] {processor.py:840} INFO - DAG(s) 'tutorial_dag' retrieved from /home/munya/.local/lib/python3.11/site-packages/airflow/example_dags/tutorial_dag.py
[2024-05-09T12:49:38.093+0200] {logging_mixin.py:188} INFO - [2024-05-09T12:49:38.092+0200] {dag.py:3096} INFO - Sync 1 DAGs
[2024-05-09T12:49:38.203+0200] {logging_mixin.py:188} INFO - [2024-05-09T12:49:38.202+0200] {dag.py:3954} INFO - Setting next_dagrun for tutorial_dag to None, run_after=None
[2024-05-09T12:49:38.354+0200] {processor.py:183} INFO - Processing /home/munya/.local/lib/python3.11/site-packages/airflow/example_dags/tutorial_dag.py took 0.425 seconds
[2024-05-09T12:52:45.715+0200] {processor.py:161} INFO - Started process (PID=257675) to work on /home/munya/.local/lib/python3.11/site-packages/airflow/example_dags/tutorial_dag.py
[2024-05-09T12:52:45.718+0200] {processor.py:830} INFO - Processing file /home/munya/.local/lib/python3.11/site-packages/airflow/example_dags/tutorial_dag.py for tasks to queue
[2024-05-09T12:52:45.720+0200] {logging_mixin.py:188} INFO - [2024-05-09T12:52:45.719+0200] {dagbag.py:540} INFO - Filling up the DagBag from /home/munya/.local/lib/python3.11/site-packages/airflow/example_dags/tutorial_dag.py
[2024-05-09T12:52:45.734+0200] {processor.py:840} INFO - DAG(s) 'tutorial_dag' retrieved from /home/munya/.local/lib/python3.11/site-packages/airflow/example_dags/tutorial_dag.py
[2024-05-09T12:52:45.777+0200] {logging_mixin.py:188} INFO - [2024-05-09T12:52:45.776+0200] {dag.py:3096} INFO - Sync 1 DAGs
[2024-05-09T12:52:45.801+0200] {logging_mixin.py:188} INFO - [2024-05-09T12:52:45.801+0200] {dag.py:3954} INFO - Setting next_dagrun for tutorial_dag to None, run_after=None
[2024-05-09T12:52:45.831+0200] {processor.py:183} INFO - Processing /home/munya/.local/lib/python3.11/site-packages/airflow/example_dags/tutorial_dag.py took 0.145 seconds
[2024-05-09T12:53:45.538+0200] {processor.py:161} INFO - Started process (PID=258446) to work on /home/munya/.local/lib/python3.11/site-packages/airflow/example_dags/tutorial_dag.py
[2024-05-09T12:53:45.540+0200] {processor.py:830} INFO - Processing file /home/munya/.local/lib/python3.11/site-packages/airflow/example_dags/tutorial_dag.py for tasks to queue
[2024-05-09T12:53:45.543+0200] {logging_mixin.py:188} INFO - [2024-05-09T12:53:45.541+0200] {dagbag.py:540} INFO - Filling up the DagBag from /home/munya/.local/lib/python3.11/site-packages/airflow/example_dags/tutorial_dag.py
[2024-05-09T12:53:45.554+0200] {processor.py:840} INFO - DAG(s) 'tutorial_dag' retrieved from /home/munya/.local/lib/python3.11/site-packages/airflow/example_dags/tutorial_dag.py
[2024-05-09T12:53:45.587+0200] {logging_mixin.py:188} INFO - [2024-05-09T12:53:45.586+0200] {dag.py:3096} INFO - Sync 1 DAGs
[2024-05-09T12:53:45.608+0200] {logging_mixin.py:188} INFO - [2024-05-09T12:53:45.608+0200] {dag.py:3954} INFO - Setting next_dagrun for tutorial_dag to None, run_after=None
[2024-05-09T12:53:45.647+0200] {processor.py:183} INFO - Processing /home/munya/.local/lib/python3.11/site-packages/airflow/example_dags/tutorial_dag.py took 0.132 seconds
[2024-05-09T12:54:27.258+0200] {processor.py:161} INFO - Started process (PID=259038) to work on /home/munya/.local/lib/python3.11/site-packages/airflow/example_dags/tutorial_dag.py
[2024-05-09T12:54:27.260+0200] {processor.py:830} INFO - Processing file /home/munya/.local/lib/python3.11/site-packages/airflow/example_dags/tutorial_dag.py for tasks to queue
[2024-05-09T12:54:27.263+0200] {logging_mixin.py:188} INFO - [2024-05-09T12:54:27.262+0200] {dagbag.py:540} INFO - Filling up the DagBag from /home/munya/.local/lib/python3.11/site-packages/airflow/example_dags/tutorial_dag.py
[2024-05-09T12:54:27.275+0200] {processor.py:840} INFO - DAG(s) 'tutorial_dag' retrieved from /home/munya/.local/lib/python3.11/site-packages/airflow/example_dags/tutorial_dag.py
[2024-05-09T12:54:27.307+0200] {logging_mixin.py:188} INFO - [2024-05-09T12:54:27.307+0200] {dag.py:3096} INFO - Sync 1 DAGs
[2024-05-09T12:54:27.330+0200] {logging_mixin.py:188} INFO - [2024-05-09T12:54:27.329+0200] {dag.py:3954} INFO - Setting next_dagrun for tutorial_dag to None, run_after=None
[2024-05-09T12:54:27.381+0200] {processor.py:183} INFO - Processing /home/munya/.local/lib/python3.11/site-packages/airflow/example_dags/tutorial_dag.py took 0.143 seconds
[2024-05-09T12:56:19.070+0200] {processor.py:161} INFO - Started process (PID=260842) to work on /home/munya/.local/lib/python3.11/site-packages/airflow/example_dags/tutorial_dag.py
[2024-05-09T12:56:19.071+0200] {processor.py:830} INFO - Processing file /home/munya/.local/lib/python3.11/site-packages/airflow/example_dags/tutorial_dag.py for tasks to queue
[2024-05-09T12:56:19.074+0200] {logging_mixin.py:188} INFO - [2024-05-09T12:56:19.074+0200] {dagbag.py:540} INFO - Filling up the DagBag from /home/munya/.local/lib/python3.11/site-packages/airflow/example_dags/tutorial_dag.py
[2024-05-09T12:56:19.082+0200] {processor.py:840} INFO - DAG(s) 'tutorial_dag' retrieved from /home/munya/.local/lib/python3.11/site-packages/airflow/example_dags/tutorial_dag.py
[2024-05-09T12:56:19.105+0200] {logging_mixin.py:188} INFO - [2024-05-09T12:56:19.105+0200] {dag.py:3096} INFO - Sync 1 DAGs
[2024-05-09T12:56:19.119+0200] {logging_mixin.py:188} INFO - [2024-05-09T12:56:19.119+0200] {dag.py:3954} INFO - Setting next_dagrun for tutorial_dag to None, run_after=None
[2024-05-09T12:56:19.155+0200] {processor.py:183} INFO - Processing /home/munya/.local/lib/python3.11/site-packages/airflow/example_dags/tutorial_dag.py took 0.100 seconds
[2024-05-09T12:57:00.138+0200] {processor.py:161} INFO - Started process (PID=261392) to work on /home/munya/.local/lib/python3.11/site-packages/airflow/example_dags/tutorial_dag.py
[2024-05-09T12:57:00.140+0200] {processor.py:830} INFO - Processing file /home/munya/.local/lib/python3.11/site-packages/airflow/example_dags/tutorial_dag.py for tasks to queue
[2024-05-09T12:57:00.141+0200] {logging_mixin.py:188} INFO - [2024-05-09T12:57:00.140+0200] {dagbag.py:540} INFO - Filling up the DagBag from /home/munya/.local/lib/python3.11/site-packages/airflow/example_dags/tutorial_dag.py
[2024-05-09T12:57:00.147+0200] {processor.py:840} INFO - DAG(s) 'tutorial_dag' retrieved from /home/munya/.local/lib/python3.11/site-packages/airflow/example_dags/tutorial_dag.py
[2024-05-09T12:57:00.169+0200] {logging_mixin.py:188} INFO - [2024-05-09T12:57:00.169+0200] {dag.py:3096} INFO - Sync 1 DAGs
[2024-05-09T12:57:00.186+0200] {logging_mixin.py:188} INFO - [2024-05-09T12:57:00.185+0200] {dag.py:3954} INFO - Setting next_dagrun for tutorial_dag to None, run_after=None
[2024-05-09T12:57:00.217+0200] {processor.py:183} INFO - Processing /home/munya/.local/lib/python3.11/site-packages/airflow/example_dags/tutorial_dag.py took 0.095 seconds
[2024-05-09T12:58:04.097+0200] {processor.py:161} INFO - Started process (PID=262224) to work on /home/munya/.local/lib/python3.11/site-packages/airflow/example_dags/tutorial_dag.py
[2024-05-09T12:58:04.099+0200] {processor.py:830} INFO - Processing file /home/munya/.local/lib/python3.11/site-packages/airflow/example_dags/tutorial_dag.py for tasks to queue
[2024-05-09T12:58:04.100+0200] {logging_mixin.py:188} INFO - [2024-05-09T12:58:04.099+0200] {dagbag.py:540} INFO - Filling up the DagBag from /home/munya/.local/lib/python3.11/site-packages/airflow/example_dags/tutorial_dag.py
[2024-05-09T12:58:04.109+0200] {processor.py:840} INFO - DAG(s) 'tutorial_dag' retrieved from /home/munya/.local/lib/python3.11/site-packages/airflow/example_dags/tutorial_dag.py
[2024-05-09T12:58:04.144+0200] {logging_mixin.py:188} INFO - [2024-05-09T12:58:04.142+0200] {dag.py:3096} INFO - Sync 1 DAGs
[2024-05-09T12:58:04.163+0200] {logging_mixin.py:188} INFO - [2024-05-09T12:58:04.163+0200] {dag.py:3954} INFO - Setting next_dagrun for tutorial_dag to None, run_after=None
[2024-05-09T12:58:04.206+0200] {processor.py:183} INFO - Processing /home/munya/.local/lib/python3.11/site-packages/airflow/example_dags/tutorial_dag.py took 0.121 seconds
[2024-05-09T12:59:06.899+0200] {processor.py:161} INFO - Started process (PID=263074) to work on /home/munya/.local/lib/python3.11/site-packages/airflow/example_dags/tutorial_dag.py
[2024-05-09T12:59:06.901+0200] {processor.py:830} INFO - Processing file /home/munya/.local/lib/python3.11/site-packages/airflow/example_dags/tutorial_dag.py for tasks to queue
[2024-05-09T12:59:06.902+0200] {logging_mixin.py:188} INFO - [2024-05-09T12:59:06.901+0200] {dagbag.py:540} INFO - Filling up the DagBag from /home/munya/.local/lib/python3.11/site-packages/airflow/example_dags/tutorial_dag.py
[2024-05-09T12:59:06.914+0200] {processor.py:840} INFO - DAG(s) 'tutorial_dag' retrieved from /home/munya/.local/lib/python3.11/site-packages/airflow/example_dags/tutorial_dag.py
[2024-05-09T12:59:06.956+0200] {logging_mixin.py:188} INFO - [2024-05-09T12:59:06.956+0200] {dag.py:3096} INFO - Sync 1 DAGs
[2024-05-09T12:59:06.977+0200] {logging_mixin.py:188} INFO - [2024-05-09T12:59:06.977+0200] {dag.py:3954} INFO - Setting next_dagrun for tutorial_dag to None, run_after=None
[2024-05-09T12:59:07.008+0200] {processor.py:183} INFO - Processing /home/munya/.local/lib/python3.11/site-packages/airflow/example_dags/tutorial_dag.py took 0.129 seconds
[2024-05-09T13:00:28.264+0200] {processor.py:161} INFO - Started process (PID=264207) to work on /home/munya/.local/lib/python3.11/site-packages/airflow/example_dags/tutorial_dag.py
[2024-05-09T13:00:28.265+0200] {processor.py:830} INFO - Processing file /home/munya/.local/lib/python3.11/site-packages/airflow/example_dags/tutorial_dag.py for tasks to queue
[2024-05-09T13:00:28.266+0200] {logging_mixin.py:188} INFO - [2024-05-09T13:00:28.266+0200] {dagbag.py:540} INFO - Filling up the DagBag from /home/munya/.local/lib/python3.11/site-packages/airflow/example_dags/tutorial_dag.py
[2024-05-09T13:00:28.272+0200] {processor.py:840} INFO - DAG(s) 'tutorial_dag' retrieved from /home/munya/.local/lib/python3.11/site-packages/airflow/example_dags/tutorial_dag.py
[2024-05-09T13:00:28.292+0200] {logging_mixin.py:188} INFO - [2024-05-09T13:00:28.292+0200] {dag.py:3096} INFO - Sync 1 DAGs
[2024-05-09T13:00:28.305+0200] {logging_mixin.py:188} INFO - [2024-05-09T13:00:28.305+0200] {dag.py:3954} INFO - Setting next_dagrun for tutorial_dag to None, run_after=None
[2024-05-09T13:00:28.331+0200] {processor.py:183} INFO - Processing /home/munya/.local/lib/python3.11/site-packages/airflow/example_dags/tutorial_dag.py took 0.076 seconds
[2024-05-09T13:01:27.987+0200] {processor.py:161} INFO - Started process (PID=265019) to work on /home/munya/.local/lib/python3.11/site-packages/airflow/example_dags/tutorial_dag.py
[2024-05-09T13:01:27.988+0200] {processor.py:830} INFO - Processing file /home/munya/.local/lib/python3.11/site-packages/airflow/example_dags/tutorial_dag.py for tasks to queue
[2024-05-09T13:01:27.989+0200] {logging_mixin.py:188} INFO - [2024-05-09T13:01:27.988+0200] {dagbag.py:540} INFO - Filling up the DagBag from /home/munya/.local/lib/python3.11/site-packages/airflow/example_dags/tutorial_dag.py
[2024-05-09T13:01:27.993+0200] {processor.py:840} INFO - DAG(s) 'tutorial_dag' retrieved from /home/munya/.local/lib/python3.11/site-packages/airflow/example_dags/tutorial_dag.py
[2024-05-09T13:01:28.008+0200] {logging_mixin.py:188} INFO - [2024-05-09T13:01:28.008+0200] {dag.py:3096} INFO - Sync 1 DAGs
[2024-05-09T13:01:28.017+0200] {logging_mixin.py:188} INFO - [2024-05-09T13:01:28.017+0200] {dag.py:3954} INFO - Setting next_dagrun for tutorial_dag to None, run_after=None
[2024-05-09T13:01:28.035+0200] {processor.py:183} INFO - Processing /home/munya/.local/lib/python3.11/site-packages/airflow/example_dags/tutorial_dag.py took 0.058 seconds
[2024-05-09T13:02:26.497+0200] {processor.py:161} INFO - Started process (PID=265837) to work on /home/munya/.local/lib/python3.11/site-packages/airflow/example_dags/tutorial_dag.py
[2024-05-09T13:02:26.500+0200] {processor.py:830} INFO - Processing file /home/munya/.local/lib/python3.11/site-packages/airflow/example_dags/tutorial_dag.py for tasks to queue
[2024-05-09T13:02:26.502+0200] {logging_mixin.py:188} INFO - [2024-05-09T13:02:26.501+0200] {dagbag.py:540} INFO - Filling up the DagBag from /home/munya/.local/lib/python3.11/site-packages/airflow/example_dags/tutorial_dag.py
[2024-05-09T13:02:26.519+0200] {processor.py:840} INFO - DAG(s) 'tutorial_dag' retrieved from /home/munya/.local/lib/python3.11/site-packages/airflow/example_dags/tutorial_dag.py
[2024-05-09T13:02:26.568+0200] {logging_mixin.py:188} INFO - [2024-05-09T13:02:26.568+0200] {dag.py:3096} INFO - Sync 1 DAGs
[2024-05-09T13:02:26.622+0200] {logging_mixin.py:188} INFO - [2024-05-09T13:02:26.621+0200] {dag.py:3954} INFO - Setting next_dagrun for tutorial_dag to None, run_after=None
[2024-05-09T13:02:26.690+0200] {processor.py:183} INFO - Processing /home/munya/.local/lib/python3.11/site-packages/airflow/example_dags/tutorial_dag.py took 0.222 seconds
[2024-05-09T13:03:25.551+0200] {processor.py:161} INFO - Started process (PID=266631) to work on /home/munya/.local/lib/python3.11/site-packages/airflow/example_dags/tutorial_dag.py
[2024-05-09T13:03:25.552+0200] {processor.py:830} INFO - Processing file /home/munya/.local/lib/python3.11/site-packages/airflow/example_dags/tutorial_dag.py for tasks to queue
[2024-05-09T13:03:25.553+0200] {logging_mixin.py:188} INFO - [2024-05-09T13:03:25.553+0200] {dagbag.py:540} INFO - Filling up the DagBag from /home/munya/.local/lib/python3.11/site-packages/airflow/example_dags/tutorial_dag.py
[2024-05-09T13:03:25.558+0200] {processor.py:840} INFO - DAG(s) 'tutorial_dag' retrieved from /home/munya/.local/lib/python3.11/site-packages/airflow/example_dags/tutorial_dag.py
[2024-05-09T13:03:25.574+0200] {logging_mixin.py:188} INFO - [2024-05-09T13:03:25.574+0200] {dag.py:3096} INFO - Sync 1 DAGs
[2024-05-09T13:03:25.584+0200] {logging_mixin.py:188} INFO - [2024-05-09T13:03:25.584+0200] {dag.py:3954} INFO - Setting next_dagrun for tutorial_dag to None, run_after=None
[2024-05-09T13:03:25.603+0200] {processor.py:183} INFO - Processing /home/munya/.local/lib/python3.11/site-packages/airflow/example_dags/tutorial_dag.py took 0.064 seconds
[2024-05-09T13:04:25.345+0200] {processor.py:161} INFO - Started process (PID=267485) to work on /home/munya/.local/lib/python3.11/site-packages/airflow/example_dags/tutorial_dag.py
[2024-05-09T13:04:25.347+0200] {processor.py:830} INFO - Processing file /home/munya/.local/lib/python3.11/site-packages/airflow/example_dags/tutorial_dag.py for tasks to queue
[2024-05-09T13:04:25.348+0200] {logging_mixin.py:188} INFO - [2024-05-09T13:04:25.348+0200] {dagbag.py:540} INFO - Filling up the DagBag from /home/munya/.local/lib/python3.11/site-packages/airflow/example_dags/tutorial_dag.py
[2024-05-09T13:04:25.353+0200] {processor.py:840} INFO - DAG(s) 'tutorial_dag' retrieved from /home/munya/.local/lib/python3.11/site-packages/airflow/example_dags/tutorial_dag.py
[2024-05-09T13:04:25.372+0200] {logging_mixin.py:188} INFO - [2024-05-09T13:04:25.371+0200] {dag.py:3096} INFO - Sync 1 DAGs
[2024-05-09T13:04:25.383+0200] {logging_mixin.py:188} INFO - [2024-05-09T13:04:25.383+0200] {dag.py:3954} INFO - Setting next_dagrun for tutorial_dag to None, run_after=None
[2024-05-09T13:04:25.411+0200] {processor.py:183} INFO - Processing /home/munya/.local/lib/python3.11/site-packages/airflow/example_dags/tutorial_dag.py took 0.074 seconds
[2024-05-09T13:05:21.157+0200] {processor.py:161} INFO - Started process (PID=268261) to work on /home/munya/.local/lib/python3.11/site-packages/airflow/example_dags/tutorial_dag.py
[2024-05-09T13:05:21.158+0200] {processor.py:830} INFO - Processing file /home/munya/.local/lib/python3.11/site-packages/airflow/example_dags/tutorial_dag.py for tasks to queue
[2024-05-09T13:05:21.159+0200] {logging_mixin.py:188} INFO - [2024-05-09T13:05:21.159+0200] {dagbag.py:540} INFO - Filling up the DagBag from /home/munya/.local/lib/python3.11/site-packages/airflow/example_dags/tutorial_dag.py
[2024-05-09T13:05:21.165+0200] {processor.py:840} INFO - DAG(s) 'tutorial_dag' retrieved from /home/munya/.local/lib/python3.11/site-packages/airflow/example_dags/tutorial_dag.py
[2024-05-09T13:05:21.181+0200] {logging_mixin.py:188} INFO - [2024-05-09T13:05:21.181+0200] {dag.py:3096} INFO - Sync 1 DAGs
[2024-05-09T13:05:21.192+0200] {logging_mixin.py:188} INFO - [2024-05-09T13:05:21.192+0200] {dag.py:3954} INFO - Setting next_dagrun for tutorial_dag to None, run_after=None
[2024-05-09T13:05:21.210+0200] {processor.py:183} INFO - Processing /home/munya/.local/lib/python3.11/site-packages/airflow/example_dags/tutorial_dag.py took 0.064 seconds
[2024-05-09T13:06:18.415+0200] {processor.py:161} INFO - Started process (PID=269062) to work on /home/munya/.local/lib/python3.11/site-packages/airflow/example_dags/tutorial_dag.py
[2024-05-09T13:06:18.415+0200] {processor.py:830} INFO - Processing file /home/munya/.local/lib/python3.11/site-packages/airflow/example_dags/tutorial_dag.py for tasks to queue
[2024-05-09T13:06:18.416+0200] {logging_mixin.py:188} INFO - [2024-05-09T13:06:18.416+0200] {dagbag.py:540} INFO - Filling up the DagBag from /home/munya/.local/lib/python3.11/site-packages/airflow/example_dags/tutorial_dag.py
[2024-05-09T13:06:18.421+0200] {processor.py:840} INFO - DAG(s) 'tutorial_dag' retrieved from /home/munya/.local/lib/python3.11/site-packages/airflow/example_dags/tutorial_dag.py
[2024-05-09T13:06:18.438+0200] {logging_mixin.py:188} INFO - [2024-05-09T13:06:18.438+0200] {dag.py:3096} INFO - Sync 1 DAGs
[2024-05-09T13:06:18.448+0200] {logging_mixin.py:188} INFO - [2024-05-09T13:06:18.447+0200] {dag.py:3954} INFO - Setting next_dagrun for tutorial_dag to None, run_after=None
[2024-05-09T13:06:18.470+0200] {processor.py:183} INFO - Processing /home/munya/.local/lib/python3.11/site-packages/airflow/example_dags/tutorial_dag.py took 0.064 seconds
[2024-05-09T13:07:17.162+0200] {processor.py:161} INFO - Started process (PID=269877) to work on /home/munya/.local/lib/python3.11/site-packages/airflow/example_dags/tutorial_dag.py
[2024-05-09T13:07:17.166+0200] {processor.py:830} INFO - Processing file /home/munya/.local/lib/python3.11/site-packages/airflow/example_dags/tutorial_dag.py for tasks to queue
[2024-05-09T13:07:17.168+0200] {logging_mixin.py:188} INFO - [2024-05-09T13:07:17.167+0200] {dagbag.py:540} INFO - Filling up the DagBag from /home/munya/.local/lib/python3.11/site-packages/airflow/example_dags/tutorial_dag.py
[2024-05-09T13:07:17.185+0200] {processor.py:840} INFO - DAG(s) 'tutorial_dag' retrieved from /home/munya/.local/lib/python3.11/site-packages/airflow/example_dags/tutorial_dag.py
[2024-05-09T13:07:17.230+0200] {logging_mixin.py:188} INFO - [2024-05-09T13:07:17.230+0200] {dag.py:3096} INFO - Sync 1 DAGs
[2024-05-09T13:07:17.247+0200] {logging_mixin.py:188} INFO - [2024-05-09T13:07:17.246+0200] {dag.py:3954} INFO - Setting next_dagrun for tutorial_dag to None, run_after=None
[2024-05-09T13:07:17.288+0200] {processor.py:183} INFO - Processing /home/munya/.local/lib/python3.11/site-packages/airflow/example_dags/tutorial_dag.py took 0.145 seconds
[2024-05-09T13:08:14.251+0200] {processor.py:161} INFO - Started process (PID=270670) to work on /home/munya/.local/lib/python3.11/site-packages/airflow/example_dags/tutorial_dag.py
[2024-05-09T13:08:14.253+0200] {processor.py:830} INFO - Processing file /home/munya/.local/lib/python3.11/site-packages/airflow/example_dags/tutorial_dag.py for tasks to queue
[2024-05-09T13:08:14.254+0200] {logging_mixin.py:188} INFO - [2024-05-09T13:08:14.253+0200] {dagbag.py:540} INFO - Filling up the DagBag from /home/munya/.local/lib/python3.11/site-packages/airflow/example_dags/tutorial_dag.py
[2024-05-09T13:08:14.263+0200] {processor.py:840} INFO - DAG(s) 'tutorial_dag' retrieved from /home/munya/.local/lib/python3.11/site-packages/airflow/example_dags/tutorial_dag.py
[2024-05-09T13:08:14.285+0200] {logging_mixin.py:188} INFO - [2024-05-09T13:08:14.285+0200] {dag.py:3096} INFO - Sync 1 DAGs
[2024-05-09T13:08:14.301+0200] {logging_mixin.py:188} INFO - [2024-05-09T13:08:14.301+0200] {dag.py:3954} INFO - Setting next_dagrun for tutorial_dag to None, run_after=None
[2024-05-09T13:08:14.323+0200] {processor.py:183} INFO - Processing /home/munya/.local/lib/python3.11/site-packages/airflow/example_dags/tutorial_dag.py took 0.094 seconds
[2024-05-09T13:09:10.283+0200] {processor.py:161} INFO - Started process (PID=271494) to work on /home/munya/.local/lib/python3.11/site-packages/airflow/example_dags/tutorial_dag.py
[2024-05-09T13:09:10.284+0200] {processor.py:830} INFO - Processing file /home/munya/.local/lib/python3.11/site-packages/airflow/example_dags/tutorial_dag.py for tasks to queue
[2024-05-09T13:09:10.285+0200] {logging_mixin.py:188} INFO - [2024-05-09T13:09:10.284+0200] {dagbag.py:540} INFO - Filling up the DagBag from /home/munya/.local/lib/python3.11/site-packages/airflow/example_dags/tutorial_dag.py
[2024-05-09T13:09:10.289+0200] {processor.py:840} INFO - DAG(s) 'tutorial_dag' retrieved from /home/munya/.local/lib/python3.11/site-packages/airflow/example_dags/tutorial_dag.py
[2024-05-09T13:09:10.307+0200] {logging_mixin.py:188} INFO - [2024-05-09T13:09:10.306+0200] {dag.py:3096} INFO - Sync 1 DAGs
[2024-05-09T13:09:10.318+0200] {logging_mixin.py:188} INFO - [2024-05-09T13:09:10.318+0200] {dag.py:3954} INFO - Setting next_dagrun for tutorial_dag to None, run_after=None
[2024-05-09T13:09:10.340+0200] {processor.py:183} INFO - Processing /home/munya/.local/lib/python3.11/site-packages/airflow/example_dags/tutorial_dag.py took 0.066 seconds
[2024-05-09T13:10:07.551+0200] {processor.py:161} INFO - Started process (PID=272271) to work on /home/munya/.local/lib/python3.11/site-packages/airflow/example_dags/tutorial_dag.py
[2024-05-09T13:10:07.552+0200] {processor.py:830} INFO - Processing file /home/munya/.local/lib/python3.11/site-packages/airflow/example_dags/tutorial_dag.py for tasks to queue
[2024-05-09T13:10:07.553+0200] {logging_mixin.py:188} INFO - [2024-05-09T13:10:07.553+0200] {dagbag.py:540} INFO - Filling up the DagBag from /home/munya/.local/lib/python3.11/site-packages/airflow/example_dags/tutorial_dag.py
[2024-05-09T13:10:07.558+0200] {processor.py:840} INFO - DAG(s) 'tutorial_dag' retrieved from /home/munya/.local/lib/python3.11/site-packages/airflow/example_dags/tutorial_dag.py
[2024-05-09T13:10:07.576+0200] {logging_mixin.py:188} INFO - [2024-05-09T13:10:07.575+0200] {dag.py:3096} INFO - Sync 1 DAGs
[2024-05-09T13:10:07.591+0200] {logging_mixin.py:188} INFO - [2024-05-09T13:10:07.590+0200] {dag.py:3954} INFO - Setting next_dagrun for tutorial_dag to None, run_after=None
[2024-05-09T13:10:07.618+0200] {processor.py:183} INFO - Processing /home/munya/.local/lib/python3.11/site-packages/airflow/example_dags/tutorial_dag.py took 0.079 seconds
[2024-05-09T13:11:03.415+0200] {processor.py:161} INFO - Started process (PID=273057) to work on /home/munya/.local/lib/python3.11/site-packages/airflow/example_dags/tutorial_dag.py
[2024-05-09T13:11:03.416+0200] {processor.py:830} INFO - Processing file /home/munya/.local/lib/python3.11/site-packages/airflow/example_dags/tutorial_dag.py for tasks to queue
[2024-05-09T13:11:03.417+0200] {logging_mixin.py:188} INFO - [2024-05-09T13:11:03.416+0200] {dagbag.py:540} INFO - Filling up the DagBag from /home/munya/.local/lib/python3.11/site-packages/airflow/example_dags/tutorial_dag.py
[2024-05-09T13:11:03.423+0200] {processor.py:840} INFO - DAG(s) 'tutorial_dag' retrieved from /home/munya/.local/lib/python3.11/site-packages/airflow/example_dags/tutorial_dag.py
[2024-05-09T13:11:03.440+0200] {logging_mixin.py:188} INFO - [2024-05-09T13:11:03.440+0200] {dag.py:3096} INFO - Sync 1 DAGs
[2024-05-09T13:11:03.451+0200] {logging_mixin.py:188} INFO - [2024-05-09T13:11:03.451+0200] {dag.py:3954} INFO - Setting next_dagrun for tutorial_dag to None, run_after=None
[2024-05-09T13:11:03.471+0200] {processor.py:183} INFO - Processing /home/munya/.local/lib/python3.11/site-packages/airflow/example_dags/tutorial_dag.py took 0.065 seconds
[2024-05-09T13:12:02.050+0200] {processor.py:161} INFO - Started process (PID=273845) to work on /home/munya/.local/lib/python3.11/site-packages/airflow/example_dags/tutorial_dag.py
[2024-05-09T13:12:02.051+0200] {processor.py:830} INFO - Processing file /home/munya/.local/lib/python3.11/site-packages/airflow/example_dags/tutorial_dag.py for tasks to queue
[2024-05-09T13:12:02.052+0200] {logging_mixin.py:188} INFO - [2024-05-09T13:12:02.051+0200] {dagbag.py:540} INFO - Filling up the DagBag from /home/munya/.local/lib/python3.11/site-packages/airflow/example_dags/tutorial_dag.py
[2024-05-09T13:12:02.058+0200] {processor.py:840} INFO - DAG(s) 'tutorial_dag' retrieved from /home/munya/.local/lib/python3.11/site-packages/airflow/example_dags/tutorial_dag.py
[2024-05-09T13:12:02.077+0200] {logging_mixin.py:188} INFO - [2024-05-09T13:12:02.077+0200] {dag.py:3096} INFO - Sync 1 DAGs
[2024-05-09T13:12:02.087+0200] {logging_mixin.py:188} INFO - [2024-05-09T13:12:02.087+0200] {dag.py:3954} INFO - Setting next_dagrun for tutorial_dag to None, run_after=None
[2024-05-09T13:12:02.104+0200] {processor.py:183} INFO - Processing /home/munya/.local/lib/python3.11/site-packages/airflow/example_dags/tutorial_dag.py took 0.072 seconds
[2024-05-09T13:13:04.027+0200] {processor.py:161} INFO - Started process (PID=274719) to work on /home/munya/.local/lib/python3.11/site-packages/airflow/example_dags/tutorial_dag.py
[2024-05-09T13:13:04.028+0200] {processor.py:830} INFO - Processing file /home/munya/.local/lib/python3.11/site-packages/airflow/example_dags/tutorial_dag.py for tasks to queue
[2024-05-09T13:13:04.029+0200] {logging_mixin.py:188} INFO - [2024-05-09T13:13:04.028+0200] {dagbag.py:540} INFO - Filling up the DagBag from /home/munya/.local/lib/python3.11/site-packages/airflow/example_dags/tutorial_dag.py
[2024-05-09T13:13:04.034+0200] {processor.py:840} INFO - DAG(s) 'tutorial_dag' retrieved from /home/munya/.local/lib/python3.11/site-packages/airflow/example_dags/tutorial_dag.py
[2024-05-09T13:13:04.048+0200] {logging_mixin.py:188} INFO - [2024-05-09T13:13:04.048+0200] {dag.py:3096} INFO - Sync 1 DAGs
[2024-05-09T13:13:04.057+0200] {logging_mixin.py:188} INFO - [2024-05-09T13:13:04.056+0200] {dag.py:3954} INFO - Setting next_dagrun for tutorial_dag to None, run_after=None
[2024-05-09T13:13:04.072+0200] {processor.py:183} INFO - Processing /home/munya/.local/lib/python3.11/site-packages/airflow/example_dags/tutorial_dag.py took 0.053 seconds
[2024-05-09T13:14:02.371+0200] {processor.py:161} INFO - Started process (PID=275533) to work on /home/munya/.local/lib/python3.11/site-packages/airflow/example_dags/tutorial_dag.py
[2024-05-09T13:14:02.374+0200] {processor.py:830} INFO - Processing file /home/munya/.local/lib/python3.11/site-packages/airflow/example_dags/tutorial_dag.py for tasks to queue
[2024-05-09T13:14:02.376+0200] {logging_mixin.py:188} INFO - [2024-05-09T13:14:02.375+0200] {dagbag.py:540} INFO - Filling up the DagBag from /home/munya/.local/lib/python3.11/site-packages/airflow/example_dags/tutorial_dag.py
[2024-05-09T13:14:02.392+0200] {processor.py:840} INFO - DAG(s) 'tutorial_dag' retrieved from /home/munya/.local/lib/python3.11/site-packages/airflow/example_dags/tutorial_dag.py
[2024-05-09T13:14:02.444+0200] {logging_mixin.py:188} INFO - [2024-05-09T13:14:02.443+0200] {dag.py:3096} INFO - Sync 1 DAGs
[2024-05-09T13:14:02.477+0200] {logging_mixin.py:188} INFO - [2024-05-09T13:14:02.477+0200] {dag.py:3954} INFO - Setting next_dagrun for tutorial_dag to None, run_after=None
[2024-05-09T13:14:02.531+0200] {processor.py:183} INFO - Processing /home/munya/.local/lib/python3.11/site-packages/airflow/example_dags/tutorial_dag.py took 0.194 seconds
[2024-05-09T13:15:07.307+0200] {processor.py:161} INFO - Started process (PID=276433) to work on /home/munya/.local/lib/python3.11/site-packages/airflow/example_dags/tutorial_dag.py
[2024-05-09T13:15:07.308+0200] {processor.py:830} INFO - Processing file /home/munya/.local/lib/python3.11/site-packages/airflow/example_dags/tutorial_dag.py for tasks to queue
[2024-05-09T13:15:07.309+0200] {logging_mixin.py:188} INFO - [2024-05-09T13:15:07.309+0200] {dagbag.py:540} INFO - Filling up the DagBag from /home/munya/.local/lib/python3.11/site-packages/airflow/example_dags/tutorial_dag.py
[2024-05-09T13:15:07.313+0200] {processor.py:840} INFO - DAG(s) 'tutorial_dag' retrieved from /home/munya/.local/lib/python3.11/site-packages/airflow/example_dags/tutorial_dag.py
[2024-05-09T13:15:07.327+0200] {logging_mixin.py:188} INFO - [2024-05-09T13:15:07.327+0200] {dag.py:3096} INFO - Sync 1 DAGs
[2024-05-09T13:15:07.337+0200] {logging_mixin.py:188} INFO - [2024-05-09T13:15:07.337+0200] {dag.py:3954} INFO - Setting next_dagrun for tutorial_dag to None, run_after=None
[2024-05-09T13:15:07.356+0200] {processor.py:183} INFO - Processing /home/munya/.local/lib/python3.11/site-packages/airflow/example_dags/tutorial_dag.py took 0.057 seconds
[2024-05-09T13:16:09.046+0200] {processor.py:161} INFO - Started process (PID=277283) to work on /home/munya/.local/lib/python3.11/site-packages/airflow/example_dags/tutorial_dag.py
[2024-05-09T13:16:09.049+0200] {processor.py:830} INFO - Processing file /home/munya/.local/lib/python3.11/site-packages/airflow/example_dags/tutorial_dag.py for tasks to queue
[2024-05-09T13:16:09.053+0200] {logging_mixin.py:188} INFO - [2024-05-09T13:16:09.051+0200] {dagbag.py:540} INFO - Filling up the DagBag from /home/munya/.local/lib/python3.11/site-packages/airflow/example_dags/tutorial_dag.py
[2024-05-09T13:16:09.074+0200] {processor.py:840} INFO - DAG(s) 'tutorial_dag' retrieved from /home/munya/.local/lib/python3.11/site-packages/airflow/example_dags/tutorial_dag.py
[2024-05-09T13:16:09.130+0200] {logging_mixin.py:188} INFO - [2024-05-09T13:16:09.129+0200] {dag.py:3096} INFO - Sync 1 DAGs
[2024-05-09T13:16:09.162+0200] {logging_mixin.py:188} INFO - [2024-05-09T13:16:09.161+0200] {dag.py:3954} INFO - Setting next_dagrun for tutorial_dag to None, run_after=None
[2024-05-09T13:16:09.231+0200] {processor.py:183} INFO - Processing /home/munya/.local/lib/python3.11/site-packages/airflow/example_dags/tutorial_dag.py took 0.216 seconds
[2024-05-09T13:17:16.242+0200] {processor.py:161} INFO - Started process (PID=278230) to work on /home/munya/.local/lib/python3.11/site-packages/airflow/example_dags/tutorial_dag.py
[2024-05-09T13:17:16.243+0200] {processor.py:830} INFO - Processing file /home/munya/.local/lib/python3.11/site-packages/airflow/example_dags/tutorial_dag.py for tasks to queue
[2024-05-09T13:17:16.244+0200] {logging_mixin.py:188} INFO - [2024-05-09T13:17:16.244+0200] {dagbag.py:540} INFO - Filling up the DagBag from /home/munya/.local/lib/python3.11/site-packages/airflow/example_dags/tutorial_dag.py
[2024-05-09T13:17:16.249+0200] {processor.py:840} INFO - DAG(s) 'tutorial_dag' retrieved from /home/munya/.local/lib/python3.11/site-packages/airflow/example_dags/tutorial_dag.py
[2024-05-09T13:17:16.264+0200] {logging_mixin.py:188} INFO - [2024-05-09T13:17:16.264+0200] {dag.py:3096} INFO - Sync 1 DAGs
[2024-05-09T13:17:16.273+0200] {logging_mixin.py:188} INFO - [2024-05-09T13:17:16.273+0200] {dag.py:3954} INFO - Setting next_dagrun for tutorial_dag to None, run_after=None
[2024-05-09T13:17:16.296+0200] {processor.py:183} INFO - Processing /home/munya/.local/lib/python3.11/site-packages/airflow/example_dags/tutorial_dag.py took 0.063 seconds
[2024-05-09T13:18:20.713+0200] {processor.py:161} INFO - Started process (PID=279140) to work on /home/munya/.local/lib/python3.11/site-packages/airflow/example_dags/tutorial_dag.py
[2024-05-09T13:18:20.714+0200] {processor.py:830} INFO - Processing file /home/munya/.local/lib/python3.11/site-packages/airflow/example_dags/tutorial_dag.py for tasks to queue
[2024-05-09T13:18:20.715+0200] {logging_mixin.py:188} INFO - [2024-05-09T13:18:20.715+0200] {dagbag.py:540} INFO - Filling up the DagBag from /home/munya/.local/lib/python3.11/site-packages/airflow/example_dags/tutorial_dag.py
[2024-05-09T13:18:20.720+0200] {processor.py:840} INFO - DAG(s) 'tutorial_dag' retrieved from /home/munya/.local/lib/python3.11/site-packages/airflow/example_dags/tutorial_dag.py
[2024-05-09T13:18:20.739+0200] {logging_mixin.py:188} INFO - [2024-05-09T13:18:20.739+0200] {dag.py:3096} INFO - Sync 1 DAGs
[2024-05-09T13:18:20.753+0200] {logging_mixin.py:188} INFO - [2024-05-09T13:18:20.753+0200] {dag.py:3954} INFO - Setting next_dagrun for tutorial_dag to None, run_after=None
[2024-05-09T13:18:20.798+0200] {processor.py:183} INFO - Processing /home/munya/.local/lib/python3.11/site-packages/airflow/example_dags/tutorial_dag.py took 0.093 seconds
[2024-05-09T13:19:23.088+0200] {processor.py:161} INFO - Started process (PID=280011) to work on /home/munya/.local/lib/python3.11/site-packages/airflow/example_dags/tutorial_dag.py
[2024-05-09T13:19:23.089+0200] {processor.py:830} INFO - Processing file /home/munya/.local/lib/python3.11/site-packages/airflow/example_dags/tutorial_dag.py for tasks to queue
[2024-05-09T13:19:23.089+0200] {logging_mixin.py:188} INFO - [2024-05-09T13:19:23.089+0200] {dagbag.py:540} INFO - Filling up the DagBag from /home/munya/.local/lib/python3.11/site-packages/airflow/example_dags/tutorial_dag.py
[2024-05-09T13:19:23.094+0200] {processor.py:840} INFO - DAG(s) 'tutorial_dag' retrieved from /home/munya/.local/lib/python3.11/site-packages/airflow/example_dags/tutorial_dag.py
[2024-05-09T13:19:23.107+0200] {logging_mixin.py:188} INFO - [2024-05-09T13:19:23.107+0200] {dag.py:3096} INFO - Sync 1 DAGs
[2024-05-09T13:19:23.115+0200] {logging_mixin.py:188} INFO - [2024-05-09T13:19:23.115+0200] {dag.py:3954} INFO - Setting next_dagrun for tutorial_dag to None, run_after=None
[2024-05-09T13:19:23.131+0200] {processor.py:183} INFO - Processing /home/munya/.local/lib/python3.11/site-packages/airflow/example_dags/tutorial_dag.py took 0.051 seconds
[2024-05-09T13:20:28.784+0200] {processor.py:161} INFO - Started process (PID=280913) to work on /home/munya/.local/lib/python3.11/site-packages/airflow/example_dags/tutorial_dag.py
[2024-05-09T13:20:28.785+0200] {processor.py:830} INFO - Processing file /home/munya/.local/lib/python3.11/site-packages/airflow/example_dags/tutorial_dag.py for tasks to queue
[2024-05-09T13:20:28.785+0200] {logging_mixin.py:188} INFO - [2024-05-09T13:20:28.785+0200] {dagbag.py:540} INFO - Filling up the DagBag from /home/munya/.local/lib/python3.11/site-packages/airflow/example_dags/tutorial_dag.py
[2024-05-09T13:20:28.789+0200] {processor.py:840} INFO - DAG(s) 'tutorial_dag' retrieved from /home/munya/.local/lib/python3.11/site-packages/airflow/example_dags/tutorial_dag.py
[2024-05-09T13:20:28.802+0200] {logging_mixin.py:188} INFO - [2024-05-09T13:20:28.802+0200] {dag.py:3096} INFO - Sync 1 DAGs
[2024-05-09T13:20:28.811+0200] {logging_mixin.py:188} INFO - [2024-05-09T13:20:28.811+0200] {dag.py:3954} INFO - Setting next_dagrun for tutorial_dag to None, run_after=None
[2024-05-09T13:20:28.828+0200] {processor.py:183} INFO - Processing /home/munya/.local/lib/python3.11/site-packages/airflow/example_dags/tutorial_dag.py took 0.052 seconds
[2024-05-09T13:21:33.427+0200] {processor.py:161} INFO - Started process (PID=281862) to work on /home/munya/.local/lib/python3.11/site-packages/airflow/example_dags/tutorial_dag.py
[2024-05-09T13:21:33.430+0200] {processor.py:830} INFO - Processing file /home/munya/.local/lib/python3.11/site-packages/airflow/example_dags/tutorial_dag.py for tasks to queue
[2024-05-09T13:21:33.434+0200] {logging_mixin.py:188} INFO - [2024-05-09T13:21:33.432+0200] {dagbag.py:540} INFO - Filling up the DagBag from /home/munya/.local/lib/python3.11/site-packages/airflow/example_dags/tutorial_dag.py
[2024-05-09T13:21:33.454+0200] {processor.py:840} INFO - DAG(s) 'tutorial_dag' retrieved from /home/munya/.local/lib/python3.11/site-packages/airflow/example_dags/tutorial_dag.py
[2024-05-09T13:21:33.518+0200] {logging_mixin.py:188} INFO - [2024-05-09T13:21:33.517+0200] {dag.py:3096} INFO - Sync 1 DAGs
[2024-05-09T13:21:33.565+0200] {logging_mixin.py:188} INFO - [2024-05-09T13:21:33.564+0200] {dag.py:3954} INFO - Setting next_dagrun for tutorial_dag to None, run_after=None
[2024-05-09T13:21:33.643+0200] {processor.py:183} INFO - Processing /home/munya/.local/lib/python3.11/site-packages/airflow/example_dags/tutorial_dag.py took 0.254 seconds
[2024-05-09T13:22:36.057+0200] {processor.py:161} INFO - Started process (PID=282743) to work on /home/munya/.local/lib/python3.11/site-packages/airflow/example_dags/tutorial_dag.py
[2024-05-09T13:22:36.058+0200] {processor.py:830} INFO - Processing file /home/munya/.local/lib/python3.11/site-packages/airflow/example_dags/tutorial_dag.py for tasks to queue
[2024-05-09T13:22:36.058+0200] {logging_mixin.py:188} INFO - [2024-05-09T13:22:36.058+0200] {dagbag.py:540} INFO - Filling up the DagBag from /home/munya/.local/lib/python3.11/site-packages/airflow/example_dags/tutorial_dag.py
[2024-05-09T13:22:36.064+0200] {processor.py:840} INFO - DAG(s) 'tutorial_dag' retrieved from /home/munya/.local/lib/python3.11/site-packages/airflow/example_dags/tutorial_dag.py
[2024-05-09T13:22:36.082+0200] {logging_mixin.py:188} INFO - [2024-05-09T13:22:36.081+0200] {dag.py:3096} INFO - Sync 1 DAGs
[2024-05-09T13:22:36.091+0200] {logging_mixin.py:188} INFO - [2024-05-09T13:22:36.091+0200] {dag.py:3954} INFO - Setting next_dagrun for tutorial_dag to None, run_after=None
[2024-05-09T13:22:36.116+0200] {processor.py:183} INFO - Processing /home/munya/.local/lib/python3.11/site-packages/airflow/example_dags/tutorial_dag.py took 0.069 seconds
[2024-05-09T13:23:14.307+0200] {processor.py:161} INFO - Started process (PID=283253) to work on /home/munya/.local/lib/python3.11/site-packages/airflow/example_dags/tutorial_dag.py
[2024-05-09T13:23:14.312+0200] {processor.py:830} INFO - Processing file /home/munya/.local/lib/python3.11/site-packages/airflow/example_dags/tutorial_dag.py for tasks to queue
[2024-05-09T13:23:14.314+0200] {logging_mixin.py:188} INFO - [2024-05-09T13:23:14.313+0200] {dagbag.py:540} INFO - Filling up the DagBag from /home/munya/.local/lib/python3.11/site-packages/airflow/example_dags/tutorial_dag.py
[2024-05-09T13:23:14.326+0200] {processor.py:840} INFO - DAG(s) 'tutorial_dag' retrieved from /home/munya/.local/lib/python3.11/site-packages/airflow/example_dags/tutorial_dag.py
[2024-05-09T13:23:14.372+0200] {logging_mixin.py:188} INFO - [2024-05-09T13:23:14.371+0200] {dag.py:3096} INFO - Sync 1 DAGs
[2024-05-09T13:23:14.389+0200] {logging_mixin.py:188} INFO - [2024-05-09T13:23:14.389+0200] {dag.py:3954} INFO - Setting next_dagrun for tutorial_dag to None, run_after=None
[2024-05-09T13:23:14.443+0200] {processor.py:183} INFO - Processing /home/munya/.local/lib/python3.11/site-packages/airflow/example_dags/tutorial_dag.py took 0.152 seconds
[2024-05-09T13:24:16.268+0200] {processor.py:161} INFO - Started process (PID=284085) to work on /home/munya/.local/lib/python3.11/site-packages/airflow/example_dags/tutorial_dag.py
[2024-05-09T13:24:16.269+0200] {processor.py:830} INFO - Processing file /home/munya/.local/lib/python3.11/site-packages/airflow/example_dags/tutorial_dag.py for tasks to queue
[2024-05-09T13:24:16.270+0200] {logging_mixin.py:188} INFO - [2024-05-09T13:24:16.270+0200] {dagbag.py:540} INFO - Filling up the DagBag from /home/munya/.local/lib/python3.11/site-packages/airflow/example_dags/tutorial_dag.py
[2024-05-09T13:24:16.275+0200] {processor.py:840} INFO - DAG(s) 'tutorial_dag' retrieved from /home/munya/.local/lib/python3.11/site-packages/airflow/example_dags/tutorial_dag.py
[2024-05-09T13:24:16.289+0200] {logging_mixin.py:188} INFO - [2024-05-09T13:24:16.289+0200] {dag.py:3096} INFO - Sync 1 DAGs
[2024-05-09T13:24:16.299+0200] {logging_mixin.py:188} INFO - [2024-05-09T13:24:16.299+0200] {dag.py:3954} INFO - Setting next_dagrun for tutorial_dag to None, run_after=None
[2024-05-09T13:24:16.319+0200] {processor.py:183} INFO - Processing /home/munya/.local/lib/python3.11/site-packages/airflow/example_dags/tutorial_dag.py took 0.062 seconds
[2024-05-09T13:25:13.305+0200] {processor.py:161} INFO - Started process (PID=284889) to work on /home/munya/.local/lib/python3.11/site-packages/airflow/example_dags/tutorial_dag.py
[2024-05-09T13:25:13.307+0200] {processor.py:830} INFO - Processing file /home/munya/.local/lib/python3.11/site-packages/airflow/example_dags/tutorial_dag.py for tasks to queue
[2024-05-09T13:25:13.311+0200] {logging_mixin.py:188} INFO - [2024-05-09T13:25:13.310+0200] {dagbag.py:540} INFO - Filling up the DagBag from /home/munya/.local/lib/python3.11/site-packages/airflow/example_dags/tutorial_dag.py
[2024-05-09T13:25:13.320+0200] {processor.py:840} INFO - DAG(s) 'tutorial_dag' retrieved from /home/munya/.local/lib/python3.11/site-packages/airflow/example_dags/tutorial_dag.py
[2024-05-09T13:25:13.346+0200] {logging_mixin.py:188} INFO - [2024-05-09T13:25:13.345+0200] {dag.py:3096} INFO - Sync 1 DAGs
[2024-05-09T13:25:13.364+0200] {logging_mixin.py:188} INFO - [2024-05-09T13:25:13.363+0200] {dag.py:3954} INFO - Setting next_dagrun for tutorial_dag to None, run_after=None
[2024-05-09T13:25:13.393+0200] {processor.py:183} INFO - Processing /home/munya/.local/lib/python3.11/site-packages/airflow/example_dags/tutorial_dag.py took 0.107 seconds
[2024-05-09T13:26:17.131+0200] {processor.py:161} INFO - Started process (PID=285740) to work on /home/munya/.local/lib/python3.11/site-packages/airflow/example_dags/tutorial_dag.py
[2024-05-09T13:26:17.132+0200] {processor.py:830} INFO - Processing file /home/munya/.local/lib/python3.11/site-packages/airflow/example_dags/tutorial_dag.py for tasks to queue
[2024-05-09T13:26:17.135+0200] {logging_mixin.py:188} INFO - [2024-05-09T13:26:17.134+0200] {dagbag.py:540} INFO - Filling up the DagBag from /home/munya/.local/lib/python3.11/site-packages/airflow/example_dags/tutorial_dag.py
[2024-05-09T13:26:17.142+0200] {processor.py:840} INFO - DAG(s) 'tutorial_dag' retrieved from /home/munya/.local/lib/python3.11/site-packages/airflow/example_dags/tutorial_dag.py
[2024-05-09T13:26:17.162+0200] {logging_mixin.py:188} INFO - [2024-05-09T13:26:17.162+0200] {dag.py:3096} INFO - Sync 1 DAGs
[2024-05-09T13:26:17.177+0200] {logging_mixin.py:188} INFO - [2024-05-09T13:26:17.177+0200] {dag.py:3954} INFO - Setting next_dagrun for tutorial_dag to None, run_after=None
[2024-05-09T13:26:17.202+0200] {processor.py:183} INFO - Processing /home/munya/.local/lib/python3.11/site-packages/airflow/example_dags/tutorial_dag.py took 0.087 seconds
[2024-05-09T13:27:18.996+0200] {processor.py:161} INFO - Started process (PID=286578) to work on /home/munya/.local/lib/python3.11/site-packages/airflow/example_dags/tutorial_dag.py
[2024-05-09T13:27:18.996+0200] {processor.py:830} INFO - Processing file /home/munya/.local/lib/python3.11/site-packages/airflow/example_dags/tutorial_dag.py for tasks to queue
[2024-05-09T13:27:18.998+0200] {logging_mixin.py:188} INFO - [2024-05-09T13:27:18.997+0200] {dagbag.py:540} INFO - Filling up the DagBag from /home/munya/.local/lib/python3.11/site-packages/airflow/example_dags/tutorial_dag.py
[2024-05-09T13:27:19.005+0200] {processor.py:840} INFO - DAG(s) 'tutorial_dag' retrieved from /home/munya/.local/lib/python3.11/site-packages/airflow/example_dags/tutorial_dag.py
[2024-05-09T13:27:19.020+0200] {logging_mixin.py:188} INFO - [2024-05-09T13:27:19.020+0200] {dag.py:3096} INFO - Sync 1 DAGs
[2024-05-09T13:27:19.033+0200] {logging_mixin.py:188} INFO - [2024-05-09T13:27:19.033+0200] {dag.py:3954} INFO - Setting next_dagrun for tutorial_dag to None, run_after=None
[2024-05-09T13:27:19.056+0200] {processor.py:183} INFO - Processing /home/munya/.local/lib/python3.11/site-packages/airflow/example_dags/tutorial_dag.py took 0.069 seconds
[2024-05-09T13:28:23.611+0200] {processor.py:161} INFO - Started process (PID=287458) to work on /home/munya/.local/lib/python3.11/site-packages/airflow/example_dags/tutorial_dag.py
[2024-05-09T13:28:23.613+0200] {processor.py:830} INFO - Processing file /home/munya/.local/lib/python3.11/site-packages/airflow/example_dags/tutorial_dag.py for tasks to queue
[2024-05-09T13:28:23.617+0200] {logging_mixin.py:188} INFO - [2024-05-09T13:28:23.614+0200] {dagbag.py:540} INFO - Filling up the DagBag from /home/munya/.local/lib/python3.11/site-packages/airflow/example_dags/tutorial_dag.py
[2024-05-09T13:28:23.624+0200] {processor.py:840} INFO - DAG(s) 'tutorial_dag' retrieved from /home/munya/.local/lib/python3.11/site-packages/airflow/example_dags/tutorial_dag.py
[2024-05-09T13:28:23.643+0200] {logging_mixin.py:188} INFO - [2024-05-09T13:28:23.643+0200] {dag.py:3096} INFO - Sync 1 DAGs
[2024-05-09T13:28:23.658+0200] {logging_mixin.py:188} INFO - [2024-05-09T13:28:23.658+0200] {dag.py:3954} INFO - Setting next_dagrun for tutorial_dag to None, run_after=None
[2024-05-09T13:28:23.685+0200] {processor.py:183} INFO - Processing /home/munya/.local/lib/python3.11/site-packages/airflow/example_dags/tutorial_dag.py took 0.087 seconds
[2024-05-09T13:29:28.651+0200] {processor.py:161} INFO - Started process (PID=288339) to work on /home/munya/.local/lib/python3.11/site-packages/airflow/example_dags/tutorial_dag.py
[2024-05-09T13:29:28.652+0200] {processor.py:830} INFO - Processing file /home/munya/.local/lib/python3.11/site-packages/airflow/example_dags/tutorial_dag.py for tasks to queue
[2024-05-09T13:29:28.653+0200] {logging_mixin.py:188} INFO - [2024-05-09T13:29:28.652+0200] {dagbag.py:540} INFO - Filling up the DagBag from /home/munya/.local/lib/python3.11/site-packages/airflow/example_dags/tutorial_dag.py
[2024-05-09T13:29:28.657+0200] {processor.py:840} INFO - DAG(s) 'tutorial_dag' retrieved from /home/munya/.local/lib/python3.11/site-packages/airflow/example_dags/tutorial_dag.py
[2024-05-09T13:29:28.676+0200] {logging_mixin.py:188} INFO - [2024-05-09T13:29:28.676+0200] {dag.py:3096} INFO - Sync 1 DAGs
[2024-05-09T13:29:28.690+0200] {logging_mixin.py:188} INFO - [2024-05-09T13:29:28.690+0200] {dag.py:3954} INFO - Setting next_dagrun for tutorial_dag to None, run_after=None
[2024-05-09T13:29:28.719+0200] {processor.py:183} INFO - Processing /home/munya/.local/lib/python3.11/site-packages/airflow/example_dags/tutorial_dag.py took 0.081 seconds
[2024-05-09T13:30:27.018+0200] {processor.py:161} INFO - Started process (PID=289152) to work on /home/munya/.local/lib/python3.11/site-packages/airflow/example_dags/tutorial_dag.py
[2024-05-09T13:30:27.020+0200] {processor.py:830} INFO - Processing file /home/munya/.local/lib/python3.11/site-packages/airflow/example_dags/tutorial_dag.py for tasks to queue
[2024-05-09T13:30:27.022+0200] {logging_mixin.py:188} INFO - [2024-05-09T13:30:27.021+0200] {dagbag.py:540} INFO - Filling up the DagBag from /home/munya/.local/lib/python3.11/site-packages/airflow/example_dags/tutorial_dag.py
[2024-05-09T13:30:27.030+0200] {processor.py:840} INFO - DAG(s) 'tutorial_dag' retrieved from /home/munya/.local/lib/python3.11/site-packages/airflow/example_dags/tutorial_dag.py
[2024-05-09T13:30:27.053+0200] {logging_mixin.py:188} INFO - [2024-05-09T13:30:27.053+0200] {dag.py:3096} INFO - Sync 1 DAGs
[2024-05-09T13:30:27.068+0200] {logging_mixin.py:188} INFO - [2024-05-09T13:30:27.068+0200] {dag.py:3954} INFO - Setting next_dagrun for tutorial_dag to None, run_after=None
[2024-05-09T13:30:27.101+0200] {processor.py:183} INFO - Processing /home/munya/.local/lib/python3.11/site-packages/airflow/example_dags/tutorial_dag.py took 0.097 seconds
[2024-05-09T13:31:30.879+0200] {processor.py:161} INFO - Started process (PID=290001) to work on /home/munya/.local/lib/python3.11/site-packages/airflow/example_dags/tutorial_dag.py
[2024-05-09T13:31:30.880+0200] {processor.py:830} INFO - Processing file /home/munya/.local/lib/python3.11/site-packages/airflow/example_dags/tutorial_dag.py for tasks to queue
[2024-05-09T13:31:30.882+0200] {logging_mixin.py:188} INFO - [2024-05-09T13:31:30.881+0200] {dagbag.py:540} INFO - Filling up the DagBag from /home/munya/.local/lib/python3.11/site-packages/airflow/example_dags/tutorial_dag.py
[2024-05-09T13:31:30.887+0200] {processor.py:840} INFO - DAG(s) 'tutorial_dag' retrieved from /home/munya/.local/lib/python3.11/site-packages/airflow/example_dags/tutorial_dag.py
[2024-05-09T13:31:30.903+0200] {logging_mixin.py:188} INFO - [2024-05-09T13:31:30.903+0200] {dag.py:3096} INFO - Sync 1 DAGs
[2024-05-09T13:31:30.916+0200] {logging_mixin.py:188} INFO - [2024-05-09T13:31:30.916+0200] {dag.py:3954} INFO - Setting next_dagrun for tutorial_dag to None, run_after=None
[2024-05-09T13:31:30.936+0200] {processor.py:183} INFO - Processing /home/munya/.local/lib/python3.11/site-packages/airflow/example_dags/tutorial_dag.py took 0.066 seconds
[2024-05-09T13:32:33.178+0200] {processor.py:161} INFO - Started process (PID=290854) to work on /home/munya/.local/lib/python3.11/site-packages/airflow/example_dags/tutorial_dag.py
[2024-05-09T13:32:33.179+0200] {processor.py:830} INFO - Processing file /home/munya/.local/lib/python3.11/site-packages/airflow/example_dags/tutorial_dag.py for tasks to queue
[2024-05-09T13:32:33.180+0200] {logging_mixin.py:188} INFO - [2024-05-09T13:32:33.180+0200] {dagbag.py:540} INFO - Filling up the DagBag from /home/munya/.local/lib/python3.11/site-packages/airflow/example_dags/tutorial_dag.py
[2024-05-09T13:32:33.185+0200] {processor.py:840} INFO - DAG(s) 'tutorial_dag' retrieved from /home/munya/.local/lib/python3.11/site-packages/airflow/example_dags/tutorial_dag.py
[2024-05-09T13:32:33.203+0200] {logging_mixin.py:188} INFO - [2024-05-09T13:32:33.203+0200] {dag.py:3096} INFO - Sync 1 DAGs
[2024-05-09T13:32:33.212+0200] {logging_mixin.py:188} INFO - [2024-05-09T13:32:33.212+0200] {dag.py:3954} INFO - Setting next_dagrun for tutorial_dag to None, run_after=None
[2024-05-09T13:32:33.237+0200] {processor.py:183} INFO - Processing /home/munya/.local/lib/python3.11/site-packages/airflow/example_dags/tutorial_dag.py took 0.068 seconds
[2024-05-09T13:34:03.474+0200] {processor.py:161} INFO - Started process (PID=292103) to work on /home/munya/.local/lib/python3.11/site-packages/airflow/example_dags/tutorial_dag.py
[2024-05-09T13:34:03.475+0200] {processor.py:830} INFO - Processing file /home/munya/.local/lib/python3.11/site-packages/airflow/example_dags/tutorial_dag.py for tasks to queue
[2024-05-09T13:34:03.476+0200] {logging_mixin.py:188} INFO - [2024-05-09T13:34:03.476+0200] {dagbag.py:540} INFO - Filling up the DagBag from /home/munya/.local/lib/python3.11/site-packages/airflow/example_dags/tutorial_dag.py
[2024-05-09T13:34:03.481+0200] {processor.py:840} INFO - DAG(s) 'tutorial_dag' retrieved from /home/munya/.local/lib/python3.11/site-packages/airflow/example_dags/tutorial_dag.py
[2024-05-09T13:34:03.499+0200] {logging_mixin.py:188} INFO - [2024-05-09T13:34:03.499+0200] {dag.py:3096} INFO - Sync 1 DAGs
[2024-05-09T13:34:03.514+0200] {logging_mixin.py:188} INFO - [2024-05-09T13:34:03.514+0200] {dag.py:3954} INFO - Setting next_dagrun for tutorial_dag to None, run_after=None
[2024-05-09T13:34:03.537+0200] {processor.py:183} INFO - Processing /home/munya/.local/lib/python3.11/site-packages/airflow/example_dags/tutorial_dag.py took 0.073 seconds
[2024-05-09T13:34:49.956+0200] {processor.py:161} INFO - Started process (PID=292695) to work on /home/munya/.local/lib/python3.11/site-packages/airflow/example_dags/tutorial_dag.py
[2024-05-09T13:34:49.957+0200] {processor.py:830} INFO - Processing file /home/munya/.local/lib/python3.11/site-packages/airflow/example_dags/tutorial_dag.py for tasks to queue
[2024-05-09T13:34:49.958+0200] {logging_mixin.py:188} INFO - [2024-05-09T13:34:49.958+0200] {dagbag.py:540} INFO - Filling up the DagBag from /home/munya/.local/lib/python3.11/site-packages/airflow/example_dags/tutorial_dag.py
[2024-05-09T13:34:49.962+0200] {processor.py:840} INFO - DAG(s) 'tutorial_dag' retrieved from /home/munya/.local/lib/python3.11/site-packages/airflow/example_dags/tutorial_dag.py
[2024-05-09T13:34:49.978+0200] {logging_mixin.py:188} INFO - [2024-05-09T13:34:49.978+0200] {dag.py:3096} INFO - Sync 1 DAGs
[2024-05-09T13:34:49.991+0200] {logging_mixin.py:188} INFO - [2024-05-09T13:34:49.990+0200] {dag.py:3954} INFO - Setting next_dagrun for tutorial_dag to None, run_after=None
[2024-05-09T13:34:50.008+0200] {processor.py:183} INFO - Processing /home/munya/.local/lib/python3.11/site-packages/airflow/example_dags/tutorial_dag.py took 0.061 seconds
[2024-05-09T13:35:52.953+0200] {processor.py:161} INFO - Started process (PID=293559) to work on /home/munya/.local/lib/python3.11/site-packages/airflow/example_dags/tutorial_dag.py
[2024-05-09T13:35:52.956+0200] {processor.py:830} INFO - Processing file /home/munya/.local/lib/python3.11/site-packages/airflow/example_dags/tutorial_dag.py for tasks to queue
[2024-05-09T13:35:52.961+0200] {logging_mixin.py:188} INFO - [2024-05-09T13:35:52.959+0200] {dagbag.py:540} INFO - Filling up the DagBag from /home/munya/.local/lib/python3.11/site-packages/airflow/example_dags/tutorial_dag.py
[2024-05-09T13:35:52.988+0200] {processor.py:840} INFO - DAG(s) 'tutorial_dag' retrieved from /home/munya/.local/lib/python3.11/site-packages/airflow/example_dags/tutorial_dag.py
[2024-05-09T13:35:53.065+0200] {logging_mixin.py:188} INFO - [2024-05-09T13:35:53.064+0200] {dag.py:3096} INFO - Sync 1 DAGs
[2024-05-09T13:35:53.117+0200] {logging_mixin.py:188} INFO - [2024-05-09T13:35:53.116+0200] {dag.py:3954} INFO - Setting next_dagrun for tutorial_dag to None, run_after=None
[2024-05-09T13:35:53.159+0200] {processor.py:183} INFO - Processing /home/munya/.local/lib/python3.11/site-packages/airflow/example_dags/tutorial_dag.py took 0.250 seconds
[2024-05-09T13:36:59.135+0200] {processor.py:161} INFO - Started process (PID=294428) to work on /home/munya/.local/lib/python3.11/site-packages/airflow/example_dags/tutorial_dag.py
[2024-05-09T13:36:59.136+0200] {processor.py:830} INFO - Processing file /home/munya/.local/lib/python3.11/site-packages/airflow/example_dags/tutorial_dag.py for tasks to queue
[2024-05-09T13:36:59.137+0200] {logging_mixin.py:188} INFO - [2024-05-09T13:36:59.136+0200] {dagbag.py:540} INFO - Filling up the DagBag from /home/munya/.local/lib/python3.11/site-packages/airflow/example_dags/tutorial_dag.py
[2024-05-09T13:36:59.142+0200] {processor.py:840} INFO - DAG(s) 'tutorial_dag' retrieved from /home/munya/.local/lib/python3.11/site-packages/airflow/example_dags/tutorial_dag.py
[2024-05-09T13:36:59.158+0200] {logging_mixin.py:188} INFO - [2024-05-09T13:36:59.157+0200] {dag.py:3096} INFO - Sync 1 DAGs
[2024-05-09T13:36:59.168+0200] {logging_mixin.py:188} INFO - [2024-05-09T13:36:59.168+0200] {dag.py:3954} INFO - Setting next_dagrun for tutorial_dag to None, run_after=None
[2024-05-09T13:36:59.186+0200] {processor.py:183} INFO - Processing /home/munya/.local/lib/python3.11/site-packages/airflow/example_dags/tutorial_dag.py took 0.060 seconds
[2024-05-09T13:38:10.399+0200] {processor.py:161} INFO - Started process (PID=295379) to work on /home/munya/.local/lib/python3.11/site-packages/airflow/example_dags/tutorial_dag.py
[2024-05-09T13:38:10.400+0200] {processor.py:830} INFO - Processing file /home/munya/.local/lib/python3.11/site-packages/airflow/example_dags/tutorial_dag.py for tasks to queue
[2024-05-09T13:38:10.401+0200] {logging_mixin.py:188} INFO - [2024-05-09T13:38:10.401+0200] {dagbag.py:540} INFO - Filling up the DagBag from /home/munya/.local/lib/python3.11/site-packages/airflow/example_dags/tutorial_dag.py
[2024-05-09T13:38:10.407+0200] {processor.py:840} INFO - DAG(s) 'tutorial_dag' retrieved from /home/munya/.local/lib/python3.11/site-packages/airflow/example_dags/tutorial_dag.py
[2024-05-09T13:38:10.423+0200] {logging_mixin.py:188} INFO - [2024-05-09T13:38:10.423+0200] {dag.py:3096} INFO - Sync 1 DAGs
[2024-05-09T13:38:10.433+0200] {logging_mixin.py:188} INFO - [2024-05-09T13:38:10.433+0200] {dag.py:3954} INFO - Setting next_dagrun for tutorial_dag to None, run_after=None
[2024-05-09T13:38:10.455+0200] {processor.py:183} INFO - Processing /home/munya/.local/lib/python3.11/site-packages/airflow/example_dags/tutorial_dag.py took 0.067 seconds
[2024-05-09T13:39:14.267+0200] {processor.py:161} INFO - Started process (PID=296256) to work on /home/munya/.local/lib/python3.11/site-packages/airflow/example_dags/tutorial_dag.py
[2024-05-09T13:39:14.268+0200] {processor.py:830} INFO - Processing file /home/munya/.local/lib/python3.11/site-packages/airflow/example_dags/tutorial_dag.py for tasks to queue
[2024-05-09T13:39:14.269+0200] {logging_mixin.py:188} INFO - [2024-05-09T13:39:14.269+0200] {dagbag.py:540} INFO - Filling up the DagBag from /home/munya/.local/lib/python3.11/site-packages/airflow/example_dags/tutorial_dag.py
[2024-05-09T13:39:14.274+0200] {processor.py:840} INFO - DAG(s) 'tutorial_dag' retrieved from /home/munya/.local/lib/python3.11/site-packages/airflow/example_dags/tutorial_dag.py
[2024-05-09T13:39:14.291+0200] {logging_mixin.py:188} INFO - [2024-05-09T13:39:14.290+0200] {dag.py:3096} INFO - Sync 1 DAGs
[2024-05-09T13:39:14.303+0200] {logging_mixin.py:188} INFO - [2024-05-09T13:39:14.302+0200] {dag.py:3954} INFO - Setting next_dagrun for tutorial_dag to None, run_after=None
[2024-05-09T13:39:14.323+0200] {processor.py:183} INFO - Processing /home/munya/.local/lib/python3.11/site-packages/airflow/example_dags/tutorial_dag.py took 0.069 seconds
[2024-05-09T13:40:23.446+0200] {processor.py:161} INFO - Started process (PID=297153) to work on /home/munya/.local/lib/python3.11/site-packages/airflow/example_dags/tutorial_dag.py
[2024-05-09T13:40:23.450+0200] {processor.py:830} INFO - Processing file /home/munya/.local/lib/python3.11/site-packages/airflow/example_dags/tutorial_dag.py for tasks to queue
[2024-05-09T13:40:23.453+0200] {logging_mixin.py:188} INFO - [2024-05-09T13:40:23.452+0200] {dagbag.py:540} INFO - Filling up the DagBag from /home/munya/.local/lib/python3.11/site-packages/airflow/example_dags/tutorial_dag.py
[2024-05-09T13:40:23.478+0200] {processor.py:840} INFO - DAG(s) 'tutorial_dag' retrieved from /home/munya/.local/lib/python3.11/site-packages/airflow/example_dags/tutorial_dag.py
[2024-05-09T13:40:23.550+0200] {logging_mixin.py:188} INFO - [2024-05-09T13:40:23.548+0200] {dag.py:3096} INFO - Sync 1 DAGs
[2024-05-09T13:40:23.595+0200] {logging_mixin.py:188} INFO - [2024-05-09T13:40:23.594+0200] {dag.py:3954} INFO - Setting next_dagrun for tutorial_dag to None, run_after=None
[2024-05-09T13:40:23.670+0200] {processor.py:183} INFO - Processing /home/munya/.local/lib/python3.11/site-packages/airflow/example_dags/tutorial_dag.py took 0.300 seconds
[2024-05-09T13:41:30.288+0200] {processor.py:161} INFO - Started process (PID=297963) to work on /home/munya/.local/lib/python3.11/site-packages/airflow/example_dags/tutorial_dag.py
[2024-05-09T13:41:30.291+0200] {processor.py:830} INFO - Processing file /home/munya/.local/lib/python3.11/site-packages/airflow/example_dags/tutorial_dag.py for tasks to queue
[2024-05-09T13:41:30.293+0200] {logging_mixin.py:188} INFO - [2024-05-09T13:41:30.292+0200] {dagbag.py:540} INFO - Filling up the DagBag from /home/munya/.local/lib/python3.11/site-packages/airflow/example_dags/tutorial_dag.py
[2024-05-09T13:41:30.309+0200] {processor.py:840} INFO - DAG(s) 'tutorial_dag' retrieved from /home/munya/.local/lib/python3.11/site-packages/airflow/example_dags/tutorial_dag.py
[2024-05-09T13:41:30.366+0200] {logging_mixin.py:188} INFO - [2024-05-09T13:41:30.365+0200] {dag.py:3096} INFO - Sync 1 DAGs
[2024-05-09T13:41:30.399+0200] {logging_mixin.py:188} INFO - [2024-05-09T13:41:30.398+0200] {dag.py:3954} INFO - Setting next_dagrun for tutorial_dag to None, run_after=None
[2024-05-09T13:41:30.453+0200] {processor.py:183} INFO - Processing /home/munya/.local/lib/python3.11/site-packages/airflow/example_dags/tutorial_dag.py took 0.195 seconds
[2024-05-09T13:42:31.231+0200] {processor.py:161} INFO - Started process (PID=298701) to work on /home/munya/.local/lib/python3.11/site-packages/airflow/example_dags/tutorial_dag.py
[2024-05-09T13:42:31.231+0200] {processor.py:830} INFO - Processing file /home/munya/.local/lib/python3.11/site-packages/airflow/example_dags/tutorial_dag.py for tasks to queue
[2024-05-09T13:42:31.232+0200] {logging_mixin.py:188} INFO - [2024-05-09T13:42:31.232+0200] {dagbag.py:540} INFO - Filling up the DagBag from /home/munya/.local/lib/python3.11/site-packages/airflow/example_dags/tutorial_dag.py
[2024-05-09T13:42:31.237+0200] {processor.py:840} INFO - DAG(s) 'tutorial_dag' retrieved from /home/munya/.local/lib/python3.11/site-packages/airflow/example_dags/tutorial_dag.py
[2024-05-09T13:42:31.250+0200] {logging_mixin.py:188} INFO - [2024-05-09T13:42:31.250+0200] {dag.py:3096} INFO - Sync 1 DAGs
[2024-05-09T13:42:31.260+0200] {logging_mixin.py:188} INFO - [2024-05-09T13:42:31.259+0200] {dag.py:3954} INFO - Setting next_dagrun for tutorial_dag to None, run_after=None
[2024-05-09T13:42:31.282+0200] {processor.py:183} INFO - Processing /home/munya/.local/lib/python3.11/site-packages/airflow/example_dags/tutorial_dag.py took 0.060 seconds
[2024-05-09T13:43:38.221+0200] {processor.py:161} INFO - Started process (PID=299496) to work on /home/munya/.local/lib/python3.11/site-packages/airflow/example_dags/tutorial_dag.py
[2024-05-09T13:43:38.222+0200] {processor.py:830} INFO - Processing file /home/munya/.local/lib/python3.11/site-packages/airflow/example_dags/tutorial_dag.py for tasks to queue
[2024-05-09T13:43:38.223+0200] {logging_mixin.py:188} INFO - [2024-05-09T13:43:38.222+0200] {dagbag.py:540} INFO - Filling up the DagBag from /home/munya/.local/lib/python3.11/site-packages/airflow/example_dags/tutorial_dag.py
[2024-05-09T13:43:38.227+0200] {processor.py:840} INFO - DAG(s) 'tutorial_dag' retrieved from /home/munya/.local/lib/python3.11/site-packages/airflow/example_dags/tutorial_dag.py
[2024-05-09T13:43:38.239+0200] {logging_mixin.py:188} INFO - [2024-05-09T13:43:38.239+0200] {dag.py:3096} INFO - Sync 1 DAGs
[2024-05-09T13:43:38.248+0200] {logging_mixin.py:188} INFO - [2024-05-09T13:43:38.248+0200] {dag.py:3954} INFO - Setting next_dagrun for tutorial_dag to None, run_after=None
[2024-05-09T13:43:38.263+0200] {processor.py:183} INFO - Processing /home/munya/.local/lib/python3.11/site-packages/airflow/example_dags/tutorial_dag.py took 0.049 seconds
[2024-05-09T13:44:36.129+0200] {processor.py:161} INFO - Started process (PID=300199) to work on /home/munya/.local/lib/python3.11/site-packages/airflow/example_dags/tutorial_dag.py
[2024-05-09T13:44:36.132+0200] {processor.py:830} INFO - Processing file /home/munya/.local/lib/python3.11/site-packages/airflow/example_dags/tutorial_dag.py for tasks to queue
[2024-05-09T13:44:36.134+0200] {logging_mixin.py:188} INFO - [2024-05-09T13:44:36.133+0200] {dagbag.py:540} INFO - Filling up the DagBag from /home/munya/.local/lib/python3.11/site-packages/airflow/example_dags/tutorial_dag.py
[2024-05-09T13:44:36.150+0200] {processor.py:840} INFO - DAG(s) 'tutorial_dag' retrieved from /home/munya/.local/lib/python3.11/site-packages/airflow/example_dags/tutorial_dag.py
[2024-05-09T13:44:36.195+0200] {logging_mixin.py:188} INFO - [2024-05-09T13:44:36.194+0200] {dag.py:3096} INFO - Sync 1 DAGs
[2024-05-09T13:44:36.225+0200] {logging_mixin.py:188} INFO - [2024-05-09T13:44:36.225+0200] {dag.py:3954} INFO - Setting next_dagrun for tutorial_dag to None, run_after=None
[2024-05-09T13:44:36.282+0200] {processor.py:183} INFO - Processing /home/munya/.local/lib/python3.11/site-packages/airflow/example_dags/tutorial_dag.py took 0.181 seconds
[2024-05-09T13:45:45.632+0200] {processor.py:161} INFO - Started process (PID=301113) to work on /home/munya/.local/lib/python3.11/site-packages/airflow/example_dags/tutorial_dag.py
[2024-05-09T13:45:45.634+0200] {processor.py:830} INFO - Processing file /home/munya/.local/lib/python3.11/site-packages/airflow/example_dags/tutorial_dag.py for tasks to queue
[2024-05-09T13:45:45.635+0200] {logging_mixin.py:188} INFO - [2024-05-09T13:45:45.634+0200] {dagbag.py:540} INFO - Filling up the DagBag from /home/munya/.local/lib/python3.11/site-packages/airflow/example_dags/tutorial_dag.py
[2024-05-09T13:45:45.640+0200] {processor.py:840} INFO - DAG(s) 'tutorial_dag' retrieved from /home/munya/.local/lib/python3.11/site-packages/airflow/example_dags/tutorial_dag.py
[2024-05-09T13:45:45.658+0200] {logging_mixin.py:188} INFO - [2024-05-09T13:45:45.658+0200] {dag.py:3096} INFO - Sync 1 DAGs
[2024-05-09T13:45:45.673+0200] {logging_mixin.py:188} INFO - [2024-05-09T13:45:45.673+0200] {dag.py:3954} INFO - Setting next_dagrun for tutorial_dag to None, run_after=None
[2024-05-09T13:45:45.698+0200] {processor.py:183} INFO - Processing /home/munya/.local/lib/python3.11/site-packages/airflow/example_dags/tutorial_dag.py took 0.077 seconds
[2024-05-09T13:46:51.521+0200] {processor.py:161} INFO - Started process (PID=302016) to work on /home/munya/.local/lib/python3.11/site-packages/airflow/example_dags/tutorial_dag.py
[2024-05-09T13:46:51.522+0200] {processor.py:830} INFO - Processing file /home/munya/.local/lib/python3.11/site-packages/airflow/example_dags/tutorial_dag.py for tasks to queue
[2024-05-09T13:46:51.523+0200] {logging_mixin.py:188} INFO - [2024-05-09T13:46:51.523+0200] {dagbag.py:540} INFO - Filling up the DagBag from /home/munya/.local/lib/python3.11/site-packages/airflow/example_dags/tutorial_dag.py
[2024-05-09T13:46:51.528+0200] {processor.py:840} INFO - DAG(s) 'tutorial_dag' retrieved from /home/munya/.local/lib/python3.11/site-packages/airflow/example_dags/tutorial_dag.py
[2024-05-09T13:46:51.542+0200] {logging_mixin.py:188} INFO - [2024-05-09T13:46:51.542+0200] {dag.py:3096} INFO - Sync 1 DAGs
[2024-05-09T13:46:51.552+0200] {logging_mixin.py:188} INFO - [2024-05-09T13:46:51.552+0200] {dag.py:3954} INFO - Setting next_dagrun for tutorial_dag to None, run_after=None
[2024-05-09T13:46:51.570+0200] {processor.py:183} INFO - Processing /home/munya/.local/lib/python3.11/site-packages/airflow/example_dags/tutorial_dag.py took 0.057 seconds
[2024-05-09T13:47:54.972+0200] {processor.py:161} INFO - Started process (PID=302895) to work on /home/munya/.local/lib/python3.11/site-packages/airflow/example_dags/tutorial_dag.py
[2024-05-09T13:47:54.973+0200] {processor.py:830} INFO - Processing file /home/munya/.local/lib/python3.11/site-packages/airflow/example_dags/tutorial_dag.py for tasks to queue
[2024-05-09T13:47:54.974+0200] {logging_mixin.py:188} INFO - [2024-05-09T13:47:54.974+0200] {dagbag.py:540} INFO - Filling up the DagBag from /home/munya/.local/lib/python3.11/site-packages/airflow/example_dags/tutorial_dag.py
[2024-05-09T13:47:54.981+0200] {processor.py:840} INFO - DAG(s) 'tutorial_dag' retrieved from /home/munya/.local/lib/python3.11/site-packages/airflow/example_dags/tutorial_dag.py
[2024-05-09T13:47:54.999+0200] {logging_mixin.py:188} INFO - [2024-05-09T13:47:54.998+0200] {dag.py:3096} INFO - Sync 1 DAGs
[2024-05-09T13:47:55.009+0200] {logging_mixin.py:188} INFO - [2024-05-09T13:47:55.009+0200] {dag.py:3954} INFO - Setting next_dagrun for tutorial_dag to None, run_after=None
[2024-05-09T13:47:55.029+0200] {processor.py:183} INFO - Processing /home/munya/.local/lib/python3.11/site-packages/airflow/example_dags/tutorial_dag.py took 0.066 seconds
[2024-05-09T13:48:53.954+0200] {processor.py:161} INFO - Started process (PID=303755) to work on /home/munya/.local/lib/python3.11/site-packages/airflow/example_dags/tutorial_dag.py
[2024-05-09T13:48:53.955+0200] {processor.py:830} INFO - Processing file /home/munya/.local/lib/python3.11/site-packages/airflow/example_dags/tutorial_dag.py for tasks to queue
[2024-05-09T13:48:53.955+0200] {logging_mixin.py:188} INFO - [2024-05-09T13:48:53.955+0200] {dagbag.py:540} INFO - Filling up the DagBag from /home/munya/.local/lib/python3.11/site-packages/airflow/example_dags/tutorial_dag.py
[2024-05-09T13:48:53.960+0200] {processor.py:840} INFO - DAG(s) 'tutorial_dag' retrieved from /home/munya/.local/lib/python3.11/site-packages/airflow/example_dags/tutorial_dag.py
[2024-05-09T13:48:53.979+0200] {logging_mixin.py:188} INFO - [2024-05-09T13:48:53.978+0200] {dag.py:3096} INFO - Sync 1 DAGs
[2024-05-09T13:48:53.990+0200] {logging_mixin.py:188} INFO - [2024-05-09T13:48:53.990+0200] {dag.py:3954} INFO - Setting next_dagrun for tutorial_dag to None, run_after=None
[2024-05-09T13:48:54.008+0200] {processor.py:183} INFO - Processing /home/munya/.local/lib/python3.11/site-packages/airflow/example_dags/tutorial_dag.py took 0.064 seconds
[2024-05-09T13:49:54.636+0200] {processor.py:161} INFO - Started process (PID=304597) to work on /home/munya/.local/lib/python3.11/site-packages/airflow/example_dags/tutorial_dag.py
[2024-05-09T13:49:54.639+0200] {processor.py:830} INFO - Processing file /home/munya/.local/lib/python3.11/site-packages/airflow/example_dags/tutorial_dag.py for tasks to queue
[2024-05-09T13:49:54.640+0200] {logging_mixin.py:188} INFO - [2024-05-09T13:49:54.640+0200] {dagbag.py:540} INFO - Filling up the DagBag from /home/munya/.local/lib/python3.11/site-packages/airflow/example_dags/tutorial_dag.py
[2024-05-09T13:49:54.648+0200] {processor.py:840} INFO - DAG(s) 'tutorial_dag' retrieved from /home/munya/.local/lib/python3.11/site-packages/airflow/example_dags/tutorial_dag.py
[2024-05-09T13:49:54.666+0200] {logging_mixin.py:188} INFO - [2024-05-09T13:49:54.666+0200] {dag.py:3096} INFO - Sync 1 DAGs
[2024-05-09T13:49:54.677+0200] {logging_mixin.py:188} INFO - [2024-05-09T13:49:54.677+0200] {dag.py:3954} INFO - Setting next_dagrun for tutorial_dag to None, run_after=None
[2024-05-09T13:49:54.701+0200] {processor.py:183} INFO - Processing /home/munya/.local/lib/python3.11/site-packages/airflow/example_dags/tutorial_dag.py took 0.081 seconds
[2024-05-09T13:50:53.843+0200] {processor.py:161} INFO - Started process (PID=305379) to work on /home/munya/.local/lib/python3.11/site-packages/airflow/example_dags/tutorial_dag.py
[2024-05-09T13:50:53.844+0200] {processor.py:830} INFO - Processing file /home/munya/.local/lib/python3.11/site-packages/airflow/example_dags/tutorial_dag.py for tasks to queue
[2024-05-09T13:50:53.846+0200] {logging_mixin.py:188} INFO - [2024-05-09T13:50:53.845+0200] {dagbag.py:540} INFO - Filling up the DagBag from /home/munya/.local/lib/python3.11/site-packages/airflow/example_dags/tutorial_dag.py
[2024-05-09T13:50:53.852+0200] {processor.py:840} INFO - DAG(s) 'tutorial_dag' retrieved from /home/munya/.local/lib/python3.11/site-packages/airflow/example_dags/tutorial_dag.py
[2024-05-09T13:50:53.868+0200] {logging_mixin.py:188} INFO - [2024-05-09T13:50:53.867+0200] {dag.py:3096} INFO - Sync 1 DAGs
[2024-05-09T13:50:53.878+0200] {logging_mixin.py:188} INFO - [2024-05-09T13:50:53.878+0200] {dag.py:3954} INFO - Setting next_dagrun for tutorial_dag to None, run_after=None
[2024-05-09T13:50:53.898+0200] {processor.py:183} INFO - Processing /home/munya/.local/lib/python3.11/site-packages/airflow/example_dags/tutorial_dag.py took 0.063 seconds
[2024-05-09T13:51:56.716+0200] {processor.py:161} INFO - Started process (PID=306222) to work on /home/munya/.local/lib/python3.11/site-packages/airflow/example_dags/tutorial_dag.py
[2024-05-09T13:51:56.717+0200] {processor.py:830} INFO - Processing file /home/munya/.local/lib/python3.11/site-packages/airflow/example_dags/tutorial_dag.py for tasks to queue
[2024-05-09T13:51:56.718+0200] {logging_mixin.py:188} INFO - [2024-05-09T13:51:56.717+0200] {dagbag.py:540} INFO - Filling up the DagBag from /home/munya/.local/lib/python3.11/site-packages/airflow/example_dags/tutorial_dag.py
[2024-05-09T13:51:56.723+0200] {processor.py:840} INFO - DAG(s) 'tutorial_dag' retrieved from /home/munya/.local/lib/python3.11/site-packages/airflow/example_dags/tutorial_dag.py
[2024-05-09T13:51:56.740+0200] {logging_mixin.py:188} INFO - [2024-05-09T13:51:56.739+0200] {dag.py:3096} INFO - Sync 1 DAGs
[2024-05-09T13:51:56.757+0200] {logging_mixin.py:188} INFO - [2024-05-09T13:51:56.756+0200] {dag.py:3954} INFO - Setting next_dagrun for tutorial_dag to None, run_after=None
[2024-05-09T13:51:56.785+0200] {processor.py:183} INFO - Processing /home/munya/.local/lib/python3.11/site-packages/airflow/example_dags/tutorial_dag.py took 0.080 seconds
[2024-05-09T13:53:12.742+0200] {processor.py:161} INFO - Started process (PID=307206) to work on /home/munya/.local/lib/python3.11/site-packages/airflow/example_dags/tutorial_dag.py
[2024-05-09T13:53:12.744+0200] {processor.py:830} INFO - Processing file /home/munya/.local/lib/python3.11/site-packages/airflow/example_dags/tutorial_dag.py for tasks to queue
[2024-05-09T13:53:12.745+0200] {logging_mixin.py:188} INFO - [2024-05-09T13:53:12.745+0200] {dagbag.py:540} INFO - Filling up the DagBag from /home/munya/.local/lib/python3.11/site-packages/airflow/example_dags/tutorial_dag.py
[2024-05-09T13:53:12.754+0200] {processor.py:840} INFO - DAG(s) 'tutorial_dag' retrieved from /home/munya/.local/lib/python3.11/site-packages/airflow/example_dags/tutorial_dag.py
[2024-05-09T13:53:12.779+0200] {logging_mixin.py:188} INFO - [2024-05-09T13:53:12.779+0200] {dag.py:3096} INFO - Sync 1 DAGs
[2024-05-09T13:53:12.793+0200] {logging_mixin.py:188} INFO - [2024-05-09T13:53:12.793+0200] {dag.py:3954} INFO - Setting next_dagrun for tutorial_dag to None, run_after=None
[2024-05-09T13:53:12.818+0200] {processor.py:183} INFO - Processing /home/munya/.local/lib/python3.11/site-packages/airflow/example_dags/tutorial_dag.py took 0.090 seconds
[2024-05-09T13:54:25.240+0200] {processor.py:161} INFO - Started process (PID=308172) to work on /home/munya/.local/lib/python3.11/site-packages/airflow/example_dags/tutorial_dag.py
[2024-05-09T13:54:25.245+0200] {processor.py:830} INFO - Processing file /home/munya/.local/lib/python3.11/site-packages/airflow/example_dags/tutorial_dag.py for tasks to queue
[2024-05-09T13:54:25.248+0200] {logging_mixin.py:188} INFO - [2024-05-09T13:54:25.247+0200] {dagbag.py:540} INFO - Filling up the DagBag from /home/munya/.local/lib/python3.11/site-packages/airflow/example_dags/tutorial_dag.py
[2024-05-09T13:54:25.271+0200] {processor.py:840} INFO - DAG(s) 'tutorial_dag' retrieved from /home/munya/.local/lib/python3.11/site-packages/airflow/example_dags/tutorial_dag.py
[2024-05-09T13:54:25.315+0200] {logging_mixin.py:188} INFO - [2024-05-09T13:54:25.315+0200] {dag.py:3096} INFO - Sync 1 DAGs
[2024-05-09T13:54:25.335+0200] {logging_mixin.py:188} INFO - [2024-05-09T13:54:25.335+0200] {dag.py:3954} INFO - Setting next_dagrun for tutorial_dag to None, run_after=None
[2024-05-09T13:54:25.619+0200] {processor.py:183} INFO - Processing /home/munya/.local/lib/python3.11/site-packages/airflow/example_dags/tutorial_dag.py took 0.412 seconds
[2024-05-09T13:58:00.079+0200] {processor.py:161} INFO - Started process (PID=309866) to work on /home/munya/.local/lib/python3.11/site-packages/airflow/example_dags/tutorial_dag.py
[2024-05-09T13:58:00.093+0200] {processor.py:830} INFO - Processing file /home/munya/.local/lib/python3.11/site-packages/airflow/example_dags/tutorial_dag.py for tasks to queue
[2024-05-09T13:58:00.095+0200] {logging_mixin.py:188} INFO - [2024-05-09T13:58:00.094+0200] {dagbag.py:540} INFO - Filling up the DagBag from /home/munya/.local/lib/python3.11/site-packages/airflow/example_dags/tutorial_dag.py
[2024-05-09T13:58:00.121+0200] {processor.py:840} INFO - DAG(s) 'tutorial_dag' retrieved from /home/munya/.local/lib/python3.11/site-packages/airflow/example_dags/tutorial_dag.py
[2024-05-09T13:58:00.155+0200] {logging_mixin.py:188} INFO - [2024-05-09T13:58:00.155+0200] {dag.py:3096} INFO - Sync 1 DAGs
[2024-05-09T13:58:00.181+0200] {logging_mixin.py:188} INFO - [2024-05-09T13:58:00.181+0200] {dag.py:3954} INFO - Setting next_dagrun for tutorial_dag to None, run_after=None
[2024-05-09T13:58:00.283+0200] {processor.py:183} INFO - Processing /home/munya/.local/lib/python3.11/site-packages/airflow/example_dags/tutorial_dag.py took 0.248 seconds
[2024-05-09T13:58:54.684+0200] {processor.py:161} INFO - Started process (PID=310688) to work on /home/munya/.local/lib/python3.11/site-packages/airflow/example_dags/tutorial_dag.py
[2024-05-09T13:58:54.685+0200] {processor.py:830} INFO - Processing file /home/munya/.local/lib/python3.11/site-packages/airflow/example_dags/tutorial_dag.py for tasks to queue
[2024-05-09T13:58:54.690+0200] {logging_mixin.py:188} INFO - [2024-05-09T13:58:54.686+0200] {dagbag.py:540} INFO - Filling up the DagBag from /home/munya/.local/lib/python3.11/site-packages/airflow/example_dags/tutorial_dag.py
[2024-05-09T13:58:54.705+0200] {processor.py:840} INFO - DAG(s) 'tutorial_dag' retrieved from /home/munya/.local/lib/python3.11/site-packages/airflow/example_dags/tutorial_dag.py
[2024-05-09T13:58:54.832+0200] {logging_mixin.py:188} INFO - [2024-05-09T13:58:54.831+0200] {dag.py:3096} INFO - Sync 1 DAGs
[2024-05-09T13:58:55.239+0200] {logging_mixin.py:188} INFO - [2024-05-09T13:58:55.238+0200] {dag.py:3954} INFO - Setting next_dagrun for tutorial_dag to None, run_after=None
[2024-05-09T13:58:55.289+0200] {processor.py:183} INFO - Processing /home/munya/.local/lib/python3.11/site-packages/airflow/example_dags/tutorial_dag.py took 0.673 seconds
[2024-05-09T13:59:47.461+0200] {processor.py:161} INFO - Started process (PID=311327) to work on /home/munya/.local/lib/python3.11/site-packages/airflow/example_dags/tutorial_dag.py
[2024-05-09T13:59:47.464+0200] {processor.py:830} INFO - Processing file /home/munya/.local/lib/python3.11/site-packages/airflow/example_dags/tutorial_dag.py for tasks to queue
[2024-05-09T13:59:47.466+0200] {logging_mixin.py:188} INFO - [2024-05-09T13:59:47.465+0200] {dagbag.py:540} INFO - Filling up the DagBag from /home/munya/.local/lib/python3.11/site-packages/airflow/example_dags/tutorial_dag.py
[2024-05-09T13:59:47.477+0200] {processor.py:840} INFO - DAG(s) 'tutorial_dag' retrieved from /home/munya/.local/lib/python3.11/site-packages/airflow/example_dags/tutorial_dag.py
[2024-05-09T13:59:47.510+0200] {logging_mixin.py:188} INFO - [2024-05-09T13:59:47.510+0200] {dag.py:3096} INFO - Sync 1 DAGs
[2024-05-09T13:59:47.537+0200] {logging_mixin.py:188} INFO - [2024-05-09T13:59:47.537+0200] {dag.py:3954} INFO - Setting next_dagrun for tutorial_dag to None, run_after=None
[2024-05-09T13:59:47.577+0200] {processor.py:183} INFO - Processing /home/munya/.local/lib/python3.11/site-packages/airflow/example_dags/tutorial_dag.py took 0.139 seconds
[2024-05-09T14:01:09.781+0200] {processor.py:161} INFO - Started process (PID=312347) to work on /home/munya/.local/lib/python3.11/site-packages/airflow/example_dags/tutorial_dag.py
[2024-05-09T14:01:09.788+0200] {processor.py:830} INFO - Processing file /home/munya/.local/lib/python3.11/site-packages/airflow/example_dags/tutorial_dag.py for tasks to queue
[2024-05-09T14:01:09.791+0200] {logging_mixin.py:188} INFO - [2024-05-09T14:01:09.790+0200] {dagbag.py:540} INFO - Filling up the DagBag from /home/munya/.local/lib/python3.11/site-packages/airflow/example_dags/tutorial_dag.py
[2024-05-09T14:01:09.813+0200] {processor.py:840} INFO - DAG(s) 'tutorial_dag' retrieved from /home/munya/.local/lib/python3.11/site-packages/airflow/example_dags/tutorial_dag.py
[2024-05-09T14:01:09.880+0200] {logging_mixin.py:188} INFO - [2024-05-09T14:01:09.879+0200] {dag.py:3096} INFO - Sync 1 DAGs
[2024-05-09T14:01:10.350+0200] {logging_mixin.py:188} INFO - [2024-05-09T14:01:10.349+0200] {dag.py:3954} INFO - Setting next_dagrun for tutorial_dag to None, run_after=None
[2024-05-09T14:01:10.436+0200] {processor.py:183} INFO - Processing /home/munya/.local/lib/python3.11/site-packages/airflow/example_dags/tutorial_dag.py took 0.748 seconds
[2024-05-09T14:02:13.844+0200] {processor.py:161} INFO - Started process (PID=313140) to work on /home/munya/.local/lib/python3.11/site-packages/airflow/example_dags/tutorial_dag.py
[2024-05-09T14:02:13.846+0200] {processor.py:830} INFO - Processing file /home/munya/.local/lib/python3.11/site-packages/airflow/example_dags/tutorial_dag.py for tasks to queue
[2024-05-09T14:02:13.848+0200] {logging_mixin.py:188} INFO - [2024-05-09T14:02:13.847+0200] {dagbag.py:540} INFO - Filling up the DagBag from /home/munya/.local/lib/python3.11/site-packages/airflow/example_dags/tutorial_dag.py
[2024-05-09T14:02:13.859+0200] {processor.py:840} INFO - DAG(s) 'tutorial_dag' retrieved from /home/munya/.local/lib/python3.11/site-packages/airflow/example_dags/tutorial_dag.py
[2024-05-09T14:02:13.898+0200] {logging_mixin.py:188} INFO - [2024-05-09T14:02:13.897+0200] {dag.py:3096} INFO - Sync 1 DAGs
[2024-05-09T14:02:13.925+0200] {logging_mixin.py:188} INFO - [2024-05-09T14:02:13.924+0200] {dag.py:3954} INFO - Setting next_dagrun for tutorial_dag to None, run_after=None
[2024-05-09T14:02:13.989+0200] {processor.py:183} INFO - Processing /home/munya/.local/lib/python3.11/site-packages/airflow/example_dags/tutorial_dag.py took 0.174 seconds
[2024-05-09T14:03:01.824+0200] {processor.py:161} INFO - Started process (PID=313696) to work on /home/munya/.local/lib/python3.11/site-packages/airflow/example_dags/tutorial_dag.py
[2024-05-09T14:03:01.826+0200] {processor.py:830} INFO - Processing file /home/munya/.local/lib/python3.11/site-packages/airflow/example_dags/tutorial_dag.py for tasks to queue
[2024-05-09T14:03:01.827+0200] {logging_mixin.py:188} INFO - [2024-05-09T14:03:01.827+0200] {dagbag.py:540} INFO - Filling up the DagBag from /home/munya/.local/lib/python3.11/site-packages/airflow/example_dags/tutorial_dag.py
[2024-05-09T14:03:01.835+0200] {processor.py:840} INFO - DAG(s) 'tutorial_dag' retrieved from /home/munya/.local/lib/python3.11/site-packages/airflow/example_dags/tutorial_dag.py
[2024-05-09T14:03:01.858+0200] {logging_mixin.py:188} INFO - [2024-05-09T14:03:01.857+0200] {dag.py:3096} INFO - Sync 1 DAGs
[2024-05-09T14:03:02.075+0200] {logging_mixin.py:188} INFO - [2024-05-09T14:03:02.075+0200] {dag.py:3954} INFO - Setting next_dagrun for tutorial_dag to None, run_after=None
[2024-05-09T14:03:02.111+0200] {processor.py:183} INFO - Processing /home/munya/.local/lib/python3.11/site-packages/airflow/example_dags/tutorial_dag.py took 0.303 seconds
[2024-05-09T14:03:48.973+0200] {processor.py:161} INFO - Started process (PID=314280) to work on /home/munya/.local/lib/python3.11/site-packages/airflow/example_dags/tutorial_dag.py
[2024-05-09T14:03:48.974+0200] {processor.py:830} INFO - Processing file /home/munya/.local/lib/python3.11/site-packages/airflow/example_dags/tutorial_dag.py for tasks to queue
[2024-05-09T14:03:48.976+0200] {logging_mixin.py:188} INFO - [2024-05-09T14:03:48.975+0200] {dagbag.py:540} INFO - Filling up the DagBag from /home/munya/.local/lib/python3.11/site-packages/airflow/example_dags/tutorial_dag.py
[2024-05-09T14:03:48.986+0200] {processor.py:840} INFO - DAG(s) 'tutorial_dag' retrieved from /home/munya/.local/lib/python3.11/site-packages/airflow/example_dags/tutorial_dag.py
[2024-05-09T14:03:49.015+0200] {logging_mixin.py:188} INFO - [2024-05-09T14:03:49.014+0200] {dag.py:3096} INFO - Sync 1 DAGs
[2024-05-09T14:03:49.034+0200] {logging_mixin.py:188} INFO - [2024-05-09T14:03:49.034+0200] {dag.py:3954} INFO - Setting next_dagrun for tutorial_dag to None, run_after=None
[2024-05-09T14:03:49.074+0200] {processor.py:183} INFO - Processing /home/munya/.local/lib/python3.11/site-packages/airflow/example_dags/tutorial_dag.py took 0.121 seconds
[2024-05-09T14:04:31.363+0200] {processor.py:161} INFO - Started process (PID=314826) to work on /home/munya/.local/lib/python3.11/site-packages/airflow/example_dags/tutorial_dag.py
[2024-05-09T14:04:31.365+0200] {processor.py:830} INFO - Processing file /home/munya/.local/lib/python3.11/site-packages/airflow/example_dags/tutorial_dag.py for tasks to queue
[2024-05-09T14:04:31.366+0200] {logging_mixin.py:188} INFO - [2024-05-09T14:04:31.366+0200] {dagbag.py:540} INFO - Filling up the DagBag from /home/munya/.local/lib/python3.11/site-packages/airflow/example_dags/tutorial_dag.py
[2024-05-09T14:04:31.376+0200] {processor.py:840} INFO - DAG(s) 'tutorial_dag' retrieved from /home/munya/.local/lib/python3.11/site-packages/airflow/example_dags/tutorial_dag.py
[2024-05-09T14:04:31.406+0200] {logging_mixin.py:188} INFO - [2024-05-09T14:04:31.405+0200] {dag.py:3096} INFO - Sync 1 DAGs
[2024-05-09T14:04:31.426+0200] {logging_mixin.py:188} INFO - [2024-05-09T14:04:31.426+0200] {dag.py:3954} INFO - Setting next_dagrun for tutorial_dag to None, run_after=None
[2024-05-09T14:04:31.494+0200] {processor.py:183} INFO - Processing /home/munya/.local/lib/python3.11/site-packages/airflow/example_dags/tutorial_dag.py took 0.149 seconds
[2024-05-09T14:05:17.018+0200] {processor.py:161} INFO - Started process (PID=315333) to work on /home/munya/.local/lib/python3.11/site-packages/airflow/example_dags/tutorial_dag.py
[2024-05-09T14:05:17.019+0200] {processor.py:830} INFO - Processing file /home/munya/.local/lib/python3.11/site-packages/airflow/example_dags/tutorial_dag.py for tasks to queue
[2024-05-09T14:05:17.021+0200] {logging_mixin.py:188} INFO - [2024-05-09T14:05:17.020+0200] {dagbag.py:540} INFO - Filling up the DagBag from /home/munya/.local/lib/python3.11/site-packages/airflow/example_dags/tutorial_dag.py
[2024-05-09T14:05:17.029+0200] {processor.py:840} INFO - DAG(s) 'tutorial_dag' retrieved from /home/munya/.local/lib/python3.11/site-packages/airflow/example_dags/tutorial_dag.py
[2024-05-09T14:05:17.055+0200] {logging_mixin.py:188} INFO - [2024-05-09T14:05:17.054+0200] {dag.py:3096} INFO - Sync 1 DAGs
[2024-05-09T14:05:17.325+0200] {logging_mixin.py:188} INFO - [2024-05-09T14:05:17.324+0200] {dag.py:3954} INFO - Setting next_dagrun for tutorial_dag to None, run_after=None
[2024-05-09T14:05:17.367+0200] {processor.py:183} INFO - Processing /home/munya/.local/lib/python3.11/site-packages/airflow/example_dags/tutorial_dag.py took 0.367 seconds
[2024-05-09T14:05:59.891+0200] {processor.py:161} INFO - Started process (PID=315807) to work on /home/munya/.local/lib/python3.11/site-packages/airflow/example_dags/tutorial_dag.py
[2024-05-09T14:05:59.893+0200] {processor.py:830} INFO - Processing file /home/munya/.local/lib/python3.11/site-packages/airflow/example_dags/tutorial_dag.py for tasks to queue
[2024-05-09T14:05:59.894+0200] {logging_mixin.py:188} INFO - [2024-05-09T14:05:59.893+0200] {dagbag.py:540} INFO - Filling up the DagBag from /home/munya/.local/lib/python3.11/site-packages/airflow/example_dags/tutorial_dag.py
[2024-05-09T14:05:59.901+0200] {processor.py:840} INFO - DAG(s) 'tutorial_dag' retrieved from /home/munya/.local/lib/python3.11/site-packages/airflow/example_dags/tutorial_dag.py
[2024-05-09T14:05:59.922+0200] {logging_mixin.py:188} INFO - [2024-05-09T14:05:59.922+0200] {dag.py:3096} INFO - Sync 1 DAGs
[2024-05-09T14:05:59.935+0200] {logging_mixin.py:188} INFO - [2024-05-09T14:05:59.935+0200] {dag.py:3954} INFO - Setting next_dagrun for tutorial_dag to None, run_after=None
[2024-05-09T14:05:59.959+0200] {processor.py:183} INFO - Processing /home/munya/.local/lib/python3.11/site-packages/airflow/example_dags/tutorial_dag.py took 0.082 seconds
[2024-05-09T14:07:10.224+0200] {processor.py:161} INFO - Started process (PID=316624) to work on /home/munya/.local/lib/python3.11/site-packages/airflow/example_dags/tutorial_dag.py
[2024-05-09T14:07:10.227+0200] {processor.py:830} INFO - Processing file /home/munya/.local/lib/python3.11/site-packages/airflow/example_dags/tutorial_dag.py for tasks to queue
[2024-05-09T14:07:10.230+0200] {logging_mixin.py:188} INFO - [2024-05-09T14:07:10.229+0200] {dagbag.py:540} INFO - Filling up the DagBag from /home/munya/.local/lib/python3.11/site-packages/airflow/example_dags/tutorial_dag.py
[2024-05-09T14:07:10.241+0200] {processor.py:840} INFO - DAG(s) 'tutorial_dag' retrieved from /home/munya/.local/lib/python3.11/site-packages/airflow/example_dags/tutorial_dag.py
[2024-05-09T14:07:10.272+0200] {logging_mixin.py:188} INFO - [2024-05-09T14:07:10.271+0200] {dag.py:3096} INFO - Sync 1 DAGs
[2024-05-09T14:07:10.294+0200] {logging_mixin.py:188} INFO - [2024-05-09T14:07:10.294+0200] {dag.py:3954} INFO - Setting next_dagrun for tutorial_dag to None, run_after=None
[2024-05-09T14:07:10.330+0200] {processor.py:183} INFO - Processing /home/munya/.local/lib/python3.11/site-packages/airflow/example_dags/tutorial_dag.py took 0.134 seconds
[2024-05-09T14:08:25.535+0200] {processor.py:161} INFO - Started process (PID=317582) to work on /home/munya/.local/lib/python3.11/site-packages/airflow/example_dags/tutorial_dag.py
[2024-05-09T14:08:25.536+0200] {processor.py:830} INFO - Processing file /home/munya/.local/lib/python3.11/site-packages/airflow/example_dags/tutorial_dag.py for tasks to queue
[2024-05-09T14:08:25.538+0200] {logging_mixin.py:188} INFO - [2024-05-09T14:08:25.537+0200] {dagbag.py:540} INFO - Filling up the DagBag from /home/munya/.local/lib/python3.11/site-packages/airflow/example_dags/tutorial_dag.py
[2024-05-09T14:08:25.550+0200] {processor.py:840} INFO - DAG(s) 'tutorial_dag' retrieved from /home/munya/.local/lib/python3.11/site-packages/airflow/example_dags/tutorial_dag.py
[2024-05-09T14:08:25.585+0200] {logging_mixin.py:188} INFO - [2024-05-09T14:08:25.584+0200] {dag.py:3096} INFO - Sync 1 DAGs
[2024-05-09T14:08:25.613+0200] {logging_mixin.py:188} INFO - [2024-05-09T14:08:25.612+0200] {dag.py:3954} INFO - Setting next_dagrun for tutorial_dag to None, run_after=None
[2024-05-09T14:08:25.663+0200] {processor.py:183} INFO - Processing /home/munya/.local/lib/python3.11/site-packages/airflow/example_dags/tutorial_dag.py took 0.153 seconds
[2024-05-09T14:09:08.511+0200] {processor.py:161} INFO - Started process (PID=318154) to work on /home/munya/.local/lib/python3.11/site-packages/airflow/example_dags/tutorial_dag.py
[2024-05-09T14:09:08.513+0200] {processor.py:830} INFO - Processing file /home/munya/.local/lib/python3.11/site-packages/airflow/example_dags/tutorial_dag.py for tasks to queue
[2024-05-09T14:09:08.516+0200] {logging_mixin.py:188} INFO - [2024-05-09T14:09:08.515+0200] {dagbag.py:540} INFO - Filling up the DagBag from /home/munya/.local/lib/python3.11/site-packages/airflow/example_dags/tutorial_dag.py
[2024-05-09T14:09:08.531+0200] {processor.py:840} INFO - DAG(s) 'tutorial_dag' retrieved from /home/munya/.local/lib/python3.11/site-packages/airflow/example_dags/tutorial_dag.py
[2024-05-09T14:09:08.585+0200] {logging_mixin.py:188} INFO - [2024-05-09T14:09:08.583+0200] {dag.py:3096} INFO - Sync 1 DAGs
[2024-05-09T14:09:08.625+0200] {logging_mixin.py:188} INFO - [2024-05-09T14:09:08.623+0200] {dag.py:3954} INFO - Setting next_dagrun for tutorial_dag to None, run_after=None
[2024-05-09T14:09:08.705+0200] {processor.py:183} INFO - Processing /home/munya/.local/lib/python3.11/site-packages/airflow/example_dags/tutorial_dag.py took 0.246 seconds
[2024-05-09T14:09:49.906+0200] {processor.py:161} INFO - Started process (PID=318654) to work on /home/munya/.local/lib/python3.11/site-packages/airflow/example_dags/tutorial_dag.py
[2024-05-09T14:09:49.909+0200] {processor.py:830} INFO - Processing file /home/munya/.local/lib/python3.11/site-packages/airflow/example_dags/tutorial_dag.py for tasks to queue
[2024-05-09T14:09:49.913+0200] {logging_mixin.py:188} INFO - [2024-05-09T14:09:49.912+0200] {dagbag.py:540} INFO - Filling up the DagBag from /home/munya/.local/lib/python3.11/site-packages/airflow/example_dags/tutorial_dag.py
[2024-05-09T14:09:49.932+0200] {processor.py:840} INFO - DAG(s) 'tutorial_dag' retrieved from /home/munya/.local/lib/python3.11/site-packages/airflow/example_dags/tutorial_dag.py
[2024-05-09T14:09:49.994+0200] {logging_mixin.py:188} INFO - [2024-05-09T14:09:49.993+0200] {dag.py:3096} INFO - Sync 1 DAGs
[2024-05-09T14:09:50.024+0200] {logging_mixin.py:188} INFO - [2024-05-09T14:09:50.024+0200] {dag.py:3954} INFO - Setting next_dagrun for tutorial_dag to None, run_after=None
[2024-05-09T14:09:50.065+0200] {processor.py:183} INFO - Processing /home/munya/.local/lib/python3.11/site-packages/airflow/example_dags/tutorial_dag.py took 0.193 seconds
[2024-05-09T14:11:15.251+0200] {processor.py:161} INFO - Started process (PID=319720) to work on /home/munya/.local/lib/python3.11/site-packages/airflow/example_dags/tutorial_dag.py
[2024-05-09T14:11:15.261+0200] {processor.py:830} INFO - Processing file /home/munya/.local/lib/python3.11/site-packages/airflow/example_dags/tutorial_dag.py for tasks to queue
[2024-05-09T14:11:15.263+0200] {logging_mixin.py:188} INFO - [2024-05-09T14:11:15.262+0200] {dagbag.py:540} INFO - Filling up the DagBag from /home/munya/.local/lib/python3.11/site-packages/airflow/example_dags/tutorial_dag.py
[2024-05-09T14:11:15.299+0200] {processor.py:840} INFO - DAG(s) 'tutorial_dag' retrieved from /home/munya/.local/lib/python3.11/site-packages/airflow/example_dags/tutorial_dag.py
[2024-05-09T14:11:15.368+0200] {logging_mixin.py:188} INFO - [2024-05-09T14:11:15.367+0200] {dag.py:3096} INFO - Sync 1 DAGs
[2024-05-09T14:11:15.394+0200] {logging_mixin.py:188} INFO - [2024-05-09T14:11:15.393+0200] {dag.py:3954} INFO - Setting next_dagrun for tutorial_dag to None, run_after=None
[2024-05-09T14:11:15.705+0200] {processor.py:183} INFO - Processing /home/munya/.local/lib/python3.11/site-packages/airflow/example_dags/tutorial_dag.py took 0.472 seconds
[2024-05-09T14:12:07.299+0200] {processor.py:161} INFO - Started process (PID=320342) to work on /home/munya/.local/lib/python3.11/site-packages/airflow/example_dags/tutorial_dag.py
[2024-05-09T14:12:07.301+0200] {processor.py:830} INFO - Processing file /home/munya/.local/lib/python3.11/site-packages/airflow/example_dags/tutorial_dag.py for tasks to queue
[2024-05-09T14:12:07.302+0200] {logging_mixin.py:188} INFO - [2024-05-09T14:12:07.302+0200] {dagbag.py:540} INFO - Filling up the DagBag from /home/munya/.local/lib/python3.11/site-packages/airflow/example_dags/tutorial_dag.py
[2024-05-09T14:12:07.312+0200] {processor.py:840} INFO - DAG(s) 'tutorial_dag' retrieved from /home/munya/.local/lib/python3.11/site-packages/airflow/example_dags/tutorial_dag.py
[2024-05-09T14:12:07.356+0200] {logging_mixin.py:188} INFO - [2024-05-09T14:12:07.355+0200] {dag.py:3096} INFO - Sync 1 DAGs
[2024-05-09T14:12:07.381+0200] {logging_mixin.py:188} INFO - [2024-05-09T14:12:07.380+0200] {dag.py:3954} INFO - Setting next_dagrun for tutorial_dag to None, run_after=None
[2024-05-09T14:12:07.421+0200] {processor.py:183} INFO - Processing /home/munya/.local/lib/python3.11/site-packages/airflow/example_dags/tutorial_dag.py took 0.144 seconds
[2024-05-09T14:12:57.107+0200] {processor.py:161} INFO - Started process (PID=320941) to work on /home/munya/.local/lib/python3.11/site-packages/airflow/example_dags/tutorial_dag.py
[2024-05-09T14:12:57.110+0200] {processor.py:830} INFO - Processing file /home/munya/.local/lib/python3.11/site-packages/airflow/example_dags/tutorial_dag.py for tasks to queue
[2024-05-09T14:12:57.113+0200] {logging_mixin.py:188} INFO - [2024-05-09T14:12:57.112+0200] {dagbag.py:540} INFO - Filling up the DagBag from /home/munya/.local/lib/python3.11/site-packages/airflow/example_dags/tutorial_dag.py
[2024-05-09T14:12:57.124+0200] {processor.py:840} INFO - DAG(s) 'tutorial_dag' retrieved from /home/munya/.local/lib/python3.11/site-packages/airflow/example_dags/tutorial_dag.py
[2024-05-09T14:12:57.159+0200] {logging_mixin.py:188} INFO - [2024-05-09T14:12:57.158+0200] {dag.py:3096} INFO - Sync 1 DAGs
[2024-05-09T14:12:57.183+0200] {logging_mixin.py:188} INFO - [2024-05-09T14:12:57.182+0200] {dag.py:3954} INFO - Setting next_dagrun for tutorial_dag to None, run_after=None
[2024-05-09T14:12:57.228+0200] {processor.py:183} INFO - Processing /home/munya/.local/lib/python3.11/site-packages/airflow/example_dags/tutorial_dag.py took 0.139 seconds
[2024-05-09T14:13:40.910+0200] {processor.py:161} INFO - Started process (PID=321473) to work on /home/munya/.local/lib/python3.11/site-packages/airflow/example_dags/tutorial_dag.py
[2024-05-09T14:13:40.913+0200] {processor.py:830} INFO - Processing file /home/munya/.local/lib/python3.11/site-packages/airflow/example_dags/tutorial_dag.py for tasks to queue
[2024-05-09T14:13:40.915+0200] {logging_mixin.py:188} INFO - [2024-05-09T14:13:40.914+0200] {dagbag.py:540} INFO - Filling up the DagBag from /home/munya/.local/lib/python3.11/site-packages/airflow/example_dags/tutorial_dag.py
[2024-05-09T14:13:40.925+0200] {processor.py:840} INFO - DAG(s) 'tutorial_dag' retrieved from /home/munya/.local/lib/python3.11/site-packages/airflow/example_dags/tutorial_dag.py
[2024-05-09T14:13:40.958+0200] {logging_mixin.py:188} INFO - [2024-05-09T14:13:40.958+0200] {dag.py:3096} INFO - Sync 1 DAGs
[2024-05-09T14:13:40.980+0200] {logging_mixin.py:188} INFO - [2024-05-09T14:13:40.980+0200] {dag.py:3954} INFO - Setting next_dagrun for tutorial_dag to None, run_after=None
[2024-05-09T14:13:41.014+0200] {processor.py:183} INFO - Processing /home/munya/.local/lib/python3.11/site-packages/airflow/example_dags/tutorial_dag.py took 0.146 seconds
[2024-05-09T14:14:22.182+0200] {processor.py:161} INFO - Started process (PID=321972) to work on /home/munya/.local/lib/python3.11/site-packages/airflow/example_dags/tutorial_dag.py
[2024-05-09T14:14:22.185+0200] {processor.py:830} INFO - Processing file /home/munya/.local/lib/python3.11/site-packages/airflow/example_dags/tutorial_dag.py for tasks to queue
[2024-05-09T14:14:22.188+0200] {logging_mixin.py:188} INFO - [2024-05-09T14:14:22.186+0200] {dagbag.py:540} INFO - Filling up the DagBag from /home/munya/.local/lib/python3.11/site-packages/airflow/example_dags/tutorial_dag.py
[2024-05-09T14:14:22.208+0200] {processor.py:840} INFO - DAG(s) 'tutorial_dag' retrieved from /home/munya/.local/lib/python3.11/site-packages/airflow/example_dags/tutorial_dag.py
[2024-05-09T14:14:22.277+0200] {logging_mixin.py:188} INFO - [2024-05-09T14:14:22.276+0200] {dag.py:3096} INFO - Sync 1 DAGs
[2024-05-09T14:14:22.301+0200] {logging_mixin.py:188} INFO - [2024-05-09T14:14:22.301+0200] {dag.py:3954} INFO - Setting next_dagrun for tutorial_dag to None, run_after=None
[2024-05-09T14:14:22.333+0200] {processor.py:183} INFO - Processing /home/munya/.local/lib/python3.11/site-packages/airflow/example_dags/tutorial_dag.py took 0.194 seconds
[2024-05-09T14:15:45.571+0200] {processor.py:161} INFO - Started process (PID=323241) to work on /home/munya/.local/lib/python3.11/site-packages/airflow/example_dags/tutorial_dag.py
[2024-05-09T14:15:45.585+0200] {processor.py:830} INFO - Processing file /home/munya/.local/lib/python3.11/site-packages/airflow/example_dags/tutorial_dag.py for tasks to queue
[2024-05-09T14:15:45.587+0200] {logging_mixin.py:188} INFO - [2024-05-09T14:15:45.586+0200] {dagbag.py:540} INFO - Filling up the DagBag from /home/munya/.local/lib/python3.11/site-packages/airflow/example_dags/tutorial_dag.py
[2024-05-09T14:15:45.596+0200] {processor.py:840} INFO - DAG(s) 'tutorial_dag' retrieved from /home/munya/.local/lib/python3.11/site-packages/airflow/example_dags/tutorial_dag.py
[2024-05-09T14:15:45.630+0200] {logging_mixin.py:188} INFO - [2024-05-09T14:15:45.630+0200] {dag.py:3096} INFO - Sync 1 DAGs
[2024-05-09T14:15:45.659+0200] {logging_mixin.py:188} INFO - [2024-05-09T14:15:45.658+0200] {dag.py:3954} INFO - Setting next_dagrun for tutorial_dag to None, run_after=None
[2024-05-09T14:15:45.709+0200] {processor.py:183} INFO - Processing /home/munya/.local/lib/python3.11/site-packages/airflow/example_dags/tutorial_dag.py took 0.177 seconds
[2024-05-09T14:16:28.119+0200] {processor.py:161} INFO - Started process (PID=324186) to work on /home/munya/.local/lib/python3.11/site-packages/airflow/example_dags/tutorial_dag.py
[2024-05-09T14:16:28.121+0200] {processor.py:830} INFO - Processing file /home/munya/.local/lib/python3.11/site-packages/airflow/example_dags/tutorial_dag.py for tasks to queue
[2024-05-09T14:16:28.124+0200] {logging_mixin.py:188} INFO - [2024-05-09T14:16:28.123+0200] {dagbag.py:540} INFO - Filling up the DagBag from /home/munya/.local/lib/python3.11/site-packages/airflow/example_dags/tutorial_dag.py
[2024-05-09T14:16:28.133+0200] {processor.py:840} INFO - DAG(s) 'tutorial_dag' retrieved from /home/munya/.local/lib/python3.11/site-packages/airflow/example_dags/tutorial_dag.py
[2024-05-09T14:16:28.165+0200] {logging_mixin.py:188} INFO - [2024-05-09T14:16:28.165+0200] {dag.py:3096} INFO - Sync 1 DAGs
[2024-05-09T14:16:28.188+0200] {logging_mixin.py:188} INFO - [2024-05-09T14:16:28.187+0200] {dag.py:3954} INFO - Setting next_dagrun for tutorial_dag to None, run_after=None
[2024-05-09T14:16:28.230+0200] {processor.py:183} INFO - Processing /home/munya/.local/lib/python3.11/site-packages/airflow/example_dags/tutorial_dag.py took 0.131 seconds
[2024-05-09T14:17:10.958+0200] {processor.py:161} INFO - Started process (PID=324733) to work on /home/munya/.local/lib/python3.11/site-packages/airflow/example_dags/tutorial_dag.py
[2024-05-09T14:17:10.960+0200] {processor.py:830} INFO - Processing file /home/munya/.local/lib/python3.11/site-packages/airflow/example_dags/tutorial_dag.py for tasks to queue
[2024-05-09T14:17:10.968+0200] {logging_mixin.py:188} INFO - [2024-05-09T14:17:10.961+0200] {dagbag.py:540} INFO - Filling up the DagBag from /home/munya/.local/lib/python3.11/site-packages/airflow/example_dags/tutorial_dag.py
[2024-05-09T14:17:10.985+0200] {processor.py:840} INFO - DAG(s) 'tutorial_dag' retrieved from /home/munya/.local/lib/python3.11/site-packages/airflow/example_dags/tutorial_dag.py
[2024-05-09T14:17:11.019+0200] {logging_mixin.py:188} INFO - [2024-05-09T14:17:11.018+0200] {dag.py:3096} INFO - Sync 1 DAGs
[2024-05-09T14:17:11.053+0200] {logging_mixin.py:188} INFO - [2024-05-09T14:17:11.053+0200] {dag.py:3954} INFO - Setting next_dagrun for tutorial_dag to None, run_after=None
[2024-05-09T14:17:11.098+0200] {processor.py:183} INFO - Processing /home/munya/.local/lib/python3.11/site-packages/airflow/example_dags/tutorial_dag.py took 0.172 seconds
[2024-05-09T14:18:30.276+0200] {processor.py:161} INFO - Started process (PID=325669) to work on /home/munya/.local/lib/python3.11/site-packages/airflow/example_dags/tutorial_dag.py
[2024-05-09T14:18:30.278+0200] {processor.py:830} INFO - Processing file /home/munya/.local/lib/python3.11/site-packages/airflow/example_dags/tutorial_dag.py for tasks to queue
[2024-05-09T14:18:30.280+0200] {logging_mixin.py:188} INFO - [2024-05-09T14:18:30.279+0200] {dagbag.py:540} INFO - Filling up the DagBag from /home/munya/.local/lib/python3.11/site-packages/airflow/example_dags/tutorial_dag.py
[2024-05-09T14:18:30.291+0200] {processor.py:840} INFO - DAG(s) 'tutorial_dag' retrieved from /home/munya/.local/lib/python3.11/site-packages/airflow/example_dags/tutorial_dag.py
[2024-05-09T14:18:30.325+0200] {logging_mixin.py:188} INFO - [2024-05-09T14:18:30.325+0200] {dag.py:3096} INFO - Sync 1 DAGs
[2024-05-09T14:18:30.344+0200] {logging_mixin.py:188} INFO - [2024-05-09T14:18:30.344+0200] {dag.py:3954} INFO - Setting next_dagrun for tutorial_dag to None, run_after=None
[2024-05-09T14:18:30.380+0200] {processor.py:183} INFO - Processing /home/munya/.local/lib/python3.11/site-packages/airflow/example_dags/tutorial_dag.py took 0.125 seconds
[2024-05-09T14:19:13.200+0200] {processor.py:161} INFO - Started process (PID=326244) to work on /home/munya/.local/lib/python3.11/site-packages/airflow/example_dags/tutorial_dag.py
[2024-05-09T14:19:13.202+0200] {processor.py:830} INFO - Processing file /home/munya/.local/lib/python3.11/site-packages/airflow/example_dags/tutorial_dag.py for tasks to queue
[2024-05-09T14:19:13.204+0200] {logging_mixin.py:188} INFO - [2024-05-09T14:19:13.203+0200] {dagbag.py:540} INFO - Filling up the DagBag from /home/munya/.local/lib/python3.11/site-packages/airflow/example_dags/tutorial_dag.py
[2024-05-09T14:19:13.217+0200] {processor.py:840} INFO - DAG(s) 'tutorial_dag' retrieved from /home/munya/.local/lib/python3.11/site-packages/airflow/example_dags/tutorial_dag.py
[2024-05-09T14:19:13.249+0200] {logging_mixin.py:188} INFO - [2024-05-09T14:19:13.249+0200] {dag.py:3096} INFO - Sync 1 DAGs
[2024-05-09T14:19:13.267+0200] {logging_mixin.py:188} INFO - [2024-05-09T14:19:13.267+0200] {dag.py:3954} INFO - Setting next_dagrun for tutorial_dag to None, run_after=None
[2024-05-09T14:19:13.305+0200] {processor.py:183} INFO - Processing /home/munya/.local/lib/python3.11/site-packages/airflow/example_dags/tutorial_dag.py took 0.129 seconds
[2024-05-09T14:19:58.975+0200] {processor.py:161} INFO - Started process (PID=326795) to work on /home/munya/.local/lib/python3.11/site-packages/airflow/example_dags/tutorial_dag.py
[2024-05-09T14:19:58.976+0200] {processor.py:830} INFO - Processing file /home/munya/.local/lib/python3.11/site-packages/airflow/example_dags/tutorial_dag.py for tasks to queue
[2024-05-09T14:19:58.978+0200] {logging_mixin.py:188} INFO - [2024-05-09T14:19:58.977+0200] {dagbag.py:540} INFO - Filling up the DagBag from /home/munya/.local/lib/python3.11/site-packages/airflow/example_dags/tutorial_dag.py
[2024-05-09T14:19:58.987+0200] {processor.py:840} INFO - DAG(s) 'tutorial_dag' retrieved from /home/munya/.local/lib/python3.11/site-packages/airflow/example_dags/tutorial_dag.py
[2024-05-09T14:19:59.021+0200] {logging_mixin.py:188} INFO - [2024-05-09T14:19:59.020+0200] {dag.py:3096} INFO - Sync 1 DAGs
[2024-05-09T14:19:59.045+0200] {logging_mixin.py:188} INFO - [2024-05-09T14:19:59.045+0200] {dag.py:3954} INFO - Setting next_dagrun for tutorial_dag to None, run_after=None
[2024-05-09T14:19:59.080+0200] {processor.py:183} INFO - Processing /home/munya/.local/lib/python3.11/site-packages/airflow/example_dags/tutorial_dag.py took 0.127 seconds
[2024-05-09T14:20:43.022+0200] {processor.py:161} INFO - Started process (PID=327332) to work on /home/munya/.local/lib/python3.11/site-packages/airflow/example_dags/tutorial_dag.py
[2024-05-09T14:20:43.026+0200] {processor.py:830} INFO - Processing file /home/munya/.local/lib/python3.11/site-packages/airflow/example_dags/tutorial_dag.py for tasks to queue
[2024-05-09T14:20:43.030+0200] {logging_mixin.py:188} INFO - [2024-05-09T14:20:43.028+0200] {dagbag.py:540} INFO - Filling up the DagBag from /home/munya/.local/lib/python3.11/site-packages/airflow/example_dags/tutorial_dag.py
[2024-05-09T14:20:43.052+0200] {processor.py:840} INFO - DAG(s) 'tutorial_dag' retrieved from /home/munya/.local/lib/python3.11/site-packages/airflow/example_dags/tutorial_dag.py
[2024-05-09T14:20:43.133+0200] {logging_mixin.py:188} INFO - [2024-05-09T14:20:43.132+0200] {dag.py:3096} INFO - Sync 1 DAGs
[2024-05-09T14:20:43.178+0200] {logging_mixin.py:188} INFO - [2024-05-09T14:20:43.177+0200] {dag.py:3954} INFO - Setting next_dagrun for tutorial_dag to None, run_after=None
[2024-05-09T14:20:43.226+0200] {processor.py:183} INFO - Processing /home/munya/.local/lib/python3.11/site-packages/airflow/example_dags/tutorial_dag.py took 0.252 seconds
[2024-05-09T14:22:00.778+0200] {processor.py:161} INFO - Started process (PID=328266) to work on /home/munya/.local/lib/python3.11/site-packages/airflow/example_dags/tutorial_dag.py
[2024-05-09T14:22:00.780+0200] {processor.py:830} INFO - Processing file /home/munya/.local/lib/python3.11/site-packages/airflow/example_dags/tutorial_dag.py for tasks to queue
[2024-05-09T14:22:00.782+0200] {logging_mixin.py:188} INFO - [2024-05-09T14:22:00.781+0200] {dagbag.py:540} INFO - Filling up the DagBag from /home/munya/.local/lib/python3.11/site-packages/airflow/example_dags/tutorial_dag.py
[2024-05-09T14:22:00.796+0200] {processor.py:840} INFO - DAG(s) 'tutorial_dag' retrieved from /home/munya/.local/lib/python3.11/site-packages/airflow/example_dags/tutorial_dag.py
[2024-05-09T14:22:00.836+0200] {logging_mixin.py:188} INFO - [2024-05-09T14:22:00.836+0200] {dag.py:3096} INFO - Sync 1 DAGs
[2024-05-09T14:22:00.858+0200] {logging_mixin.py:188} INFO - [2024-05-09T14:22:00.857+0200] {dag.py:3954} INFO - Setting next_dagrun for tutorial_dag to None, run_after=None
[2024-05-09T14:22:00.896+0200] {processor.py:183} INFO - Processing /home/munya/.local/lib/python3.11/site-packages/airflow/example_dags/tutorial_dag.py took 0.143 seconds
[2024-05-09T14:23:20.413+0200] {processor.py:161} INFO - Started process (PID=329229) to work on /home/munya/.local/lib/python3.11/site-packages/airflow/example_dags/tutorial_dag.py
[2024-05-09T14:23:20.415+0200] {processor.py:830} INFO - Processing file /home/munya/.local/lib/python3.11/site-packages/airflow/example_dags/tutorial_dag.py for tasks to queue
[2024-05-09T14:23:20.416+0200] {logging_mixin.py:188} INFO - [2024-05-09T14:23:20.416+0200] {dagbag.py:540} INFO - Filling up the DagBag from /home/munya/.local/lib/python3.11/site-packages/airflow/example_dags/tutorial_dag.py
[2024-05-09T14:23:20.428+0200] {processor.py:840} INFO - DAG(s) 'tutorial_dag' retrieved from /home/munya/.local/lib/python3.11/site-packages/airflow/example_dags/tutorial_dag.py
[2024-05-09T14:23:20.464+0200] {logging_mixin.py:188} INFO - [2024-05-09T14:23:20.464+0200] {dag.py:3096} INFO - Sync 1 DAGs
[2024-05-09T14:23:20.488+0200] {logging_mixin.py:188} INFO - [2024-05-09T14:23:20.488+0200] {dag.py:3954} INFO - Setting next_dagrun for tutorial_dag to None, run_after=None
[2024-05-09T14:23:20.537+0200] {processor.py:183} INFO - Processing /home/munya/.local/lib/python3.11/site-packages/airflow/example_dags/tutorial_dag.py took 0.148 seconds
[2024-05-09T14:24:04.383+0200] {processor.py:161} INFO - Started process (PID=329754) to work on /home/munya/.local/lib/python3.11/site-packages/airflow/example_dags/tutorial_dag.py
[2024-05-09T14:24:04.385+0200] {processor.py:830} INFO - Processing file /home/munya/.local/lib/python3.11/site-packages/airflow/example_dags/tutorial_dag.py for tasks to queue
[2024-05-09T14:24:04.387+0200] {logging_mixin.py:188} INFO - [2024-05-09T14:24:04.386+0200] {dagbag.py:540} INFO - Filling up the DagBag from /home/munya/.local/lib/python3.11/site-packages/airflow/example_dags/tutorial_dag.py
[2024-05-09T14:24:04.399+0200] {processor.py:840} INFO - DAG(s) 'tutorial_dag' retrieved from /home/munya/.local/lib/python3.11/site-packages/airflow/example_dags/tutorial_dag.py
[2024-05-09T14:24:04.438+0200] {logging_mixin.py:188} INFO - [2024-05-09T14:24:04.437+0200] {dag.py:3096} INFO - Sync 1 DAGs
[2024-05-09T14:24:04.466+0200] {logging_mixin.py:188} INFO - [2024-05-09T14:24:04.463+0200] {dag.py:3954} INFO - Setting next_dagrun for tutorial_dag to None, run_after=None
[2024-05-09T14:24:04.510+0200] {processor.py:183} INFO - Processing /home/munya/.local/lib/python3.11/site-packages/airflow/example_dags/tutorial_dag.py took 0.154 seconds
[2024-05-09T14:24:48.314+0200] {processor.py:161} INFO - Started process (PID=330272) to work on /home/munya/.local/lib/python3.11/site-packages/airflow/example_dags/tutorial_dag.py
[2024-05-09T14:24:48.315+0200] {processor.py:830} INFO - Processing file /home/munya/.local/lib/python3.11/site-packages/airflow/example_dags/tutorial_dag.py for tasks to queue
[2024-05-09T14:24:48.318+0200] {logging_mixin.py:188} INFO - [2024-05-09T14:24:48.317+0200] {dagbag.py:540} INFO - Filling up the DagBag from /home/munya/.local/lib/python3.11/site-packages/airflow/example_dags/tutorial_dag.py
[2024-05-09T14:24:48.326+0200] {processor.py:840} INFO - DAG(s) 'tutorial_dag' retrieved from /home/munya/.local/lib/python3.11/site-packages/airflow/example_dags/tutorial_dag.py
[2024-05-09T14:24:48.353+0200] {logging_mixin.py:188} INFO - [2024-05-09T14:24:48.352+0200] {dag.py:3096} INFO - Sync 1 DAGs
[2024-05-09T14:24:48.373+0200] {logging_mixin.py:188} INFO - [2024-05-09T14:24:48.373+0200] {dag.py:3954} INFO - Setting next_dagrun for tutorial_dag to None, run_after=None
[2024-05-09T14:24:48.409+0200] {processor.py:183} INFO - Processing /home/munya/.local/lib/python3.11/site-packages/airflow/example_dags/tutorial_dag.py took 0.111 seconds
[2024-05-09T14:26:07.156+0200] {processor.py:161} INFO - Started process (PID=331240) to work on /home/munya/.local/lib/python3.11/site-packages/airflow/example_dags/tutorial_dag.py
[2024-05-09T14:26:07.158+0200] {processor.py:830} INFO - Processing file /home/munya/.local/lib/python3.11/site-packages/airflow/example_dags/tutorial_dag.py for tasks to queue
[2024-05-09T14:26:07.160+0200] {logging_mixin.py:188} INFO - [2024-05-09T14:26:07.160+0200] {dagbag.py:540} INFO - Filling up the DagBag from /home/munya/.local/lib/python3.11/site-packages/airflow/example_dags/tutorial_dag.py
[2024-05-09T14:26:07.177+0200] {processor.py:840} INFO - DAG(s) 'tutorial_dag' retrieved from /home/munya/.local/lib/python3.11/site-packages/airflow/example_dags/tutorial_dag.py
[2024-05-09T14:26:07.228+0200] {logging_mixin.py:188} INFO - [2024-05-09T14:26:07.228+0200] {dag.py:3096} INFO - Sync 1 DAGs
[2024-05-09T14:26:07.260+0200] {logging_mixin.py:188} INFO - [2024-05-09T14:26:07.260+0200] {dag.py:3954} INFO - Setting next_dagrun for tutorial_dag to None, run_after=None
[2024-05-09T14:26:07.320+0200] {processor.py:183} INFO - Processing /home/munya/.local/lib/python3.11/site-packages/airflow/example_dags/tutorial_dag.py took 0.207 seconds
[2024-05-09T14:26:51.346+0200] {processor.py:161} INFO - Started process (PID=331777) to work on /home/munya/.local/lib/python3.11/site-packages/airflow/example_dags/tutorial_dag.py
[2024-05-09T14:26:51.348+0200] {processor.py:830} INFO - Processing file /home/munya/.local/lib/python3.11/site-packages/airflow/example_dags/tutorial_dag.py for tasks to queue
[2024-05-09T14:26:51.350+0200] {logging_mixin.py:188} INFO - [2024-05-09T14:26:51.349+0200] {dagbag.py:540} INFO - Filling up the DagBag from /home/munya/.local/lib/python3.11/site-packages/airflow/example_dags/tutorial_dag.py
[2024-05-09T14:26:51.362+0200] {processor.py:840} INFO - DAG(s) 'tutorial_dag' retrieved from /home/munya/.local/lib/python3.11/site-packages/airflow/example_dags/tutorial_dag.py
[2024-05-09T14:26:51.418+0200] {logging_mixin.py:188} INFO - [2024-05-09T14:26:51.418+0200] {dag.py:3096} INFO - Sync 1 DAGs
[2024-05-09T14:26:51.439+0200] {logging_mixin.py:188} INFO - [2024-05-09T14:26:51.439+0200] {dag.py:3954} INFO - Setting next_dagrun for tutorial_dag to None, run_after=None
[2024-05-09T14:26:51.472+0200] {processor.py:183} INFO - Processing /home/munya/.local/lib/python3.11/site-packages/airflow/example_dags/tutorial_dag.py took 0.148 seconds
[2024-05-09T14:27:33.213+0200] {processor.py:161} INFO - Started process (PID=332287) to work on /home/munya/.local/lib/python3.11/site-packages/airflow/example_dags/tutorial_dag.py
[2024-05-09T14:27:33.215+0200] {processor.py:830} INFO - Processing file /home/munya/.local/lib/python3.11/site-packages/airflow/example_dags/tutorial_dag.py for tasks to queue
[2024-05-09T14:27:33.217+0200] {logging_mixin.py:188} INFO - [2024-05-09T14:27:33.216+0200] {dagbag.py:540} INFO - Filling up the DagBag from /home/munya/.local/lib/python3.11/site-packages/airflow/example_dags/tutorial_dag.py
[2024-05-09T14:27:33.230+0200] {processor.py:840} INFO - DAG(s) 'tutorial_dag' retrieved from /home/munya/.local/lib/python3.11/site-packages/airflow/example_dags/tutorial_dag.py
[2024-05-09T14:27:33.268+0200] {logging_mixin.py:188} INFO - [2024-05-09T14:27:33.267+0200] {dag.py:3096} INFO - Sync 1 DAGs
[2024-05-09T14:27:33.292+0200] {logging_mixin.py:188} INFO - [2024-05-09T14:27:33.292+0200] {dag.py:3954} INFO - Setting next_dagrun for tutorial_dag to None, run_after=None
[2024-05-09T14:27:33.337+0200] {processor.py:183} INFO - Processing /home/munya/.local/lib/python3.11/site-packages/airflow/example_dags/tutorial_dag.py took 0.148 seconds
[2024-05-09T14:28:17.063+0200] {processor.py:161} INFO - Started process (PID=332910) to work on /home/munya/.local/lib/python3.11/site-packages/airflow/example_dags/tutorial_dag.py
[2024-05-09T14:28:17.066+0200] {processor.py:830} INFO - Processing file /home/munya/.local/lib/python3.11/site-packages/airflow/example_dags/tutorial_dag.py for tasks to queue
[2024-05-09T14:28:17.068+0200] {logging_mixin.py:188} INFO - [2024-05-09T14:28:17.067+0200] {dagbag.py:540} INFO - Filling up the DagBag from /home/munya/.local/lib/python3.11/site-packages/airflow/example_dags/tutorial_dag.py
[2024-05-09T14:28:17.081+0200] {processor.py:840} INFO - DAG(s) 'tutorial_dag' retrieved from /home/munya/.local/lib/python3.11/site-packages/airflow/example_dags/tutorial_dag.py
[2024-05-09T14:28:17.121+0200] {logging_mixin.py:188} INFO - [2024-05-09T14:28:17.120+0200] {dag.py:3096} INFO - Sync 1 DAGs
[2024-05-09T14:28:17.171+0200] {logging_mixin.py:188} INFO - [2024-05-09T14:28:17.171+0200] {dag.py:3954} INFO - Setting next_dagrun for tutorial_dag to None, run_after=None
[2024-05-09T14:28:17.226+0200] {processor.py:183} INFO - Processing /home/munya/.local/lib/python3.11/site-packages/airflow/example_dags/tutorial_dag.py took 0.188 seconds
[2024-05-09T14:28:57.311+0200] {processor.py:161} INFO - Started process (PID=333407) to work on /home/munya/.local/lib/python3.11/site-packages/airflow/example_dags/tutorial_dag.py
[2024-05-09T14:28:57.313+0200] {processor.py:830} INFO - Processing file /home/munya/.local/lib/python3.11/site-packages/airflow/example_dags/tutorial_dag.py for tasks to queue
[2024-05-09T14:28:57.315+0200] {logging_mixin.py:188} INFO - [2024-05-09T14:28:57.314+0200] {dagbag.py:540} INFO - Filling up the DagBag from /home/munya/.local/lib/python3.11/site-packages/airflow/example_dags/tutorial_dag.py
[2024-05-09T14:28:57.325+0200] {processor.py:840} INFO - DAG(s) 'tutorial_dag' retrieved from /home/munya/.local/lib/python3.11/site-packages/airflow/example_dags/tutorial_dag.py
[2024-05-09T14:28:57.360+0200] {logging_mixin.py:188} INFO - [2024-05-09T14:28:57.360+0200] {dag.py:3096} INFO - Sync 1 DAGs
[2024-05-09T14:28:57.384+0200] {logging_mixin.py:188} INFO - [2024-05-09T14:28:57.384+0200] {dag.py:3954} INFO - Setting next_dagrun for tutorial_dag to None, run_after=None
[2024-05-09T14:28:57.427+0200] {processor.py:183} INFO - Processing /home/munya/.local/lib/python3.11/site-packages/airflow/example_dags/tutorial_dag.py took 0.136 seconds
[2024-05-09T14:30:08.946+0200] {processor.py:161} INFO - Started process (PID=334300) to work on /home/munya/.local/lib/python3.11/site-packages/airflow/example_dags/tutorial_dag.py
[2024-05-09T14:30:08.948+0200] {processor.py:830} INFO - Processing file /home/munya/.local/lib/python3.11/site-packages/airflow/example_dags/tutorial_dag.py for tasks to queue
[2024-05-09T14:30:08.950+0200] {logging_mixin.py:188} INFO - [2024-05-09T14:30:08.949+0200] {dagbag.py:540} INFO - Filling up the DagBag from /home/munya/.local/lib/python3.11/site-packages/airflow/example_dags/tutorial_dag.py
[2024-05-09T14:30:08.962+0200] {processor.py:840} INFO - DAG(s) 'tutorial_dag' retrieved from /home/munya/.local/lib/python3.11/site-packages/airflow/example_dags/tutorial_dag.py
[2024-05-09T14:30:08.994+0200] {logging_mixin.py:188} INFO - [2024-05-09T14:30:08.993+0200] {dag.py:3096} INFO - Sync 1 DAGs
[2024-05-09T14:30:09.015+0200] {logging_mixin.py:188} INFO - [2024-05-09T14:30:09.015+0200] {dag.py:3954} INFO - Setting next_dagrun for tutorial_dag to None, run_after=None
[2024-05-09T14:30:09.054+0200] {processor.py:183} INFO - Processing /home/munya/.local/lib/python3.11/site-packages/airflow/example_dags/tutorial_dag.py took 0.131 seconds
[2024-05-09T14:31:19.473+0200] {processor.py:161} INFO - Started process (PID=335231) to work on /home/munya/.local/lib/python3.11/site-packages/airflow/example_dags/tutorial_dag.py
[2024-05-09T14:31:19.474+0200] {processor.py:830} INFO - Processing file /home/munya/.local/lib/python3.11/site-packages/airflow/example_dags/tutorial_dag.py for tasks to queue
[2024-05-09T14:31:19.475+0200] {logging_mixin.py:188} INFO - [2024-05-09T14:31:19.475+0200] {dagbag.py:540} INFO - Filling up the DagBag from /home/munya/.local/lib/python3.11/site-packages/airflow/example_dags/tutorial_dag.py
[2024-05-09T14:31:19.485+0200] {processor.py:840} INFO - DAG(s) 'tutorial_dag' retrieved from /home/munya/.local/lib/python3.11/site-packages/airflow/example_dags/tutorial_dag.py
[2024-05-09T14:31:19.515+0200] {logging_mixin.py:188} INFO - [2024-05-09T14:31:19.515+0200] {dag.py:3096} INFO - Sync 1 DAGs
[2024-05-09T14:31:19.532+0200] {logging_mixin.py:188} INFO - [2024-05-09T14:31:19.532+0200] {dag.py:3954} INFO - Setting next_dagrun for tutorial_dag to None, run_after=None
[2024-05-09T14:31:19.560+0200] {processor.py:183} INFO - Processing /home/munya/.local/lib/python3.11/site-packages/airflow/example_dags/tutorial_dag.py took 0.109 seconds
[2024-05-09T14:32:29.721+0200] {processor.py:161} INFO - Started process (PID=336154) to work on /home/munya/.local/lib/python3.11/site-packages/airflow/example_dags/tutorial_dag.py
[2024-05-09T14:32:29.723+0200] {processor.py:830} INFO - Processing file /home/munya/.local/lib/python3.11/site-packages/airflow/example_dags/tutorial_dag.py for tasks to queue
[2024-05-09T14:32:29.725+0200] {logging_mixin.py:188} INFO - [2024-05-09T14:32:29.724+0200] {dagbag.py:540} INFO - Filling up the DagBag from /home/munya/.local/lib/python3.11/site-packages/airflow/example_dags/tutorial_dag.py
[2024-05-09T14:32:29.735+0200] {processor.py:840} INFO - DAG(s) 'tutorial_dag' retrieved from /home/munya/.local/lib/python3.11/site-packages/airflow/example_dags/tutorial_dag.py
[2024-05-09T14:32:29.765+0200] {logging_mixin.py:188} INFO - [2024-05-09T14:32:29.765+0200] {dag.py:3096} INFO - Sync 1 DAGs
[2024-05-09T14:32:29.786+0200] {logging_mixin.py:188} INFO - [2024-05-09T14:32:29.786+0200] {dag.py:3954} INFO - Setting next_dagrun for tutorial_dag to None, run_after=None
[2024-05-09T14:32:29.824+0200] {processor.py:183} INFO - Processing /home/munya/.local/lib/python3.11/site-packages/airflow/example_dags/tutorial_dag.py took 0.126 seconds
[2024-05-09T14:33:37.618+0200] {processor.py:161} INFO - Started process (PID=336992) to work on /home/munya/.local/lib/python3.11/site-packages/airflow/example_dags/tutorial_dag.py
[2024-05-09T14:33:37.620+0200] {processor.py:830} INFO - Processing file /home/munya/.local/lib/python3.11/site-packages/airflow/example_dags/tutorial_dag.py for tasks to queue
[2024-05-09T14:33:37.621+0200] {logging_mixin.py:188} INFO - [2024-05-09T14:33:37.620+0200] {dagbag.py:540} INFO - Filling up the DagBag from /home/munya/.local/lib/python3.11/site-packages/airflow/example_dags/tutorial_dag.py
[2024-05-09T14:33:37.629+0200] {processor.py:840} INFO - DAG(s) 'tutorial_dag' retrieved from /home/munya/.local/lib/python3.11/site-packages/airflow/example_dags/tutorial_dag.py
[2024-05-09T14:33:37.664+0200] {logging_mixin.py:188} INFO - [2024-05-09T14:33:37.664+0200] {dag.py:3096} INFO - Sync 1 DAGs
[2024-05-09T14:33:37.686+0200] {logging_mixin.py:188} INFO - [2024-05-09T14:33:37.686+0200] {dag.py:3954} INFO - Setting next_dagrun for tutorial_dag to None, run_after=None
[2024-05-09T14:33:37.713+0200] {processor.py:183} INFO - Processing /home/munya/.local/lib/python3.11/site-packages/airflow/example_dags/tutorial_dag.py took 0.112 seconds
[2024-05-09T14:34:53.088+0200] {processor.py:161} INFO - Started process (PID=337937) to work on /home/munya/.local/lib/python3.11/site-packages/airflow/example_dags/tutorial_dag.py
[2024-05-09T14:34:53.092+0200] {processor.py:830} INFO - Processing file /home/munya/.local/lib/python3.11/site-packages/airflow/example_dags/tutorial_dag.py for tasks to queue
[2024-05-09T14:34:53.094+0200] {logging_mixin.py:188} INFO - [2024-05-09T14:34:53.093+0200] {dagbag.py:540} INFO - Filling up the DagBag from /home/munya/.local/lib/python3.11/site-packages/airflow/example_dags/tutorial_dag.py
[2024-05-09T14:34:53.104+0200] {processor.py:840} INFO - DAG(s) 'tutorial_dag' retrieved from /home/munya/.local/lib/python3.11/site-packages/airflow/example_dags/tutorial_dag.py
[2024-05-09T14:34:53.137+0200] {logging_mixin.py:188} INFO - [2024-05-09T14:34:53.136+0200] {dag.py:3096} INFO - Sync 1 DAGs
[2024-05-09T14:34:53.159+0200] {logging_mixin.py:188} INFO - [2024-05-09T14:34:53.159+0200] {dag.py:3954} INFO - Setting next_dagrun for tutorial_dag to None, run_after=None
[2024-05-09T14:34:53.200+0200] {processor.py:183} INFO - Processing /home/munya/.local/lib/python3.11/site-packages/airflow/example_dags/tutorial_dag.py took 0.131 seconds
                                                                                                                                                                                                                                                                                                                                                                                                                                                                                                                                                                                                                                                                                                                                                                                                                                                                                                                                                                                                                                                                                                                                                                                                                                                                                    [2024-05-09T14:42:54.328+0200] {processor.py:161} INFO - Started process (PID=7974) to work on /home/munya/.local/lib/python3.11/site-packages/airflow/example_dags/tutorial_dag.py
[2024-05-09T14:42:54.330+0200] {processor.py:830} INFO - Processing file /home/munya/.local/lib/python3.11/site-packages/airflow/example_dags/tutorial_dag.py for tasks to queue
[2024-05-09T14:42:54.332+0200] {logging_mixin.py:188} INFO - [2024-05-09T14:42:54.332+0200] {dagbag.py:540} INFO - Filling up the DagBag from /home/munya/.local/lib/python3.11/site-packages/airflow/example_dags/tutorial_dag.py
[2024-05-09T14:42:54.342+0200] {processor.py:840} INFO - DAG(s) 'tutorial_dag' retrieved from /home/munya/.local/lib/python3.11/site-packages/airflow/example_dags/tutorial_dag.py
[2024-05-09T14:42:54.351+0200] {logging_mixin.py:188} INFO - [2024-05-09T14:42:54.351+0200] {dag.py:3096} INFO - Sync 1 DAGs
[2024-05-09T14:42:54.366+0200] {logging_mixin.py:188} INFO - [2024-05-09T14:42:54.365+0200] {dag.py:3954} INFO - Setting next_dagrun for tutorial_dag to None, run_after=None
[2024-05-09T14:42:54.393+0200] {processor.py:183} INFO - Processing /home/munya/.local/lib/python3.11/site-packages/airflow/example_dags/tutorial_dag.py took 0.072 seconds
[2024-05-09T14:44:20.188+0200] {processor.py:161} INFO - Started process (PID=9100) to work on /home/munya/.local/lib/python3.11/site-packages/airflow/example_dags/tutorial_dag.py
[2024-05-09T14:44:20.190+0200] {processor.py:830} INFO - Processing file /home/munya/.local/lib/python3.11/site-packages/airflow/example_dags/tutorial_dag.py for tasks to queue
[2024-05-09T14:44:20.193+0200] {logging_mixin.py:188} INFO - [2024-05-09T14:44:20.193+0200] {dagbag.py:540} INFO - Filling up the DagBag from /home/munya/.local/lib/python3.11/site-packages/airflow/example_dags/tutorial_dag.py
[2024-05-09T14:44:20.204+0200] {processor.py:840} INFO - DAG(s) 'tutorial_dag' retrieved from /home/munya/.local/lib/python3.11/site-packages/airflow/example_dags/tutorial_dag.py
[2024-05-09T14:44:20.637+0200] {logging_mixin.py:188} INFO - [2024-05-09T14:44:20.637+0200] {dag.py:3096} INFO - Sync 1 DAGs
[2024-05-09T14:44:20.660+0200] {logging_mixin.py:188} INFO - [2024-05-09T14:44:20.659+0200] {dag.py:3954} INFO - Setting next_dagrun for tutorial_dag to None, run_after=None
[2024-05-09T14:44:20.699+0200] {processor.py:183} INFO - Processing /home/munya/.local/lib/python3.11/site-packages/airflow/example_dags/tutorial_dag.py took 0.524 seconds
[2024-05-09T14:45:12.851+0200] {processor.py:161} INFO - Started process (PID=9839) to work on /home/munya/.local/lib/python3.11/site-packages/airflow/example_dags/tutorial_dag.py
[2024-05-09T14:45:12.854+0200] {processor.py:830} INFO - Processing file /home/munya/.local/lib/python3.11/site-packages/airflow/example_dags/tutorial_dag.py for tasks to queue
[2024-05-09T14:45:12.859+0200] {logging_mixin.py:188} INFO - [2024-05-09T14:45:12.858+0200] {dagbag.py:540} INFO - Filling up the DagBag from /home/munya/.local/lib/python3.11/site-packages/airflow/example_dags/tutorial_dag.py
[2024-05-09T14:45:12.875+0200] {processor.py:840} INFO - DAG(s) 'tutorial_dag' retrieved from /home/munya/.local/lib/python3.11/site-packages/airflow/example_dags/tutorial_dag.py
[2024-05-09T14:45:12.920+0200] {logging_mixin.py:188} INFO - [2024-05-09T14:45:12.920+0200] {dag.py:3096} INFO - Sync 1 DAGs
[2024-05-09T14:45:12.955+0200] {logging_mixin.py:188} INFO - [2024-05-09T14:45:12.954+0200] {dag.py:3954} INFO - Setting next_dagrun for tutorial_dag to None, run_after=None
[2024-05-09T14:45:13.007+0200] {processor.py:183} INFO - Processing /home/munya/.local/lib/python3.11/site-packages/airflow/example_dags/tutorial_dag.py took 0.175 seconds
[2024-05-09T14:46:26.536+0200] {processor.py:161} INFO - Started process (PID=11047) to work on /home/munya/.local/lib/python3.11/site-packages/airflow/example_dags/tutorial_dag.py
[2024-05-09T14:46:26.538+0200] {processor.py:830} INFO - Processing file /home/munya/.local/lib/python3.11/site-packages/airflow/example_dags/tutorial_dag.py for tasks to queue
[2024-05-09T14:46:26.543+0200] {logging_mixin.py:188} INFO - [2024-05-09T14:46:26.542+0200] {dagbag.py:540} INFO - Filling up the DagBag from /home/munya/.local/lib/python3.11/site-packages/airflow/example_dags/tutorial_dag.py
[2024-05-09T14:46:26.553+0200] {processor.py:840} INFO - DAG(s) 'tutorial_dag' retrieved from /home/munya/.local/lib/python3.11/site-packages/airflow/example_dags/tutorial_dag.py
[2024-05-09T14:46:26.583+0200] {logging_mixin.py:188} INFO - [2024-05-09T14:46:26.582+0200] {dag.py:3096} INFO - Sync 1 DAGs
[2024-05-09T14:46:26.606+0200] {logging_mixin.py:188} INFO - [2024-05-09T14:46:26.605+0200] {dag.py:3954} INFO - Setting next_dagrun for tutorial_dag to None, run_after=None
[2024-05-09T14:46:26.636+0200] {processor.py:183} INFO - Processing /home/munya/.local/lib/python3.11/site-packages/airflow/example_dags/tutorial_dag.py took 0.113 seconds
[2024-05-09T14:47:13.187+0200] {processor.py:161} INFO - Started process (PID=11993) to work on /home/munya/.local/lib/python3.11/site-packages/airflow/example_dags/tutorial_dag.py
[2024-05-09T14:47:13.189+0200] {processor.py:830} INFO - Processing file /home/munya/.local/lib/python3.11/site-packages/airflow/example_dags/tutorial_dag.py for tasks to queue
[2024-05-09T14:47:13.193+0200] {logging_mixin.py:188} INFO - [2024-05-09T14:47:13.192+0200] {dagbag.py:540} INFO - Filling up the DagBag from /home/munya/.local/lib/python3.11/site-packages/airflow/example_dags/tutorial_dag.py
[2024-05-09T14:47:13.204+0200] {processor.py:840} INFO - DAG(s) 'tutorial_dag' retrieved from /home/munya/.local/lib/python3.11/site-packages/airflow/example_dags/tutorial_dag.py
[2024-05-09T14:47:13.237+0200] {logging_mixin.py:188} INFO - [2024-05-09T14:47:13.237+0200] {dag.py:3096} INFO - Sync 1 DAGs
[2024-05-09T14:47:13.262+0200] {logging_mixin.py:188} INFO - [2024-05-09T14:47:13.262+0200] {dag.py:3954} INFO - Setting next_dagrun for tutorial_dag to None, run_after=None
[2024-05-09T14:47:13.300+0200] {processor.py:183} INFO - Processing /home/munya/.local/lib/python3.11/site-packages/airflow/example_dags/tutorial_dag.py took 0.126 seconds
[2024-05-09T14:47:56.545+0200] {processor.py:161} INFO - Started process (PID=12550) to work on /home/munya/.local/lib/python3.11/site-packages/airflow/example_dags/tutorial_dag.py
[2024-05-09T14:47:56.547+0200] {processor.py:830} INFO - Processing file /home/munya/.local/lib/python3.11/site-packages/airflow/example_dags/tutorial_dag.py for tasks to queue
[2024-05-09T14:47:56.551+0200] {logging_mixin.py:188} INFO - [2024-05-09T14:47:56.550+0200] {dagbag.py:540} INFO - Filling up the DagBag from /home/munya/.local/lib/python3.11/site-packages/airflow/example_dags/tutorial_dag.py
[2024-05-09T14:47:56.562+0200] {processor.py:840} INFO - DAG(s) 'tutorial_dag' retrieved from /home/munya/.local/lib/python3.11/site-packages/airflow/example_dags/tutorial_dag.py
[2024-05-09T14:47:56.593+0200] {logging_mixin.py:188} INFO - [2024-05-09T14:47:56.593+0200] {dag.py:3096} INFO - Sync 1 DAGs
[2024-05-09T14:47:56.616+0200] {logging_mixin.py:188} INFO - [2024-05-09T14:47:56.616+0200] {dag.py:3954} INFO - Setting next_dagrun for tutorial_dag to None, run_after=None
[2024-05-09T14:47:56.654+0200] {processor.py:183} INFO - Processing /home/munya/.local/lib/python3.11/site-packages/airflow/example_dags/tutorial_dag.py took 0.122 seconds
[2024-05-09T14:49:03.327+0200] {processor.py:161} INFO - Started process (PID=13431) to work on /home/munya/.local/lib/python3.11/site-packages/airflow/example_dags/tutorial_dag.py
[2024-05-09T14:49:03.328+0200] {processor.py:830} INFO - Processing file /home/munya/.local/lib/python3.11/site-packages/airflow/example_dags/tutorial_dag.py for tasks to queue
[2024-05-09T14:49:03.331+0200] {logging_mixin.py:188} INFO - [2024-05-09T14:49:03.331+0200] {dagbag.py:540} INFO - Filling up the DagBag from /home/munya/.local/lib/python3.11/site-packages/airflow/example_dags/tutorial_dag.py
[2024-05-09T14:49:03.338+0200] {processor.py:840} INFO - DAG(s) 'tutorial_dag' retrieved from /home/munya/.local/lib/python3.11/site-packages/airflow/example_dags/tutorial_dag.py
[2024-05-09T14:49:03.357+0200] {logging_mixin.py:188} INFO - [2024-05-09T14:49:03.357+0200] {dag.py:3096} INFO - Sync 1 DAGs
[2024-05-09T14:49:03.373+0200] {logging_mixin.py:188} INFO - [2024-05-09T14:49:03.372+0200] {dag.py:3954} INFO - Setting next_dagrun for tutorial_dag to None, run_after=None
[2024-05-09T14:49:03.401+0200] {processor.py:183} INFO - Processing /home/munya/.local/lib/python3.11/site-packages/airflow/example_dags/tutorial_dag.py took 0.082 seconds
[2024-05-09T14:50:11.353+0200] {processor.py:161} INFO - Started process (PID=14271) to work on /home/munya/.local/lib/python3.11/site-packages/airflow/example_dags/tutorial_dag.py
[2024-05-09T14:50:11.354+0200] {processor.py:830} INFO - Processing file /home/munya/.local/lib/python3.11/site-packages/airflow/example_dags/tutorial_dag.py for tasks to queue
[2024-05-09T14:50:11.357+0200] {logging_mixin.py:188} INFO - [2024-05-09T14:50:11.357+0200] {dagbag.py:540} INFO - Filling up the DagBag from /home/munya/.local/lib/python3.11/site-packages/airflow/example_dags/tutorial_dag.py
[2024-05-09T14:50:11.364+0200] {processor.py:840} INFO - DAG(s) 'tutorial_dag' retrieved from /home/munya/.local/lib/python3.11/site-packages/airflow/example_dags/tutorial_dag.py
[2024-05-09T14:50:11.390+0200] {logging_mixin.py:188} INFO - [2024-05-09T14:50:11.390+0200] {dag.py:3096} INFO - Sync 1 DAGs
[2024-05-09T14:50:11.410+0200] {logging_mixin.py:188} INFO - [2024-05-09T14:50:11.410+0200] {dag.py:3954} INFO - Setting next_dagrun for tutorial_dag to None, run_after=None
[2024-05-09T14:50:11.435+0200] {processor.py:183} INFO - Processing /home/munya/.local/lib/python3.11/site-packages/airflow/example_dags/tutorial_dag.py took 0.090 seconds
[2024-05-09T14:51:24.577+0200] {processor.py:161} INFO - Started process (PID=15232) to work on /home/munya/.local/lib/python3.11/site-packages/airflow/example_dags/tutorial_dag.py
[2024-05-09T14:51:24.579+0200] {processor.py:830} INFO - Processing file /home/munya/.local/lib/python3.11/site-packages/airflow/example_dags/tutorial_dag.py for tasks to queue
[2024-05-09T14:51:24.588+0200] {logging_mixin.py:188} INFO - [2024-05-09T14:51:24.586+0200] {dagbag.py:540} INFO - Filling up the DagBag from /home/munya/.local/lib/python3.11/site-packages/airflow/example_dags/tutorial_dag.py
[2024-05-09T14:51:24.604+0200] {processor.py:840} INFO - DAG(s) 'tutorial_dag' retrieved from /home/munya/.local/lib/python3.11/site-packages/airflow/example_dags/tutorial_dag.py
[2024-05-09T14:51:24.651+0200] {logging_mixin.py:188} INFO - [2024-05-09T14:51:24.650+0200] {dag.py:3096} INFO - Sync 1 DAGs
[2024-05-09T14:51:24.685+0200] {logging_mixin.py:188} INFO - [2024-05-09T14:51:24.685+0200] {dag.py:3954} INFO - Setting next_dagrun for tutorial_dag to None, run_after=None
[2024-05-09T14:51:24.717+0200] {processor.py:183} INFO - Processing /home/munya/.local/lib/python3.11/site-packages/airflow/example_dags/tutorial_dag.py took 0.160 seconds
[2024-05-09T14:52:43.381+0200] {processor.py:161} INFO - Started process (PID=16178) to work on /home/munya/.local/lib/python3.11/site-packages/airflow/example_dags/tutorial_dag.py
[2024-05-09T14:52:43.383+0200] {processor.py:830} INFO - Processing file /home/munya/.local/lib/python3.11/site-packages/airflow/example_dags/tutorial_dag.py for tasks to queue
[2024-05-09T14:52:43.388+0200] {logging_mixin.py:188} INFO - [2024-05-09T14:52:43.387+0200] {dagbag.py:540} INFO - Filling up the DagBag from /home/munya/.local/lib/python3.11/site-packages/airflow/example_dags/tutorial_dag.py
[2024-05-09T14:52:43.399+0200] {processor.py:840} INFO - DAG(s) 'tutorial_dag' retrieved from /home/munya/.local/lib/python3.11/site-packages/airflow/example_dags/tutorial_dag.py
[2024-05-09T14:52:43.430+0200] {logging_mixin.py:188} INFO - [2024-05-09T14:52:43.429+0200] {dag.py:3096} INFO - Sync 1 DAGs
[2024-05-09T14:52:43.453+0200] {logging_mixin.py:188} INFO - [2024-05-09T14:52:43.452+0200] {dag.py:3954} INFO - Setting next_dagrun for tutorial_dag to None, run_after=None
[2024-05-09T14:52:43.495+0200] {processor.py:183} INFO - Processing /home/munya/.local/lib/python3.11/site-packages/airflow/example_dags/tutorial_dag.py took 0.130 seconds
[2024-05-09T14:54:05.245+0200] {processor.py:161} INFO - Started process (PID=17175) to work on /home/munya/.local/lib/python3.11/site-packages/airflow/example_dags/tutorial_dag.py
[2024-05-09T14:54:05.247+0200] {processor.py:830} INFO - Processing file /home/munya/.local/lib/python3.11/site-packages/airflow/example_dags/tutorial_dag.py for tasks to queue
[2024-05-09T14:54:05.252+0200] {logging_mixin.py:188} INFO - [2024-05-09T14:54:05.251+0200] {dagbag.py:540} INFO - Filling up the DagBag from /home/munya/.local/lib/python3.11/site-packages/airflow/example_dags/tutorial_dag.py
[2024-05-09T14:54:05.272+0200] {processor.py:840} INFO - DAG(s) 'tutorial_dag' retrieved from /home/munya/.local/lib/python3.11/site-packages/airflow/example_dags/tutorial_dag.py
[2024-05-09T14:54:05.319+0200] {logging_mixin.py:188} INFO - [2024-05-09T14:54:05.318+0200] {dag.py:3096} INFO - Sync 1 DAGs
[2024-05-09T14:54:05.349+0200] {logging_mixin.py:188} INFO - [2024-05-09T14:54:05.349+0200] {dag.py:3954} INFO - Setting next_dagrun for tutorial_dag to None, run_after=None
[2024-05-09T14:54:05.382+0200] {processor.py:183} INFO - Processing /home/munya/.local/lib/python3.11/site-packages/airflow/example_dags/tutorial_dag.py took 0.154 seconds
[2024-05-09T14:55:26.474+0200] {processor.py:161} INFO - Started process (PID=18152) to work on /home/munya/.local/lib/python3.11/site-packages/airflow/example_dags/tutorial_dag.py
[2024-05-09T14:55:26.476+0200] {processor.py:830} INFO - Processing file /home/munya/.local/lib/python3.11/site-packages/airflow/example_dags/tutorial_dag.py for tasks to queue
[2024-05-09T14:55:26.479+0200] {logging_mixin.py:188} INFO - [2024-05-09T14:55:26.478+0200] {dagbag.py:540} INFO - Filling up the DagBag from /home/munya/.local/lib/python3.11/site-packages/airflow/example_dags/tutorial_dag.py
[2024-05-09T14:55:26.489+0200] {processor.py:840} INFO - DAG(s) 'tutorial_dag' retrieved from /home/munya/.local/lib/python3.11/site-packages/airflow/example_dags/tutorial_dag.py
[2024-05-09T14:55:26.514+0200] {logging_mixin.py:188} INFO - [2024-05-09T14:55:26.513+0200] {dag.py:3096} INFO - Sync 1 DAGs
[2024-05-09T14:55:26.532+0200] {logging_mixin.py:188} INFO - [2024-05-09T14:55:26.531+0200] {dag.py:3954} INFO - Setting next_dagrun for tutorial_dag to None, run_after=None
[2024-05-09T14:55:26.563+0200] {processor.py:183} INFO - Processing /home/munya/.local/lib/python3.11/site-packages/airflow/example_dags/tutorial_dag.py took 0.099 seconds
[2024-05-09T14:56:47.203+0200] {processor.py:161} INFO - Started process (PID=19115) to work on /home/munya/.local/lib/python3.11/site-packages/airflow/example_dags/tutorial_dag.py
[2024-05-09T14:56:47.205+0200] {processor.py:830} INFO - Processing file /home/munya/.local/lib/python3.11/site-packages/airflow/example_dags/tutorial_dag.py for tasks to queue
[2024-05-09T14:56:47.208+0200] {logging_mixin.py:188} INFO - [2024-05-09T14:56:47.207+0200] {dagbag.py:540} INFO - Filling up the DagBag from /home/munya/.local/lib/python3.11/site-packages/airflow/example_dags/tutorial_dag.py
[2024-05-09T14:56:47.218+0200] {processor.py:840} INFO - DAG(s) 'tutorial_dag' retrieved from /home/munya/.local/lib/python3.11/site-packages/airflow/example_dags/tutorial_dag.py
[2024-05-09T14:56:47.243+0200] {logging_mixin.py:188} INFO - [2024-05-09T14:56:47.243+0200] {dag.py:3096} INFO - Sync 1 DAGs
[2024-05-09T14:56:47.262+0200] {logging_mixin.py:188} INFO - [2024-05-09T14:56:47.262+0200] {dag.py:3954} INFO - Setting next_dagrun for tutorial_dag to None, run_after=None
[2024-05-09T14:56:47.307+0200] {processor.py:183} INFO - Processing /home/munya/.local/lib/python3.11/site-packages/airflow/example_dags/tutorial_dag.py took 0.114 seconds
[2024-05-09T14:57:30.922+0200] {processor.py:161} INFO - Started process (PID=20077) to work on /home/munya/.local/lib/python3.11/site-packages/airflow/example_dags/tutorial_dag.py
[2024-05-09T14:57:30.925+0200] {processor.py:830} INFO - Processing file /home/munya/.local/lib/python3.11/site-packages/airflow/example_dags/tutorial_dag.py for tasks to queue
[2024-05-09T14:57:30.932+0200] {logging_mixin.py:188} INFO - [2024-05-09T14:57:30.931+0200] {dagbag.py:540} INFO - Filling up the DagBag from /home/munya/.local/lib/python3.11/site-packages/airflow/example_dags/tutorial_dag.py
[2024-05-09T14:57:30.951+0200] {processor.py:840} INFO - DAG(s) 'tutorial_dag' retrieved from /home/munya/.local/lib/python3.11/site-packages/airflow/example_dags/tutorial_dag.py
[2024-05-09T14:57:31.011+0200] {logging_mixin.py:188} INFO - [2024-05-09T14:57:31.010+0200] {dag.py:3096} INFO - Sync 1 DAGs
[2024-05-09T14:57:31.036+0200] {logging_mixin.py:188} INFO - [2024-05-09T14:57:31.036+0200] {dag.py:3954} INFO - Setting next_dagrun for tutorial_dag to None, run_after=None
[2024-05-09T14:57:31.071+0200] {processor.py:183} INFO - Processing /home/munya/.local/lib/python3.11/site-packages/airflow/example_dags/tutorial_dag.py took 0.171 seconds
[2024-05-09T14:58:12.577+0200] {processor.py:161} INFO - Started process (PID=20603) to work on /home/munya/.local/lib/python3.11/site-packages/airflow/example_dags/tutorial_dag.py
[2024-05-09T14:58:12.579+0200] {processor.py:830} INFO - Processing file /home/munya/.local/lib/python3.11/site-packages/airflow/example_dags/tutorial_dag.py for tasks to queue
[2024-05-09T14:58:12.583+0200] {logging_mixin.py:188} INFO - [2024-05-09T14:58:12.582+0200] {dagbag.py:540} INFO - Filling up the DagBag from /home/munya/.local/lib/python3.11/site-packages/airflow/example_dags/tutorial_dag.py
[2024-05-09T14:58:12.595+0200] {processor.py:840} INFO - DAG(s) 'tutorial_dag' retrieved from /home/munya/.local/lib/python3.11/site-packages/airflow/example_dags/tutorial_dag.py
[2024-05-09T14:58:12.625+0200] {logging_mixin.py:188} INFO - [2024-05-09T14:58:12.624+0200] {dag.py:3096} INFO - Sync 1 DAGs
[2024-05-09T14:58:12.648+0200] {logging_mixin.py:188} INFO - [2024-05-09T14:58:12.647+0200] {dag.py:3954} INFO - Setting next_dagrun for tutorial_dag to None, run_after=None
[2024-05-09T14:58:12.690+0200] {processor.py:183} INFO - Processing /home/munya/.local/lib/python3.11/site-packages/airflow/example_dags/tutorial_dag.py took 0.127 seconds
[2024-05-09T14:58:52.383+0200] {processor.py:161} INFO - Started process (PID=21101) to work on /home/munya/.local/lib/python3.11/site-packages/airflow/example_dags/tutorial_dag.py
[2024-05-09T14:58:52.385+0200] {processor.py:830} INFO - Processing file /home/munya/.local/lib/python3.11/site-packages/airflow/example_dags/tutorial_dag.py for tasks to queue
[2024-05-09T14:58:52.391+0200] {logging_mixin.py:188} INFO - [2024-05-09T14:58:52.390+0200] {dagbag.py:540} INFO - Filling up the DagBag from /home/munya/.local/lib/python3.11/site-packages/airflow/example_dags/tutorial_dag.py
[2024-05-09T14:58:52.407+0200] {processor.py:840} INFO - DAG(s) 'tutorial_dag' retrieved from /home/munya/.local/lib/python3.11/site-packages/airflow/example_dags/tutorial_dag.py
[2024-05-09T14:58:52.454+0200] {logging_mixin.py:188} INFO - [2024-05-09T14:58:52.453+0200] {dag.py:3096} INFO - Sync 1 DAGs
[2024-05-09T14:58:52.480+0200] {logging_mixin.py:188} INFO - [2024-05-09T14:58:52.479+0200] {dag.py:3954} INFO - Setting next_dagrun for tutorial_dag to None, run_after=None
[2024-05-09T14:58:52.507+0200] {processor.py:183} INFO - Processing /home/munya/.local/lib/python3.11/site-packages/airflow/example_dags/tutorial_dag.py took 0.145 seconds
[2024-05-09T14:59:35.796+0200] {processor.py:161} INFO - Started process (PID=21634) to work on /home/munya/.local/lib/python3.11/site-packages/airflow/example_dags/tutorial_dag.py
[2024-05-09T14:59:35.799+0200] {processor.py:830} INFO - Processing file /home/munya/.local/lib/python3.11/site-packages/airflow/example_dags/tutorial_dag.py for tasks to queue
[2024-05-09T14:59:35.805+0200] {logging_mixin.py:188} INFO - [2024-05-09T14:59:35.804+0200] {dagbag.py:540} INFO - Filling up the DagBag from /home/munya/.local/lib/python3.11/site-packages/airflow/example_dags/tutorial_dag.py
[2024-05-09T14:59:35.825+0200] {processor.py:840} INFO - DAG(s) 'tutorial_dag' retrieved from /home/munya/.local/lib/python3.11/site-packages/airflow/example_dags/tutorial_dag.py
[2024-05-09T14:59:35.873+0200] {logging_mixin.py:188} INFO - [2024-05-09T14:59:35.873+0200] {dag.py:3096} INFO - Sync 1 DAGs
[2024-05-09T14:59:35.892+0200] {logging_mixin.py:188} INFO - [2024-05-09T14:59:35.892+0200] {dag.py:3954} INFO - Setting next_dagrun for tutorial_dag to None, run_after=None
[2024-05-09T14:59:35.921+0200] {processor.py:183} INFO - Processing /home/munya/.local/lib/python3.11/site-packages/airflow/example_dags/tutorial_dag.py took 0.145 seconds
[2024-05-09T15:00:40.686+0200] {processor.py:161} INFO - Started process (PID=22463) to work on /home/munya/.local/lib/python3.11/site-packages/airflow/example_dags/tutorial_dag.py
[2024-05-09T15:00:40.688+0200] {processor.py:830} INFO - Processing file /home/munya/.local/lib/python3.11/site-packages/airflow/example_dags/tutorial_dag.py for tasks to queue
[2024-05-09T15:00:40.691+0200] {logging_mixin.py:188} INFO - [2024-05-09T15:00:40.690+0200] {dagbag.py:540} INFO - Filling up the DagBag from /home/munya/.local/lib/python3.11/site-packages/airflow/example_dags/tutorial_dag.py
[2024-05-09T15:00:40.700+0200] {processor.py:840} INFO - DAG(s) 'tutorial_dag' retrieved from /home/munya/.local/lib/python3.11/site-packages/airflow/example_dags/tutorial_dag.py
[2024-05-09T15:00:40.726+0200] {logging_mixin.py:188} INFO - [2024-05-09T15:00:40.726+0200] {dag.py:3096} INFO - Sync 1 DAGs
[2024-05-09T15:00:40.745+0200] {logging_mixin.py:188} INFO - [2024-05-09T15:00:40.745+0200] {dag.py:3954} INFO - Setting next_dagrun for tutorial_dag to None, run_after=None
[2024-05-09T15:00:40.776+0200] {processor.py:183} INFO - Processing /home/munya/.local/lib/python3.11/site-packages/airflow/example_dags/tutorial_dag.py took 0.100 seconds
[2024-05-09T15:01:41.156+0200] {processor.py:161} INFO - Started process (PID=23212) to work on /home/munya/.local/lib/python3.11/site-packages/airflow/example_dags/tutorial_dag.py
[2024-05-09T15:01:41.159+0200] {processor.py:830} INFO - Processing file /home/munya/.local/lib/python3.11/site-packages/airflow/example_dags/tutorial_dag.py for tasks to queue
[2024-05-09T15:01:41.165+0200] {logging_mixin.py:188} INFO - [2024-05-09T15:01:41.164+0200] {dagbag.py:540} INFO - Filling up the DagBag from /home/munya/.local/lib/python3.11/site-packages/airflow/example_dags/tutorial_dag.py
[2024-05-09T15:01:41.189+0200] {processor.py:840} INFO - DAG(s) 'tutorial_dag' retrieved from /home/munya/.local/lib/python3.11/site-packages/airflow/example_dags/tutorial_dag.py
[2024-05-09T15:01:41.226+0200] {logging_mixin.py:188} INFO - [2024-05-09T15:01:41.226+0200] {dag.py:3096} INFO - Sync 1 DAGs
[2024-05-09T15:01:41.252+0200] {logging_mixin.py:188} INFO - [2024-05-09T15:01:41.251+0200] {dag.py:3954} INFO - Setting next_dagrun for tutorial_dag to None, run_after=None
[2024-05-09T15:01:41.287+0200] {processor.py:183} INFO - Processing /home/munya/.local/lib/python3.11/site-packages/airflow/example_dags/tutorial_dag.py took 0.150 seconds
[2024-05-09T15:02:57.944+0200] {processor.py:161} INFO - Started process (PID=24179) to work on /home/munya/.local/lib/python3.11/site-packages/airflow/example_dags/tutorial_dag.py
[2024-05-09T15:02:57.946+0200] {processor.py:830} INFO - Processing file /home/munya/.local/lib/python3.11/site-packages/airflow/example_dags/tutorial_dag.py for tasks to queue
[2024-05-09T15:02:57.951+0200] {logging_mixin.py:188} INFO - [2024-05-09T15:02:57.950+0200] {dagbag.py:540} INFO - Filling up the DagBag from /home/munya/.local/lib/python3.11/site-packages/airflow/example_dags/tutorial_dag.py
[2024-05-09T15:02:57.964+0200] {processor.py:840} INFO - DAG(s) 'tutorial_dag' retrieved from /home/munya/.local/lib/python3.11/site-packages/airflow/example_dags/tutorial_dag.py
[2024-05-09T15:02:57.998+0200] {logging_mixin.py:188} INFO - [2024-05-09T15:02:57.998+0200] {dag.py:3096} INFO - Sync 1 DAGs
[2024-05-09T15:02:58.021+0200] {logging_mixin.py:188} INFO - [2024-05-09T15:02:58.021+0200] {dag.py:3954} INFO - Setting next_dagrun for tutorial_dag to None, run_after=None
[2024-05-09T15:02:58.057+0200] {processor.py:183} INFO - Processing /home/munya/.local/lib/python3.11/site-packages/airflow/example_dags/tutorial_dag.py took 0.124 seconds
[2024-05-09T15:04:15.183+0200] {processor.py:161} INFO - Started process (PID=25137) to work on /home/munya/.local/lib/python3.11/site-packages/airflow/example_dags/tutorial_dag.py
[2024-05-09T15:04:15.184+0200] {processor.py:830} INFO - Processing file /home/munya/.local/lib/python3.11/site-packages/airflow/example_dags/tutorial_dag.py for tasks to queue
[2024-05-09T15:04:15.187+0200] {logging_mixin.py:188} INFO - [2024-05-09T15:04:15.187+0200] {dagbag.py:540} INFO - Filling up the DagBag from /home/munya/.local/lib/python3.11/site-packages/airflow/example_dags/tutorial_dag.py
[2024-05-09T15:04:15.197+0200] {processor.py:840} INFO - DAG(s) 'tutorial_dag' retrieved from /home/munya/.local/lib/python3.11/site-packages/airflow/example_dags/tutorial_dag.py
[2024-05-09T15:04:15.220+0200] {logging_mixin.py:188} INFO - [2024-05-09T15:04:15.220+0200] {dag.py:3096} INFO - Sync 1 DAGs
[2024-05-09T15:04:15.239+0200] {logging_mixin.py:188} INFO - [2024-05-09T15:04:15.238+0200] {dag.py:3954} INFO - Setting next_dagrun for tutorial_dag to None, run_after=None
[2024-05-09T15:04:15.275+0200] {processor.py:183} INFO - Processing /home/munya/.local/lib/python3.11/site-packages/airflow/example_dags/tutorial_dag.py took 0.103 seconds
[2024-05-09T15:05:31.181+0200] {processor.py:161} INFO - Started process (PID=26124) to work on /home/munya/.local/lib/python3.11/site-packages/airflow/example_dags/tutorial_dag.py
[2024-05-09T15:05:31.184+0200] {processor.py:830} INFO - Processing file /home/munya/.local/lib/python3.11/site-packages/airflow/example_dags/tutorial_dag.py for tasks to queue
[2024-05-09T15:05:31.188+0200] {logging_mixin.py:188} INFO - [2024-05-09T15:05:31.187+0200] {dagbag.py:540} INFO - Filling up the DagBag from /home/munya/.local/lib/python3.11/site-packages/airflow/example_dags/tutorial_dag.py
[2024-05-09T15:05:31.198+0200] {processor.py:840} INFO - DAG(s) 'tutorial_dag' retrieved from /home/munya/.local/lib/python3.11/site-packages/airflow/example_dags/tutorial_dag.py
[2024-05-09T15:05:31.222+0200] {logging_mixin.py:188} INFO - [2024-05-09T15:05:31.222+0200] {dag.py:3096} INFO - Sync 1 DAGs
[2024-05-09T15:05:31.240+0200] {logging_mixin.py:188} INFO - [2024-05-09T15:05:31.239+0200] {dag.py:3954} INFO - Setting next_dagrun for tutorial_dag to None, run_after=None
[2024-05-09T15:05:31.268+0200] {processor.py:183} INFO - Processing /home/munya/.local/lib/python3.11/site-packages/airflow/example_dags/tutorial_dag.py took 0.104 seconds
[2024-05-09T15:06:50.191+0200] {processor.py:161} INFO - Started process (PID=27143) to work on /home/munya/.local/lib/python3.11/site-packages/airflow/example_dags/tutorial_dag.py
[2024-05-09T15:06:50.194+0200] {processor.py:830} INFO - Processing file /home/munya/.local/lib/python3.11/site-packages/airflow/example_dags/tutorial_dag.py for tasks to queue
[2024-05-09T15:06:50.200+0200] {logging_mixin.py:188} INFO - [2024-05-09T15:06:50.199+0200] {dagbag.py:540} INFO - Filling up the DagBag from /home/munya/.local/lib/python3.11/site-packages/airflow/example_dags/tutorial_dag.py
[2024-05-09T15:06:50.219+0200] {processor.py:840} INFO - DAG(s) 'tutorial_dag' retrieved from /home/munya/.local/lib/python3.11/site-packages/airflow/example_dags/tutorial_dag.py
[2024-05-09T15:06:50.272+0200] {logging_mixin.py:188} INFO - [2024-05-09T15:06:50.271+0200] {dag.py:3096} INFO - Sync 1 DAGs
[2024-05-09T15:06:50.311+0200] {logging_mixin.py:188} INFO - [2024-05-09T15:06:50.310+0200] {dag.py:3954} INFO - Setting next_dagrun for tutorial_dag to None, run_after=None
[2024-05-09T15:06:50.374+0200] {processor.py:183} INFO - Processing /home/munya/.local/lib/python3.11/site-packages/airflow/example_dags/tutorial_dag.py took 0.205 seconds
[2024-05-09T15:07:31.630+0200] {processor.py:161} INFO - Started process (PID=27644) to work on /home/munya/.local/lib/python3.11/site-packages/airflow/example_dags/tutorial_dag.py
[2024-05-09T15:07:31.633+0200] {processor.py:830} INFO - Processing file /home/munya/.local/lib/python3.11/site-packages/airflow/example_dags/tutorial_dag.py for tasks to queue
[2024-05-09T15:07:31.640+0200] {logging_mixin.py:188} INFO - [2024-05-09T15:07:31.639+0200] {dagbag.py:540} INFO - Filling up the DagBag from /home/munya/.local/lib/python3.11/site-packages/airflow/example_dags/tutorial_dag.py
[2024-05-09T15:07:31.661+0200] {processor.py:840} INFO - DAG(s) 'tutorial_dag' retrieved from /home/munya/.local/lib/python3.11/site-packages/airflow/example_dags/tutorial_dag.py
[2024-05-09T15:07:31.715+0200] {logging_mixin.py:188} INFO - [2024-05-09T15:07:31.715+0200] {dag.py:3096} INFO - Sync 1 DAGs
[2024-05-09T15:07:31.744+0200] {logging_mixin.py:188} INFO - [2024-05-09T15:07:31.744+0200] {dag.py:3954} INFO - Setting next_dagrun for tutorial_dag to None, run_after=None
[2024-05-09T15:07:31.775+0200] {processor.py:183} INFO - Processing /home/munya/.local/lib/python3.11/site-packages/airflow/example_dags/tutorial_dag.py took 0.175 seconds
[2024-05-09T15:08:48.106+0200] {processor.py:161} INFO - Started process (PID=28607) to work on /home/munya/.local/lib/python3.11/site-packages/airflow/example_dags/tutorial_dag.py
[2024-05-09T15:08:48.108+0200] {processor.py:830} INFO - Processing file /home/munya/.local/lib/python3.11/site-packages/airflow/example_dags/tutorial_dag.py for tasks to queue
[2024-05-09T15:08:48.110+0200] {logging_mixin.py:188} INFO - [2024-05-09T15:08:48.110+0200] {dagbag.py:540} INFO - Filling up the DagBag from /home/munya/.local/lib/python3.11/site-packages/airflow/example_dags/tutorial_dag.py
[2024-05-09T15:08:48.119+0200] {processor.py:840} INFO - DAG(s) 'tutorial_dag' retrieved from /home/munya/.local/lib/python3.11/site-packages/airflow/example_dags/tutorial_dag.py
[2024-05-09T15:08:48.141+0200] {logging_mixin.py:188} INFO - [2024-05-09T15:08:48.141+0200] {dag.py:3096} INFO - Sync 1 DAGs
[2024-05-09T15:08:48.159+0200] {logging_mixin.py:188} INFO - [2024-05-09T15:08:48.158+0200] {dag.py:3954} INFO - Setting next_dagrun for tutorial_dag to None, run_after=None
[2024-05-09T15:08:48.186+0200] {processor.py:183} INFO - Processing /home/munya/.local/lib/python3.11/site-packages/airflow/example_dags/tutorial_dag.py took 0.088 seconds
[2024-05-09T15:09:28.919+0200] {processor.py:161} INFO - Started process (PID=29149) to work on /home/munya/.local/lib/python3.11/site-packages/airflow/example_dags/tutorial_dag.py
[2024-05-09T15:09:28.920+0200] {processor.py:830} INFO - Processing file /home/munya/.local/lib/python3.11/site-packages/airflow/example_dags/tutorial_dag.py for tasks to queue
[2024-05-09T15:09:28.924+0200] {logging_mixin.py:188} INFO - [2024-05-09T15:09:28.923+0200] {dagbag.py:540} INFO - Filling up the DagBag from /home/munya/.local/lib/python3.11/site-packages/airflow/example_dags/tutorial_dag.py
[2024-05-09T15:09:28.935+0200] {processor.py:840} INFO - DAG(s) 'tutorial_dag' retrieved from /home/munya/.local/lib/python3.11/site-packages/airflow/example_dags/tutorial_dag.py
[2024-05-09T15:09:28.968+0200] {logging_mixin.py:188} INFO - [2024-05-09T15:09:28.967+0200] {dag.py:3096} INFO - Sync 1 DAGs
[2024-05-09T15:09:28.993+0200] {logging_mixin.py:188} INFO - [2024-05-09T15:09:28.993+0200] {dag.py:3954} INFO - Setting next_dagrun for tutorial_dag to None, run_after=None
[2024-05-09T15:09:29.041+0200] {processor.py:183} INFO - Processing /home/munya/.local/lib/python3.11/site-packages/airflow/example_dags/tutorial_dag.py took 0.134 seconds
[2024-05-09T15:10:36.260+0200] {processor.py:161} INFO - Started process (PID=29999) to work on /home/munya/.local/lib/python3.11/site-packages/airflow/example_dags/tutorial_dag.py
[2024-05-09T15:10:36.261+0200] {processor.py:830} INFO - Processing file /home/munya/.local/lib/python3.11/site-packages/airflow/example_dags/tutorial_dag.py for tasks to queue
[2024-05-09T15:10:36.263+0200] {logging_mixin.py:188} INFO - [2024-05-09T15:10:36.263+0200] {dagbag.py:540} INFO - Filling up the DagBag from /home/munya/.local/lib/python3.11/site-packages/airflow/example_dags/tutorial_dag.py
[2024-05-09T15:10:36.271+0200] {processor.py:840} INFO - DAG(s) 'tutorial_dag' retrieved from /home/munya/.local/lib/python3.11/site-packages/airflow/example_dags/tutorial_dag.py
[2024-05-09T15:10:36.291+0200] {logging_mixin.py:188} INFO - [2024-05-09T15:10:36.290+0200] {dag.py:3096} INFO - Sync 1 DAGs
[2024-05-09T15:10:36.309+0200] {logging_mixin.py:188} INFO - [2024-05-09T15:10:36.309+0200] {dag.py:3954} INFO - Setting next_dagrun for tutorial_dag to None, run_after=None
[2024-05-09T15:10:36.342+0200] {processor.py:183} INFO - Processing /home/munya/.local/lib/python3.11/site-packages/airflow/example_dags/tutorial_dag.py took 0.090 seconds
[2024-05-09T15:11:44.304+0200] {processor.py:161} INFO - Started process (PID=30847) to work on /home/munya/.local/lib/python3.11/site-packages/airflow/example_dags/tutorial_dag.py
[2024-05-09T15:11:44.305+0200] {processor.py:830} INFO - Processing file /home/munya/.local/lib/python3.11/site-packages/airflow/example_dags/tutorial_dag.py for tasks to queue
[2024-05-09T15:11:44.308+0200] {logging_mixin.py:188} INFO - [2024-05-09T15:11:44.308+0200] {dagbag.py:540} INFO - Filling up the DagBag from /home/munya/.local/lib/python3.11/site-packages/airflow/example_dags/tutorial_dag.py
[2024-05-09T15:11:44.319+0200] {processor.py:840} INFO - DAG(s) 'tutorial_dag' retrieved from /home/munya/.local/lib/python3.11/site-packages/airflow/example_dags/tutorial_dag.py
[2024-05-09T15:11:44.352+0200] {logging_mixin.py:188} INFO - [2024-05-09T15:11:44.352+0200] {dag.py:3096} INFO - Sync 1 DAGs
[2024-05-09T15:11:44.372+0200] {logging_mixin.py:188} INFO - [2024-05-09T15:11:44.371+0200] {dag.py:3954} INFO - Setting next_dagrun for tutorial_dag to None, run_after=None
[2024-05-09T15:11:44.410+0200] {processor.py:183} INFO - Processing /home/munya/.local/lib/python3.11/site-packages/airflow/example_dags/tutorial_dag.py took 0.117 seconds
[2024-05-09T15:12:55.474+0200] {processor.py:161} INFO - Started process (PID=31739) to work on /home/munya/.local/lib/python3.11/site-packages/airflow/example_dags/tutorial_dag.py
[2024-05-09T15:12:55.476+0200] {processor.py:830} INFO - Processing file /home/munya/.local/lib/python3.11/site-packages/airflow/example_dags/tutorial_dag.py for tasks to queue
[2024-05-09T15:12:55.479+0200] {logging_mixin.py:188} INFO - [2024-05-09T15:12:55.478+0200] {dagbag.py:540} INFO - Filling up the DagBag from /home/munya/.local/lib/python3.11/site-packages/airflow/example_dags/tutorial_dag.py
[2024-05-09T15:12:55.488+0200] {processor.py:840} INFO - DAG(s) 'tutorial_dag' retrieved from /home/munya/.local/lib/python3.11/site-packages/airflow/example_dags/tutorial_dag.py
[2024-05-09T15:12:55.507+0200] {logging_mixin.py:188} INFO - [2024-05-09T15:12:55.507+0200] {dag.py:3096} INFO - Sync 1 DAGs
[2024-05-09T15:12:55.522+0200] {logging_mixin.py:188} INFO - [2024-05-09T15:12:55.521+0200] {dag.py:3954} INFO - Setting next_dagrun for tutorial_dag to None, run_after=None
[2024-05-09T15:12:55.545+0200] {processor.py:183} INFO - Processing /home/munya/.local/lib/python3.11/site-packages/airflow/example_dags/tutorial_dag.py took 0.078 seconds
[2024-05-09T15:14:04.482+0200] {processor.py:161} INFO - Started process (PID=32613) to work on /home/munya/.local/lib/python3.11/site-packages/airflow/example_dags/tutorial_dag.py
[2024-05-09T15:14:04.483+0200] {processor.py:830} INFO - Processing file /home/munya/.local/lib/python3.11/site-packages/airflow/example_dags/tutorial_dag.py for tasks to queue
[2024-05-09T15:14:04.486+0200] {logging_mixin.py:188} INFO - [2024-05-09T15:14:04.485+0200] {dagbag.py:540} INFO - Filling up the DagBag from /home/munya/.local/lib/python3.11/site-packages/airflow/example_dags/tutorial_dag.py
[2024-05-09T15:14:04.496+0200] {processor.py:840} INFO - DAG(s) 'tutorial_dag' retrieved from /home/munya/.local/lib/python3.11/site-packages/airflow/example_dags/tutorial_dag.py
[2024-05-09T15:14:04.522+0200] {logging_mixin.py:188} INFO - [2024-05-09T15:14:04.522+0200] {dag.py:3096} INFO - Sync 1 DAGs
[2024-05-09T15:14:04.542+0200] {logging_mixin.py:188} INFO - [2024-05-09T15:14:04.542+0200] {dag.py:3954} INFO - Setting next_dagrun for tutorial_dag to None, run_after=None
[2024-05-09T15:14:04.580+0200] {processor.py:183} INFO - Processing /home/munya/.local/lib/python3.11/site-packages/airflow/example_dags/tutorial_dag.py took 0.108 seconds
[2024-05-09T15:14:46.187+0200] {processor.py:161} INFO - Started process (PID=33145) to work on /home/munya/.local/lib/python3.11/site-packages/airflow/example_dags/tutorial_dag.py
[2024-05-09T15:14:46.189+0200] {processor.py:830} INFO - Processing file /home/munya/.local/lib/python3.11/site-packages/airflow/example_dags/tutorial_dag.py for tasks to queue
[2024-05-09T15:14:46.193+0200] {logging_mixin.py:188} INFO - [2024-05-09T15:14:46.192+0200] {dagbag.py:540} INFO - Filling up the DagBag from /home/munya/.local/lib/python3.11/site-packages/airflow/example_dags/tutorial_dag.py
[2024-05-09T15:14:46.205+0200] {processor.py:840} INFO - DAG(s) 'tutorial_dag' retrieved from /home/munya/.local/lib/python3.11/site-packages/airflow/example_dags/tutorial_dag.py
[2024-05-09T15:14:46.248+0200] {logging_mixin.py:188} INFO - [2024-05-09T15:14:46.247+0200] {dag.py:3096} INFO - Sync 1 DAGs
[2024-05-09T15:14:46.275+0200] {logging_mixin.py:188} INFO - [2024-05-09T15:14:46.275+0200] {dag.py:3954} INFO - Setting next_dagrun for tutorial_dag to None, run_after=None
[2024-05-09T15:14:46.318+0200] {processor.py:183} INFO - Processing /home/munya/.local/lib/python3.11/site-packages/airflow/example_dags/tutorial_dag.py took 0.145 seconds
[2024-05-09T15:15:49.991+0200] {processor.py:161} INFO - Started process (PID=34150) to work on /home/munya/.local/lib/python3.11/site-packages/airflow/example_dags/tutorial_dag.py
[2024-05-09T15:15:49.992+0200] {processor.py:830} INFO - Processing file /home/munya/.local/lib/python3.11/site-packages/airflow/example_dags/tutorial_dag.py for tasks to queue
[2024-05-09T15:15:49.995+0200] {logging_mixin.py:188} INFO - [2024-05-09T15:15:49.994+0200] {dagbag.py:540} INFO - Filling up the DagBag from /home/munya/.local/lib/python3.11/site-packages/airflow/example_dags/tutorial_dag.py
[2024-05-09T15:15:50.001+0200] {processor.py:840} INFO - DAG(s) 'tutorial_dag' retrieved from /home/munya/.local/lib/python3.11/site-packages/airflow/example_dags/tutorial_dag.py
[2024-05-09T15:15:50.016+0200] {logging_mixin.py:188} INFO - [2024-05-09T15:15:50.016+0200] {dag.py:3096} INFO - Sync 1 DAGs
[2024-05-09T15:15:50.027+0200] {logging_mixin.py:188} INFO - [2024-05-09T15:15:50.026+0200] {dag.py:3954} INFO - Setting next_dagrun for tutorial_dag to None, run_after=None
[2024-05-09T15:15:50.044+0200] {processor.py:183} INFO - Processing /home/munya/.local/lib/python3.11/site-packages/airflow/example_dags/tutorial_dag.py took 0.060 seconds
[2024-05-09T15:16:49.019+0200] {processor.py:161} INFO - Started process (PID=34913) to work on /home/munya/.local/lib/python3.11/site-packages/airflow/example_dags/tutorial_dag.py
[2024-05-09T15:16:49.019+0200] {processor.py:830} INFO - Processing file /home/munya/.local/lib/python3.11/site-packages/airflow/example_dags/tutorial_dag.py for tasks to queue
[2024-05-09T15:16:49.021+0200] {logging_mixin.py:188} INFO - [2024-05-09T15:16:49.021+0200] {dagbag.py:540} INFO - Filling up the DagBag from /home/munya/.local/lib/python3.11/site-packages/airflow/example_dags/tutorial_dag.py
[2024-05-09T15:16:49.026+0200] {processor.py:840} INFO - DAG(s) 'tutorial_dag' retrieved from /home/munya/.local/lib/python3.11/site-packages/airflow/example_dags/tutorial_dag.py
[2024-05-09T15:16:49.040+0200] {logging_mixin.py:188} INFO - [2024-05-09T15:16:49.039+0200] {dag.py:3096} INFO - Sync 1 DAGs
[2024-05-09T15:16:49.049+0200] {logging_mixin.py:188} INFO - [2024-05-09T15:16:49.049+0200] {dag.py:3954} INFO - Setting next_dagrun for tutorial_dag to None, run_after=None
[2024-05-09T15:16:49.066+0200] {processor.py:183} INFO - Processing /home/munya/.local/lib/python3.11/site-packages/airflow/example_dags/tutorial_dag.py took 0.053 seconds
[2024-05-09T15:17:53.466+0200] {processor.py:161} INFO - Started process (PID=35742) to work on /home/munya/.local/lib/python3.11/site-packages/airflow/example_dags/tutorial_dag.py
[2024-05-09T15:17:53.467+0200] {processor.py:830} INFO - Processing file /home/munya/.local/lib/python3.11/site-packages/airflow/example_dags/tutorial_dag.py for tasks to queue
[2024-05-09T15:17:53.469+0200] {logging_mixin.py:188} INFO - [2024-05-09T15:17:53.468+0200] {dagbag.py:540} INFO - Filling up the DagBag from /home/munya/.local/lib/python3.11/site-packages/airflow/example_dags/tutorial_dag.py
[2024-05-09T15:17:53.474+0200] {processor.py:840} INFO - DAG(s) 'tutorial_dag' retrieved from /home/munya/.local/lib/python3.11/site-packages/airflow/example_dags/tutorial_dag.py
[2024-05-09T15:17:53.488+0200] {logging_mixin.py:188} INFO - [2024-05-09T15:17:53.487+0200] {dag.py:3096} INFO - Sync 1 DAGs
[2024-05-09T15:17:53.498+0200] {logging_mixin.py:188} INFO - [2024-05-09T15:17:53.498+0200] {dag.py:3954} INFO - Setting next_dagrun for tutorial_dag to None, run_after=None
[2024-05-09T15:17:53.519+0200] {processor.py:183} INFO - Processing /home/munya/.local/lib/python3.11/site-packages/airflow/example_dags/tutorial_dag.py took 0.059 seconds
[2024-05-09T15:18:53.608+0200] {processor.py:161} INFO - Started process (PID=36473) to work on /home/munya/.local/lib/python3.11/site-packages/airflow/example_dags/tutorial_dag.py
[2024-05-09T15:18:53.609+0200] {processor.py:830} INFO - Processing file /home/munya/.local/lib/python3.11/site-packages/airflow/example_dags/tutorial_dag.py for tasks to queue
[2024-05-09T15:18:53.610+0200] {logging_mixin.py:188} INFO - [2024-05-09T15:18:53.610+0200] {dagbag.py:540} INFO - Filling up the DagBag from /home/munya/.local/lib/python3.11/site-packages/airflow/example_dags/tutorial_dag.py
[2024-05-09T15:18:53.616+0200] {processor.py:840} INFO - DAG(s) 'tutorial_dag' retrieved from /home/munya/.local/lib/python3.11/site-packages/airflow/example_dags/tutorial_dag.py
[2024-05-09T15:18:53.629+0200] {logging_mixin.py:188} INFO - [2024-05-09T15:18:53.628+0200] {dag.py:3096} INFO - Sync 1 DAGs
[2024-05-09T15:18:53.638+0200] {logging_mixin.py:188} INFO - [2024-05-09T15:18:53.638+0200] {dag.py:3954} INFO - Setting next_dagrun for tutorial_dag to None, run_after=None
[2024-05-09T15:18:53.653+0200] {processor.py:183} INFO - Processing /home/munya/.local/lib/python3.11/site-packages/airflow/example_dags/tutorial_dag.py took 0.052 seconds
[2024-05-09T15:20:02.051+0200] {processor.py:161} INFO - Started process (PID=37331) to work on /home/munya/.local/lib/python3.11/site-packages/airflow/example_dags/tutorial_dag.py
[2024-05-09T15:20:02.052+0200] {processor.py:830} INFO - Processing file /home/munya/.local/lib/python3.11/site-packages/airflow/example_dags/tutorial_dag.py for tasks to queue
[2024-05-09T15:20:02.053+0200] {logging_mixin.py:188} INFO - [2024-05-09T15:20:02.053+0200] {dagbag.py:540} INFO - Filling up the DagBag from /home/munya/.local/lib/python3.11/site-packages/airflow/example_dags/tutorial_dag.py
[2024-05-09T15:20:02.060+0200] {processor.py:840} INFO - DAG(s) 'tutorial_dag' retrieved from /home/munya/.local/lib/python3.11/site-packages/airflow/example_dags/tutorial_dag.py
[2024-05-09T15:20:02.077+0200] {logging_mixin.py:188} INFO - [2024-05-09T15:20:02.076+0200] {dag.py:3096} INFO - Sync 1 DAGs
[2024-05-09T15:20:02.088+0200] {logging_mixin.py:188} INFO - [2024-05-09T15:20:02.088+0200] {dag.py:3954} INFO - Setting next_dagrun for tutorial_dag to None, run_after=None
[2024-05-09T15:20:02.108+0200] {processor.py:183} INFO - Processing /home/munya/.local/lib/python3.11/site-packages/airflow/example_dags/tutorial_dag.py took 0.064 seconds
[2024-05-09T15:21:08.631+0200] {processor.py:161} INFO - Started process (PID=38178) to work on /home/munya/.local/lib/python3.11/site-packages/airflow/example_dags/tutorial_dag.py
[2024-05-09T15:21:08.632+0200] {processor.py:830} INFO - Processing file /home/munya/.local/lib/python3.11/site-packages/airflow/example_dags/tutorial_dag.py for tasks to queue
[2024-05-09T15:21:08.634+0200] {logging_mixin.py:188} INFO - [2024-05-09T15:21:08.634+0200] {dagbag.py:540} INFO - Filling up the DagBag from /home/munya/.local/lib/python3.11/site-packages/airflow/example_dags/tutorial_dag.py
[2024-05-09T15:21:08.640+0200] {processor.py:840} INFO - DAG(s) 'tutorial_dag' retrieved from /home/munya/.local/lib/python3.11/site-packages/airflow/example_dags/tutorial_dag.py
[2024-05-09T15:21:08.655+0200] {logging_mixin.py:188} INFO - [2024-05-09T15:21:08.655+0200] {dag.py:3096} INFO - Sync 1 DAGs
[2024-05-09T15:21:08.665+0200] {logging_mixin.py:188} INFO - [2024-05-09T15:21:08.665+0200] {dag.py:3954} INFO - Setting next_dagrun for tutorial_dag to None, run_after=None
[2024-05-09T15:21:08.682+0200] {processor.py:183} INFO - Processing /home/munya/.local/lib/python3.11/site-packages/airflow/example_dags/tutorial_dag.py took 0.056 seconds
[2024-05-09T15:22:13.139+0200] {processor.py:161} INFO - Started process (PID=39023) to work on /home/munya/.local/lib/python3.11/site-packages/airflow/example_dags/tutorial_dag.py
[2024-05-09T15:22:13.142+0200] {processor.py:830} INFO - Processing file /home/munya/.local/lib/python3.11/site-packages/airflow/example_dags/tutorial_dag.py for tasks to queue
[2024-05-09T15:22:13.147+0200] {logging_mixin.py:188} INFO - [2024-05-09T15:22:13.146+0200] {dagbag.py:540} INFO - Filling up the DagBag from /home/munya/.local/lib/python3.11/site-packages/airflow/example_dags/tutorial_dag.py
[2024-05-09T15:22:13.168+0200] {processor.py:840} INFO - DAG(s) 'tutorial_dag' retrieved from /home/munya/.local/lib/python3.11/site-packages/airflow/example_dags/tutorial_dag.py
[2024-05-09T15:22:13.225+0200] {logging_mixin.py:188} INFO - [2024-05-09T15:22:13.224+0200] {dag.py:3096} INFO - Sync 1 DAGs
[2024-05-09T15:22:13.262+0200] {logging_mixin.py:188} INFO - [2024-05-09T15:22:13.262+0200] {dag.py:3954} INFO - Setting next_dagrun for tutorial_dag to None, run_after=None
[2024-05-09T15:22:13.321+0200] {processor.py:183} INFO - Processing /home/munya/.local/lib/python3.11/site-packages/airflow/example_dags/tutorial_dag.py took 0.201 seconds
[2024-05-09T15:23:21.769+0200] {processor.py:161} INFO - Started process (PID=40052) to work on /home/munya/.local/lib/python3.11/site-packages/airflow/example_dags/tutorial_dag.py
[2024-05-09T15:23:21.770+0200] {processor.py:830} INFO - Processing file /home/munya/.local/lib/python3.11/site-packages/airflow/example_dags/tutorial_dag.py for tasks to queue
[2024-05-09T15:23:21.772+0200] {logging_mixin.py:188} INFO - [2024-05-09T15:23:21.772+0200] {dagbag.py:540} INFO - Filling up the DagBag from /home/munya/.local/lib/python3.11/site-packages/airflow/example_dags/tutorial_dag.py
[2024-05-09T15:23:21.778+0200] {processor.py:840} INFO - DAG(s) 'tutorial_dag' retrieved from /home/munya/.local/lib/python3.11/site-packages/airflow/example_dags/tutorial_dag.py
[2024-05-09T15:23:21.793+0200] {logging_mixin.py:188} INFO - [2024-05-09T15:23:21.793+0200] {dag.py:3096} INFO - Sync 1 DAGs
[2024-05-09T15:23:21.806+0200] {logging_mixin.py:188} INFO - [2024-05-09T15:23:21.805+0200] {dag.py:3954} INFO - Setting next_dagrun for tutorial_dag to None, run_after=None
[2024-05-09T15:23:21.827+0200] {processor.py:183} INFO - Processing /home/munya/.local/lib/python3.11/site-packages/airflow/example_dags/tutorial_dag.py took 0.064 seconds
[2024-05-09T15:24:24.899+0200] {processor.py:161} INFO - Started process (PID=40825) to work on /home/munya/.local/lib/python3.11/site-packages/airflow/example_dags/tutorial_dag.py
[2024-05-09T15:24:24.900+0200] {processor.py:830} INFO - Processing file /home/munya/.local/lib/python3.11/site-packages/airflow/example_dags/tutorial_dag.py for tasks to queue
[2024-05-09T15:24:24.902+0200] {logging_mixin.py:188} INFO - [2024-05-09T15:24:24.902+0200] {dagbag.py:540} INFO - Filling up the DagBag from /home/munya/.local/lib/python3.11/site-packages/airflow/example_dags/tutorial_dag.py
[2024-05-09T15:24:24.908+0200] {processor.py:840} INFO - DAG(s) 'tutorial_dag' retrieved from /home/munya/.local/lib/python3.11/site-packages/airflow/example_dags/tutorial_dag.py
[2024-05-09T15:24:24.923+0200] {logging_mixin.py:188} INFO - [2024-05-09T15:24:24.923+0200] {dag.py:3096} INFO - Sync 1 DAGs
[2024-05-09T15:24:24.934+0200] {logging_mixin.py:188} INFO - [2024-05-09T15:24:24.934+0200] {dag.py:3954} INFO - Setting next_dagrun for tutorial_dag to None, run_after=None
[2024-05-09T15:24:24.955+0200] {processor.py:183} INFO - Processing /home/munya/.local/lib/python3.11/site-packages/airflow/example_dags/tutorial_dag.py took 0.062 seconds
[2024-05-09T15:25:21.982+0200] {processor.py:161} INFO - Started process (PID=41559) to work on /home/munya/.local/lib/python3.11/site-packages/airflow/example_dags/tutorial_dag.py
[2024-05-09T15:25:21.983+0200] {processor.py:830} INFO - Processing file /home/munya/.local/lib/python3.11/site-packages/airflow/example_dags/tutorial_dag.py for tasks to queue
[2024-05-09T15:25:21.985+0200] {logging_mixin.py:188} INFO - [2024-05-09T15:25:21.985+0200] {dagbag.py:540} INFO - Filling up the DagBag from /home/munya/.local/lib/python3.11/site-packages/airflow/example_dags/tutorial_dag.py
[2024-05-09T15:25:21.992+0200] {processor.py:840} INFO - DAG(s) 'tutorial_dag' retrieved from /home/munya/.local/lib/python3.11/site-packages/airflow/example_dags/tutorial_dag.py
[2024-05-09T15:25:22.007+0200] {logging_mixin.py:188} INFO - [2024-05-09T15:25:22.007+0200] {dag.py:3096} INFO - Sync 1 DAGs
[2024-05-09T15:25:22.018+0200] {logging_mixin.py:188} INFO - [2024-05-09T15:25:22.018+0200] {dag.py:3954} INFO - Setting next_dagrun for tutorial_dag to None, run_after=None
[2024-05-09T15:25:22.035+0200] {processor.py:183} INFO - Processing /home/munya/.local/lib/python3.11/site-packages/airflow/example_dags/tutorial_dag.py took 0.059 seconds
[2024-05-09T15:26:21.861+0200] {processor.py:161} INFO - Started process (PID=42318) to work on /home/munya/.local/lib/python3.11/site-packages/airflow/example_dags/tutorial_dag.py
[2024-05-09T15:26:21.862+0200] {processor.py:830} INFO - Processing file /home/munya/.local/lib/python3.11/site-packages/airflow/example_dags/tutorial_dag.py for tasks to queue
[2024-05-09T15:26:21.864+0200] {logging_mixin.py:188} INFO - [2024-05-09T15:26:21.863+0200] {dagbag.py:540} INFO - Filling up the DagBag from /home/munya/.local/lib/python3.11/site-packages/airflow/example_dags/tutorial_dag.py
[2024-05-09T15:26:21.869+0200] {processor.py:840} INFO - DAG(s) 'tutorial_dag' retrieved from /home/munya/.local/lib/python3.11/site-packages/airflow/example_dags/tutorial_dag.py
[2024-05-09T15:26:21.884+0200] {logging_mixin.py:188} INFO - [2024-05-09T15:26:21.884+0200] {dag.py:3096} INFO - Sync 1 DAGs
[2024-05-09T15:26:21.894+0200] {logging_mixin.py:188} INFO - [2024-05-09T15:26:21.894+0200] {dag.py:3954} INFO - Setting next_dagrun for tutorial_dag to None, run_after=None
[2024-05-09T15:26:21.911+0200] {processor.py:183} INFO - Processing /home/munya/.local/lib/python3.11/site-packages/airflow/example_dags/tutorial_dag.py took 0.055 seconds
[2024-05-09T15:27:28.872+0200] {processor.py:161} INFO - Started process (PID=43139) to work on /home/munya/.local/lib/python3.11/site-packages/airflow/example_dags/tutorial_dag.py
[2024-05-09T15:27:28.873+0200] {processor.py:830} INFO - Processing file /home/munya/.local/lib/python3.11/site-packages/airflow/example_dags/tutorial_dag.py for tasks to queue
[2024-05-09T15:27:28.875+0200] {logging_mixin.py:188} INFO - [2024-05-09T15:27:28.875+0200] {dagbag.py:540} INFO - Filling up the DagBag from /home/munya/.local/lib/python3.11/site-packages/airflow/example_dags/tutorial_dag.py
[2024-05-09T15:27:28.880+0200] {processor.py:840} INFO - DAG(s) 'tutorial_dag' retrieved from /home/munya/.local/lib/python3.11/site-packages/airflow/example_dags/tutorial_dag.py
[2024-05-09T15:27:28.894+0200] {logging_mixin.py:188} INFO - [2024-05-09T15:27:28.894+0200] {dag.py:3096} INFO - Sync 1 DAGs
[2024-05-09T15:27:28.904+0200] {logging_mixin.py:188} INFO - [2024-05-09T15:27:28.904+0200] {dag.py:3954} INFO - Setting next_dagrun for tutorial_dag to None, run_after=None
[2024-05-09T15:27:28.919+0200] {processor.py:183} INFO - Processing /home/munya/.local/lib/python3.11/site-packages/airflow/example_dags/tutorial_dag.py took 0.052 seconds
[2024-05-09T15:28:31.411+0200] {processor.py:161} INFO - Started process (PID=43949) to work on /home/munya/.local/lib/python3.11/site-packages/airflow/example_dags/tutorial_dag.py
[2024-05-09T15:28:31.412+0200] {processor.py:830} INFO - Processing file /home/munya/.local/lib/python3.11/site-packages/airflow/example_dags/tutorial_dag.py for tasks to queue
[2024-05-09T15:28:31.414+0200] {logging_mixin.py:188} INFO - [2024-05-09T15:28:31.413+0200] {dagbag.py:540} INFO - Filling up the DagBag from /home/munya/.local/lib/python3.11/site-packages/airflow/example_dags/tutorial_dag.py
[2024-05-09T15:28:31.420+0200] {processor.py:840} INFO - DAG(s) 'tutorial_dag' retrieved from /home/munya/.local/lib/python3.11/site-packages/airflow/example_dags/tutorial_dag.py
[2024-05-09T15:28:31.434+0200] {logging_mixin.py:188} INFO - [2024-05-09T15:28:31.434+0200] {dag.py:3096} INFO - Sync 1 DAGs
[2024-05-09T15:28:31.444+0200] {logging_mixin.py:188} INFO - [2024-05-09T15:28:31.444+0200] {dag.py:3954} INFO - Setting next_dagrun for tutorial_dag to None, run_after=None
[2024-05-09T15:28:31.462+0200] {processor.py:183} INFO - Processing /home/munya/.local/lib/python3.11/site-packages/airflow/example_dags/tutorial_dag.py took 0.056 seconds
[2024-05-09T15:29:27.374+0200] {processor.py:161} INFO - Started process (PID=44643) to work on /home/munya/.local/lib/python3.11/site-packages/airflow/example_dags/tutorial_dag.py
[2024-05-09T15:29:27.376+0200] {processor.py:830} INFO - Processing file /home/munya/.local/lib/python3.11/site-packages/airflow/example_dags/tutorial_dag.py for tasks to queue
[2024-05-09T15:29:27.378+0200] {logging_mixin.py:188} INFO - [2024-05-09T15:29:27.378+0200] {dagbag.py:540} INFO - Filling up the DagBag from /home/munya/.local/lib/python3.11/site-packages/airflow/example_dags/tutorial_dag.py
[2024-05-09T15:29:27.387+0200] {processor.py:840} INFO - DAG(s) 'tutorial_dag' retrieved from /home/munya/.local/lib/python3.11/site-packages/airflow/example_dags/tutorial_dag.py
[2024-05-09T15:29:27.408+0200] {logging_mixin.py:188} INFO - [2024-05-09T15:29:27.408+0200] {dag.py:3096} INFO - Sync 1 DAGs
[2024-05-09T15:29:27.426+0200] {logging_mixin.py:188} INFO - [2024-05-09T15:29:27.426+0200] {dag.py:3954} INFO - Setting next_dagrun for tutorial_dag to None, run_after=None
[2024-05-09T15:29:27.465+0200] {processor.py:183} INFO - Processing /home/munya/.local/lib/python3.11/site-packages/airflow/example_dags/tutorial_dag.py took 0.100 seconds
[2024-05-09T15:30:26.500+0200] {processor.py:161} INFO - Started process (PID=45352) to work on /home/munya/.local/lib/python3.11/site-packages/airflow/example_dags/tutorial_dag.py
[2024-05-09T15:30:26.501+0200] {processor.py:830} INFO - Processing file /home/munya/.local/lib/python3.11/site-packages/airflow/example_dags/tutorial_dag.py for tasks to queue
[2024-05-09T15:30:26.503+0200] {logging_mixin.py:188} INFO - [2024-05-09T15:30:26.503+0200] {dagbag.py:540} INFO - Filling up the DagBag from /home/munya/.local/lib/python3.11/site-packages/airflow/example_dags/tutorial_dag.py
[2024-05-09T15:30:26.509+0200] {processor.py:840} INFO - DAG(s) 'tutorial_dag' retrieved from /home/munya/.local/lib/python3.11/site-packages/airflow/example_dags/tutorial_dag.py
[2024-05-09T15:30:26.524+0200] {logging_mixin.py:188} INFO - [2024-05-09T15:30:26.524+0200] {dag.py:3096} INFO - Sync 1 DAGs
[2024-05-09T15:30:26.536+0200] {logging_mixin.py:188} INFO - [2024-05-09T15:30:26.536+0200] {dag.py:3954} INFO - Setting next_dagrun for tutorial_dag to None, run_after=None
[2024-05-09T15:30:26.555+0200] {processor.py:183} INFO - Processing /home/munya/.local/lib/python3.11/site-packages/airflow/example_dags/tutorial_dag.py took 0.060 seconds
[2024-05-09T15:31:19.197+0200] {processor.py:161} INFO - Started process (PID=46021) to work on /home/munya/.local/lib/python3.11/site-packages/airflow/example_dags/tutorial_dag.py
[2024-05-09T15:31:19.198+0200] {processor.py:830} INFO - Processing file /home/munya/.local/lib/python3.11/site-packages/airflow/example_dags/tutorial_dag.py for tasks to queue
[2024-05-09T15:31:19.200+0200] {logging_mixin.py:188} INFO - [2024-05-09T15:31:19.200+0200] {dagbag.py:540} INFO - Filling up the DagBag from /home/munya/.local/lib/python3.11/site-packages/airflow/example_dags/tutorial_dag.py
[2024-05-09T15:31:19.206+0200] {processor.py:840} INFO - DAG(s) 'tutorial_dag' retrieved from /home/munya/.local/lib/python3.11/site-packages/airflow/example_dags/tutorial_dag.py
[2024-05-09T15:31:19.220+0200] {logging_mixin.py:188} INFO - [2024-05-09T15:31:19.220+0200] {dag.py:3096} INFO - Sync 1 DAGs
[2024-05-09T15:31:19.231+0200] {logging_mixin.py:188} INFO - [2024-05-09T15:31:19.230+0200] {dag.py:3954} INFO - Setting next_dagrun for tutorial_dag to None, run_after=None
[2024-05-09T15:31:19.248+0200] {processor.py:183} INFO - Processing /home/munya/.local/lib/python3.11/site-packages/airflow/example_dags/tutorial_dag.py took 0.057 seconds
[2024-05-09T15:32:14.147+0200] {processor.py:161} INFO - Started process (PID=46681) to work on /home/munya/.local/lib/python3.11/site-packages/airflow/example_dags/tutorial_dag.py
[2024-05-09T15:32:14.148+0200] {processor.py:830} INFO - Processing file /home/munya/.local/lib/python3.11/site-packages/airflow/example_dags/tutorial_dag.py for tasks to queue
[2024-05-09T15:32:14.150+0200] {logging_mixin.py:188} INFO - [2024-05-09T15:32:14.150+0200] {dagbag.py:540} INFO - Filling up the DagBag from /home/munya/.local/lib/python3.11/site-packages/airflow/example_dags/tutorial_dag.py
[2024-05-09T15:32:14.156+0200] {processor.py:840} INFO - DAG(s) 'tutorial_dag' retrieved from /home/munya/.local/lib/python3.11/site-packages/airflow/example_dags/tutorial_dag.py
[2024-05-09T15:32:14.169+0200] {logging_mixin.py:188} INFO - [2024-05-09T15:32:14.169+0200] {dag.py:3096} INFO - Sync 1 DAGs
[2024-05-09T15:32:14.180+0200] {logging_mixin.py:188} INFO - [2024-05-09T15:32:14.180+0200] {dag.py:3954} INFO - Setting next_dagrun for tutorial_dag to None, run_after=None
[2024-05-09T15:32:14.201+0200] {processor.py:183} INFO - Processing /home/munya/.local/lib/python3.11/site-packages/airflow/example_dags/tutorial_dag.py took 0.059 seconds
[2024-05-09T15:33:12.429+0200] {processor.py:161} INFO - Started process (PID=47424) to work on /home/munya/.local/lib/python3.11/site-packages/airflow/example_dags/tutorial_dag.py
[2024-05-09T15:33:12.430+0200] {processor.py:830} INFO - Processing file /home/munya/.local/lib/python3.11/site-packages/airflow/example_dags/tutorial_dag.py for tasks to queue
[2024-05-09T15:33:12.432+0200] {logging_mixin.py:188} INFO - [2024-05-09T15:33:12.432+0200] {dagbag.py:540} INFO - Filling up the DagBag from /home/munya/.local/lib/python3.11/site-packages/airflow/example_dags/tutorial_dag.py
[2024-05-09T15:33:12.437+0200] {processor.py:840} INFO - DAG(s) 'tutorial_dag' retrieved from /home/munya/.local/lib/python3.11/site-packages/airflow/example_dags/tutorial_dag.py
[2024-05-09T15:33:12.450+0200] {logging_mixin.py:188} INFO - [2024-05-09T15:33:12.450+0200] {dag.py:3096} INFO - Sync 1 DAGs
[2024-05-09T15:33:12.459+0200] {logging_mixin.py:188} INFO - [2024-05-09T15:33:12.459+0200] {dag.py:3954} INFO - Setting next_dagrun for tutorial_dag to None, run_after=None
[2024-05-09T15:33:12.475+0200] {processor.py:183} INFO - Processing /home/munya/.local/lib/python3.11/site-packages/airflow/example_dags/tutorial_dag.py took 0.051 seconds
[2024-05-09T15:34:20.487+0200] {processor.py:161} INFO - Started process (PID=48251) to work on /home/munya/.local/lib/python3.11/site-packages/airflow/example_dags/tutorial_dag.py
[2024-05-09T15:34:20.488+0200] {processor.py:830} INFO - Processing file /home/munya/.local/lib/python3.11/site-packages/airflow/example_dags/tutorial_dag.py for tasks to queue
[2024-05-09T15:34:20.489+0200] {logging_mixin.py:188} INFO - [2024-05-09T15:34:20.489+0200] {dagbag.py:540} INFO - Filling up the DagBag from /home/munya/.local/lib/python3.11/site-packages/airflow/example_dags/tutorial_dag.py
[2024-05-09T15:34:20.495+0200] {processor.py:840} INFO - DAG(s) 'tutorial_dag' retrieved from /home/munya/.local/lib/python3.11/site-packages/airflow/example_dags/tutorial_dag.py
[2024-05-09T15:34:20.509+0200] {logging_mixin.py:188} INFO - [2024-05-09T15:34:20.509+0200] {dag.py:3096} INFO - Sync 1 DAGs
[2024-05-09T15:34:20.520+0200] {logging_mixin.py:188} INFO - [2024-05-09T15:34:20.520+0200] {dag.py:3954} INFO - Setting next_dagrun for tutorial_dag to None, run_after=None
[2024-05-09T15:34:20.537+0200] {processor.py:183} INFO - Processing /home/munya/.local/lib/python3.11/site-packages/airflow/example_dags/tutorial_dag.py took 0.057 seconds
[2024-05-09T15:35:18.556+0200] {processor.py:161} INFO - Started process (PID=49040) to work on /home/munya/.local/lib/python3.11/site-packages/airflow/example_dags/tutorial_dag.py
[2024-05-09T15:35:18.557+0200] {processor.py:830} INFO - Processing file /home/munya/.local/lib/python3.11/site-packages/airflow/example_dags/tutorial_dag.py for tasks to queue
[2024-05-09T15:35:18.559+0200] {logging_mixin.py:188} INFO - [2024-05-09T15:35:18.559+0200] {dagbag.py:540} INFO - Filling up the DagBag from /home/munya/.local/lib/python3.11/site-packages/airflow/example_dags/tutorial_dag.py
[2024-05-09T15:35:18.564+0200] {processor.py:840} INFO - DAG(s) 'tutorial_dag' retrieved from /home/munya/.local/lib/python3.11/site-packages/airflow/example_dags/tutorial_dag.py
[2024-05-09T15:35:18.579+0200] {logging_mixin.py:188} INFO - [2024-05-09T15:35:18.579+0200] {dag.py:3096} INFO - Sync 1 DAGs
[2024-05-09T15:35:18.590+0200] {logging_mixin.py:188} INFO - [2024-05-09T15:35:18.590+0200] {dag.py:3954} INFO - Setting next_dagrun for tutorial_dag to None, run_after=None
[2024-05-09T15:35:18.608+0200] {processor.py:183} INFO - Processing /home/munya/.local/lib/python3.11/site-packages/airflow/example_dags/tutorial_dag.py took 0.058 seconds
[2024-05-09T15:36:14.844+0200] {processor.py:161} INFO - Started process (PID=49737) to work on /home/munya/.local/lib/python3.11/site-packages/airflow/example_dags/tutorial_dag.py
[2024-05-09T15:36:14.845+0200] {processor.py:830} INFO - Processing file /home/munya/.local/lib/python3.11/site-packages/airflow/example_dags/tutorial_dag.py for tasks to queue
[2024-05-09T15:36:14.847+0200] {logging_mixin.py:188} INFO - [2024-05-09T15:36:14.847+0200] {dagbag.py:540} INFO - Filling up the DagBag from /home/munya/.local/lib/python3.11/site-packages/airflow/example_dags/tutorial_dag.py
[2024-05-09T15:36:14.853+0200] {processor.py:840} INFO - DAG(s) 'tutorial_dag' retrieved from /home/munya/.local/lib/python3.11/site-packages/airflow/example_dags/tutorial_dag.py
[2024-05-09T15:36:14.868+0200] {logging_mixin.py:188} INFO - [2024-05-09T15:36:14.868+0200] {dag.py:3096} INFO - Sync 1 DAGs
[2024-05-09T15:36:14.879+0200] {logging_mixin.py:188} INFO - [2024-05-09T15:36:14.879+0200] {dag.py:3954} INFO - Setting next_dagrun for tutorial_dag to None, run_after=None
[2024-05-09T15:36:14.896+0200] {processor.py:183} INFO - Processing /home/munya/.local/lib/python3.11/site-packages/airflow/example_dags/tutorial_dag.py took 0.058 seconds
[2024-05-09T15:36:58.222+0200] {processor.py:161} INFO - Started process (PID=50286) to work on /home/munya/.local/lib/python3.11/site-packages/airflow/example_dags/tutorial_dag.py
[2024-05-09T15:36:58.226+0200] {processor.py:830} INFO - Processing file /home/munya/.local/lib/python3.11/site-packages/airflow/example_dags/tutorial_dag.py for tasks to queue
[2024-05-09T15:36:58.228+0200] {logging_mixin.py:188} INFO - [2024-05-09T15:36:58.228+0200] {dagbag.py:540} INFO - Filling up the DagBag from /home/munya/.local/lib/python3.11/site-packages/airflow/example_dags/tutorial_dag.py
[2024-05-09T15:36:58.235+0200] {processor.py:840} INFO - DAG(s) 'tutorial_dag' retrieved from /home/munya/.local/lib/python3.11/site-packages/airflow/example_dags/tutorial_dag.py
[2024-05-09T15:36:58.256+0200] {logging_mixin.py:188} INFO - [2024-05-09T15:36:58.255+0200] {dag.py:3096} INFO - Sync 1 DAGs
[2024-05-09T15:36:58.271+0200] {logging_mixin.py:188} INFO - [2024-05-09T15:36:58.270+0200] {dag.py:3954} INFO - Setting next_dagrun for tutorial_dag to None, run_after=None
[2024-05-09T15:36:58.405+0200] {processor.py:183} INFO - Processing /home/munya/.local/lib/python3.11/site-packages/airflow/example_dags/tutorial_dag.py took 0.191 seconds
[2024-05-09T15:37:43.773+0200] {processor.py:161} INFO - Started process (PID=50839) to work on /home/munya/.local/lib/python3.11/site-packages/airflow/example_dags/tutorial_dag.py
[2024-05-09T15:37:43.774+0200] {processor.py:830} INFO - Processing file /home/munya/.local/lib/python3.11/site-packages/airflow/example_dags/tutorial_dag.py for tasks to queue
[2024-05-09T15:37:43.776+0200] {logging_mixin.py:188} INFO - [2024-05-09T15:37:43.776+0200] {dagbag.py:540} INFO - Filling up the DagBag from /home/munya/.local/lib/python3.11/site-packages/airflow/example_dags/tutorial_dag.py
[2024-05-09T15:37:43.783+0200] {processor.py:840} INFO - DAG(s) 'tutorial_dag' retrieved from /home/munya/.local/lib/python3.11/site-packages/airflow/example_dags/tutorial_dag.py
[2024-05-09T15:37:43.799+0200] {logging_mixin.py:188} INFO - [2024-05-09T15:37:43.799+0200] {dag.py:3096} INFO - Sync 1 DAGs
[2024-05-09T15:37:43.811+0200] {logging_mixin.py:188} INFO - [2024-05-09T15:37:43.811+0200] {dag.py:3954} INFO - Setting next_dagrun for tutorial_dag to None, run_after=None
[2024-05-09T15:37:44.087+0200] {processor.py:183} INFO - Processing /home/munya/.local/lib/python3.11/site-packages/airflow/example_dags/tutorial_dag.py took 0.320 seconds
[2024-05-09T15:38:24.948+0200] {processor.py:161} INFO - Started process (PID=51369) to work on /home/munya/.local/lib/python3.11/site-packages/airflow/example_dags/tutorial_dag.py
[2024-05-09T15:38:24.949+0200] {processor.py:830} INFO - Processing file /home/munya/.local/lib/python3.11/site-packages/airflow/example_dags/tutorial_dag.py for tasks to queue
[2024-05-09T15:38:24.951+0200] {logging_mixin.py:188} INFO - [2024-05-09T15:38:24.950+0200] {dagbag.py:540} INFO - Filling up the DagBag from /home/munya/.local/lib/python3.11/site-packages/airflow/example_dags/tutorial_dag.py
[2024-05-09T15:38:24.957+0200] {processor.py:840} INFO - DAG(s) 'tutorial_dag' retrieved from /home/munya/.local/lib/python3.11/site-packages/airflow/example_dags/tutorial_dag.py
[2024-05-09T15:38:24.973+0200] {logging_mixin.py:188} INFO - [2024-05-09T15:38:24.972+0200] {dag.py:3096} INFO - Sync 1 DAGs
[2024-05-09T15:38:24.984+0200] {logging_mixin.py:188} INFO - [2024-05-09T15:38:24.984+0200] {dag.py:3954} INFO - Setting next_dagrun for tutorial_dag to None, run_after=None
[2024-05-09T15:38:25.015+0200] {processor.py:183} INFO - Processing /home/munya/.local/lib/python3.11/site-packages/airflow/example_dags/tutorial_dag.py took 0.074 seconds
[2024-05-09T15:39:22.932+0200] {processor.py:161} INFO - Started process (PID=52165) to work on /home/munya/.local/lib/python3.11/site-packages/airflow/example_dags/tutorial_dag.py
[2024-05-09T15:39:22.934+0200] {processor.py:830} INFO - Processing file /home/munya/.local/lib/python3.11/site-packages/airflow/example_dags/tutorial_dag.py for tasks to queue
[2024-05-09T15:39:22.936+0200] {logging_mixin.py:188} INFO - [2024-05-09T15:39:22.936+0200] {dagbag.py:540} INFO - Filling up the DagBag from /home/munya/.local/lib/python3.11/site-packages/airflow/example_dags/tutorial_dag.py
[2024-05-09T15:39:22.945+0200] {processor.py:840} INFO - DAG(s) 'tutorial_dag' retrieved from /home/munya/.local/lib/python3.11/site-packages/airflow/example_dags/tutorial_dag.py
[2024-05-09T15:39:22.967+0200] {logging_mixin.py:188} INFO - [2024-05-09T15:39:22.967+0200] {dag.py:3096} INFO - Sync 1 DAGs
[2024-05-09T15:39:22.986+0200] {logging_mixin.py:188} INFO - [2024-05-09T15:39:22.986+0200] {dag.py:3954} INFO - Setting next_dagrun for tutorial_dag to None, run_after=None
[2024-05-09T15:39:23.022+0200] {processor.py:183} INFO - Processing /home/munya/.local/lib/python3.11/site-packages/airflow/example_dags/tutorial_dag.py took 0.098 seconds
[2024-05-09T15:40:20.581+0200] {processor.py:161} INFO - Started process (PID=52933) to work on /home/munya/.local/lib/python3.11/site-packages/airflow/example_dags/tutorial_dag.py
[2024-05-09T15:40:20.582+0200] {processor.py:830} INFO - Processing file /home/munya/.local/lib/python3.11/site-packages/airflow/example_dags/tutorial_dag.py for tasks to queue
[2024-05-09T15:40:20.584+0200] {logging_mixin.py:188} INFO - [2024-05-09T15:40:20.584+0200] {dagbag.py:540} INFO - Filling up the DagBag from /home/munya/.local/lib/python3.11/site-packages/airflow/example_dags/tutorial_dag.py
[2024-05-09T15:40:20.590+0200] {processor.py:840} INFO - DAG(s) 'tutorial_dag' retrieved from /home/munya/.local/lib/python3.11/site-packages/airflow/example_dags/tutorial_dag.py
[2024-05-09T15:40:20.603+0200] {logging_mixin.py:188} INFO - [2024-05-09T15:40:20.603+0200] {dag.py:3096} INFO - Sync 1 DAGs
[2024-05-09T15:40:20.613+0200] {logging_mixin.py:188} INFO - [2024-05-09T15:40:20.613+0200] {dag.py:3954} INFO - Setting next_dagrun for tutorial_dag to None, run_after=None
[2024-05-09T15:40:20.628+0200] {processor.py:183} INFO - Processing /home/munya/.local/lib/python3.11/site-packages/airflow/example_dags/tutorial_dag.py took 0.052 seconds
[2024-05-09T15:41:19.802+0200] {processor.py:161} INFO - Started process (PID=53679) to work on /home/munya/.local/lib/python3.11/site-packages/airflow/example_dags/tutorial_dag.py
[2024-05-09T15:41:19.804+0200] {processor.py:830} INFO - Processing file /home/munya/.local/lib/python3.11/site-packages/airflow/example_dags/tutorial_dag.py for tasks to queue
[2024-05-09T15:41:19.811+0200] {logging_mixin.py:188} INFO - [2024-05-09T15:41:19.809+0200] {dagbag.py:540} INFO - Filling up the DagBag from /home/munya/.local/lib/python3.11/site-packages/airflow/example_dags/tutorial_dag.py
[2024-05-09T15:41:19.830+0200] {processor.py:840} INFO - DAG(s) 'tutorial_dag' retrieved from /home/munya/.local/lib/python3.11/site-packages/airflow/example_dags/tutorial_dag.py
[2024-05-09T15:41:19.882+0200] {logging_mixin.py:188} INFO - [2024-05-09T15:41:19.882+0200] {dag.py:3096} INFO - Sync 1 DAGs
[2024-05-09T15:41:19.919+0200] {logging_mixin.py:188} INFO - [2024-05-09T15:41:19.918+0200] {dag.py:3954} INFO - Setting next_dagrun for tutorial_dag to None, run_after=None
[2024-05-09T15:41:19.974+0200] {processor.py:183} INFO - Processing /home/munya/.local/lib/python3.11/site-packages/airflow/example_dags/tutorial_dag.py took 0.191 seconds
[2024-05-09T15:42:23.128+0200] {processor.py:161} INFO - Started process (PID=54474) to work on /home/munya/.local/lib/python3.11/site-packages/airflow/example_dags/tutorial_dag.py
[2024-05-09T15:42:23.129+0200] {processor.py:830} INFO - Processing file /home/munya/.local/lib/python3.11/site-packages/airflow/example_dags/tutorial_dag.py for tasks to queue
[2024-05-09T15:42:23.130+0200] {logging_mixin.py:188} INFO - [2024-05-09T15:42:23.130+0200] {dagbag.py:540} INFO - Filling up the DagBag from /home/munya/.local/lib/python3.11/site-packages/airflow/example_dags/tutorial_dag.py
[2024-05-09T15:42:23.136+0200] {processor.py:840} INFO - DAG(s) 'tutorial_dag' retrieved from /home/munya/.local/lib/python3.11/site-packages/airflow/example_dags/tutorial_dag.py
[2024-05-09T15:42:23.149+0200] {logging_mixin.py:188} INFO - [2024-05-09T15:42:23.149+0200] {dag.py:3096} INFO - Sync 1 DAGs
[2024-05-09T15:42:23.160+0200] {logging_mixin.py:188} INFO - [2024-05-09T15:42:23.160+0200] {dag.py:3954} INFO - Setting next_dagrun for tutorial_dag to None, run_after=None
[2024-05-09T15:42:23.180+0200] {processor.py:183} INFO - Processing /home/munya/.local/lib/python3.11/site-packages/airflow/example_dags/tutorial_dag.py took 0.058 seconds
[2024-05-09T15:43:22.680+0200] {processor.py:161} INFO - Started process (PID=55244) to work on /home/munya/.local/lib/python3.11/site-packages/airflow/example_dags/tutorial_dag.py
[2024-05-09T15:43:22.681+0200] {processor.py:830} INFO - Processing file /home/munya/.local/lib/python3.11/site-packages/airflow/example_dags/tutorial_dag.py for tasks to queue
[2024-05-09T15:43:22.683+0200] {logging_mixin.py:188} INFO - [2024-05-09T15:43:22.683+0200] {dagbag.py:540} INFO - Filling up the DagBag from /home/munya/.local/lib/python3.11/site-packages/airflow/example_dags/tutorial_dag.py
[2024-05-09T15:43:22.691+0200] {processor.py:840} INFO - DAG(s) 'tutorial_dag' retrieved from /home/munya/.local/lib/python3.11/site-packages/airflow/example_dags/tutorial_dag.py
[2024-05-09T15:43:22.709+0200] {logging_mixin.py:188} INFO - [2024-05-09T15:43:22.708+0200] {dag.py:3096} INFO - Sync 1 DAGs
[2024-05-09T15:43:22.724+0200] {logging_mixin.py:188} INFO - [2024-05-09T15:43:22.724+0200] {dag.py:3954} INFO - Setting next_dagrun for tutorial_dag to None, run_after=None
[2024-05-09T15:43:22.749+0200] {processor.py:183} INFO - Processing /home/munya/.local/lib/python3.11/site-packages/airflow/example_dags/tutorial_dag.py took 0.078 seconds
[2024-05-09T15:44:21.506+0200] {processor.py:161} INFO - Started process (PID=55986) to work on /home/munya/.local/lib/python3.11/site-packages/airflow/example_dags/tutorial_dag.py
[2024-05-09T15:44:21.508+0200] {processor.py:830} INFO - Processing file /home/munya/.local/lib/python3.11/site-packages/airflow/example_dags/tutorial_dag.py for tasks to queue
[2024-05-09T15:44:21.510+0200] {logging_mixin.py:188} INFO - [2024-05-09T15:44:21.510+0200] {dagbag.py:540} INFO - Filling up the DagBag from /home/munya/.local/lib/python3.11/site-packages/airflow/example_dags/tutorial_dag.py
[2024-05-09T15:44:21.520+0200] {processor.py:840} INFO - DAG(s) 'tutorial_dag' retrieved from /home/munya/.local/lib/python3.11/site-packages/airflow/example_dags/tutorial_dag.py
[2024-05-09T15:44:21.541+0200] {logging_mixin.py:188} INFO - [2024-05-09T15:44:21.541+0200] {dag.py:3096} INFO - Sync 1 DAGs
[2024-05-09T15:44:21.555+0200] {logging_mixin.py:188} INFO - [2024-05-09T15:44:21.555+0200] {dag.py:3954} INFO - Setting next_dagrun for tutorial_dag to None, run_after=None
[2024-05-09T15:44:21.576+0200] {processor.py:183} INFO - Processing /home/munya/.local/lib/python3.11/site-packages/airflow/example_dags/tutorial_dag.py took 0.078 seconds
[2024-05-09T15:45:20.714+0200] {processor.py:161} INFO - Started process (PID=56698) to work on /home/munya/.local/lib/python3.11/site-packages/airflow/example_dags/tutorial_dag.py
[2024-05-09T15:45:20.715+0200] {processor.py:830} INFO - Processing file /home/munya/.local/lib/python3.11/site-packages/airflow/example_dags/tutorial_dag.py for tasks to queue
[2024-05-09T15:45:20.718+0200] {logging_mixin.py:188} INFO - [2024-05-09T15:45:20.717+0200] {dagbag.py:540} INFO - Filling up the DagBag from /home/munya/.local/lib/python3.11/site-packages/airflow/example_dags/tutorial_dag.py
[2024-05-09T15:45:20.726+0200] {processor.py:840} INFO - DAG(s) 'tutorial_dag' retrieved from /home/munya/.local/lib/python3.11/site-packages/airflow/example_dags/tutorial_dag.py
[2024-05-09T15:45:20.748+0200] {logging_mixin.py:188} INFO - [2024-05-09T15:45:20.748+0200] {dag.py:3096} INFO - Sync 1 DAGs
[2024-05-09T15:45:20.765+0200] {logging_mixin.py:188} INFO - [2024-05-09T15:45:20.764+0200] {dag.py:3954} INFO - Setting next_dagrun for tutorial_dag to None, run_after=None
[2024-05-09T15:45:20.793+0200] {processor.py:183} INFO - Processing /home/munya/.local/lib/python3.11/site-packages/airflow/example_dags/tutorial_dag.py took 0.087 seconds
[2024-05-09T15:46:18.402+0200] {processor.py:161} INFO - Started process (PID=57694) to work on /home/munya/.local/lib/python3.11/site-packages/airflow/example_dags/tutorial_dag.py
[2024-05-09T15:46:18.403+0200] {processor.py:830} INFO - Processing file /home/munya/.local/lib/python3.11/site-packages/airflow/example_dags/tutorial_dag.py for tasks to queue
[2024-05-09T15:46:18.406+0200] {logging_mixin.py:188} INFO - [2024-05-09T15:46:18.405+0200] {dagbag.py:540} INFO - Filling up the DagBag from /home/munya/.local/lib/python3.11/site-packages/airflow/example_dags/tutorial_dag.py
[2024-05-09T15:46:18.413+0200] {processor.py:840} INFO - DAG(s) 'tutorial_dag' retrieved from /home/munya/.local/lib/python3.11/site-packages/airflow/example_dags/tutorial_dag.py
[2024-05-09T15:46:18.435+0200] {logging_mixin.py:188} INFO - [2024-05-09T15:46:18.434+0200] {dag.py:3096} INFO - Sync 1 DAGs
[2024-05-09T15:46:18.451+0200] {logging_mixin.py:188} INFO - [2024-05-09T15:46:18.451+0200] {dag.py:3954} INFO - Setting next_dagrun for tutorial_dag to None, run_after=None
[2024-05-09T15:46:18.478+0200] {processor.py:183} INFO - Processing /home/munya/.local/lib/python3.11/site-packages/airflow/example_dags/tutorial_dag.py took 0.085 seconds
[2024-05-09T15:47:29.509+0200] {processor.py:161} INFO - Started process (PID=58679) to work on /home/munya/.local/lib/python3.11/site-packages/airflow/example_dags/tutorial_dag.py
[2024-05-09T15:47:29.511+0200] {processor.py:830} INFO - Processing file /home/munya/.local/lib/python3.11/site-packages/airflow/example_dags/tutorial_dag.py for tasks to queue
[2024-05-09T15:47:29.514+0200] {logging_mixin.py:188} INFO - [2024-05-09T15:47:29.513+0200] {dagbag.py:540} INFO - Filling up the DagBag from /home/munya/.local/lib/python3.11/site-packages/airflow/example_dags/tutorial_dag.py
[2024-05-09T15:47:29.522+0200] {processor.py:840} INFO - DAG(s) 'tutorial_dag' retrieved from /home/munya/.local/lib/python3.11/site-packages/airflow/example_dags/tutorial_dag.py
[2024-05-09T15:47:29.544+0200] {logging_mixin.py:188} INFO - [2024-05-09T15:47:29.544+0200] {dag.py:3096} INFO - Sync 1 DAGs
[2024-05-09T15:47:29.564+0200] {logging_mixin.py:188} INFO - [2024-05-09T15:47:29.563+0200] {dag.py:3954} INFO - Setting next_dagrun for tutorial_dag to None, run_after=None
[2024-05-09T15:47:29.591+0200] {processor.py:183} INFO - Processing /home/munya/.local/lib/python3.11/site-packages/airflow/example_dags/tutorial_dag.py took 0.091 seconds
[2024-05-09T15:48:37.656+0200] {processor.py:161} INFO - Started process (PID=59618) to work on /home/munya/.local/lib/python3.11/site-packages/airflow/example_dags/tutorial_dag.py
[2024-05-09T15:48:37.658+0200] {processor.py:830} INFO - Processing file /home/munya/.local/lib/python3.11/site-packages/airflow/example_dags/tutorial_dag.py for tasks to queue
[2024-05-09T15:48:37.664+0200] {logging_mixin.py:188} INFO - [2024-05-09T15:48:37.660+0200] {dagbag.py:540} INFO - Filling up the DagBag from /home/munya/.local/lib/python3.11/site-packages/airflow/example_dags/tutorial_dag.py
[2024-05-09T15:48:37.679+0200] {processor.py:840} INFO - DAG(s) 'tutorial_dag' retrieved from /home/munya/.local/lib/python3.11/site-packages/airflow/example_dags/tutorial_dag.py
[2024-05-09T15:48:37.716+0200] {logging_mixin.py:188} INFO - [2024-05-09T15:48:37.716+0200] {dag.py:3096} INFO - Sync 1 DAGs
[2024-05-09T15:48:37.735+0200] {logging_mixin.py:188} INFO - [2024-05-09T15:48:37.735+0200] {dag.py:3954} INFO - Setting next_dagrun for tutorial_dag to None, run_after=None
[2024-05-09T15:48:37.766+0200] {processor.py:183} INFO - Processing /home/munya/.local/lib/python3.11/site-packages/airflow/example_dags/tutorial_dag.py took 0.119 seconds
[2024-05-09T15:49:41.440+0200] {processor.py:161} INFO - Started process (PID=60387) to work on /home/munya/.local/lib/python3.11/site-packages/airflow/example_dags/tutorial_dag.py
[2024-05-09T15:49:41.441+0200] {processor.py:830} INFO - Processing file /home/munya/.local/lib/python3.11/site-packages/airflow/example_dags/tutorial_dag.py for tasks to queue
[2024-05-09T15:49:41.443+0200] {logging_mixin.py:188} INFO - [2024-05-09T15:49:41.443+0200] {dagbag.py:540} INFO - Filling up the DagBag from /home/munya/.local/lib/python3.11/site-packages/airflow/example_dags/tutorial_dag.py
[2024-05-09T15:49:41.448+0200] {processor.py:840} INFO - DAG(s) 'tutorial_dag' retrieved from /home/munya/.local/lib/python3.11/site-packages/airflow/example_dags/tutorial_dag.py
[2024-05-09T15:49:41.461+0200] {logging_mixin.py:188} INFO - [2024-05-09T15:49:41.461+0200] {dag.py:3096} INFO - Sync 1 DAGs
[2024-05-09T15:49:41.471+0200] {logging_mixin.py:188} INFO - [2024-05-09T15:49:41.471+0200] {dag.py:3954} INFO - Setting next_dagrun for tutorial_dag to None, run_after=None
[2024-05-09T15:49:41.487+0200] {processor.py:183} INFO - Processing /home/munya/.local/lib/python3.11/site-packages/airflow/example_dags/tutorial_dag.py took 0.052 seconds
[2024-05-09T15:50:46.356+0200] {processor.py:161} INFO - Started process (PID=61200) to work on /home/munya/.local/lib/python3.11/site-packages/airflow/example_dags/tutorial_dag.py
[2024-05-09T15:50:46.357+0200] {processor.py:830} INFO - Processing file /home/munya/.local/lib/python3.11/site-packages/airflow/example_dags/tutorial_dag.py for tasks to queue
[2024-05-09T15:50:46.359+0200] {logging_mixin.py:188} INFO - [2024-05-09T15:50:46.358+0200] {dagbag.py:540} INFO - Filling up the DagBag from /home/munya/.local/lib/python3.11/site-packages/airflow/example_dags/tutorial_dag.py
[2024-05-09T15:50:46.367+0200] {processor.py:840} INFO - DAG(s) 'tutorial_dag' retrieved from /home/munya/.local/lib/python3.11/site-packages/airflow/example_dags/tutorial_dag.py
[2024-05-09T15:50:46.393+0200] {logging_mixin.py:188} INFO - [2024-05-09T15:50:46.393+0200] {dag.py:3096} INFO - Sync 1 DAGs
[2024-05-09T15:50:46.415+0200] {logging_mixin.py:188} INFO - [2024-05-09T15:50:46.415+0200] {dag.py:3954} INFO - Setting next_dagrun for tutorial_dag to None, run_after=None
[2024-05-09T15:50:46.445+0200] {processor.py:183} INFO - Processing /home/munya/.local/lib/python3.11/site-packages/airflow/example_dags/tutorial_dag.py took 0.097 seconds
[2024-05-09T15:52:00.426+0200] {processor.py:161} INFO - Started process (PID=62099) to work on /home/munya/.local/lib/python3.11/site-packages/airflow/example_dags/tutorial_dag.py
[2024-05-09T15:52:00.427+0200] {processor.py:830} INFO - Processing file /home/munya/.local/lib/python3.11/site-packages/airflow/example_dags/tutorial_dag.py for tasks to queue
[2024-05-09T15:52:00.429+0200] {logging_mixin.py:188} INFO - [2024-05-09T15:52:00.428+0200] {dagbag.py:540} INFO - Filling up the DagBag from /home/munya/.local/lib/python3.11/site-packages/airflow/example_dags/tutorial_dag.py
[2024-05-09T15:52:00.435+0200] {processor.py:840} INFO - DAG(s) 'tutorial_dag' retrieved from /home/munya/.local/lib/python3.11/site-packages/airflow/example_dags/tutorial_dag.py
[2024-05-09T15:52:00.454+0200] {logging_mixin.py:188} INFO - [2024-05-09T15:52:00.454+0200] {dag.py:3096} INFO - Sync 1 DAGs
[2024-05-09T15:52:00.465+0200] {logging_mixin.py:188} INFO - [2024-05-09T15:52:00.465+0200] {dag.py:3954} INFO - Setting next_dagrun for tutorial_dag to None, run_after=None
[2024-05-09T15:52:00.486+0200] {processor.py:183} INFO - Processing /home/munya/.local/lib/python3.11/site-packages/airflow/example_dags/tutorial_dag.py took 0.067 seconds
[2024-05-09T15:52:59.455+0200] {processor.py:161} INFO - Started process (PID=62857) to work on /home/munya/.local/lib/python3.11/site-packages/airflow/example_dags/tutorial_dag.py
[2024-05-09T15:52:59.456+0200] {processor.py:830} INFO - Processing file /home/munya/.local/lib/python3.11/site-packages/airflow/example_dags/tutorial_dag.py for tasks to queue
[2024-05-09T15:52:59.457+0200] {logging_mixin.py:188} INFO - [2024-05-09T15:52:59.457+0200] {dagbag.py:540} INFO - Filling up the DagBag from /home/munya/.local/lib/python3.11/site-packages/airflow/example_dags/tutorial_dag.py
[2024-05-09T15:52:59.464+0200] {processor.py:840} INFO - DAG(s) 'tutorial_dag' retrieved from /home/munya/.local/lib/python3.11/site-packages/airflow/example_dags/tutorial_dag.py
[2024-05-09T15:52:59.480+0200] {logging_mixin.py:188} INFO - [2024-05-09T15:52:59.480+0200] {dag.py:3096} INFO - Sync 1 DAGs
[2024-05-09T15:52:59.493+0200] {logging_mixin.py:188} INFO - [2024-05-09T15:52:59.492+0200] {dag.py:3954} INFO - Setting next_dagrun for tutorial_dag to None, run_after=None
[2024-05-09T15:52:59.515+0200] {processor.py:183} INFO - Processing /home/munya/.local/lib/python3.11/site-packages/airflow/example_dags/tutorial_dag.py took 0.067 seconds
[2024-05-09T15:53:58.547+0200] {processor.py:161} INFO - Started process (PID=63563) to work on /home/munya/.local/lib/python3.11/site-packages/airflow/example_dags/tutorial_dag.py
[2024-05-09T15:53:58.548+0200] {processor.py:830} INFO - Processing file /home/munya/.local/lib/python3.11/site-packages/airflow/example_dags/tutorial_dag.py for tasks to queue
[2024-05-09T15:53:58.551+0200] {logging_mixin.py:188} INFO - [2024-05-09T15:53:58.550+0200] {dagbag.py:540} INFO - Filling up the DagBag from /home/munya/.local/lib/python3.11/site-packages/airflow/example_dags/tutorial_dag.py
[2024-05-09T15:53:58.561+0200] {processor.py:840} INFO - DAG(s) 'tutorial_dag' retrieved from /home/munya/.local/lib/python3.11/site-packages/airflow/example_dags/tutorial_dag.py
[2024-05-09T15:53:58.587+0200] {logging_mixin.py:188} INFO - [2024-05-09T15:53:58.587+0200] {dag.py:3096} INFO - Sync 1 DAGs
[2024-05-09T15:53:58.608+0200] {logging_mixin.py:188} INFO - [2024-05-09T15:53:58.608+0200] {dag.py:3954} INFO - Setting next_dagrun for tutorial_dag to None, run_after=None
[2024-05-09T15:53:58.663+0200] {processor.py:183} INFO - Processing /home/munya/.local/lib/python3.11/site-packages/airflow/example_dags/tutorial_dag.py took 0.125 seconds
[2024-05-09T15:54:57.564+0200] {processor.py:161} INFO - Started process (PID=64302) to work on /home/munya/.local/lib/python3.11/site-packages/airflow/example_dags/tutorial_dag.py
[2024-05-09T15:54:57.565+0200] {processor.py:830} INFO - Processing file /home/munya/.local/lib/python3.11/site-packages/airflow/example_dags/tutorial_dag.py for tasks to queue
[2024-05-09T15:54:57.568+0200] {logging_mixin.py:188} INFO - [2024-05-09T15:54:57.567+0200] {dagbag.py:540} INFO - Filling up the DagBag from /home/munya/.local/lib/python3.11/site-packages/airflow/example_dags/tutorial_dag.py
[2024-05-09T15:54:57.577+0200] {processor.py:840} INFO - DAG(s) 'tutorial_dag' retrieved from /home/munya/.local/lib/python3.11/site-packages/airflow/example_dags/tutorial_dag.py
[2024-05-09T15:54:57.603+0200] {logging_mixin.py:188} INFO - [2024-05-09T15:54:57.603+0200] {dag.py:3096} INFO - Sync 1 DAGs
[2024-05-09T15:54:57.622+0200] {logging_mixin.py:188} INFO - [2024-05-09T15:54:57.622+0200] {dag.py:3954} INFO - Setting next_dagrun for tutorial_dag to None, run_after=None
[2024-05-09T15:54:57.649+0200] {processor.py:183} INFO - Processing /home/munya/.local/lib/python3.11/site-packages/airflow/example_dags/tutorial_dag.py took 0.094 seconds
[2024-05-09T15:55:55.096+0200] {processor.py:161} INFO - Started process (PID=65028) to work on /home/munya/.local/lib/python3.11/site-packages/airflow/example_dags/tutorial_dag.py
[2024-05-09T15:55:55.097+0200] {processor.py:830} INFO - Processing file /home/munya/.local/lib/python3.11/site-packages/airflow/example_dags/tutorial_dag.py for tasks to queue
[2024-05-09T15:55:55.099+0200] {logging_mixin.py:188} INFO - [2024-05-09T15:55:55.099+0200] {dagbag.py:540} INFO - Filling up the DagBag from /home/munya/.local/lib/python3.11/site-packages/airflow/example_dags/tutorial_dag.py
[2024-05-09T15:55:55.106+0200] {processor.py:840} INFO - DAG(s) 'tutorial_dag' retrieved from /home/munya/.local/lib/python3.11/site-packages/airflow/example_dags/tutorial_dag.py
[2024-05-09T15:55:55.122+0200] {logging_mixin.py:188} INFO - [2024-05-09T15:55:55.122+0200] {dag.py:3096} INFO - Sync 1 DAGs
[2024-05-09T15:55:55.135+0200] {logging_mixin.py:188} INFO - [2024-05-09T15:55:55.135+0200] {dag.py:3954} INFO - Setting next_dagrun for tutorial_dag to None, run_after=None
[2024-05-09T15:55:55.158+0200] {processor.py:183} INFO - Processing /home/munya/.local/lib/python3.11/site-packages/airflow/example_dags/tutorial_dag.py took 0.068 seconds
[2024-05-09T15:56:57.569+0200] {processor.py:161} INFO - Started process (PID=65799) to work on /home/munya/.local/lib/python3.11/site-packages/airflow/example_dags/tutorial_dag.py
[2024-05-09T15:56:57.570+0200] {processor.py:830} INFO - Processing file /home/munya/.local/lib/python3.11/site-packages/airflow/example_dags/tutorial_dag.py for tasks to queue
[2024-05-09T15:56:57.572+0200] {logging_mixin.py:188} INFO - [2024-05-09T15:56:57.572+0200] {dagbag.py:540} INFO - Filling up the DagBag from /home/munya/.local/lib/python3.11/site-packages/airflow/example_dags/tutorial_dag.py
[2024-05-09T15:56:57.579+0200] {processor.py:840} INFO - DAG(s) 'tutorial_dag' retrieved from /home/munya/.local/lib/python3.11/site-packages/airflow/example_dags/tutorial_dag.py
[2024-05-09T15:56:57.595+0200] {logging_mixin.py:188} INFO - [2024-05-09T15:56:57.595+0200] {dag.py:3096} INFO - Sync 1 DAGs
[2024-05-09T15:56:57.607+0200] {logging_mixin.py:188} INFO - [2024-05-09T15:56:57.607+0200] {dag.py:3954} INFO - Setting next_dagrun for tutorial_dag to None, run_after=None
[2024-05-09T15:56:57.627+0200] {processor.py:183} INFO - Processing /home/munya/.local/lib/python3.11/site-packages/airflow/example_dags/tutorial_dag.py took 0.065 seconds
[2024-05-09T15:57:55.933+0200] {processor.py:161} INFO - Started process (PID=66550) to work on /home/munya/.local/lib/python3.11/site-packages/airflow/example_dags/tutorial_dag.py
[2024-05-09T15:57:55.934+0200] {processor.py:830} INFO - Processing file /home/munya/.local/lib/python3.11/site-packages/airflow/example_dags/tutorial_dag.py for tasks to queue
[2024-05-09T15:57:55.936+0200] {logging_mixin.py:188} INFO - [2024-05-09T15:57:55.935+0200] {dagbag.py:540} INFO - Filling up the DagBag from /home/munya/.local/lib/python3.11/site-packages/airflow/example_dags/tutorial_dag.py
[2024-05-09T15:57:55.941+0200] {processor.py:840} INFO - DAG(s) 'tutorial_dag' retrieved from /home/munya/.local/lib/python3.11/site-packages/airflow/example_dags/tutorial_dag.py
[2024-05-09T15:57:55.955+0200] {logging_mixin.py:188} INFO - [2024-05-09T15:57:55.955+0200] {dag.py:3096} INFO - Sync 1 DAGs
[2024-05-09T15:57:55.967+0200] {logging_mixin.py:188} INFO - [2024-05-09T15:57:55.967+0200] {dag.py:3954} INFO - Setting next_dagrun for tutorial_dag to None, run_after=None
[2024-05-09T15:57:55.988+0200] {processor.py:183} INFO - Processing /home/munya/.local/lib/python3.11/site-packages/airflow/example_dags/tutorial_dag.py took 0.061 seconds
[2024-05-09T15:58:56.753+0200] {processor.py:161} INFO - Started process (PID=67319) to work on /home/munya/.local/lib/python3.11/site-packages/airflow/example_dags/tutorial_dag.py
[2024-05-09T15:58:56.756+0200] {processor.py:830} INFO - Processing file /home/munya/.local/lib/python3.11/site-packages/airflow/example_dags/tutorial_dag.py for tasks to queue
[2024-05-09T15:58:56.762+0200] {logging_mixin.py:188} INFO - [2024-05-09T15:58:56.761+0200] {dagbag.py:540} INFO - Filling up the DagBag from /home/munya/.local/lib/python3.11/site-packages/airflow/example_dags/tutorial_dag.py
[2024-05-09T15:58:56.785+0200] {processor.py:840} INFO - DAG(s) 'tutorial_dag' retrieved from /home/munya/.local/lib/python3.11/site-packages/airflow/example_dags/tutorial_dag.py
[2024-05-09T15:58:56.854+0200] {logging_mixin.py:188} INFO - [2024-05-09T15:58:56.853+0200] {dag.py:3096} INFO - Sync 1 DAGs
[2024-05-09T15:58:56.902+0200] {logging_mixin.py:188} INFO - [2024-05-09T15:58:56.901+0200] {dag.py:3954} INFO - Setting next_dagrun for tutorial_dag to None, run_after=None
[2024-05-09T15:58:56.981+0200] {processor.py:183} INFO - Processing /home/munya/.local/lib/python3.11/site-packages/airflow/example_dags/tutorial_dag.py took 0.248 seconds
[2024-05-09T16:00:33.224+0200] {processor.py:161} INFO - Started process (PID=68820) to work on /home/munya/.local/lib/python3.11/site-packages/airflow/example_dags/tutorial_dag.py
[2024-05-09T16:00:33.226+0200] {processor.py:830} INFO - Processing file /home/munya/.local/lib/python3.11/site-packages/airflow/example_dags/tutorial_dag.py for tasks to queue
[2024-05-09T16:00:33.230+0200] {logging_mixin.py:188} INFO - [2024-05-09T16:00:33.229+0200] {dagbag.py:540} INFO - Filling up the DagBag from /home/munya/.local/lib/python3.11/site-packages/airflow/example_dags/tutorial_dag.py
[2024-05-09T16:00:33.243+0200] {processor.py:840} INFO - DAG(s) 'tutorial_dag' retrieved from /home/munya/.local/lib/python3.11/site-packages/airflow/example_dags/tutorial_dag.py
[2024-05-09T16:00:33.276+0200] {logging_mixin.py:188} INFO - [2024-05-09T16:00:33.276+0200] {dag.py:3096} INFO - Sync 1 DAGs
[2024-05-09T16:00:33.303+0200] {logging_mixin.py:188} INFO - [2024-05-09T16:00:33.303+0200] {dag.py:3954} INFO - Setting next_dagrun for tutorial_dag to None, run_after=None
[2024-05-09T16:00:33.356+0200] {processor.py:183} INFO - Processing /home/munya/.local/lib/python3.11/site-packages/airflow/example_dags/tutorial_dag.py took 0.145 seconds
[2024-05-09T16:11:51.676+0200] {processor.py:161} INFO - Started process (PID=77052) to work on /home/munya/.local/lib/python3.11/site-packages/airflow/example_dags/tutorial_dag.py
[2024-05-09T16:11:51.682+0200] {processor.py:830} INFO - Processing file /home/munya/.local/lib/python3.11/site-packages/airflow/example_dags/tutorial_dag.py for tasks to queue
[2024-05-09T16:11:51.689+0200] {logging_mixin.py:188} INFO - [2024-05-09T16:11:51.688+0200] {dagbag.py:540} INFO - Filling up the DagBag from /home/munya/.local/lib/python3.11/site-packages/airflow/example_dags/tutorial_dag.py
[2024-05-09T16:11:51.708+0200] {processor.py:840} INFO - DAG(s) 'tutorial_dag' retrieved from /home/munya/.local/lib/python3.11/site-packages/airflow/example_dags/tutorial_dag.py
[2024-05-09T16:11:51.723+0200] {logging_mixin.py:188} INFO - [2024-05-09T16:11:51.723+0200] {dag.py:3096} INFO - Sync 1 DAGs
[2024-05-09T16:11:51.749+0200] {logging_mixin.py:188} INFO - [2024-05-09T16:11:51.748+0200] {dag.py:3954} INFO - Setting next_dagrun for tutorial_dag to None, run_after=None
[2024-05-09T16:11:51.785+0200] {processor.py:183} INFO - Processing /home/munya/.local/lib/python3.11/site-packages/airflow/example_dags/tutorial_dag.py took 0.122 seconds
[2024-05-09T20:27:41.783+0200] {processor.py:161} INFO - Started process (PID=276995) to work on /home/munya/.local/lib/python3.11/site-packages/airflow/example_dags/tutorial_dag.py
[2024-05-09T20:27:41.786+0200] {processor.py:830} INFO - Processing file /home/munya/.local/lib/python3.11/site-packages/airflow/example_dags/tutorial_dag.py for tasks to queue
[2024-05-09T20:27:41.792+0200] {logging_mixin.py:188} INFO - [2024-05-09T20:27:41.791+0200] {dagbag.py:540} INFO - Filling up the DagBag from /home/munya/.local/lib/python3.11/site-packages/airflow/example_dags/tutorial_dag.py
[2024-05-09T20:27:41.820+0200] {processor.py:840} INFO - DAG(s) 'tutorial_dag' retrieved from /home/munya/.local/lib/python3.11/site-packages/airflow/example_dags/tutorial_dag.py
[2024-05-09T20:27:42.001+0200] {logging_mixin.py:188} INFO - [2024-05-09T20:27:42.000+0200] {dag.py:3096} INFO - Sync 1 DAGs
[2024-05-09T20:27:42.013+0200] {logging_mixin.py:188} INFO - [2024-05-09T20:27:42.013+0200] {dag.py:3954} INFO - Setting next_dagrun for tutorial_dag to None, run_after=None
[2024-05-09T20:27:42.039+0200] {processor.py:183} INFO - Processing /home/munya/.local/lib/python3.11/site-packages/airflow/example_dags/tutorial_dag.py took 0.274 seconds
[2024-05-09T20:29:05.900+0200] {processor.py:161} INFO - Started process (PID=278251) to work on /home/munya/.local/lib/python3.11/site-packages/airflow/example_dags/tutorial_dag.py
[2024-05-09T20:29:05.902+0200] {processor.py:830} INFO - Processing file /home/munya/.local/lib/python3.11/site-packages/airflow/example_dags/tutorial_dag.py for tasks to queue
[2024-05-09T20:29:05.905+0200] {logging_mixin.py:188} INFO - [2024-05-09T20:29:05.904+0200] {dagbag.py:540} INFO - Filling up the DagBag from /home/munya/.local/lib/python3.11/site-packages/airflow/example_dags/tutorial_dag.py
[2024-05-09T20:29:05.913+0200] {processor.py:840} INFO - DAG(s) 'tutorial_dag' retrieved from /home/munya/.local/lib/python3.11/site-packages/airflow/example_dags/tutorial_dag.py
[2024-05-09T20:29:05.936+0200] {logging_mixin.py:188} INFO - [2024-05-09T20:29:05.936+0200] {dag.py:3096} INFO - Sync 1 DAGs
[2024-05-09T20:29:05.952+0200] {logging_mixin.py:188} INFO - [2024-05-09T20:29:05.952+0200] {dag.py:3954} INFO - Setting next_dagrun for tutorial_dag to None, run_after=None
[2024-05-09T20:29:05.989+0200] {processor.py:183} INFO - Processing /home/munya/.local/lib/python3.11/site-packages/airflow/example_dags/tutorial_dag.py took 0.098 seconds
[2024-05-09T20:29:48.233+0200] {processor.py:161} INFO - Started process (PID=278905) to work on /home/munya/.local/lib/python3.11/site-packages/airflow/example_dags/tutorial_dag.py
[2024-05-09T20:29:48.235+0200] {processor.py:830} INFO - Processing file /home/munya/.local/lib/python3.11/site-packages/airflow/example_dags/tutorial_dag.py for tasks to queue
[2024-05-09T20:29:48.239+0200] {logging_mixin.py:188} INFO - [2024-05-09T20:29:48.238+0200] {dagbag.py:540} INFO - Filling up the DagBag from /home/munya/.local/lib/python3.11/site-packages/airflow/example_dags/tutorial_dag.py
[2024-05-09T20:29:48.247+0200] {processor.py:840} INFO - DAG(s) 'tutorial_dag' retrieved from /home/munya/.local/lib/python3.11/site-packages/airflow/example_dags/tutorial_dag.py
[2024-05-09T20:29:48.274+0200] {logging_mixin.py:188} INFO - [2024-05-09T20:29:48.274+0200] {dag.py:3096} INFO - Sync 1 DAGs
[2024-05-09T20:29:48.294+0200] {logging_mixin.py:188} INFO - [2024-05-09T20:29:48.294+0200] {dag.py:3954} INFO - Setting next_dagrun for tutorial_dag to None, run_after=None
[2024-05-09T20:29:48.326+0200] {processor.py:183} INFO - Processing /home/munya/.local/lib/python3.11/site-packages/airflow/example_dags/tutorial_dag.py took 0.103 seconds
[2024-05-09T20:31:06.446+0200] {processor.py:161} INFO - Started process (PID=280016) to work on /home/munya/.local/lib/python3.11/site-packages/airflow/example_dags/tutorial_dag.py
[2024-05-09T20:31:06.448+0200] {processor.py:830} INFO - Processing file /home/munya/.local/lib/python3.11/site-packages/airflow/example_dags/tutorial_dag.py for tasks to queue
[2024-05-09T20:31:06.451+0200] {logging_mixin.py:188} INFO - [2024-05-09T20:31:06.450+0200] {dagbag.py:540} INFO - Filling up the DagBag from /home/munya/.local/lib/python3.11/site-packages/airflow/example_dags/tutorial_dag.py
[2024-05-09T20:31:06.462+0200] {processor.py:840} INFO - DAG(s) 'tutorial_dag' retrieved from /home/munya/.local/lib/python3.11/site-packages/airflow/example_dags/tutorial_dag.py
[2024-05-09T20:31:06.497+0200] {logging_mixin.py:188} INFO - [2024-05-09T20:31:06.497+0200] {dag.py:3096} INFO - Sync 1 DAGs
[2024-05-09T20:31:06.520+0200] {logging_mixin.py:188} INFO - [2024-05-09T20:31:06.520+0200] {dag.py:3954} INFO - Setting next_dagrun for tutorial_dag to None, run_after=None
[2024-05-09T20:31:06.592+0200] {processor.py:183} INFO - Processing /home/munya/.local/lib/python3.11/site-packages/airflow/example_dags/tutorial_dag.py took 0.152 seconds
[2024-05-09T20:32:27.189+0200] {processor.py:161} INFO - Started process (PID=281171) to work on /home/munya/.local/lib/python3.11/site-packages/airflow/example_dags/tutorial_dag.py
[2024-05-09T20:32:27.191+0200] {processor.py:830} INFO - Processing file /home/munya/.local/lib/python3.11/site-packages/airflow/example_dags/tutorial_dag.py for tasks to queue
[2024-05-09T20:32:27.194+0200] {logging_mixin.py:188} INFO - [2024-05-09T20:32:27.193+0200] {dagbag.py:540} INFO - Filling up the DagBag from /home/munya/.local/lib/python3.11/site-packages/airflow/example_dags/tutorial_dag.py
[2024-05-09T20:32:27.206+0200] {processor.py:840} INFO - DAG(s) 'tutorial_dag' retrieved from /home/munya/.local/lib/python3.11/site-packages/airflow/example_dags/tutorial_dag.py
[2024-05-09T20:32:27.232+0200] {logging_mixin.py:188} INFO - [2024-05-09T20:32:27.232+0200] {dag.py:3096} INFO - Sync 1 DAGs
[2024-05-09T20:32:27.258+0200] {logging_mixin.py:188} INFO - [2024-05-09T20:32:27.257+0200] {dag.py:3954} INFO - Setting next_dagrun for tutorial_dag to None, run_after=None
[2024-05-09T20:32:27.289+0200] {processor.py:183} INFO - Processing /home/munya/.local/lib/python3.11/site-packages/airflow/example_dags/tutorial_dag.py took 0.111 seconds
[2024-05-09T20:33:39.762+0200] {processor.py:161} INFO - Started process (PID=282217) to work on /home/munya/.local/lib/python3.11/site-packages/airflow/example_dags/tutorial_dag.py
[2024-05-09T20:33:39.764+0200] {processor.py:830} INFO - Processing file /home/munya/.local/lib/python3.11/site-packages/airflow/example_dags/tutorial_dag.py for tasks to queue
[2024-05-09T20:33:39.767+0200] {logging_mixin.py:188} INFO - [2024-05-09T20:33:39.766+0200] {dagbag.py:540} INFO - Filling up the DagBag from /home/munya/.local/lib/python3.11/site-packages/airflow/example_dags/tutorial_dag.py
[2024-05-09T20:33:39.778+0200] {processor.py:840} INFO - DAG(s) 'tutorial_dag' retrieved from /home/munya/.local/lib/python3.11/site-packages/airflow/example_dags/tutorial_dag.py
[2024-05-09T20:33:39.807+0200] {logging_mixin.py:188} INFO - [2024-05-09T20:33:39.807+0200] {dag.py:3096} INFO - Sync 1 DAGs
[2024-05-09T20:33:39.831+0200] {logging_mixin.py:188} INFO - [2024-05-09T20:33:39.831+0200] {dag.py:3954} INFO - Setting next_dagrun for tutorial_dag to None, run_after=None
[2024-05-09T20:33:39.864+0200] {processor.py:183} INFO - Processing /home/munya/.local/lib/python3.11/site-packages/airflow/example_dags/tutorial_dag.py took 0.114 seconds
[2024-05-09T20:34:51.185+0200] {processor.py:161} INFO - Started process (PID=283240) to work on /home/munya/.local/lib/python3.11/site-packages/airflow/example_dags/tutorial_dag.py
[2024-05-09T20:34:51.192+0200] {processor.py:830} INFO - Processing file /home/munya/.local/lib/python3.11/site-packages/airflow/example_dags/tutorial_dag.py for tasks to queue
[2024-05-09T20:34:51.197+0200] {logging_mixin.py:188} INFO - [2024-05-09T20:34:51.196+0200] {dagbag.py:540} INFO - Filling up the DagBag from /home/munya/.local/lib/python3.11/site-packages/airflow/example_dags/tutorial_dag.py
[2024-05-09T20:34:51.265+0200] {processor.py:840} INFO - DAG(s) 'tutorial_dag' retrieved from /home/munya/.local/lib/python3.11/site-packages/airflow/example_dags/tutorial_dag.py
[2024-05-09T20:34:51.378+0200] {logging_mixin.py:188} INFO - [2024-05-09T20:34:51.378+0200] {dag.py:3096} INFO - Sync 1 DAGs
[2024-05-09T20:34:51.405+0200] {logging_mixin.py:188} INFO - [2024-05-09T20:34:51.405+0200] {dag.py:3954} INFO - Setting next_dagrun for tutorial_dag to None, run_after=None
[2024-05-09T20:34:51.458+0200] {processor.py:183} INFO - Processing /home/munya/.local/lib/python3.11/site-packages/airflow/example_dags/tutorial_dag.py took 0.320 seconds
[2024-05-09T20:36:03.433+0200] {processor.py:161} INFO - Started process (PID=284305) to work on /home/munya/.local/lib/python3.11/site-packages/airflow/example_dags/tutorial_dag.py
[2024-05-09T20:36:03.435+0200] {processor.py:830} INFO - Processing file /home/munya/.local/lib/python3.11/site-packages/airflow/example_dags/tutorial_dag.py for tasks to queue
[2024-05-09T20:36:03.438+0200] {logging_mixin.py:188} INFO - [2024-05-09T20:36:03.437+0200] {dagbag.py:540} INFO - Filling up the DagBag from /home/munya/.local/lib/python3.11/site-packages/airflow/example_dags/tutorial_dag.py
[2024-05-09T20:36:03.448+0200] {processor.py:840} INFO - DAG(s) 'tutorial_dag' retrieved from /home/munya/.local/lib/python3.11/site-packages/airflow/example_dags/tutorial_dag.py
[2024-05-09T20:36:03.476+0200] {logging_mixin.py:188} INFO - [2024-05-09T20:36:03.476+0200] {dag.py:3096} INFO - Sync 1 DAGs
[2024-05-09T20:36:03.499+0200] {logging_mixin.py:188} INFO - [2024-05-09T20:36:03.499+0200] {dag.py:3954} INFO - Setting next_dagrun for tutorial_dag to None, run_after=None
[2024-05-09T20:36:03.552+0200] {processor.py:183} INFO - Processing /home/munya/.local/lib/python3.11/site-packages/airflow/example_dags/tutorial_dag.py took 0.128 seconds
[2024-05-09T20:37:19.195+0200] {processor.py:161} INFO - Started process (PID=285397) to work on /home/munya/.local/lib/python3.11/site-packages/airflow/example_dags/tutorial_dag.py
[2024-05-09T20:37:19.196+0200] {processor.py:830} INFO - Processing file /home/munya/.local/lib/python3.11/site-packages/airflow/example_dags/tutorial_dag.py for tasks to queue
[2024-05-09T20:37:19.199+0200] {logging_mixin.py:188} INFO - [2024-05-09T20:37:19.198+0200] {dagbag.py:540} INFO - Filling up the DagBag from /home/munya/.local/lib/python3.11/site-packages/airflow/example_dags/tutorial_dag.py
[2024-05-09T20:37:19.210+0200] {processor.py:840} INFO - DAG(s) 'tutorial_dag' retrieved from /home/munya/.local/lib/python3.11/site-packages/airflow/example_dags/tutorial_dag.py
[2024-05-09T20:37:19.238+0200] {logging_mixin.py:188} INFO - [2024-05-09T20:37:19.237+0200] {dag.py:3096} INFO - Sync 1 DAGs
[2024-05-09T20:37:19.258+0200] {logging_mixin.py:188} INFO - [2024-05-09T20:37:19.258+0200] {dag.py:3954} INFO - Setting next_dagrun for tutorial_dag to None, run_after=None
[2024-05-09T20:37:19.298+0200] {processor.py:183} INFO - Processing /home/munya/.local/lib/python3.11/site-packages/airflow/example_dags/tutorial_dag.py took 0.114 seconds
[2024-05-09T20:38:30.031+0200] {processor.py:161} INFO - Started process (PID=286413) to work on /home/munya/.local/lib/python3.11/site-packages/airflow/example_dags/tutorial_dag.py
[2024-05-09T20:38:30.033+0200] {processor.py:830} INFO - Processing file /home/munya/.local/lib/python3.11/site-packages/airflow/example_dags/tutorial_dag.py for tasks to queue
[2024-05-09T20:38:30.037+0200] {logging_mixin.py:188} INFO - [2024-05-09T20:38:30.036+0200] {dagbag.py:540} INFO - Filling up the DagBag from /home/munya/.local/lib/python3.11/site-packages/airflow/example_dags/tutorial_dag.py
[2024-05-09T20:38:30.049+0200] {processor.py:840} INFO - DAG(s) 'tutorial_dag' retrieved from /home/munya/.local/lib/python3.11/site-packages/airflow/example_dags/tutorial_dag.py
[2024-05-09T20:38:30.077+0200] {logging_mixin.py:188} INFO - [2024-05-09T20:38:30.077+0200] {dag.py:3096} INFO - Sync 1 DAGs
[2024-05-09T20:38:30.099+0200] {logging_mixin.py:188} INFO - [2024-05-09T20:38:30.098+0200] {dag.py:3954} INFO - Setting next_dagrun for tutorial_dag to None, run_after=None
[2024-05-09T20:38:30.134+0200] {processor.py:183} INFO - Processing /home/munya/.local/lib/python3.11/site-packages/airflow/example_dags/tutorial_dag.py took 0.116 seconds
[2024-05-09T20:39:49.326+0200] {processor.py:161} INFO - Started process (PID=287634) to work on /home/munya/.local/lib/python3.11/site-packages/airflow/example_dags/tutorial_dag.py
[2024-05-09T20:39:49.328+0200] {processor.py:830} INFO - Processing file /home/munya/.local/lib/python3.11/site-packages/airflow/example_dags/tutorial_dag.py for tasks to queue
[2024-05-09T20:39:49.334+0200] {logging_mixin.py:188} INFO - [2024-05-09T20:39:49.333+0200] {dagbag.py:540} INFO - Filling up the DagBag from /home/munya/.local/lib/python3.11/site-packages/airflow/example_dags/tutorial_dag.py
[2024-05-09T20:39:49.352+0200] {processor.py:840} INFO - DAG(s) 'tutorial_dag' retrieved from /home/munya/.local/lib/python3.11/site-packages/airflow/example_dags/tutorial_dag.py
[2024-05-09T20:39:49.399+0200] {logging_mixin.py:188} INFO - [2024-05-09T20:39:49.398+0200] {dag.py:3096} INFO - Sync 1 DAGs
[2024-05-09T20:39:49.435+0200] {logging_mixin.py:188} INFO - [2024-05-09T20:39:49.434+0200] {dag.py:3954} INFO - Setting next_dagrun for tutorial_dag to None, run_after=None
[2024-05-09T20:39:49.487+0200] {processor.py:183} INFO - Processing /home/munya/.local/lib/python3.11/site-packages/airflow/example_dags/tutorial_dag.py took 0.180 seconds
[2024-05-09T20:41:04.918+0200] {processor.py:161} INFO - Started process (PID=288865) to work on /home/munya/.local/lib/python3.11/site-packages/airflow/example_dags/tutorial_dag.py
[2024-05-09T20:41:04.919+0200] {processor.py:830} INFO - Processing file /home/munya/.local/lib/python3.11/site-packages/airflow/example_dags/tutorial_dag.py for tasks to queue
[2024-05-09T20:41:04.922+0200] {logging_mixin.py:188} INFO - [2024-05-09T20:41:04.921+0200] {dagbag.py:540} INFO - Filling up the DagBag from /home/munya/.local/lib/python3.11/site-packages/airflow/example_dags/tutorial_dag.py
[2024-05-09T20:41:04.931+0200] {processor.py:840} INFO - DAG(s) 'tutorial_dag' retrieved from /home/munya/.local/lib/python3.11/site-packages/airflow/example_dags/tutorial_dag.py
[2024-05-09T20:41:04.955+0200] {logging_mixin.py:188} INFO - [2024-05-09T20:41:04.955+0200] {dag.py:3096} INFO - Sync 1 DAGs
[2024-05-09T20:41:04.972+0200] {logging_mixin.py:188} INFO - [2024-05-09T20:41:04.972+0200] {dag.py:3954} INFO - Setting next_dagrun for tutorial_dag to None, run_after=None
[2024-05-09T20:41:05.002+0200] {processor.py:183} INFO - Processing /home/munya/.local/lib/python3.11/site-packages/airflow/example_dags/tutorial_dag.py took 0.093 seconds
[2024-05-09T20:42:23.589+0200] {processor.py:161} INFO - Started process (PID=290078) to work on /home/munya/.local/lib/python3.11/site-packages/airflow/example_dags/tutorial_dag.py
[2024-05-09T20:42:23.590+0200] {processor.py:830} INFO - Processing file /home/munya/.local/lib/python3.11/site-packages/airflow/example_dags/tutorial_dag.py for tasks to queue
[2024-05-09T20:42:23.593+0200] {logging_mixin.py:188} INFO - [2024-05-09T20:42:23.593+0200] {dagbag.py:540} INFO - Filling up the DagBag from /home/munya/.local/lib/python3.11/site-packages/airflow/example_dags/tutorial_dag.py
[2024-05-09T20:42:23.602+0200] {processor.py:840} INFO - DAG(s) 'tutorial_dag' retrieved from /home/munya/.local/lib/python3.11/site-packages/airflow/example_dags/tutorial_dag.py
[2024-05-09T20:42:23.630+0200] {logging_mixin.py:188} INFO - [2024-05-09T20:42:23.630+0200] {dag.py:3096} INFO - Sync 1 DAGs
[2024-05-09T20:42:23.648+0200] {logging_mixin.py:188} INFO - [2024-05-09T20:42:23.647+0200] {dag.py:3954} INFO - Setting next_dagrun for tutorial_dag to None, run_after=None
[2024-05-09T20:42:23.675+0200] {processor.py:183} INFO - Processing /home/munya/.local/lib/python3.11/site-packages/airflow/example_dags/tutorial_dag.py took 0.095 seconds
[2024-05-09T20:43:31.439+0200] {processor.py:161} INFO - Started process (PID=291064) to work on /home/munya/.local/lib/python3.11/site-packages/airflow/example_dags/tutorial_dag.py
[2024-05-09T20:43:31.441+0200] {processor.py:830} INFO - Processing file /home/munya/.local/lib/python3.11/site-packages/airflow/example_dags/tutorial_dag.py for tasks to queue
[2024-05-09T20:43:31.444+0200] {logging_mixin.py:188} INFO - [2024-05-09T20:43:31.443+0200] {dagbag.py:540} INFO - Filling up the DagBag from /home/munya/.local/lib/python3.11/site-packages/airflow/example_dags/tutorial_dag.py
[2024-05-09T20:43:31.455+0200] {processor.py:840} INFO - DAG(s) 'tutorial_dag' retrieved from /home/munya/.local/lib/python3.11/site-packages/airflow/example_dags/tutorial_dag.py
[2024-05-09T20:43:31.488+0200] {logging_mixin.py:188} INFO - [2024-05-09T20:43:31.487+0200] {dag.py:3096} INFO - Sync 1 DAGs
[2024-05-09T20:43:31.513+0200] {logging_mixin.py:188} INFO - [2024-05-09T20:43:31.512+0200] {dag.py:3954} INFO - Setting next_dagrun for tutorial_dag to None, run_after=None
[2024-05-09T20:43:31.548+0200] {processor.py:183} INFO - Processing /home/munya/.local/lib/python3.11/site-packages/airflow/example_dags/tutorial_dag.py took 0.119 seconds
[2024-05-09T20:44:48.705+0200] {processor.py:161} INFO - Started process (PID=292193) to work on /home/munya/.local/lib/python3.11/site-packages/airflow/example_dags/tutorial_dag.py
[2024-05-09T20:44:48.706+0200] {processor.py:830} INFO - Processing file /home/munya/.local/lib/python3.11/site-packages/airflow/example_dags/tutorial_dag.py for tasks to queue
[2024-05-09T20:44:48.712+0200] {logging_mixin.py:188} INFO - [2024-05-09T20:44:48.711+0200] {dagbag.py:540} INFO - Filling up the DagBag from /home/munya/.local/lib/python3.11/site-packages/airflow/example_dags/tutorial_dag.py
[2024-05-09T20:44:48.733+0200] {processor.py:840} INFO - DAG(s) 'tutorial_dag' retrieved from /home/munya/.local/lib/python3.11/site-packages/airflow/example_dags/tutorial_dag.py
[2024-05-09T20:44:48.759+0200] {logging_mixin.py:188} INFO - [2024-05-09T20:44:48.759+0200] {dag.py:3096} INFO - Sync 1 DAGs
[2024-05-09T20:44:48.785+0200] {logging_mixin.py:188} INFO - [2024-05-09T20:44:48.785+0200] {dag.py:3954} INFO - Setting next_dagrun for tutorial_dag to None, run_after=None
[2024-05-09T20:44:48.823+0200] {processor.py:183} INFO - Processing /home/munya/.local/lib/python3.11/site-packages/airflow/example_dags/tutorial_dag.py took 0.132 seconds
[2024-05-09T20:46:05.695+0200] {processor.py:161} INFO - Started process (PID=293271) to work on /home/munya/.local/lib/python3.11/site-packages/airflow/example_dags/tutorial_dag.py
[2024-05-09T20:46:05.698+0200] {processor.py:830} INFO - Processing file /home/munya/.local/lib/python3.11/site-packages/airflow/example_dags/tutorial_dag.py for tasks to queue
[2024-05-09T20:46:05.702+0200] {logging_mixin.py:188} INFO - [2024-05-09T20:46:05.701+0200] {dagbag.py:540} INFO - Filling up the DagBag from /home/munya/.local/lib/python3.11/site-packages/airflow/example_dags/tutorial_dag.py
[2024-05-09T20:46:05.716+0200] {processor.py:840} INFO - DAG(s) 'tutorial_dag' retrieved from /home/munya/.local/lib/python3.11/site-packages/airflow/example_dags/tutorial_dag.py
[2024-05-09T20:46:05.779+0200] {logging_mixin.py:188} INFO - [2024-05-09T20:46:05.779+0200] {dag.py:3096} INFO - Sync 1 DAGs
[2024-05-09T20:46:05.817+0200] {logging_mixin.py:188} INFO - [2024-05-09T20:46:05.816+0200] {dag.py:3954} INFO - Setting next_dagrun for tutorial_dag to None, run_after=None
[2024-05-09T20:46:05.855+0200] {processor.py:183} INFO - Processing /home/munya/.local/lib/python3.11/site-packages/airflow/example_dags/tutorial_dag.py took 0.216 seconds
[2024-05-09T20:46:45.420+0200] {processor.py:161} INFO - Started process (PID=293839) to work on /home/munya/.local/lib/python3.11/site-packages/airflow/example_dags/tutorial_dag.py
[2024-05-09T20:46:45.421+0200] {processor.py:830} INFO - Processing file /home/munya/.local/lib/python3.11/site-packages/airflow/example_dags/tutorial_dag.py for tasks to queue
[2024-05-09T20:46:45.425+0200] {logging_mixin.py:188} INFO - [2024-05-09T20:46:45.424+0200] {dagbag.py:540} INFO - Filling up the DagBag from /home/munya/.local/lib/python3.11/site-packages/airflow/example_dags/tutorial_dag.py
[2024-05-09T20:46:45.436+0200] {processor.py:840} INFO - DAG(s) 'tutorial_dag' retrieved from /home/munya/.local/lib/python3.11/site-packages/airflow/example_dags/tutorial_dag.py
[2024-05-09T20:46:45.469+0200] {logging_mixin.py:188} INFO - [2024-05-09T20:46:45.469+0200] {dag.py:3096} INFO - Sync 1 DAGs
[2024-05-09T20:46:45.492+0200] {logging_mixin.py:188} INFO - [2024-05-09T20:46:45.492+0200] {dag.py:3954} INFO - Setting next_dagrun for tutorial_dag to None, run_after=None
[2024-05-09T20:46:45.550+0200] {processor.py:183} INFO - Processing /home/munya/.local/lib/python3.11/site-packages/airflow/example_dags/tutorial_dag.py took 0.142 seconds
[2024-05-09T20:48:02.174+0200] {processor.py:161} INFO - Started process (PID=294964) to work on /home/munya/.local/lib/python3.11/site-packages/airflow/example_dags/tutorial_dag.py
[2024-05-09T20:48:02.176+0200] {processor.py:830} INFO - Processing file /home/munya/.local/lib/python3.11/site-packages/airflow/example_dags/tutorial_dag.py for tasks to queue
[2024-05-09T20:48:02.179+0200] {logging_mixin.py:188} INFO - [2024-05-09T20:48:02.178+0200] {dagbag.py:540} INFO - Filling up the DagBag from /home/munya/.local/lib/python3.11/site-packages/airflow/example_dags/tutorial_dag.py
[2024-05-09T20:48:02.188+0200] {processor.py:840} INFO - DAG(s) 'tutorial_dag' retrieved from /home/munya/.local/lib/python3.11/site-packages/airflow/example_dags/tutorial_dag.py
[2024-05-09T20:48:02.215+0200] {logging_mixin.py:188} INFO - [2024-05-09T20:48:02.214+0200] {dag.py:3096} INFO - Sync 1 DAGs
[2024-05-09T20:48:02.233+0200] {logging_mixin.py:188} INFO - [2024-05-09T20:48:02.233+0200] {dag.py:3954} INFO - Setting next_dagrun for tutorial_dag to None, run_after=None
[2024-05-09T20:48:02.267+0200] {processor.py:183} INFO - Processing /home/munya/.local/lib/python3.11/site-packages/airflow/example_dags/tutorial_dag.py took 0.103 seconds
[2024-05-09T20:49:18.637+0200] {processor.py:161} INFO - Started process (PID=296062) to work on /home/munya/.local/lib/python3.11/site-packages/airflow/example_dags/tutorial_dag.py
[2024-05-09T20:49:18.644+0200] {processor.py:830} INFO - Processing file /home/munya/.local/lib/python3.11/site-packages/airflow/example_dags/tutorial_dag.py for tasks to queue
[2024-05-09T20:49:18.648+0200] {logging_mixin.py:188} INFO - [2024-05-09T20:49:18.647+0200] {dagbag.py:540} INFO - Filling up the DagBag from /home/munya/.local/lib/python3.11/site-packages/airflow/example_dags/tutorial_dag.py
[2024-05-09T20:49:18.664+0200] {processor.py:840} INFO - DAG(s) 'tutorial_dag' retrieved from /home/munya/.local/lib/python3.11/site-packages/airflow/example_dags/tutorial_dag.py
[2024-05-09T20:49:18.696+0200] {logging_mixin.py:188} INFO - [2024-05-09T20:49:18.695+0200] {dag.py:3096} INFO - Sync 1 DAGs
[2024-05-09T20:49:18.723+0200] {logging_mixin.py:188} INFO - [2024-05-09T20:49:18.722+0200] {dag.py:3954} INFO - Setting next_dagrun for tutorial_dag to None, run_after=None
[2024-05-09T20:49:18.760+0200] {processor.py:183} INFO - Processing /home/munya/.local/lib/python3.11/site-packages/airflow/example_dags/tutorial_dag.py took 0.137 seconds
[2024-05-09T20:50:28.180+0200] {processor.py:161} INFO - Started process (PID=297118) to work on /home/munya/.local/lib/python3.11/site-packages/airflow/example_dags/tutorial_dag.py
[2024-05-09T20:50:28.182+0200] {processor.py:830} INFO - Processing file /home/munya/.local/lib/python3.11/site-packages/airflow/example_dags/tutorial_dag.py for tasks to queue
[2024-05-09T20:50:28.186+0200] {logging_mixin.py:188} INFO - [2024-05-09T20:50:28.185+0200] {dagbag.py:540} INFO - Filling up the DagBag from /home/munya/.local/lib/python3.11/site-packages/airflow/example_dags/tutorial_dag.py
[2024-05-09T20:50:28.199+0200] {processor.py:840} INFO - DAG(s) 'tutorial_dag' retrieved from /home/munya/.local/lib/python3.11/site-packages/airflow/example_dags/tutorial_dag.py
[2024-05-09T20:50:28.233+0200] {logging_mixin.py:188} INFO - [2024-05-09T20:50:28.233+0200] {dag.py:3096} INFO - Sync 1 DAGs
[2024-05-09T20:50:28.263+0200] {logging_mixin.py:188} INFO - [2024-05-09T20:50:28.262+0200] {dag.py:3954} INFO - Setting next_dagrun for tutorial_dag to None, run_after=None
[2024-05-09T20:50:28.302+0200] {processor.py:183} INFO - Processing /home/munya/.local/lib/python3.11/site-packages/airflow/example_dags/tutorial_dag.py took 0.135 seconds
