[2024-05-24T05:43:55.367+0200] {processor.py:161} INFO - Started process (PID=490688) to work on /home/munya/anaconda3/lib/python3.11/site-packages/airflow/example_dags/example_latest_only_with_trigger.py
[2024-05-24T05:43:55.370+0200] {processor.py:830} INFO - Processing file /home/munya/anaconda3/lib/python3.11/site-packages/airflow/example_dags/example_latest_only_with_trigger.py for tasks to queue
[2024-05-24T05:43:55.373+0200] {logging_mixin.py:188} INFO - [2024-05-24T05:43:55.371+0200] {dagbag.py:545} INFO - Filling up the DagBag from /home/munya/anaconda3/lib/python3.11/site-packages/airflow/example_dags/example_latest_only_with_trigger.py
[2024-05-24T05:43:55.401+0200] {processor.py:840} INFO - DAG(s) 'latest_only_with_trigger' retrieved from /home/munya/anaconda3/lib/python3.11/site-packages/airflow/example_dags/example_latest_only_with_trigger.py
[2024-05-24T05:43:55.463+0200] {logging_mixin.py:188} INFO - [2024-05-24T05:43:55.462+0200] {dag.py:3096} INFO - Sync 1 DAGs
[2024-05-24T05:43:55.524+0200] {logging_mixin.py:188} INFO - [2024-05-24T05:43:55.523+0200] {dag.py:3954} INFO - Setting next_dagrun for latest_only_with_trigger to 2024-05-23 20:00:00+00:00, run_after=2024-05-24 00:00:00+00:00
[2024-05-24T05:43:55.570+0200] {processor.py:183} INFO - Processing /home/munya/anaconda3/lib/python3.11/site-packages/airflow/example_dags/example_latest_only_with_trigger.py took 0.225 seconds
[2024-05-24T05:46:10.821+0200] {processor.py:161} INFO - Started process (PID=493103) to work on /home/munya/anaconda3/lib/python3.11/site-packages/airflow/example_dags/example_latest_only_with_trigger.py
[2024-05-24T05:46:10.825+0200] {processor.py:830} INFO - Processing file /home/munya/anaconda3/lib/python3.11/site-packages/airflow/example_dags/example_latest_only_with_trigger.py for tasks to queue
[2024-05-24T05:46:10.828+0200] {logging_mixin.py:188} INFO - [2024-05-24T05:46:10.827+0200] {dagbag.py:545} INFO - Filling up the DagBag from /home/munya/anaconda3/lib/python3.11/site-packages/airflow/example_dags/example_latest_only_with_trigger.py
[2024-05-24T05:46:10.858+0200] {processor.py:840} INFO - DAG(s) 'latest_only_with_trigger' retrieved from /home/munya/anaconda3/lib/python3.11/site-packages/airflow/example_dags/example_latest_only_with_trigger.py
[2024-05-24T05:46:10.914+0200] {logging_mixin.py:188} INFO - [2024-05-24T05:46:10.913+0200] {dag.py:3096} INFO - Sync 1 DAGs
[2024-05-24T05:46:10.940+0200] {logging_mixin.py:188} INFO - [2024-05-24T05:46:10.940+0200] {dag.py:3954} INFO - Setting next_dagrun for latest_only_with_trigger to 2024-05-23 20:00:00+00:00, run_after=2024-05-24 00:00:00+00:00
[2024-05-24T05:46:10.967+0200] {processor.py:183} INFO - Processing /home/munya/anaconda3/lib/python3.11/site-packages/airflow/example_dags/example_latest_only_with_trigger.py took 0.181 seconds
[2024-05-24T05:47:57.197+0200] {processor.py:161} INFO - Started process (PID=494945) to work on /home/munya/anaconda3/lib/python3.11/site-packages/airflow/example_dags/example_latest_only_with_trigger.py
[2024-05-24T05:47:57.201+0200] {processor.py:830} INFO - Processing file /home/munya/anaconda3/lib/python3.11/site-packages/airflow/example_dags/example_latest_only_with_trigger.py for tasks to queue
[2024-05-24T05:47:57.205+0200] {logging_mixin.py:188} INFO - [2024-05-24T05:47:57.203+0200] {dagbag.py:545} INFO - Filling up the DagBag from /home/munya/anaconda3/lib/python3.11/site-packages/airflow/example_dags/example_latest_only_with_trigger.py
[2024-05-24T05:47:57.226+0200] {processor.py:840} INFO - DAG(s) 'latest_only_with_trigger' retrieved from /home/munya/anaconda3/lib/python3.11/site-packages/airflow/example_dags/example_latest_only_with_trigger.py
[2024-05-24T05:47:57.277+0200] {logging_mixin.py:188} INFO - [2024-05-24T05:47:57.277+0200] {dag.py:3096} INFO - Sync 1 DAGs
[2024-05-24T05:47:57.306+0200] {logging_mixin.py:188} INFO - [2024-05-24T05:47:57.306+0200] {dag.py:3954} INFO - Setting next_dagrun for latest_only_with_trigger to 2024-05-23 20:00:00+00:00, run_after=2024-05-24 00:00:00+00:00
[2024-05-24T05:47:57.334+0200] {processor.py:183} INFO - Processing /home/munya/anaconda3/lib/python3.11/site-packages/airflow/example_dags/example_latest_only_with_trigger.py took 0.158 seconds
[2024-05-24T05:49:34.727+0200] {processor.py:161} INFO - Started process (PID=496645) to work on /home/munya/anaconda3/lib/python3.11/site-packages/airflow/example_dags/example_latest_only_with_trigger.py
[2024-05-24T05:49:34.731+0200] {processor.py:830} INFO - Processing file /home/munya/anaconda3/lib/python3.11/site-packages/airflow/example_dags/example_latest_only_with_trigger.py for tasks to queue
[2024-05-24T05:49:34.736+0200] {logging_mixin.py:188} INFO - [2024-05-24T05:49:34.733+0200] {dagbag.py:545} INFO - Filling up the DagBag from /home/munya/anaconda3/lib/python3.11/site-packages/airflow/example_dags/example_latest_only_with_trigger.py
[2024-05-24T05:49:34.773+0200] {processor.py:840} INFO - DAG(s) 'latest_only_with_trigger' retrieved from /home/munya/anaconda3/lib/python3.11/site-packages/airflow/example_dags/example_latest_only_with_trigger.py
[2024-05-24T05:49:34.844+0200] {logging_mixin.py:188} INFO - [2024-05-24T05:49:34.843+0200] {dag.py:3096} INFO - Sync 1 DAGs
[2024-05-24T05:49:34.874+0200] {logging_mixin.py:188} INFO - [2024-05-24T05:49:34.873+0200] {dag.py:3954} INFO - Setting next_dagrun for latest_only_with_trigger to 2024-05-23 20:00:00+00:00, run_after=2024-05-24 00:00:00+00:00
[2024-05-24T05:49:34.904+0200] {processor.py:183} INFO - Processing /home/munya/anaconda3/lib/python3.11/site-packages/airflow/example_dags/example_latest_only_with_trigger.py took 0.216 seconds
[2024-05-24T05:51:29.211+0200] {processor.py:161} INFO - Started process (PID=498554) to work on /home/munya/anaconda3/lib/python3.11/site-packages/airflow/example_dags/example_latest_only_with_trigger.py
[2024-05-24T05:51:29.216+0200] {processor.py:830} INFO - Processing file /home/munya/anaconda3/lib/python3.11/site-packages/airflow/example_dags/example_latest_only_with_trigger.py for tasks to queue
[2024-05-24T05:51:29.222+0200] {logging_mixin.py:188} INFO - [2024-05-24T05:51:29.220+0200] {dagbag.py:545} INFO - Filling up the DagBag from /home/munya/anaconda3/lib/python3.11/site-packages/airflow/example_dags/example_latest_only_with_trigger.py
[2024-05-24T05:51:29.277+0200] {processor.py:840} INFO - DAG(s) 'latest_only_with_trigger' retrieved from /home/munya/anaconda3/lib/python3.11/site-packages/airflow/example_dags/example_latest_only_with_trigger.py
[2024-05-24T05:51:29.374+0200] {logging_mixin.py:188} INFO - [2024-05-24T05:51:29.373+0200] {dag.py:3096} INFO - Sync 1 DAGs
[2024-05-24T05:51:29.414+0200] {logging_mixin.py:188} INFO - [2024-05-24T05:51:29.413+0200] {dag.py:3954} INFO - Setting next_dagrun for latest_only_with_trigger to 2024-05-23 20:00:00+00:00, run_after=2024-05-24 00:00:00+00:00
[2024-05-24T05:51:29.442+0200] {processor.py:183} INFO - Processing /home/munya/anaconda3/lib/python3.11/site-packages/airflow/example_dags/example_latest_only_with_trigger.py took 0.272 seconds
[2024-05-24T05:52:59.272+0200] {processor.py:161} INFO - Started process (PID=500126) to work on /home/munya/anaconda3/lib/python3.11/site-packages/airflow/example_dags/example_latest_only_with_trigger.py
[2024-05-24T05:52:59.277+0200] {processor.py:830} INFO - Processing file /home/munya/anaconda3/lib/python3.11/site-packages/airflow/example_dags/example_latest_only_with_trigger.py for tasks to queue
[2024-05-24T05:52:59.281+0200] {logging_mixin.py:188} INFO - [2024-05-24T05:52:59.279+0200] {dagbag.py:545} INFO - Filling up the DagBag from /home/munya/anaconda3/lib/python3.11/site-packages/airflow/example_dags/example_latest_only_with_trigger.py
[2024-05-24T05:52:59.316+0200] {processor.py:840} INFO - DAG(s) 'latest_only_with_trigger' retrieved from /home/munya/anaconda3/lib/python3.11/site-packages/airflow/example_dags/example_latest_only_with_trigger.py
[2024-05-24T05:52:59.388+0200] {logging_mixin.py:188} INFO - [2024-05-24T05:52:59.387+0200] {dag.py:3096} INFO - Sync 1 DAGs
[2024-05-24T05:52:59.419+0200] {logging_mixin.py:188} INFO - [2024-05-24T05:52:59.418+0200] {dag.py:3954} INFO - Setting next_dagrun for latest_only_with_trigger to 2024-05-23 20:00:00+00:00, run_after=2024-05-24 00:00:00+00:00
[2024-05-24T05:52:59.453+0200] {processor.py:183} INFO - Processing /home/munya/anaconda3/lib/python3.11/site-packages/airflow/example_dags/example_latest_only_with_trigger.py took 0.216 seconds
[2024-05-24T05:54:26.543+0200] {processor.py:161} INFO - Started process (PID=501623) to work on /home/munya/anaconda3/lib/python3.11/site-packages/airflow/example_dags/example_latest_only_with_trigger.py
[2024-05-24T05:54:26.549+0200] {processor.py:830} INFO - Processing file /home/munya/anaconda3/lib/python3.11/site-packages/airflow/example_dags/example_latest_only_with_trigger.py for tasks to queue
[2024-05-24T05:54:26.556+0200] {logging_mixin.py:188} INFO - [2024-05-24T05:54:26.553+0200] {dagbag.py:545} INFO - Filling up the DagBag from /home/munya/anaconda3/lib/python3.11/site-packages/airflow/example_dags/example_latest_only_with_trigger.py
[2024-05-24T05:54:26.606+0200] {processor.py:840} INFO - DAG(s) 'latest_only_with_trigger' retrieved from /home/munya/anaconda3/lib/python3.11/site-packages/airflow/example_dags/example_latest_only_with_trigger.py
[2024-05-24T05:54:26.678+0200] {logging_mixin.py:188} INFO - [2024-05-24T05:54:26.677+0200] {dag.py:3096} INFO - Sync 1 DAGs
[2024-05-24T05:54:26.720+0200] {logging_mixin.py:188} INFO - [2024-05-24T05:54:26.720+0200] {dag.py:3954} INFO - Setting next_dagrun for latest_only_with_trigger to 2024-05-23 20:00:00+00:00, run_after=2024-05-24 00:00:00+00:00
[2024-05-24T05:54:26.787+0200] {processor.py:183} INFO - Processing /home/munya/anaconda3/lib/python3.11/site-packages/airflow/example_dags/example_latest_only_with_trigger.py took 0.306 seconds
[2024-05-24T05:56:24.765+0200] {processor.py:161} INFO - Started process (PID=503677) to work on /home/munya/anaconda3/lib/python3.11/site-packages/airflow/example_dags/example_latest_only_with_trigger.py
[2024-05-24T05:56:24.770+0200] {processor.py:830} INFO - Processing file /home/munya/anaconda3/lib/python3.11/site-packages/airflow/example_dags/example_latest_only_with_trigger.py for tasks to queue
[2024-05-24T05:56:24.774+0200] {logging_mixin.py:188} INFO - [2024-05-24T05:56:24.772+0200] {dagbag.py:545} INFO - Filling up the DagBag from /home/munya/anaconda3/lib/python3.11/site-packages/airflow/example_dags/example_latest_only_with_trigger.py
[2024-05-24T05:56:24.799+0200] {processor.py:840} INFO - DAG(s) 'latest_only_with_trigger' retrieved from /home/munya/anaconda3/lib/python3.11/site-packages/airflow/example_dags/example_latest_only_with_trigger.py
[2024-05-24T05:56:24.861+0200] {logging_mixin.py:188} INFO - [2024-05-24T05:56:24.861+0200] {dag.py:3096} INFO - Sync 1 DAGs
[2024-05-24T05:56:24.899+0200] {logging_mixin.py:188} INFO - [2024-05-24T05:56:24.898+0200] {dag.py:3954} INFO - Setting next_dagrun for latest_only_with_trigger to 2024-05-23 20:00:00+00:00, run_after=2024-05-24 00:00:00+00:00
[2024-05-24T05:56:24.928+0200] {processor.py:183} INFO - Processing /home/munya/anaconda3/lib/python3.11/site-packages/airflow/example_dags/example_latest_only_with_trigger.py took 0.191 seconds
[2024-05-24T05:58:00.144+0200] {processor.py:161} INFO - Started process (PID=505279) to work on /home/munya/anaconda3/lib/python3.11/site-packages/airflow/example_dags/example_latest_only_with_trigger.py
[2024-05-24T05:58:00.147+0200] {processor.py:830} INFO - Processing file /home/munya/anaconda3/lib/python3.11/site-packages/airflow/example_dags/example_latest_only_with_trigger.py for tasks to queue
[2024-05-24T05:58:00.150+0200] {logging_mixin.py:188} INFO - [2024-05-24T05:58:00.148+0200] {dagbag.py:545} INFO - Filling up the DagBag from /home/munya/anaconda3/lib/python3.11/site-packages/airflow/example_dags/example_latest_only_with_trigger.py
[2024-05-24T05:58:00.176+0200] {processor.py:840} INFO - DAG(s) 'latest_only_with_trigger' retrieved from /home/munya/anaconda3/lib/python3.11/site-packages/airflow/example_dags/example_latest_only_with_trigger.py
[2024-05-24T05:58:00.214+0200] {logging_mixin.py:188} INFO - [2024-05-24T05:58:00.214+0200] {dag.py:3096} INFO - Sync 1 DAGs
[2024-05-24T05:58:00.241+0200] {logging_mixin.py:188} INFO - [2024-05-24T05:58:00.241+0200] {dag.py:3954} INFO - Setting next_dagrun for latest_only_with_trigger to 2024-05-23 20:00:00+00:00, run_after=2024-05-24 00:00:00+00:00
[2024-05-24T05:58:00.269+0200] {processor.py:183} INFO - Processing /home/munya/anaconda3/lib/python3.11/site-packages/airflow/example_dags/example_latest_only_with_trigger.py took 0.150 seconds
[2024-05-24T05:59:30.980+0200] {processor.py:161} INFO - Started process (PID=506816) to work on /home/munya/anaconda3/lib/python3.11/site-packages/airflow/example_dags/example_latest_only_with_trigger.py
[2024-05-24T05:59:30.984+0200] {processor.py:830} INFO - Processing file /home/munya/anaconda3/lib/python3.11/site-packages/airflow/example_dags/example_latest_only_with_trigger.py for tasks to queue
[2024-05-24T05:59:30.987+0200] {logging_mixin.py:188} INFO - [2024-05-24T05:59:30.985+0200] {dagbag.py:545} INFO - Filling up the DagBag from /home/munya/anaconda3/lib/python3.11/site-packages/airflow/example_dags/example_latest_only_with_trigger.py
[2024-05-24T05:59:31.012+0200] {processor.py:840} INFO - DAG(s) 'latest_only_with_trigger' retrieved from /home/munya/anaconda3/lib/python3.11/site-packages/airflow/example_dags/example_latest_only_with_trigger.py
[2024-05-24T05:59:31.085+0200] {logging_mixin.py:188} INFO - [2024-05-24T05:59:31.084+0200] {dag.py:3096} INFO - Sync 1 DAGs
[2024-05-24T05:59:31.122+0200] {logging_mixin.py:188} INFO - [2024-05-24T05:59:31.121+0200] {dag.py:3954} INFO - Setting next_dagrun for latest_only_with_trigger to 2024-05-23 20:00:00+00:00, run_after=2024-05-24 00:00:00+00:00
[2024-05-24T05:59:31.147+0200] {processor.py:183} INFO - Processing /home/munya/anaconda3/lib/python3.11/site-packages/airflow/example_dags/example_latest_only_with_trigger.py took 0.193 seconds
[2024-05-24T07:30:16.862+0200] {processor.py:161} INFO - Started process (PID=509536) to work on /home/munya/anaconda3/lib/python3.11/site-packages/airflow/example_dags/example_latest_only_with_trigger.py
[2024-05-24T07:30:16.863+0200] {processor.py:830} INFO - Processing file /home/munya/anaconda3/lib/python3.11/site-packages/airflow/example_dags/example_latest_only_with_trigger.py for tasks to queue
[2024-05-24T07:30:16.863+0200] {logging_mixin.py:188} INFO - [2024-05-24T07:30:16.863+0200] {dagbag.py:545} INFO - Filling up the DagBag from /home/munya/anaconda3/lib/python3.11/site-packages/airflow/example_dags/example_latest_only_with_trigger.py
[2024-05-24T07:30:16.870+0200] {processor.py:840} INFO - DAG(s) 'latest_only_with_trigger' retrieved from /home/munya/anaconda3/lib/python3.11/site-packages/airflow/example_dags/example_latest_only_with_trigger.py
[2024-05-24T07:30:16.884+0200] {logging_mixin.py:188} INFO - [2024-05-24T07:30:16.884+0200] {dag.py:3096} INFO - Sync 1 DAGs
[2024-05-24T07:30:16.901+0200] {logging_mixin.py:188} INFO - [2024-05-24T07:30:16.901+0200] {dag.py:3954} INFO - Setting next_dagrun for latest_only_with_trigger to 2024-05-24 00:00:00+00:00, run_after=2024-05-24 04:00:00+00:00
[2024-05-24T07:30:16.921+0200] {processor.py:183} INFO - Processing /home/munya/anaconda3/lib/python3.11/site-packages/airflow/example_dags/example_latest_only_with_trigger.py took 0.064 seconds
[2024-05-24T07:31:55.597+0200] {processor.py:161} INFO - Started process (PID=511462) to work on /home/munya/anaconda3/lib/python3.11/site-packages/airflow/example_dags/example_latest_only_with_trigger.py
[2024-05-24T07:31:55.598+0200] {processor.py:830} INFO - Processing file /home/munya/anaconda3/lib/python3.11/site-packages/airflow/example_dags/example_latest_only_with_trigger.py for tasks to queue
[2024-05-24T07:31:55.599+0200] {logging_mixin.py:188} INFO - [2024-05-24T07:31:55.598+0200] {dagbag.py:545} INFO - Filling up the DagBag from /home/munya/anaconda3/lib/python3.11/site-packages/airflow/example_dags/example_latest_only_with_trigger.py
[2024-05-24T07:31:55.606+0200] {processor.py:840} INFO - DAG(s) 'latest_only_with_trigger' retrieved from /home/munya/anaconda3/lib/python3.11/site-packages/airflow/example_dags/example_latest_only_with_trigger.py
[2024-05-24T07:31:55.619+0200] {logging_mixin.py:188} INFO - [2024-05-24T07:31:55.619+0200] {dag.py:3096} INFO - Sync 1 DAGs
[2024-05-24T07:31:55.634+0200] {logging_mixin.py:188} INFO - [2024-05-24T07:31:55.634+0200] {dag.py:3954} INFO - Setting next_dagrun for latest_only_with_trigger to 2024-05-24 00:00:00+00:00, run_after=2024-05-24 04:00:00+00:00
[2024-05-24T07:31:55.651+0200] {processor.py:183} INFO - Processing /home/munya/anaconda3/lib/python3.11/site-packages/airflow/example_dags/example_latest_only_with_trigger.py took 0.060 seconds
[2024-05-24T07:32:56.534+0200] {processor.py:161} INFO - Started process (PID=512586) to work on /home/munya/anaconda3/lib/python3.11/site-packages/airflow/example_dags/example_latest_only_with_trigger.py
[2024-05-24T07:32:56.537+0200] {processor.py:830} INFO - Processing file /home/munya/anaconda3/lib/python3.11/site-packages/airflow/example_dags/example_latest_only_with_trigger.py for tasks to queue
[2024-05-24T07:32:56.541+0200] {logging_mixin.py:188} INFO - [2024-05-24T07:32:56.539+0200] {dagbag.py:545} INFO - Filling up the DagBag from /home/munya/anaconda3/lib/python3.11/site-packages/airflow/example_dags/example_latest_only_with_trigger.py
[2024-05-24T07:32:56.565+0200] {processor.py:840} INFO - DAG(s) 'latest_only_with_trigger' retrieved from /home/munya/anaconda3/lib/python3.11/site-packages/airflow/example_dags/example_latest_only_with_trigger.py
[2024-05-24T07:32:56.637+0200] {logging_mixin.py:188} INFO - [2024-05-24T07:32:56.635+0200] {dag.py:3096} INFO - Sync 1 DAGs
[2024-05-24T07:32:56.701+0200] {logging_mixin.py:188} INFO - [2024-05-24T07:32:56.700+0200] {dag.py:3954} INFO - Setting next_dagrun for latest_only_with_trigger to 2024-05-24 00:00:00+00:00, run_after=2024-05-24 04:00:00+00:00
[2024-05-24T07:32:56.757+0200] {processor.py:183} INFO - Processing /home/munya/anaconda3/lib/python3.11/site-packages/airflow/example_dags/example_latest_only_with_trigger.py took 0.242 seconds
[2024-05-24T07:34:08.107+0200] {processor.py:161} INFO - Started process (PID=513938) to work on /home/munya/anaconda3/lib/python3.11/site-packages/airflow/example_dags/example_latest_only_with_trigger.py
[2024-05-24T07:34:08.107+0200] {processor.py:830} INFO - Processing file /home/munya/anaconda3/lib/python3.11/site-packages/airflow/example_dags/example_latest_only_with_trigger.py for tasks to queue
[2024-05-24T07:34:08.108+0200] {logging_mixin.py:188} INFO - [2024-05-24T07:34:08.108+0200] {dagbag.py:545} INFO - Filling up the DagBag from /home/munya/anaconda3/lib/python3.11/site-packages/airflow/example_dags/example_latest_only_with_trigger.py
[2024-05-24T07:34:08.115+0200] {processor.py:840} INFO - DAG(s) 'latest_only_with_trigger' retrieved from /home/munya/anaconda3/lib/python3.11/site-packages/airflow/example_dags/example_latest_only_with_trigger.py
[2024-05-24T07:34:08.130+0200] {logging_mixin.py:188} INFO - [2024-05-24T07:34:08.130+0200] {dag.py:3096} INFO - Sync 1 DAGs
[2024-05-24T07:34:08.144+0200] {logging_mixin.py:188} INFO - [2024-05-24T07:34:08.144+0200] {dag.py:3954} INFO - Setting next_dagrun for latest_only_with_trigger to 2024-05-24 00:00:00+00:00, run_after=2024-05-24 04:00:00+00:00
[2024-05-24T07:34:08.163+0200] {processor.py:183} INFO - Processing /home/munya/anaconda3/lib/python3.11/site-packages/airflow/example_dags/example_latest_only_with_trigger.py took 0.062 seconds
[2024-05-24T07:35:14.199+0200] {processor.py:161} INFO - Started process (PID=515116) to work on /home/munya/anaconda3/lib/python3.11/site-packages/airflow/example_dags/example_latest_only_with_trigger.py
[2024-05-24T07:35:14.200+0200] {processor.py:830} INFO - Processing file /home/munya/anaconda3/lib/python3.11/site-packages/airflow/example_dags/example_latest_only_with_trigger.py for tasks to queue
[2024-05-24T07:35:14.200+0200] {logging_mixin.py:188} INFO - [2024-05-24T07:35:14.200+0200] {dagbag.py:545} INFO - Filling up the DagBag from /home/munya/anaconda3/lib/python3.11/site-packages/airflow/example_dags/example_latest_only_with_trigger.py
[2024-05-24T07:35:14.206+0200] {processor.py:840} INFO - DAG(s) 'latest_only_with_trigger' retrieved from /home/munya/anaconda3/lib/python3.11/site-packages/airflow/example_dags/example_latest_only_with_trigger.py
[2024-05-24T07:35:14.220+0200] {logging_mixin.py:188} INFO - [2024-05-24T07:35:14.220+0200] {dag.py:3096} INFO - Sync 1 DAGs
[2024-05-24T07:35:14.235+0200] {logging_mixin.py:188} INFO - [2024-05-24T07:35:14.235+0200] {dag.py:3954} INFO - Setting next_dagrun for latest_only_with_trigger to 2024-05-24 00:00:00+00:00, run_after=2024-05-24 04:00:00+00:00
[2024-05-24T07:35:14.251+0200] {processor.py:183} INFO - Processing /home/munya/anaconda3/lib/python3.11/site-packages/airflow/example_dags/example_latest_only_with_trigger.py took 0.059 seconds
[2024-05-24T07:36:38.554+0200] {processor.py:161} INFO - Started process (PID=516738) to work on /home/munya/anaconda3/lib/python3.11/site-packages/airflow/example_dags/example_latest_only_with_trigger.py
[2024-05-24T07:36:38.555+0200] {processor.py:830} INFO - Processing file /home/munya/anaconda3/lib/python3.11/site-packages/airflow/example_dags/example_latest_only_with_trigger.py for tasks to queue
[2024-05-24T07:36:38.557+0200] {logging_mixin.py:188} INFO - [2024-05-24T07:36:38.556+0200] {dagbag.py:545} INFO - Filling up the DagBag from /home/munya/anaconda3/lib/python3.11/site-packages/airflow/example_dags/example_latest_only_with_trigger.py
[2024-05-24T07:36:38.563+0200] {processor.py:840} INFO - DAG(s) 'latest_only_with_trigger' retrieved from /home/munya/anaconda3/lib/python3.11/site-packages/airflow/example_dags/example_latest_only_with_trigger.py
[2024-05-24T07:36:38.578+0200] {logging_mixin.py:188} INFO - [2024-05-24T07:36:38.578+0200] {dag.py:3096} INFO - Sync 1 DAGs
[2024-05-24T07:36:38.592+0200] {logging_mixin.py:188} INFO - [2024-05-24T07:36:38.592+0200] {dag.py:3954} INFO - Setting next_dagrun for latest_only_with_trigger to 2024-05-24 00:00:00+00:00, run_after=2024-05-24 04:00:00+00:00
[2024-05-24T07:36:38.611+0200] {processor.py:183} INFO - Processing /home/munya/anaconda3/lib/python3.11/site-packages/airflow/example_dags/example_latest_only_with_trigger.py took 0.062 seconds
[2024-05-24T07:37:39.686+0200] {processor.py:161} INFO - Started process (PID=517870) to work on /home/munya/anaconda3/lib/python3.11/site-packages/airflow/example_dags/example_latest_only_with_trigger.py
[2024-05-24T07:37:39.687+0200] {processor.py:830} INFO - Processing file /home/munya/anaconda3/lib/python3.11/site-packages/airflow/example_dags/example_latest_only_with_trigger.py for tasks to queue
[2024-05-24T07:37:39.688+0200] {logging_mixin.py:188} INFO - [2024-05-24T07:37:39.687+0200] {dagbag.py:545} INFO - Filling up the DagBag from /home/munya/anaconda3/lib/python3.11/site-packages/airflow/example_dags/example_latest_only_with_trigger.py
[2024-05-24T07:37:39.695+0200] {processor.py:840} INFO - DAG(s) 'latest_only_with_trigger' retrieved from /home/munya/anaconda3/lib/python3.11/site-packages/airflow/example_dags/example_latest_only_with_trigger.py
[2024-05-24T07:37:39.710+0200] {logging_mixin.py:188} INFO - [2024-05-24T07:37:39.709+0200] {dag.py:3096} INFO - Sync 1 DAGs
[2024-05-24T07:37:39.724+0200] {logging_mixin.py:188} INFO - [2024-05-24T07:37:39.724+0200] {dag.py:3954} INFO - Setting next_dagrun for latest_only_with_trigger to 2024-05-24 00:00:00+00:00, run_after=2024-05-24 04:00:00+00:00
[2024-05-24T07:37:39.740+0200] {processor.py:183} INFO - Processing /home/munya/anaconda3/lib/python3.11/site-packages/airflow/example_dags/example_latest_only_with_trigger.py took 0.059 seconds
[2024-05-24T07:38:37.810+0200] {processor.py:161} INFO - Started process (PID=518902) to work on /home/munya/anaconda3/lib/python3.11/site-packages/airflow/example_dags/example_latest_only_with_trigger.py
[2024-05-24T07:38:37.811+0200] {processor.py:830} INFO - Processing file /home/munya/anaconda3/lib/python3.11/site-packages/airflow/example_dags/example_latest_only_with_trigger.py for tasks to queue
[2024-05-24T07:38:37.812+0200] {logging_mixin.py:188} INFO - [2024-05-24T07:38:37.812+0200] {dagbag.py:545} INFO - Filling up the DagBag from /home/munya/anaconda3/lib/python3.11/site-packages/airflow/example_dags/example_latest_only_with_trigger.py
[2024-05-24T07:38:37.819+0200] {processor.py:840} INFO - DAG(s) 'latest_only_with_trigger' retrieved from /home/munya/anaconda3/lib/python3.11/site-packages/airflow/example_dags/example_latest_only_with_trigger.py
[2024-05-24T07:38:37.832+0200] {logging_mixin.py:188} INFO - [2024-05-24T07:38:37.832+0200] {dag.py:3096} INFO - Sync 1 DAGs
[2024-05-24T07:38:37.846+0200] {logging_mixin.py:188} INFO - [2024-05-24T07:38:37.846+0200] {dag.py:3954} INFO - Setting next_dagrun for latest_only_with_trigger to 2024-05-24 00:00:00+00:00, run_after=2024-05-24 04:00:00+00:00
[2024-05-24T07:38:37.865+0200] {processor.py:183} INFO - Processing /home/munya/anaconda3/lib/python3.11/site-packages/airflow/example_dags/example_latest_only_with_trigger.py took 0.061 seconds
[2024-05-24T07:39:47.117+0200] {processor.py:161} INFO - Started process (PID=520243) to work on /home/munya/anaconda3/lib/python3.11/site-packages/airflow/example_dags/example_latest_only_with_trigger.py
[2024-05-24T07:39:47.121+0200] {processor.py:830} INFO - Processing file /home/munya/anaconda3/lib/python3.11/site-packages/airflow/example_dags/example_latest_only_with_trigger.py for tasks to queue
[2024-05-24T07:39:47.123+0200] {logging_mixin.py:188} INFO - [2024-05-24T07:39:47.122+0200] {dagbag.py:545} INFO - Filling up the DagBag from /home/munya/anaconda3/lib/python3.11/site-packages/airflow/example_dags/example_latest_only_with_trigger.py
[2024-05-24T07:39:47.147+0200] {processor.py:840} INFO - DAG(s) 'latest_only_with_trigger' retrieved from /home/munya/anaconda3/lib/python3.11/site-packages/airflow/example_dags/example_latest_only_with_trigger.py
[2024-05-24T07:39:47.200+0200] {logging_mixin.py:188} INFO - [2024-05-24T07:39:47.199+0200] {dag.py:3096} INFO - Sync 1 DAGs
[2024-05-24T07:39:47.257+0200] {logging_mixin.py:188} INFO - [2024-05-24T07:39:47.256+0200] {dag.py:3954} INFO - Setting next_dagrun for latest_only_with_trigger to 2024-05-24 00:00:00+00:00, run_after=2024-05-24 04:00:00+00:00
[2024-05-24T07:39:47.351+0200] {processor.py:183} INFO - Processing /home/munya/anaconda3/lib/python3.11/site-packages/airflow/example_dags/example_latest_only_with_trigger.py took 0.255 seconds
[2024-05-24T07:41:03.432+0200] {processor.py:161} INFO - Started process (PID=521681) to work on /home/munya/anaconda3/lib/python3.11/site-packages/airflow/example_dags/example_latest_only_with_trigger.py
[2024-05-24T07:41:03.433+0200] {processor.py:830} INFO - Processing file /home/munya/anaconda3/lib/python3.11/site-packages/airflow/example_dags/example_latest_only_with_trigger.py for tasks to queue
[2024-05-24T07:41:03.433+0200] {logging_mixin.py:188} INFO - [2024-05-24T07:41:03.433+0200] {dagbag.py:545} INFO - Filling up the DagBag from /home/munya/anaconda3/lib/python3.11/site-packages/airflow/example_dags/example_latest_only_with_trigger.py
[2024-05-24T07:41:03.439+0200] {processor.py:840} INFO - DAG(s) 'latest_only_with_trigger' retrieved from /home/munya/anaconda3/lib/python3.11/site-packages/airflow/example_dags/example_latest_only_with_trigger.py
[2024-05-24T07:41:03.453+0200] {logging_mixin.py:188} INFO - [2024-05-24T07:41:03.453+0200] {dag.py:3096} INFO - Sync 1 DAGs
[2024-05-24T07:41:03.469+0200] {logging_mixin.py:188} INFO - [2024-05-24T07:41:03.468+0200] {dag.py:3954} INFO - Setting next_dagrun for latest_only_with_trigger to 2024-05-24 00:00:00+00:00, run_after=2024-05-24 04:00:00+00:00
[2024-05-24T07:41:03.487+0200] {processor.py:183} INFO - Processing /home/munya/anaconda3/lib/python3.11/site-packages/airflow/example_dags/example_latest_only_with_trigger.py took 0.062 seconds
[2024-05-24T07:42:01.135+0200] {processor.py:161} INFO - Started process (PID=522769) to work on /home/munya/anaconda3/lib/python3.11/site-packages/airflow/example_dags/example_latest_only_with_trigger.py
[2024-05-24T07:42:01.135+0200] {processor.py:830} INFO - Processing file /home/munya/anaconda3/lib/python3.11/site-packages/airflow/example_dags/example_latest_only_with_trigger.py for tasks to queue
[2024-05-24T07:42:01.136+0200] {logging_mixin.py:188} INFO - [2024-05-24T07:42:01.136+0200] {dagbag.py:545} INFO - Filling up the DagBag from /home/munya/anaconda3/lib/python3.11/site-packages/airflow/example_dags/example_latest_only_with_trigger.py
[2024-05-24T07:42:01.142+0200] {processor.py:840} INFO - DAG(s) 'latest_only_with_trigger' retrieved from /home/munya/anaconda3/lib/python3.11/site-packages/airflow/example_dags/example_latest_only_with_trigger.py
[2024-05-24T07:42:01.158+0200] {logging_mixin.py:188} INFO - [2024-05-24T07:42:01.158+0200] {dag.py:3096} INFO - Sync 1 DAGs
[2024-05-24T07:42:01.174+0200] {logging_mixin.py:188} INFO - [2024-05-24T07:42:01.174+0200] {dag.py:3954} INFO - Setting next_dagrun for latest_only_with_trigger to 2024-05-24 00:00:00+00:00, run_after=2024-05-24 04:00:00+00:00
[2024-05-24T07:42:01.190+0200] {processor.py:183} INFO - Processing /home/munya/anaconda3/lib/python3.11/site-packages/airflow/example_dags/example_latest_only_with_trigger.py took 0.061 seconds
[2024-05-24T07:43:05.862+0200] {processor.py:161} INFO - Started process (PID=523897) to work on /home/munya/anaconda3/lib/python3.11/site-packages/airflow/example_dags/example_latest_only_with_trigger.py
[2024-05-24T07:43:05.865+0200] {processor.py:830} INFO - Processing file /home/munya/anaconda3/lib/python3.11/site-packages/airflow/example_dags/example_latest_only_with_trigger.py for tasks to queue
[2024-05-24T07:43:05.868+0200] {logging_mixin.py:188} INFO - [2024-05-24T07:43:05.867+0200] {dagbag.py:545} INFO - Filling up the DagBag from /home/munya/anaconda3/lib/python3.11/site-packages/airflow/example_dags/example_latest_only_with_trigger.py
[2024-05-24T07:43:05.888+0200] {processor.py:840} INFO - DAG(s) 'latest_only_with_trigger' retrieved from /home/munya/anaconda3/lib/python3.11/site-packages/airflow/example_dags/example_latest_only_with_trigger.py
[2024-05-24T07:43:05.943+0200] {logging_mixin.py:188} INFO - [2024-05-24T07:43:05.943+0200] {dag.py:3096} INFO - Sync 1 DAGs
[2024-05-24T07:43:06.004+0200] {logging_mixin.py:188} INFO - [2024-05-24T07:43:06.003+0200] {dag.py:3954} INFO - Setting next_dagrun for latest_only_with_trigger to 2024-05-24 00:00:00+00:00, run_after=2024-05-24 04:00:00+00:00
[2024-05-24T07:43:06.063+0200] {processor.py:183} INFO - Processing /home/munya/anaconda3/lib/python3.11/site-packages/airflow/example_dags/example_latest_only_with_trigger.py took 0.224 seconds
[2024-05-24T07:44:22.682+0200] {processor.py:161} INFO - Started process (PID=525226) to work on /home/munya/anaconda3/lib/python3.11/site-packages/airflow/example_dags/example_latest_only_with_trigger.py
[2024-05-24T07:44:22.683+0200] {processor.py:830} INFO - Processing file /home/munya/anaconda3/lib/python3.11/site-packages/airflow/example_dags/example_latest_only_with_trigger.py for tasks to queue
[2024-05-24T07:44:22.684+0200] {logging_mixin.py:188} INFO - [2024-05-24T07:44:22.683+0200] {dagbag.py:545} INFO - Filling up the DagBag from /home/munya/anaconda3/lib/python3.11/site-packages/airflow/example_dags/example_latest_only_with_trigger.py
[2024-05-24T07:44:22.689+0200] {processor.py:840} INFO - DAG(s) 'latest_only_with_trigger' retrieved from /home/munya/anaconda3/lib/python3.11/site-packages/airflow/example_dags/example_latest_only_with_trigger.py
[2024-05-24T07:44:22.706+0200] {logging_mixin.py:188} INFO - [2024-05-24T07:44:22.706+0200] {dag.py:3096} INFO - Sync 1 DAGs
[2024-05-24T07:44:22.721+0200] {logging_mixin.py:188} INFO - [2024-05-24T07:44:22.721+0200] {dag.py:3954} INFO - Setting next_dagrun for latest_only_with_trigger to 2024-05-24 00:00:00+00:00, run_after=2024-05-24 04:00:00+00:00
[2024-05-24T07:44:22.738+0200] {processor.py:183} INFO - Processing /home/munya/anaconda3/lib/python3.11/site-packages/airflow/example_dags/example_latest_only_with_trigger.py took 0.062 seconds
[2024-05-24T07:46:07.901+0200] {processor.py:161} INFO - Started process (PID=527132) to work on /home/munya/anaconda3/lib/python3.11/site-packages/airflow/example_dags/example_latest_only_with_trigger.py
[2024-05-24T07:46:07.902+0200] {processor.py:830} INFO - Processing file /home/munya/anaconda3/lib/python3.11/site-packages/airflow/example_dags/example_latest_only_with_trigger.py for tasks to queue
[2024-05-24T07:46:07.903+0200] {logging_mixin.py:188} INFO - [2024-05-24T07:46:07.902+0200] {dagbag.py:545} INFO - Filling up the DagBag from /home/munya/anaconda3/lib/python3.11/site-packages/airflow/example_dags/example_latest_only_with_trigger.py
[2024-05-24T07:46:07.910+0200] {processor.py:840} INFO - DAG(s) 'latest_only_with_trigger' retrieved from /home/munya/anaconda3/lib/python3.11/site-packages/airflow/example_dags/example_latest_only_with_trigger.py
[2024-05-24T07:46:08.049+0200] {logging_mixin.py:188} INFO - [2024-05-24T07:46:08.049+0200] {dag.py:3096} INFO - Sync 1 DAGs
[2024-05-24T07:46:08.062+0200] {logging_mixin.py:188} INFO - [2024-05-24T07:46:08.062+0200] {dag.py:3954} INFO - Setting next_dagrun for latest_only_with_trigger to 2024-05-24 00:00:00+00:00, run_after=2024-05-24 04:00:00+00:00
[2024-05-24T07:46:08.082+0200] {processor.py:183} INFO - Processing /home/munya/anaconda3/lib/python3.11/site-packages/airflow/example_dags/example_latest_only_with_trigger.py took 0.187 seconds
[2024-05-24T07:47:12.330+0200] {processor.py:161} INFO - Started process (PID=528311) to work on /home/munya/anaconda3/lib/python3.11/site-packages/airflow/example_dags/example_latest_only_with_trigger.py
[2024-05-24T07:47:12.333+0200] {processor.py:830} INFO - Processing file /home/munya/anaconda3/lib/python3.11/site-packages/airflow/example_dags/example_latest_only_with_trigger.py for tasks to queue
[2024-05-24T07:47:12.336+0200] {logging_mixin.py:188} INFO - [2024-05-24T07:47:12.334+0200] {dagbag.py:545} INFO - Filling up the DagBag from /home/munya/anaconda3/lib/python3.11/site-packages/airflow/example_dags/example_latest_only_with_trigger.py
[2024-05-24T07:47:12.363+0200] {processor.py:840} INFO - DAG(s) 'latest_only_with_trigger' retrieved from /home/munya/anaconda3/lib/python3.11/site-packages/airflow/example_dags/example_latest_only_with_trigger.py
[2024-05-24T07:47:12.425+0200] {logging_mixin.py:188} INFO - [2024-05-24T07:47:12.424+0200] {dag.py:3096} INFO - Sync 1 DAGs
[2024-05-24T07:47:12.454+0200] {logging_mixin.py:188} INFO - [2024-05-24T07:47:12.453+0200] {dag.py:3954} INFO - Setting next_dagrun for latest_only_with_trigger to 2024-05-24 00:00:00+00:00, run_after=2024-05-24 04:00:00+00:00
[2024-05-24T07:47:12.477+0200] {processor.py:183} INFO - Processing /home/munya/anaconda3/lib/python3.11/site-packages/airflow/example_dags/example_latest_only_with_trigger.py took 0.172 seconds
[2024-05-24T07:48:07.853+0200] {processor.py:161} INFO - Started process (PID=529308) to work on /home/munya/anaconda3/lib/python3.11/site-packages/airflow/example_dags/example_latest_only_with_trigger.py
[2024-05-24T07:48:07.854+0200] {processor.py:830} INFO - Processing file /home/munya/anaconda3/lib/python3.11/site-packages/airflow/example_dags/example_latest_only_with_trigger.py for tasks to queue
[2024-05-24T07:48:07.855+0200] {logging_mixin.py:188} INFO - [2024-05-24T07:48:07.855+0200] {dagbag.py:545} INFO - Filling up the DagBag from /home/munya/anaconda3/lib/python3.11/site-packages/airflow/example_dags/example_latest_only_with_trigger.py
[2024-05-24T07:48:07.861+0200] {processor.py:840} INFO - DAG(s) 'latest_only_with_trigger' retrieved from /home/munya/anaconda3/lib/python3.11/site-packages/airflow/example_dags/example_latest_only_with_trigger.py
[2024-05-24T07:48:07.876+0200] {logging_mixin.py:188} INFO - [2024-05-24T07:48:07.876+0200] {dag.py:3096} INFO - Sync 1 DAGs
[2024-05-24T07:48:07.890+0200] {logging_mixin.py:188} INFO - [2024-05-24T07:48:07.890+0200] {dag.py:3954} INFO - Setting next_dagrun for latest_only_with_trigger to 2024-05-24 00:00:00+00:00, run_after=2024-05-24 04:00:00+00:00
[2024-05-24T07:48:07.906+0200] {processor.py:183} INFO - Processing /home/munya/anaconda3/lib/python3.11/site-packages/airflow/example_dags/example_latest_only_with_trigger.py took 0.060 seconds
[2024-05-24T07:49:14.385+0200] {processor.py:161} INFO - Started process (PID=530491) to work on /home/munya/anaconda3/lib/python3.11/site-packages/airflow/example_dags/example_latest_only_with_trigger.py
[2024-05-24T07:49:14.386+0200] {processor.py:830} INFO - Processing file /home/munya/anaconda3/lib/python3.11/site-packages/airflow/example_dags/example_latest_only_with_trigger.py for tasks to queue
[2024-05-24T07:49:14.387+0200] {logging_mixin.py:188} INFO - [2024-05-24T07:49:14.387+0200] {dagbag.py:545} INFO - Filling up the DagBag from /home/munya/anaconda3/lib/python3.11/site-packages/airflow/example_dags/example_latest_only_with_trigger.py
[2024-05-24T07:49:14.395+0200] {processor.py:840} INFO - DAG(s) 'latest_only_with_trigger' retrieved from /home/munya/anaconda3/lib/python3.11/site-packages/airflow/example_dags/example_latest_only_with_trigger.py
[2024-05-24T07:49:14.410+0200] {logging_mixin.py:188} INFO - [2024-05-24T07:49:14.409+0200] {dag.py:3096} INFO - Sync 1 DAGs
[2024-05-24T07:49:14.425+0200] {logging_mixin.py:188} INFO - [2024-05-24T07:49:14.425+0200] {dag.py:3954} INFO - Setting next_dagrun for latest_only_with_trigger to 2024-05-24 00:00:00+00:00, run_after=2024-05-24 04:00:00+00:00
[2024-05-24T07:49:14.441+0200] {processor.py:183} INFO - Processing /home/munya/anaconda3/lib/python3.11/site-packages/airflow/example_dags/example_latest_only_with_trigger.py took 0.061 seconds
[2024-05-24T07:50:37.648+0200] {processor.py:161} INFO - Started process (PID=531994) to work on /home/munya/anaconda3/lib/python3.11/site-packages/airflow/example_dags/example_latest_only_with_trigger.py
[2024-05-24T07:50:37.649+0200] {processor.py:830} INFO - Processing file /home/munya/anaconda3/lib/python3.11/site-packages/airflow/example_dags/example_latest_only_with_trigger.py for tasks to queue
[2024-05-24T07:50:37.649+0200] {logging_mixin.py:188} INFO - [2024-05-24T07:50:37.649+0200] {dagbag.py:545} INFO - Filling up the DagBag from /home/munya/anaconda3/lib/python3.11/site-packages/airflow/example_dags/example_latest_only_with_trigger.py
[2024-05-24T07:50:37.657+0200] {processor.py:840} INFO - DAG(s) 'latest_only_with_trigger' retrieved from /home/munya/anaconda3/lib/python3.11/site-packages/airflow/example_dags/example_latest_only_with_trigger.py
[2024-05-24T07:50:37.675+0200] {logging_mixin.py:188} INFO - [2024-05-24T07:50:37.675+0200] {dag.py:3096} INFO - Sync 1 DAGs
[2024-05-24T07:50:37.689+0200] {logging_mixin.py:188} INFO - [2024-05-24T07:50:37.689+0200] {dag.py:3954} INFO - Setting next_dagrun for latest_only_with_trigger to 2024-05-24 00:00:00+00:00, run_after=2024-05-24 04:00:00+00:00
[2024-05-24T07:50:37.712+0200] {processor.py:183} INFO - Processing /home/munya/anaconda3/lib/python3.11/site-packages/airflow/example_dags/example_latest_only_with_trigger.py took 0.070 seconds
[2024-05-24T07:51:48.952+0200] {processor.py:161} INFO - Started process (PID=533244) to work on /home/munya/anaconda3/lib/python3.11/site-packages/airflow/example_dags/example_latest_only_with_trigger.py
[2024-05-24T07:51:48.953+0200] {processor.py:830} INFO - Processing file /home/munya/anaconda3/lib/python3.11/site-packages/airflow/example_dags/example_latest_only_with_trigger.py for tasks to queue
[2024-05-24T07:51:48.954+0200] {logging_mixin.py:188} INFO - [2024-05-24T07:51:48.953+0200] {dagbag.py:545} INFO - Filling up the DagBag from /home/munya/anaconda3/lib/python3.11/site-packages/airflow/example_dags/example_latest_only_with_trigger.py
[2024-05-24T07:51:48.960+0200] {processor.py:840} INFO - DAG(s) 'latest_only_with_trigger' retrieved from /home/munya/anaconda3/lib/python3.11/site-packages/airflow/example_dags/example_latest_only_with_trigger.py
[2024-05-24T07:51:48.974+0200] {logging_mixin.py:188} INFO - [2024-05-24T07:51:48.974+0200] {dag.py:3096} INFO - Sync 1 DAGs
[2024-05-24T07:51:48.991+0200] {logging_mixin.py:188} INFO - [2024-05-24T07:51:48.991+0200] {dag.py:3954} INFO - Setting next_dagrun for latest_only_with_trigger to 2024-05-24 00:00:00+00:00, run_after=2024-05-24 04:00:00+00:00
[2024-05-24T07:51:49.007+0200] {processor.py:183} INFO - Processing /home/munya/anaconda3/lib/python3.11/site-packages/airflow/example_dags/example_latest_only_with_trigger.py took 0.063 seconds
[2024-05-24T07:52:59.498+0200] {processor.py:161} INFO - Started process (PID=534471) to work on /home/munya/anaconda3/lib/python3.11/site-packages/airflow/example_dags/example_latest_only_with_trigger.py
[2024-05-24T07:52:59.498+0200] {processor.py:830} INFO - Processing file /home/munya/anaconda3/lib/python3.11/site-packages/airflow/example_dags/example_latest_only_with_trigger.py for tasks to queue
[2024-05-24T07:52:59.499+0200] {logging_mixin.py:188} INFO - [2024-05-24T07:52:59.499+0200] {dagbag.py:545} INFO - Filling up the DagBag from /home/munya/anaconda3/lib/python3.11/site-packages/airflow/example_dags/example_latest_only_with_trigger.py
[2024-05-24T07:52:59.505+0200] {processor.py:840} INFO - DAG(s) 'latest_only_with_trigger' retrieved from /home/munya/anaconda3/lib/python3.11/site-packages/airflow/example_dags/example_latest_only_with_trigger.py
[2024-05-24T07:52:59.521+0200] {logging_mixin.py:188} INFO - [2024-05-24T07:52:59.521+0200] {dag.py:3096} INFO - Sync 1 DAGs
[2024-05-24T07:52:59.535+0200] {logging_mixin.py:188} INFO - [2024-05-24T07:52:59.535+0200] {dag.py:3954} INFO - Setting next_dagrun for latest_only_with_trigger to 2024-05-24 00:00:00+00:00, run_after=2024-05-24 04:00:00+00:00
[2024-05-24T07:52:59.552+0200] {processor.py:183} INFO - Processing /home/munya/anaconda3/lib/python3.11/site-packages/airflow/example_dags/example_latest_only_with_trigger.py took 0.061 seconds
[2024-05-24T07:54:03.314+0200] {processor.py:161} INFO - Started process (PID=535625) to work on /home/munya/anaconda3/lib/python3.11/site-packages/airflow/example_dags/example_latest_only_with_trigger.py
[2024-05-24T07:54:03.315+0200] {processor.py:830} INFO - Processing file /home/munya/anaconda3/lib/python3.11/site-packages/airflow/example_dags/example_latest_only_with_trigger.py for tasks to queue
[2024-05-24T07:54:03.316+0200] {logging_mixin.py:188} INFO - [2024-05-24T07:54:03.316+0200] {dagbag.py:545} INFO - Filling up the DagBag from /home/munya/anaconda3/lib/python3.11/site-packages/airflow/example_dags/example_latest_only_with_trigger.py
[2024-05-24T07:54:03.323+0200] {processor.py:840} INFO - DAG(s) 'latest_only_with_trigger' retrieved from /home/munya/anaconda3/lib/python3.11/site-packages/airflow/example_dags/example_latest_only_with_trigger.py
[2024-05-24T07:54:03.338+0200] {logging_mixin.py:188} INFO - [2024-05-24T07:54:03.338+0200] {dag.py:3096} INFO - Sync 1 DAGs
[2024-05-24T07:54:03.353+0200] {logging_mixin.py:188} INFO - [2024-05-24T07:54:03.353+0200] {dag.py:3954} INFO - Setting next_dagrun for latest_only_with_trigger to 2024-05-24 00:00:00+00:00, run_after=2024-05-24 04:00:00+00:00
[2024-05-24T07:54:03.371+0200] {processor.py:183} INFO - Processing /home/munya/anaconda3/lib/python3.11/site-packages/airflow/example_dags/example_latest_only_with_trigger.py took 0.063 seconds
[2024-05-24T07:55:21.212+0200] {processor.py:161} INFO - Started process (PID=537019) to work on /home/munya/anaconda3/lib/python3.11/site-packages/airflow/example_dags/example_latest_only_with_trigger.py
[2024-05-24T07:55:21.213+0200] {processor.py:830} INFO - Processing file /home/munya/anaconda3/lib/python3.11/site-packages/airflow/example_dags/example_latest_only_with_trigger.py for tasks to queue
[2024-05-24T07:55:21.214+0200] {logging_mixin.py:188} INFO - [2024-05-24T07:55:21.214+0200] {dagbag.py:545} INFO - Filling up the DagBag from /home/munya/anaconda3/lib/python3.11/site-packages/airflow/example_dags/example_latest_only_with_trigger.py
[2024-05-24T07:55:21.219+0200] {processor.py:840} INFO - DAG(s) 'latest_only_with_trigger' retrieved from /home/munya/anaconda3/lib/python3.11/site-packages/airflow/example_dags/example_latest_only_with_trigger.py
[2024-05-24T07:55:21.234+0200] {logging_mixin.py:188} INFO - [2024-05-24T07:55:21.234+0200] {dag.py:3096} INFO - Sync 1 DAGs
[2024-05-24T07:55:21.253+0200] {logging_mixin.py:188} INFO - [2024-05-24T07:55:21.253+0200] {dag.py:3954} INFO - Setting next_dagrun for latest_only_with_trigger to 2024-05-24 00:00:00+00:00, run_after=2024-05-24 04:00:00+00:00
[2024-05-24T07:55:21.272+0200] {processor.py:183} INFO - Processing /home/munya/anaconda3/lib/python3.11/site-packages/airflow/example_dags/example_latest_only_with_trigger.py took 0.066 seconds
[2024-05-24T07:56:47.528+0200] {processor.py:161} INFO - Started process (PID=538564) to work on /home/munya/anaconda3/lib/python3.11/site-packages/airflow/example_dags/example_latest_only_with_trigger.py
[2024-05-24T07:56:47.529+0200] {processor.py:830} INFO - Processing file /home/munya/anaconda3/lib/python3.11/site-packages/airflow/example_dags/example_latest_only_with_trigger.py for tasks to queue
[2024-05-24T07:56:47.529+0200] {logging_mixin.py:188} INFO - [2024-05-24T07:56:47.529+0200] {dagbag.py:545} INFO - Filling up the DagBag from /home/munya/anaconda3/lib/python3.11/site-packages/airflow/example_dags/example_latest_only_with_trigger.py
[2024-05-24T07:56:47.535+0200] {processor.py:840} INFO - DAG(s) 'latest_only_with_trigger' retrieved from /home/munya/anaconda3/lib/python3.11/site-packages/airflow/example_dags/example_latest_only_with_trigger.py
[2024-05-24T07:56:47.550+0200] {logging_mixin.py:188} INFO - [2024-05-24T07:56:47.550+0200] {dag.py:3096} INFO - Sync 1 DAGs
[2024-05-24T07:56:47.565+0200] {logging_mixin.py:188} INFO - [2024-05-24T07:56:47.565+0200] {dag.py:3954} INFO - Setting next_dagrun for latest_only_with_trigger to 2024-05-24 00:00:00+00:00, run_after=2024-05-24 04:00:00+00:00
[2024-05-24T07:56:47.582+0200] {processor.py:183} INFO - Processing /home/munya/anaconda3/lib/python3.11/site-packages/airflow/example_dags/example_latest_only_with_trigger.py took 0.062 seconds
[2024-05-24T07:57:49.153+0200] {processor.py:161} INFO - Started process (PID=539634) to work on /home/munya/anaconda3/lib/python3.11/site-packages/airflow/example_dags/example_latest_only_with_trigger.py
[2024-05-24T07:57:49.157+0200] {processor.py:830} INFO - Processing file /home/munya/anaconda3/lib/python3.11/site-packages/airflow/example_dags/example_latest_only_with_trigger.py for tasks to queue
[2024-05-24T07:57:49.162+0200] {logging_mixin.py:188} INFO - [2024-05-24T07:57:49.160+0200] {dagbag.py:545} INFO - Filling up the DagBag from /home/munya/anaconda3/lib/python3.11/site-packages/airflow/example_dags/example_latest_only_with_trigger.py
[2024-05-24T07:57:49.187+0200] {processor.py:840} INFO - DAG(s) 'latest_only_with_trigger' retrieved from /home/munya/anaconda3/lib/python3.11/site-packages/airflow/example_dags/example_latest_only_with_trigger.py
[2024-05-24T07:57:49.239+0200] {logging_mixin.py:188} INFO - [2024-05-24T07:57:49.238+0200] {dag.py:3096} INFO - Sync 1 DAGs
[2024-05-24T07:57:49.298+0200] {logging_mixin.py:188} INFO - [2024-05-24T07:57:49.297+0200] {dag.py:3954} INFO - Setting next_dagrun for latest_only_with_trigger to 2024-05-24 00:00:00+00:00, run_after=2024-05-24 04:00:00+00:00
[2024-05-24T07:57:49.353+0200] {processor.py:183} INFO - Processing /home/munya/anaconda3/lib/python3.11/site-packages/airflow/example_dags/example_latest_only_with_trigger.py took 0.222 seconds
[2024-05-24T07:58:53.055+0200] {processor.py:161} INFO - Started process (PID=540794) to work on /home/munya/anaconda3/lib/python3.11/site-packages/airflow/example_dags/example_latest_only_with_trigger.py
[2024-05-24T07:58:53.057+0200] {processor.py:830} INFO - Processing file /home/munya/anaconda3/lib/python3.11/site-packages/airflow/example_dags/example_latest_only_with_trigger.py for tasks to queue
[2024-05-24T07:58:53.057+0200] {logging_mixin.py:188} INFO - [2024-05-24T07:58:53.057+0200] {dagbag.py:545} INFO - Filling up the DagBag from /home/munya/anaconda3/lib/python3.11/site-packages/airflow/example_dags/example_latest_only_with_trigger.py
[2024-05-24T07:58:53.063+0200] {processor.py:840} INFO - DAG(s) 'latest_only_with_trigger' retrieved from /home/munya/anaconda3/lib/python3.11/site-packages/airflow/example_dags/example_latest_only_with_trigger.py
[2024-05-24T07:58:53.077+0200] {logging_mixin.py:188} INFO - [2024-05-24T07:58:53.077+0200] {dag.py:3096} INFO - Sync 1 DAGs
[2024-05-24T07:58:53.092+0200] {logging_mixin.py:188} INFO - [2024-05-24T07:58:53.092+0200] {dag.py:3954} INFO - Setting next_dagrun for latest_only_with_trigger to 2024-05-24 00:00:00+00:00, run_after=2024-05-24 04:00:00+00:00
[2024-05-24T07:58:53.110+0200] {processor.py:183} INFO - Processing /home/munya/anaconda3/lib/python3.11/site-packages/airflow/example_dags/example_latest_only_with_trigger.py took 0.062 seconds
[2024-05-24T07:59:56.704+0200] {processor.py:161} INFO - Started process (PID=541899) to work on /home/munya/anaconda3/lib/python3.11/site-packages/airflow/example_dags/example_latest_only_with_trigger.py
[2024-05-24T07:59:56.705+0200] {processor.py:830} INFO - Processing file /home/munya/anaconda3/lib/python3.11/site-packages/airflow/example_dags/example_latest_only_with_trigger.py for tasks to queue
[2024-05-24T07:59:56.706+0200] {logging_mixin.py:188} INFO - [2024-05-24T07:59:56.706+0200] {dagbag.py:545} INFO - Filling up the DagBag from /home/munya/anaconda3/lib/python3.11/site-packages/airflow/example_dags/example_latest_only_with_trigger.py
[2024-05-24T07:59:56.712+0200] {processor.py:840} INFO - DAG(s) 'latest_only_with_trigger' retrieved from /home/munya/anaconda3/lib/python3.11/site-packages/airflow/example_dags/example_latest_only_with_trigger.py
[2024-05-24T07:59:56.726+0200] {logging_mixin.py:188} INFO - [2024-05-24T07:59:56.726+0200] {dag.py:3096} INFO - Sync 1 DAGs
[2024-05-24T07:59:56.741+0200] {logging_mixin.py:188} INFO - [2024-05-24T07:59:56.741+0200] {dag.py:3954} INFO - Setting next_dagrun for latest_only_with_trigger to 2024-05-24 00:00:00+00:00, run_after=2024-05-24 04:00:00+00:00
[2024-05-24T07:59:56.760+0200] {processor.py:183} INFO - Processing /home/munya/anaconda3/lib/python3.11/site-packages/airflow/example_dags/example_latest_only_with_trigger.py took 0.063 seconds
[2024-05-24T08:01:21.377+0200] {processor.py:161} INFO - Started process (PID=543421) to work on /home/munya/anaconda3/lib/python3.11/site-packages/airflow/example_dags/example_latest_only_with_trigger.py
[2024-05-24T08:01:21.378+0200] {processor.py:830} INFO - Processing file /home/munya/anaconda3/lib/python3.11/site-packages/airflow/example_dags/example_latest_only_with_trigger.py for tasks to queue
[2024-05-24T08:01:21.378+0200] {logging_mixin.py:188} INFO - [2024-05-24T08:01:21.378+0200] {dagbag.py:545} INFO - Filling up the DagBag from /home/munya/anaconda3/lib/python3.11/site-packages/airflow/example_dags/example_latest_only_with_trigger.py
[2024-05-24T08:01:21.384+0200] {processor.py:840} INFO - DAG(s) 'latest_only_with_trigger' retrieved from /home/munya/anaconda3/lib/python3.11/site-packages/airflow/example_dags/example_latest_only_with_trigger.py
[2024-05-24T08:01:21.401+0200] {logging_mixin.py:188} INFO - [2024-05-24T08:01:21.401+0200] {dag.py:3096} INFO - Sync 1 DAGs
[2024-05-24T08:01:21.419+0200] {logging_mixin.py:188} INFO - [2024-05-24T08:01:21.419+0200] {dag.py:3954} INFO - Setting next_dagrun for latest_only_with_trigger to 2024-05-24 00:00:00+00:00, run_after=2024-05-24 04:00:00+00:00
[2024-05-24T08:01:21.436+0200] {processor.py:183} INFO - Processing /home/munya/anaconda3/lib/python3.11/site-packages/airflow/example_dags/example_latest_only_with_trigger.py took 0.065 seconds
[2024-05-24T08:02:27.819+0200] {processor.py:161} INFO - Started process (PID=544601) to work on /home/munya/anaconda3/lib/python3.11/site-packages/airflow/example_dags/example_latest_only_with_trigger.py
[2024-05-24T08:02:27.821+0200] {processor.py:830} INFO - Processing file /home/munya/anaconda3/lib/python3.11/site-packages/airflow/example_dags/example_latest_only_with_trigger.py for tasks to queue
[2024-05-24T08:02:27.821+0200] {logging_mixin.py:188} INFO - [2024-05-24T08:02:27.821+0200] {dagbag.py:545} INFO - Filling up the DagBag from /home/munya/anaconda3/lib/python3.11/site-packages/airflow/example_dags/example_latest_only_with_trigger.py
[2024-05-24T08:02:27.827+0200] {processor.py:840} INFO - DAG(s) 'latest_only_with_trigger' retrieved from /home/munya/anaconda3/lib/python3.11/site-packages/airflow/example_dags/example_latest_only_with_trigger.py
[2024-05-24T08:02:27.841+0200] {logging_mixin.py:188} INFO - [2024-05-24T08:02:27.841+0200] {dag.py:3096} INFO - Sync 1 DAGs
[2024-05-24T08:02:27.857+0200] {logging_mixin.py:188} INFO - [2024-05-24T08:02:27.857+0200] {dag.py:3954} INFO - Setting next_dagrun for latest_only_with_trigger to 2024-05-24 00:00:00+00:00, run_after=2024-05-24 04:00:00+00:00
[2024-05-24T08:02:27.874+0200] {processor.py:183} INFO - Processing /home/munya/anaconda3/lib/python3.11/site-packages/airflow/example_dags/example_latest_only_with_trigger.py took 0.061 seconds
[2024-05-24T08:03:50.080+0200] {processor.py:161} INFO - Started process (PID=546027) to work on /home/munya/anaconda3/lib/python3.11/site-packages/airflow/example_dags/example_latest_only_with_trigger.py
[2024-05-24T08:03:50.082+0200] {processor.py:830} INFO - Processing file /home/munya/anaconda3/lib/python3.11/site-packages/airflow/example_dags/example_latest_only_with_trigger.py for tasks to queue
[2024-05-24T08:03:50.083+0200] {logging_mixin.py:188} INFO - [2024-05-24T08:03:50.082+0200] {dagbag.py:545} INFO - Filling up the DagBag from /home/munya/anaconda3/lib/python3.11/site-packages/airflow/example_dags/example_latest_only_with_trigger.py
[2024-05-24T08:03:50.088+0200] {processor.py:840} INFO - DAG(s) 'latest_only_with_trigger' retrieved from /home/munya/anaconda3/lib/python3.11/site-packages/airflow/example_dags/example_latest_only_with_trigger.py
[2024-05-24T08:03:50.105+0200] {logging_mixin.py:188} INFO - [2024-05-24T08:03:50.105+0200] {dag.py:3096} INFO - Sync 1 DAGs
[2024-05-24T08:03:50.121+0200] {logging_mixin.py:188} INFO - [2024-05-24T08:03:50.120+0200] {dag.py:3954} INFO - Setting next_dagrun for latest_only_with_trigger to 2024-05-24 00:00:00+00:00, run_after=2024-05-24 04:00:00+00:00
[2024-05-24T08:03:50.447+0200] {processor.py:183} INFO - Processing /home/munya/anaconda3/lib/python3.11/site-packages/airflow/example_dags/example_latest_only_with_trigger.py took 0.374 seconds
[2024-05-24T08:05:23.174+0200] {processor.py:161} INFO - Started process (PID=547700) to work on /home/munya/anaconda3/lib/python3.11/site-packages/airflow/example_dags/example_latest_only_with_trigger.py
[2024-05-24T08:05:23.175+0200] {processor.py:830} INFO - Processing file /home/munya/anaconda3/lib/python3.11/site-packages/airflow/example_dags/example_latest_only_with_trigger.py for tasks to queue
[2024-05-24T08:05:23.175+0200] {logging_mixin.py:188} INFO - [2024-05-24T08:05:23.175+0200] {dagbag.py:545} INFO - Filling up the DagBag from /home/munya/anaconda3/lib/python3.11/site-packages/airflow/example_dags/example_latest_only_with_trigger.py
[2024-05-24T08:05:23.181+0200] {processor.py:840} INFO - DAG(s) 'latest_only_with_trigger' retrieved from /home/munya/anaconda3/lib/python3.11/site-packages/airflow/example_dags/example_latest_only_with_trigger.py
[2024-05-24T08:05:23.199+0200] {logging_mixin.py:188} INFO - [2024-05-24T08:05:23.199+0200] {dag.py:3096} INFO - Sync 1 DAGs
[2024-05-24T08:05:23.215+0200] {logging_mixin.py:188} INFO - [2024-05-24T08:05:23.215+0200] {dag.py:3954} INFO - Setting next_dagrun for latest_only_with_trigger to 2024-05-24 00:00:00+00:00, run_after=2024-05-24 04:00:00+00:00
[2024-05-24T08:05:23.234+0200] {processor.py:183} INFO - Processing /home/munya/anaconda3/lib/python3.11/site-packages/airflow/example_dags/example_latest_only_with_trigger.py took 0.067 seconds
[2024-05-24T08:06:37.530+0200] {processor.py:161} INFO - Started process (PID=549010) to work on /home/munya/anaconda3/lib/python3.11/site-packages/airflow/example_dags/example_latest_only_with_trigger.py
[2024-05-24T08:06:37.531+0200] {processor.py:830} INFO - Processing file /home/munya/anaconda3/lib/python3.11/site-packages/airflow/example_dags/example_latest_only_with_trigger.py for tasks to queue
[2024-05-24T08:06:37.532+0200] {logging_mixin.py:188} INFO - [2024-05-24T08:06:37.531+0200] {dagbag.py:545} INFO - Filling up the DagBag from /home/munya/anaconda3/lib/python3.11/site-packages/airflow/example_dags/example_latest_only_with_trigger.py
[2024-05-24T08:06:37.538+0200] {processor.py:840} INFO - DAG(s) 'latest_only_with_trigger' retrieved from /home/munya/anaconda3/lib/python3.11/site-packages/airflow/example_dags/example_latest_only_with_trigger.py
[2024-05-24T08:06:37.554+0200] {logging_mixin.py:188} INFO - [2024-05-24T08:06:37.554+0200] {dag.py:3096} INFO - Sync 1 DAGs
[2024-05-24T08:06:37.569+0200] {logging_mixin.py:188} INFO - [2024-05-24T08:06:37.569+0200] {dag.py:3954} INFO - Setting next_dagrun for latest_only_with_trigger to 2024-05-24 00:00:00+00:00, run_after=2024-05-24 04:00:00+00:00
[2024-05-24T08:06:37.587+0200] {processor.py:183} INFO - Processing /home/munya/anaconda3/lib/python3.11/site-packages/airflow/example_dags/example_latest_only_with_trigger.py took 0.062 seconds
[2024-05-24T08:07:36.742+0200] {processor.py:161} INFO - Started process (PID=550089) to work on /home/munya/anaconda3/lib/python3.11/site-packages/airflow/example_dags/example_latest_only_with_trigger.py
[2024-05-24T08:07:36.747+0200] {processor.py:830} INFO - Processing file /home/munya/anaconda3/lib/python3.11/site-packages/airflow/example_dags/example_latest_only_with_trigger.py for tasks to queue
[2024-05-24T08:07:36.750+0200] {logging_mixin.py:188} INFO - [2024-05-24T08:07:36.749+0200] {dagbag.py:545} INFO - Filling up the DagBag from /home/munya/anaconda3/lib/python3.11/site-packages/airflow/example_dags/example_latest_only_with_trigger.py
[2024-05-24T08:07:36.774+0200] {processor.py:840} INFO - DAG(s) 'latest_only_with_trigger' retrieved from /home/munya/anaconda3/lib/python3.11/site-packages/airflow/example_dags/example_latest_only_with_trigger.py
[2024-05-24T08:07:36.828+0200] {logging_mixin.py:188} INFO - [2024-05-24T08:07:36.826+0200] {dag.py:3096} INFO - Sync 1 DAGs
[2024-05-24T08:07:36.884+0200] {logging_mixin.py:188} INFO - [2024-05-24T08:07:36.884+0200] {dag.py:3954} INFO - Setting next_dagrun for latest_only_with_trigger to 2024-05-24 00:00:00+00:00, run_after=2024-05-24 04:00:00+00:00
[2024-05-24T08:07:36.938+0200] {processor.py:183} INFO - Processing /home/munya/anaconda3/lib/python3.11/site-packages/airflow/example_dags/example_latest_only_with_trigger.py took 0.217 seconds
[2024-05-24T08:08:39.171+0200] {processor.py:161} INFO - Started process (PID=551142) to work on /home/munya/anaconda3/lib/python3.11/site-packages/airflow/example_dags/example_latest_only_with_trigger.py
[2024-05-24T08:08:39.173+0200] {processor.py:830} INFO - Processing file /home/munya/anaconda3/lib/python3.11/site-packages/airflow/example_dags/example_latest_only_with_trigger.py for tasks to queue
[2024-05-24T08:08:39.173+0200] {logging_mixin.py:188} INFO - [2024-05-24T08:08:39.173+0200] {dagbag.py:545} INFO - Filling up the DagBag from /home/munya/anaconda3/lib/python3.11/site-packages/airflow/example_dags/example_latest_only_with_trigger.py
[2024-05-24T08:08:39.181+0200] {processor.py:840} INFO - DAG(s) 'latest_only_with_trigger' retrieved from /home/munya/anaconda3/lib/python3.11/site-packages/airflow/example_dags/example_latest_only_with_trigger.py
[2024-05-24T08:08:39.198+0200] {logging_mixin.py:188} INFO - [2024-05-24T08:08:39.197+0200] {dag.py:3096} INFO - Sync 1 DAGs
[2024-05-24T08:08:39.212+0200] {logging_mixin.py:188} INFO - [2024-05-24T08:08:39.212+0200] {dag.py:3954} INFO - Setting next_dagrun for latest_only_with_trigger to 2024-05-24 00:00:00+00:00, run_after=2024-05-24 04:00:00+00:00
[2024-05-24T08:08:39.231+0200] {processor.py:183} INFO - Processing /home/munya/anaconda3/lib/python3.11/site-packages/airflow/example_dags/example_latest_only_with_trigger.py took 0.065 seconds
[2024-05-24T08:09:47.496+0200] {processor.py:161} INFO - Started process (PID=552359) to work on /home/munya/anaconda3/lib/python3.11/site-packages/airflow/example_dags/example_latest_only_with_trigger.py
[2024-05-24T08:09:47.497+0200] {processor.py:830} INFO - Processing file /home/munya/anaconda3/lib/python3.11/site-packages/airflow/example_dags/example_latest_only_with_trigger.py for tasks to queue
[2024-05-24T08:09:47.497+0200] {logging_mixin.py:188} INFO - [2024-05-24T08:09:47.497+0200] {dagbag.py:545} INFO - Filling up the DagBag from /home/munya/anaconda3/lib/python3.11/site-packages/airflow/example_dags/example_latest_only_with_trigger.py
[2024-05-24T08:09:47.503+0200] {processor.py:840} INFO - DAG(s) 'latest_only_with_trigger' retrieved from /home/munya/anaconda3/lib/python3.11/site-packages/airflow/example_dags/example_latest_only_with_trigger.py
[2024-05-24T08:09:47.518+0200] {logging_mixin.py:188} INFO - [2024-05-24T08:09:47.518+0200] {dag.py:3096} INFO - Sync 1 DAGs
[2024-05-24T08:09:47.535+0200] {logging_mixin.py:188} INFO - [2024-05-24T08:09:47.534+0200] {dag.py:3954} INFO - Setting next_dagrun for latest_only_with_trigger to 2024-05-24 00:00:00+00:00, run_after=2024-05-24 04:00:00+00:00
[2024-05-24T08:09:47.557+0200] {processor.py:183} INFO - Processing /home/munya/anaconda3/lib/python3.11/site-packages/airflow/example_dags/example_latest_only_with_trigger.py took 0.067 seconds
[2024-05-24T09:07:15.642+0200] {processor.py:161} INFO - Started process (PID=556115) to work on /home/munya/anaconda3/lib/python3.11/site-packages/airflow/example_dags/example_latest_only_with_trigger.py
[2024-05-24T09:07:15.647+0200] {processor.py:830} INFO - Processing file /home/munya/anaconda3/lib/python3.11/site-packages/airflow/example_dags/example_latest_only_with_trigger.py for tasks to queue
[2024-05-24T09:07:15.651+0200] {logging_mixin.py:188} INFO - [2024-05-24T09:07:15.649+0200] {dagbag.py:545} INFO - Filling up the DagBag from /home/munya/anaconda3/lib/python3.11/site-packages/airflow/example_dags/example_latest_only_with_trigger.py
[2024-05-24T09:07:15.684+0200] {processor.py:840} INFO - DAG(s) 'latest_only_with_trigger' retrieved from /home/munya/anaconda3/lib/python3.11/site-packages/airflow/example_dags/example_latest_only_with_trigger.py
[2024-05-24T09:07:15.714+0200] {logging_mixin.py:188} INFO - [2024-05-24T09:07:15.714+0200] {dag.py:3096} INFO - Sync 1 DAGs
[2024-05-24T09:07:15.740+0200] {logging_mixin.py:188} INFO - [2024-05-24T09:07:15.740+0200] {dag.py:3954} INFO - Setting next_dagrun for latest_only_with_trigger to 2024-05-24 00:00:00+00:00, run_after=2024-05-24 04:00:00+00:00
[2024-05-24T09:07:15.768+0200] {processor.py:183} INFO - Processing /home/munya/anaconda3/lib/python3.11/site-packages/airflow/example_dags/example_latest_only_with_trigger.py took 0.159 seconds
[2024-05-24T09:08:39.526+0200] {processor.py:161} INFO - Started process (PID=557607) to work on /home/munya/anaconda3/lib/python3.11/site-packages/airflow/example_dags/example_latest_only_with_trigger.py
[2024-05-24T09:08:39.530+0200] {processor.py:830} INFO - Processing file /home/munya/anaconda3/lib/python3.11/site-packages/airflow/example_dags/example_latest_only_with_trigger.py for tasks to queue
[2024-05-24T09:08:39.534+0200] {logging_mixin.py:188} INFO - [2024-05-24T09:08:39.532+0200] {dagbag.py:545} INFO - Filling up the DagBag from /home/munya/anaconda3/lib/python3.11/site-packages/airflow/example_dags/example_latest_only_with_trigger.py
[2024-05-24T09:08:39.570+0200] {processor.py:840} INFO - DAG(s) 'latest_only_with_trigger' retrieved from /home/munya/anaconda3/lib/python3.11/site-packages/airflow/example_dags/example_latest_only_with_trigger.py
[2024-05-24T09:08:39.642+0200] {logging_mixin.py:188} INFO - [2024-05-24T09:08:39.641+0200] {dag.py:3096} INFO - Sync 1 DAGs
[2024-05-24T09:08:39.709+0200] {logging_mixin.py:188} INFO - [2024-05-24T09:08:39.708+0200] {dag.py:3954} INFO - Setting next_dagrun for latest_only_with_trigger to 2024-05-24 00:00:00+00:00, run_after=2024-05-24 04:00:00+00:00
[2024-05-24T09:08:39.764+0200] {processor.py:183} INFO - Processing /home/munya/anaconda3/lib/python3.11/site-packages/airflow/example_dags/example_latest_only_with_trigger.py took 0.276 seconds
[2024-05-24T09:10:59.392+0200] {processor.py:161} INFO - Started process (PID=560160) to work on /home/munya/anaconda3/lib/python3.11/site-packages/airflow/example_dags/example_latest_only_with_trigger.py
[2024-05-24T09:10:59.397+0200] {processor.py:830} INFO - Processing file /home/munya/anaconda3/lib/python3.11/site-packages/airflow/example_dags/example_latest_only_with_trigger.py for tasks to queue
[2024-05-24T09:10:59.402+0200] {logging_mixin.py:188} INFO - [2024-05-24T09:10:59.400+0200] {dagbag.py:545} INFO - Filling up the DagBag from /home/munya/anaconda3/lib/python3.11/site-packages/airflow/example_dags/example_latest_only_with_trigger.py
[2024-05-24T09:10:59.441+0200] {processor.py:840} INFO - DAG(s) 'latest_only_with_trigger' retrieved from /home/munya/anaconda3/lib/python3.11/site-packages/airflow/example_dags/example_latest_only_with_trigger.py
[2024-05-24T09:10:59.529+0200] {logging_mixin.py:188} INFO - [2024-05-24T09:10:59.528+0200] {dag.py:3096} INFO - Sync 1 DAGs
[2024-05-24T09:10:59.562+0200] {logging_mixin.py:188} INFO - [2024-05-24T09:10:59.562+0200] {dag.py:3954} INFO - Setting next_dagrun for latest_only_with_trigger to 2024-05-24 00:00:00+00:00, run_after=2024-05-24 04:00:00+00:00
[2024-05-24T09:10:59.589+0200] {processor.py:183} INFO - Processing /home/munya/anaconda3/lib/python3.11/site-packages/airflow/example_dags/example_latest_only_with_trigger.py took 0.236 seconds
[2024-05-24T09:12:23.437+0200] {processor.py:161} INFO - Started process (PID=561663) to work on /home/munya/anaconda3/lib/python3.11/site-packages/airflow/example_dags/example_latest_only_with_trigger.py
[2024-05-24T09:12:23.439+0200] {processor.py:830} INFO - Processing file /home/munya/anaconda3/lib/python3.11/site-packages/airflow/example_dags/example_latest_only_with_trigger.py for tasks to queue
[2024-05-24T09:12:23.440+0200] {logging_mixin.py:188} INFO - [2024-05-24T09:12:23.439+0200] {dagbag.py:545} INFO - Filling up the DagBag from /home/munya/anaconda3/lib/python3.11/site-packages/airflow/example_dags/example_latest_only_with_trigger.py
[2024-05-24T09:12:23.452+0200] {processor.py:840} INFO - DAG(s) 'latest_only_with_trigger' retrieved from /home/munya/anaconda3/lib/python3.11/site-packages/airflow/example_dags/example_latest_only_with_trigger.py
[2024-05-24T09:12:23.478+0200] {logging_mixin.py:188} INFO - [2024-05-24T09:12:23.477+0200] {dag.py:3096} INFO - Sync 1 DAGs
[2024-05-24T09:12:23.503+0200] {logging_mixin.py:188} INFO - [2024-05-24T09:12:23.503+0200] {dag.py:3954} INFO - Setting next_dagrun for latest_only_with_trigger to 2024-05-24 00:00:00+00:00, run_after=2024-05-24 04:00:00+00:00
[2024-05-24T09:12:23.530+0200] {processor.py:183} INFO - Processing /home/munya/anaconda3/lib/python3.11/site-packages/airflow/example_dags/example_latest_only_with_trigger.py took 0.105 seconds
[2024-05-24T09:13:45.430+0200] {processor.py:161} INFO - Started process (PID=563105) to work on /home/munya/anaconda3/lib/python3.11/site-packages/airflow/example_dags/example_latest_only_with_trigger.py
[2024-05-24T09:13:45.432+0200] {processor.py:830} INFO - Processing file /home/munya/anaconda3/lib/python3.11/site-packages/airflow/example_dags/example_latest_only_with_trigger.py for tasks to queue
[2024-05-24T09:13:45.433+0200] {logging_mixin.py:188} INFO - [2024-05-24T09:13:45.432+0200] {dagbag.py:545} INFO - Filling up the DagBag from /home/munya/anaconda3/lib/python3.11/site-packages/airflow/example_dags/example_latest_only_with_trigger.py
[2024-05-24T09:13:45.445+0200] {processor.py:840} INFO - DAG(s) 'latest_only_with_trigger' retrieved from /home/munya/anaconda3/lib/python3.11/site-packages/airflow/example_dags/example_latest_only_with_trigger.py
[2024-05-24T09:13:45.471+0200] {logging_mixin.py:188} INFO - [2024-05-24T09:13:45.471+0200] {dag.py:3096} INFO - Sync 1 DAGs
[2024-05-24T09:13:45.497+0200] {logging_mixin.py:188} INFO - [2024-05-24T09:13:45.496+0200] {dag.py:3954} INFO - Setting next_dagrun for latest_only_with_trigger to 2024-05-24 00:00:00+00:00, run_after=2024-05-24 04:00:00+00:00
[2024-05-24T09:13:45.525+0200] {processor.py:183} INFO - Processing /home/munya/anaconda3/lib/python3.11/site-packages/airflow/example_dags/example_latest_only_with_trigger.py took 0.121 seconds
[2024-05-24T09:34:39.820+0200] {processor.py:161} INFO - Started process (PID=587121) to work on /home/munya/anaconda3/lib/python3.11/site-packages/airflow/example_dags/example_latest_only_with_trigger.py
[2024-05-24T09:34:39.824+0200] {processor.py:830} INFO - Processing file /home/munya/anaconda3/lib/python3.11/site-packages/airflow/example_dags/example_latest_only_with_trigger.py for tasks to queue
[2024-05-24T09:34:39.828+0200] {logging_mixin.py:188} INFO - [2024-05-24T09:34:39.826+0200] {dagbag.py:545} INFO - Filling up the DagBag from /home/munya/anaconda3/lib/python3.11/site-packages/airflow/example_dags/example_latest_only_with_trigger.py
[2024-05-24T09:34:39.856+0200] {processor.py:840} INFO - DAG(s) 'latest_only_with_trigger' retrieved from /home/munya/anaconda3/lib/python3.11/site-packages/airflow/example_dags/example_latest_only_with_trigger.py
[2024-05-24T09:34:39.900+0200] {logging_mixin.py:188} INFO - [2024-05-24T09:34:39.899+0200] {dag.py:3096} INFO - Sync 1 DAGs
[2024-05-24T09:34:39.926+0200] {logging_mixin.py:188} INFO - [2024-05-24T09:34:39.926+0200] {dag.py:3954} INFO - Setting next_dagrun for latest_only_with_trigger to 2024-05-24 00:00:00+00:00, run_after=2024-05-24 04:00:00+00:00
[2024-05-24T09:34:39.988+0200] {processor.py:183} INFO - Processing /home/munya/anaconda3/lib/python3.11/site-packages/airflow/example_dags/example_latest_only_with_trigger.py took 0.195 seconds
[2024-05-24T09:37:07.487+0200] {processor.py:161} INFO - Started process (PID=589892) to work on /home/munya/anaconda3/lib/python3.11/site-packages/airflow/example_dags/example_latest_only_with_trigger.py
[2024-05-24T09:37:07.493+0200] {processor.py:830} INFO - Processing file /home/munya/anaconda3/lib/python3.11/site-packages/airflow/example_dags/example_latest_only_with_trigger.py for tasks to queue
[2024-05-24T09:37:07.500+0200] {logging_mixin.py:188} INFO - [2024-05-24T09:37:07.497+0200] {dagbag.py:545} INFO - Filling up the DagBag from /home/munya/anaconda3/lib/python3.11/site-packages/airflow/example_dags/example_latest_only_with_trigger.py
[2024-05-24T09:37:07.550+0200] {processor.py:840} INFO - DAG(s) 'latest_only_with_trigger' retrieved from /home/munya/anaconda3/lib/python3.11/site-packages/airflow/example_dags/example_latest_only_with_trigger.py
[2024-05-24T09:37:07.667+0200] {logging_mixin.py:188} INFO - [2024-05-24T09:37:07.667+0200] {dag.py:3096} INFO - Sync 1 DAGs
[2024-05-24T09:37:07.701+0200] {logging_mixin.py:188} INFO - [2024-05-24T09:37:07.701+0200] {dag.py:3954} INFO - Setting next_dagrun for latest_only_with_trigger to 2024-05-24 00:00:00+00:00, run_after=2024-05-24 04:00:00+00:00
[2024-05-24T09:37:07.733+0200] {processor.py:183} INFO - Processing /home/munya/anaconda3/lib/python3.11/site-packages/airflow/example_dags/example_latest_only_with_trigger.py took 0.289 seconds
[2024-05-24T09:38:34.066+0200] {processor.py:161} INFO - Started process (PID=591519) to work on /home/munya/anaconda3/lib/python3.11/site-packages/airflow/example_dags/example_latest_only_with_trigger.py
[2024-05-24T09:38:34.068+0200] {processor.py:830} INFO - Processing file /home/munya/anaconda3/lib/python3.11/site-packages/airflow/example_dags/example_latest_only_with_trigger.py for tasks to queue
[2024-05-24T09:38:34.074+0200] {logging_mixin.py:188} INFO - [2024-05-24T09:38:34.072+0200] {dagbag.py:545} INFO - Filling up the DagBag from /home/munya/anaconda3/lib/python3.11/site-packages/airflow/example_dags/example_latest_only_with_trigger.py
[2024-05-24T09:38:34.090+0200] {processor.py:840} INFO - DAG(s) 'latest_only_with_trigger' retrieved from /home/munya/anaconda3/lib/python3.11/site-packages/airflow/example_dags/example_latest_only_with_trigger.py
[2024-05-24T09:38:34.131+0200] {logging_mixin.py:188} INFO - [2024-05-24T09:38:34.130+0200] {dag.py:3096} INFO - Sync 1 DAGs
[2024-05-24T09:38:34.176+0200] {logging_mixin.py:188} INFO - [2024-05-24T09:38:34.175+0200] {dag.py:3954} INFO - Setting next_dagrun for latest_only_with_trigger to 2024-05-24 00:00:00+00:00, run_after=2024-05-24 04:00:00+00:00
[2024-05-24T09:38:34.214+0200] {processor.py:183} INFO - Processing /home/munya/anaconda3/lib/python3.11/site-packages/airflow/example_dags/example_latest_only_with_trigger.py took 0.164 seconds
[2024-05-24T09:39:52.166+0200] {processor.py:161} INFO - Started process (PID=593312) to work on /home/munya/anaconda3/lib/python3.11/site-packages/airflow/example_dags/example_latest_only_with_trigger.py
[2024-05-24T09:39:52.169+0200] {processor.py:830} INFO - Processing file /home/munya/anaconda3/lib/python3.11/site-packages/airflow/example_dags/example_latest_only_with_trigger.py for tasks to queue
[2024-05-24T09:39:52.172+0200] {logging_mixin.py:188} INFO - [2024-05-24T09:39:52.171+0200] {dagbag.py:545} INFO - Filling up the DagBag from /home/munya/anaconda3/lib/python3.11/site-packages/airflow/example_dags/example_latest_only_with_trigger.py
[2024-05-24T09:39:52.196+0200] {processor.py:840} INFO - DAG(s) 'latest_only_with_trigger' retrieved from /home/munya/anaconda3/lib/python3.11/site-packages/airflow/example_dags/example_latest_only_with_trigger.py
[2024-05-24T09:39:52.258+0200] {logging_mixin.py:188} INFO - [2024-05-24T09:39:52.257+0200] {dag.py:3096} INFO - Sync 1 DAGs
[2024-05-24T09:39:52.314+0200] {logging_mixin.py:188} INFO - [2024-05-24T09:39:52.313+0200] {dag.py:3954} INFO - Setting next_dagrun for latest_only_with_trigger to 2024-05-24 00:00:00+00:00, run_after=2024-05-24 04:00:00+00:00
[2024-05-24T09:39:52.370+0200] {processor.py:183} INFO - Processing /home/munya/anaconda3/lib/python3.11/site-packages/airflow/example_dags/example_latest_only_with_trigger.py took 0.226 seconds
[2024-05-24T09:41:15.884+0200] {processor.py:161} INFO - Started process (PID=594857) to work on /home/munya/anaconda3/lib/python3.11/site-packages/airflow/example_dags/example_latest_only_with_trigger.py
[2024-05-24T09:41:15.887+0200] {processor.py:830} INFO - Processing file /home/munya/anaconda3/lib/python3.11/site-packages/airflow/example_dags/example_latest_only_with_trigger.py for tasks to queue
[2024-05-24T09:41:15.889+0200] {logging_mixin.py:188} INFO - [2024-05-24T09:41:15.888+0200] {dagbag.py:545} INFO - Filling up the DagBag from /home/munya/anaconda3/lib/python3.11/site-packages/airflow/example_dags/example_latest_only_with_trigger.py
[2024-05-24T09:41:15.904+0200] {processor.py:840} INFO - DAG(s) 'latest_only_with_trigger' retrieved from /home/munya/anaconda3/lib/python3.11/site-packages/airflow/example_dags/example_latest_only_with_trigger.py
[2024-05-24T09:41:15.939+0200] {logging_mixin.py:188} INFO - [2024-05-24T09:41:15.938+0200] {dag.py:3096} INFO - Sync 1 DAGs
[2024-05-24T09:41:15.976+0200] {logging_mixin.py:188} INFO - [2024-05-24T09:41:15.976+0200] {dag.py:3954} INFO - Setting next_dagrun for latest_only_with_trigger to 2024-05-24 00:00:00+00:00, run_after=2024-05-24 04:00:00+00:00
[2024-05-24T09:41:16.015+0200] {processor.py:183} INFO - Processing /home/munya/anaconda3/lib/python3.11/site-packages/airflow/example_dags/example_latest_only_with_trigger.py took 0.165 seconds
[2024-05-24T09:42:39.603+0200] {processor.py:161} INFO - Started process (PID=596424) to work on /home/munya/anaconda3/lib/python3.11/site-packages/airflow/example_dags/example_latest_only_with_trigger.py
[2024-05-24T09:42:39.608+0200] {processor.py:830} INFO - Processing file /home/munya/anaconda3/lib/python3.11/site-packages/airflow/example_dags/example_latest_only_with_trigger.py for tasks to queue
[2024-05-24T09:42:39.610+0200] {logging_mixin.py:188} INFO - [2024-05-24T09:42:39.609+0200] {dagbag.py:545} INFO - Filling up the DagBag from /home/munya/anaconda3/lib/python3.11/site-packages/airflow/example_dags/example_latest_only_with_trigger.py
[2024-05-24T09:42:39.640+0200] {processor.py:840} INFO - DAG(s) 'latest_only_with_trigger' retrieved from /home/munya/anaconda3/lib/python3.11/site-packages/airflow/example_dags/example_latest_only_with_trigger.py
[2024-05-24T09:42:39.680+0200] {logging_mixin.py:188} INFO - [2024-05-24T09:42:39.680+0200] {dag.py:3096} INFO - Sync 1 DAGs
[2024-05-24T09:42:39.719+0200] {logging_mixin.py:188} INFO - [2024-05-24T09:42:39.718+0200] {dag.py:3954} INFO - Setting next_dagrun for latest_only_with_trigger to 2024-05-24 00:00:00+00:00, run_after=2024-05-24 04:00:00+00:00
[2024-05-24T09:42:39.763+0200] {processor.py:183} INFO - Processing /home/munya/anaconda3/lib/python3.11/site-packages/airflow/example_dags/example_latest_only_with_trigger.py took 0.175 seconds
[2024-05-24T09:44:07.727+0200] {processor.py:161} INFO - Started process (PID=598401) to work on /home/munya/anaconda3/lib/python3.11/site-packages/airflow/example_dags/example_latest_only_with_trigger.py
[2024-05-24T09:44:07.728+0200] {processor.py:830} INFO - Processing file /home/munya/anaconda3/lib/python3.11/site-packages/airflow/example_dags/example_latest_only_with_trigger.py for tasks to queue
[2024-05-24T09:44:07.730+0200] {logging_mixin.py:188} INFO - [2024-05-24T09:44:07.729+0200] {dagbag.py:545} INFO - Filling up the DagBag from /home/munya/anaconda3/lib/python3.11/site-packages/airflow/example_dags/example_latest_only_with_trigger.py
[2024-05-24T09:44:07.741+0200] {processor.py:840} INFO - DAG(s) 'latest_only_with_trigger' retrieved from /home/munya/anaconda3/lib/python3.11/site-packages/airflow/example_dags/example_latest_only_with_trigger.py
[2024-05-24T09:44:07.772+0200] {logging_mixin.py:188} INFO - [2024-05-24T09:44:07.772+0200] {dag.py:3096} INFO - Sync 1 DAGs
[2024-05-24T09:44:07.817+0200] {logging_mixin.py:188} INFO - [2024-05-24T09:44:07.817+0200] {dag.py:3954} INFO - Setting next_dagrun for latest_only_with_trigger to 2024-05-24 00:00:00+00:00, run_after=2024-05-24 04:00:00+00:00
[2024-05-24T09:44:07.853+0200] {processor.py:183} INFO - Processing /home/munya/anaconda3/lib/python3.11/site-packages/airflow/example_dags/example_latest_only_with_trigger.py took 0.138 seconds
[2024-05-24T09:46:26.346+0200] {processor.py:161} INFO - Started process (PID=600951) to work on /home/munya/anaconda3/lib/python3.11/site-packages/airflow/example_dags/example_latest_only_with_trigger.py
[2024-05-24T09:46:26.347+0200] {processor.py:830} INFO - Processing file /home/munya/anaconda3/lib/python3.11/site-packages/airflow/example_dags/example_latest_only_with_trigger.py for tasks to queue
[2024-05-24T09:46:26.348+0200] {logging_mixin.py:188} INFO - [2024-05-24T09:46:26.348+0200] {dagbag.py:545} INFO - Filling up the DagBag from /home/munya/anaconda3/lib/python3.11/site-packages/airflow/example_dags/example_latest_only_with_trigger.py
[2024-05-24T09:46:26.357+0200] {processor.py:840} INFO - DAG(s) 'latest_only_with_trigger' retrieved from /home/munya/anaconda3/lib/python3.11/site-packages/airflow/example_dags/example_latest_only_with_trigger.py
[2024-05-24T09:46:26.384+0200] {logging_mixin.py:188} INFO - [2024-05-24T09:46:26.383+0200] {dag.py:3096} INFO - Sync 1 DAGs
[2024-05-24T09:46:26.410+0200] {logging_mixin.py:188} INFO - [2024-05-24T09:46:26.409+0200] {dag.py:3954} INFO - Setting next_dagrun for latest_only_with_trigger to 2024-05-24 00:00:00+00:00, run_after=2024-05-24 04:00:00+00:00
[2024-05-24T09:46:26.438+0200] {processor.py:183} INFO - Processing /home/munya/anaconda3/lib/python3.11/site-packages/airflow/example_dags/example_latest_only_with_trigger.py took 0.101 seconds
[2024-05-24T09:47:47.620+0200] {processor.py:161} INFO - Started process (PID=602774) to work on /home/munya/anaconda3/lib/python3.11/site-packages/airflow/example_dags/example_latest_only_with_trigger.py
[2024-05-24T09:47:47.625+0200] {processor.py:830} INFO - Processing file /home/munya/anaconda3/lib/python3.11/site-packages/airflow/example_dags/example_latest_only_with_trigger.py for tasks to queue
[2024-05-24T09:47:47.630+0200] {logging_mixin.py:188} INFO - [2024-05-24T09:47:47.627+0200] {dagbag.py:545} INFO - Filling up the DagBag from /home/munya/anaconda3/lib/python3.11/site-packages/airflow/example_dags/example_latest_only_with_trigger.py
[2024-05-24T09:47:47.662+0200] {processor.py:840} INFO - DAG(s) 'latest_only_with_trigger' retrieved from /home/munya/anaconda3/lib/python3.11/site-packages/airflow/example_dags/example_latest_only_with_trigger.py
[2024-05-24T09:47:47.753+0200] {logging_mixin.py:188} INFO - [2024-05-24T09:47:47.753+0200] {dag.py:3096} INFO - Sync 1 DAGs
[2024-05-24T09:47:47.784+0200] {logging_mixin.py:188} INFO - [2024-05-24T09:47:47.784+0200] {dag.py:3954} INFO - Setting next_dagrun for latest_only_with_trigger to 2024-05-24 00:00:00+00:00, run_after=2024-05-24 04:00:00+00:00
[2024-05-24T09:47:47.811+0200] {processor.py:183} INFO - Processing /home/munya/anaconda3/lib/python3.11/site-packages/airflow/example_dags/example_latest_only_with_trigger.py took 0.224 seconds
[2024-05-24T09:49:09.642+0200] {processor.py:161} INFO - Started process (PID=604275) to work on /home/munya/anaconda3/lib/python3.11/site-packages/airflow/example_dags/example_latest_only_with_trigger.py
[2024-05-24T09:49:09.646+0200] {processor.py:830} INFO - Processing file /home/munya/anaconda3/lib/python3.11/site-packages/airflow/example_dags/example_latest_only_with_trigger.py for tasks to queue
[2024-05-24T09:49:09.650+0200] {logging_mixin.py:188} INFO - [2024-05-24T09:49:09.648+0200] {dagbag.py:545} INFO - Filling up the DagBag from /home/munya/anaconda3/lib/python3.11/site-packages/airflow/example_dags/example_latest_only_with_trigger.py
[2024-05-24T09:49:09.682+0200] {processor.py:840} INFO - DAG(s) 'latest_only_with_trigger' retrieved from /home/munya/anaconda3/lib/python3.11/site-packages/airflow/example_dags/example_latest_only_with_trigger.py
[2024-05-24T09:49:09.742+0200] {logging_mixin.py:188} INFO - [2024-05-24T09:49:09.741+0200] {dag.py:3096} INFO - Sync 1 DAGs
[2024-05-24T09:49:09.788+0200] {logging_mixin.py:188} INFO - [2024-05-24T09:49:09.788+0200] {dag.py:3954} INFO - Setting next_dagrun for latest_only_with_trigger to 2024-05-24 00:00:00+00:00, run_after=2024-05-24 04:00:00+00:00
[2024-05-24T09:49:09.817+0200] {processor.py:183} INFO - Processing /home/munya/anaconda3/lib/python3.11/site-packages/airflow/example_dags/example_latest_only_with_trigger.py took 0.207 seconds
[2024-05-24T09:51:21.016+0200] {processor.py:161} INFO - Started process (PID=606730) to work on /home/munya/anaconda3/lib/python3.11/site-packages/airflow/example_dags/example_latest_only_with_trigger.py
[2024-05-24T09:51:21.018+0200] {processor.py:830} INFO - Processing file /home/munya/anaconda3/lib/python3.11/site-packages/airflow/example_dags/example_latest_only_with_trigger.py for tasks to queue
[2024-05-24T09:51:21.020+0200] {logging_mixin.py:188} INFO - [2024-05-24T09:51:21.019+0200] {dagbag.py:545} INFO - Filling up the DagBag from /home/munya/anaconda3/lib/python3.11/site-packages/airflow/example_dags/example_latest_only_with_trigger.py
[2024-05-24T09:51:21.032+0200] {processor.py:840} INFO - DAG(s) 'latest_only_with_trigger' retrieved from /home/munya/anaconda3/lib/python3.11/site-packages/airflow/example_dags/example_latest_only_with_trigger.py
[2024-05-24T09:51:21.064+0200] {logging_mixin.py:188} INFO - [2024-05-24T09:51:21.064+0200] {dag.py:3096} INFO - Sync 1 DAGs
[2024-05-24T09:51:21.093+0200] {logging_mixin.py:188} INFO - [2024-05-24T09:51:21.093+0200] {dag.py:3954} INFO - Setting next_dagrun for latest_only_with_trigger to 2024-05-24 00:00:00+00:00, run_after=2024-05-24 04:00:00+00:00
[2024-05-24T09:51:21.123+0200] {processor.py:183} INFO - Processing /home/munya/anaconda3/lib/python3.11/site-packages/airflow/example_dags/example_latest_only_with_trigger.py took 0.139 seconds
[2024-05-24T09:52:28.144+0200] {processor.py:161} INFO - Started process (PID=607982) to work on /home/munya/anaconda3/lib/python3.11/site-packages/airflow/example_dags/example_latest_only_with_trigger.py
[2024-05-24T09:52:28.145+0200] {processor.py:830} INFO - Processing file /home/munya/anaconda3/lib/python3.11/site-packages/airflow/example_dags/example_latest_only_with_trigger.py for tasks to queue
[2024-05-24T09:52:28.148+0200] {logging_mixin.py:188} INFO - [2024-05-24T09:52:28.147+0200] {dagbag.py:545} INFO - Filling up the DagBag from /home/munya/anaconda3/lib/python3.11/site-packages/airflow/example_dags/example_latest_only_with_trigger.py
[2024-05-24T09:52:28.162+0200] {processor.py:840} INFO - DAG(s) 'latest_only_with_trigger' retrieved from /home/munya/anaconda3/lib/python3.11/site-packages/airflow/example_dags/example_latest_only_with_trigger.py
[2024-05-24T09:52:28.207+0200] {logging_mixin.py:188} INFO - [2024-05-24T09:52:28.207+0200] {dag.py:3096} INFO - Sync 1 DAGs
[2024-05-24T09:52:28.250+0200] {logging_mixin.py:188} INFO - [2024-05-24T09:52:28.249+0200] {dag.py:3954} INFO - Setting next_dagrun for latest_only_with_trigger to 2024-05-24 00:00:00+00:00, run_after=2024-05-24 04:00:00+00:00
[2024-05-24T09:52:28.285+0200] {processor.py:183} INFO - Processing /home/munya/anaconda3/lib/python3.11/site-packages/airflow/example_dags/example_latest_only_with_trigger.py took 0.155 seconds
[2024-05-24T09:53:52.898+0200] {processor.py:161} INFO - Started process (PID=609519) to work on /home/munya/anaconda3/lib/python3.11/site-packages/airflow/example_dags/example_latest_only_with_trigger.py
[2024-05-24T09:53:52.904+0200] {processor.py:830} INFO - Processing file /home/munya/anaconda3/lib/python3.11/site-packages/airflow/example_dags/example_latest_only_with_trigger.py for tasks to queue
[2024-05-24T09:53:52.909+0200] {logging_mixin.py:188} INFO - [2024-05-24T09:53:52.907+0200] {dagbag.py:545} INFO - Filling up the DagBag from /home/munya/anaconda3/lib/python3.11/site-packages/airflow/example_dags/example_latest_only_with_trigger.py
[2024-05-24T09:53:52.948+0200] {processor.py:840} INFO - DAG(s) 'latest_only_with_trigger' retrieved from /home/munya/anaconda3/lib/python3.11/site-packages/airflow/example_dags/example_latest_only_with_trigger.py
[2024-05-24T09:53:53.045+0200] {logging_mixin.py:188} INFO - [2024-05-24T09:53:53.044+0200] {dag.py:3096} INFO - Sync 1 DAGs
[2024-05-24T09:53:53.089+0200] {logging_mixin.py:188} INFO - [2024-05-24T09:53:53.089+0200] {dag.py:3954} INFO - Setting next_dagrun for latest_only_with_trigger to 2024-05-24 00:00:00+00:00, run_after=2024-05-24 04:00:00+00:00
[2024-05-24T09:53:53.119+0200] {processor.py:183} INFO - Processing /home/munya/anaconda3/lib/python3.11/site-packages/airflow/example_dags/example_latest_only_with_trigger.py took 0.266 seconds
[2024-05-24T09:55:43.971+0200] {processor.py:161} INFO - Started process (PID=611684) to work on /home/munya/anaconda3/lib/python3.11/site-packages/airflow/example_dags/example_latest_only_with_trigger.py
[2024-05-24T09:55:43.973+0200] {processor.py:830} INFO - Processing file /home/munya/anaconda3/lib/python3.11/site-packages/airflow/example_dags/example_latest_only_with_trigger.py for tasks to queue
[2024-05-24T09:55:43.981+0200] {logging_mixin.py:188} INFO - [2024-05-24T09:55:43.980+0200] {dagbag.py:545} INFO - Filling up the DagBag from /home/munya/anaconda3/lib/python3.11/site-packages/airflow/example_dags/example_latest_only_with_trigger.py
[2024-05-24T09:55:43.999+0200] {processor.py:840} INFO - DAG(s) 'latest_only_with_trigger' retrieved from /home/munya/anaconda3/lib/python3.11/site-packages/airflow/example_dags/example_latest_only_with_trigger.py
[2024-05-24T09:55:44.038+0200] {logging_mixin.py:188} INFO - [2024-05-24T09:55:44.038+0200] {dag.py:3096} INFO - Sync 1 DAGs
[2024-05-24T09:55:44.080+0200] {logging_mixin.py:188} INFO - [2024-05-24T09:55:44.080+0200] {dag.py:3954} INFO - Setting next_dagrun for latest_only_with_trigger to 2024-05-24 00:00:00+00:00, run_after=2024-05-24 04:00:00+00:00
[2024-05-24T09:55:44.128+0200] {processor.py:183} INFO - Processing /home/munya/anaconda3/lib/python3.11/site-packages/airflow/example_dags/example_latest_only_with_trigger.py took 0.194 seconds
[2024-05-24T09:57:01.144+0200] {processor.py:161} INFO - Started process (PID=613300) to work on /home/munya/anaconda3/lib/python3.11/site-packages/airflow/example_dags/example_latest_only_with_trigger.py
[2024-05-24T09:57:01.145+0200] {processor.py:830} INFO - Processing file /home/munya/anaconda3/lib/python3.11/site-packages/airflow/example_dags/example_latest_only_with_trigger.py for tasks to queue
[2024-05-24T09:57:01.146+0200] {logging_mixin.py:188} INFO - [2024-05-24T09:57:01.146+0200] {dagbag.py:545} INFO - Filling up the DagBag from /home/munya/anaconda3/lib/python3.11/site-packages/airflow/example_dags/example_latest_only_with_trigger.py
[2024-05-24T09:57:01.153+0200] {processor.py:840} INFO - DAG(s) 'latest_only_with_trigger' retrieved from /home/munya/anaconda3/lib/python3.11/site-packages/airflow/example_dags/example_latest_only_with_trigger.py
[2024-05-24T09:57:01.171+0200] {logging_mixin.py:188} INFO - [2024-05-24T09:57:01.171+0200] {dag.py:3096} INFO - Sync 1 DAGs
[2024-05-24T09:57:01.188+0200] {logging_mixin.py:188} INFO - [2024-05-24T09:57:01.188+0200] {dag.py:3954} INFO - Setting next_dagrun for latest_only_with_trigger to 2024-05-24 00:00:00+00:00, run_after=2024-05-24 04:00:00+00:00
[2024-05-24T09:57:01.207+0200] {processor.py:183} INFO - Processing /home/munya/anaconda3/lib/python3.11/site-packages/airflow/example_dags/example_latest_only_with_trigger.py took 0.070 seconds
[2024-05-24T09:57:59.616+0200] {processor.py:161} INFO - Started process (PID=614401) to work on /home/munya/anaconda3/lib/python3.11/site-packages/airflow/example_dags/example_latest_only_with_trigger.py
[2024-05-24T09:57:59.619+0200] {processor.py:830} INFO - Processing file /home/munya/anaconda3/lib/python3.11/site-packages/airflow/example_dags/example_latest_only_with_trigger.py for tasks to queue
[2024-05-24T09:57:59.622+0200] {logging_mixin.py:188} INFO - [2024-05-24T09:57:59.620+0200] {dagbag.py:545} INFO - Filling up the DagBag from /home/munya/anaconda3/lib/python3.11/site-packages/airflow/example_dags/example_latest_only_with_trigger.py
[2024-05-24T09:57:59.642+0200] {processor.py:840} INFO - DAG(s) 'latest_only_with_trigger' retrieved from /home/munya/anaconda3/lib/python3.11/site-packages/airflow/example_dags/example_latest_only_with_trigger.py
[2024-05-24T09:57:59.700+0200] {logging_mixin.py:188} INFO - [2024-05-24T09:57:59.699+0200] {dag.py:3096} INFO - Sync 1 DAGs
[2024-05-24T09:57:59.757+0200] {logging_mixin.py:188} INFO - [2024-05-24T09:57:59.756+0200] {dag.py:3954} INFO - Setting next_dagrun for latest_only_with_trigger to 2024-05-24 00:00:00+00:00, run_after=2024-05-24 04:00:00+00:00
[2024-05-24T09:57:59.820+0200] {processor.py:183} INFO - Processing /home/munya/anaconda3/lib/python3.11/site-packages/airflow/example_dags/example_latest_only_with_trigger.py took 0.228 seconds
[2024-05-24T09:59:05.869+0200] {processor.py:161} INFO - Started process (PID=615628) to work on /home/munya/anaconda3/lib/python3.11/site-packages/airflow/example_dags/example_latest_only_with_trigger.py
[2024-05-24T09:59:05.872+0200] {processor.py:830} INFO - Processing file /home/munya/anaconda3/lib/python3.11/site-packages/airflow/example_dags/example_latest_only_with_trigger.py for tasks to queue
[2024-05-24T09:59:05.874+0200] {logging_mixin.py:188} INFO - [2024-05-24T09:59:05.873+0200] {dagbag.py:545} INFO - Filling up the DagBag from /home/munya/anaconda3/lib/python3.11/site-packages/airflow/example_dags/example_latest_only_with_trigger.py
[2024-05-24T09:59:05.898+0200] {processor.py:840} INFO - DAG(s) 'latest_only_with_trigger' retrieved from /home/munya/anaconda3/lib/python3.11/site-packages/airflow/example_dags/example_latest_only_with_trigger.py
[2024-05-24T09:59:05.956+0200] {logging_mixin.py:188} INFO - [2024-05-24T09:59:05.956+0200] {dag.py:3096} INFO - Sync 1 DAGs
[2024-05-24T09:59:06.017+0200] {logging_mixin.py:188} INFO - [2024-05-24T09:59:06.017+0200] {dag.py:3954} INFO - Setting next_dagrun for latest_only_with_trigger to 2024-05-24 00:00:00+00:00, run_after=2024-05-24 04:00:00+00:00
[2024-05-24T09:59:06.076+0200] {processor.py:183} INFO - Processing /home/munya/anaconda3/lib/python3.11/site-packages/airflow/example_dags/example_latest_only_with_trigger.py took 0.231 seconds
[2024-05-24T10:00:22.768+0200] {processor.py:161} INFO - Started process (PID=617070) to work on /home/munya/anaconda3/lib/python3.11/site-packages/airflow/example_dags/example_latest_only_with_trigger.py
[2024-05-24T10:00:22.771+0200] {processor.py:830} INFO - Processing file /home/munya/anaconda3/lib/python3.11/site-packages/airflow/example_dags/example_latest_only_with_trigger.py for tasks to queue
[2024-05-24T10:00:22.774+0200] {logging_mixin.py:188} INFO - [2024-05-24T10:00:22.772+0200] {dagbag.py:545} INFO - Filling up the DagBag from /home/munya/anaconda3/lib/python3.11/site-packages/airflow/example_dags/example_latest_only_with_trigger.py
[2024-05-24T10:00:22.795+0200] {processor.py:840} INFO - DAG(s) 'latest_only_with_trigger' retrieved from /home/munya/anaconda3/lib/python3.11/site-packages/airflow/example_dags/example_latest_only_with_trigger.py
[2024-05-24T10:00:22.849+0200] {logging_mixin.py:188} INFO - [2024-05-24T10:00:22.848+0200] {dag.py:3096} INFO - Sync 1 DAGs
[2024-05-24T10:00:22.917+0200] {logging_mixin.py:188} INFO - [2024-05-24T10:00:22.917+0200] {dag.py:3954} INFO - Setting next_dagrun for latest_only_with_trigger to 2024-05-24 04:00:00+00:00, run_after=2024-05-24 08:00:00+00:00
[2024-05-24T10:00:22.974+0200] {processor.py:183} INFO - Processing /home/munya/anaconda3/lib/python3.11/site-packages/airflow/example_dags/example_latest_only_with_trigger.py took 0.231 seconds
[2024-05-24T10:01:59.802+0200] {processor.py:161} INFO - Started process (PID=620759) to work on /home/munya/anaconda3/lib/python3.11/site-packages/airflow/example_dags/example_latest_only_with_trigger.py
[2024-05-24T10:01:59.804+0200] {processor.py:830} INFO - Processing file /home/munya/anaconda3/lib/python3.11/site-packages/airflow/example_dags/example_latest_only_with_trigger.py for tasks to queue
[2024-05-24T10:01:59.806+0200] {logging_mixin.py:188} INFO - [2024-05-24T10:01:59.805+0200] {dagbag.py:545} INFO - Filling up the DagBag from /home/munya/anaconda3/lib/python3.11/site-packages/airflow/example_dags/example_latest_only_with_trigger.py
[2024-05-24T10:01:59.814+0200] {processor.py:840} INFO - DAG(s) 'latest_only_with_trigger' retrieved from /home/munya/anaconda3/lib/python3.11/site-packages/airflow/example_dags/example_latest_only_with_trigger.py
[2024-05-24T10:01:59.838+0200] {logging_mixin.py:188} INFO - [2024-05-24T10:01:59.838+0200] {dag.py:3096} INFO - Sync 1 DAGs
[2024-05-24T10:01:59.865+0200] {logging_mixin.py:188} INFO - [2024-05-24T10:01:59.865+0200] {dag.py:3954} INFO - Setting next_dagrun for latest_only_with_trigger to 2024-05-24 04:00:00+00:00, run_after=2024-05-24 08:00:00+00:00
[2024-05-24T10:02:00.165+0200] {processor.py:183} INFO - Processing /home/munya/anaconda3/lib/python3.11/site-packages/airflow/example_dags/example_latest_only_with_trigger.py took 0.372 seconds
[2024-05-24T10:03:30.295+0200] {processor.py:161} INFO - Started process (PID=622639) to work on /home/munya/anaconda3/lib/python3.11/site-packages/airflow/example_dags/example_latest_only_with_trigger.py
[2024-05-24T10:03:30.301+0200] {processor.py:830} INFO - Processing file /home/munya/anaconda3/lib/python3.11/site-packages/airflow/example_dags/example_latest_only_with_trigger.py for tasks to queue
[2024-05-24T10:03:30.308+0200] {logging_mixin.py:188} INFO - [2024-05-24T10:03:30.304+0200] {dagbag.py:545} INFO - Filling up the DagBag from /home/munya/anaconda3/lib/python3.11/site-packages/airflow/example_dags/example_latest_only_with_trigger.py
[2024-05-24T10:03:30.342+0200] {processor.py:840} INFO - DAG(s) 'latest_only_with_trigger' retrieved from /home/munya/anaconda3/lib/python3.11/site-packages/airflow/example_dags/example_latest_only_with_trigger.py
[2024-05-24T10:03:30.406+0200] {logging_mixin.py:188} INFO - [2024-05-24T10:03:30.405+0200] {dag.py:3096} INFO - Sync 1 DAGs
[2024-05-24T10:03:30.486+0200] {logging_mixin.py:188} INFO - [2024-05-24T10:03:30.485+0200] {dag.py:3954} INFO - Setting next_dagrun for latest_only_with_trigger to 2024-05-24 04:00:00+00:00, run_after=2024-05-24 08:00:00+00:00
[2024-05-24T10:03:30.586+0200] {processor.py:183} INFO - Processing /home/munya/anaconda3/lib/python3.11/site-packages/airflow/example_dags/example_latest_only_with_trigger.py took 0.326 seconds
[2024-05-24T10:04:34.447+0200] {processor.py:161} INFO - Started process (PID=623872) to work on /home/munya/anaconda3/lib/python3.11/site-packages/airflow/example_dags/example_latest_only_with_trigger.py
[2024-05-24T10:04:34.448+0200] {processor.py:830} INFO - Processing file /home/munya/anaconda3/lib/python3.11/site-packages/airflow/example_dags/example_latest_only_with_trigger.py for tasks to queue
[2024-05-24T10:04:34.449+0200] {logging_mixin.py:188} INFO - [2024-05-24T10:04:34.448+0200] {dagbag.py:545} INFO - Filling up the DagBag from /home/munya/anaconda3/lib/python3.11/site-packages/airflow/example_dags/example_latest_only_with_trigger.py
[2024-05-24T10:04:34.455+0200] {processor.py:840} INFO - DAG(s) 'latest_only_with_trigger' retrieved from /home/munya/anaconda3/lib/python3.11/site-packages/airflow/example_dags/example_latest_only_with_trigger.py
[2024-05-24T10:04:34.472+0200] {logging_mixin.py:188} INFO - [2024-05-24T10:04:34.472+0200] {dag.py:3096} INFO - Sync 1 DAGs
[2024-05-24T10:04:34.490+0200] {logging_mixin.py:188} INFO - [2024-05-24T10:04:34.489+0200] {dag.py:3954} INFO - Setting next_dagrun for latest_only_with_trigger to 2024-05-24 04:00:00+00:00, run_after=2024-05-24 08:00:00+00:00
[2024-05-24T10:04:34.513+0200] {processor.py:183} INFO - Processing /home/munya/anaconda3/lib/python3.11/site-packages/airflow/example_dags/example_latest_only_with_trigger.py took 0.073 seconds
[2024-05-24T10:06:06.385+0200] {processor.py:161} INFO - Started process (PID=625621) to work on /home/munya/anaconda3/lib/python3.11/site-packages/airflow/example_dags/example_latest_only_with_trigger.py
[2024-05-24T10:06:06.386+0200] {processor.py:830} INFO - Processing file /home/munya/anaconda3/lib/python3.11/site-packages/airflow/example_dags/example_latest_only_with_trigger.py for tasks to queue
[2024-05-24T10:06:06.387+0200] {logging_mixin.py:188} INFO - [2024-05-24T10:06:06.387+0200] {dagbag.py:545} INFO - Filling up the DagBag from /home/munya/anaconda3/lib/python3.11/site-packages/airflow/example_dags/example_latest_only_with_trigger.py
[2024-05-24T10:06:06.393+0200] {processor.py:840} INFO - DAG(s) 'latest_only_with_trigger' retrieved from /home/munya/anaconda3/lib/python3.11/site-packages/airflow/example_dags/example_latest_only_with_trigger.py
[2024-05-24T10:06:06.411+0200] {logging_mixin.py:188} INFO - [2024-05-24T10:06:06.411+0200] {dag.py:3096} INFO - Sync 1 DAGs
[2024-05-24T10:06:06.430+0200] {logging_mixin.py:188} INFO - [2024-05-24T10:06:06.430+0200] {dag.py:3954} INFO - Setting next_dagrun for latest_only_with_trigger to 2024-05-24 04:00:00+00:00, run_after=2024-05-24 08:00:00+00:00
[2024-05-24T10:06:06.448+0200] {processor.py:183} INFO - Processing /home/munya/anaconda3/lib/python3.11/site-packages/airflow/example_dags/example_latest_only_with_trigger.py took 0.069 seconds
[2024-05-24T10:07:05.362+0200] {processor.py:161} INFO - Started process (PID=626849) to work on /home/munya/anaconda3/lib/python3.11/site-packages/airflow/example_dags/example_latest_only_with_trigger.py
[2024-05-24T10:07:05.363+0200] {processor.py:830} INFO - Processing file /home/munya/anaconda3/lib/python3.11/site-packages/airflow/example_dags/example_latest_only_with_trigger.py for tasks to queue
[2024-05-24T10:07:05.364+0200] {logging_mixin.py:188} INFO - [2024-05-24T10:07:05.364+0200] {dagbag.py:545} INFO - Filling up the DagBag from /home/munya/anaconda3/lib/python3.11/site-packages/airflow/example_dags/example_latest_only_with_trigger.py
[2024-05-24T10:07:05.372+0200] {processor.py:840} INFO - DAG(s) 'latest_only_with_trigger' retrieved from /home/munya/anaconda3/lib/python3.11/site-packages/airflow/example_dags/example_latest_only_with_trigger.py
[2024-05-24T10:07:05.387+0200] {logging_mixin.py:188} INFO - [2024-05-24T10:07:05.387+0200] {dag.py:3096} INFO - Sync 1 DAGs
[2024-05-24T10:07:05.407+0200] {logging_mixin.py:188} INFO - [2024-05-24T10:07:05.407+0200] {dag.py:3954} INFO - Setting next_dagrun for latest_only_with_trigger to 2024-05-24 04:00:00+00:00, run_after=2024-05-24 08:00:00+00:00
[2024-05-24T10:07:05.427+0200] {processor.py:183} INFO - Processing /home/munya/anaconda3/lib/python3.11/site-packages/airflow/example_dags/example_latest_only_with_trigger.py took 0.073 seconds
[2024-05-24T10:08:05.179+0200] {processor.py:161} INFO - Started process (PID=628016) to work on /home/munya/anaconda3/lib/python3.11/site-packages/airflow/example_dags/example_latest_only_with_trigger.py
[2024-05-24T10:08:05.183+0200] {processor.py:830} INFO - Processing file /home/munya/anaconda3/lib/python3.11/site-packages/airflow/example_dags/example_latest_only_with_trigger.py for tasks to queue
[2024-05-24T10:08:05.185+0200] {logging_mixin.py:188} INFO - [2024-05-24T10:08:05.183+0200] {dagbag.py:545} INFO - Filling up the DagBag from /home/munya/anaconda3/lib/python3.11/site-packages/airflow/example_dags/example_latest_only_with_trigger.py
[2024-05-24T10:08:05.206+0200] {processor.py:840} INFO - DAG(s) 'latest_only_with_trigger' retrieved from /home/munya/anaconda3/lib/python3.11/site-packages/airflow/example_dags/example_latest_only_with_trigger.py
[2024-05-24T10:08:05.259+0200] {logging_mixin.py:188} INFO - [2024-05-24T10:08:05.257+0200] {dag.py:3096} INFO - Sync 1 DAGs
[2024-05-24T10:08:05.312+0200] {logging_mixin.py:188} INFO - [2024-05-24T10:08:05.311+0200] {dag.py:3954} INFO - Setting next_dagrun for latest_only_with_trigger to 2024-05-24 04:00:00+00:00, run_after=2024-05-24 08:00:00+00:00
[2024-05-24T10:08:05.342+0200] {processor.py:183} INFO - Processing /home/munya/anaconda3/lib/python3.11/site-packages/airflow/example_dags/example_latest_only_with_trigger.py took 0.194 seconds
[2024-05-24T10:09:06.229+0200] {processor.py:161} INFO - Started process (PID=629258) to work on /home/munya/anaconda3/lib/python3.11/site-packages/airflow/example_dags/example_latest_only_with_trigger.py
[2024-05-24T10:09:06.230+0200] {processor.py:830} INFO - Processing file /home/munya/anaconda3/lib/python3.11/site-packages/airflow/example_dags/example_latest_only_with_trigger.py for tasks to queue
[2024-05-24T10:09:06.231+0200] {logging_mixin.py:188} INFO - [2024-05-24T10:09:06.230+0200] {dagbag.py:545} INFO - Filling up the DagBag from /home/munya/anaconda3/lib/python3.11/site-packages/airflow/example_dags/example_latest_only_with_trigger.py
[2024-05-24T10:09:06.240+0200] {processor.py:840} INFO - DAG(s) 'latest_only_with_trigger' retrieved from /home/munya/anaconda3/lib/python3.11/site-packages/airflow/example_dags/example_latest_only_with_trigger.py
[2024-05-24T10:09:06.258+0200] {logging_mixin.py:188} INFO - [2024-05-24T10:09:06.257+0200] {dag.py:3096} INFO - Sync 1 DAGs
[2024-05-24T10:09:06.276+0200] {logging_mixin.py:188} INFO - [2024-05-24T10:09:06.276+0200] {dag.py:3954} INFO - Setting next_dagrun for latest_only_with_trigger to 2024-05-24 04:00:00+00:00, run_after=2024-05-24 08:00:00+00:00
[2024-05-24T10:09:06.297+0200] {processor.py:183} INFO - Processing /home/munya/anaconda3/lib/python3.11/site-packages/airflow/example_dags/example_latest_only_with_trigger.py took 0.076 seconds
[2024-05-24T10:10:23.189+0200] {processor.py:161} INFO - Started process (PID=630738) to work on /home/munya/anaconda3/lib/python3.11/site-packages/airflow/example_dags/example_latest_only_with_trigger.py
[2024-05-24T10:10:23.190+0200] {processor.py:830} INFO - Processing file /home/munya/anaconda3/lib/python3.11/site-packages/airflow/example_dags/example_latest_only_with_trigger.py for tasks to queue
[2024-05-24T10:10:23.191+0200] {logging_mixin.py:188} INFO - [2024-05-24T10:10:23.191+0200] {dagbag.py:545} INFO - Filling up the DagBag from /home/munya/anaconda3/lib/python3.11/site-packages/airflow/example_dags/example_latest_only_with_trigger.py
[2024-05-24T10:10:23.198+0200] {processor.py:840} INFO - DAG(s) 'latest_only_with_trigger' retrieved from /home/munya/anaconda3/lib/python3.11/site-packages/airflow/example_dags/example_latest_only_with_trigger.py
[2024-05-24T10:10:23.213+0200] {logging_mixin.py:188} INFO - [2024-05-24T10:10:23.213+0200] {dag.py:3096} INFO - Sync 1 DAGs
[2024-05-24T10:10:23.230+0200] {logging_mixin.py:188} INFO - [2024-05-24T10:10:23.230+0200] {dag.py:3954} INFO - Setting next_dagrun for latest_only_with_trigger to 2024-05-24 04:00:00+00:00, run_after=2024-05-24 08:00:00+00:00
[2024-05-24T10:10:23.248+0200] {processor.py:183} INFO - Processing /home/munya/anaconda3/lib/python3.11/site-packages/airflow/example_dags/example_latest_only_with_trigger.py took 0.065 seconds
[2024-05-24T10:11:38.465+0200] {processor.py:161} INFO - Started process (PID=632657) to work on /home/munya/anaconda3/lib/python3.11/site-packages/airflow/example_dags/example_latest_only_with_trigger.py
[2024-05-24T10:11:38.467+0200] {processor.py:830} INFO - Processing file /home/munya/anaconda3/lib/python3.11/site-packages/airflow/example_dags/example_latest_only_with_trigger.py for tasks to queue
[2024-05-24T10:11:38.467+0200] {logging_mixin.py:188} INFO - [2024-05-24T10:11:38.467+0200] {dagbag.py:545} INFO - Filling up the DagBag from /home/munya/anaconda3/lib/python3.11/site-packages/airflow/example_dags/example_latest_only_with_trigger.py
[2024-05-24T10:11:38.473+0200] {processor.py:840} INFO - DAG(s) 'latest_only_with_trigger' retrieved from /home/munya/anaconda3/lib/python3.11/site-packages/airflow/example_dags/example_latest_only_with_trigger.py
[2024-05-24T10:11:38.487+0200] {logging_mixin.py:188} INFO - [2024-05-24T10:11:38.487+0200] {dag.py:3096} INFO - Sync 1 DAGs
[2024-05-24T10:11:38.502+0200] {logging_mixin.py:188} INFO - [2024-05-24T10:11:38.502+0200] {dag.py:3954} INFO - Setting next_dagrun for latest_only_with_trigger to 2024-05-24 04:00:00+00:00, run_after=2024-05-24 08:00:00+00:00
[2024-05-24T10:11:38.526+0200] {processor.py:183} INFO - Processing /home/munya/anaconda3/lib/python3.11/site-packages/airflow/example_dags/example_latest_only_with_trigger.py took 0.068 seconds
[2024-05-24T10:12:36.369+0200] {processor.py:161} INFO - Started process (PID=633768) to work on /home/munya/anaconda3/lib/python3.11/site-packages/airflow/example_dags/example_latest_only_with_trigger.py
[2024-05-24T10:12:36.370+0200] {processor.py:830} INFO - Processing file /home/munya/anaconda3/lib/python3.11/site-packages/airflow/example_dags/example_latest_only_with_trigger.py for tasks to queue
[2024-05-24T10:12:36.371+0200] {logging_mixin.py:188} INFO - [2024-05-24T10:12:36.371+0200] {dagbag.py:545} INFO - Filling up the DagBag from /home/munya/anaconda3/lib/python3.11/site-packages/airflow/example_dags/example_latest_only_with_trigger.py
[2024-05-24T10:12:36.377+0200] {processor.py:840} INFO - DAG(s) 'latest_only_with_trigger' retrieved from /home/munya/anaconda3/lib/python3.11/site-packages/airflow/example_dags/example_latest_only_with_trigger.py
[2024-05-24T10:12:36.391+0200] {logging_mixin.py:188} INFO - [2024-05-24T10:12:36.391+0200] {dag.py:3096} INFO - Sync 1 DAGs
[2024-05-24T10:12:36.406+0200] {logging_mixin.py:188} INFO - [2024-05-24T10:12:36.406+0200] {dag.py:3954} INFO - Setting next_dagrun for latest_only_with_trigger to 2024-05-24 04:00:00+00:00, run_after=2024-05-24 08:00:00+00:00
[2024-05-24T10:12:36.424+0200] {processor.py:183} INFO - Processing /home/munya/anaconda3/lib/python3.11/site-packages/airflow/example_dags/example_latest_only_with_trigger.py took 0.061 seconds
[2024-05-24T10:13:44.450+0200] {processor.py:161} INFO - Started process (PID=635215) to work on /home/munya/anaconda3/lib/python3.11/site-packages/airflow/example_dags/example_latest_only_with_trigger.py
[2024-05-24T10:13:44.454+0200] {processor.py:830} INFO - Processing file /home/munya/anaconda3/lib/python3.11/site-packages/airflow/example_dags/example_latest_only_with_trigger.py for tasks to queue
[2024-05-24T10:13:44.455+0200] {logging_mixin.py:188} INFO - [2024-05-24T10:13:44.454+0200] {dagbag.py:545} INFO - Filling up the DagBag from /home/munya/anaconda3/lib/python3.11/site-packages/airflow/example_dags/example_latest_only_with_trigger.py
[2024-05-24T10:13:44.477+0200] {processor.py:840} INFO - DAG(s) 'latest_only_with_trigger' retrieved from /home/munya/anaconda3/lib/python3.11/site-packages/airflow/example_dags/example_latest_only_with_trigger.py
[2024-05-24T10:13:44.513+0200] {logging_mixin.py:188} INFO - [2024-05-24T10:13:44.513+0200] {dag.py:3096} INFO - Sync 1 DAGs
[2024-05-24T10:13:44.540+0200] {logging_mixin.py:188} INFO - [2024-05-24T10:13:44.540+0200] {dag.py:3954} INFO - Setting next_dagrun for latest_only_with_trigger to 2024-05-24 04:00:00+00:00, run_after=2024-05-24 08:00:00+00:00
[2024-05-24T10:13:44.568+0200] {processor.py:183} INFO - Processing /home/munya/anaconda3/lib/python3.11/site-packages/airflow/example_dags/example_latest_only_with_trigger.py took 0.144 seconds
[2024-05-24T10:14:54.939+0200] {processor.py:161} INFO - Started process (PID=636648) to work on /home/munya/anaconda3/lib/python3.11/site-packages/airflow/example_dags/example_latest_only_with_trigger.py
[2024-05-24T10:14:54.940+0200] {processor.py:830} INFO - Processing file /home/munya/anaconda3/lib/python3.11/site-packages/airflow/example_dags/example_latest_only_with_trigger.py for tasks to queue
[2024-05-24T10:14:54.941+0200] {logging_mixin.py:188} INFO - [2024-05-24T10:14:54.941+0200] {dagbag.py:545} INFO - Filling up the DagBag from /home/munya/anaconda3/lib/python3.11/site-packages/airflow/example_dags/example_latest_only_with_trigger.py
[2024-05-24T10:14:54.947+0200] {processor.py:840} INFO - DAG(s) 'latest_only_with_trigger' retrieved from /home/munya/anaconda3/lib/python3.11/site-packages/airflow/example_dags/example_latest_only_with_trigger.py
[2024-05-24T10:14:54.962+0200] {logging_mixin.py:188} INFO - [2024-05-24T10:14:54.962+0200] {dag.py:3096} INFO - Sync 1 DAGs
[2024-05-24T10:14:54.978+0200] {logging_mixin.py:188} INFO - [2024-05-24T10:14:54.978+0200] {dag.py:3954} INFO - Setting next_dagrun for latest_only_with_trigger to 2024-05-24 04:00:00+00:00, run_after=2024-05-24 08:00:00+00:00
[2024-05-24T10:14:54.996+0200] {processor.py:183} INFO - Processing /home/munya/anaconda3/lib/python3.11/site-packages/airflow/example_dags/example_latest_only_with_trigger.py took 0.063 seconds
[2024-05-24T10:16:17.211+0200] {processor.py:161} INFO - Started process (PID=638319) to work on /home/munya/anaconda3/lib/python3.11/site-packages/airflow/example_dags/example_latest_only_with_trigger.py
[2024-05-24T10:16:17.216+0200] {processor.py:830} INFO - Processing file /home/munya/anaconda3/lib/python3.11/site-packages/airflow/example_dags/example_latest_only_with_trigger.py for tasks to queue
[2024-05-24T10:16:17.217+0200] {logging_mixin.py:188} INFO - [2024-05-24T10:16:17.216+0200] {dagbag.py:545} INFO - Filling up the DagBag from /home/munya/anaconda3/lib/python3.11/site-packages/airflow/example_dags/example_latest_only_with_trigger.py
[2024-05-24T10:16:17.228+0200] {processor.py:840} INFO - DAG(s) 'latest_only_with_trigger' retrieved from /home/munya/anaconda3/lib/python3.11/site-packages/airflow/example_dags/example_latest_only_with_trigger.py
[2024-05-24T10:16:17.252+0200] {logging_mixin.py:188} INFO - [2024-05-24T10:16:17.252+0200] {dag.py:3096} INFO - Sync 1 DAGs
[2024-05-24T10:16:17.279+0200] {logging_mixin.py:188} INFO - [2024-05-24T10:16:17.278+0200] {dag.py:3954} INFO - Setting next_dagrun for latest_only_with_trigger to 2024-05-24 04:00:00+00:00, run_after=2024-05-24 08:00:00+00:00
[2024-05-24T10:16:17.311+0200] {processor.py:183} INFO - Processing /home/munya/anaconda3/lib/python3.11/site-packages/airflow/example_dags/example_latest_only_with_trigger.py took 0.120 seconds
[2024-05-24T10:17:37.130+0200] {processor.py:161} INFO - Started process (PID=639984) to work on /home/munya/anaconda3/lib/python3.11/site-packages/airflow/example_dags/example_latest_only_with_trigger.py
[2024-05-24T10:17:37.131+0200] {processor.py:830} INFO - Processing file /home/munya/anaconda3/lib/python3.11/site-packages/airflow/example_dags/example_latest_only_with_trigger.py for tasks to queue
[2024-05-24T10:17:37.132+0200] {logging_mixin.py:188} INFO - [2024-05-24T10:17:37.131+0200] {dagbag.py:545} INFO - Filling up the DagBag from /home/munya/anaconda3/lib/python3.11/site-packages/airflow/example_dags/example_latest_only_with_trigger.py
[2024-05-24T10:17:37.138+0200] {processor.py:840} INFO - DAG(s) 'latest_only_with_trigger' retrieved from /home/munya/anaconda3/lib/python3.11/site-packages/airflow/example_dags/example_latest_only_with_trigger.py
[2024-05-24T10:17:37.155+0200] {logging_mixin.py:188} INFO - [2024-05-24T10:17:37.154+0200] {dag.py:3096} INFO - Sync 1 DAGs
[2024-05-24T10:17:37.181+0200] {logging_mixin.py:188} INFO - [2024-05-24T10:17:37.180+0200] {dag.py:3954} INFO - Setting next_dagrun for latest_only_with_trigger to 2024-05-24 04:00:00+00:00, run_after=2024-05-24 08:00:00+00:00
[2024-05-24T10:17:37.215+0200] {processor.py:183} INFO - Processing /home/munya/anaconda3/lib/python3.11/site-packages/airflow/example_dags/example_latest_only_with_trigger.py took 0.092 seconds
[2024-05-24T10:18:41.853+0200] {processor.py:161} INFO - Started process (PID=641216) to work on /home/munya/anaconda3/lib/python3.11/site-packages/airflow/example_dags/example_latest_only_with_trigger.py
[2024-05-24T10:18:41.854+0200] {processor.py:830} INFO - Processing file /home/munya/anaconda3/lib/python3.11/site-packages/airflow/example_dags/example_latest_only_with_trigger.py for tasks to queue
[2024-05-24T10:18:41.855+0200] {logging_mixin.py:188} INFO - [2024-05-24T10:18:41.855+0200] {dagbag.py:545} INFO - Filling up the DagBag from /home/munya/anaconda3/lib/python3.11/site-packages/airflow/example_dags/example_latest_only_with_trigger.py
[2024-05-24T10:18:41.862+0200] {processor.py:840} INFO - DAG(s) 'latest_only_with_trigger' retrieved from /home/munya/anaconda3/lib/python3.11/site-packages/airflow/example_dags/example_latest_only_with_trigger.py
[2024-05-24T10:18:41.881+0200] {logging_mixin.py:188} INFO - [2024-05-24T10:18:41.880+0200] {dag.py:3096} INFO - Sync 1 DAGs
[2024-05-24T10:18:41.898+0200] {logging_mixin.py:188} INFO - [2024-05-24T10:18:41.898+0200] {dag.py:3954} INFO - Setting next_dagrun for latest_only_with_trigger to 2024-05-24 04:00:00+00:00, run_after=2024-05-24 08:00:00+00:00
[2024-05-24T10:18:41.915+0200] {processor.py:183} INFO - Processing /home/munya/anaconda3/lib/python3.11/site-packages/airflow/example_dags/example_latest_only_with_trigger.py took 0.068 seconds
[2024-05-24T10:19:43.645+0200] {processor.py:161} INFO - Started process (PID=642406) to work on /home/munya/anaconda3/lib/python3.11/site-packages/airflow/example_dags/example_latest_only_with_trigger.py
[2024-05-24T10:19:43.649+0200] {processor.py:830} INFO - Processing file /home/munya/anaconda3/lib/python3.11/site-packages/airflow/example_dags/example_latest_only_with_trigger.py for tasks to queue
[2024-05-24T10:19:43.652+0200] {logging_mixin.py:188} INFO - [2024-05-24T10:19:43.651+0200] {dagbag.py:545} INFO - Filling up the DagBag from /home/munya/anaconda3/lib/python3.11/site-packages/airflow/example_dags/example_latest_only_with_trigger.py
[2024-05-24T10:19:43.678+0200] {processor.py:840} INFO - DAG(s) 'latest_only_with_trigger' retrieved from /home/munya/anaconda3/lib/python3.11/site-packages/airflow/example_dags/example_latest_only_with_trigger.py
[2024-05-24T10:19:43.743+0200] {logging_mixin.py:188} INFO - [2024-05-24T10:19:43.742+0200] {dag.py:3096} INFO - Sync 1 DAGs
[2024-05-24T10:19:43.807+0200] {logging_mixin.py:188} INFO - [2024-05-24T10:19:43.806+0200] {dag.py:3954} INFO - Setting next_dagrun for latest_only_with_trigger to 2024-05-24 04:00:00+00:00, run_after=2024-05-24 08:00:00+00:00
[2024-05-24T10:19:43.878+0200] {processor.py:183} INFO - Processing /home/munya/anaconda3/lib/python3.11/site-packages/airflow/example_dags/example_latest_only_with_trigger.py took 0.260 seconds
[2024-05-24T10:22:17.208+0200] {processor.py:161} INFO - Started process (PID=645287) to work on /home/munya/anaconda3/lib/python3.11/site-packages/airflow/example_dags/example_latest_only_with_trigger.py
[2024-05-24T10:22:17.209+0200] {processor.py:830} INFO - Processing file /home/munya/anaconda3/lib/python3.11/site-packages/airflow/example_dags/example_latest_only_with_trigger.py for tasks to queue
[2024-05-24T10:22:17.210+0200] {logging_mixin.py:188} INFO - [2024-05-24T10:22:17.209+0200] {dagbag.py:545} INFO - Filling up the DagBag from /home/munya/anaconda3/lib/python3.11/site-packages/airflow/example_dags/example_latest_only_with_trigger.py
[2024-05-24T10:22:17.217+0200] {processor.py:840} INFO - DAG(s) 'latest_only_with_trigger' retrieved from /home/munya/anaconda3/lib/python3.11/site-packages/airflow/example_dags/example_latest_only_with_trigger.py
[2024-05-24T10:22:17.236+0200] {logging_mixin.py:188} INFO - [2024-05-24T10:22:17.236+0200] {dag.py:3096} INFO - Sync 1 DAGs
[2024-05-24T10:22:17.251+0200] {logging_mixin.py:188} INFO - [2024-05-24T10:22:17.251+0200] {dag.py:3954} INFO - Setting next_dagrun for latest_only_with_trigger to 2024-05-24 04:00:00+00:00, run_after=2024-05-24 08:00:00+00:00
[2024-05-24T10:22:17.272+0200] {processor.py:183} INFO - Processing /home/munya/anaconda3/lib/python3.11/site-packages/airflow/example_dags/example_latest_only_with_trigger.py took 0.070 seconds
[2024-05-24T10:23:20.315+0200] {processor.py:161} INFO - Started process (PID=646502) to work on /home/munya/anaconda3/lib/python3.11/site-packages/airflow/example_dags/example_latest_only_with_trigger.py
[2024-05-24T10:23:20.316+0200] {processor.py:830} INFO - Processing file /home/munya/anaconda3/lib/python3.11/site-packages/airflow/example_dags/example_latest_only_with_trigger.py for tasks to queue
[2024-05-24T10:23:20.316+0200] {logging_mixin.py:188} INFO - [2024-05-24T10:23:20.316+0200] {dagbag.py:545} INFO - Filling up the DagBag from /home/munya/anaconda3/lib/python3.11/site-packages/airflow/example_dags/example_latest_only_with_trigger.py
[2024-05-24T10:23:20.323+0200] {processor.py:840} INFO - DAG(s) 'latest_only_with_trigger' retrieved from /home/munya/anaconda3/lib/python3.11/site-packages/airflow/example_dags/example_latest_only_with_trigger.py
[2024-05-24T10:23:20.340+0200] {logging_mixin.py:188} INFO - [2024-05-24T10:23:20.340+0200] {dag.py:3096} INFO - Sync 1 DAGs
[2024-05-24T10:23:20.355+0200] {logging_mixin.py:188} INFO - [2024-05-24T10:23:20.355+0200] {dag.py:3954} INFO - Setting next_dagrun for latest_only_with_trigger to 2024-05-24 04:00:00+00:00, run_after=2024-05-24 08:00:00+00:00
[2024-05-24T10:23:20.377+0200] {processor.py:183} INFO - Processing /home/munya/anaconda3/lib/python3.11/site-packages/airflow/example_dags/example_latest_only_with_trigger.py took 0.070 seconds
[2024-05-24T10:24:22.289+0200] {processor.py:161} INFO - Started process (PID=647690) to work on /home/munya/anaconda3/lib/python3.11/site-packages/airflow/example_dags/example_latest_only_with_trigger.py
[2024-05-24T10:24:22.293+0200] {processor.py:830} INFO - Processing file /home/munya/anaconda3/lib/python3.11/site-packages/airflow/example_dags/example_latest_only_with_trigger.py for tasks to queue
[2024-05-24T10:24:22.296+0200] {logging_mixin.py:188} INFO - [2024-05-24T10:24:22.295+0200] {dagbag.py:545} INFO - Filling up the DagBag from /home/munya/anaconda3/lib/python3.11/site-packages/airflow/example_dags/example_latest_only_with_trigger.py
[2024-05-24T10:24:22.320+0200] {processor.py:840} INFO - DAG(s) 'latest_only_with_trigger' retrieved from /home/munya/anaconda3/lib/python3.11/site-packages/airflow/example_dags/example_latest_only_with_trigger.py
[2024-05-24T10:24:22.382+0200] {logging_mixin.py:188} INFO - [2024-05-24T10:24:22.381+0200] {dag.py:3096} INFO - Sync 1 DAGs
[2024-05-24T10:24:22.446+0200] {logging_mixin.py:188} INFO - [2024-05-24T10:24:22.446+0200] {dag.py:3954} INFO - Setting next_dagrun for latest_only_with_trigger to 2024-05-24 04:00:00+00:00, run_after=2024-05-24 08:00:00+00:00
[2024-05-24T10:24:22.502+0200] {processor.py:183} INFO - Processing /home/munya/anaconda3/lib/python3.11/site-packages/airflow/example_dags/example_latest_only_with_trigger.py took 0.236 seconds
[2024-05-24T10:26:49.963+0200] {processor.py:161} INFO - Started process (PID=650776) to work on /home/munya/anaconda3/lib/python3.11/site-packages/airflow/example_dags/example_latest_only_with_trigger.py
[2024-05-24T10:26:49.965+0200] {processor.py:830} INFO - Processing file /home/munya/anaconda3/lib/python3.11/site-packages/airflow/example_dags/example_latest_only_with_trigger.py for tasks to queue
[2024-05-24T10:26:49.965+0200] {logging_mixin.py:188} INFO - [2024-05-24T10:26:49.965+0200] {dagbag.py:545} INFO - Filling up the DagBag from /home/munya/anaconda3/lib/python3.11/site-packages/airflow/example_dags/example_latest_only_with_trigger.py
[2024-05-24T10:26:49.971+0200] {processor.py:840} INFO - DAG(s) 'latest_only_with_trigger' retrieved from /home/munya/anaconda3/lib/python3.11/site-packages/airflow/example_dags/example_latest_only_with_trigger.py
[2024-05-24T10:26:49.988+0200] {logging_mixin.py:188} INFO - [2024-05-24T10:26:49.988+0200] {dag.py:3096} INFO - Sync 1 DAGs
[2024-05-24T10:26:50.005+0200] {logging_mixin.py:188} INFO - [2024-05-24T10:26:50.004+0200] {dag.py:3954} INFO - Setting next_dagrun for latest_only_with_trigger to 2024-05-24 04:00:00+00:00, run_after=2024-05-24 08:00:00+00:00
[2024-05-24T10:26:50.024+0200] {processor.py:183} INFO - Processing /home/munya/anaconda3/lib/python3.11/site-packages/airflow/example_dags/example_latest_only_with_trigger.py took 0.066 seconds
[2024-05-24T10:27:55.790+0200] {processor.py:161} INFO - Started process (PID=652009) to work on /home/munya/anaconda3/lib/python3.11/site-packages/airflow/example_dags/example_latest_only_with_trigger.py
[2024-05-24T10:27:55.791+0200] {processor.py:830} INFO - Processing file /home/munya/anaconda3/lib/python3.11/site-packages/airflow/example_dags/example_latest_only_with_trigger.py for tasks to queue
[2024-05-24T10:27:55.792+0200] {logging_mixin.py:188} INFO - [2024-05-24T10:27:55.791+0200] {dagbag.py:545} INFO - Filling up the DagBag from /home/munya/anaconda3/lib/python3.11/site-packages/airflow/example_dags/example_latest_only_with_trigger.py
[2024-05-24T10:27:55.797+0200] {processor.py:840} INFO - DAG(s) 'latest_only_with_trigger' retrieved from /home/munya/anaconda3/lib/python3.11/site-packages/airflow/example_dags/example_latest_only_with_trigger.py
[2024-05-24T10:27:55.813+0200] {logging_mixin.py:188} INFO - [2024-05-24T10:27:55.813+0200] {dag.py:3096} INFO - Sync 1 DAGs
[2024-05-24T10:27:55.830+0200] {logging_mixin.py:188} INFO - [2024-05-24T10:27:55.830+0200] {dag.py:3954} INFO - Setting next_dagrun for latest_only_with_trigger to 2024-05-24 04:00:00+00:00, run_after=2024-05-24 08:00:00+00:00
[2024-05-24T10:27:55.846+0200] {processor.py:183} INFO - Processing /home/munya/anaconda3/lib/python3.11/site-packages/airflow/example_dags/example_latest_only_with_trigger.py took 0.062 seconds
[2024-05-24T10:28:53.683+0200] {processor.py:161} INFO - Started process (PID=653113) to work on /home/munya/anaconda3/lib/python3.11/site-packages/airflow/example_dags/example_latest_only_with_trigger.py
[2024-05-24T10:28:53.684+0200] {processor.py:830} INFO - Processing file /home/munya/anaconda3/lib/python3.11/site-packages/airflow/example_dags/example_latest_only_with_trigger.py for tasks to queue
[2024-05-24T10:28:53.685+0200] {logging_mixin.py:188} INFO - [2024-05-24T10:28:53.684+0200] {dagbag.py:545} INFO - Filling up the DagBag from /home/munya/anaconda3/lib/python3.11/site-packages/airflow/example_dags/example_latest_only_with_trigger.py
[2024-05-24T10:28:53.691+0200] {processor.py:840} INFO - DAG(s) 'latest_only_with_trigger' retrieved from /home/munya/anaconda3/lib/python3.11/site-packages/airflow/example_dags/example_latest_only_with_trigger.py
[2024-05-24T10:28:53.705+0200] {logging_mixin.py:188} INFO - [2024-05-24T10:28:53.704+0200] {dag.py:3096} INFO - Sync 1 DAGs
[2024-05-24T10:28:53.719+0200] {logging_mixin.py:188} INFO - [2024-05-24T10:28:53.719+0200] {dag.py:3954} INFO - Setting next_dagrun for latest_only_with_trigger to 2024-05-24 04:00:00+00:00, run_after=2024-05-24 08:00:00+00:00
[2024-05-24T10:28:53.738+0200] {processor.py:183} INFO - Processing /home/munya/anaconda3/lib/python3.11/site-packages/airflow/example_dags/example_latest_only_with_trigger.py took 0.061 seconds
[2024-05-24T10:29:59.176+0200] {processor.py:161} INFO - Started process (PID=654372) to work on /home/munya/anaconda3/lib/python3.11/site-packages/airflow/example_dags/example_latest_only_with_trigger.py
[2024-05-24T10:29:59.177+0200] {processor.py:830} INFO - Processing file /home/munya/anaconda3/lib/python3.11/site-packages/airflow/example_dags/example_latest_only_with_trigger.py for tasks to queue
[2024-05-24T10:29:59.178+0200] {logging_mixin.py:188} INFO - [2024-05-24T10:29:59.178+0200] {dagbag.py:545} INFO - Filling up the DagBag from /home/munya/anaconda3/lib/python3.11/site-packages/airflow/example_dags/example_latest_only_with_trigger.py
[2024-05-24T10:29:59.183+0200] {processor.py:840} INFO - DAG(s) 'latest_only_with_trigger' retrieved from /home/munya/anaconda3/lib/python3.11/site-packages/airflow/example_dags/example_latest_only_with_trigger.py
[2024-05-24T10:29:59.197+0200] {logging_mixin.py:188} INFO - [2024-05-24T10:29:59.197+0200] {dag.py:3096} INFO - Sync 1 DAGs
[2024-05-24T10:29:59.214+0200] {logging_mixin.py:188} INFO - [2024-05-24T10:29:59.213+0200] {dag.py:3954} INFO - Setting next_dagrun for latest_only_with_trigger to 2024-05-24 04:00:00+00:00, run_after=2024-05-24 08:00:00+00:00
[2024-05-24T10:29:59.232+0200] {processor.py:183} INFO - Processing /home/munya/anaconda3/lib/python3.11/site-packages/airflow/example_dags/example_latest_only_with_trigger.py took 0.061 seconds
[2024-05-24T10:31:21.188+0200] {processor.py:161} INFO - Started process (PID=655925) to work on /home/munya/anaconda3/lib/python3.11/site-packages/airflow/example_dags/example_latest_only_with_trigger.py
[2024-05-24T10:31:21.189+0200] {processor.py:830} INFO - Processing file /home/munya/anaconda3/lib/python3.11/site-packages/airflow/example_dags/example_latest_only_with_trigger.py for tasks to queue
[2024-05-24T10:31:21.190+0200] {logging_mixin.py:188} INFO - [2024-05-24T10:31:21.190+0200] {dagbag.py:545} INFO - Filling up the DagBag from /home/munya/anaconda3/lib/python3.11/site-packages/airflow/example_dags/example_latest_only_with_trigger.py
[2024-05-24T10:31:21.197+0200] {processor.py:840} INFO - DAG(s) 'latest_only_with_trigger' retrieved from /home/munya/anaconda3/lib/python3.11/site-packages/airflow/example_dags/example_latest_only_with_trigger.py
[2024-05-24T10:31:21.215+0200] {logging_mixin.py:188} INFO - [2024-05-24T10:31:21.215+0200] {dag.py:3096} INFO - Sync 1 DAGs
[2024-05-24T10:31:21.242+0200] {logging_mixin.py:188} INFO - [2024-05-24T10:31:21.242+0200] {dag.py:3954} INFO - Setting next_dagrun for latest_only_with_trigger to 2024-05-24 04:00:00+00:00, run_after=2024-05-24 08:00:00+00:00
[2024-05-24T10:31:21.272+0200] {processor.py:183} INFO - Processing /home/munya/anaconda3/lib/python3.11/site-packages/airflow/example_dags/example_latest_only_with_trigger.py took 0.092 seconds
[2024-05-24T10:32:26.061+0200] {processor.py:161} INFO - Started process (PID=657154) to work on /home/munya/anaconda3/lib/python3.11/site-packages/airflow/example_dags/example_latest_only_with_trigger.py
[2024-05-24T10:32:26.062+0200] {processor.py:830} INFO - Processing file /home/munya/anaconda3/lib/python3.11/site-packages/airflow/example_dags/example_latest_only_with_trigger.py for tasks to queue
[2024-05-24T10:32:26.063+0200] {logging_mixin.py:188} INFO - [2024-05-24T10:32:26.062+0200] {dagbag.py:545} INFO - Filling up the DagBag from /home/munya/anaconda3/lib/python3.11/site-packages/airflow/example_dags/example_latest_only_with_trigger.py
[2024-05-24T10:32:26.070+0200] {processor.py:840} INFO - DAG(s) 'latest_only_with_trigger' retrieved from /home/munya/anaconda3/lib/python3.11/site-packages/airflow/example_dags/example_latest_only_with_trigger.py
[2024-05-24T10:32:26.084+0200] {logging_mixin.py:188} INFO - [2024-05-24T10:32:26.084+0200] {dag.py:3096} INFO - Sync 1 DAGs
[2024-05-24T10:32:26.098+0200] {logging_mixin.py:188} INFO - [2024-05-24T10:32:26.098+0200] {dag.py:3954} INFO - Setting next_dagrun for latest_only_with_trigger to 2024-05-24 04:00:00+00:00, run_after=2024-05-24 08:00:00+00:00
[2024-05-24T10:32:26.118+0200] {processor.py:183} INFO - Processing /home/munya/anaconda3/lib/python3.11/site-packages/airflow/example_dags/example_latest_only_with_trigger.py took 0.062 seconds
[2024-05-24T10:33:24.597+0200] {processor.py:161} INFO - Started process (PID=658263) to work on /home/munya/anaconda3/lib/python3.11/site-packages/airflow/example_dags/example_latest_only_with_trigger.py
[2024-05-24T10:33:24.598+0200] {processor.py:830} INFO - Processing file /home/munya/anaconda3/lib/python3.11/site-packages/airflow/example_dags/example_latest_only_with_trigger.py for tasks to queue
[2024-05-24T10:33:24.599+0200] {logging_mixin.py:188} INFO - [2024-05-24T10:33:24.598+0200] {dagbag.py:545} INFO - Filling up the DagBag from /home/munya/anaconda3/lib/python3.11/site-packages/airflow/example_dags/example_latest_only_with_trigger.py
[2024-05-24T10:33:24.605+0200] {processor.py:840} INFO - DAG(s) 'latest_only_with_trigger' retrieved from /home/munya/anaconda3/lib/python3.11/site-packages/airflow/example_dags/example_latest_only_with_trigger.py
[2024-05-24T10:33:24.620+0200] {logging_mixin.py:188} INFO - [2024-05-24T10:33:24.620+0200] {dag.py:3096} INFO - Sync 1 DAGs
[2024-05-24T10:33:24.635+0200] {logging_mixin.py:188} INFO - [2024-05-24T10:33:24.635+0200] {dag.py:3954} INFO - Setting next_dagrun for latest_only_with_trigger to 2024-05-24 04:00:00+00:00, run_after=2024-05-24 08:00:00+00:00
[2024-05-24T10:33:24.652+0200] {processor.py:183} INFO - Processing /home/munya/anaconda3/lib/python3.11/site-packages/airflow/example_dags/example_latest_only_with_trigger.py took 0.060 seconds
[2024-05-24T10:34:25.722+0200] {processor.py:161} INFO - Started process (PID=659409) to work on /home/munya/anaconda3/lib/python3.11/site-packages/airflow/example_dags/example_latest_only_with_trigger.py
[2024-05-24T10:34:25.723+0200] {processor.py:830} INFO - Processing file /home/munya/anaconda3/lib/python3.11/site-packages/airflow/example_dags/example_latest_only_with_trigger.py for tasks to queue
[2024-05-24T10:34:25.724+0200] {logging_mixin.py:188} INFO - [2024-05-24T10:34:25.724+0200] {dagbag.py:545} INFO - Filling up the DagBag from /home/munya/anaconda3/lib/python3.11/site-packages/airflow/example_dags/example_latest_only_with_trigger.py
[2024-05-24T10:34:25.730+0200] {processor.py:840} INFO - DAG(s) 'latest_only_with_trigger' retrieved from /home/munya/anaconda3/lib/python3.11/site-packages/airflow/example_dags/example_latest_only_with_trigger.py
[2024-05-24T10:34:25.744+0200] {logging_mixin.py:188} INFO - [2024-05-24T10:34:25.744+0200] {dag.py:3096} INFO - Sync 1 DAGs
[2024-05-24T10:34:25.758+0200] {logging_mixin.py:188} INFO - [2024-05-24T10:34:25.758+0200] {dag.py:3954} INFO - Setting next_dagrun for latest_only_with_trigger to 2024-05-24 04:00:00+00:00, run_after=2024-05-24 08:00:00+00:00
[2024-05-24T10:34:25.776+0200] {processor.py:183} INFO - Processing /home/munya/anaconda3/lib/python3.11/site-packages/airflow/example_dags/example_latest_only_with_trigger.py took 0.061 seconds
[2024-05-24T10:36:20.110+0200] {processor.py:161} INFO - Started process (PID=661568) to work on /home/munya/anaconda3/lib/python3.11/site-packages/airflow/example_dags/example_latest_only_with_trigger.py
[2024-05-24T10:36:20.111+0200] {processor.py:830} INFO - Processing file /home/munya/anaconda3/lib/python3.11/site-packages/airflow/example_dags/example_latest_only_with_trigger.py for tasks to queue
[2024-05-24T10:36:20.112+0200] {logging_mixin.py:188} INFO - [2024-05-24T10:36:20.112+0200] {dagbag.py:545} INFO - Filling up the DagBag from /home/munya/anaconda3/lib/python3.11/site-packages/airflow/example_dags/example_latest_only_with_trigger.py
[2024-05-24T10:36:20.118+0200] {processor.py:840} INFO - DAG(s) 'latest_only_with_trigger' retrieved from /home/munya/anaconda3/lib/python3.11/site-packages/airflow/example_dags/example_latest_only_with_trigger.py
[2024-05-24T10:36:20.133+0200] {logging_mixin.py:188} INFO - [2024-05-24T10:36:20.133+0200] {dag.py:3096} INFO - Sync 1 DAGs
[2024-05-24T10:36:20.148+0200] {logging_mixin.py:188} INFO - [2024-05-24T10:36:20.148+0200] {dag.py:3954} INFO - Setting next_dagrun for latest_only_with_trigger to 2024-05-24 04:00:00+00:00, run_after=2024-05-24 08:00:00+00:00
[2024-05-24T10:36:20.170+0200] {processor.py:183} INFO - Processing /home/munya/anaconda3/lib/python3.11/site-packages/airflow/example_dags/example_latest_only_with_trigger.py took 0.067 seconds
[2024-05-24T10:37:24.408+0200] {processor.py:161} INFO - Started process (PID=662759) to work on /home/munya/anaconda3/lib/python3.11/site-packages/airflow/example_dags/example_latest_only_with_trigger.py
[2024-05-24T10:37:24.412+0200] {processor.py:830} INFO - Processing file /home/munya/anaconda3/lib/python3.11/site-packages/airflow/example_dags/example_latest_only_with_trigger.py for tasks to queue
[2024-05-24T10:37:24.415+0200] {logging_mixin.py:188} INFO - [2024-05-24T10:37:24.413+0200] {dagbag.py:545} INFO - Filling up the DagBag from /home/munya/anaconda3/lib/python3.11/site-packages/airflow/example_dags/example_latest_only_with_trigger.py
[2024-05-24T10:37:24.439+0200] {processor.py:840} INFO - DAG(s) 'latest_only_with_trigger' retrieved from /home/munya/anaconda3/lib/python3.11/site-packages/airflow/example_dags/example_latest_only_with_trigger.py
[2024-05-24T10:37:24.499+0200] {logging_mixin.py:188} INFO - [2024-05-24T10:37:24.498+0200] {dag.py:3096} INFO - Sync 1 DAGs
[2024-05-24T10:37:24.559+0200] {logging_mixin.py:188} INFO - [2024-05-24T10:37:24.559+0200] {dag.py:3954} INFO - Setting next_dagrun for latest_only_with_trigger to 2024-05-24 04:00:00+00:00, run_after=2024-05-24 08:00:00+00:00
[2024-05-24T10:37:24.619+0200] {processor.py:183} INFO - Processing /home/munya/anaconda3/lib/python3.11/site-packages/airflow/example_dags/example_latest_only_with_trigger.py took 0.232 seconds
[2024-05-24T10:38:29.606+0200] {processor.py:161} INFO - Started process (PID=664021) to work on /home/munya/anaconda3/lib/python3.11/site-packages/airflow/example_dags/example_latest_only_with_trigger.py
[2024-05-24T10:38:29.607+0200] {processor.py:830} INFO - Processing file /home/munya/anaconda3/lib/python3.11/site-packages/airflow/example_dags/example_latest_only_with_trigger.py for tasks to queue
[2024-05-24T10:38:29.608+0200] {logging_mixin.py:188} INFO - [2024-05-24T10:38:29.608+0200] {dagbag.py:545} INFO - Filling up the DagBag from /home/munya/anaconda3/lib/python3.11/site-packages/airflow/example_dags/example_latest_only_with_trigger.py
[2024-05-24T10:38:29.615+0200] {processor.py:840} INFO - DAG(s) 'latest_only_with_trigger' retrieved from /home/munya/anaconda3/lib/python3.11/site-packages/airflow/example_dags/example_latest_only_with_trigger.py
[2024-05-24T10:38:29.629+0200] {logging_mixin.py:188} INFO - [2024-05-24T10:38:29.629+0200] {dag.py:3096} INFO - Sync 1 DAGs
[2024-05-24T10:38:29.645+0200] {logging_mixin.py:188} INFO - [2024-05-24T10:38:29.645+0200] {dag.py:3954} INFO - Setting next_dagrun for latest_only_with_trigger to 2024-05-24 04:00:00+00:00, run_after=2024-05-24 08:00:00+00:00
[2024-05-24T10:38:29.664+0200] {processor.py:183} INFO - Processing /home/munya/anaconda3/lib/python3.11/site-packages/airflow/example_dags/example_latest_only_with_trigger.py took 0.065 seconds
[2024-05-24T10:39:27.337+0200] {processor.py:161} INFO - Started process (PID=665390) to work on /home/munya/anaconda3/lib/python3.11/site-packages/airflow/example_dags/example_latest_only_with_trigger.py
[2024-05-24T10:39:27.339+0200] {processor.py:830} INFO - Processing file /home/munya/anaconda3/lib/python3.11/site-packages/airflow/example_dags/example_latest_only_with_trigger.py for tasks to queue
[2024-05-24T10:39:27.341+0200] {logging_mixin.py:188} INFO - [2024-05-24T10:39:27.340+0200] {dagbag.py:545} INFO - Filling up the DagBag from /home/munya/anaconda3/lib/python3.11/site-packages/airflow/example_dags/example_latest_only_with_trigger.py
[2024-05-24T10:39:27.348+0200] {processor.py:840} INFO - DAG(s) 'latest_only_with_trigger' retrieved from /home/munya/anaconda3/lib/python3.11/site-packages/airflow/example_dags/example_latest_only_with_trigger.py
[2024-05-24T10:39:27.369+0200] {logging_mixin.py:188} INFO - [2024-05-24T10:39:27.368+0200] {dag.py:3096} INFO - Sync 1 DAGs
[2024-05-24T10:39:27.391+0200] {logging_mixin.py:188} INFO - [2024-05-24T10:39:27.391+0200] {dag.py:3954} INFO - Setting next_dagrun for latest_only_with_trigger to 2024-05-24 04:00:00+00:00, run_after=2024-05-24 08:00:00+00:00
[2024-05-24T10:39:27.415+0200] {processor.py:183} INFO - Processing /home/munya/anaconda3/lib/python3.11/site-packages/airflow/example_dags/example_latest_only_with_trigger.py took 0.086 seconds
[2024-05-24T10:44:51.771+0200] {processor.py:161} INFO - Started process (PID=671491) to work on /home/munya/anaconda3/lib/python3.11/site-packages/airflow/example_dags/example_latest_only_with_trigger.py
[2024-05-24T10:44:51.772+0200] {processor.py:830} INFO - Processing file /home/munya/anaconda3/lib/python3.11/site-packages/airflow/example_dags/example_latest_only_with_trigger.py for tasks to queue
[2024-05-24T10:44:51.773+0200] {logging_mixin.py:188} INFO - [2024-05-24T10:44:51.772+0200] {dagbag.py:545} INFO - Filling up the DagBag from /home/munya/anaconda3/lib/python3.11/site-packages/airflow/example_dags/example_latest_only_with_trigger.py
[2024-05-24T10:44:51.781+0200] {processor.py:840} INFO - DAG(s) 'latest_only_with_trigger' retrieved from /home/munya/anaconda3/lib/python3.11/site-packages/airflow/example_dags/example_latest_only_with_trigger.py
[2024-05-24T10:44:51.798+0200] {logging_mixin.py:188} INFO - [2024-05-24T10:44:51.798+0200] {dag.py:3096} INFO - Sync 1 DAGs
[2024-05-24T10:44:51.814+0200] {logging_mixin.py:188} INFO - [2024-05-24T10:44:51.814+0200] {dag.py:3954} INFO - Setting next_dagrun for latest_only_with_trigger to 2024-05-24 04:00:00+00:00, run_after=2024-05-24 08:00:00+00:00
[2024-05-24T10:44:51.832+0200] {processor.py:183} INFO - Processing /home/munya/anaconda3/lib/python3.11/site-packages/airflow/example_dags/example_latest_only_with_trigger.py took 0.068 seconds
[2024-05-24T13:03:26.101+0200] {processor.py:161} INFO - Started process (PID=92548) to work on /home/munya/anaconda3/lib/python3.11/site-packages/airflow/example_dags/example_latest_only_with_trigger.py
[2024-05-24T13:03:26.102+0200] {processor.py:830} INFO - Processing file /home/munya/anaconda3/lib/python3.11/site-packages/airflow/example_dags/example_latest_only_with_trigger.py for tasks to queue
[2024-05-24T13:03:26.104+0200] {logging_mixin.py:188} INFO - [2024-05-24T13:03:26.103+0200] {dagbag.py:545} INFO - Filling up the DagBag from /home/munya/anaconda3/lib/python3.11/site-packages/airflow/example_dags/example_latest_only_with_trigger.py
[2024-05-24T13:03:26.109+0200] {processor.py:840} INFO - DAG(s) 'latest_only_with_trigger' retrieved from /home/munya/anaconda3/lib/python3.11/site-packages/airflow/example_dags/example_latest_only_with_trigger.py
[2024-05-24T13:03:26.216+0200] {logging_mixin.py:188} INFO - [2024-05-24T13:03:26.216+0200] {dag.py:3096} INFO - Sync 1 DAGs
[2024-05-24T13:03:26.234+0200] {logging_mixin.py:188} INFO - [2024-05-24T13:03:26.234+0200] {dag.py:3954} INFO - Setting next_dagrun for latest_only_with_trigger to 2024-05-24 04:00:00+00:00, run_after=2024-05-24 08:00:00+00:00
[2024-05-24T13:03:26.257+0200] {processor.py:183} INFO - Processing /home/munya/anaconda3/lib/python3.11/site-packages/airflow/example_dags/example_latest_only_with_trigger.py took 0.164 seconds
[2024-05-24T13:04:25.022+0200] {processor.py:161} INFO - Started process (PID=93681) to work on /home/munya/anaconda3/lib/python3.11/site-packages/airflow/example_dags/example_latest_only_with_trigger.py
[2024-05-24T13:04:25.023+0200] {processor.py:830} INFO - Processing file /home/munya/anaconda3/lib/python3.11/site-packages/airflow/example_dags/example_latest_only_with_trigger.py for tasks to queue
[2024-05-24T13:04:25.025+0200] {logging_mixin.py:188} INFO - [2024-05-24T13:04:25.024+0200] {dagbag.py:545} INFO - Filling up the DagBag from /home/munya/anaconda3/lib/python3.11/site-packages/airflow/example_dags/example_latest_only_with_trigger.py
[2024-05-24T13:04:25.030+0200] {processor.py:840} INFO - DAG(s) 'latest_only_with_trigger' retrieved from /home/munya/anaconda3/lib/python3.11/site-packages/airflow/example_dags/example_latest_only_with_trigger.py
[2024-05-24T13:04:25.047+0200] {logging_mixin.py:188} INFO - [2024-05-24T13:04:25.046+0200] {dag.py:3096} INFO - Sync 1 DAGs
[2024-05-24T13:04:25.067+0200] {logging_mixin.py:188} INFO - [2024-05-24T13:04:25.066+0200] {dag.py:3954} INFO - Setting next_dagrun for latest_only_with_trigger to 2024-05-24 04:00:00+00:00, run_after=2024-05-24 08:00:00+00:00
[2024-05-24T13:04:25.085+0200] {processor.py:183} INFO - Processing /home/munya/anaconda3/lib/python3.11/site-packages/airflow/example_dags/example_latest_only_with_trigger.py took 0.069 seconds
[2024-05-24T13:05:54.615+0200] {processor.py:161} INFO - Started process (PID=95377) to work on /home/munya/anaconda3/lib/python3.11/site-packages/airflow/example_dags/example_latest_only_with_trigger.py
[2024-05-24T13:05:54.616+0200] {processor.py:830} INFO - Processing file /home/munya/anaconda3/lib/python3.11/site-packages/airflow/example_dags/example_latest_only_with_trigger.py for tasks to queue
[2024-05-24T13:05:54.618+0200] {logging_mixin.py:188} INFO - [2024-05-24T13:05:54.618+0200] {dagbag.py:545} INFO - Filling up the DagBag from /home/munya/anaconda3/lib/python3.11/site-packages/airflow/example_dags/example_latest_only_with_trigger.py
[2024-05-24T13:05:54.623+0200] {processor.py:840} INFO - DAG(s) 'latest_only_with_trigger' retrieved from /home/munya/anaconda3/lib/python3.11/site-packages/airflow/example_dags/example_latest_only_with_trigger.py
[2024-05-24T13:05:54.640+0200] {logging_mixin.py:188} INFO - [2024-05-24T13:05:54.640+0200] {dag.py:3096} INFO - Sync 1 DAGs
[2024-05-24T13:05:54.661+0200] {logging_mixin.py:188} INFO - [2024-05-24T13:05:54.661+0200] {dag.py:3954} INFO - Setting next_dagrun for latest_only_with_trigger to 2024-05-24 04:00:00+00:00, run_after=2024-05-24 08:00:00+00:00
[2024-05-24T13:05:54.687+0200] {processor.py:183} INFO - Processing /home/munya/anaconda3/lib/python3.11/site-packages/airflow/example_dags/example_latest_only_with_trigger.py took 0.079 seconds
[2024-05-24T13:06:57.774+0200] {processor.py:161} INFO - Started process (PID=96606) to work on /home/munya/anaconda3/lib/python3.11/site-packages/airflow/example_dags/example_latest_only_with_trigger.py
[2024-05-24T13:06:57.777+0200] {processor.py:830} INFO - Processing file /home/munya/anaconda3/lib/python3.11/site-packages/airflow/example_dags/example_latest_only_with_trigger.py for tasks to queue
[2024-05-24T13:06:57.785+0200] {logging_mixin.py:188} INFO - [2024-05-24T13:06:57.784+0200] {dagbag.py:545} INFO - Filling up the DagBag from /home/munya/anaconda3/lib/python3.11/site-packages/airflow/example_dags/example_latest_only_with_trigger.py
[2024-05-24T13:06:57.810+0200] {processor.py:840} INFO - DAG(s) 'latest_only_with_trigger' retrieved from /home/munya/anaconda3/lib/python3.11/site-packages/airflow/example_dags/example_latest_only_with_trigger.py
[2024-05-24T13:06:57.890+0200] {logging_mixin.py:188} INFO - [2024-05-24T13:06:57.889+0200] {dag.py:3096} INFO - Sync 1 DAGs
[2024-05-24T13:06:57.986+0200] {logging_mixin.py:188} INFO - [2024-05-24T13:06:57.984+0200] {dag.py:3954} INFO - Setting next_dagrun for latest_only_with_trigger to 2024-05-24 04:00:00+00:00, run_after=2024-05-24 08:00:00+00:00
[2024-05-24T13:06:58.089+0200] {processor.py:183} INFO - Processing /home/munya/anaconda3/lib/python3.11/site-packages/airflow/example_dags/example_latest_only_with_trigger.py took 0.344 seconds
[2024-05-24T13:08:00.412+0200] {processor.py:161} INFO - Started process (PID=97776) to work on /home/munya/anaconda3/lib/python3.11/site-packages/airflow/example_dags/example_latest_only_with_trigger.py
[2024-05-24T13:08:00.413+0200] {processor.py:830} INFO - Processing file /home/munya/anaconda3/lib/python3.11/site-packages/airflow/example_dags/example_latest_only_with_trigger.py for tasks to queue
[2024-05-24T13:08:00.416+0200] {logging_mixin.py:188} INFO - [2024-05-24T13:08:00.415+0200] {dagbag.py:545} INFO - Filling up the DagBag from /home/munya/anaconda3/lib/python3.11/site-packages/airflow/example_dags/example_latest_only_with_trigger.py
[2024-05-24T13:08:00.423+0200] {processor.py:840} INFO - DAG(s) 'latest_only_with_trigger' retrieved from /home/munya/anaconda3/lib/python3.11/site-packages/airflow/example_dags/example_latest_only_with_trigger.py
[2024-05-24T13:08:00.440+0200] {logging_mixin.py:188} INFO - [2024-05-24T13:08:00.440+0200] {dag.py:3096} INFO - Sync 1 DAGs
[2024-05-24T13:08:00.461+0200] {logging_mixin.py:188} INFO - [2024-05-24T13:08:00.460+0200] {dag.py:3954} INFO - Setting next_dagrun for latest_only_with_trigger to 2024-05-24 04:00:00+00:00, run_after=2024-05-24 08:00:00+00:00
[2024-05-24T13:08:00.483+0200] {processor.py:183} INFO - Processing /home/munya/anaconda3/lib/python3.11/site-packages/airflow/example_dags/example_latest_only_with_trigger.py took 0.079 seconds
[2024-05-24T13:08:59.068+0200] {processor.py:161} INFO - Started process (PID=98911) to work on /home/munya/anaconda3/lib/python3.11/site-packages/airflow/example_dags/example_latest_only_with_trigger.py
[2024-05-24T13:08:59.069+0200] {processor.py:830} INFO - Processing file /home/munya/anaconda3/lib/python3.11/site-packages/airflow/example_dags/example_latest_only_with_trigger.py for tasks to queue
[2024-05-24T13:08:59.071+0200] {logging_mixin.py:188} INFO - [2024-05-24T13:08:59.070+0200] {dagbag.py:545} INFO - Filling up the DagBag from /home/munya/anaconda3/lib/python3.11/site-packages/airflow/example_dags/example_latest_only_with_trigger.py
[2024-05-24T13:08:59.079+0200] {processor.py:840} INFO - DAG(s) 'latest_only_with_trigger' retrieved from /home/munya/anaconda3/lib/python3.11/site-packages/airflow/example_dags/example_latest_only_with_trigger.py
[2024-05-24T13:08:59.100+0200] {logging_mixin.py:188} INFO - [2024-05-24T13:08:59.100+0200] {dag.py:3096} INFO - Sync 1 DAGs
[2024-05-24T13:08:59.119+0200] {logging_mixin.py:188} INFO - [2024-05-24T13:08:59.119+0200] {dag.py:3954} INFO - Setting next_dagrun for latest_only_with_trigger to 2024-05-24 04:00:00+00:00, run_after=2024-05-24 08:00:00+00:00
[2024-05-24T13:08:59.142+0200] {processor.py:183} INFO - Processing /home/munya/anaconda3/lib/python3.11/site-packages/airflow/example_dags/example_latest_only_with_trigger.py took 0.082 seconds
[2024-05-24T13:10:09.424+0200] {processor.py:161} INFO - Started process (PID=100319) to work on /home/munya/anaconda3/lib/python3.11/site-packages/airflow/example_dags/example_latest_only_with_trigger.py
[2024-05-24T13:10:09.425+0200] {processor.py:830} INFO - Processing file /home/munya/anaconda3/lib/python3.11/site-packages/airflow/example_dags/example_latest_only_with_trigger.py for tasks to queue
[2024-05-24T13:10:09.427+0200] {logging_mixin.py:188} INFO - [2024-05-24T13:10:09.427+0200] {dagbag.py:545} INFO - Filling up the DagBag from /home/munya/anaconda3/lib/python3.11/site-packages/airflow/example_dags/example_latest_only_with_trigger.py
[2024-05-24T13:10:09.433+0200] {processor.py:840} INFO - DAG(s) 'latest_only_with_trigger' retrieved from /home/munya/anaconda3/lib/python3.11/site-packages/airflow/example_dags/example_latest_only_with_trigger.py
[2024-05-24T13:10:09.452+0200] {logging_mixin.py:188} INFO - [2024-05-24T13:10:09.451+0200] {dag.py:3096} INFO - Sync 1 DAGs
[2024-05-24T13:10:09.478+0200] {logging_mixin.py:188} INFO - [2024-05-24T13:10:09.478+0200] {dag.py:3954} INFO - Setting next_dagrun for latest_only_with_trigger to 2024-05-24 04:00:00+00:00, run_after=2024-05-24 08:00:00+00:00
[2024-05-24T13:10:09.499+0200] {processor.py:183} INFO - Processing /home/munya/anaconda3/lib/python3.11/site-packages/airflow/example_dags/example_latest_only_with_trigger.py took 0.082 seconds
[2024-05-24T13:11:15.336+0200] {processor.py:161} INFO - Started process (PID=101588) to work on /home/munya/anaconda3/lib/python3.11/site-packages/airflow/example_dags/example_latest_only_with_trigger.py
[2024-05-24T13:11:15.338+0200] {processor.py:830} INFO - Processing file /home/munya/anaconda3/lib/python3.11/site-packages/airflow/example_dags/example_latest_only_with_trigger.py for tasks to queue
[2024-05-24T13:11:15.341+0200] {logging_mixin.py:188} INFO - [2024-05-24T13:11:15.340+0200] {dagbag.py:545} INFO - Filling up the DagBag from /home/munya/anaconda3/lib/python3.11/site-packages/airflow/example_dags/example_latest_only_with_trigger.py
[2024-05-24T13:11:15.347+0200] {processor.py:840} INFO - DAG(s) 'latest_only_with_trigger' retrieved from /home/munya/anaconda3/lib/python3.11/site-packages/airflow/example_dags/example_latest_only_with_trigger.py
[2024-05-24T13:11:15.366+0200] {logging_mixin.py:188} INFO - [2024-05-24T13:11:15.365+0200] {dag.py:3096} INFO - Sync 1 DAGs
[2024-05-24T13:11:15.388+0200] {logging_mixin.py:188} INFO - [2024-05-24T13:11:15.388+0200] {dag.py:3954} INFO - Setting next_dagrun for latest_only_with_trigger to 2024-05-24 04:00:00+00:00, run_after=2024-05-24 08:00:00+00:00
[2024-05-24T13:11:15.410+0200] {processor.py:183} INFO - Processing /home/munya/anaconda3/lib/python3.11/site-packages/airflow/example_dags/example_latest_only_with_trigger.py took 0.080 seconds
[2024-05-24T13:12:13.660+0200] {processor.py:161} INFO - Started process (PID=102735) to work on /home/munya/anaconda3/lib/python3.11/site-packages/airflow/example_dags/example_latest_only_with_trigger.py
[2024-05-24T13:12:13.662+0200] {processor.py:830} INFO - Processing file /home/munya/anaconda3/lib/python3.11/site-packages/airflow/example_dags/example_latest_only_with_trigger.py for tasks to queue
[2024-05-24T13:12:13.665+0200] {logging_mixin.py:188} INFO - [2024-05-24T13:12:13.664+0200] {dagbag.py:545} INFO - Filling up the DagBag from /home/munya/anaconda3/lib/python3.11/site-packages/airflow/example_dags/example_latest_only_with_trigger.py
[2024-05-24T13:12:13.674+0200] {processor.py:840} INFO - DAG(s) 'latest_only_with_trigger' retrieved from /home/munya/anaconda3/lib/python3.11/site-packages/airflow/example_dags/example_latest_only_with_trigger.py
[2024-05-24T13:12:13.701+0200] {logging_mixin.py:188} INFO - [2024-05-24T13:12:13.701+0200] {dag.py:3096} INFO - Sync 1 DAGs
[2024-05-24T13:12:13.730+0200] {logging_mixin.py:188} INFO - [2024-05-24T13:12:13.730+0200] {dag.py:3954} INFO - Setting next_dagrun for latest_only_with_trigger to 2024-05-24 04:00:00+00:00, run_after=2024-05-24 08:00:00+00:00
[2024-05-24T13:12:13.765+0200] {processor.py:183} INFO - Processing /home/munya/anaconda3/lib/python3.11/site-packages/airflow/example_dags/example_latest_only_with_trigger.py took 0.115 seconds
[2024-05-24T13:13:17.963+0200] {processor.py:161} INFO - Started process (PID=103952) to work on /home/munya/anaconda3/lib/python3.11/site-packages/airflow/example_dags/example_latest_only_with_trigger.py
[2024-05-24T13:13:17.964+0200] {processor.py:830} INFO - Processing file /home/munya/anaconda3/lib/python3.11/site-packages/airflow/example_dags/example_latest_only_with_trigger.py for tasks to queue
[2024-05-24T13:13:17.965+0200] {logging_mixin.py:188} INFO - [2024-05-24T13:13:17.965+0200] {dagbag.py:545} INFO - Filling up the DagBag from /home/munya/anaconda3/lib/python3.11/site-packages/airflow/example_dags/example_latest_only_with_trigger.py
[2024-05-24T13:13:17.973+0200] {processor.py:840} INFO - DAG(s) 'latest_only_with_trigger' retrieved from /home/munya/anaconda3/lib/python3.11/site-packages/airflow/example_dags/example_latest_only_with_trigger.py
[2024-05-24T13:13:17.993+0200] {logging_mixin.py:188} INFO - [2024-05-24T13:13:17.992+0200] {dag.py:3096} INFO - Sync 1 DAGs
[2024-05-24T13:13:18.014+0200] {logging_mixin.py:188} INFO - [2024-05-24T13:13:18.013+0200] {dag.py:3954} INFO - Setting next_dagrun for latest_only_with_trigger to 2024-05-24 04:00:00+00:00, run_after=2024-05-24 08:00:00+00:00
[2024-05-24T13:13:18.034+0200] {processor.py:183} INFO - Processing /home/munya/anaconda3/lib/python3.11/site-packages/airflow/example_dags/example_latest_only_with_trigger.py took 0.078 seconds
[2024-05-24T13:14:18.896+0200] {processor.py:161} INFO - Started process (PID=105102) to work on /home/munya/anaconda3/lib/python3.11/site-packages/airflow/example_dags/example_latest_only_with_trigger.py
[2024-05-24T13:14:18.897+0200] {processor.py:830} INFO - Processing file /home/munya/anaconda3/lib/python3.11/site-packages/airflow/example_dags/example_latest_only_with_trigger.py for tasks to queue
[2024-05-24T13:14:18.899+0200] {logging_mixin.py:188} INFO - [2024-05-24T13:14:18.898+0200] {dagbag.py:545} INFO - Filling up the DagBag from /home/munya/anaconda3/lib/python3.11/site-packages/airflow/example_dags/example_latest_only_with_trigger.py
[2024-05-24T13:14:18.904+0200] {processor.py:840} INFO - DAG(s) 'latest_only_with_trigger' retrieved from /home/munya/anaconda3/lib/python3.11/site-packages/airflow/example_dags/example_latest_only_with_trigger.py
[2024-05-24T13:14:18.922+0200] {logging_mixin.py:188} INFO - [2024-05-24T13:14:18.922+0200] {dag.py:3096} INFO - Sync 1 DAGs
[2024-05-24T13:14:18.942+0200] {logging_mixin.py:188} INFO - [2024-05-24T13:14:18.942+0200] {dag.py:3954} INFO - Setting next_dagrun for latest_only_with_trigger to 2024-05-24 04:00:00+00:00, run_after=2024-05-24 08:00:00+00:00
[2024-05-24T13:14:18.962+0200] {processor.py:183} INFO - Processing /home/munya/anaconda3/lib/python3.11/site-packages/airflow/example_dags/example_latest_only_with_trigger.py took 0.072 seconds
[2024-05-24T13:15:41.866+0200] {processor.py:161} INFO - Started process (PID=106681) to work on /home/munya/anaconda3/lib/python3.11/site-packages/airflow/example_dags/example_latest_only_with_trigger.py
[2024-05-24T13:15:41.867+0200] {processor.py:830} INFO - Processing file /home/munya/anaconda3/lib/python3.11/site-packages/airflow/example_dags/example_latest_only_with_trigger.py for tasks to queue
[2024-05-24T13:15:41.869+0200] {logging_mixin.py:188} INFO - [2024-05-24T13:15:41.868+0200] {dagbag.py:545} INFO - Filling up the DagBag from /home/munya/anaconda3/lib/python3.11/site-packages/airflow/example_dags/example_latest_only_with_trigger.py
[2024-05-24T13:15:41.876+0200] {processor.py:840} INFO - DAG(s) 'latest_only_with_trigger' retrieved from /home/munya/anaconda3/lib/python3.11/site-packages/airflow/example_dags/example_latest_only_with_trigger.py
[2024-05-24T13:15:41.895+0200] {logging_mixin.py:188} INFO - [2024-05-24T13:15:41.895+0200] {dag.py:3096} INFO - Sync 1 DAGs
[2024-05-24T13:15:41.916+0200] {logging_mixin.py:188} INFO - [2024-05-24T13:15:41.915+0200] {dag.py:3954} INFO - Setting next_dagrun for latest_only_with_trigger to 2024-05-24 04:00:00+00:00, run_after=2024-05-24 08:00:00+00:00
[2024-05-24T13:15:41.939+0200] {processor.py:183} INFO - Processing /home/munya/anaconda3/lib/python3.11/site-packages/airflow/example_dags/example_latest_only_with_trigger.py took 0.079 seconds
[2024-05-24T13:16:45.875+0200] {processor.py:161} INFO - Started process (PID=107944) to work on /home/munya/anaconda3/lib/python3.11/site-packages/airflow/example_dags/example_latest_only_with_trigger.py
[2024-05-24T13:16:45.876+0200] {processor.py:830} INFO - Processing file /home/munya/anaconda3/lib/python3.11/site-packages/airflow/example_dags/example_latest_only_with_trigger.py for tasks to queue
[2024-05-24T13:16:45.877+0200] {logging_mixin.py:188} INFO - [2024-05-24T13:16:45.877+0200] {dagbag.py:545} INFO - Filling up the DagBag from /home/munya/anaconda3/lib/python3.11/site-packages/airflow/example_dags/example_latest_only_with_trigger.py
[2024-05-24T13:16:45.882+0200] {processor.py:840} INFO - DAG(s) 'latest_only_with_trigger' retrieved from /home/munya/anaconda3/lib/python3.11/site-packages/airflow/example_dags/example_latest_only_with_trigger.py
[2024-05-24T13:16:45.899+0200] {logging_mixin.py:188} INFO - [2024-05-24T13:16:45.899+0200] {dag.py:3096} INFO - Sync 1 DAGs
[2024-05-24T13:16:45.922+0200] {logging_mixin.py:188} INFO - [2024-05-24T13:16:45.921+0200] {dag.py:3954} INFO - Setting next_dagrun for latest_only_with_trigger to 2024-05-24 04:00:00+00:00, run_after=2024-05-24 08:00:00+00:00
[2024-05-24T13:16:45.942+0200] {processor.py:183} INFO - Processing /home/munya/anaconda3/lib/python3.11/site-packages/airflow/example_dags/example_latest_only_with_trigger.py took 0.075 seconds
[2024-05-24T13:17:43.139+0200] {processor.py:161} INFO - Started process (PID=109114) to work on /home/munya/anaconda3/lib/python3.11/site-packages/airflow/example_dags/example_latest_only_with_trigger.py
[2024-05-24T13:17:43.141+0200] {processor.py:830} INFO - Processing file /home/munya/anaconda3/lib/python3.11/site-packages/airflow/example_dags/example_latest_only_with_trigger.py for tasks to queue
[2024-05-24T13:17:43.143+0200] {logging_mixin.py:188} INFO - [2024-05-24T13:17:43.143+0200] {dagbag.py:545} INFO - Filling up the DagBag from /home/munya/anaconda3/lib/python3.11/site-packages/airflow/example_dags/example_latest_only_with_trigger.py
[2024-05-24T13:17:43.149+0200] {processor.py:840} INFO - DAG(s) 'latest_only_with_trigger' retrieved from /home/munya/anaconda3/lib/python3.11/site-packages/airflow/example_dags/example_latest_only_with_trigger.py
[2024-05-24T13:17:43.166+0200] {logging_mixin.py:188} INFO - [2024-05-24T13:17:43.166+0200] {dag.py:3096} INFO - Sync 1 DAGs
[2024-05-24T13:17:43.185+0200] {logging_mixin.py:188} INFO - [2024-05-24T13:17:43.185+0200] {dag.py:3954} INFO - Setting next_dagrun for latest_only_with_trigger to 2024-05-24 04:00:00+00:00, run_after=2024-05-24 08:00:00+00:00
[2024-05-24T13:17:43.204+0200] {processor.py:183} INFO - Processing /home/munya/anaconda3/lib/python3.11/site-packages/airflow/example_dags/example_latest_only_with_trigger.py took 0.070 seconds
[2024-05-24T13:18:44.471+0200] {processor.py:161} INFO - Started process (PID=110568) to work on /home/munya/anaconda3/lib/python3.11/site-packages/airflow/example_dags/example_latest_only_with_trigger.py
[2024-05-24T13:18:44.472+0200] {processor.py:830} INFO - Processing file /home/munya/anaconda3/lib/python3.11/site-packages/airflow/example_dags/example_latest_only_with_trigger.py for tasks to queue
[2024-05-24T13:18:44.474+0200] {logging_mixin.py:188} INFO - [2024-05-24T13:18:44.473+0200] {dagbag.py:545} INFO - Filling up the DagBag from /home/munya/anaconda3/lib/python3.11/site-packages/airflow/example_dags/example_latest_only_with_trigger.py
[2024-05-24T13:18:44.480+0200] {processor.py:840} INFO - DAG(s) 'latest_only_with_trigger' retrieved from /home/munya/anaconda3/lib/python3.11/site-packages/airflow/example_dags/example_latest_only_with_trigger.py
[2024-05-24T13:18:44.498+0200] {logging_mixin.py:188} INFO - [2024-05-24T13:18:44.497+0200] {dag.py:3096} INFO - Sync 1 DAGs
[2024-05-24T13:18:44.518+0200] {logging_mixin.py:188} INFO - [2024-05-24T13:18:44.518+0200] {dag.py:3954} INFO - Setting next_dagrun for latest_only_with_trigger to 2024-05-24 04:00:00+00:00, run_after=2024-05-24 08:00:00+00:00
[2024-05-24T13:18:44.538+0200] {processor.py:183} INFO - Processing /home/munya/anaconda3/lib/python3.11/site-packages/airflow/example_dags/example_latest_only_with_trigger.py took 0.073 seconds
[2024-05-24T13:19:46.918+0200] {processor.py:161} INFO - Started process (PID=111751) to work on /home/munya/anaconda3/lib/python3.11/site-packages/airflow/example_dags/example_latest_only_with_trigger.py
[2024-05-24T13:19:46.920+0200] {processor.py:830} INFO - Processing file /home/munya/anaconda3/lib/python3.11/site-packages/airflow/example_dags/example_latest_only_with_trigger.py for tasks to queue
[2024-05-24T13:19:46.922+0200] {logging_mixin.py:188} INFO - [2024-05-24T13:19:46.921+0200] {dagbag.py:545} INFO - Filling up the DagBag from /home/munya/anaconda3/lib/python3.11/site-packages/airflow/example_dags/example_latest_only_with_trigger.py
[2024-05-24T13:19:46.929+0200] {processor.py:840} INFO - DAG(s) 'latest_only_with_trigger' retrieved from /home/munya/anaconda3/lib/python3.11/site-packages/airflow/example_dags/example_latest_only_with_trigger.py
[2024-05-24T13:19:46.947+0200] {logging_mixin.py:188} INFO - [2024-05-24T13:19:46.947+0200] {dag.py:3096} INFO - Sync 1 DAGs
[2024-05-24T13:19:46.968+0200] {logging_mixin.py:188} INFO - [2024-05-24T13:19:46.967+0200] {dag.py:3954} INFO - Setting next_dagrun for latest_only_with_trigger to 2024-05-24 04:00:00+00:00, run_after=2024-05-24 08:00:00+00:00
[2024-05-24T13:19:46.989+0200] {processor.py:183} INFO - Processing /home/munya/anaconda3/lib/python3.11/site-packages/airflow/example_dags/example_latest_only_with_trigger.py took 0.076 seconds
[2024-05-24T13:21:14.291+0200] {processor.py:161} INFO - Started process (PID=113480) to work on /home/munya/anaconda3/lib/python3.11/site-packages/airflow/example_dags/example_latest_only_with_trigger.py
[2024-05-24T13:21:14.293+0200] {processor.py:830} INFO - Processing file /home/munya/anaconda3/lib/python3.11/site-packages/airflow/example_dags/example_latest_only_with_trigger.py for tasks to queue
[2024-05-24T13:21:14.295+0200] {logging_mixin.py:188} INFO - [2024-05-24T13:21:14.294+0200] {dagbag.py:545} INFO - Filling up the DagBag from /home/munya/anaconda3/lib/python3.11/site-packages/airflow/example_dags/example_latest_only_with_trigger.py
[2024-05-24T13:21:14.300+0200] {processor.py:840} INFO - DAG(s) 'latest_only_with_trigger' retrieved from /home/munya/anaconda3/lib/python3.11/site-packages/airflow/example_dags/example_latest_only_with_trigger.py
[2024-05-24T13:21:14.316+0200] {logging_mixin.py:188} INFO - [2024-05-24T13:21:14.316+0200] {dag.py:3096} INFO - Sync 1 DAGs
[2024-05-24T13:21:14.338+0200] {logging_mixin.py:188} INFO - [2024-05-24T13:21:14.337+0200] {dag.py:3954} INFO - Setting next_dagrun for latest_only_with_trigger to 2024-05-24 04:00:00+00:00, run_after=2024-05-24 08:00:00+00:00
[2024-05-24T13:21:14.364+0200] {processor.py:183} INFO - Processing /home/munya/anaconda3/lib/python3.11/site-packages/airflow/example_dags/example_latest_only_with_trigger.py took 0.080 seconds
[2024-05-24T13:22:14.290+0200] {processor.py:161} INFO - Started process (PID=114811) to work on /home/munya/anaconda3/lib/python3.11/site-packages/airflow/example_dags/example_latest_only_with_trigger.py
[2024-05-24T13:22:14.291+0200] {processor.py:830} INFO - Processing file /home/munya/anaconda3/lib/python3.11/site-packages/airflow/example_dags/example_latest_only_with_trigger.py for tasks to queue
[2024-05-24T13:22:14.293+0200] {logging_mixin.py:188} INFO - [2024-05-24T13:22:14.293+0200] {dagbag.py:545} INFO - Filling up the DagBag from /home/munya/anaconda3/lib/python3.11/site-packages/airflow/example_dags/example_latest_only_with_trigger.py
[2024-05-24T13:22:14.299+0200] {processor.py:840} INFO - DAG(s) 'latest_only_with_trigger' retrieved from /home/munya/anaconda3/lib/python3.11/site-packages/airflow/example_dags/example_latest_only_with_trigger.py
[2024-05-24T13:22:14.317+0200] {logging_mixin.py:188} INFO - [2024-05-24T13:22:14.317+0200] {dag.py:3096} INFO - Sync 1 DAGs
[2024-05-24T13:22:14.337+0200] {logging_mixin.py:188} INFO - [2024-05-24T13:22:14.337+0200] {dag.py:3954} INFO - Setting next_dagrun for latest_only_with_trigger to 2024-05-24 04:00:00+00:00, run_after=2024-05-24 08:00:00+00:00
[2024-05-24T13:22:14.366+0200] {processor.py:183} INFO - Processing /home/munya/anaconda3/lib/python3.11/site-packages/airflow/example_dags/example_latest_only_with_trigger.py took 0.081 seconds
[2024-05-24T13:23:11.072+0200] {processor.py:161} INFO - Started process (PID=115919) to work on /home/munya/anaconda3/lib/python3.11/site-packages/airflow/example_dags/example_latest_only_with_trigger.py
[2024-05-24T13:23:11.073+0200] {processor.py:830} INFO - Processing file /home/munya/anaconda3/lib/python3.11/site-packages/airflow/example_dags/example_latest_only_with_trigger.py for tasks to queue
[2024-05-24T13:23:11.075+0200] {logging_mixin.py:188} INFO - [2024-05-24T13:23:11.074+0200] {dagbag.py:545} INFO - Filling up the DagBag from /home/munya/anaconda3/lib/python3.11/site-packages/airflow/example_dags/example_latest_only_with_trigger.py
[2024-05-24T13:23:11.082+0200] {processor.py:840} INFO - DAG(s) 'latest_only_with_trigger' retrieved from /home/munya/anaconda3/lib/python3.11/site-packages/airflow/example_dags/example_latest_only_with_trigger.py
[2024-05-24T13:23:11.099+0200] {logging_mixin.py:188} INFO - [2024-05-24T13:23:11.099+0200] {dag.py:3096} INFO - Sync 1 DAGs
[2024-05-24T13:23:11.121+0200] {logging_mixin.py:188} INFO - [2024-05-24T13:23:11.121+0200] {dag.py:3954} INFO - Setting next_dagrun for latest_only_with_trigger to 2024-05-24 04:00:00+00:00, run_after=2024-05-24 08:00:00+00:00
[2024-05-24T13:23:11.144+0200] {processor.py:183} INFO - Processing /home/munya/anaconda3/lib/python3.11/site-packages/airflow/example_dags/example_latest_only_with_trigger.py took 0.078 seconds
[2024-05-24T13:24:07.156+0200] {processor.py:161} INFO - Started process (PID=117008) to work on /home/munya/anaconda3/lib/python3.11/site-packages/airflow/example_dags/example_latest_only_with_trigger.py
[2024-05-24T13:24:07.157+0200] {processor.py:830} INFO - Processing file /home/munya/anaconda3/lib/python3.11/site-packages/airflow/example_dags/example_latest_only_with_trigger.py for tasks to queue
[2024-05-24T13:24:07.159+0200] {logging_mixin.py:188} INFO - [2024-05-24T13:24:07.159+0200] {dagbag.py:545} INFO - Filling up the DagBag from /home/munya/anaconda3/lib/python3.11/site-packages/airflow/example_dags/example_latest_only_with_trigger.py
[2024-05-24T13:24:07.165+0200] {processor.py:840} INFO - DAG(s) 'latest_only_with_trigger' retrieved from /home/munya/anaconda3/lib/python3.11/site-packages/airflow/example_dags/example_latest_only_with_trigger.py
[2024-05-24T13:24:07.184+0200] {logging_mixin.py:188} INFO - [2024-05-24T13:24:07.183+0200] {dag.py:3096} INFO - Sync 1 DAGs
[2024-05-24T13:24:07.206+0200] {logging_mixin.py:188} INFO - [2024-05-24T13:24:07.206+0200] {dag.py:3954} INFO - Setting next_dagrun for latest_only_with_trigger to 2024-05-24 04:00:00+00:00, run_after=2024-05-24 08:00:00+00:00
[2024-05-24T13:24:07.231+0200] {processor.py:183} INFO - Processing /home/munya/anaconda3/lib/python3.11/site-packages/airflow/example_dags/example_latest_only_with_trigger.py took 0.083 seconds
[2024-05-24T13:25:27.047+0200] {processor.py:161} INFO - Started process (PID=118574) to work on /home/munya/anaconda3/lib/python3.11/site-packages/airflow/example_dags/example_latest_only_with_trigger.py
[2024-05-24T13:25:27.048+0200] {processor.py:830} INFO - Processing file /home/munya/anaconda3/lib/python3.11/site-packages/airflow/example_dags/example_latest_only_with_trigger.py for tasks to queue
[2024-05-24T13:25:27.050+0200] {logging_mixin.py:188} INFO - [2024-05-24T13:25:27.050+0200] {dagbag.py:545} INFO - Filling up the DagBag from /home/munya/anaconda3/lib/python3.11/site-packages/airflow/example_dags/example_latest_only_with_trigger.py
[2024-05-24T13:25:27.057+0200] {processor.py:840} INFO - DAG(s) 'latest_only_with_trigger' retrieved from /home/munya/anaconda3/lib/python3.11/site-packages/airflow/example_dags/example_latest_only_with_trigger.py
[2024-05-24T13:25:27.076+0200] {logging_mixin.py:188} INFO - [2024-05-24T13:25:27.076+0200] {dag.py:3096} INFO - Sync 1 DAGs
[2024-05-24T13:25:27.096+0200] {logging_mixin.py:188} INFO - [2024-05-24T13:25:27.096+0200] {dag.py:3954} INFO - Setting next_dagrun for latest_only_with_trigger to 2024-05-24 04:00:00+00:00, run_after=2024-05-24 08:00:00+00:00
[2024-05-24T13:25:27.115+0200] {processor.py:183} INFO - Processing /home/munya/anaconda3/lib/python3.11/site-packages/airflow/example_dags/example_latest_only_with_trigger.py took 0.073 seconds
[2024-05-24T13:26:43.321+0200] {processor.py:161} INFO - Started process (PID=120046) to work on /home/munya/anaconda3/lib/python3.11/site-packages/airflow/example_dags/example_latest_only_with_trigger.py
[2024-05-24T13:26:43.322+0200] {processor.py:830} INFO - Processing file /home/munya/anaconda3/lib/python3.11/site-packages/airflow/example_dags/example_latest_only_with_trigger.py for tasks to queue
[2024-05-24T13:26:43.324+0200] {logging_mixin.py:188} INFO - [2024-05-24T13:26:43.323+0200] {dagbag.py:545} INFO - Filling up the DagBag from /home/munya/anaconda3/lib/python3.11/site-packages/airflow/example_dags/example_latest_only_with_trigger.py
[2024-05-24T13:26:43.330+0200] {processor.py:840} INFO - DAG(s) 'latest_only_with_trigger' retrieved from /home/munya/anaconda3/lib/python3.11/site-packages/airflow/example_dags/example_latest_only_with_trigger.py
[2024-05-24T13:26:43.347+0200] {logging_mixin.py:188} INFO - [2024-05-24T13:26:43.347+0200] {dag.py:3096} INFO - Sync 1 DAGs
[2024-05-24T13:26:43.366+0200] {logging_mixin.py:188} INFO - [2024-05-24T13:26:43.366+0200] {dag.py:3954} INFO - Setting next_dagrun for latest_only_with_trigger to 2024-05-24 04:00:00+00:00, run_after=2024-05-24 08:00:00+00:00
[2024-05-24T13:26:43.389+0200] {processor.py:183} INFO - Processing /home/munya/anaconda3/lib/python3.11/site-packages/airflow/example_dags/example_latest_only_with_trigger.py took 0.074 seconds
[2024-05-24T13:27:46.890+0200] {processor.py:161} INFO - Started process (PID=121274) to work on /home/munya/anaconda3/lib/python3.11/site-packages/airflow/example_dags/example_latest_only_with_trigger.py
[2024-05-24T13:27:46.892+0200] {processor.py:830} INFO - Processing file /home/munya/anaconda3/lib/python3.11/site-packages/airflow/example_dags/example_latest_only_with_trigger.py for tasks to queue
[2024-05-24T13:27:46.897+0200] {logging_mixin.py:188} INFO - [2024-05-24T13:27:46.897+0200] {dagbag.py:545} INFO - Filling up the DagBag from /home/munya/anaconda3/lib/python3.11/site-packages/airflow/example_dags/example_latest_only_with_trigger.py
[2024-05-24T13:27:46.910+0200] {processor.py:840} INFO - DAG(s) 'latest_only_with_trigger' retrieved from /home/munya/anaconda3/lib/python3.11/site-packages/airflow/example_dags/example_latest_only_with_trigger.py
[2024-05-24T13:27:46.936+0200] {logging_mixin.py:188} INFO - [2024-05-24T13:27:46.936+0200] {dag.py:3096} INFO - Sync 1 DAGs
[2024-05-24T13:27:46.966+0200] {logging_mixin.py:188} INFO - [2024-05-24T13:27:46.966+0200] {dag.py:3954} INFO - Setting next_dagrun for latest_only_with_trigger to 2024-05-24 04:00:00+00:00, run_after=2024-05-24 08:00:00+00:00
[2024-05-24T13:27:47.016+0200] {processor.py:183} INFO - Processing /home/munya/anaconda3/lib/python3.11/site-packages/airflow/example_dags/example_latest_only_with_trigger.py took 0.136 seconds
[2024-05-24T13:28:50.414+0200] {processor.py:161} INFO - Started process (PID=122681) to work on /home/munya/anaconda3/lib/python3.11/site-packages/airflow/example_dags/example_latest_only_with_trigger.py
[2024-05-24T13:28:50.415+0200] {processor.py:830} INFO - Processing file /home/munya/anaconda3/lib/python3.11/site-packages/airflow/example_dags/example_latest_only_with_trigger.py for tasks to queue
[2024-05-24T13:28:50.417+0200] {logging_mixin.py:188} INFO - [2024-05-24T13:28:50.416+0200] {dagbag.py:545} INFO - Filling up the DagBag from /home/munya/anaconda3/lib/python3.11/site-packages/airflow/example_dags/example_latest_only_with_trigger.py
[2024-05-24T13:28:50.422+0200] {processor.py:840} INFO - DAG(s) 'latest_only_with_trigger' retrieved from /home/munya/anaconda3/lib/python3.11/site-packages/airflow/example_dags/example_latest_only_with_trigger.py
[2024-05-24T13:28:50.438+0200] {logging_mixin.py:188} INFO - [2024-05-24T13:28:50.438+0200] {dag.py:3096} INFO - Sync 1 DAGs
[2024-05-24T13:28:50.458+0200] {logging_mixin.py:188} INFO - [2024-05-24T13:28:50.457+0200] {dag.py:3954} INFO - Setting next_dagrun for latest_only_with_trigger to 2024-05-24 04:00:00+00:00, run_after=2024-05-24 08:00:00+00:00
[2024-05-24T13:28:50.480+0200] {processor.py:183} INFO - Processing /home/munya/anaconda3/lib/python3.11/site-packages/airflow/example_dags/example_latest_only_with_trigger.py took 0.073 seconds
[2024-05-24T13:29:48.556+0200] {processor.py:161} INFO - Started process (PID=123947) to work on /home/munya/anaconda3/lib/python3.11/site-packages/airflow/example_dags/example_latest_only_with_trigger.py
[2024-05-24T13:29:48.557+0200] {processor.py:830} INFO - Processing file /home/munya/anaconda3/lib/python3.11/site-packages/airflow/example_dags/example_latest_only_with_trigger.py for tasks to queue
[2024-05-24T13:29:48.559+0200] {logging_mixin.py:188} INFO - [2024-05-24T13:29:48.559+0200] {dagbag.py:545} INFO - Filling up the DagBag from /home/munya/anaconda3/lib/python3.11/site-packages/airflow/example_dags/example_latest_only_with_trigger.py
[2024-05-24T13:29:48.567+0200] {processor.py:840} INFO - DAG(s) 'latest_only_with_trigger' retrieved from /home/munya/anaconda3/lib/python3.11/site-packages/airflow/example_dags/example_latest_only_with_trigger.py
[2024-05-24T13:29:48.591+0200] {logging_mixin.py:188} INFO - [2024-05-24T13:29:48.591+0200] {dag.py:3096} INFO - Sync 1 DAGs
[2024-05-24T13:29:48.621+0200] {logging_mixin.py:188} INFO - [2024-05-24T13:29:48.620+0200] {dag.py:3954} INFO - Setting next_dagrun for latest_only_with_trigger to 2024-05-24 04:00:00+00:00, run_after=2024-05-24 08:00:00+00:00
[2024-05-24T13:29:48.644+0200] {processor.py:183} INFO - Processing /home/munya/anaconda3/lib/python3.11/site-packages/airflow/example_dags/example_latest_only_with_trigger.py took 0.095 seconds
[2024-05-24T13:31:21.688+0200] {processor.py:161} INFO - Started process (PID=126231) to work on /home/munya/anaconda3/lib/python3.11/site-packages/airflow/example_dags/example_latest_only_with_trigger.py
[2024-05-24T13:31:21.690+0200] {processor.py:830} INFO - Processing file /home/munya/anaconda3/lib/python3.11/site-packages/airflow/example_dags/example_latest_only_with_trigger.py for tasks to queue
[2024-05-24T13:31:21.695+0200] {logging_mixin.py:188} INFO - [2024-05-24T13:31:21.694+0200] {dagbag.py:545} INFO - Filling up the DagBag from /home/munya/anaconda3/lib/python3.11/site-packages/airflow/example_dags/example_latest_only_with_trigger.py
[2024-05-24T13:31:21.711+0200] {processor.py:840} INFO - DAG(s) 'latest_only_with_trigger' retrieved from /home/munya/anaconda3/lib/python3.11/site-packages/airflow/example_dags/example_latest_only_with_trigger.py
[2024-05-24T13:31:21.749+0200] {logging_mixin.py:188} INFO - [2024-05-24T13:31:21.748+0200] {dag.py:3096} INFO - Sync 1 DAGs
[2024-05-24T13:31:21.830+0200] {logging_mixin.py:188} INFO - [2024-05-24T13:31:21.830+0200] {dag.py:3954} INFO - Setting next_dagrun for latest_only_with_trigger to 2024-05-24 04:00:00+00:00, run_after=2024-05-24 08:00:00+00:00
[2024-05-24T13:31:21.883+0200] {processor.py:183} INFO - Processing /home/munya/anaconda3/lib/python3.11/site-packages/airflow/example_dags/example_latest_only_with_trigger.py took 0.206 seconds
[2024-05-24T13:32:37.456+0200] {processor.py:161} INFO - Started process (PID=127760) to work on /home/munya/anaconda3/lib/python3.11/site-packages/airflow/example_dags/example_latest_only_with_trigger.py
[2024-05-24T13:32:37.457+0200] {processor.py:830} INFO - Processing file /home/munya/anaconda3/lib/python3.11/site-packages/airflow/example_dags/example_latest_only_with_trigger.py for tasks to queue
[2024-05-24T13:32:37.458+0200] {logging_mixin.py:188} INFO - [2024-05-24T13:32:37.457+0200] {dagbag.py:545} INFO - Filling up the DagBag from /home/munya/anaconda3/lib/python3.11/site-packages/airflow/example_dags/example_latest_only_with_trigger.py
[2024-05-24T13:32:37.466+0200] {processor.py:840} INFO - DAG(s) 'latest_only_with_trigger' retrieved from /home/munya/anaconda3/lib/python3.11/site-packages/airflow/example_dags/example_latest_only_with_trigger.py
[2024-05-24T13:32:37.492+0200] {logging_mixin.py:188} INFO - [2024-05-24T13:32:37.492+0200] {dag.py:3096} INFO - Sync 1 DAGs
[2024-05-24T13:32:37.522+0200] {logging_mixin.py:188} INFO - [2024-05-24T13:32:37.522+0200] {dag.py:3954} INFO - Setting next_dagrun for latest_only_with_trigger to 2024-05-24 04:00:00+00:00, run_after=2024-05-24 08:00:00+00:00
[2024-05-24T13:32:37.551+0200] {processor.py:183} INFO - Processing /home/munya/anaconda3/lib/python3.11/site-packages/airflow/example_dags/example_latest_only_with_trigger.py took 0.101 seconds
[2024-05-24T13:35:50.709+0200] {processor.py:161} INFO - Started process (PID=131483) to work on /home/munya/anaconda3/lib/python3.11/site-packages/airflow/example_dags/example_latest_only_with_trigger.py
[2024-05-24T13:35:50.710+0200] {processor.py:830} INFO - Processing file /home/munya/anaconda3/lib/python3.11/site-packages/airflow/example_dags/example_latest_only_with_trigger.py for tasks to queue
[2024-05-24T13:35:50.711+0200] {logging_mixin.py:188} INFO - [2024-05-24T13:35:50.711+0200] {dagbag.py:545} INFO - Filling up the DagBag from /home/munya/anaconda3/lib/python3.11/site-packages/airflow/example_dags/example_latest_only_with_trigger.py
[2024-05-24T13:35:50.720+0200] {processor.py:840} INFO - DAG(s) 'latest_only_with_trigger' retrieved from /home/munya/anaconda3/lib/python3.11/site-packages/airflow/example_dags/example_latest_only_with_trigger.py
[2024-05-24T13:35:50.746+0200] {logging_mixin.py:188} INFO - [2024-05-24T13:35:50.745+0200] {dag.py:3096} INFO - Sync 1 DAGs
[2024-05-24T13:35:50.774+0200] {logging_mixin.py:188} INFO - [2024-05-24T13:35:50.773+0200] {dag.py:3954} INFO - Setting next_dagrun for latest_only_with_trigger to 2024-05-24 04:00:00+00:00, run_after=2024-05-24 08:00:00+00:00
[2024-05-24T13:35:50.805+0200] {processor.py:183} INFO - Processing /home/munya/anaconda3/lib/python3.11/site-packages/airflow/example_dags/example_latest_only_with_trigger.py took 0.103 seconds
[2024-05-24T13:37:06.399+0200] {processor.py:161} INFO - Started process (PID=132916) to work on /home/munya/anaconda3/lib/python3.11/site-packages/airflow/example_dags/example_latest_only_with_trigger.py
[2024-05-24T13:37:06.400+0200] {processor.py:830} INFO - Processing file /home/munya/anaconda3/lib/python3.11/site-packages/airflow/example_dags/example_latest_only_with_trigger.py for tasks to queue
[2024-05-24T13:37:06.401+0200] {logging_mixin.py:188} INFO - [2024-05-24T13:37:06.400+0200] {dagbag.py:545} INFO - Filling up the DagBag from /home/munya/anaconda3/lib/python3.11/site-packages/airflow/example_dags/example_latest_only_with_trigger.py
[2024-05-24T13:37:06.406+0200] {processor.py:840} INFO - DAG(s) 'latest_only_with_trigger' retrieved from /home/munya/anaconda3/lib/python3.11/site-packages/airflow/example_dags/example_latest_only_with_trigger.py
[2024-05-24T13:37:06.424+0200] {logging_mixin.py:188} INFO - [2024-05-24T13:37:06.424+0200] {dag.py:3096} INFO - Sync 1 DAGs
[2024-05-24T13:37:06.441+0200] {logging_mixin.py:188} INFO - [2024-05-24T13:37:06.441+0200] {dag.py:3954} INFO - Setting next_dagrun for latest_only_with_trigger to 2024-05-24 04:00:00+00:00, run_after=2024-05-24 08:00:00+00:00
[2024-05-24T13:37:06.462+0200] {processor.py:183} INFO - Processing /home/munya/anaconda3/lib/python3.11/site-packages/airflow/example_dags/example_latest_only_with_trigger.py took 0.070 seconds
[2024-05-24T13:38:22.191+0200] {processor.py:161} INFO - Started process (PID=134361) to work on /home/munya/anaconda3/lib/python3.11/site-packages/airflow/example_dags/example_latest_only_with_trigger.py
[2024-05-24T13:38:22.192+0200] {processor.py:830} INFO - Processing file /home/munya/anaconda3/lib/python3.11/site-packages/airflow/example_dags/example_latest_only_with_trigger.py for tasks to queue
[2024-05-24T13:38:22.193+0200] {logging_mixin.py:188} INFO - [2024-05-24T13:38:22.192+0200] {dagbag.py:545} INFO - Filling up the DagBag from /home/munya/anaconda3/lib/python3.11/site-packages/airflow/example_dags/example_latest_only_with_trigger.py
[2024-05-24T13:38:22.198+0200] {processor.py:840} INFO - DAG(s) 'latest_only_with_trigger' retrieved from /home/munya/anaconda3/lib/python3.11/site-packages/airflow/example_dags/example_latest_only_with_trigger.py
[2024-05-24T13:38:22.214+0200] {logging_mixin.py:188} INFO - [2024-05-24T13:38:22.214+0200] {dag.py:3096} INFO - Sync 1 DAGs
[2024-05-24T13:38:22.236+0200] {logging_mixin.py:188} INFO - [2024-05-24T13:38:22.236+0200] {dag.py:3954} INFO - Setting next_dagrun for latest_only_with_trigger to 2024-05-24 04:00:00+00:00, run_after=2024-05-24 08:00:00+00:00
[2024-05-24T13:38:22.256+0200] {processor.py:183} INFO - Processing /home/munya/anaconda3/lib/python3.11/site-packages/airflow/example_dags/example_latest_only_with_trigger.py took 0.071 seconds
[2024-05-24T13:39:34.414+0200] {processor.py:161} INFO - Started process (PID=135805) to work on /home/munya/anaconda3/lib/python3.11/site-packages/airflow/example_dags/example_latest_only_with_trigger.py
[2024-05-24T13:39:34.415+0200] {processor.py:830} INFO - Processing file /home/munya/anaconda3/lib/python3.11/site-packages/airflow/example_dags/example_latest_only_with_trigger.py for tasks to queue
[2024-05-24T13:39:34.416+0200] {logging_mixin.py:188} INFO - [2024-05-24T13:39:34.416+0200] {dagbag.py:545} INFO - Filling up the DagBag from /home/munya/anaconda3/lib/python3.11/site-packages/airflow/example_dags/example_latest_only_with_trigger.py
[2024-05-24T13:39:34.422+0200] {processor.py:840} INFO - DAG(s) 'latest_only_with_trigger' retrieved from /home/munya/anaconda3/lib/python3.11/site-packages/airflow/example_dags/example_latest_only_with_trigger.py
[2024-05-24T13:39:34.449+0200] {logging_mixin.py:188} INFO - [2024-05-24T13:39:34.449+0200] {dag.py:3096} INFO - Sync 1 DAGs
[2024-05-24T13:39:34.471+0200] {logging_mixin.py:188} INFO - [2024-05-24T13:39:34.471+0200] {dag.py:3954} INFO - Setting next_dagrun for latest_only_with_trigger to 2024-05-24 04:00:00+00:00, run_after=2024-05-24 08:00:00+00:00
[2024-05-24T13:39:34.494+0200] {processor.py:183} INFO - Processing /home/munya/anaconda3/lib/python3.11/site-packages/airflow/example_dags/example_latest_only_with_trigger.py took 0.086 seconds
[2024-05-24T13:41:29.339+0200] {processor.py:161} INFO - Started process (PID=138003) to work on /home/munya/anaconda3/lib/python3.11/site-packages/airflow/example_dags/example_latest_only_with_trigger.py
[2024-05-24T13:41:29.340+0200] {processor.py:830} INFO - Processing file /home/munya/anaconda3/lib/python3.11/site-packages/airflow/example_dags/example_latest_only_with_trigger.py for tasks to queue
[2024-05-24T13:41:29.341+0200] {logging_mixin.py:188} INFO - [2024-05-24T13:41:29.340+0200] {dagbag.py:545} INFO - Filling up the DagBag from /home/munya/anaconda3/lib/python3.11/site-packages/airflow/example_dags/example_latest_only_with_trigger.py
[2024-05-24T13:41:29.346+0200] {processor.py:840} INFO - DAG(s) 'latest_only_with_trigger' retrieved from /home/munya/anaconda3/lib/python3.11/site-packages/airflow/example_dags/example_latest_only_with_trigger.py
[2024-05-24T13:41:29.362+0200] {logging_mixin.py:188} INFO - [2024-05-24T13:41:29.362+0200] {dag.py:3096} INFO - Sync 1 DAGs
[2024-05-24T13:41:29.382+0200] {logging_mixin.py:188} INFO - [2024-05-24T13:41:29.382+0200] {dag.py:3954} INFO - Setting next_dagrun for latest_only_with_trigger to 2024-05-24 04:00:00+00:00, run_after=2024-05-24 08:00:00+00:00
[2024-05-24T13:41:29.402+0200] {processor.py:183} INFO - Processing /home/munya/anaconda3/lib/python3.11/site-packages/airflow/example_dags/example_latest_only_with_trigger.py took 0.069 seconds
[2024-05-24T13:42:28.888+0200] {processor.py:161} INFO - Started process (PID=139112) to work on /home/munya/anaconda3/lib/python3.11/site-packages/airflow/example_dags/example_latest_only_with_trigger.py
[2024-05-24T13:42:28.889+0200] {processor.py:830} INFO - Processing file /home/munya/anaconda3/lib/python3.11/site-packages/airflow/example_dags/example_latest_only_with_trigger.py for tasks to queue
[2024-05-24T13:42:28.890+0200] {logging_mixin.py:188} INFO - [2024-05-24T13:42:28.890+0200] {dagbag.py:545} INFO - Filling up the DagBag from /home/munya/anaconda3/lib/python3.11/site-packages/airflow/example_dags/example_latest_only_with_trigger.py
[2024-05-24T13:42:28.898+0200] {processor.py:840} INFO - DAG(s) 'latest_only_with_trigger' retrieved from /home/munya/anaconda3/lib/python3.11/site-packages/airflow/example_dags/example_latest_only_with_trigger.py
[2024-05-24T13:42:28.917+0200] {logging_mixin.py:188} INFO - [2024-05-24T13:42:28.916+0200] {dag.py:3096} INFO - Sync 1 DAGs
[2024-05-24T13:42:28.936+0200] {logging_mixin.py:188} INFO - [2024-05-24T13:42:28.936+0200] {dag.py:3954} INFO - Setting next_dagrun for latest_only_with_trigger to 2024-05-24 04:00:00+00:00, run_after=2024-05-24 08:00:00+00:00
[2024-05-24T13:42:28.958+0200] {processor.py:183} INFO - Processing /home/munya/anaconda3/lib/python3.11/site-packages/airflow/example_dags/example_latest_only_with_trigger.py took 0.080 seconds
[2024-05-24T13:43:28.761+0200] {processor.py:161} INFO - Started process (PID=140253) to work on /home/munya/anaconda3/lib/python3.11/site-packages/airflow/example_dags/example_latest_only_with_trigger.py
[2024-05-24T13:43:28.762+0200] {processor.py:830} INFO - Processing file /home/munya/anaconda3/lib/python3.11/site-packages/airflow/example_dags/example_latest_only_with_trigger.py for tasks to queue
[2024-05-24T13:43:28.763+0200] {logging_mixin.py:188} INFO - [2024-05-24T13:43:28.763+0200] {dagbag.py:545} INFO - Filling up the DagBag from /home/munya/anaconda3/lib/python3.11/site-packages/airflow/example_dags/example_latest_only_with_trigger.py
[2024-05-24T13:43:28.771+0200] {processor.py:840} INFO - DAG(s) 'latest_only_with_trigger' retrieved from /home/munya/anaconda3/lib/python3.11/site-packages/airflow/example_dags/example_latest_only_with_trigger.py
[2024-05-24T13:43:28.790+0200] {logging_mixin.py:188} INFO - [2024-05-24T13:43:28.790+0200] {dag.py:3096} INFO - Sync 1 DAGs
[2024-05-24T13:43:28.811+0200] {logging_mixin.py:188} INFO - [2024-05-24T13:43:28.810+0200] {dag.py:3954} INFO - Setting next_dagrun for latest_only_with_trigger to 2024-05-24 04:00:00+00:00, run_after=2024-05-24 08:00:00+00:00
[2024-05-24T13:43:28.830+0200] {processor.py:183} INFO - Processing /home/munya/anaconda3/lib/python3.11/site-packages/airflow/example_dags/example_latest_only_with_trigger.py took 0.075 seconds
[2024-05-24T13:44:27.799+0200] {processor.py:161} INFO - Started process (PID=141389) to work on /home/munya/anaconda3/lib/python3.11/site-packages/airflow/example_dags/example_latest_only_with_trigger.py
[2024-05-24T13:44:27.800+0200] {processor.py:830} INFO - Processing file /home/munya/anaconda3/lib/python3.11/site-packages/airflow/example_dags/example_latest_only_with_trigger.py for tasks to queue
[2024-05-24T13:44:27.801+0200] {logging_mixin.py:188} INFO - [2024-05-24T13:44:27.801+0200] {dagbag.py:545} INFO - Filling up the DagBag from /home/munya/anaconda3/lib/python3.11/site-packages/airflow/example_dags/example_latest_only_with_trigger.py
[2024-05-24T13:44:27.809+0200] {processor.py:840} INFO - DAG(s) 'latest_only_with_trigger' retrieved from /home/munya/anaconda3/lib/python3.11/site-packages/airflow/example_dags/example_latest_only_with_trigger.py
[2024-05-24T13:44:27.829+0200] {logging_mixin.py:188} INFO - [2024-05-24T13:44:27.828+0200] {dag.py:3096} INFO - Sync 1 DAGs
[2024-05-24T13:44:27.849+0200] {logging_mixin.py:188} INFO - [2024-05-24T13:44:27.849+0200] {dag.py:3954} INFO - Setting next_dagrun for latest_only_with_trigger to 2024-05-24 04:00:00+00:00, run_after=2024-05-24 08:00:00+00:00
[2024-05-24T13:44:27.875+0200] {processor.py:183} INFO - Processing /home/munya/anaconda3/lib/python3.11/site-packages/airflow/example_dags/example_latest_only_with_trigger.py took 0.083 seconds
[2024-05-24T13:46:19.588+0200] {processor.py:161} INFO - Started process (PID=143538) to work on /home/munya/anaconda3/lib/python3.11/site-packages/airflow/example_dags/example_latest_only_with_trigger.py
[2024-05-24T13:46:19.588+0200] {processor.py:830} INFO - Processing file /home/munya/anaconda3/lib/python3.11/site-packages/airflow/example_dags/example_latest_only_with_trigger.py for tasks to queue
[2024-05-24T13:46:19.589+0200] {logging_mixin.py:188} INFO - [2024-05-24T13:46:19.589+0200] {dagbag.py:545} INFO - Filling up the DagBag from /home/munya/anaconda3/lib/python3.11/site-packages/airflow/example_dags/example_latest_only_with_trigger.py
[2024-05-24T13:46:19.596+0200] {processor.py:840} INFO - DAG(s) 'latest_only_with_trigger' retrieved from /home/munya/anaconda3/lib/python3.11/site-packages/airflow/example_dags/example_latest_only_with_trigger.py
[2024-05-24T13:46:19.620+0200] {logging_mixin.py:188} INFO - [2024-05-24T13:46:19.620+0200] {dag.py:3096} INFO - Sync 1 DAGs
[2024-05-24T13:46:19.644+0200] {logging_mixin.py:188} INFO - [2024-05-24T13:46:19.643+0200] {dag.py:3954} INFO - Setting next_dagrun for latest_only_with_trigger to 2024-05-24 04:00:00+00:00, run_after=2024-05-24 08:00:00+00:00
[2024-05-24T13:46:19.668+0200] {processor.py:183} INFO - Processing /home/munya/anaconda3/lib/python3.11/site-packages/airflow/example_dags/example_latest_only_with_trigger.py took 0.088 seconds
[2024-05-24T13:47:23.534+0200] {processor.py:161} INFO - Started process (PID=144733) to work on /home/munya/anaconda3/lib/python3.11/site-packages/airflow/example_dags/example_latest_only_with_trigger.py
[2024-05-24T13:47:23.535+0200] {processor.py:830} INFO - Processing file /home/munya/anaconda3/lib/python3.11/site-packages/airflow/example_dags/example_latest_only_with_trigger.py for tasks to queue
[2024-05-24T13:47:23.536+0200] {logging_mixin.py:188} INFO - [2024-05-24T13:47:23.535+0200] {dagbag.py:545} INFO - Filling up the DagBag from /home/munya/anaconda3/lib/python3.11/site-packages/airflow/example_dags/example_latest_only_with_trigger.py
[2024-05-24T13:47:23.541+0200] {processor.py:840} INFO - DAG(s) 'latest_only_with_trigger' retrieved from /home/munya/anaconda3/lib/python3.11/site-packages/airflow/example_dags/example_latest_only_with_trigger.py
[2024-05-24T13:47:23.559+0200] {logging_mixin.py:188} INFO - [2024-05-24T13:47:23.559+0200] {dag.py:3096} INFO - Sync 1 DAGs
[2024-05-24T13:47:23.583+0200] {logging_mixin.py:188} INFO - [2024-05-24T13:47:23.583+0200] {dag.py:3954} INFO - Setting next_dagrun for latest_only_with_trigger to 2024-05-24 04:00:00+00:00, run_after=2024-05-24 08:00:00+00:00
[2024-05-24T13:47:23.609+0200] {processor.py:183} INFO - Processing /home/munya/anaconda3/lib/python3.11/site-packages/airflow/example_dags/example_latest_only_with_trigger.py took 0.084 seconds
[2024-05-24T13:48:20.842+0200] {processor.py:161} INFO - Started process (PID=145834) to work on /home/munya/anaconda3/lib/python3.11/site-packages/airflow/example_dags/example_latest_only_with_trigger.py
[2024-05-24T13:48:20.843+0200] {processor.py:830} INFO - Processing file /home/munya/anaconda3/lib/python3.11/site-packages/airflow/example_dags/example_latest_only_with_trigger.py for tasks to queue
[2024-05-24T13:48:20.844+0200] {logging_mixin.py:188} INFO - [2024-05-24T13:48:20.844+0200] {dagbag.py:545} INFO - Filling up the DagBag from /home/munya/anaconda3/lib/python3.11/site-packages/airflow/example_dags/example_latest_only_with_trigger.py
[2024-05-24T13:48:20.851+0200] {processor.py:840} INFO - DAG(s) 'latest_only_with_trigger' retrieved from /home/munya/anaconda3/lib/python3.11/site-packages/airflow/example_dags/example_latest_only_with_trigger.py
[2024-05-24T13:48:20.874+0200] {logging_mixin.py:188} INFO - [2024-05-24T13:48:20.874+0200] {dag.py:3096} INFO - Sync 1 DAGs
[2024-05-24T13:48:20.897+0200] {logging_mixin.py:188} INFO - [2024-05-24T13:48:20.896+0200] {dag.py:3954} INFO - Setting next_dagrun for latest_only_with_trigger to 2024-05-24 04:00:00+00:00, run_after=2024-05-24 08:00:00+00:00
[2024-05-24T13:48:20.922+0200] {processor.py:183} INFO - Processing /home/munya/anaconda3/lib/python3.11/site-packages/airflow/example_dags/example_latest_only_with_trigger.py took 0.088 seconds
[2024-05-24T13:49:21.844+0200] {processor.py:161} INFO - Started process (PID=147009) to work on /home/munya/anaconda3/lib/python3.11/site-packages/airflow/example_dags/example_latest_only_with_trigger.py
[2024-05-24T13:49:21.845+0200] {processor.py:830} INFO - Processing file /home/munya/anaconda3/lib/python3.11/site-packages/airflow/example_dags/example_latest_only_with_trigger.py for tasks to queue
[2024-05-24T13:49:21.846+0200] {logging_mixin.py:188} INFO - [2024-05-24T13:49:21.846+0200] {dagbag.py:545} INFO - Filling up the DagBag from /home/munya/anaconda3/lib/python3.11/site-packages/airflow/example_dags/example_latest_only_with_trigger.py
[2024-05-24T13:49:21.854+0200] {processor.py:840} INFO - DAG(s) 'latest_only_with_trigger' retrieved from /home/munya/anaconda3/lib/python3.11/site-packages/airflow/example_dags/example_latest_only_with_trigger.py
[2024-05-24T13:49:21.877+0200] {logging_mixin.py:188} INFO - [2024-05-24T13:49:21.877+0200] {dag.py:3096} INFO - Sync 1 DAGs
[2024-05-24T13:49:21.899+0200] {logging_mixin.py:188} INFO - [2024-05-24T13:49:21.899+0200] {dag.py:3954} INFO - Setting next_dagrun for latest_only_with_trigger to 2024-05-24 04:00:00+00:00, run_after=2024-05-24 08:00:00+00:00
[2024-05-24T13:49:21.921+0200] {processor.py:183} INFO - Processing /home/munya/anaconda3/lib/python3.11/site-packages/airflow/example_dags/example_latest_only_with_trigger.py took 0.086 seconds
[2024-05-24T13:51:25.082+0200] {processor.py:161} INFO - Started process (PID=149385) to work on /home/munya/anaconda3/lib/python3.11/site-packages/airflow/example_dags/example_latest_only_with_trigger.py
[2024-05-24T13:51:25.083+0200] {processor.py:830} INFO - Processing file /home/munya/anaconda3/lib/python3.11/site-packages/airflow/example_dags/example_latest_only_with_trigger.py for tasks to queue
[2024-05-24T13:51:25.084+0200] {logging_mixin.py:188} INFO - [2024-05-24T13:51:25.083+0200] {dagbag.py:545} INFO - Filling up the DagBag from /home/munya/anaconda3/lib/python3.11/site-packages/airflow/example_dags/example_latest_only_with_trigger.py
[2024-05-24T13:51:25.092+0200] {processor.py:840} INFO - DAG(s) 'latest_only_with_trigger' retrieved from /home/munya/anaconda3/lib/python3.11/site-packages/airflow/example_dags/example_latest_only_with_trigger.py
[2024-05-24T13:51:25.112+0200] {logging_mixin.py:188} INFO - [2024-05-24T13:51:25.111+0200] {dag.py:3096} INFO - Sync 1 DAGs
[2024-05-24T13:51:25.134+0200] {logging_mixin.py:188} INFO - [2024-05-24T13:51:25.134+0200] {dag.py:3954} INFO - Setting next_dagrun for latest_only_with_trigger to 2024-05-24 04:00:00+00:00, run_after=2024-05-24 08:00:00+00:00
[2024-05-24T13:51:25.161+0200] {processor.py:183} INFO - Processing /home/munya/anaconda3/lib/python3.11/site-packages/airflow/example_dags/example_latest_only_with_trigger.py took 0.084 seconds
[2024-05-24T13:52:27.865+0200] {processor.py:161} INFO - Started process (PID=150603) to work on /home/munya/anaconda3/lib/python3.11/site-packages/airflow/example_dags/example_latest_only_with_trigger.py
[2024-05-24T13:52:27.866+0200] {processor.py:830} INFO - Processing file /home/munya/anaconda3/lib/python3.11/site-packages/airflow/example_dags/example_latest_only_with_trigger.py for tasks to queue
[2024-05-24T13:52:27.867+0200] {logging_mixin.py:188} INFO - [2024-05-24T13:52:27.867+0200] {dagbag.py:545} INFO - Filling up the DagBag from /home/munya/anaconda3/lib/python3.11/site-packages/airflow/example_dags/example_latest_only_with_trigger.py
[2024-05-24T13:52:27.876+0200] {processor.py:840} INFO - DAG(s) 'latest_only_with_trigger' retrieved from /home/munya/anaconda3/lib/python3.11/site-packages/airflow/example_dags/example_latest_only_with_trigger.py
[2024-05-24T13:52:27.898+0200] {logging_mixin.py:188} INFO - [2024-05-24T13:52:27.897+0200] {dag.py:3096} INFO - Sync 1 DAGs
[2024-05-24T13:52:27.926+0200] {logging_mixin.py:188} INFO - [2024-05-24T13:52:27.925+0200] {dag.py:3954} INFO - Setting next_dagrun for latest_only_with_trigger to 2024-05-24 04:00:00+00:00, run_after=2024-05-24 08:00:00+00:00
[2024-05-24T13:52:27.951+0200] {processor.py:183} INFO - Processing /home/munya/anaconda3/lib/python3.11/site-packages/airflow/example_dags/example_latest_only_with_trigger.py took 0.092 seconds
[2024-05-24T13:53:29.095+0200] {processor.py:161} INFO - Started process (PID=151759) to work on /home/munya/anaconda3/lib/python3.11/site-packages/airflow/example_dags/example_latest_only_with_trigger.py
[2024-05-24T13:53:29.096+0200] {processor.py:830} INFO - Processing file /home/munya/anaconda3/lib/python3.11/site-packages/airflow/example_dags/example_latest_only_with_trigger.py for tasks to queue
[2024-05-24T13:53:29.097+0200] {logging_mixin.py:188} INFO - [2024-05-24T13:53:29.097+0200] {dagbag.py:545} INFO - Filling up the DagBag from /home/munya/anaconda3/lib/python3.11/site-packages/airflow/example_dags/example_latest_only_with_trigger.py
[2024-05-24T13:53:29.104+0200] {processor.py:840} INFO - DAG(s) 'latest_only_with_trigger' retrieved from /home/munya/anaconda3/lib/python3.11/site-packages/airflow/example_dags/example_latest_only_with_trigger.py
[2024-05-24T13:53:29.124+0200] {logging_mixin.py:188} INFO - [2024-05-24T13:53:29.124+0200] {dag.py:3096} INFO - Sync 1 DAGs
[2024-05-24T13:53:29.147+0200] {logging_mixin.py:188} INFO - [2024-05-24T13:53:29.147+0200] {dag.py:3954} INFO - Setting next_dagrun for latest_only_with_trigger to 2024-05-24 04:00:00+00:00, run_after=2024-05-24 08:00:00+00:00
[2024-05-24T13:53:29.167+0200] {processor.py:183} INFO - Processing /home/munya/anaconda3/lib/python3.11/site-packages/airflow/example_dags/example_latest_only_with_trigger.py took 0.080 seconds
[2024-05-24T13:54:34.257+0200] {processor.py:161} INFO - Started process (PID=152994) to work on /home/munya/anaconda3/lib/python3.11/site-packages/airflow/example_dags/example_latest_only_with_trigger.py
[2024-05-24T13:54:34.263+0200] {processor.py:830} INFO - Processing file /home/munya/anaconda3/lib/python3.11/site-packages/airflow/example_dags/example_latest_only_with_trigger.py for tasks to queue
[2024-05-24T13:54:34.275+0200] {logging_mixin.py:188} INFO - [2024-05-24T13:54:34.273+0200] {dagbag.py:545} INFO - Filling up the DagBag from /home/munya/anaconda3/lib/python3.11/site-packages/airflow/example_dags/example_latest_only_with_trigger.py
[2024-05-24T13:54:34.310+0200] {processor.py:840} INFO - DAG(s) 'latest_only_with_trigger' retrieved from /home/munya/anaconda3/lib/python3.11/site-packages/airflow/example_dags/example_latest_only_with_trigger.py
[2024-05-24T13:54:34.412+0200] {logging_mixin.py:188} INFO - [2024-05-24T13:54:34.410+0200] {dag.py:3096} INFO - Sync 1 DAGs
[2024-05-24T13:54:34.549+0200] {logging_mixin.py:188} INFO - [2024-05-24T13:54:34.547+0200] {dag.py:3954} INFO - Setting next_dagrun for latest_only_with_trigger to 2024-05-24 04:00:00+00:00, run_after=2024-05-24 08:00:00+00:00
[2024-05-24T13:54:34.653+0200] {processor.py:183} INFO - Processing /home/munya/anaconda3/lib/python3.11/site-packages/airflow/example_dags/example_latest_only_with_trigger.py took 0.429 seconds
[2024-05-24T13:56:30.560+0200] {processor.py:161} INFO - Started process (PID=155247) to work on /home/munya/anaconda3/lib/python3.11/site-packages/airflow/example_dags/example_latest_only_with_trigger.py
[2024-05-24T13:56:30.562+0200] {processor.py:830} INFO - Processing file /home/munya/anaconda3/lib/python3.11/site-packages/airflow/example_dags/example_latest_only_with_trigger.py for tasks to queue
[2024-05-24T13:56:30.563+0200] {logging_mixin.py:188} INFO - [2024-05-24T13:56:30.562+0200] {dagbag.py:545} INFO - Filling up the DagBag from /home/munya/anaconda3/lib/python3.11/site-packages/airflow/example_dags/example_latest_only_with_trigger.py
[2024-05-24T13:56:30.568+0200] {processor.py:840} INFO - DAG(s) 'latest_only_with_trigger' retrieved from /home/munya/anaconda3/lib/python3.11/site-packages/airflow/example_dags/example_latest_only_with_trigger.py
[2024-05-24T13:56:30.587+0200] {logging_mixin.py:188} INFO - [2024-05-24T13:56:30.586+0200] {dag.py:3096} INFO - Sync 1 DAGs
[2024-05-24T13:56:30.608+0200] {logging_mixin.py:188} INFO - [2024-05-24T13:56:30.607+0200] {dag.py:3954} INFO - Setting next_dagrun for latest_only_with_trigger to 2024-05-24 04:00:00+00:00, run_after=2024-05-24 08:00:00+00:00
[2024-05-24T13:56:30.631+0200] {processor.py:183} INFO - Processing /home/munya/anaconda3/lib/python3.11/site-packages/airflow/example_dags/example_latest_only_with_trigger.py took 0.077 seconds
[2024-05-24T13:57:30.301+0200] {processor.py:161} INFO - Started process (PID=156407) to work on /home/munya/anaconda3/lib/python3.11/site-packages/airflow/example_dags/example_latest_only_with_trigger.py
[2024-05-24T13:57:30.302+0200] {processor.py:830} INFO - Processing file /home/munya/anaconda3/lib/python3.11/site-packages/airflow/example_dags/example_latest_only_with_trigger.py for tasks to queue
[2024-05-24T13:57:30.303+0200] {logging_mixin.py:188} INFO - [2024-05-24T13:57:30.303+0200] {dagbag.py:545} INFO - Filling up the DagBag from /home/munya/anaconda3/lib/python3.11/site-packages/airflow/example_dags/example_latest_only_with_trigger.py
[2024-05-24T13:57:30.311+0200] {processor.py:840} INFO - DAG(s) 'latest_only_with_trigger' retrieved from /home/munya/anaconda3/lib/python3.11/site-packages/airflow/example_dags/example_latest_only_with_trigger.py
[2024-05-24T13:57:30.334+0200] {logging_mixin.py:188} INFO - [2024-05-24T13:57:30.333+0200] {dag.py:3096} INFO - Sync 1 DAGs
[2024-05-24T13:57:30.352+0200] {logging_mixin.py:188} INFO - [2024-05-24T13:57:30.352+0200] {dag.py:3954} INFO - Setting next_dagrun for latest_only_with_trigger to 2024-05-24 04:00:00+00:00, run_after=2024-05-24 08:00:00+00:00
[2024-05-24T13:57:30.372+0200] {processor.py:183} INFO - Processing /home/munya/anaconda3/lib/python3.11/site-packages/airflow/example_dags/example_latest_only_with_trigger.py took 0.080 seconds
[2024-05-24T13:58:28.441+0200] {processor.py:161} INFO - Started process (PID=157553) to work on /home/munya/anaconda3/lib/python3.11/site-packages/airflow/example_dags/example_latest_only_with_trigger.py
[2024-05-24T13:58:28.442+0200] {processor.py:830} INFO - Processing file /home/munya/anaconda3/lib/python3.11/site-packages/airflow/example_dags/example_latest_only_with_trigger.py for tasks to queue
[2024-05-24T13:58:28.443+0200] {logging_mixin.py:188} INFO - [2024-05-24T13:58:28.442+0200] {dagbag.py:545} INFO - Filling up the DagBag from /home/munya/anaconda3/lib/python3.11/site-packages/airflow/example_dags/example_latest_only_with_trigger.py
[2024-05-24T13:58:28.449+0200] {processor.py:840} INFO - DAG(s) 'latest_only_with_trigger' retrieved from /home/munya/anaconda3/lib/python3.11/site-packages/airflow/example_dags/example_latest_only_with_trigger.py
[2024-05-24T13:58:28.467+0200] {logging_mixin.py:188} INFO - [2024-05-24T13:58:28.467+0200] {dag.py:3096} INFO - Sync 1 DAGs
[2024-05-24T13:58:28.486+0200] {logging_mixin.py:188} INFO - [2024-05-24T13:58:28.485+0200] {dag.py:3954} INFO - Setting next_dagrun for latest_only_with_trigger to 2024-05-24 04:00:00+00:00, run_after=2024-05-24 08:00:00+00:00
[2024-05-24T13:58:28.507+0200] {processor.py:183} INFO - Processing /home/munya/anaconda3/lib/python3.11/site-packages/airflow/example_dags/example_latest_only_with_trigger.py took 0.073 seconds
[2024-05-24T13:59:32.527+0200] {processor.py:161} INFO - Started process (PID=158803) to work on /home/munya/anaconda3/lib/python3.11/site-packages/airflow/example_dags/example_latest_only_with_trigger.py
[2024-05-24T13:59:32.528+0200] {processor.py:830} INFO - Processing file /home/munya/anaconda3/lib/python3.11/site-packages/airflow/example_dags/example_latest_only_with_trigger.py for tasks to queue
[2024-05-24T13:59:32.529+0200] {logging_mixin.py:188} INFO - [2024-05-24T13:59:32.529+0200] {dagbag.py:545} INFO - Filling up the DagBag from /home/munya/anaconda3/lib/python3.11/site-packages/airflow/example_dags/example_latest_only_with_trigger.py
[2024-05-24T13:59:32.535+0200] {processor.py:840} INFO - DAG(s) 'latest_only_with_trigger' retrieved from /home/munya/anaconda3/lib/python3.11/site-packages/airflow/example_dags/example_latest_only_with_trigger.py
[2024-05-24T13:59:32.553+0200] {logging_mixin.py:188} INFO - [2024-05-24T13:59:32.553+0200] {dag.py:3096} INFO - Sync 1 DAGs
[2024-05-24T13:59:32.578+0200] {logging_mixin.py:188} INFO - [2024-05-24T13:59:32.578+0200] {dag.py:3954} INFO - Setting next_dagrun for latest_only_with_trigger to 2024-05-24 04:00:00+00:00, run_after=2024-05-24 08:00:00+00:00
[2024-05-24T13:59:32.599+0200] {processor.py:183} INFO - Processing /home/munya/anaconda3/lib/python3.11/site-packages/airflow/example_dags/example_latest_only_with_trigger.py took 0.079 seconds
[2024-05-24T14:01:29.865+0200] {processor.py:161} INFO - Started process (PID=161042) to work on /home/munya/anaconda3/lib/python3.11/site-packages/airflow/example_dags/example_latest_only_with_trigger.py
[2024-05-24T14:01:29.866+0200] {processor.py:830} INFO - Processing file /home/munya/anaconda3/lib/python3.11/site-packages/airflow/example_dags/example_latest_only_with_trigger.py for tasks to queue
[2024-05-24T14:01:29.867+0200] {logging_mixin.py:188} INFO - [2024-05-24T14:01:29.866+0200] {dagbag.py:545} INFO - Filling up the DagBag from /home/munya/anaconda3/lib/python3.11/site-packages/airflow/example_dags/example_latest_only_with_trigger.py
[2024-05-24T14:01:29.877+0200] {processor.py:840} INFO - DAG(s) 'latest_only_with_trigger' retrieved from /home/munya/anaconda3/lib/python3.11/site-packages/airflow/example_dags/example_latest_only_with_trigger.py
[2024-05-24T14:01:29.905+0200] {logging_mixin.py:188} INFO - [2024-05-24T14:01:29.905+0200] {dag.py:3096} INFO - Sync 1 DAGs
[2024-05-24T14:01:29.937+0200] {logging_mixin.py:188} INFO - [2024-05-24T14:01:29.937+0200] {dag.py:3954} INFO - Setting next_dagrun for latest_only_with_trigger to 2024-05-24 08:00:00+00:00, run_after=2024-05-24 12:00:00+00:00
[2024-05-24T14:01:29.966+0200] {processor.py:183} INFO - Processing /home/munya/anaconda3/lib/python3.11/site-packages/airflow/example_dags/example_latest_only_with_trigger.py took 0.110 seconds
[2024-05-24T14:02:37.206+0200] {processor.py:161} INFO - Started process (PID=162328) to work on /home/munya/anaconda3/lib/python3.11/site-packages/airflow/example_dags/example_latest_only_with_trigger.py
[2024-05-24T14:02:37.207+0200] {processor.py:830} INFO - Processing file /home/munya/anaconda3/lib/python3.11/site-packages/airflow/example_dags/example_latest_only_with_trigger.py for tasks to queue
[2024-05-24T14:02:37.209+0200] {logging_mixin.py:188} INFO - [2024-05-24T14:02:37.208+0200] {dagbag.py:545} INFO - Filling up the DagBag from /home/munya/anaconda3/lib/python3.11/site-packages/airflow/example_dags/example_latest_only_with_trigger.py
[2024-05-24T14:02:37.223+0200] {processor.py:840} INFO - DAG(s) 'latest_only_with_trigger' retrieved from /home/munya/anaconda3/lib/python3.11/site-packages/airflow/example_dags/example_latest_only_with_trigger.py
[2024-05-24T14:02:37.244+0200] {logging_mixin.py:188} INFO - [2024-05-24T14:02:37.244+0200] {dag.py:3096} INFO - Sync 1 DAGs
[2024-05-24T14:02:37.269+0200] {logging_mixin.py:188} INFO - [2024-05-24T14:02:37.269+0200] {dag.py:3954} INFO - Setting next_dagrun for latest_only_with_trigger to 2024-05-24 08:00:00+00:00, run_after=2024-05-24 12:00:00+00:00
[2024-05-24T14:02:37.294+0200] {processor.py:183} INFO - Processing /home/munya/anaconda3/lib/python3.11/site-packages/airflow/example_dags/example_latest_only_with_trigger.py took 0.100 seconds
[2024-05-24T14:03:36.101+0200] {processor.py:161} INFO - Started process (PID=163550) to work on /home/munya/anaconda3/lib/python3.11/site-packages/airflow/example_dags/example_latest_only_with_trigger.py
[2024-05-24T14:03:36.102+0200] {processor.py:830} INFO - Processing file /home/munya/anaconda3/lib/python3.11/site-packages/airflow/example_dags/example_latest_only_with_trigger.py for tasks to queue
[2024-05-24T14:03:36.103+0200] {logging_mixin.py:188} INFO - [2024-05-24T14:03:36.103+0200] {dagbag.py:545} INFO - Filling up the DagBag from /home/munya/anaconda3/lib/python3.11/site-packages/airflow/example_dags/example_latest_only_with_trigger.py
[2024-05-24T14:03:36.111+0200] {processor.py:840} INFO - DAG(s) 'latest_only_with_trigger' retrieved from /home/munya/anaconda3/lib/python3.11/site-packages/airflow/example_dags/example_latest_only_with_trigger.py
[2024-05-24T14:03:36.129+0200] {logging_mixin.py:188} INFO - [2024-05-24T14:03:36.129+0200] {dag.py:3096} INFO - Sync 1 DAGs
[2024-05-24T14:03:36.149+0200] {logging_mixin.py:188} INFO - [2024-05-24T14:03:36.148+0200] {dag.py:3954} INFO - Setting next_dagrun for latest_only_with_trigger to 2024-05-24 08:00:00+00:00, run_after=2024-05-24 12:00:00+00:00
[2024-05-24T14:03:36.169+0200] {processor.py:183} INFO - Processing /home/munya/anaconda3/lib/python3.11/site-packages/airflow/example_dags/example_latest_only_with_trigger.py took 0.073 seconds
[2024-05-24T14:04:40.062+0200] {processor.py:161} INFO - Started process (PID=164905) to work on /home/munya/anaconda3/lib/python3.11/site-packages/airflow/example_dags/example_latest_only_with_trigger.py
[2024-05-24T14:04:40.063+0200] {processor.py:830} INFO - Processing file /home/munya/anaconda3/lib/python3.11/site-packages/airflow/example_dags/example_latest_only_with_trigger.py for tasks to queue
[2024-05-24T14:04:40.064+0200] {logging_mixin.py:188} INFO - [2024-05-24T14:04:40.064+0200] {dagbag.py:545} INFO - Filling up the DagBag from /home/munya/anaconda3/lib/python3.11/site-packages/airflow/example_dags/example_latest_only_with_trigger.py
[2024-05-24T14:04:40.071+0200] {processor.py:840} INFO - DAG(s) 'latest_only_with_trigger' retrieved from /home/munya/anaconda3/lib/python3.11/site-packages/airflow/example_dags/example_latest_only_with_trigger.py
[2024-05-24T14:04:40.089+0200] {logging_mixin.py:188} INFO - [2024-05-24T14:04:40.089+0200] {dag.py:3096} INFO - Sync 1 DAGs
[2024-05-24T14:04:40.110+0200] {logging_mixin.py:188} INFO - [2024-05-24T14:04:40.109+0200] {dag.py:3954} INFO - Setting next_dagrun for latest_only_with_trigger to 2024-05-24 08:00:00+00:00, run_after=2024-05-24 12:00:00+00:00
[2024-05-24T14:04:40.137+0200] {processor.py:183} INFO - Processing /home/munya/anaconda3/lib/python3.11/site-packages/airflow/example_dags/example_latest_only_with_trigger.py took 0.081 seconds
[2024-05-24T14:06:49.381+0200] {processor.py:161} INFO - Started process (PID=167606) to work on /home/munya/anaconda3/lib/python3.11/site-packages/airflow/example_dags/example_latest_only_with_trigger.py
[2024-05-24T14:06:49.382+0200] {processor.py:830} INFO - Processing file /home/munya/anaconda3/lib/python3.11/site-packages/airflow/example_dags/example_latest_only_with_trigger.py for tasks to queue
[2024-05-24T14:06:49.383+0200] {logging_mixin.py:188} INFO - [2024-05-24T14:06:49.383+0200] {dagbag.py:545} INFO - Filling up the DagBag from /home/munya/anaconda3/lib/python3.11/site-packages/airflow/example_dags/example_latest_only_with_trigger.py
[2024-05-24T14:06:49.390+0200] {processor.py:840} INFO - DAG(s) 'latest_only_with_trigger' retrieved from /home/munya/anaconda3/lib/python3.11/site-packages/airflow/example_dags/example_latest_only_with_trigger.py
[2024-05-24T14:06:49.411+0200] {logging_mixin.py:188} INFO - [2024-05-24T14:06:49.410+0200] {dag.py:3096} INFO - Sync 1 DAGs
[2024-05-24T14:06:49.435+0200] {logging_mixin.py:188} INFO - [2024-05-24T14:06:49.434+0200] {dag.py:3954} INFO - Setting next_dagrun for latest_only_with_trigger to 2024-05-24 08:00:00+00:00, run_after=2024-05-24 12:00:00+00:00
[2024-05-24T14:06:49.456+0200] {processor.py:183} INFO - Processing /home/munya/anaconda3/lib/python3.11/site-packages/airflow/example_dags/example_latest_only_with_trigger.py took 0.082 seconds
[2024-05-24T14:07:52.901+0200] {processor.py:161} INFO - Started process (PID=168841) to work on /home/munya/anaconda3/lib/python3.11/site-packages/airflow/example_dags/example_latest_only_with_trigger.py
[2024-05-24T14:07:52.902+0200] {processor.py:830} INFO - Processing file /home/munya/anaconda3/lib/python3.11/site-packages/airflow/example_dags/example_latest_only_with_trigger.py for tasks to queue
[2024-05-24T14:07:52.903+0200] {logging_mixin.py:188} INFO - [2024-05-24T14:07:52.903+0200] {dagbag.py:545} INFO - Filling up the DagBag from /home/munya/anaconda3/lib/python3.11/site-packages/airflow/example_dags/example_latest_only_with_trigger.py
[2024-05-24T14:07:52.910+0200] {processor.py:840} INFO - DAG(s) 'latest_only_with_trigger' retrieved from /home/munya/anaconda3/lib/python3.11/site-packages/airflow/example_dags/example_latest_only_with_trigger.py
[2024-05-24T14:07:52.926+0200] {logging_mixin.py:188} INFO - [2024-05-24T14:07:52.926+0200] {dag.py:3096} INFO - Sync 1 DAGs
[2024-05-24T14:07:52.945+0200] {logging_mixin.py:188} INFO - [2024-05-24T14:07:52.944+0200] {dag.py:3954} INFO - Setting next_dagrun for latest_only_with_trigger to 2024-05-24 08:00:00+00:00, run_after=2024-05-24 12:00:00+00:00
[2024-05-24T14:07:52.965+0200] {processor.py:183} INFO - Processing /home/munya/anaconda3/lib/python3.11/site-packages/airflow/example_dags/example_latest_only_with_trigger.py took 0.070 seconds
[2024-05-24T14:09:03.387+0200] {processor.py:161} INFO - Started process (PID=170216) to work on /home/munya/anaconda3/lib/python3.11/site-packages/airflow/example_dags/example_latest_only_with_trigger.py
[2024-05-24T14:09:03.388+0200] {processor.py:830} INFO - Processing file /home/munya/anaconda3/lib/python3.11/site-packages/airflow/example_dags/example_latest_only_with_trigger.py for tasks to queue
[2024-05-24T14:09:03.389+0200] {logging_mixin.py:188} INFO - [2024-05-24T14:09:03.389+0200] {dagbag.py:545} INFO - Filling up the DagBag from /home/munya/anaconda3/lib/python3.11/site-packages/airflow/example_dags/example_latest_only_with_trigger.py
[2024-05-24T14:09:03.395+0200] {processor.py:840} INFO - DAG(s) 'latest_only_with_trigger' retrieved from /home/munya/anaconda3/lib/python3.11/site-packages/airflow/example_dags/example_latest_only_with_trigger.py
[2024-05-24T14:09:03.415+0200] {logging_mixin.py:188} INFO - [2024-05-24T14:09:03.415+0200] {dag.py:3096} INFO - Sync 1 DAGs
[2024-05-24T14:09:03.431+0200] {logging_mixin.py:188} INFO - [2024-05-24T14:09:03.430+0200] {dag.py:3954} INFO - Setting next_dagrun for latest_only_with_trigger to 2024-05-24 08:00:00+00:00, run_after=2024-05-24 12:00:00+00:00
[2024-05-24T14:09:03.448+0200] {processor.py:183} INFO - Processing /home/munya/anaconda3/lib/python3.11/site-packages/airflow/example_dags/example_latest_only_with_trigger.py took 0.066 seconds
[2024-05-24T14:11:13.927+0200] {processor.py:161} INFO - Started process (PID=172654) to work on /home/munya/anaconda3/lib/python3.11/site-packages/airflow/example_dags/example_latest_only_with_trigger.py
[2024-05-24T14:11:13.937+0200] {processor.py:830} INFO - Processing file /home/munya/anaconda3/lib/python3.11/site-packages/airflow/example_dags/example_latest_only_with_trigger.py for tasks to queue
[2024-05-24T14:11:13.938+0200] {logging_mixin.py:188} INFO - [2024-05-24T14:11:13.938+0200] {dagbag.py:545} INFO - Filling up the DagBag from /home/munya/anaconda3/lib/python3.11/site-packages/airflow/example_dags/example_latest_only_with_trigger.py
[2024-05-24T14:11:13.945+0200] {processor.py:840} INFO - DAG(s) 'latest_only_with_trigger' retrieved from /home/munya/anaconda3/lib/python3.11/site-packages/airflow/example_dags/example_latest_only_with_trigger.py
[2024-05-24T14:11:13.962+0200] {logging_mixin.py:188} INFO - [2024-05-24T14:11:13.962+0200] {dag.py:3096} INFO - Sync 1 DAGs
[2024-05-24T14:11:13.981+0200] {logging_mixin.py:188} INFO - [2024-05-24T14:11:13.980+0200] {dag.py:3954} INFO - Setting next_dagrun for latest_only_with_trigger to 2024-05-24 08:00:00+00:00, run_after=2024-05-24 12:00:00+00:00
[2024-05-24T14:11:14.324+0200] {processor.py:183} INFO - Processing /home/munya/anaconda3/lib/python3.11/site-packages/airflow/example_dags/example_latest_only_with_trigger.py took 0.405 seconds
[2024-05-24T14:12:50.323+0200] {processor.py:161} INFO - Started process (PID=174443) to work on /home/munya/anaconda3/lib/python3.11/site-packages/airflow/example_dags/example_latest_only_with_trigger.py
[2024-05-24T14:12:50.324+0200] {processor.py:830} INFO - Processing file /home/munya/anaconda3/lib/python3.11/site-packages/airflow/example_dags/example_latest_only_with_trigger.py for tasks to queue
[2024-05-24T14:12:50.325+0200] {logging_mixin.py:188} INFO - [2024-05-24T14:12:50.325+0200] {dagbag.py:545} INFO - Filling up the DagBag from /home/munya/anaconda3/lib/python3.11/site-packages/airflow/example_dags/example_latest_only_with_trigger.py
[2024-05-24T14:12:50.330+0200] {processor.py:840} INFO - DAG(s) 'latest_only_with_trigger' retrieved from /home/munya/anaconda3/lib/python3.11/site-packages/airflow/example_dags/example_latest_only_with_trigger.py
[2024-05-24T14:12:50.345+0200] {logging_mixin.py:188} INFO - [2024-05-24T14:12:50.345+0200] {dag.py:3096} INFO - Sync 1 DAGs
[2024-05-24T14:12:50.362+0200] {logging_mixin.py:188} INFO - [2024-05-24T14:12:50.361+0200] {dag.py:3954} INFO - Setting next_dagrun for latest_only_with_trigger to 2024-05-24 08:00:00+00:00, run_after=2024-05-24 12:00:00+00:00
[2024-05-24T14:12:50.378+0200] {processor.py:183} INFO - Processing /home/munya/anaconda3/lib/python3.11/site-packages/airflow/example_dags/example_latest_only_with_trigger.py took 0.060 seconds
[2024-05-24T14:13:51.791+0200] {processor.py:161} INFO - Started process (PID=175606) to work on /home/munya/anaconda3/lib/python3.11/site-packages/airflow/example_dags/example_latest_only_with_trigger.py
[2024-05-24T14:13:51.792+0200] {processor.py:830} INFO - Processing file /home/munya/anaconda3/lib/python3.11/site-packages/airflow/example_dags/example_latest_only_with_trigger.py for tasks to queue
[2024-05-24T14:13:51.793+0200] {logging_mixin.py:188} INFO - [2024-05-24T14:13:51.793+0200] {dagbag.py:545} INFO - Filling up the DagBag from /home/munya/anaconda3/lib/python3.11/site-packages/airflow/example_dags/example_latest_only_with_trigger.py
[2024-05-24T14:13:51.800+0200] {processor.py:840} INFO - DAG(s) 'latest_only_with_trigger' retrieved from /home/munya/anaconda3/lib/python3.11/site-packages/airflow/example_dags/example_latest_only_with_trigger.py
[2024-05-24T14:13:51.815+0200] {logging_mixin.py:188} INFO - [2024-05-24T14:13:51.815+0200] {dag.py:3096} INFO - Sync 1 DAGs
[2024-05-24T14:13:51.831+0200] {logging_mixin.py:188} INFO - [2024-05-24T14:13:51.831+0200] {dag.py:3954} INFO - Setting next_dagrun for latest_only_with_trigger to 2024-05-24 08:00:00+00:00, run_after=2024-05-24 12:00:00+00:00
[2024-05-24T14:13:51.970+0200] {processor.py:183} INFO - Processing /home/munya/anaconda3/lib/python3.11/site-packages/airflow/example_dags/example_latest_only_with_trigger.py took 0.185 seconds
[2024-05-24T14:14:56.203+0200] {processor.py:161} INFO - Started process (PID=176827) to work on /home/munya/anaconda3/lib/python3.11/site-packages/airflow/example_dags/example_latest_only_with_trigger.py
[2024-05-24T14:14:56.204+0200] {processor.py:830} INFO - Processing file /home/munya/anaconda3/lib/python3.11/site-packages/airflow/example_dags/example_latest_only_with_trigger.py for tasks to queue
[2024-05-24T14:14:56.205+0200] {logging_mixin.py:188} INFO - [2024-05-24T14:14:56.205+0200] {dagbag.py:545} INFO - Filling up the DagBag from /home/munya/anaconda3/lib/python3.11/site-packages/airflow/example_dags/example_latest_only_with_trigger.py
[2024-05-24T14:14:56.211+0200] {processor.py:840} INFO - DAG(s) 'latest_only_with_trigger' retrieved from /home/munya/anaconda3/lib/python3.11/site-packages/airflow/example_dags/example_latest_only_with_trigger.py
[2024-05-24T14:14:56.227+0200] {logging_mixin.py:188} INFO - [2024-05-24T14:14:56.226+0200] {dag.py:3096} INFO - Sync 1 DAGs
[2024-05-24T14:14:56.242+0200] {logging_mixin.py:188} INFO - [2024-05-24T14:14:56.242+0200] {dag.py:3954} INFO - Setting next_dagrun for latest_only_with_trigger to 2024-05-24 08:00:00+00:00, run_after=2024-05-24 12:00:00+00:00
[2024-05-24T14:14:56.263+0200] {processor.py:183} INFO - Processing /home/munya/anaconda3/lib/python3.11/site-packages/airflow/example_dags/example_latest_only_with_trigger.py took 0.067 seconds
[2024-05-24T14:16:27.598+0200] {processor.py:161} INFO - Started process (PID=178567) to work on /home/munya/anaconda3/lib/python3.11/site-packages/airflow/example_dags/example_latest_only_with_trigger.py
[2024-05-24T14:16:27.602+0200] {processor.py:830} INFO - Processing file /home/munya/anaconda3/lib/python3.11/site-packages/airflow/example_dags/example_latest_only_with_trigger.py for tasks to queue
[2024-05-24T14:16:27.607+0200] {logging_mixin.py:188} INFO - [2024-05-24T14:16:27.605+0200] {dagbag.py:545} INFO - Filling up the DagBag from /home/munya/anaconda3/lib/python3.11/site-packages/airflow/example_dags/example_latest_only_with_trigger.py
[2024-05-24T14:16:27.643+0200] {processor.py:840} INFO - DAG(s) 'latest_only_with_trigger' retrieved from /home/munya/anaconda3/lib/python3.11/site-packages/airflow/example_dags/example_latest_only_with_trigger.py
[2024-05-24T14:16:27.718+0200] {logging_mixin.py:188} INFO - [2024-05-24T14:16:27.717+0200] {dag.py:3096} INFO - Sync 1 DAGs
[2024-05-24T14:16:27.808+0200] {logging_mixin.py:188} INFO - [2024-05-24T14:16:27.807+0200] {dag.py:3954} INFO - Setting next_dagrun for latest_only_with_trigger to 2024-05-24 08:00:00+00:00, run_after=2024-05-24 12:00:00+00:00
[2024-05-24T14:16:27.888+0200] {processor.py:183} INFO - Processing /home/munya/anaconda3/lib/python3.11/site-packages/airflow/example_dags/example_latest_only_with_trigger.py took 0.318 seconds
[2024-05-24T14:17:41.184+0200] {processor.py:161} INFO - Started process (PID=179959) to work on /home/munya/anaconda3/lib/python3.11/site-packages/airflow/example_dags/example_latest_only_with_trigger.py
[2024-05-24T14:17:41.185+0200] {processor.py:830} INFO - Processing file /home/munya/anaconda3/lib/python3.11/site-packages/airflow/example_dags/example_latest_only_with_trigger.py for tasks to queue
[2024-05-24T14:17:41.186+0200] {logging_mixin.py:188} INFO - [2024-05-24T14:17:41.185+0200] {dagbag.py:545} INFO - Filling up the DagBag from /home/munya/anaconda3/lib/python3.11/site-packages/airflow/example_dags/example_latest_only_with_trigger.py
[2024-05-24T14:17:41.192+0200] {processor.py:840} INFO - DAG(s) 'latest_only_with_trigger' retrieved from /home/munya/anaconda3/lib/python3.11/site-packages/airflow/example_dags/example_latest_only_with_trigger.py
[2024-05-24T14:17:41.206+0200] {logging_mixin.py:188} INFO - [2024-05-24T14:17:41.206+0200] {dag.py:3096} INFO - Sync 1 DAGs
[2024-05-24T14:17:41.222+0200] {logging_mixin.py:188} INFO - [2024-05-24T14:17:41.222+0200] {dag.py:3954} INFO - Setting next_dagrun for latest_only_with_trigger to 2024-05-24 08:00:00+00:00, run_after=2024-05-24 12:00:00+00:00
[2024-05-24T14:17:41.239+0200] {processor.py:183} INFO - Processing /home/munya/anaconda3/lib/python3.11/site-packages/airflow/example_dags/example_latest_only_with_trigger.py took 0.063 seconds
[2024-05-24T14:19:04.271+0200] {processor.py:161} INFO - Started process (PID=181510) to work on /home/munya/anaconda3/lib/python3.11/site-packages/airflow/example_dags/example_latest_only_with_trigger.py
[2024-05-24T14:19:04.274+0200] {processor.py:830} INFO - Processing file /home/munya/anaconda3/lib/python3.11/site-packages/airflow/example_dags/example_latest_only_with_trigger.py for tasks to queue
[2024-05-24T14:19:04.276+0200] {logging_mixin.py:188} INFO - [2024-05-24T14:19:04.275+0200] {dagbag.py:545} INFO - Filling up the DagBag from /home/munya/anaconda3/lib/python3.11/site-packages/airflow/example_dags/example_latest_only_with_trigger.py
[2024-05-24T14:19:04.297+0200] {processor.py:840} INFO - DAG(s) 'latest_only_with_trigger' retrieved from /home/munya/anaconda3/lib/python3.11/site-packages/airflow/example_dags/example_latest_only_with_trigger.py
[2024-05-24T14:19:04.346+0200] {logging_mixin.py:188} INFO - [2024-05-24T14:19:04.345+0200] {dag.py:3096} INFO - Sync 1 DAGs
[2024-05-24T14:19:04.411+0200] {logging_mixin.py:188} INFO - [2024-05-24T14:19:04.410+0200] {dag.py:3954} INFO - Setting next_dagrun for latest_only_with_trigger to 2024-05-24 08:00:00+00:00, run_after=2024-05-24 12:00:00+00:00
[2024-05-24T14:19:04.462+0200] {processor.py:183} INFO - Processing /home/munya/anaconda3/lib/python3.11/site-packages/airflow/example_dags/example_latest_only_with_trigger.py took 0.215 seconds
[2024-05-24T14:21:59.694+0200] {processor.py:161} INFO - Started process (PID=184776) to work on /home/munya/anaconda3/lib/python3.11/site-packages/airflow/example_dags/example_latest_only_with_trigger.py
[2024-05-24T14:21:59.697+0200] {processor.py:830} INFO - Processing file /home/munya/anaconda3/lib/python3.11/site-packages/airflow/example_dags/example_latest_only_with_trigger.py for tasks to queue
[2024-05-24T14:21:59.700+0200] {logging_mixin.py:188} INFO - [2024-05-24T14:21:59.699+0200] {dagbag.py:545} INFO - Filling up the DagBag from /home/munya/anaconda3/lib/python3.11/site-packages/airflow/example_dags/example_latest_only_with_trigger.py
[2024-05-24T14:21:59.720+0200] {processor.py:840} INFO - DAG(s) 'latest_only_with_trigger' retrieved from /home/munya/anaconda3/lib/python3.11/site-packages/airflow/example_dags/example_latest_only_with_trigger.py
[2024-05-24T14:21:59.773+0200] {logging_mixin.py:188} INFO - [2024-05-24T14:21:59.772+0200] {dag.py:3096} INFO - Sync 1 DAGs
[2024-05-24T14:21:59.830+0200] {logging_mixin.py:188} INFO - [2024-05-24T14:21:59.830+0200] {dag.py:3954} INFO - Setting next_dagrun for latest_only_with_trigger to 2024-05-24 08:00:00+00:00, run_after=2024-05-24 12:00:00+00:00
[2024-05-24T14:21:59.884+0200] {processor.py:183} INFO - Processing /home/munya/anaconda3/lib/python3.11/site-packages/airflow/example_dags/example_latest_only_with_trigger.py took 0.209 seconds
[2024-05-24T14:23:14.033+0200] {processor.py:161} INFO - Started process (PID=186170) to work on /home/munya/anaconda3/lib/python3.11/site-packages/airflow/example_dags/example_latest_only_with_trigger.py
[2024-05-24T14:23:14.034+0200] {processor.py:830} INFO - Processing file /home/munya/anaconda3/lib/python3.11/site-packages/airflow/example_dags/example_latest_only_with_trigger.py for tasks to queue
[2024-05-24T14:23:14.035+0200] {logging_mixin.py:188} INFO - [2024-05-24T14:23:14.035+0200] {dagbag.py:545} INFO - Filling up the DagBag from /home/munya/anaconda3/lib/python3.11/site-packages/airflow/example_dags/example_latest_only_with_trigger.py
[2024-05-24T14:23:14.041+0200] {processor.py:840} INFO - DAG(s) 'latest_only_with_trigger' retrieved from /home/munya/anaconda3/lib/python3.11/site-packages/airflow/example_dags/example_latest_only_with_trigger.py
[2024-05-24T14:23:14.054+0200] {logging_mixin.py:188} INFO - [2024-05-24T14:23:14.054+0200] {dag.py:3096} INFO - Sync 1 DAGs
[2024-05-24T14:23:14.070+0200] {logging_mixin.py:188} INFO - [2024-05-24T14:23:14.069+0200] {dag.py:3954} INFO - Setting next_dagrun for latest_only_with_trigger to 2024-05-24 08:00:00+00:00, run_after=2024-05-24 12:00:00+00:00
[2024-05-24T14:23:14.086+0200] {processor.py:183} INFO - Processing /home/munya/anaconda3/lib/python3.11/site-packages/airflow/example_dags/example_latest_only_with_trigger.py took 0.057 seconds
[2024-05-24T14:24:23.450+0200] {processor.py:161} INFO - Started process (PID=187467) to work on /home/munya/anaconda3/lib/python3.11/site-packages/airflow/example_dags/example_latest_only_with_trigger.py
[2024-05-24T14:24:23.453+0200] {processor.py:830} INFO - Processing file /home/munya/anaconda3/lib/python3.11/site-packages/airflow/example_dags/example_latest_only_with_trigger.py for tasks to queue
[2024-05-24T14:24:23.456+0200] {logging_mixin.py:188} INFO - [2024-05-24T14:24:23.455+0200] {dagbag.py:545} INFO - Filling up the DagBag from /home/munya/anaconda3/lib/python3.11/site-packages/airflow/example_dags/example_latest_only_with_trigger.py
[2024-05-24T14:24:23.476+0200] {processor.py:840} INFO - DAG(s) 'latest_only_with_trigger' retrieved from /home/munya/anaconda3/lib/python3.11/site-packages/airflow/example_dags/example_latest_only_with_trigger.py
[2024-05-24T14:24:23.528+0200] {logging_mixin.py:188} INFO - [2024-05-24T14:24:23.527+0200] {dag.py:3096} INFO - Sync 1 DAGs
[2024-05-24T14:24:23.587+0200] {logging_mixin.py:188} INFO - [2024-05-24T14:24:23.587+0200] {dag.py:3954} INFO - Setting next_dagrun for latest_only_with_trigger to 2024-05-24 08:00:00+00:00, run_after=2024-05-24 12:00:00+00:00
[2024-05-24T14:24:23.643+0200] {processor.py:183} INFO - Processing /home/munya/anaconda3/lib/python3.11/site-packages/airflow/example_dags/example_latest_only_with_trigger.py took 0.212 seconds
[2024-05-24T14:26:20.989+0200] {processor.py:161} INFO - Started process (PID=189737) to work on /home/munya/anaconda3/lib/python3.11/site-packages/airflow/example_dags/example_latest_only_with_trigger.py
[2024-05-24T14:26:20.990+0200] {processor.py:830} INFO - Processing file /home/munya/anaconda3/lib/python3.11/site-packages/airflow/example_dags/example_latest_only_with_trigger.py for tasks to queue
[2024-05-24T14:26:20.991+0200] {logging_mixin.py:188} INFO - [2024-05-24T14:26:20.990+0200] {dagbag.py:545} INFO - Filling up the DagBag from /home/munya/anaconda3/lib/python3.11/site-packages/airflow/example_dags/example_latest_only_with_trigger.py
[2024-05-24T14:26:20.996+0200] {processor.py:840} INFO - DAG(s) 'latest_only_with_trigger' retrieved from /home/munya/anaconda3/lib/python3.11/site-packages/airflow/example_dags/example_latest_only_with_trigger.py
[2024-05-24T14:26:21.011+0200] {logging_mixin.py:188} INFO - [2024-05-24T14:26:21.011+0200] {dag.py:3096} INFO - Sync 1 DAGs
[2024-05-24T14:26:21.030+0200] {logging_mixin.py:188} INFO - [2024-05-24T14:26:21.029+0200] {dag.py:3954} INFO - Setting next_dagrun for latest_only_with_trigger to 2024-05-24 08:00:00+00:00, run_after=2024-05-24 12:00:00+00:00
[2024-05-24T14:26:21.046+0200] {processor.py:183} INFO - Processing /home/munya/anaconda3/lib/python3.11/site-packages/airflow/example_dags/example_latest_only_with_trigger.py took 0.062 seconds
[2024-05-24T14:27:22.293+0200] {processor.py:161} INFO - Started process (PID=190976) to work on /home/munya/anaconda3/lib/python3.11/site-packages/airflow/example_dags/example_latest_only_with_trigger.py
[2024-05-24T14:27:22.294+0200] {processor.py:830} INFO - Processing file /home/munya/anaconda3/lib/python3.11/site-packages/airflow/example_dags/example_latest_only_with_trigger.py for tasks to queue
[2024-05-24T14:27:22.295+0200] {logging_mixin.py:188} INFO - [2024-05-24T14:27:22.295+0200] {dagbag.py:545} INFO - Filling up the DagBag from /home/munya/anaconda3/lib/python3.11/site-packages/airflow/example_dags/example_latest_only_with_trigger.py
[2024-05-24T14:27:22.300+0200] {processor.py:840} INFO - DAG(s) 'latest_only_with_trigger' retrieved from /home/munya/anaconda3/lib/python3.11/site-packages/airflow/example_dags/example_latest_only_with_trigger.py
[2024-05-24T14:27:22.314+0200] {logging_mixin.py:188} INFO - [2024-05-24T14:27:22.313+0200] {dag.py:3096} INFO - Sync 1 DAGs
[2024-05-24T14:27:22.328+0200] {logging_mixin.py:188} INFO - [2024-05-24T14:27:22.328+0200] {dag.py:3954} INFO - Setting next_dagrun for latest_only_with_trigger to 2024-05-24 08:00:00+00:00, run_after=2024-05-24 12:00:00+00:00
[2024-05-24T14:27:22.346+0200] {processor.py:183} INFO - Processing /home/munya/anaconda3/lib/python3.11/site-packages/airflow/example_dags/example_latest_only_with_trigger.py took 0.058 seconds
[2024-05-24T14:28:28.576+0200] {processor.py:161} INFO - Started process (PID=192632) to work on /home/munya/anaconda3/lib/python3.11/site-packages/airflow/example_dags/example_latest_only_with_trigger.py
[2024-05-24T14:28:28.577+0200] {processor.py:830} INFO - Processing file /home/munya/anaconda3/lib/python3.11/site-packages/airflow/example_dags/example_latest_only_with_trigger.py for tasks to queue
[2024-05-24T14:28:28.578+0200] {logging_mixin.py:188} INFO - [2024-05-24T14:28:28.577+0200] {dagbag.py:545} INFO - Filling up the DagBag from /home/munya/anaconda3/lib/python3.11/site-packages/airflow/example_dags/example_latest_only_with_trigger.py
[2024-05-24T14:28:28.582+0200] {processor.py:840} INFO - DAG(s) 'latest_only_with_trigger' retrieved from /home/munya/anaconda3/lib/python3.11/site-packages/airflow/example_dags/example_latest_only_with_trigger.py
[2024-05-24T14:28:28.596+0200] {logging_mixin.py:188} INFO - [2024-05-24T14:28:28.596+0200] {dag.py:3096} INFO - Sync 1 DAGs
[2024-05-24T14:28:28.610+0200] {logging_mixin.py:188} INFO - [2024-05-24T14:28:28.610+0200] {dag.py:3954} INFO - Setting next_dagrun for latest_only_with_trigger to 2024-05-24 08:00:00+00:00, run_after=2024-05-24 12:00:00+00:00
[2024-05-24T14:28:28.626+0200] {processor.py:183} INFO - Processing /home/munya/anaconda3/lib/python3.11/site-packages/airflow/example_dags/example_latest_only_with_trigger.py took 0.055 seconds
[2024-05-24T14:29:41.150+0200] {processor.py:161} INFO - Started process (PID=194697) to work on /home/munya/anaconda3/lib/python3.11/site-packages/airflow/example_dags/example_latest_only_with_trigger.py
[2024-05-24T14:29:41.156+0200] {processor.py:830} INFO - Processing file /home/munya/anaconda3/lib/python3.11/site-packages/airflow/example_dags/example_latest_only_with_trigger.py for tasks to queue
[2024-05-24T14:29:41.157+0200] {logging_mixin.py:188} INFO - [2024-05-24T14:29:41.157+0200] {dagbag.py:545} INFO - Filling up the DagBag from /home/munya/anaconda3/lib/python3.11/site-packages/airflow/example_dags/example_latest_only_with_trigger.py
[2024-05-24T14:29:41.165+0200] {processor.py:840} INFO - DAG(s) 'latest_only_with_trigger' retrieved from /home/munya/anaconda3/lib/python3.11/site-packages/airflow/example_dags/example_latest_only_with_trigger.py
[2024-05-24T14:29:41.188+0200] {logging_mixin.py:188} INFO - [2024-05-24T14:29:41.188+0200] {dag.py:3096} INFO - Sync 1 DAGs
[2024-05-24T14:29:41.218+0200] {logging_mixin.py:188} INFO - [2024-05-24T14:29:41.217+0200] {dag.py:3954} INFO - Setting next_dagrun for latest_only_with_trigger to 2024-05-24 08:00:00+00:00, run_after=2024-05-24 12:00:00+00:00
[2024-05-24T14:29:41.261+0200] {processor.py:183} INFO - Processing /home/munya/anaconda3/lib/python3.11/site-packages/airflow/example_dags/example_latest_only_with_trigger.py took 0.117 seconds
[2024-05-24T14:31:29.343+0200] {processor.py:161} INFO - Started process (PID=197527) to work on /home/munya/anaconda3/lib/python3.11/site-packages/airflow/example_dags/example_latest_only_with_trigger.py
[2024-05-24T14:31:29.344+0200] {processor.py:830} INFO - Processing file /home/munya/anaconda3/lib/python3.11/site-packages/airflow/example_dags/example_latest_only_with_trigger.py for tasks to queue
[2024-05-24T14:31:29.345+0200] {logging_mixin.py:188} INFO - [2024-05-24T14:31:29.345+0200] {dagbag.py:545} INFO - Filling up the DagBag from /home/munya/anaconda3/lib/python3.11/site-packages/airflow/example_dags/example_latest_only_with_trigger.py
[2024-05-24T14:31:29.350+0200] {processor.py:840} INFO - DAG(s) 'latest_only_with_trigger' retrieved from /home/munya/anaconda3/lib/python3.11/site-packages/airflow/example_dags/example_latest_only_with_trigger.py
[2024-05-24T14:31:29.365+0200] {logging_mixin.py:188} INFO - [2024-05-24T14:31:29.364+0200] {dag.py:3096} INFO - Sync 1 DAGs
[2024-05-24T14:31:29.382+0200] {logging_mixin.py:188} INFO - [2024-05-24T14:31:29.382+0200] {dag.py:3954} INFO - Setting next_dagrun for latest_only_with_trigger to 2024-05-24 08:00:00+00:00, run_after=2024-05-24 12:00:00+00:00
[2024-05-24T14:31:29.399+0200] {processor.py:183} INFO - Processing /home/munya/anaconda3/lib/python3.11/site-packages/airflow/example_dags/example_latest_only_with_trigger.py took 0.061 seconds
[2024-05-24T14:32:41.669+0200] {processor.py:161} INFO - Started process (PID=199235) to work on /home/munya/anaconda3/lib/python3.11/site-packages/airflow/example_dags/example_latest_only_with_trigger.py
[2024-05-24T14:32:41.670+0200] {processor.py:830} INFO - Processing file /home/munya/anaconda3/lib/python3.11/site-packages/airflow/example_dags/example_latest_only_with_trigger.py for tasks to queue
[2024-05-24T14:32:41.670+0200] {logging_mixin.py:188} INFO - [2024-05-24T14:32:41.670+0200] {dagbag.py:545} INFO - Filling up the DagBag from /home/munya/anaconda3/lib/python3.11/site-packages/airflow/example_dags/example_latest_only_with_trigger.py
[2024-05-24T14:32:41.676+0200] {processor.py:840} INFO - DAG(s) 'latest_only_with_trigger' retrieved from /home/munya/anaconda3/lib/python3.11/site-packages/airflow/example_dags/example_latest_only_with_trigger.py
[2024-05-24T14:32:41.689+0200] {logging_mixin.py:188} INFO - [2024-05-24T14:32:41.688+0200] {dag.py:3096} INFO - Sync 1 DAGs
[2024-05-24T14:32:41.703+0200] {logging_mixin.py:188} INFO - [2024-05-24T14:32:41.703+0200] {dag.py:3954} INFO - Setting next_dagrun for latest_only_with_trigger to 2024-05-24 08:00:00+00:00, run_after=2024-05-24 12:00:00+00:00
[2024-05-24T14:32:41.718+0200] {processor.py:183} INFO - Processing /home/munya/anaconda3/lib/python3.11/site-packages/airflow/example_dags/example_latest_only_with_trigger.py took 0.055 seconds
[2024-05-24T14:33:49.257+0200] {processor.py:161} INFO - Started process (PID=200862) to work on /home/munya/anaconda3/lib/python3.11/site-packages/airflow/example_dags/example_latest_only_with_trigger.py
[2024-05-24T14:33:49.258+0200] {processor.py:830} INFO - Processing file /home/munya/anaconda3/lib/python3.11/site-packages/airflow/example_dags/example_latest_only_with_trigger.py for tasks to queue
[2024-05-24T14:33:49.259+0200] {logging_mixin.py:188} INFO - [2024-05-24T14:33:49.259+0200] {dagbag.py:545} INFO - Filling up the DagBag from /home/munya/anaconda3/lib/python3.11/site-packages/airflow/example_dags/example_latest_only_with_trigger.py
[2024-05-24T14:33:49.265+0200] {processor.py:840} INFO - DAG(s) 'latest_only_with_trigger' retrieved from /home/munya/anaconda3/lib/python3.11/site-packages/airflow/example_dags/example_latest_only_with_trigger.py
[2024-05-24T14:33:49.282+0200] {logging_mixin.py:188} INFO - [2024-05-24T14:33:49.282+0200] {dag.py:3096} INFO - Sync 1 DAGs
[2024-05-24T14:33:49.300+0200] {logging_mixin.py:188} INFO - [2024-05-24T14:33:49.300+0200] {dag.py:3954} INFO - Setting next_dagrun for latest_only_with_trigger to 2024-05-24 08:00:00+00:00, run_after=2024-05-24 12:00:00+00:00
[2024-05-24T14:33:49.316+0200] {processor.py:183} INFO - Processing /home/munya/anaconda3/lib/python3.11/site-packages/airflow/example_dags/example_latest_only_with_trigger.py took 0.065 seconds
[2024-05-24T14:34:57.184+0200] {processor.py:161} INFO - Started process (PID=202482) to work on /home/munya/anaconda3/lib/python3.11/site-packages/airflow/example_dags/example_latest_only_with_trigger.py
[2024-05-24T14:34:57.185+0200] {processor.py:830} INFO - Processing file /home/munya/anaconda3/lib/python3.11/site-packages/airflow/example_dags/example_latest_only_with_trigger.py for tasks to queue
[2024-05-24T14:34:57.186+0200] {logging_mixin.py:188} INFO - [2024-05-24T14:34:57.186+0200] {dagbag.py:545} INFO - Filling up the DagBag from /home/munya/anaconda3/lib/python3.11/site-packages/airflow/example_dags/example_latest_only_with_trigger.py
[2024-05-24T14:34:57.191+0200] {processor.py:840} INFO - DAG(s) 'latest_only_with_trigger' retrieved from /home/munya/anaconda3/lib/python3.11/site-packages/airflow/example_dags/example_latest_only_with_trigger.py
[2024-05-24T14:34:57.204+0200] {logging_mixin.py:188} INFO - [2024-05-24T14:34:57.204+0200] {dag.py:3096} INFO - Sync 1 DAGs
[2024-05-24T14:34:57.219+0200] {logging_mixin.py:188} INFO - [2024-05-24T14:34:57.219+0200] {dag.py:3954} INFO - Setting next_dagrun for latest_only_with_trigger to 2024-05-24 08:00:00+00:00, run_after=2024-05-24 12:00:00+00:00
[2024-05-24T14:34:57.234+0200] {processor.py:183} INFO - Processing /home/munya/anaconda3/lib/python3.11/site-packages/airflow/example_dags/example_latest_only_with_trigger.py took 0.055 seconds
[2024-05-24T14:36:25.834+0200] {processor.py:161} INFO - Started process (PID=204633) to work on /home/munya/anaconda3/lib/python3.11/site-packages/airflow/example_dags/example_latest_only_with_trigger.py
[2024-05-24T14:36:25.835+0200] {processor.py:830} INFO - Processing file /home/munya/anaconda3/lib/python3.11/site-packages/airflow/example_dags/example_latest_only_with_trigger.py for tasks to queue
[2024-05-24T14:36:25.836+0200] {logging_mixin.py:188} INFO - [2024-05-24T14:36:25.835+0200] {dagbag.py:545} INFO - Filling up the DagBag from /home/munya/anaconda3/lib/python3.11/site-packages/airflow/example_dags/example_latest_only_with_trigger.py
[2024-05-24T14:36:25.842+0200] {processor.py:840} INFO - DAG(s) 'latest_only_with_trigger' retrieved from /home/munya/anaconda3/lib/python3.11/site-packages/airflow/example_dags/example_latest_only_with_trigger.py
[2024-05-24T14:36:25.857+0200] {logging_mixin.py:188} INFO - [2024-05-24T14:36:25.856+0200] {dag.py:3096} INFO - Sync 1 DAGs
[2024-05-24T14:36:25.874+0200] {logging_mixin.py:188} INFO - [2024-05-24T14:36:25.874+0200] {dag.py:3954} INFO - Setting next_dagrun for latest_only_with_trigger to 2024-05-24 08:00:00+00:00, run_after=2024-05-24 12:00:00+00:00
[2024-05-24T14:36:25.893+0200] {processor.py:183} INFO - Processing /home/munya/anaconda3/lib/python3.11/site-packages/airflow/example_dags/example_latest_only_with_trigger.py took 0.066 seconds
[2024-05-24T14:37:27.307+0200] {processor.py:161} INFO - Started process (PID=206108) to work on /home/munya/anaconda3/lib/python3.11/site-packages/airflow/example_dags/example_latest_only_with_trigger.py
[2024-05-24T14:37:27.308+0200] {processor.py:830} INFO - Processing file /home/munya/anaconda3/lib/python3.11/site-packages/airflow/example_dags/example_latest_only_with_trigger.py for tasks to queue
[2024-05-24T14:37:27.309+0200] {logging_mixin.py:188} INFO - [2024-05-24T14:37:27.308+0200] {dagbag.py:545} INFO - Filling up the DagBag from /home/munya/anaconda3/lib/python3.11/site-packages/airflow/example_dags/example_latest_only_with_trigger.py
[2024-05-24T14:37:27.315+0200] {processor.py:840} INFO - DAG(s) 'latest_only_with_trigger' retrieved from /home/munya/anaconda3/lib/python3.11/site-packages/airflow/example_dags/example_latest_only_with_trigger.py
[2024-05-24T14:37:27.329+0200] {logging_mixin.py:188} INFO - [2024-05-24T14:37:27.329+0200] {dag.py:3096} INFO - Sync 1 DAGs
[2024-05-24T14:37:27.347+0200] {logging_mixin.py:188} INFO - [2024-05-24T14:37:27.347+0200] {dag.py:3954} INFO - Setting next_dagrun for latest_only_with_trigger to 2024-05-24 08:00:00+00:00, run_after=2024-05-24 12:00:00+00:00
[2024-05-24T14:37:27.366+0200] {processor.py:183} INFO - Processing /home/munya/anaconda3/lib/python3.11/site-packages/airflow/example_dags/example_latest_only_with_trigger.py took 0.065 seconds
[2024-05-24T14:38:31.743+0200] {processor.py:161} INFO - Started process (PID=207645) to work on /home/munya/anaconda3/lib/python3.11/site-packages/airflow/example_dags/example_latest_only_with_trigger.py
[2024-05-24T14:38:31.744+0200] {processor.py:830} INFO - Processing file /home/munya/anaconda3/lib/python3.11/site-packages/airflow/example_dags/example_latest_only_with_trigger.py for tasks to queue
[2024-05-24T14:38:31.744+0200] {logging_mixin.py:188} INFO - [2024-05-24T14:38:31.744+0200] {dagbag.py:545} INFO - Filling up the DagBag from /home/munya/anaconda3/lib/python3.11/site-packages/airflow/example_dags/example_latest_only_with_trigger.py
[2024-05-24T14:38:31.750+0200] {processor.py:840} INFO - DAG(s) 'latest_only_with_trigger' retrieved from /home/munya/anaconda3/lib/python3.11/site-packages/airflow/example_dags/example_latest_only_with_trigger.py
[2024-05-24T14:38:31.765+0200] {logging_mixin.py:188} INFO - [2024-05-24T14:38:31.764+0200] {dag.py:3096} INFO - Sync 1 DAGs
[2024-05-24T14:38:31.781+0200] {logging_mixin.py:188} INFO - [2024-05-24T14:38:31.781+0200] {dag.py:3954} INFO - Setting next_dagrun for latest_only_with_trigger to 2024-05-24 08:00:00+00:00, run_after=2024-05-24 12:00:00+00:00
[2024-05-24T14:38:31.797+0200] {processor.py:183} INFO - Processing /home/munya/anaconda3/lib/python3.11/site-packages/airflow/example_dags/example_latest_only_with_trigger.py took 0.059 seconds
[2024-05-24T14:39:41.935+0200] {processor.py:161} INFO - Started process (PID=209350) to work on /home/munya/anaconda3/lib/python3.11/site-packages/airflow/example_dags/example_latest_only_with_trigger.py
[2024-05-24T14:39:41.935+0200] {processor.py:830} INFO - Processing file /home/munya/anaconda3/lib/python3.11/site-packages/airflow/example_dags/example_latest_only_with_trigger.py for tasks to queue
[2024-05-24T14:39:41.936+0200] {logging_mixin.py:188} INFO - [2024-05-24T14:39:41.936+0200] {dagbag.py:545} INFO - Filling up the DagBag from /home/munya/anaconda3/lib/python3.11/site-packages/airflow/example_dags/example_latest_only_with_trigger.py
[2024-05-24T14:39:41.941+0200] {processor.py:840} INFO - DAG(s) 'latest_only_with_trigger' retrieved from /home/munya/anaconda3/lib/python3.11/site-packages/airflow/example_dags/example_latest_only_with_trigger.py
[2024-05-24T14:39:41.955+0200] {logging_mixin.py:188} INFO - [2024-05-24T14:39:41.955+0200] {dag.py:3096} INFO - Sync 1 DAGs
[2024-05-24T14:39:41.970+0200] {logging_mixin.py:188} INFO - [2024-05-24T14:39:41.970+0200] {dag.py:3954} INFO - Setting next_dagrun for latest_only_with_trigger to 2024-05-24 08:00:00+00:00, run_after=2024-05-24 12:00:00+00:00
[2024-05-24T14:39:41.984+0200] {processor.py:183} INFO - Processing /home/munya/anaconda3/lib/python3.11/site-packages/airflow/example_dags/example_latest_only_with_trigger.py took 0.054 seconds
[2024-05-24T14:41:07.170+0200] {processor.py:161} INFO - Started process (PID=211325) to work on /home/munya/anaconda3/lib/python3.11/site-packages/airflow/example_dags/example_latest_only_with_trigger.py
[2024-05-24T14:41:07.171+0200] {processor.py:830} INFO - Processing file /home/munya/anaconda3/lib/python3.11/site-packages/airflow/example_dags/example_latest_only_with_trigger.py for tasks to queue
[2024-05-24T14:41:07.172+0200] {logging_mixin.py:188} INFO - [2024-05-24T14:41:07.171+0200] {dagbag.py:545} INFO - Filling up the DagBag from /home/munya/anaconda3/lib/python3.11/site-packages/airflow/example_dags/example_latest_only_with_trigger.py
[2024-05-24T14:41:07.177+0200] {processor.py:840} INFO - DAG(s) 'latest_only_with_trigger' retrieved from /home/munya/anaconda3/lib/python3.11/site-packages/airflow/example_dags/example_latest_only_with_trigger.py
[2024-05-24T14:41:07.190+0200] {logging_mixin.py:188} INFO - [2024-05-24T14:41:07.190+0200] {dag.py:3096} INFO - Sync 1 DAGs
[2024-05-24T14:41:07.205+0200] {logging_mixin.py:188} INFO - [2024-05-24T14:41:07.205+0200] {dag.py:3954} INFO - Setting next_dagrun for latest_only_with_trigger to 2024-05-24 08:00:00+00:00, run_after=2024-05-24 12:00:00+00:00
[2024-05-24T14:41:07.220+0200] {processor.py:183} INFO - Processing /home/munya/anaconda3/lib/python3.11/site-packages/airflow/example_dags/example_latest_only_with_trigger.py took 0.054 seconds
[2024-05-24T14:42:21.244+0200] {processor.py:161} INFO - Started process (PID=213004) to work on /home/munya/anaconda3/lib/python3.11/site-packages/airflow/example_dags/example_latest_only_with_trigger.py
[2024-05-24T14:42:21.245+0200] {processor.py:830} INFO - Processing file /home/munya/anaconda3/lib/python3.11/site-packages/airflow/example_dags/example_latest_only_with_trigger.py for tasks to queue
[2024-05-24T14:42:21.246+0200] {logging_mixin.py:188} INFO - [2024-05-24T14:42:21.245+0200] {dagbag.py:545} INFO - Filling up the DagBag from /home/munya/anaconda3/lib/python3.11/site-packages/airflow/example_dags/example_latest_only_with_trigger.py
[2024-05-24T14:42:21.251+0200] {processor.py:840} INFO - DAG(s) 'latest_only_with_trigger' retrieved from /home/munya/anaconda3/lib/python3.11/site-packages/airflow/example_dags/example_latest_only_with_trigger.py
[2024-05-24T14:42:21.264+0200] {logging_mixin.py:188} INFO - [2024-05-24T14:42:21.264+0200] {dag.py:3096} INFO - Sync 1 DAGs
[2024-05-24T14:42:21.278+0200] {logging_mixin.py:188} INFO - [2024-05-24T14:42:21.278+0200] {dag.py:3954} INFO - Setting next_dagrun for latest_only_with_trigger to 2024-05-24 08:00:00+00:00, run_after=2024-05-24 12:00:00+00:00
[2024-05-24T14:42:21.293+0200] {processor.py:183} INFO - Processing /home/munya/anaconda3/lib/python3.11/site-packages/airflow/example_dags/example_latest_only_with_trigger.py took 0.054 seconds
[2024-05-24T14:43:23.821+0200] {processor.py:161} INFO - Started process (PID=214840) to work on /home/munya/anaconda3/lib/python3.11/site-packages/airflow/example_dags/example_latest_only_with_trigger.py
[2024-05-24T14:43:23.825+0200] {processor.py:830} INFO - Processing file /home/munya/anaconda3/lib/python3.11/site-packages/airflow/example_dags/example_latest_only_with_trigger.py for tasks to queue
[2024-05-24T14:43:23.829+0200] {logging_mixin.py:188} INFO - [2024-05-24T14:43:23.828+0200] {dagbag.py:545} INFO - Filling up the DagBag from /home/munya/anaconda3/lib/python3.11/site-packages/airflow/example_dags/example_latest_only_with_trigger.py
[2024-05-24T14:43:23.845+0200] {processor.py:840} INFO - DAG(s) 'latest_only_with_trigger' retrieved from /home/munya/anaconda3/lib/python3.11/site-packages/airflow/example_dags/example_latest_only_with_trigger.py
[2024-05-24T14:43:23.867+0200] {logging_mixin.py:188} INFO - [2024-05-24T14:43:23.867+0200] {dag.py:3096} INFO - Sync 1 DAGs
[2024-05-24T14:43:23.885+0200] {logging_mixin.py:188} INFO - [2024-05-24T14:43:23.885+0200] {dag.py:3954} INFO - Setting next_dagrun for latest_only_with_trigger to 2024-05-24 08:00:00+00:00, run_after=2024-05-24 12:00:00+00:00
[2024-05-24T14:43:23.900+0200] {processor.py:183} INFO - Processing /home/munya/anaconda3/lib/python3.11/site-packages/airflow/example_dags/example_latest_only_with_trigger.py took 0.105 seconds
[2024-05-24T14:44:50.346+0200] {processor.py:161} INFO - Started process (PID=217264) to work on /home/munya/anaconda3/lib/python3.11/site-packages/airflow/example_dags/example_latest_only_with_trigger.py
[2024-05-24T14:44:50.350+0200] {processor.py:830} INFO - Processing file /home/munya/anaconda3/lib/python3.11/site-packages/airflow/example_dags/example_latest_only_with_trigger.py for tasks to queue
[2024-05-24T14:44:50.351+0200] {logging_mixin.py:188} INFO - [2024-05-24T14:44:50.350+0200] {dagbag.py:545} INFO - Filling up the DagBag from /home/munya/anaconda3/lib/python3.11/site-packages/airflow/example_dags/example_latest_only_with_trigger.py
[2024-05-24T14:44:50.356+0200] {processor.py:840} INFO - DAG(s) 'latest_only_with_trigger' retrieved from /home/munya/anaconda3/lib/python3.11/site-packages/airflow/example_dags/example_latest_only_with_trigger.py
[2024-05-24T14:44:50.369+0200] {logging_mixin.py:188} INFO - [2024-05-24T14:44:50.369+0200] {dag.py:3096} INFO - Sync 1 DAGs
[2024-05-24T14:44:50.384+0200] {logging_mixin.py:188} INFO - [2024-05-24T14:44:50.384+0200] {dag.py:3954} INFO - Setting next_dagrun for latest_only_with_trigger to 2024-05-24 08:00:00+00:00, run_after=2024-05-24 12:00:00+00:00
[2024-05-24T14:44:50.522+0200] {processor.py:183} INFO - Processing /home/munya/anaconda3/lib/python3.11/site-packages/airflow/example_dags/example_latest_only_with_trigger.py took 0.181 seconds
[2024-05-24T14:46:37.646+0200] {processor.py:161} INFO - Started process (PID=219879) to work on /home/munya/anaconda3/lib/python3.11/site-packages/airflow/example_dags/example_latest_only_with_trigger.py
[2024-05-24T14:46:37.646+0200] {processor.py:830} INFO - Processing file /home/munya/anaconda3/lib/python3.11/site-packages/airflow/example_dags/example_latest_only_with_trigger.py for tasks to queue
[2024-05-24T14:46:37.647+0200] {logging_mixin.py:188} INFO - [2024-05-24T14:46:37.647+0200] {dagbag.py:545} INFO - Filling up the DagBag from /home/munya/anaconda3/lib/python3.11/site-packages/airflow/example_dags/example_latest_only_with_trigger.py
[2024-05-24T14:46:37.653+0200] {processor.py:840} INFO - DAG(s) 'latest_only_with_trigger' retrieved from /home/munya/anaconda3/lib/python3.11/site-packages/airflow/example_dags/example_latest_only_with_trigger.py
[2024-05-24T14:46:37.666+0200] {logging_mixin.py:188} INFO - [2024-05-24T14:46:37.666+0200] {dag.py:3096} INFO - Sync 1 DAGs
[2024-05-24T14:46:37.681+0200] {logging_mixin.py:188} INFO - [2024-05-24T14:46:37.680+0200] {dag.py:3954} INFO - Setting next_dagrun for latest_only_with_trigger to 2024-05-24 08:00:00+00:00, run_after=2024-05-24 12:00:00+00:00
[2024-05-24T14:46:37.696+0200] {processor.py:183} INFO - Processing /home/munya/anaconda3/lib/python3.11/site-packages/airflow/example_dags/example_latest_only_with_trigger.py took 0.056 seconds
[2024-05-24T14:47:48.417+0200] {processor.py:161} INFO - Started process (PID=221456) to work on /home/munya/anaconda3/lib/python3.11/site-packages/airflow/example_dags/example_latest_only_with_trigger.py
[2024-05-24T14:47:48.420+0200] {processor.py:830} INFO - Processing file /home/munya/anaconda3/lib/python3.11/site-packages/airflow/example_dags/example_latest_only_with_trigger.py for tasks to queue
[2024-05-24T14:47:48.423+0200] {logging_mixin.py:188} INFO - [2024-05-24T14:47:48.421+0200] {dagbag.py:545} INFO - Filling up the DagBag from /home/munya/anaconda3/lib/python3.11/site-packages/airflow/example_dags/example_latest_only_with_trigger.py
[2024-05-24T14:47:48.443+0200] {processor.py:840} INFO - DAG(s) 'latest_only_with_trigger' retrieved from /home/munya/anaconda3/lib/python3.11/site-packages/airflow/example_dags/example_latest_only_with_trigger.py
[2024-05-24T14:47:48.507+0200] {logging_mixin.py:188} INFO - [2024-05-24T14:47:48.506+0200] {dag.py:3096} INFO - Sync 1 DAGs
[2024-05-24T14:47:48.570+0200] {logging_mixin.py:188} INFO - [2024-05-24T14:47:48.569+0200] {dag.py:3954} INFO - Setting next_dagrun for latest_only_with_trigger to 2024-05-24 08:00:00+00:00, run_after=2024-05-24 12:00:00+00:00
[2024-05-24T14:47:48.623+0200] {processor.py:183} INFO - Processing /home/munya/anaconda3/lib/python3.11/site-packages/airflow/example_dags/example_latest_only_with_trigger.py took 0.226 seconds
[2024-05-24T14:48:57.170+0200] {processor.py:161} INFO - Started process (PID=223088) to work on /home/munya/anaconda3/lib/python3.11/site-packages/airflow/example_dags/example_latest_only_with_trigger.py
[2024-05-24T14:48:57.171+0200] {processor.py:830} INFO - Processing file /home/munya/anaconda3/lib/python3.11/site-packages/airflow/example_dags/example_latest_only_with_trigger.py for tasks to queue
[2024-05-24T14:48:57.172+0200] {logging_mixin.py:188} INFO - [2024-05-24T14:48:57.172+0200] {dagbag.py:545} INFO - Filling up the DagBag from /home/munya/anaconda3/lib/python3.11/site-packages/airflow/example_dags/example_latest_only_with_trigger.py
[2024-05-24T14:48:57.178+0200] {processor.py:840} INFO - DAG(s) 'latest_only_with_trigger' retrieved from /home/munya/anaconda3/lib/python3.11/site-packages/airflow/example_dags/example_latest_only_with_trigger.py
[2024-05-24T14:48:57.194+0200] {logging_mixin.py:188} INFO - [2024-05-24T14:48:57.194+0200] {dag.py:3096} INFO - Sync 1 DAGs
[2024-05-24T14:48:57.212+0200] {logging_mixin.py:188} INFO - [2024-05-24T14:48:57.211+0200] {dag.py:3954} INFO - Setting next_dagrun for latest_only_with_trigger to 2024-05-24 08:00:00+00:00, run_after=2024-05-24 12:00:00+00:00
[2024-05-24T14:48:57.227+0200] {processor.py:183} INFO - Processing /home/munya/anaconda3/lib/python3.11/site-packages/airflow/example_dags/example_latest_only_with_trigger.py took 0.063 seconds
[2024-05-24T14:50:48.650+0200] {processor.py:161} INFO - Started process (PID=226281) to work on /home/munya/anaconda3/lib/python3.11/site-packages/airflow/example_dags/example_latest_only_with_trigger.py
[2024-05-24T14:50:48.654+0200] {processor.py:830} INFO - Processing file /home/munya/anaconda3/lib/python3.11/site-packages/airflow/example_dags/example_latest_only_with_trigger.py for tasks to queue
[2024-05-24T14:50:48.658+0200] {logging_mixin.py:188} INFO - [2024-05-24T14:50:48.656+0200] {dagbag.py:545} INFO - Filling up the DagBag from /home/munya/anaconda3/lib/python3.11/site-packages/airflow/example_dags/example_latest_only_with_trigger.py
[2024-05-24T14:50:48.682+0200] {processor.py:840} INFO - DAG(s) 'latest_only_with_trigger' retrieved from /home/munya/anaconda3/lib/python3.11/site-packages/airflow/example_dags/example_latest_only_with_trigger.py
[2024-05-24T14:50:48.736+0200] {logging_mixin.py:188} INFO - [2024-05-24T14:50:48.736+0200] {dag.py:3096} INFO - Sync 1 DAGs
[2024-05-24T14:50:48.803+0200] {logging_mixin.py:188} INFO - [2024-05-24T14:50:48.802+0200] {dag.py:3954} INFO - Setting next_dagrun for latest_only_with_trigger to 2024-05-24 08:00:00+00:00, run_after=2024-05-24 12:00:00+00:00
[2024-05-24T14:50:48.867+0200] {processor.py:183} INFO - Processing /home/munya/anaconda3/lib/python3.11/site-packages/airflow/example_dags/example_latest_only_with_trigger.py took 0.239 seconds
[2024-05-24T14:52:14.544+0200] {processor.py:161} INFO - Started process (PID=228204) to work on /home/munya/anaconda3/lib/python3.11/site-packages/airflow/example_dags/example_latest_only_with_trigger.py
[2024-05-24T14:52:14.545+0200] {processor.py:830} INFO - Processing file /home/munya/anaconda3/lib/python3.11/site-packages/airflow/example_dags/example_latest_only_with_trigger.py for tasks to queue
[2024-05-24T14:52:14.545+0200] {logging_mixin.py:188} INFO - [2024-05-24T14:52:14.545+0200] {dagbag.py:545} INFO - Filling up the DagBag from /home/munya/anaconda3/lib/python3.11/site-packages/airflow/example_dags/example_latest_only_with_trigger.py
[2024-05-24T14:52:14.552+0200] {processor.py:840} INFO - DAG(s) 'latest_only_with_trigger' retrieved from /home/munya/anaconda3/lib/python3.11/site-packages/airflow/example_dags/example_latest_only_with_trigger.py
[2024-05-24T14:52:14.573+0200] {logging_mixin.py:188} INFO - [2024-05-24T14:52:14.573+0200] {dag.py:3096} INFO - Sync 1 DAGs
[2024-05-24T14:52:14.595+0200] {logging_mixin.py:188} INFO - [2024-05-24T14:52:14.595+0200] {dag.py:3954} INFO - Setting next_dagrun for latest_only_with_trigger to 2024-05-24 08:00:00+00:00, run_after=2024-05-24 12:00:00+00:00
[2024-05-24T14:52:14.613+0200] {processor.py:183} INFO - Processing /home/munya/anaconda3/lib/python3.11/site-packages/airflow/example_dags/example_latest_only_with_trigger.py took 0.077 seconds
[2024-05-24T14:53:19.396+0200] {processor.py:161} INFO - Started process (PID=229727) to work on /home/munya/anaconda3/lib/python3.11/site-packages/airflow/example_dags/example_latest_only_with_trigger.py
[2024-05-24T14:53:19.400+0200] {processor.py:830} INFO - Processing file /home/munya/anaconda3/lib/python3.11/site-packages/airflow/example_dags/example_latest_only_with_trigger.py for tasks to queue
[2024-05-24T14:53:19.404+0200] {logging_mixin.py:188} INFO - [2024-05-24T14:53:19.402+0200] {dagbag.py:545} INFO - Filling up the DagBag from /home/munya/anaconda3/lib/python3.11/site-packages/airflow/example_dags/example_latest_only_with_trigger.py
[2024-05-24T14:53:19.429+0200] {processor.py:840} INFO - DAG(s) 'latest_only_with_trigger' retrieved from /home/munya/anaconda3/lib/python3.11/site-packages/airflow/example_dags/example_latest_only_with_trigger.py
[2024-05-24T14:53:19.484+0200] {logging_mixin.py:188} INFO - [2024-05-24T14:53:19.483+0200] {dag.py:3096} INFO - Sync 1 DAGs
[2024-05-24T14:53:19.547+0200] {logging_mixin.py:188} INFO - [2024-05-24T14:53:19.546+0200] {dag.py:3954} INFO - Setting next_dagrun for latest_only_with_trigger to 2024-05-24 08:00:00+00:00, run_after=2024-05-24 12:00:00+00:00
[2024-05-24T14:53:19.613+0200] {processor.py:183} INFO - Processing /home/munya/anaconda3/lib/python3.11/site-packages/airflow/example_dags/example_latest_only_with_trigger.py took 0.238 seconds
[2024-05-24T14:54:28.402+0200] {processor.py:161} INFO - Started process (PID=231312) to work on /home/munya/anaconda3/lib/python3.11/site-packages/airflow/example_dags/example_latest_only_with_trigger.py
[2024-05-24T14:54:28.403+0200] {processor.py:830} INFO - Processing file /home/munya/anaconda3/lib/python3.11/site-packages/airflow/example_dags/example_latest_only_with_trigger.py for tasks to queue
[2024-05-24T14:54:28.404+0200] {logging_mixin.py:188} INFO - [2024-05-24T14:54:28.404+0200] {dagbag.py:545} INFO - Filling up the DagBag from /home/munya/anaconda3/lib/python3.11/site-packages/airflow/example_dags/example_latest_only_with_trigger.py
[2024-05-24T14:54:28.412+0200] {processor.py:840} INFO - DAG(s) 'latest_only_with_trigger' retrieved from /home/munya/anaconda3/lib/python3.11/site-packages/airflow/example_dags/example_latest_only_with_trigger.py
[2024-05-24T14:54:28.429+0200] {logging_mixin.py:188} INFO - [2024-05-24T14:54:28.428+0200] {dag.py:3096} INFO - Sync 1 DAGs
[2024-05-24T14:54:28.448+0200] {logging_mixin.py:188} INFO - [2024-05-24T14:54:28.447+0200] {dag.py:3954} INFO - Setting next_dagrun for latest_only_with_trigger to 2024-05-24 08:00:00+00:00, run_after=2024-05-24 12:00:00+00:00
[2024-05-24T14:54:28.469+0200] {processor.py:183} INFO - Processing /home/munya/anaconda3/lib/python3.11/site-packages/airflow/example_dags/example_latest_only_with_trigger.py took 0.074 seconds
[2024-05-24T14:56:26.862+0200] {processor.py:161} INFO - Started process (PID=234011) to work on /home/munya/anaconda3/lib/python3.11/site-packages/airflow/example_dags/example_latest_only_with_trigger.py
[2024-05-24T14:56:26.863+0200] {processor.py:830} INFO - Processing file /home/munya/anaconda3/lib/python3.11/site-packages/airflow/example_dags/example_latest_only_with_trigger.py for tasks to queue
[2024-05-24T14:56:26.864+0200] {logging_mixin.py:188} INFO - [2024-05-24T14:56:26.864+0200] {dagbag.py:545} INFO - Filling up the DagBag from /home/munya/anaconda3/lib/python3.11/site-packages/airflow/example_dags/example_latest_only_with_trigger.py
[2024-05-24T14:56:26.871+0200] {processor.py:840} INFO - DAG(s) 'latest_only_with_trigger' retrieved from /home/munya/anaconda3/lib/python3.11/site-packages/airflow/example_dags/example_latest_only_with_trigger.py
[2024-05-24T14:56:26.891+0200] {logging_mixin.py:188} INFO - [2024-05-24T14:56:26.891+0200] {dag.py:3096} INFO - Sync 1 DAGs
[2024-05-24T14:56:26.915+0200] {logging_mixin.py:188} INFO - [2024-05-24T14:56:26.915+0200] {dag.py:3954} INFO - Setting next_dagrun for latest_only_with_trigger to 2024-05-24 08:00:00+00:00, run_after=2024-05-24 12:00:00+00:00
[2024-05-24T14:56:26.935+0200] {processor.py:183} INFO - Processing /home/munya/anaconda3/lib/python3.11/site-packages/airflow/example_dags/example_latest_only_with_trigger.py took 0.078 seconds
[2024-05-24T14:57:36.792+0200] {processor.py:161} INFO - Started process (PID=235591) to work on /home/munya/anaconda3/lib/python3.11/site-packages/airflow/example_dags/example_latest_only_with_trigger.py
[2024-05-24T14:57:36.794+0200] {processor.py:830} INFO - Processing file /home/munya/anaconda3/lib/python3.11/site-packages/airflow/example_dags/example_latest_only_with_trigger.py for tasks to queue
[2024-05-24T14:57:36.795+0200] {logging_mixin.py:188} INFO - [2024-05-24T14:57:36.794+0200] {dagbag.py:545} INFO - Filling up the DagBag from /home/munya/anaconda3/lib/python3.11/site-packages/airflow/example_dags/example_latest_only_with_trigger.py
[2024-05-24T14:57:36.802+0200] {processor.py:840} INFO - DAG(s) 'latest_only_with_trigger' retrieved from /home/munya/anaconda3/lib/python3.11/site-packages/airflow/example_dags/example_latest_only_with_trigger.py
[2024-05-24T14:57:36.819+0200] {logging_mixin.py:188} INFO - [2024-05-24T14:57:36.818+0200] {dag.py:3096} INFO - Sync 1 DAGs
[2024-05-24T14:57:36.836+0200] {logging_mixin.py:188} INFO - [2024-05-24T14:57:36.836+0200] {dag.py:3954} INFO - Setting next_dagrun for latest_only_with_trigger to 2024-05-24 08:00:00+00:00, run_after=2024-05-24 12:00:00+00:00
[2024-05-24T14:57:36.856+0200] {processor.py:183} INFO - Processing /home/munya/anaconda3/lib/python3.11/site-packages/airflow/example_dags/example_latest_only_with_trigger.py took 0.069 seconds
[2024-05-24T14:58:43.235+0200] {processor.py:161} INFO - Started process (PID=237072) to work on /home/munya/anaconda3/lib/python3.11/site-packages/airflow/example_dags/example_latest_only_with_trigger.py
[2024-05-24T14:58:43.238+0200] {processor.py:830} INFO - Processing file /home/munya/anaconda3/lib/python3.11/site-packages/airflow/example_dags/example_latest_only_with_trigger.py for tasks to queue
[2024-05-24T14:58:43.241+0200] {logging_mixin.py:188} INFO - [2024-05-24T14:58:43.240+0200] {dagbag.py:545} INFO - Filling up the DagBag from /home/munya/anaconda3/lib/python3.11/site-packages/airflow/example_dags/example_latest_only_with_trigger.py
[2024-05-24T14:58:43.263+0200] {processor.py:840} INFO - DAG(s) 'latest_only_with_trigger' retrieved from /home/munya/anaconda3/lib/python3.11/site-packages/airflow/example_dags/example_latest_only_with_trigger.py
[2024-05-24T14:58:43.320+0200] {logging_mixin.py:188} INFO - [2024-05-24T14:58:43.320+0200] {dag.py:3096} INFO - Sync 1 DAGs
[2024-05-24T14:58:43.384+0200] {logging_mixin.py:188} INFO - [2024-05-24T14:58:43.383+0200] {dag.py:3954} INFO - Setting next_dagrun for latest_only_with_trigger to 2024-05-24 08:00:00+00:00, run_after=2024-05-24 12:00:00+00:00
[2024-05-24T14:58:43.445+0200] {processor.py:183} INFO - Processing /home/munya/anaconda3/lib/python3.11/site-packages/airflow/example_dags/example_latest_only_with_trigger.py took 0.229 seconds
[2024-05-24T14:59:53.905+0200] {processor.py:161} INFO - Started process (PID=238644) to work on /home/munya/anaconda3/lib/python3.11/site-packages/airflow/example_dags/example_latest_only_with_trigger.py
[2024-05-24T14:59:53.906+0200] {processor.py:830} INFO - Processing file /home/munya/anaconda3/lib/python3.11/site-packages/airflow/example_dags/example_latest_only_with_trigger.py for tasks to queue
[2024-05-24T14:59:53.907+0200] {logging_mixin.py:188} INFO - [2024-05-24T14:59:53.907+0200] {dagbag.py:545} INFO - Filling up the DagBag from /home/munya/anaconda3/lib/python3.11/site-packages/airflow/example_dags/example_latest_only_with_trigger.py
[2024-05-24T14:59:53.914+0200] {processor.py:840} INFO - DAG(s) 'latest_only_with_trigger' retrieved from /home/munya/anaconda3/lib/python3.11/site-packages/airflow/example_dags/example_latest_only_with_trigger.py
[2024-05-24T14:59:53.929+0200] {logging_mixin.py:188} INFO - [2024-05-24T14:59:53.928+0200] {dag.py:3096} INFO - Sync 1 DAGs
[2024-05-24T14:59:53.946+0200] {logging_mixin.py:188} INFO - [2024-05-24T14:59:53.945+0200] {dag.py:3954} INFO - Setting next_dagrun for latest_only_with_trigger to 2024-05-24 08:00:00+00:00, run_after=2024-05-24 12:00:00+00:00
[2024-05-24T14:59:53.963+0200] {processor.py:183} INFO - Processing /home/munya/anaconda3/lib/python3.11/site-packages/airflow/example_dags/example_latest_only_with_trigger.py took 0.064 seconds
[2024-05-24T15:01:21.722+0200] {processor.py:161} INFO - Started process (PID=240653) to work on /home/munya/anaconda3/lib/python3.11/site-packages/airflow/example_dags/example_latest_only_with_trigger.py
[2024-05-24T15:01:21.723+0200] {processor.py:830} INFO - Processing file /home/munya/anaconda3/lib/python3.11/site-packages/airflow/example_dags/example_latest_only_with_trigger.py for tasks to queue
[2024-05-24T15:01:21.725+0200] {logging_mixin.py:188} INFO - [2024-05-24T15:01:21.724+0200] {dagbag.py:545} INFO - Filling up the DagBag from /home/munya/anaconda3/lib/python3.11/site-packages/airflow/example_dags/example_latest_only_with_trigger.py
[2024-05-24T15:01:21.732+0200] {processor.py:840} INFO - DAG(s) 'latest_only_with_trigger' retrieved from /home/munya/anaconda3/lib/python3.11/site-packages/airflow/example_dags/example_latest_only_with_trigger.py
[2024-05-24T15:01:21.748+0200] {logging_mixin.py:188} INFO - [2024-05-24T15:01:21.748+0200] {dag.py:3096} INFO - Sync 1 DAGs
[2024-05-24T15:01:21.767+0200] {logging_mixin.py:188} INFO - [2024-05-24T15:01:21.766+0200] {dag.py:3954} INFO - Setting next_dagrun for latest_only_with_trigger to 2024-05-24 08:00:00+00:00, run_after=2024-05-24 12:00:00+00:00
[2024-05-24T15:01:21.786+0200] {processor.py:183} INFO - Processing /home/munya/anaconda3/lib/python3.11/site-packages/airflow/example_dags/example_latest_only_with_trigger.py took 0.070 seconds
[2024-05-24T15:02:27.426+0200] {processor.py:161} INFO - Started process (PID=242142) to work on /home/munya/anaconda3/lib/python3.11/site-packages/airflow/example_dags/example_latest_only_with_trigger.py
[2024-05-24T15:02:27.429+0200] {processor.py:830} INFO - Processing file /home/munya/anaconda3/lib/python3.11/site-packages/airflow/example_dags/example_latest_only_with_trigger.py for tasks to queue
[2024-05-24T15:02:27.431+0200] {logging_mixin.py:188} INFO - [2024-05-24T15:02:27.430+0200] {dagbag.py:545} INFO - Filling up the DagBag from /home/munya/anaconda3/lib/python3.11/site-packages/airflow/example_dags/example_latest_only_with_trigger.py
[2024-05-24T15:02:27.447+0200] {processor.py:840} INFO - DAG(s) 'latest_only_with_trigger' retrieved from /home/munya/anaconda3/lib/python3.11/site-packages/airflow/example_dags/example_latest_only_with_trigger.py
[2024-05-24T15:02:27.473+0200] {logging_mixin.py:188} INFO - [2024-05-24T15:02:27.473+0200] {dag.py:3096} INFO - Sync 1 DAGs
[2024-05-24T15:02:27.497+0200] {logging_mixin.py:188} INFO - [2024-05-24T15:02:27.497+0200] {dag.py:3954} INFO - Setting next_dagrun for latest_only_with_trigger to 2024-05-24 08:00:00+00:00, run_after=2024-05-24 12:00:00+00:00
[2024-05-24T15:02:27.520+0200] {processor.py:183} INFO - Processing /home/munya/anaconda3/lib/python3.11/site-packages/airflow/example_dags/example_latest_only_with_trigger.py took 0.102 seconds
[2024-05-24T15:03:32.980+0200] {processor.py:161} INFO - Started process (PID=243679) to work on /home/munya/anaconda3/lib/python3.11/site-packages/airflow/example_dags/example_latest_only_with_trigger.py
[2024-05-24T15:03:32.981+0200] {processor.py:830} INFO - Processing file /home/munya/anaconda3/lib/python3.11/site-packages/airflow/example_dags/example_latest_only_with_trigger.py for tasks to queue
[2024-05-24T15:03:32.982+0200] {logging_mixin.py:188} INFO - [2024-05-24T15:03:32.982+0200] {dagbag.py:545} INFO - Filling up the DagBag from /home/munya/anaconda3/lib/python3.11/site-packages/airflow/example_dags/example_latest_only_with_trigger.py
[2024-05-24T15:03:32.992+0200] {processor.py:840} INFO - DAG(s) 'latest_only_with_trigger' retrieved from /home/munya/anaconda3/lib/python3.11/site-packages/airflow/example_dags/example_latest_only_with_trigger.py
[2024-05-24T15:03:33.020+0200] {logging_mixin.py:188} INFO - [2024-05-24T15:03:33.020+0200] {dag.py:3096} INFO - Sync 1 DAGs
[2024-05-24T15:03:33.046+0200] {logging_mixin.py:188} INFO - [2024-05-24T15:03:33.046+0200] {dag.py:3954} INFO - Setting next_dagrun for latest_only_with_trigger to 2024-05-24 08:00:00+00:00, run_after=2024-05-24 12:00:00+00:00
[2024-05-24T15:03:33.066+0200] {processor.py:183} INFO - Processing /home/munya/anaconda3/lib/python3.11/site-packages/airflow/example_dags/example_latest_only_with_trigger.py took 0.100 seconds
[2024-05-24T15:04:40.127+0200] {processor.py:161} INFO - Started process (PID=245117) to work on /home/munya/anaconda3/lib/python3.11/site-packages/airflow/example_dags/example_latest_only_with_trigger.py
[2024-05-24T15:04:40.129+0200] {processor.py:830} INFO - Processing file /home/munya/anaconda3/lib/python3.11/site-packages/airflow/example_dags/example_latest_only_with_trigger.py for tasks to queue
[2024-05-24T15:04:40.130+0200] {logging_mixin.py:188} INFO - [2024-05-24T15:04:40.130+0200] {dagbag.py:545} INFO - Filling up the DagBag from /home/munya/anaconda3/lib/python3.11/site-packages/airflow/example_dags/example_latest_only_with_trigger.py
[2024-05-24T15:04:40.138+0200] {processor.py:840} INFO - DAG(s) 'latest_only_with_trigger' retrieved from /home/munya/anaconda3/lib/python3.11/site-packages/airflow/example_dags/example_latest_only_with_trigger.py
[2024-05-24T15:04:40.159+0200] {logging_mixin.py:188} INFO - [2024-05-24T15:04:40.159+0200] {dag.py:3096} INFO - Sync 1 DAGs
[2024-05-24T15:04:40.182+0200] {logging_mixin.py:188} INFO - [2024-05-24T15:04:40.181+0200] {dag.py:3954} INFO - Setting next_dagrun for latest_only_with_trigger to 2024-05-24 08:00:00+00:00, run_after=2024-05-24 12:00:00+00:00
[2024-05-24T15:04:40.202+0200] {processor.py:183} INFO - Processing /home/munya/anaconda3/lib/python3.11/site-packages/airflow/example_dags/example_latest_only_with_trigger.py took 0.081 seconds
[2024-05-24T15:06:20.249+0200] {processor.py:161} INFO - Started process (PID=247294) to work on /home/munya/anaconda3/lib/python3.11/site-packages/airflow/example_dags/example_latest_only_with_trigger.py
[2024-05-24T15:06:20.252+0200] {processor.py:830} INFO - Processing file /home/munya/anaconda3/lib/python3.11/site-packages/airflow/example_dags/example_latest_only_with_trigger.py for tasks to queue
[2024-05-24T15:06:20.255+0200] {logging_mixin.py:188} INFO - [2024-05-24T15:06:20.253+0200] {dagbag.py:545} INFO - Filling up the DagBag from /home/munya/anaconda3/lib/python3.11/site-packages/airflow/example_dags/example_latest_only_with_trigger.py
[2024-05-24T15:06:20.276+0200] {processor.py:840} INFO - DAG(s) 'latest_only_with_trigger' retrieved from /home/munya/anaconda3/lib/python3.11/site-packages/airflow/example_dags/example_latest_only_with_trigger.py
[2024-05-24T15:06:20.325+0200] {logging_mixin.py:188} INFO - [2024-05-24T15:06:20.324+0200] {dag.py:3096} INFO - Sync 1 DAGs
[2024-05-24T15:06:20.383+0200] {logging_mixin.py:188} INFO - [2024-05-24T15:06:20.383+0200] {dag.py:3954} INFO - Setting next_dagrun for latest_only_with_trigger to 2024-05-24 08:00:00+00:00, run_after=2024-05-24 12:00:00+00:00
[2024-05-24T15:06:20.439+0200] {processor.py:183} INFO - Processing /home/munya/anaconda3/lib/python3.11/site-packages/airflow/example_dags/example_latest_only_with_trigger.py took 0.213 seconds
[2024-05-24T15:09:06.848+0200] {processor.py:161} INFO - Started process (PID=249459) to work on /home/munya/anaconda3/lib/python3.11/site-packages/airflow/example_dags/example_latest_only_with_trigger.py
[2024-05-24T15:09:06.851+0200] {processor.py:830} INFO - Processing file /home/munya/anaconda3/lib/python3.11/site-packages/airflow/example_dags/example_latest_only_with_trigger.py for tasks to queue
[2024-05-24T15:09:06.854+0200] {logging_mixin.py:188} INFO - [2024-05-24T15:09:06.853+0200] {dagbag.py:545} INFO - Filling up the DagBag from /home/munya/anaconda3/lib/python3.11/site-packages/airflow/example_dags/example_latest_only_with_trigger.py
[2024-05-24T15:09:06.877+0200] {processor.py:840} INFO - DAG(s) 'latest_only_with_trigger' retrieved from /home/munya/anaconda3/lib/python3.11/site-packages/airflow/example_dags/example_latest_only_with_trigger.py
[2024-05-24T15:09:06.934+0200] {logging_mixin.py:188} INFO - [2024-05-24T15:09:06.934+0200] {dag.py:3096} INFO - Sync 1 DAGs
[2024-05-24T15:09:06.964+0200] {logging_mixin.py:188} INFO - [2024-05-24T15:09:06.963+0200] {dag.py:3954} INFO - Setting next_dagrun for latest_only_with_trigger to 2024-05-24 08:00:00+00:00, run_after=2024-05-24 12:00:00+00:00
[2024-05-24T15:09:06.994+0200] {processor.py:183} INFO - Processing /home/munya/anaconda3/lib/python3.11/site-packages/airflow/example_dags/example_latest_only_with_trigger.py took 0.169 seconds
[2024-05-24T15:13:55.120+0200] {processor.py:161} INFO - Started process (PID=254225) to work on /home/munya/anaconda3/lib/python3.11/site-packages/airflow/example_dags/example_latest_only_with_trigger.py
[2024-05-24T15:13:55.125+0200] {processor.py:830} INFO - Processing file /home/munya/anaconda3/lib/python3.11/site-packages/airflow/example_dags/example_latest_only_with_trigger.py for tasks to queue
[2024-05-24T15:13:55.129+0200] {logging_mixin.py:188} INFO - [2024-05-24T15:13:55.127+0200] {dagbag.py:545} INFO - Filling up the DagBag from /home/munya/anaconda3/lib/python3.11/site-packages/airflow/example_dags/example_latest_only_with_trigger.py
[2024-05-24T15:13:55.167+0200] {processor.py:840} INFO - DAG(s) 'latest_only_with_trigger' retrieved from /home/munya/anaconda3/lib/python3.11/site-packages/airflow/example_dags/example_latest_only_with_trigger.py
[2024-05-24T15:13:55.273+0200] {logging_mixin.py:188} INFO - [2024-05-24T15:13:55.272+0200] {dag.py:3096} INFO - Sync 1 DAGs
[2024-05-24T15:13:55.303+0200] {logging_mixin.py:188} INFO - [2024-05-24T15:13:55.303+0200] {dag.py:3954} INFO - Setting next_dagrun for latest_only_with_trigger to 2024-05-24 08:00:00+00:00, run_after=2024-05-24 12:00:00+00:00
[2024-05-24T15:13:55.332+0200] {processor.py:183} INFO - Processing /home/munya/anaconda3/lib/python3.11/site-packages/airflow/example_dags/example_latest_only_with_trigger.py took 0.243 seconds
[2024-05-24T15:16:06.060+0200] {processor.py:161} INFO - Started process (PID=256140) to work on /home/munya/anaconda3/lib/python3.11/site-packages/airflow/example_dags/example_latest_only_with_trigger.py
[2024-05-24T15:16:06.062+0200] {processor.py:830} INFO - Processing file /home/munya/anaconda3/lib/python3.11/site-packages/airflow/example_dags/example_latest_only_with_trigger.py for tasks to queue
[2024-05-24T15:16:06.064+0200] {logging_mixin.py:188} INFO - [2024-05-24T15:16:06.063+0200] {dagbag.py:545} INFO - Filling up the DagBag from /home/munya/anaconda3/lib/python3.11/site-packages/airflow/example_dags/example_latest_only_with_trigger.py
[2024-05-24T15:16:06.081+0200] {processor.py:840} INFO - DAG(s) 'latest_only_with_trigger' retrieved from /home/munya/anaconda3/lib/python3.11/site-packages/airflow/example_dags/example_latest_only_with_trigger.py
[2024-05-24T15:16:06.124+0200] {logging_mixin.py:188} INFO - [2024-05-24T15:16:06.124+0200] {dag.py:3096} INFO - Sync 1 DAGs
[2024-05-24T15:16:06.165+0200] {logging_mixin.py:188} INFO - [2024-05-24T15:16:06.165+0200] {dag.py:3954} INFO - Setting next_dagrun for latest_only_with_trigger to 2024-05-24 08:00:00+00:00, run_after=2024-05-24 12:00:00+00:00
[2024-05-24T15:16:06.220+0200] {processor.py:183} INFO - Processing /home/munya/anaconda3/lib/python3.11/site-packages/airflow/example_dags/example_latest_only_with_trigger.py took 0.174 seconds
[2024-05-24T15:17:49.900+0200] {processor.py:161} INFO - Started process (PID=257773) to work on /home/munya/anaconda3/lib/python3.11/site-packages/airflow/example_dags/example_latest_only_with_trigger.py
[2024-05-24T15:17:49.903+0200] {processor.py:830} INFO - Processing file /home/munya/anaconda3/lib/python3.11/site-packages/airflow/example_dags/example_latest_only_with_trigger.py for tasks to queue
[2024-05-24T15:17:49.913+0200] {logging_mixin.py:188} INFO - [2024-05-24T15:17:49.912+0200] {dagbag.py:545} INFO - Filling up the DagBag from /home/munya/anaconda3/lib/python3.11/site-packages/airflow/example_dags/example_latest_only_with_trigger.py
[2024-05-24T15:17:49.949+0200] {processor.py:840} INFO - DAG(s) 'latest_only_with_trigger' retrieved from /home/munya/anaconda3/lib/python3.11/site-packages/airflow/example_dags/example_latest_only_with_trigger.py
[2024-05-24T15:17:50.219+0200] {logging_mixin.py:188} INFO - [2024-05-24T15:17:50.218+0200] {dag.py:3096} INFO - Sync 1 DAGs
[2024-05-24T15:17:50.248+0200] {logging_mixin.py:188} INFO - [2024-05-24T15:17:50.248+0200] {dag.py:3954} INFO - Setting next_dagrun for latest_only_with_trigger to 2024-05-24 08:00:00+00:00, run_after=2024-05-24 12:00:00+00:00
[2024-05-24T15:17:50.285+0200] {processor.py:183} INFO - Processing /home/munya/anaconda3/lib/python3.11/site-packages/airflow/example_dags/example_latest_only_with_trigger.py took 0.420 seconds
[2024-05-24T15:18:03.634+0200] {processor.py:161} INFO - Started process (PID=257977) to work on /home/munya/anaconda3/lib/python3.11/site-packages/airflow/example_dags/example_latest_only_with_trigger.py
[2024-05-24T15:18:03.637+0200] {processor.py:830} INFO - Processing file /home/munya/anaconda3/lib/python3.11/site-packages/airflow/example_dags/example_latest_only_with_trigger.py for tasks to queue
[2024-05-24T15:18:03.639+0200] {logging_mixin.py:188} INFO - [2024-05-24T15:18:03.638+0200] {dagbag.py:545} INFO - Filling up the DagBag from /home/munya/anaconda3/lib/python3.11/site-packages/airflow/example_dags/example_latest_only_with_trigger.py
[2024-05-24T15:18:03.652+0200] {processor.py:840} INFO - DAG(s) 'latest_only_with_trigger' retrieved from /home/munya/anaconda3/lib/python3.11/site-packages/airflow/example_dags/example_latest_only_with_trigger.py
[2024-05-24T15:18:03.668+0200] {logging_mixin.py:188} INFO - [2024-05-24T15:18:03.668+0200] {dag.py:3096} INFO - Sync 1 DAGs
[2024-05-24T15:18:03.719+0200] {logging_mixin.py:188} INFO - [2024-05-24T15:18:03.719+0200] {dag.py:3954} INFO - Setting next_dagrun for latest_only_with_trigger to 2024-05-24 08:00:00+00:00, run_after=2024-05-24 12:00:00+00:00
[2024-05-24T15:18:03.826+0200] {processor.py:183} INFO - Processing /home/munya/anaconda3/lib/python3.11/site-packages/airflow/example_dags/example_latest_only_with_trigger.py took 0.205 seconds
[2024-05-24T15:19:05.098+0200] {processor.py:161} INFO - Started process (PID=258934) to work on /home/munya/anaconda3/lib/python3.11/site-packages/airflow/example_dags/example_latest_only_with_trigger.py
[2024-05-24T15:19:05.102+0200] {processor.py:830} INFO - Processing file /home/munya/anaconda3/lib/python3.11/site-packages/airflow/example_dags/example_latest_only_with_trigger.py for tasks to queue
[2024-05-24T15:19:05.112+0200] {logging_mixin.py:188} INFO - [2024-05-24T15:19:05.110+0200] {dagbag.py:545} INFO - Filling up the DagBag from /home/munya/anaconda3/lib/python3.11/site-packages/airflow/example_dags/example_latest_only_with_trigger.py
[2024-05-24T15:19:05.141+0200] {processor.py:840} INFO - DAG(s) 'latest_only_with_trigger' retrieved from /home/munya/anaconda3/lib/python3.11/site-packages/airflow/example_dags/example_latest_only_with_trigger.py
[2024-05-24T15:19:05.217+0200] {logging_mixin.py:188} INFO - [2024-05-24T15:19:05.216+0200] {dag.py:3096} INFO - Sync 1 DAGs
[2024-05-24T15:19:05.254+0200] {logging_mixin.py:188} INFO - [2024-05-24T15:19:05.253+0200] {dag.py:3954} INFO - Setting next_dagrun for latest_only_with_trigger to 2024-05-24 08:00:00+00:00, run_after=2024-05-24 12:00:00+00:00
[2024-05-24T15:19:05.286+0200] {processor.py:183} INFO - Processing /home/munya/anaconda3/lib/python3.11/site-packages/airflow/example_dags/example_latest_only_with_trigger.py took 0.214 seconds
[2024-05-24T15:19:30.605+0200] {processor.py:161} INFO - Started process (PID=259320) to work on /home/munya/anaconda3/lib/python3.11/site-packages/airflow/example_dags/example_latest_only_with_trigger.py
[2024-05-24T15:19:30.607+0200] {processor.py:830} INFO - Processing file /home/munya/anaconda3/lib/python3.11/site-packages/airflow/example_dags/example_latest_only_with_trigger.py for tasks to queue
[2024-05-24T15:19:30.609+0200] {logging_mixin.py:188} INFO - [2024-05-24T15:19:30.608+0200] {dagbag.py:545} INFO - Filling up the DagBag from /home/munya/anaconda3/lib/python3.11/site-packages/airflow/example_dags/example_latest_only_with_trigger.py
[2024-05-24T15:19:30.622+0200] {processor.py:840} INFO - DAG(s) 'latest_only_with_trigger' retrieved from /home/munya/anaconda3/lib/python3.11/site-packages/airflow/example_dags/example_latest_only_with_trigger.py
[2024-05-24T15:19:30.654+0200] {logging_mixin.py:188} INFO - [2024-05-24T15:19:30.654+0200] {dag.py:3096} INFO - Sync 1 DAGs
[2024-05-24T15:19:30.684+0200] {logging_mixin.py:188} INFO - [2024-05-24T15:19:30.683+0200] {dag.py:3954} INFO - Setting next_dagrun for latest_only_with_trigger to 2024-05-24 08:00:00+00:00, run_after=2024-05-24 12:00:00+00:00
[2024-05-24T15:19:30.714+0200] {processor.py:183} INFO - Processing /home/munya/anaconda3/lib/python3.11/site-packages/airflow/example_dags/example_latest_only_with_trigger.py took 0.122 seconds
[2024-05-24T15:20:48.763+0200] {processor.py:161} INFO - Started process (PID=260544) to work on /home/munya/anaconda3/lib/python3.11/site-packages/airflow/example_dags/example_latest_only_with_trigger.py
[2024-05-24T15:20:48.771+0200] {processor.py:830} INFO - Processing file /home/munya/anaconda3/lib/python3.11/site-packages/airflow/example_dags/example_latest_only_with_trigger.py for tasks to queue
[2024-05-24T15:20:48.784+0200] {logging_mixin.py:188} INFO - [2024-05-24T15:20:48.782+0200] {dagbag.py:545} INFO - Filling up the DagBag from /home/munya/anaconda3/lib/python3.11/site-packages/airflow/example_dags/example_latest_only_with_trigger.py
[2024-05-24T15:20:48.818+0200] {processor.py:840} INFO - DAG(s) 'latest_only_with_trigger' retrieved from /home/munya/anaconda3/lib/python3.11/site-packages/airflow/example_dags/example_latest_only_with_trigger.py
[2024-05-24T15:20:48.859+0200] {logging_mixin.py:188} INFO - [2024-05-24T15:20:48.859+0200] {dag.py:3096} INFO - Sync 1 DAGs
[2024-05-24T15:20:48.893+0200] {logging_mixin.py:188} INFO - [2024-05-24T15:20:48.893+0200] {dag.py:3954} INFO - Setting next_dagrun for latest_only_with_trigger to 2024-05-24 08:00:00+00:00, run_after=2024-05-24 12:00:00+00:00
[2024-05-24T15:20:48.922+0200] {processor.py:183} INFO - Processing /home/munya/anaconda3/lib/python3.11/site-packages/airflow/example_dags/example_latest_only_with_trigger.py took 0.220 seconds
[2024-05-24T15:21:44.589+0200] {processor.py:161} INFO - Started process (PID=261432) to work on /home/munya/anaconda3/lib/python3.11/site-packages/airflow/example_dags/example_latest_only_with_trigger.py
[2024-05-24T15:21:44.595+0200] {processor.py:830} INFO - Processing file /home/munya/anaconda3/lib/python3.11/site-packages/airflow/example_dags/example_latest_only_with_trigger.py for tasks to queue
[2024-05-24T15:21:44.602+0200] {logging_mixin.py:188} INFO - [2024-05-24T15:21:44.599+0200] {dagbag.py:545} INFO - Filling up the DagBag from /home/munya/anaconda3/lib/python3.11/site-packages/airflow/example_dags/example_latest_only_with_trigger.py
[2024-05-24T15:21:44.632+0200] {processor.py:840} INFO - DAG(s) 'latest_only_with_trigger' retrieved from /home/munya/anaconda3/lib/python3.11/site-packages/airflow/example_dags/example_latest_only_with_trigger.py
[2024-05-24T15:21:44.662+0200] {logging_mixin.py:188} INFO - [2024-05-24T15:21:44.662+0200] {dag.py:3096} INFO - Sync 1 DAGs
[2024-05-24T15:21:44.688+0200] {logging_mixin.py:188} INFO - [2024-05-24T15:21:44.688+0200] {dag.py:3954} INFO - Setting next_dagrun for latest_only_with_trigger to 2024-05-24 08:00:00+00:00, run_after=2024-05-24 12:00:00+00:00
[2024-05-24T15:21:44.716+0200] {processor.py:183} INFO - Processing /home/munya/anaconda3/lib/python3.11/site-packages/airflow/example_dags/example_latest_only_with_trigger.py took 0.178 seconds
[2024-05-24T15:22:23.688+0200] {processor.py:161} INFO - Started process (PID=262069) to work on /home/munya/anaconda3/lib/python3.11/site-packages/airflow/example_dags/example_latest_only_with_trigger.py
[2024-05-24T15:22:23.689+0200] {processor.py:830} INFO - Processing file /home/munya/anaconda3/lib/python3.11/site-packages/airflow/example_dags/example_latest_only_with_trigger.py for tasks to queue
[2024-05-24T15:22:23.692+0200] {logging_mixin.py:188} INFO - [2024-05-24T15:22:23.692+0200] {dagbag.py:545} INFO - Filling up the DagBag from /home/munya/anaconda3/lib/python3.11/site-packages/airflow/example_dags/example_latest_only_with_trigger.py
[2024-05-24T15:22:23.702+0200] {processor.py:840} INFO - DAG(s) 'latest_only_with_trigger' retrieved from /home/munya/anaconda3/lib/python3.11/site-packages/airflow/example_dags/example_latest_only_with_trigger.py
[2024-05-24T15:22:23.729+0200] {logging_mixin.py:188} INFO - [2024-05-24T15:22:23.729+0200] {dag.py:3096} INFO - Sync 1 DAGs
[2024-05-24T15:22:23.761+0200] {logging_mixin.py:188} INFO - [2024-05-24T15:22:23.761+0200] {dag.py:3954} INFO - Setting next_dagrun for latest_only_with_trigger to 2024-05-24 08:00:00+00:00, run_after=2024-05-24 12:00:00+00:00
[2024-05-24T15:22:23.793+0200] {processor.py:183} INFO - Processing /home/munya/anaconda3/lib/python3.11/site-packages/airflow/example_dags/example_latest_only_with_trigger.py took 0.115 seconds
[2024-05-24T15:23:08.319+0200] {processor.py:161} INFO - Started process (PID=262766) to work on /home/munya/anaconda3/lib/python3.11/site-packages/airflow/example_dags/example_latest_only_with_trigger.py
[2024-05-24T15:23:08.322+0200] {processor.py:830} INFO - Processing file /home/munya/anaconda3/lib/python3.11/site-packages/airflow/example_dags/example_latest_only_with_trigger.py for tasks to queue
[2024-05-24T15:23:08.325+0200] {logging_mixin.py:188} INFO - [2024-05-24T15:23:08.323+0200] {dagbag.py:545} INFO - Filling up the DagBag from /home/munya/anaconda3/lib/python3.11/site-packages/airflow/example_dags/example_latest_only_with_trigger.py
[2024-05-24T15:23:08.348+0200] {processor.py:840} INFO - DAG(s) 'latest_only_with_trigger' retrieved from /home/munya/anaconda3/lib/python3.11/site-packages/airflow/example_dags/example_latest_only_with_trigger.py
[2024-05-24T15:23:08.409+0200] {logging_mixin.py:188} INFO - [2024-05-24T15:23:08.408+0200] {dag.py:3096} INFO - Sync 1 DAGs
[2024-05-24T15:23:08.467+0200] {logging_mixin.py:188} INFO - [2024-05-24T15:23:08.467+0200] {dag.py:3954} INFO - Setting next_dagrun for latest_only_with_trigger to 2024-05-24 08:00:00+00:00, run_after=2024-05-24 12:00:00+00:00
[2024-05-24T15:23:08.501+0200] {processor.py:183} INFO - Processing /home/munya/anaconda3/lib/python3.11/site-packages/airflow/example_dags/example_latest_only_with_trigger.py took 0.206 seconds
[2024-05-24T15:23:55.502+0200] {processor.py:161} INFO - Started process (PID=263502) to work on /home/munya/anaconda3/lib/python3.11/site-packages/airflow/example_dags/example_latest_only_with_trigger.py
[2024-05-24T15:23:55.507+0200] {processor.py:830} INFO - Processing file /home/munya/anaconda3/lib/python3.11/site-packages/airflow/example_dags/example_latest_only_with_trigger.py for tasks to queue
[2024-05-24T15:23:55.518+0200] {logging_mixin.py:188} INFO - [2024-05-24T15:23:55.515+0200] {dagbag.py:545} INFO - Filling up the DagBag from /home/munya/anaconda3/lib/python3.11/site-packages/airflow/example_dags/example_latest_only_with_trigger.py
[2024-05-24T15:23:55.552+0200] {processor.py:840} INFO - DAG(s) 'latest_only_with_trigger' retrieved from /home/munya/anaconda3/lib/python3.11/site-packages/airflow/example_dags/example_latest_only_with_trigger.py
[2024-05-24T15:23:55.636+0200] {logging_mixin.py:188} INFO - [2024-05-24T15:23:55.635+0200] {dag.py:3096} INFO - Sync 1 DAGs
[2024-05-24T15:23:55.680+0200] {logging_mixin.py:188} INFO - [2024-05-24T15:23:55.680+0200] {dag.py:3954} INFO - Setting next_dagrun for latest_only_with_trigger to 2024-05-24 08:00:00+00:00, run_after=2024-05-24 12:00:00+00:00
[2024-05-24T15:23:55.714+0200] {processor.py:183} INFO - Processing /home/munya/anaconda3/lib/python3.11/site-packages/airflow/example_dags/example_latest_only_with_trigger.py took 0.254 seconds
[2024-05-24T15:24:39.299+0200] {processor.py:161} INFO - Started process (PID=264205) to work on /home/munya/anaconda3/lib/python3.11/site-packages/airflow/example_dags/example_latest_only_with_trigger.py
[2024-05-24T15:24:39.303+0200] {processor.py:830} INFO - Processing file /home/munya/anaconda3/lib/python3.11/site-packages/airflow/example_dags/example_latest_only_with_trigger.py for tasks to queue
[2024-05-24T15:24:39.308+0200] {logging_mixin.py:188} INFO - [2024-05-24T15:24:39.306+0200] {dagbag.py:545} INFO - Filling up the DagBag from /home/munya/anaconda3/lib/python3.11/site-packages/airflow/example_dags/example_latest_only_with_trigger.py
[2024-05-24T15:24:39.339+0200] {processor.py:840} INFO - DAG(s) 'latest_only_with_trigger' retrieved from /home/munya/anaconda3/lib/python3.11/site-packages/airflow/example_dags/example_latest_only_with_trigger.py
[2024-05-24T15:24:39.435+0200] {logging_mixin.py:188} INFO - [2024-05-24T15:24:39.434+0200] {dag.py:3096} INFO - Sync 1 DAGs
[2024-05-24T15:24:39.484+0200] {logging_mixin.py:188} INFO - [2024-05-24T15:24:39.484+0200] {dag.py:3954} INFO - Setting next_dagrun for latest_only_with_trigger to 2024-05-24 08:00:00+00:00, run_after=2024-05-24 12:00:00+00:00
[2024-05-24T15:24:39.525+0200] {processor.py:183} INFO - Processing /home/munya/anaconda3/lib/python3.11/site-packages/airflow/example_dags/example_latest_only_with_trigger.py took 0.260 seconds
[2024-05-24T15:25:47.839+0200] {processor.py:161} INFO - Started process (PID=265311) to work on /home/munya/anaconda3/lib/python3.11/site-packages/airflow/example_dags/example_latest_only_with_trigger.py
[2024-05-24T15:25:47.844+0200] {processor.py:830} INFO - Processing file /home/munya/anaconda3/lib/python3.11/site-packages/airflow/example_dags/example_latest_only_with_trigger.py for tasks to queue
[2024-05-24T15:25:47.857+0200] {logging_mixin.py:188} INFO - [2024-05-24T15:25:47.854+0200] {dagbag.py:545} INFO - Filling up the DagBag from /home/munya/anaconda3/lib/python3.11/site-packages/airflow/example_dags/example_latest_only_with_trigger.py
[2024-05-24T15:25:47.894+0200] {processor.py:840} INFO - DAG(s) 'latest_only_with_trigger' retrieved from /home/munya/anaconda3/lib/python3.11/site-packages/airflow/example_dags/example_latest_only_with_trigger.py
[2024-05-24T15:25:47.949+0200] {logging_mixin.py:188} INFO - [2024-05-24T15:25:47.949+0200] {dag.py:3096} INFO - Sync 1 DAGs
[2024-05-24T15:25:47.981+0200] {logging_mixin.py:188} INFO - [2024-05-24T15:25:47.981+0200] {dag.py:3954} INFO - Setting next_dagrun for latest_only_with_trigger to 2024-05-24 08:00:00+00:00, run_after=2024-05-24 12:00:00+00:00
[2024-05-24T15:25:48.012+0200] {processor.py:183} INFO - Processing /home/munya/anaconda3/lib/python3.11/site-packages/airflow/example_dags/example_latest_only_with_trigger.py took 0.219 seconds
[2024-05-24T15:26:40.836+0200] {processor.py:161} INFO - Started process (PID=266122) to work on /home/munya/anaconda3/lib/python3.11/site-packages/airflow/example_dags/example_latest_only_with_trigger.py
[2024-05-24T15:26:40.841+0200] {processor.py:830} INFO - Processing file /home/munya/anaconda3/lib/python3.11/site-packages/airflow/example_dags/example_latest_only_with_trigger.py for tasks to queue
[2024-05-24T15:26:40.848+0200] {logging_mixin.py:188} INFO - [2024-05-24T15:26:40.845+0200] {dagbag.py:545} INFO - Filling up the DagBag from /home/munya/anaconda3/lib/python3.11/site-packages/airflow/example_dags/example_latest_only_with_trigger.py
[2024-05-24T15:26:40.894+0200] {processor.py:840} INFO - DAG(s) 'latest_only_with_trigger' retrieved from /home/munya/anaconda3/lib/python3.11/site-packages/airflow/example_dags/example_latest_only_with_trigger.py
[2024-05-24T15:26:40.935+0200] {logging_mixin.py:188} INFO - [2024-05-24T15:26:40.934+0200] {dag.py:3096} INFO - Sync 1 DAGs
[2024-05-24T15:26:40.971+0200] {logging_mixin.py:188} INFO - [2024-05-24T15:26:40.970+0200] {dag.py:3954} INFO - Setting next_dagrun for latest_only_with_trigger to 2024-05-24 08:00:00+00:00, run_after=2024-05-24 12:00:00+00:00
[2024-05-24T15:26:41.005+0200] {processor.py:183} INFO - Processing /home/munya/anaconda3/lib/python3.11/site-packages/airflow/example_dags/example_latest_only_with_trigger.py took 0.219 seconds
[2024-05-24T15:27:22.597+0200] {processor.py:161} INFO - Started process (PID=266803) to work on /home/munya/anaconda3/lib/python3.11/site-packages/airflow/example_dags/example_latest_only_with_trigger.py
[2024-05-24T15:27:22.602+0200] {processor.py:830} INFO - Processing file /home/munya/anaconda3/lib/python3.11/site-packages/airflow/example_dags/example_latest_only_with_trigger.py for tasks to queue
[2024-05-24T15:27:22.610+0200] {logging_mixin.py:188} INFO - [2024-05-24T15:27:22.608+0200] {dagbag.py:545} INFO - Filling up the DagBag from /home/munya/anaconda3/lib/python3.11/site-packages/airflow/example_dags/example_latest_only_with_trigger.py
[2024-05-24T15:27:22.645+0200] {processor.py:840} INFO - DAG(s) 'latest_only_with_trigger' retrieved from /home/munya/anaconda3/lib/python3.11/site-packages/airflow/example_dags/example_latest_only_with_trigger.py
[2024-05-24T15:27:22.702+0200] {logging_mixin.py:188} INFO - [2024-05-24T15:27:22.702+0200] {dag.py:3096} INFO - Sync 1 DAGs
[2024-05-24T15:27:22.740+0200] {logging_mixin.py:188} INFO - [2024-05-24T15:27:22.739+0200] {dag.py:3954} INFO - Setting next_dagrun for latest_only_with_trigger to 2024-05-24 08:00:00+00:00, run_after=2024-05-24 12:00:00+00:00
[2024-05-24T15:27:22.769+0200] {processor.py:183} INFO - Processing /home/munya/anaconda3/lib/python3.11/site-packages/airflow/example_dags/example_latest_only_with_trigger.py took 0.206 seconds
[2024-05-24T15:28:09.101+0200] {processor.py:161} INFO - Started process (PID=267519) to work on /home/munya/anaconda3/lib/python3.11/site-packages/airflow/example_dags/example_latest_only_with_trigger.py
[2024-05-24T15:28:09.104+0200] {processor.py:830} INFO - Processing file /home/munya/anaconda3/lib/python3.11/site-packages/airflow/example_dags/example_latest_only_with_trigger.py for tasks to queue
[2024-05-24T15:28:09.106+0200] {logging_mixin.py:188} INFO - [2024-05-24T15:28:09.105+0200] {dagbag.py:545} INFO - Filling up the DagBag from /home/munya/anaconda3/lib/python3.11/site-packages/airflow/example_dags/example_latest_only_with_trigger.py
[2024-05-24T15:28:09.121+0200] {processor.py:840} INFO - DAG(s) 'latest_only_with_trigger' retrieved from /home/munya/anaconda3/lib/python3.11/site-packages/airflow/example_dags/example_latest_only_with_trigger.py
[2024-05-24T15:28:09.157+0200] {logging_mixin.py:188} INFO - [2024-05-24T15:28:09.156+0200] {dag.py:3096} INFO - Sync 1 DAGs
[2024-05-24T15:28:09.191+0200] {logging_mixin.py:188} INFO - [2024-05-24T15:28:09.191+0200] {dag.py:3954} INFO - Setting next_dagrun for latest_only_with_trigger to 2024-05-24 08:00:00+00:00, run_after=2024-05-24 12:00:00+00:00
[2024-05-24T15:28:09.219+0200] {processor.py:183} INFO - Processing /home/munya/anaconda3/lib/python3.11/site-packages/airflow/example_dags/example_latest_only_with_trigger.py took 0.133 seconds
[2024-05-24T15:28:54.387+0200] {processor.py:161} INFO - Started process (PID=268219) to work on /home/munya/anaconda3/lib/python3.11/site-packages/airflow/example_dags/example_latest_only_with_trigger.py
[2024-05-24T15:28:54.388+0200] {processor.py:830} INFO - Processing file /home/munya/anaconda3/lib/python3.11/site-packages/airflow/example_dags/example_latest_only_with_trigger.py for tasks to queue
[2024-05-24T15:28:54.391+0200] {logging_mixin.py:188} INFO - [2024-05-24T15:28:54.390+0200] {dagbag.py:545} INFO - Filling up the DagBag from /home/munya/anaconda3/lib/python3.11/site-packages/airflow/example_dags/example_latest_only_with_trigger.py
[2024-05-24T15:28:54.401+0200] {processor.py:840} INFO - DAG(s) 'latest_only_with_trigger' retrieved from /home/munya/anaconda3/lib/python3.11/site-packages/airflow/example_dags/example_latest_only_with_trigger.py
[2024-05-24T15:28:54.429+0200] {logging_mixin.py:188} INFO - [2024-05-24T15:28:54.429+0200] {dag.py:3096} INFO - Sync 1 DAGs
[2024-05-24T15:28:54.474+0200] {logging_mixin.py:188} INFO - [2024-05-24T15:28:54.474+0200] {dag.py:3954} INFO - Setting next_dagrun for latest_only_with_trigger to 2024-05-24 08:00:00+00:00, run_after=2024-05-24 12:00:00+00:00
[2024-05-24T15:28:54.518+0200] {processor.py:183} INFO - Processing /home/munya/anaconda3/lib/python3.11/site-packages/airflow/example_dags/example_latest_only_with_trigger.py took 0.142 seconds
[2024-05-24T15:29:35.579+0200] {processor.py:161} INFO - Started process (PID=268861) to work on /home/munya/anaconda3/lib/python3.11/site-packages/airflow/example_dags/example_latest_only_with_trigger.py
[2024-05-24T15:29:35.584+0200] {processor.py:830} INFO - Processing file /home/munya/anaconda3/lib/python3.11/site-packages/airflow/example_dags/example_latest_only_with_trigger.py for tasks to queue
[2024-05-24T15:29:35.591+0200] {logging_mixin.py:188} INFO - [2024-05-24T15:29:35.588+0200] {dagbag.py:545} INFO - Filling up the DagBag from /home/munya/anaconda3/lib/python3.11/site-packages/airflow/example_dags/example_latest_only_with_trigger.py
[2024-05-24T15:29:35.631+0200] {processor.py:840} INFO - DAG(s) 'latest_only_with_trigger' retrieved from /home/munya/anaconda3/lib/python3.11/site-packages/airflow/example_dags/example_latest_only_with_trigger.py
[2024-05-24T15:29:35.742+0200] {logging_mixin.py:188} INFO - [2024-05-24T15:29:35.740+0200] {dag.py:3096} INFO - Sync 1 DAGs
[2024-05-24T15:29:35.848+0200] {logging_mixin.py:188} INFO - [2024-05-24T15:29:35.847+0200] {dag.py:3954} INFO - Setting next_dagrun for latest_only_with_trigger to 2024-05-24 08:00:00+00:00, run_after=2024-05-24 12:00:00+00:00
[2024-05-24T15:29:35.880+0200] {processor.py:183} INFO - Processing /home/munya/anaconda3/lib/python3.11/site-packages/airflow/example_dags/example_latest_only_with_trigger.py took 0.343 seconds
[2024-05-24T15:32:05.805+0200] {processor.py:161} INFO - Started process (PID=271121) to work on /home/munya/anaconda3/lib/python3.11/site-packages/airflow/example_dags/example_latest_only_with_trigger.py
[2024-05-24T15:32:05.808+0200] {processor.py:830} INFO - Processing file /home/munya/anaconda3/lib/python3.11/site-packages/airflow/example_dags/example_latest_only_with_trigger.py for tasks to queue
[2024-05-24T15:32:05.812+0200] {logging_mixin.py:188} INFO - [2024-05-24T15:32:05.811+0200] {dagbag.py:545} INFO - Filling up the DagBag from /home/munya/anaconda3/lib/python3.11/site-packages/airflow/example_dags/example_latest_only_with_trigger.py
[2024-05-24T15:32:05.835+0200] {processor.py:840} INFO - DAG(s) 'latest_only_with_trigger' retrieved from /home/munya/anaconda3/lib/python3.11/site-packages/airflow/example_dags/example_latest_only_with_trigger.py
[2024-05-24T15:32:05.900+0200] {logging_mixin.py:188} INFO - [2024-05-24T15:32:05.900+0200] {dag.py:3096} INFO - Sync 1 DAGs
[2024-05-24T15:32:05.954+0200] {logging_mixin.py:188} INFO - [2024-05-24T15:32:05.954+0200] {dag.py:3954} INFO - Setting next_dagrun for latest_only_with_trigger to 2024-05-24 08:00:00+00:00, run_after=2024-05-24 12:00:00+00:00
[2024-05-24T15:32:05.983+0200] {processor.py:183} INFO - Processing /home/munya/anaconda3/lib/python3.11/site-packages/airflow/example_dags/example_latest_only_with_trigger.py took 0.200 seconds
[2024-05-24T15:32:09.422+0200] {processor.py:161} INFO - Started process (PID=271187) to work on /home/munya/anaconda3/lib/python3.11/site-packages/airflow/example_dags/example_latest_only_with_trigger.py
[2024-05-24T15:32:09.424+0200] {processor.py:830} INFO - Processing file /home/munya/anaconda3/lib/python3.11/site-packages/airflow/example_dags/example_latest_only_with_trigger.py for tasks to queue
[2024-05-24T15:32:09.426+0200] {logging_mixin.py:188} INFO - [2024-05-24T15:32:09.425+0200] {dagbag.py:545} INFO - Filling up the DagBag from /home/munya/anaconda3/lib/python3.11/site-packages/airflow/example_dags/example_latest_only_with_trigger.py
[2024-05-24T15:32:09.439+0200] {processor.py:840} INFO - DAG(s) 'latest_only_with_trigger' retrieved from /home/munya/anaconda3/lib/python3.11/site-packages/airflow/example_dags/example_latest_only_with_trigger.py
[2024-05-24T15:32:09.471+0200] {logging_mixin.py:188} INFO - [2024-05-24T15:32:09.471+0200] {dag.py:3096} INFO - Sync 1 DAGs
[2024-05-24T15:32:09.503+0200] {logging_mixin.py:188} INFO - [2024-05-24T15:32:09.503+0200] {dag.py:3954} INFO - Setting next_dagrun for latest_only_with_trigger to 2024-05-24 08:00:00+00:00, run_after=2024-05-24 12:00:00+00:00
[2024-05-24T15:32:09.533+0200] {processor.py:183} INFO - Processing /home/munya/anaconda3/lib/python3.11/site-packages/airflow/example_dags/example_latest_only_with_trigger.py took 0.146 seconds
[2024-05-24T15:33:19.359+0200] {processor.py:161} INFO - Started process (PID=272245) to work on /home/munya/anaconda3/lib/python3.11/site-packages/airflow/example_dags/example_latest_only_with_trigger.py
[2024-05-24T15:33:19.360+0200] {processor.py:830} INFO - Processing file /home/munya/anaconda3/lib/python3.11/site-packages/airflow/example_dags/example_latest_only_with_trigger.py for tasks to queue
[2024-05-24T15:33:19.362+0200] {logging_mixin.py:188} INFO - [2024-05-24T15:33:19.361+0200] {dagbag.py:545} INFO - Filling up the DagBag from /home/munya/anaconda3/lib/python3.11/site-packages/airflow/example_dags/example_latest_only_with_trigger.py
[2024-05-24T15:33:19.373+0200] {processor.py:840} INFO - DAG(s) 'latest_only_with_trigger' retrieved from /home/munya/anaconda3/lib/python3.11/site-packages/airflow/example_dags/example_latest_only_with_trigger.py
[2024-05-24T15:33:19.399+0200] {logging_mixin.py:188} INFO - [2024-05-24T15:33:19.398+0200] {dag.py:3096} INFO - Sync 1 DAGs
[2024-05-24T15:33:19.424+0200] {logging_mixin.py:188} INFO - [2024-05-24T15:33:19.423+0200] {dag.py:3954} INFO - Setting next_dagrun for latest_only_with_trigger to 2024-05-24 08:00:00+00:00, run_after=2024-05-24 12:00:00+00:00
[2024-05-24T15:33:19.450+0200] {processor.py:183} INFO - Processing /home/munya/anaconda3/lib/python3.11/site-packages/airflow/example_dags/example_latest_only_with_trigger.py took 0.106 seconds
[2024-05-24T15:33:25.472+0200] {processor.py:161} INFO - Started process (PID=272336) to work on /home/munya/anaconda3/lib/python3.11/site-packages/airflow/example_dags/example_latest_only_with_trigger.py
[2024-05-24T15:33:25.475+0200] {processor.py:830} INFO - Processing file /home/munya/anaconda3/lib/python3.11/site-packages/airflow/example_dags/example_latest_only_with_trigger.py for tasks to queue
[2024-05-24T15:33:25.479+0200] {logging_mixin.py:188} INFO - [2024-05-24T15:33:25.478+0200] {dagbag.py:545} INFO - Filling up the DagBag from /home/munya/anaconda3/lib/python3.11/site-packages/airflow/example_dags/example_latest_only_with_trigger.py
[2024-05-24T15:33:25.491+0200] {processor.py:840} INFO - DAG(s) 'latest_only_with_trigger' retrieved from /home/munya/anaconda3/lib/python3.11/site-packages/airflow/example_dags/example_latest_only_with_trigger.py
[2024-05-24T15:33:25.521+0200] {logging_mixin.py:188} INFO - [2024-05-24T15:33:25.521+0200] {dag.py:3096} INFO - Sync 1 DAGs
[2024-05-24T15:33:25.546+0200] {logging_mixin.py:188} INFO - [2024-05-24T15:33:25.546+0200] {dag.py:3954} INFO - Setting next_dagrun for latest_only_with_trigger to 2024-05-24 08:00:00+00:00, run_after=2024-05-24 12:00:00+00:00
[2024-05-24T15:33:25.575+0200] {processor.py:183} INFO - Processing /home/munya/anaconda3/lib/python3.11/site-packages/airflow/example_dags/example_latest_only_with_trigger.py took 0.120 seconds
[2024-05-24T15:34:51.730+0200] {processor.py:161} INFO - Started process (PID=273838) to work on /home/munya/anaconda3/lib/python3.11/site-packages/airflow/example_dags/example_latest_only_with_trigger.py
[2024-05-24T15:34:51.748+0200] {processor.py:830} INFO - Processing file /home/munya/anaconda3/lib/python3.11/site-packages/airflow/example_dags/example_latest_only_with_trigger.py for tasks to queue
[2024-05-24T15:34:51.761+0200] {logging_mixin.py:188} INFO - [2024-05-24T15:34:51.753+0200] {dagbag.py:545} INFO - Filling up the DagBag from /home/munya/anaconda3/lib/python3.11/site-packages/airflow/example_dags/example_latest_only_with_trigger.py
[2024-05-24T15:34:51.803+0200] {processor.py:840} INFO - DAG(s) 'latest_only_with_trigger' retrieved from /home/munya/anaconda3/lib/python3.11/site-packages/airflow/example_dags/example_latest_only_with_trigger.py
[2024-05-24T15:34:51.858+0200] {logging_mixin.py:188} INFO - [2024-05-24T15:34:51.858+0200] {dag.py:3096} INFO - Sync 1 DAGs
[2024-05-24T15:34:51.910+0200] {logging_mixin.py:188} INFO - [2024-05-24T15:34:51.910+0200] {dag.py:3954} INFO - Setting next_dagrun for latest_only_with_trigger to 2024-05-24 08:00:00+00:00, run_after=2024-05-24 12:00:00+00:00
[2024-05-24T15:34:51.973+0200] {processor.py:183} INFO - Processing /home/munya/anaconda3/lib/python3.11/site-packages/airflow/example_dags/example_latest_only_with_trigger.py took 0.296 seconds
[2024-05-24T15:34:59.554+0200] {processor.py:161} INFO - Started process (PID=273942) to work on /home/munya/anaconda3/lib/python3.11/site-packages/airflow/example_dags/example_latest_only_with_trigger.py
[2024-05-24T15:34:59.559+0200] {processor.py:830} INFO - Processing file /home/munya/anaconda3/lib/python3.11/site-packages/airflow/example_dags/example_latest_only_with_trigger.py for tasks to queue
[2024-05-24T15:34:59.565+0200] {logging_mixin.py:188} INFO - [2024-05-24T15:34:59.562+0200] {dagbag.py:545} INFO - Filling up the DagBag from /home/munya/anaconda3/lib/python3.11/site-packages/airflow/example_dags/example_latest_only_with_trigger.py
[2024-05-24T15:34:59.603+0200] {processor.py:840} INFO - DAG(s) 'latest_only_with_trigger' retrieved from /home/munya/anaconda3/lib/python3.11/site-packages/airflow/example_dags/example_latest_only_with_trigger.py
[2024-05-24T15:34:59.709+0200] {logging_mixin.py:188} INFO - [2024-05-24T15:34:59.708+0200] {dag.py:3096} INFO - Sync 1 DAGs
[2024-05-24T15:34:59.760+0200] {logging_mixin.py:188} INFO - [2024-05-24T15:34:59.760+0200] {dag.py:3954} INFO - Setting next_dagrun for latest_only_with_trigger to 2024-05-24 08:00:00+00:00, run_after=2024-05-24 12:00:00+00:00
[2024-05-24T15:34:59.793+0200] {processor.py:183} INFO - Processing /home/munya/anaconda3/lib/python3.11/site-packages/airflow/example_dags/example_latest_only_with_trigger.py took 0.282 seconds
